prediction_id,biological_instance_id,fold
pred__bio__env-normanweissman2019-filtered-k562-rna-baseline__arid1a__mean-global__dataset-heldout-split__ensemble3,bio__env-normanweissman2019-filtered-k562-rna-baseline__arid1a,4
pred__bio__env-normanweissman2019-filtered-k562-rna-baseline__osr2__mean-global__dataset-heldout-split__ensemble3,bio__env-normanweissman2019-filtered-k562-rna-baseline__osr2,4
pred__bio__env-normanweissman2019-filtered-k562-rna-baseline__foxa3-foxl2__mean-global__dataset-heldout-split__ensemble3,bio__env-normanweissman2019-filtered-k562-rna-baseline__foxa3-foxl2,3
pred__bio__env-normanweissman2019-filtered-k562-rna-baseline__control__mean-global__dataset-heldout-split__ensemble3,bio__env-normanweissman2019-filtered-k562-rna-baseline__control,3
pred__bio__env-normanweissman2019-filtered-k562-rna-baseline__bcorl1__mean-global__dataset-heldout-split__ensemble3,bio__env-normanweissman2019-filtered-k562-rna-baseline__bcorl1,0
pred__bio__env-normanweissman2019-filtered-k562-rna-baseline__set__mean-global__dataset-heldout-split__ensemble3,bio__env-normanweissman2019-filtered-k562-rna-baseline__set,2
pred__bio__env-normanweissman2019-filtered-k562-rna-baseline__slc4a1__mean-global__dataset-heldout-split__ensemble3,bio__env-normanweissman2019-filtered-k562-rna-baseline__slc4a1,4
pred__bio__env-normanweissman2019-filtered-k562-rna-baseline__runx1t1__mean-global__dataset-heldout-split__ensemble3,bio__env-normanweissman2019-filtered-k562-rna-baseline__runx1t1,3
pred__bio__env-normanweissman2019-filtered-k562-rna-baseline__cdkn1c-cdkn1a__mean-global__dataset-heldout-split__ensemble3,bio__env-normanweissman2019-filtered-k562-rna-baseline__cdkn1c-cdkn1a,0
pred__bio__env-normanweissman2019-filtered-k562-rna-baseline__tgfbr2__mean-global__dataset-heldout-split__ensemble3,bio__env-normanweissman2019-filtered-k562-rna-baseline__tgfbr2,2
pred__bio__env-normanweissman2019-filtered-k562-rna-baseline__cdkn1a__mean-global__dataset-heldout-split__ensemble3,bio__env-normanweissman2019-filtered-k562-rna-baseline__cdkn1a,2
pred__bio__env-normanweissman2019-filtered-k562-rna-baseline__zc3hav1-cebpe__mean-global__dataset-heldout-split__ensemble3,bio__env-normanweissman2019-filtered-k562-rna-baseline__zc3hav1-cebpe,3
pred__bio__env-normanweissman2019-filtered-k562-rna-baseline__irf1-set__mean-global__dataset-heldout-split__ensemble3,bio__env-normanweissman2019-filtered-k562-rna-baseline__irf1-set,1
pred__bio__env-normanweissman2019-filtered-k562-rna-baseline__igdcc3-prtg__mean-global__dataset-heldout-split__ensemble3,bio__env-normanweissman2019-filtered-k562-rna-baseline__igdcc3-prtg,1
pred__bio__env-normanweissman2019-filtered-k562-rna-baseline__bcl2l11-bak1__mean-global__dataset-heldout-split__ensemble3,bio__env-normanweissman2019-filtered-k562-rna-baseline__bcl2l11-bak1,2
pred__bio__env-normanweissman2019-filtered-k562-rna-baseline__tbx3__mean-global__dataset-heldout-split__ensemble3,bio__env-normanweissman2019-filtered-k562-rna-baseline__tbx3,4
pred__bio__env-normanweissman2019-filtered-k562-rna-baseline__bpgm-zbtb1__mean-global__dataset-heldout-split__ensemble3,bio__env-normanweissman2019-filtered-k562-rna-baseline__bpgm-zbtb1,2
pred__bio__env-normanweissman2019-filtered-k562-rna-baseline__cdkn1b__mean-global__dataset-heldout-split__ensemble3,bio__env-normanweissman2019-filtered-k562-rna-baseline__cdkn1b,3
pred__bio__env-normanweissman2019-filtered-k562-rna-baseline__cited1__mean-global__dataset-heldout-split__ensemble3,bio__env-normanweissman2019-filtered-k562-rna-baseline__cited1,2
pred__bio__env-normanweissman2019-filtered-k562-rna-baseline__map2k6-elmsan1__mean-global__dataset-heldout-split__ensemble3,bio__env-normanweissman2019-filtered-k562-rna-baseline__map2k6-elmsan1,1
pred__bio__env-normanweissman2019-filtered-k562-rna-baseline__ubash3b-osr2__mean-global__dataset-heldout-split__ensemble3,bio__env-normanweissman2019-filtered-k562-rna-baseline__ubash3b-osr2,4
pred__bio__env-normanweissman2019-filtered-k562-rna-baseline__bak1__mean-global__dataset-heldout-split__ensemble3,bio__env-normanweissman2019-filtered-k562-rna-baseline__bak1,4
pred__bio__env-normanweissman2019-filtered-k562-rna-baseline__cdkn1c__mean-global__dataset-heldout-split__ensemble3,bio__env-normanweissman2019-filtered-k562-rna-baseline__cdkn1c,1
pred__bio__env-normanweissman2019-filtered-k562-rna-baseline__tmsb4x__mean-global__dataset-heldout-split__ensemble3,bio__env-normanweissman2019-filtered-k562-rna-baseline__tmsb4x,1
pred__bio__env-normanweissman2019-filtered-k562-rna-baseline__foxa3-foxa1__mean-global__dataset-heldout-split__ensemble3,bio__env-normanweissman2019-filtered-k562-rna-baseline__foxa3-foxa1,0
pred__bio__env-normanweissman2019-filtered-k562-rna-baseline__ptpn12-ptpn9__mean-global__dataset-heldout-split__ensemble3,bio__env-normanweissman2019-filtered-k562-rna-baseline__ptpn12-ptpn9,4
pred__bio__env-normanweissman2019-filtered-k562-rna-baseline__igdcc3-mapk1__mean-global__dataset-heldout-split__ensemble3,bio__env-normanweissman2019-filtered-k562-rna-baseline__igdcc3-mapk1,2
pred__bio__env-normanweissman2019-filtered-k562-rna-baseline__tbx3-tbx2__mean-global__dataset-heldout-split__ensemble3,bio__env-normanweissman2019-filtered-k562-rna-baseline__tbx3-tbx2,3
pred__bio__env-normanweissman2019-filtered-k562-rna-baseline__plk4__mean-global__dataset-heldout-split__ensemble3,bio__env-normanweissman2019-filtered-k562-rna-baseline__plk4,3
pred__bio__env-normanweissman2019-filtered-k562-rna-baseline__slc6a9__mean-global__dataset-heldout-split__ensemble3,bio__env-normanweissman2019-filtered-k562-rna-baseline__slc6a9,3
pred__bio__env-normanweissman2019-filtered-k562-rna-baseline__cnnm4__mean-global__dataset-heldout-split__ensemble3,bio__env-normanweissman2019-filtered-k562-rna-baseline__cnnm4,1
pred__bio__env-normanweissman2019-filtered-k562-rna-baseline__klf1__mean-global__dataset-heldout-split__ensemble3,bio__env-normanweissman2019-filtered-k562-rna-baseline__klf1,0
pred__bio__env-normanweissman2019-filtered-k562-rna-baseline__egr1__mean-global__dataset-heldout-split__ensemble3,bio__env-normanweissman2019-filtered-k562-rna-baseline__egr1,3
pred__bio__env-normanweissman2019-filtered-k562-rna-baseline__meis1__mean-global__dataset-heldout-split__ensemble3,bio__env-normanweissman2019-filtered-k562-rna-baseline__meis1,2
pred__bio__env-normanweissman2019-filtered-k562-rna-baseline__tbx2__mean-global__dataset-heldout-split__ensemble3,bio__env-normanweissman2019-filtered-k562-rna-baseline__tbx2,3
pred__bio__env-normanweissman2019-filtered-k562-rna-baseline__cdkn1b-cdkn1a__mean-global__dataset-heldout-split__ensemble3,bio__env-normanweissman2019-filtered-k562-rna-baseline__cdkn1b-cdkn1a,2
pred__bio__env-normanweissman2019-filtered-k562-rna-baseline__ets2-prtg__mean-global__dataset-heldout-split__ensemble3,bio__env-normanweissman2019-filtered-k562-rna-baseline__ets2-prtg,2
pred__bio__env-normanweissman2019-filtered-k562-rna-baseline__cbl-ptpn9__mean-global__dataset-heldout-split__ensemble3,bio__env-normanweissman2019-filtered-k562-rna-baseline__cbl-ptpn9,1
pred__bio__env-normanweissman2019-filtered-k562-rna-baseline__map2k3-elmsan1__mean-global__dataset-heldout-split__ensemble3,bio__env-normanweissman2019-filtered-k562-rna-baseline__map2k3-elmsan1,1
pred__bio__env-normanweissman2019-filtered-k562-rna-baseline__cldn6__mean-global__dataset-heldout-split__ensemble3,bio__env-normanweissman2019-filtered-k562-rna-baseline__cldn6,0
pred__bio__env-normanweissman2019-filtered-k562-rna-baseline__ubash3b__mean-global__dataset-heldout-split__ensemble3,bio__env-normanweissman2019-filtered-k562-rna-baseline__ubash3b,1
pred__bio__env-normanweissman2019-filtered-k562-rna-baseline__arrdc3__mean-global__dataset-heldout-split__ensemble3,bio__env-normanweissman2019-filtered-k562-rna-baseline__arrdc3,2
pred__bio__env-normanweissman2019-filtered-k562-rna-baseline__elmsan1__mean-global__dataset-heldout-split__ensemble3,bio__env-normanweissman2019-filtered-k562-rna-baseline__elmsan1,2
pred__bio__env-normanweissman2019-filtered-k562-rna-baseline__ptpn12-ubash3a__mean-global__dataset-heldout-split__ensemble3,bio__env-normanweissman2019-filtered-k562-rna-baseline__ptpn12-ubash3a,2
pred__bio__env-normanweissman2019-filtered-k562-rna-baseline__col2a1__mean-global__dataset-heldout-split__ensemble3,bio__env-normanweissman2019-filtered-k562-rna-baseline__col2a1,4
pred__bio__env-normanweissman2019-filtered-k562-rna-baseline__mapk1-prtg__mean-global__dataset-heldout-split__ensemble3,bio__env-normanweissman2019-filtered-k562-rna-baseline__mapk1-prtg,4
pred__bio__env-normanweissman2019-filtered-k562-rna-baseline__klf1-map2k6__mean-global__dataset-heldout-split__ensemble3,bio__env-normanweissman2019-filtered-k562-rna-baseline__klf1-map2k6,3
pred__bio__env-normanweissman2019-filtered-k562-rna-baseline__set-klf1__mean-global__dataset-heldout-split__ensemble3,bio__env-normanweissman2019-filtered-k562-rna-baseline__set-klf1,0
pred__bio__env-normanweissman2019-filtered-k562-rna-baseline__ets2-igdcc3__mean-global__dataset-heldout-split__ensemble3,bio__env-normanweissman2019-filtered-k562-rna-baseline__ets2-igdcc3,1
pred__bio__env-normanweissman2019-filtered-k562-rna-baseline__zbtb25__mean-global__dataset-heldout-split__ensemble3,bio__env-normanweissman2019-filtered-k562-rna-baseline__zbtb25,0
pred__bio__env-normanweissman2019-filtered-k562-rna-baseline__csrnp1__mean-global__dataset-heldout-split__ensemble3,bio__env-normanweissman2019-filtered-k562-rna-baseline__csrnp1,2
pred__bio__env-normanweissman2019-filtered-k562-rna-baseline__snai1__mean-global__dataset-heldout-split__ensemble3,bio__env-normanweissman2019-filtered-k562-rna-baseline__snai1,2
pred__bio__env-normanweissman2019-filtered-k562-rna-baseline__ubash3b-ubash3a__mean-global__dataset-heldout-split__ensemble3,bio__env-normanweissman2019-filtered-k562-rna-baseline__ubash3b-ubash3a,1
pred__bio__env-normanweissman2019-filtered-k562-rna-baseline__nit1__mean-global__dataset-heldout-split__ensemble3,bio__env-normanweissman2019-filtered-k562-rna-baseline__nit1,0
pred__bio__env-normanweissman2019-filtered-k562-rna-baseline__spi1__mean-global__dataset-heldout-split__ensemble3,bio__env-normanweissman2019-filtered-k562-rna-baseline__spi1,0
pred__bio__env-normanweissman2019-filtered-k562-rna-baseline__cbl-ptpn12__mean-global__dataset-heldout-split__ensemble3,bio__env-normanweissman2019-filtered-k562-rna-baseline__cbl-ptpn12,2
pred__bio__env-normanweissman2019-filtered-k562-rna-baseline__foxa3__mean-global__dataset-heldout-split__ensemble3,bio__env-normanweissman2019-filtered-k562-rna-baseline__foxa3,1
pred__bio__env-normanweissman2019-filtered-k562-rna-baseline__ubash3b-zbtb25__mean-global__dataset-heldout-split__ensemble3,bio__env-normanweissman2019-filtered-k562-rna-baseline__ubash3b-zbtb25,0
pred__bio__env-normanweissman2019-filtered-k562-rna-baseline__ubash3b-ptpn12__mean-global__dataset-heldout-split__ensemble3,bio__env-normanweissman2019-filtered-k562-rna-baseline__ubash3b-ptpn12,3
pred__bio__env-normanweissman2019-filtered-k562-rna-baseline__foxl2__mean-global__dataset-heldout-split__ensemble3,bio__env-normanweissman2019-filtered-k562-rna-baseline__foxl2,4
pred__bio__env-normanweissman2019-filtered-k562-rna-baseline__ubash3a__mean-global__dataset-heldout-split__ensemble3,bio__env-normanweissman2019-filtered-k562-rna-baseline__ubash3a,2
pred__bio__env-normanweissman2019-filtered-k562-rna-baseline__ptpn1__mean-global__dataset-heldout-split__ensemble3,bio__env-normanweissman2019-filtered-k562-rna-baseline__ptpn1,2
pred__bio__env-normanweissman2019-filtered-k562-rna-baseline__ptpn12-zbtb25__mean-global__dataset-heldout-split__ensemble3,bio__env-normanweissman2019-filtered-k562-rna-baseline__ptpn12-zbtb25,1
pred__bio__env-normanweissman2019-filtered-k562-rna-baseline__map7d1__mean-global__dataset-heldout-split__ensemble3,bio__env-normanweissman2019-filtered-k562-rna-baseline__map7d1,2
pred__bio__env-normanweissman2019-filtered-k562-rna-baseline__map2k3__mean-global__dataset-heldout-split__ensemble3,bio__env-normanweissman2019-filtered-k562-rna-baseline__map2k3,2
pred__bio__env-normanweissman2019-filtered-k562-rna-baseline__klf1-bak1__mean-global__dataset-heldout-split__ensemble3,bio__env-normanweissman2019-filtered-k562-rna-baseline__klf1-bak1,4
pred__bio__env-normanweissman2019-filtered-k562-rna-baseline__igdcc3-zbtb25__mean-global__dataset-heldout-split__ensemble3,bio__env-normanweissman2019-filtered-k562-rna-baseline__igdcc3-zbtb25,1
pred__bio__env-normanweissman2019-filtered-k562-rna-baseline__cebpe-cnn1__mean-global__dataset-heldout-split__ensemble3,bio__env-normanweissman2019-filtered-k562-rna-baseline__cebpe-cnn1,4
pred__bio__env-normanweissman2019-filtered-k562-rna-baseline__mapk1-tgfbr2__mean-global__dataset-heldout-split__ensemble3,bio__env-normanweissman2019-filtered-k562-rna-baseline__mapk1-tgfbr2,3
pred__bio__env-normanweissman2019-filtered-k562-rna-baseline__irf1__mean-global__dataset-heldout-split__ensemble3,bio__env-normanweissman2019-filtered-k562-rna-baseline__irf1,2
pred__bio__env-normanweissman2019-filtered-k562-rna-baseline__mapk1-ikzf3__mean-global__dataset-heldout-split__ensemble3,bio__env-normanweissman2019-filtered-k562-rna-baseline__mapk1-ikzf3,0
pred__bio__env-normanweissman2019-filtered-k562-rna-baseline__ikzf3__mean-global__dataset-heldout-split__ensemble3,bio__env-normanweissman2019-filtered-k562-rna-baseline__ikzf3,0
pred__bio__env-normanweissman2019-filtered-k562-rna-baseline__cnn1-mapk1__mean-global__dataset-heldout-split__ensemble3,bio__env-normanweissman2019-filtered-k562-rna-baseline__cnn1-mapk1,3
pred__bio__env-normanweissman2019-filtered-k562-rna-baseline__ptpn12__mean-global__dataset-heldout-split__ensemble3,bio__env-normanweissman2019-filtered-k562-rna-baseline__ptpn12,1
pred__bio__env-normanweissman2019-filtered-k562-rna-baseline__prtg__mean-global__dataset-heldout-split__ensemble3,bio__env-normanweissman2019-filtered-k562-rna-baseline__prtg,3
pred__bio__env-normanweissman2019-filtered-k562-rna-baseline__fosb__mean-global__dataset-heldout-split__ensemble3,bio__env-normanweissman2019-filtered-k562-rna-baseline__fosb,2
pred__bio__env-normanweissman2019-filtered-k562-rna-baseline__tgfbr2-c19orf26__mean-global__dataset-heldout-split__ensemble3,bio__env-normanweissman2019-filtered-k562-rna-baseline__tgfbr2-c19orf26,0
pred__bio__env-normanweissman2019-filtered-k562-rna-baseline__igdcc3__mean-global__dataset-heldout-split__ensemble3,bio__env-normanweissman2019-filtered-k562-rna-baseline__igdcc3,3
pred__bio__env-normanweissman2019-filtered-k562-rna-baseline__col1a1__mean-global__dataset-heldout-split__ensemble3,bio__env-normanweissman2019-filtered-k562-rna-baseline__col1a1,0
pred__bio__env-normanweissman2019-filtered-k562-rna-baseline__kmt2a__mean-global__dataset-heldout-split__ensemble3,bio__env-normanweissman2019-filtered-k562-rna-baseline__kmt2a,1
pred__bio__env-normanweissman2019-filtered-k562-rna-baseline__bpgm__mean-global__dataset-heldout-split__ensemble3,bio__env-normanweissman2019-filtered-k562-rna-baseline__bpgm,4
pred__bio__env-normanweissman2019-filtered-k562-rna-baseline__map2k3-ikzf3__mean-global__dataset-heldout-split__ensemble3,bio__env-normanweissman2019-filtered-k562-rna-baseline__map2k3-ikzf3,0
pred__bio__env-normanweissman2019-filtered-k562-rna-baseline__hk2__mean-global__dataset-heldout-split__ensemble3,bio__env-normanweissman2019-filtered-k562-rna-baseline__hk2,0
pred__bio__env-normanweissman2019-filtered-k562-rna-baseline__klf1-col2a1__mean-global__dataset-heldout-split__ensemble3,bio__env-normanweissman2019-filtered-k562-rna-baseline__klf1-col2a1,0
pred__bio__env-normanweissman2019-filtered-k562-rna-baseline__sgk1-tbx2__mean-global__dataset-heldout-split__ensemble3,bio__env-normanweissman2019-filtered-k562-rna-baseline__sgk1-tbx2,2
pred__bio__env-normanweissman2019-filtered-k562-rna-baseline__bcl2l11-tgfbr2__mean-global__dataset-heldout-split__ensemble3,bio__env-normanweissman2019-filtered-k562-rna-baseline__bcl2l11-tgfbr2,0
pred__bio__env-normanweissman2019-filtered-k562-rna-baseline__map2k6__mean-global__dataset-heldout-split__ensemble3,bio__env-normanweissman2019-filtered-k562-rna-baseline__map2k6,2
pred__bio__env-normanweissman2019-filtered-k562-rna-baseline__ets2-cnn1__mean-global__dataset-heldout-split__ensemble3,bio__env-normanweissman2019-filtered-k562-rna-baseline__ets2-cnn1,2
pred__bio__env-normanweissman2019-filtered-k562-rna-baseline__cebpe-klf1__mean-global__dataset-heldout-split__ensemble3,bio__env-normanweissman2019-filtered-k562-rna-baseline__cebpe-klf1,3
pred__bio__env-normanweissman2019-filtered-k562-rna-baseline__plk4-stil__mean-global__dataset-heldout-split__ensemble3,bio__env-normanweissman2019-filtered-k562-rna-baseline__plk4-stil,0
pred__bio__env-normanweissman2019-filtered-k562-rna-baseline__set-cebpe__mean-global__dataset-heldout-split__ensemble3,bio__env-normanweissman2019-filtered-k562-rna-baseline__set-cebpe,1
pred__bio__env-normanweissman2019-filtered-k562-rna-baseline__kiaa1804__mean-global__dataset-heldout-split__ensemble3,bio__env-normanweissman2019-filtered-k562-rna-baseline__kiaa1804,3
pred__bio__env-normanweissman2019-filtered-k562-rna-baseline__klf1-tgfbr2__mean-global__dataset-heldout-split__ensemble3,bio__env-normanweissman2019-filtered-k562-rna-baseline__klf1-tgfbr2,2
pred__bio__env-normanweissman2019-filtered-k562-rna-baseline__ets2-ikzf3__mean-global__dataset-heldout-split__ensemble3,bio__env-normanweissman2019-filtered-k562-rna-baseline__ets2-ikzf3,0
pred__bio__env-normanweissman2019-filtered-k562-rna-baseline__sgk1__mean-global__dataset-heldout-split__ensemble3,bio__env-normanweissman2019-filtered-k562-rna-baseline__sgk1,4
pred__bio__env-normanweissman2019-filtered-k562-rna-baseline__dlx2__mean-global__dataset-heldout-split__ensemble3,bio__env-normanweissman2019-filtered-k562-rna-baseline__dlx2,1
pred__bio__env-normanweissman2019-filtered-k562-rna-baseline__bcl2l11__mean-global__dataset-heldout-split__ensemble3,bio__env-normanweissman2019-filtered-k562-rna-baseline__bcl2l11,3
pred__bio__env-normanweissman2019-filtered-k562-rna-baseline__cks1b__mean-global__dataset-heldout-split__ensemble3,bio__env-normanweissman2019-filtered-k562-rna-baseline__cks1b,1
pred__bio__env-normanweissman2019-filtered-k562-rna-baseline__cebpe__mean-global__dataset-heldout-split__ensemble3,bio__env-normanweissman2019-filtered-k562-rna-baseline__cebpe,2
pred__bio__env-normanweissman2019-filtered-k562-rna-baseline__lyl1-cebpb__mean-global__dataset-heldout-split__ensemble3,bio__env-normanweissman2019-filtered-k562-rna-baseline__lyl1-cebpb,2
pred__bio__env-normanweissman2019-filtered-k562-rna-baseline__samd1__mean-global__dataset-heldout-split__ensemble3,bio__env-normanweissman2019-filtered-k562-rna-baseline__samd1,1
pred__bio__env-normanweissman2019-filtered-k562-rna-baseline__maml2__mean-global__dataset-heldout-split__ensemble3,bio__env-normanweissman2019-filtered-k562-rna-baseline__maml2,3
pred__bio__env-normanweissman2019-filtered-k562-rna-baseline__ets2__mean-global__dataset-heldout-split__ensemble3,bio__env-normanweissman2019-filtered-k562-rna-baseline__ets2,1
pred__bio__env-normanweissman2019-filtered-k562-rna-baseline__map2k6-ikzf3__mean-global__dataset-heldout-split__ensemble3,bio__env-normanweissman2019-filtered-k562-rna-baseline__map2k6-ikzf3,0
pred__bio__env-normanweissman2019-filtered-k562-rna-baseline__tgfbr2-igdcc3__mean-global__dataset-heldout-split__ensemble3,bio__env-normanweissman2019-filtered-k562-rna-baseline__tgfbr2-igdcc3,3
pred__bio__env-normanweissman2019-filtered-k562-rna-baseline__zc3hav1__mean-global__dataset-heldout-split__ensemble3,bio__env-normanweissman2019-filtered-k562-rna-baseline__zc3hav1,4
pred__bio__env-normanweissman2019-filtered-k562-rna-baseline__ptpn12-osr2__mean-global__dataset-heldout-split__ensemble3,bio__env-normanweissman2019-filtered-k562-rna-baseline__ptpn12-osr2,0
pred__bio__env-normanweissman2019-filtered-k562-rna-baseline__ncl__mean-global__dataset-heldout-split__ensemble3,bio__env-normanweissman2019-filtered-k562-rna-baseline__ncl,1
pred__bio__env-normanweissman2019-filtered-k562-rna-baseline__ptpn13__mean-global__dataset-heldout-split__ensemble3,bio__env-normanweissman2019-filtered-k562-rna-baseline__ptpn13,0
pred__bio__env-normanweissman2019-filtered-k562-rna-baseline__cebpb-mapk1__mean-global__dataset-heldout-split__ensemble3,bio__env-normanweissman2019-filtered-k562-rna-baseline__cebpb-mapk1,1
pred__bio__env-normanweissman2019-filtered-k562-rna-baseline__zbtb1__mean-global__dataset-heldout-split__ensemble3,bio__env-normanweissman2019-filtered-k562-rna-baseline__zbtb1,4
pred__bio__env-normanweissman2019-filtered-k562-rna-baseline__map2k3-map2k6__mean-global__dataset-heldout-split__ensemble3,bio__env-normanweissman2019-filtered-k562-rna-baseline__map2k3-map2k6,4
pred__bio__env-normanweissman2019-filtered-k562-rna-baseline__samd1-ubash3b__mean-global__dataset-heldout-split__ensemble3,bio__env-normanweissman2019-filtered-k562-rna-baseline__samd1-ubash3b,4
pred__bio__env-normanweissman2019-filtered-k562-rna-baseline__fosb-ptpn12__mean-global__dataset-heldout-split__ensemble3,bio__env-normanweissman2019-filtered-k562-rna-baseline__fosb-ptpn12,3
pred__bio__env-normanweissman2019-filtered-k562-rna-baseline__map2k6-spi1__mean-global__dataset-heldout-split__ensemble3,bio__env-normanweissman2019-filtered-k562-rna-baseline__map2k6-spi1,4
pred__bio__env-normanweissman2019-filtered-k562-rna-baseline__ets2-map7d1__mean-global__dataset-heldout-split__ensemble3,bio__env-normanweissman2019-filtered-k562-rna-baseline__ets2-map7d1,4
pred__bio__env-normanweissman2019-filtered-k562-rna-baseline__sgk1-tbx3__mean-global__dataset-heldout-split__ensemble3,bio__env-normanweissman2019-filtered-k562-rna-baseline__sgk1-tbx3,1
pred__bio__env-normanweissman2019-filtered-k562-rna-baseline__foxf1__mean-global__dataset-heldout-split__ensemble3,bio__env-normanweissman2019-filtered-k562-rna-baseline__foxf1,1
pred__bio__env-normanweissman2019-filtered-k562-rna-baseline__hoxb9__mean-global__dataset-heldout-split__ensemble3,bio__env-normanweissman2019-filtered-k562-rna-baseline__hoxb9,1
pred__bio__env-normanweissman2019-filtered-k562-rna-baseline__pou3f2__mean-global__dataset-heldout-split__ensemble3,bio__env-normanweissman2019-filtered-k562-rna-baseline__pou3f2,2
pred__bio__env-normanweissman2019-filtered-k562-rna-baseline__glb1l2__mean-global__dataset-heldout-split__ensemble3,bio__env-normanweissman2019-filtered-k562-rna-baseline__glb1l2,1
pred__bio__env-normanweissman2019-filtered-k562-rna-baseline__c3orf72__mean-global__dataset-heldout-split__ensemble3,bio__env-normanweissman2019-filtered-k562-rna-baseline__c3orf72,0
pred__bio__env-normanweissman2019-filtered-k562-rna-baseline__dusp9-igdcc3__mean-global__dataset-heldout-split__ensemble3,bio__env-normanweissman2019-filtered-k562-rna-baseline__dusp9-igdcc3,4
pred__bio__env-normanweissman2019-filtered-k562-rna-baseline__foxa3-foxf1__mean-global__dataset-heldout-split__ensemble3,bio__env-normanweissman2019-filtered-k562-rna-baseline__foxa3-foxf1,4
pred__bio__env-normanweissman2019-filtered-k562-rna-baseline__cbl-tgfbr2__mean-global__dataset-heldout-split__ensemble3,bio__env-normanweissman2019-filtered-k562-rna-baseline__cbl-tgfbr2,3
pred__bio__env-normanweissman2019-filtered-k562-rna-baseline__cebpe-runx1t1__mean-global__dataset-heldout-split__ensemble3,bio__env-normanweissman2019-filtered-k562-rna-baseline__cebpe-runx1t1,3
pred__bio__env-normanweissman2019-filtered-k562-rna-baseline__snai1-ubash3b__mean-global__dataset-heldout-split__ensemble3,bio__env-normanweissman2019-filtered-k562-rna-baseline__snai1-ubash3b,1
pred__bio__env-normanweissman2019-filtered-k562-rna-baseline__map4k3__mean-global__dataset-heldout-split__ensemble3,bio__env-normanweissman2019-filtered-k562-rna-baseline__map4k3,3
pred__bio__env-normanweissman2019-filtered-k562-rna-baseline__rhoxf2-zbtb25__mean-global__dataset-heldout-split__ensemble3,bio__env-normanweissman2019-filtered-k562-rna-baseline__rhoxf2-zbtb25,0
pred__bio__env-normanweissman2019-filtered-k562-rna-baseline__samd1-ptpn12__mean-global__dataset-heldout-split__ensemble3,bio__env-normanweissman2019-filtered-k562-rna-baseline__samd1-ptpn12,0
pred__bio__env-normanweissman2019-filtered-k562-rna-baseline__cebpe-ptpn12__mean-global__dataset-heldout-split__ensemble3,bio__env-normanweissman2019-filtered-k562-rna-baseline__cebpe-ptpn12,2
pred__bio__env-normanweissman2019-filtered-k562-rna-baseline__celf2__mean-global__dataset-heldout-split__ensemble3,bio__env-normanweissman2019-filtered-k562-rna-baseline__celf2,3
pred__bio__env-normanweissman2019-filtered-k562-rna-baseline__klf1-foxa1__mean-global__dataset-heldout-split__ensemble3,bio__env-normanweissman2019-filtered-k562-rna-baseline__klf1-foxa1,4
pred__bio__env-normanweissman2019-filtered-k562-rna-baseline__ubash3b-cnn1__mean-global__dataset-heldout-split__ensemble3,bio__env-normanweissman2019-filtered-k562-rna-baseline__ubash3b-cnn1,0
pred__bio__env-normanweissman2019-filtered-k562-rna-baseline__atl1__mean-global__dataset-heldout-split__ensemble3,bio__env-normanweissman2019-filtered-k562-rna-baseline__atl1,1
pred__bio__env-normanweissman2019-filtered-k562-rna-baseline__kif18b__mean-global__dataset-heldout-split__ensemble3,bio__env-normanweissman2019-filtered-k562-rna-baseline__kif18b,2
pred__bio__env-normanweissman2019-filtered-k562-rna-baseline__midn__mean-global__dataset-heldout-split__ensemble3,bio__env-normanweissman2019-filtered-k562-rna-baseline__midn,1
pred__bio__env-normanweissman2019-filtered-k562-rna-baseline__cbl-ubash3b__mean-global__dataset-heldout-split__ensemble3,bio__env-normanweissman2019-filtered-k562-rna-baseline__cbl-ubash3b,0
pred__bio__env-normanweissman2019-filtered-k562-rna-baseline__foxa1__mean-global__dataset-heldout-split__ensemble3,bio__env-normanweissman2019-filtered-k562-rna-baseline__foxa1,1
pred__bio__env-normanweissman2019-filtered-k562-rna-baseline__fev-map7d1__mean-global__dataset-heldout-split__ensemble3,bio__env-normanweissman2019-filtered-k562-rna-baseline__fev-map7d1,3
pred__bio__env-normanweissman2019-filtered-k562-rna-baseline__cnn1__mean-global__dataset-heldout-split__ensemble3,bio__env-normanweissman2019-filtered-k562-rna-baseline__cnn1,4
pred__bio__env-normanweissman2019-filtered-k562-rna-baseline__c19orf26__mean-global__dataset-heldout-split__ensemble3,bio__env-normanweissman2019-filtered-k562-rna-baseline__c19orf26,1
pred__bio__env-normanweissman2019-filtered-k562-rna-baseline__dusp9-prtg__mean-global__dataset-heldout-split__ensemble3,bio__env-normanweissman2019-filtered-k562-rna-baseline__dusp9-prtg,1
pred__bio__env-normanweissman2019-filtered-k562-rna-baseline__s1pr2__mean-global__dataset-heldout-split__ensemble3,bio__env-normanweissman2019-filtered-k562-rna-baseline__s1pr2,2
pred__bio__env-normanweissman2019-filtered-k562-rna-baseline__ier5l__mean-global__dataset-heldout-split__ensemble3,bio__env-normanweissman2019-filtered-k562-rna-baseline__ier5l,4
pred__bio__env-normanweissman2019-filtered-k562-rna-baseline__mapk1__mean-global__dataset-heldout-split__ensemble3,bio__env-normanweissman2019-filtered-k562-rna-baseline__mapk1,1
pred__bio__env-normanweissman2019-filtered-k562-rna-baseline__ptpn12-snai1__mean-global__dataset-heldout-split__ensemble3,bio__env-normanweissman2019-filtered-k562-rna-baseline__ptpn12-snai1,3
pred__bio__env-normanweissman2019-filtered-k562-rna-baseline__lyl1__mean-global__dataset-heldout-split__ensemble3,bio__env-normanweissman2019-filtered-k562-rna-baseline__lyl1,3
pred__bio__env-normanweissman2019-filtered-k562-rna-baseline__cebpb__mean-global__dataset-heldout-split__ensemble3,bio__env-normanweissman2019-filtered-k562-rna-baseline__cebpb,3
pred__bio__env-normanweissman2019-filtered-k562-rna-baseline__dusp9-ets2__mean-global__dataset-heldout-split__ensemble3,bio__env-normanweissman2019-filtered-k562-rna-baseline__dusp9-ets2,0
pred__bio__env-normanweissman2019-filtered-k562-rna-baseline__cnn1-ubash3a__mean-global__dataset-heldout-split__ensemble3,bio__env-normanweissman2019-filtered-k562-rna-baseline__cnn1-ubash3a,2
pred__bio__env-normanweissman2019-filtered-k562-rna-baseline__ptpn9__mean-global__dataset-heldout-split__ensemble3,bio__env-normanweissman2019-filtered-k562-rna-baseline__ptpn9,2
pred__bio__env-normanweissman2019-filtered-k562-rna-baseline__map4k5__mean-global__dataset-heldout-split__ensemble3,bio__env-normanweissman2019-filtered-k562-rna-baseline__map4k5,2
pred__bio__env-normanweissman2019-filtered-k562-rna-baseline__znf318__mean-global__dataset-heldout-split__ensemble3,bio__env-normanweissman2019-filtered-k562-rna-baseline__znf318,1
pred__bio__env-normanweissman2019-filtered-k562-rna-baseline__tgfbr2-prtg__mean-global__dataset-heldout-split__ensemble3,bio__env-normanweissman2019-filtered-k562-rna-baseline__tgfbr2-prtg,2
pred__bio__env-normanweissman2019-filtered-k562-rna-baseline__ets2-cebpe__mean-global__dataset-heldout-split__ensemble3,bio__env-normanweissman2019-filtered-k562-rna-baseline__ets2-cebpe,0
pred__bio__env-normanweissman2019-filtered-k562-rna-baseline__sgk1-s1pr2__mean-global__dataset-heldout-split__ensemble3,bio__env-normanweissman2019-filtered-k562-rna-baseline__sgk1-s1pr2,3
pred__bio__env-normanweissman2019-filtered-k562-rna-baseline__foxf1-foxl2__mean-global__dataset-heldout-split__ensemble3,bio__env-normanweissman2019-filtered-k562-rna-baseline__foxf1-foxl2,4
pred__bio__env-normanweissman2019-filtered-k562-rna-baseline__dusp9__mean-global__dataset-heldout-split__ensemble3,bio__env-normanweissman2019-filtered-k562-rna-baseline__dusp9,0
pred__bio__env-normanweissman2019-filtered-k562-rna-baseline__cebpa__mean-global__dataset-heldout-split__ensemble3,bio__env-normanweissman2019-filtered-k562-rna-baseline__cebpa,2
pred__bio__env-normanweissman2019-filtered-k562-rna-baseline__slc38a2__mean-global__dataset-heldout-split__ensemble3,bio__env-normanweissman2019-filtered-k562-rna-baseline__slc38a2,0
pred__bio__env-normanweissman2019-filtered-k562-rna-baseline__ubash3b-ptpn9__mean-global__dataset-heldout-split__ensemble3,bio__env-normanweissman2019-filtered-k562-rna-baseline__ubash3b-ptpn9,2
pred__bio__env-normanweissman2019-filtered-k562-rna-baseline__hnf4a__mean-global__dataset-heldout-split__ensemble3,bio__env-normanweissman2019-filtered-k562-rna-baseline__hnf4a,4
pred__bio__env-normanweissman2019-filtered-k562-rna-baseline__isl2__mean-global__dataset-heldout-split__ensemble3,bio__env-normanweissman2019-filtered-k562-rna-baseline__isl2,0
pred__bio__env-normanweissman2019-filtered-k562-rna-baseline__rhoxf2-set__mean-global__dataset-heldout-split__ensemble3,bio__env-normanweissman2019-filtered-k562-rna-baseline__rhoxf2-set,1
pred__bio__env-normanweissman2019-filtered-k562-rna-baseline__tsc22d1__mean-global__dataset-heldout-split__ensemble3,bio__env-normanweissman2019-filtered-k562-rna-baseline__tsc22d1,3
pred__bio__env-normanweissman2019-filtered-k562-rna-baseline__cbfa2t3__mean-global__dataset-heldout-split__ensemble3,bio__env-normanweissman2019-filtered-k562-rna-baseline__cbfa2t3,0
pred__bio__env-normanweissman2019-filtered-k562-rna-baseline__fosb-ubash3b__mean-global__dataset-heldout-split__ensemble3,bio__env-normanweissman2019-filtered-k562-rna-baseline__fosb-ubash3b,2
pred__bio__env-normanweissman2019-filtered-k562-rna-baseline__tp73__mean-global__dataset-heldout-split__ensemble3,bio__env-normanweissman2019-filtered-k562-rna-baseline__tp73,4
pred__bio__env-normanweissman2019-filtered-k562-rna-baseline__lhx1-elmsan1__mean-global__dataset-heldout-split__ensemble3,bio__env-normanweissman2019-filtered-k562-rna-baseline__lhx1-elmsan1,4
pred__bio__env-normanweissman2019-filtered-k562-rna-baseline__fosb-osr2__mean-global__dataset-heldout-split__ensemble3,bio__env-normanweissman2019-filtered-k562-rna-baseline__fosb-osr2,2
pred__bio__env-normanweissman2019-filtered-k562-rna-baseline__kif2c__mean-global__dataset-heldout-split__ensemble3,bio__env-normanweissman2019-filtered-k562-rna-baseline__kif2c,1
pred__bio__env-normanweissman2019-filtered-k562-rna-baseline__cbl__mean-global__dataset-heldout-split__ensemble3,bio__env-normanweissman2019-filtered-k562-rna-baseline__cbl,0
pred__bio__env-normanweissman2019-filtered-k562-rna-baseline__zc3hav1-hoxc13__mean-global__dataset-heldout-split__ensemble3,bio__env-normanweissman2019-filtered-k562-rna-baseline__zc3hav1-hoxc13,2
pred__bio__env-normanweissman2019-filtered-k562-rna-baseline__rreb1__mean-global__dataset-heldout-split__ensemble3,bio__env-normanweissman2019-filtered-k562-rna-baseline__rreb1,4
pred__bio__env-normanweissman2019-filtered-k562-rna-baseline__ahr__mean-global__dataset-heldout-split__ensemble3,bio__env-normanweissman2019-filtered-k562-rna-baseline__ahr,1
pred__bio__env-normanweissman2019-filtered-k562-rna-baseline__znf318-foxl2__mean-global__dataset-heldout-split__ensemble3,bio__env-normanweissman2019-filtered-k562-rna-baseline__znf318-foxl2,0
pred__bio__env-normanweissman2019-filtered-k562-rna-baseline__ets2-mapk1__mean-global__dataset-heldout-split__ensemble3,bio__env-normanweissman2019-filtered-k562-rna-baseline__ets2-mapk1,3
pred__bio__env-normanweissman2019-filtered-k562-rna-baseline__zbtb10__mean-global__dataset-heldout-split__ensemble3,bio__env-normanweissman2019-filtered-k562-rna-baseline__zbtb10,3
pred__bio__env-normanweissman2019-filtered-k562-rna-baseline__dusp9-mapk1__mean-global__dataset-heldout-split__ensemble3,bio__env-normanweissman2019-filtered-k562-rna-baseline__dusp9-mapk1,2
pred__bio__env-normanweissman2019-filtered-k562-rna-baseline__cbl-cnn1__mean-global__dataset-heldout-split__ensemble3,bio__env-normanweissman2019-filtered-k562-rna-baseline__cbl-cnn1,1
pred__bio__env-normanweissman2019-filtered-k562-rna-baseline__zbtb10-snai1__mean-global__dataset-heldout-split__ensemble3,bio__env-normanweissman2019-filtered-k562-rna-baseline__zbtb10-snai1,3
pred__bio__env-normanweissman2019-filtered-k562-rna-baseline__bpgm-samd1__mean-global__dataset-heldout-split__ensemble3,bio__env-normanweissman2019-filtered-k562-rna-baseline__bpgm-samd1,3
pred__bio__env-normanweissman2019-filtered-k562-rna-baseline__stil__mean-global__dataset-heldout-split__ensemble3,bio__env-normanweissman2019-filtered-k562-rna-baseline__stil,4
pred__bio__env-normanweissman2019-filtered-k562-rna-baseline__foxa3-hoxb9__mean-global__dataset-heldout-split__ensemble3,bio__env-normanweissman2019-filtered-k562-rna-baseline__foxa3-hoxb9,2
pred__bio__env-normanweissman2019-filtered-k562-rna-baseline__tgfbr2-ets2__mean-global__dataset-heldout-split__ensemble3,bio__env-normanweissman2019-filtered-k562-rna-baseline__tgfbr2-ets2,4
pred__bio__env-normanweissman2019-filtered-k562-rna-baseline__zbtb10-elmsan1__mean-global__dataset-heldout-split__ensemble3,bio__env-normanweissman2019-filtered-k562-rna-baseline__zbtb10-elmsan1,2
pred__bio__env-normanweissman2019-filtered-k562-rna-baseline__foxa1-foxl2__mean-global__dataset-heldout-split__ensemble3,bio__env-normanweissman2019-filtered-k562-rna-baseline__foxa1-foxl2,4
pred__bio__env-normanweissman2019-filtered-k562-rna-baseline__cebpe-cebpb__mean-global__dataset-heldout-split__ensemble3,bio__env-normanweissman2019-filtered-k562-rna-baseline__cebpe-cebpb,0
pred__bio__env-normanweissman2019-filtered-k562-rna-baseline__jun__mean-global__dataset-heldout-split__ensemble3,bio__env-normanweissman2019-filtered-k562-rna-baseline__jun,4
pred__bio__env-normanweissman2019-filtered-k562-rna-baseline__lyl1-ier5l__mean-global__dataset-heldout-split__ensemble3,bio__env-normanweissman2019-filtered-k562-rna-baseline__lyl1-ier5l,4
pred__bio__env-normanweissman2019-filtered-k562-rna-baseline__foxa1-hoxb9__mean-global__dataset-heldout-split__ensemble3,bio__env-normanweissman2019-filtered-k562-rna-baseline__foxa1-hoxb9,3
pred__bio__env-normanweissman2019-filtered-k562-rna-baseline__fev-isl2__mean-global__dataset-heldout-split__ensemble3,bio__env-normanweissman2019-filtered-k562-rna-baseline__fev-isl2,4
pred__bio__env-normanweissman2019-filtered-k562-rna-baseline__samd1-zbtb1__mean-global__dataset-heldout-split__ensemble3,bio__env-normanweissman2019-filtered-k562-rna-baseline__samd1-zbtb1,3
pred__bio__env-normanweissman2019-filtered-k562-rna-baseline__tmsb4x-bak1__mean-global__dataset-heldout-split__ensemble3,bio__env-normanweissman2019-filtered-k562-rna-baseline__tmsb4x-bak1,0
pred__bio__env-normanweissman2019-filtered-k562-rna-baseline__cebpb-ptpn12__mean-global__dataset-heldout-split__ensemble3,bio__env-normanweissman2019-filtered-k562-rna-baseline__cebpb-ptpn12,3
pred__bio__env-normanweissman2019-filtered-k562-rna-baseline__foxa1-foxf1__mean-global__dataset-heldout-split__ensemble3,bio__env-normanweissman2019-filtered-k562-rna-baseline__foxa1-foxf1,0
pred__bio__env-normanweissman2019-filtered-k562-rna-baseline__fev__mean-global__dataset-heldout-split__ensemble3,bio__env-normanweissman2019-filtered-k562-rna-baseline__fev,1
pred__bio__env-normanweissman2019-filtered-k562-rna-baseline__klf1-cebpa__mean-global__dataset-heldout-split__ensemble3,bio__env-normanweissman2019-filtered-k562-rna-baseline__klf1-cebpa,0
pred__bio__env-normanweissman2019-filtered-k562-rna-baseline__fosb-ikzf3__mean-global__dataset-heldout-split__ensemble3,bio__env-normanweissman2019-filtered-k562-rna-baseline__fosb-ikzf3,3
pred__bio__env-normanweissman2019-filtered-k562-rna-baseline__foxl2-meis1__mean-global__dataset-heldout-split__ensemble3,bio__env-normanweissman2019-filtered-k562-rna-baseline__foxl2-meis1,3
pred__bio__env-normanweissman2019-filtered-k562-rna-baseline__klf1-cldn6__mean-global__dataset-heldout-split__ensemble3,bio__env-normanweissman2019-filtered-k562-rna-baseline__klf1-cldn6,4
pred__bio__env-normanweissman2019-filtered-k562-rna-baseline__hoxc13__mean-global__dataset-heldout-split__ensemble3,bio__env-normanweissman2019-filtered-k562-rna-baseline__hoxc13,0
pred__bio__env-normanweissman2019-filtered-k562-rna-baseline__lhx1__mean-global__dataset-heldout-split__ensemble3,bio__env-normanweissman2019-filtered-k562-rna-baseline__lhx1,0
pred__bio__env-normanweissman2019-filtered-k562-rna-baseline__zbtb10-ptpn12__mean-global__dataset-heldout-split__ensemble3,bio__env-normanweissman2019-filtered-k562-rna-baseline__zbtb10-ptpn12,1
pred__bio__env-normanweissman2019-filtered-k562-rna-baseline__prdm1__mean-global__dataset-heldout-split__ensemble3,bio__env-normanweissman2019-filtered-k562-rna-baseline__prdm1,4
pred__bio__env-normanweissman2019-filtered-k562-rna-baseline__foxf1-hoxb9__mean-global__dataset-heldout-split__ensemble3,bio__env-normanweissman2019-filtered-k562-rna-baseline__foxf1-hoxb9,4
pred__bio__env-normanweissman2019-filtered-k562-rna-baseline__foxo4__mean-global__dataset-heldout-split__ensemble3,bio__env-normanweissman2019-filtered-k562-rna-baseline__foxo4,2
pred__bio__env-normanweissman2019-filtered-k562-rna-baseline__hes7__mean-global__dataset-heldout-split__ensemble3,bio__env-normanweissman2019-filtered-k562-rna-baseline__hes7,2
pred__bio__env-normanweissman2019-filtered-k562-rna-baseline__dusp9-snai1__mean-global__dataset-heldout-split__ensemble3,bio__env-normanweissman2019-filtered-k562-rna-baseline__dusp9-snai1,0
pred__bio__env-normanweissman2019-filtered-k562-rna-baseline__rhoxf2__mean-global__dataset-heldout-split__ensemble3,bio__env-normanweissman2019-filtered-k562-rna-baseline__rhoxf2,2
pred__bio__env-normanweissman2019-filtered-k562-rna-baseline__cebpe-spi1__mean-global__dataset-heldout-split__ensemble3,bio__env-normanweissman2019-filtered-k562-rna-baseline__cebpe-spi1,4
pred__bio__env-normanweissman2019-filtered-k562-rna-baseline__cebpb-osr2__mean-global__dataset-heldout-split__ensemble3,bio__env-normanweissman2019-filtered-k562-rna-baseline__cebpb-osr2,4
pred__bio__env-normanweissman2019-filtered-k562-rna-baseline__ahr-klf1__mean-global__dataset-heldout-split__ensemble3,bio__env-normanweissman2019-filtered-k562-rna-baseline__ahr-klf1,0
pred__bio__env-normanweissman2019-filtered-k562-rna-baseline__hoxa13__mean-global__dataset-heldout-split__ensemble3,bio__env-normanweissman2019-filtered-k562-rna-baseline__hoxa13,3
pred__bio__env-normanweissman2019-filtered-k562-rna-baseline__map2k3-slc38a2__mean-global__dataset-heldout-split__ensemble3,bio__env-normanweissman2019-filtered-k562-rna-baseline__map2k3-slc38a2,3
pred__bio__env-normanweissman2019-filtered-k562-rna-baseline__pou3f2-foxl2__mean-global__dataset-heldout-split__ensemble3,bio__env-normanweissman2019-filtered-k562-rna-baseline__pou3f2-foxl2,0
pred__bio__env-normanweissman2019-filtered-k562-rna-baseline__pou3f2-cbfa2t3__mean-global__dataset-heldout-split__ensemble3,bio__env-normanweissman2019-filtered-k562-rna-baseline__pou3f2-cbfa2t3,1
pred__bio__env-normanweissman2019-filtered-k562-rna-baseline__foxl2-hoxb9__mean-global__dataset-heldout-split__ensemble3,bio__env-normanweissman2019-filtered-k562-rna-baseline__foxl2-hoxb9,2
pred__bio__env-normanweissman2019-filtered-k562-rna-baseline__cebpe-cebpa__mean-global__dataset-heldout-split__ensemble3,bio__env-normanweissman2019-filtered-k562-rna-baseline__cebpe-cebpa,1
pred__bio__env-normanweissman2019-filtered-k562-rna-baseline__ahr-fev__mean-global__dataset-heldout-split__ensemble3,bio__env-normanweissman2019-filtered-k562-rna-baseline__ahr-fev,1
pred__bio__env-normanweissman2019-filtered-k562-rna-baseline__zbtb10-dlx2__mean-global__dataset-heldout-split__ensemble3,bio__env-normanweissman2019-filtered-k562-rna-baseline__zbtb10-dlx2,2
pred__bio__env-normanweissman2019-filtered-k562-rna-baseline__dusp9-klf1__mean-global__dataset-heldout-split__ensemble3,bio__env-normanweissman2019-filtered-k562-rna-baseline__dusp9-klf1,3
pred__bio__env-normanweissman2019-filtered-k562-rna-baseline__fosb-cebpe__mean-global__dataset-heldout-split__ensemble3,bio__env-normanweissman2019-filtered-k562-rna-baseline__fosb-cebpe,4
pred__bio__env-normanweissman2019-filtered-k562-rna-baseline__fev-cbfa2t3__mean-global__dataset-heldout-split__ensemble3,bio__env-normanweissman2019-filtered-k562-rna-baseline__fev-cbfa2t3,0
pred__bio__env-normanweissman2019-filtered-k562-rna-baseline__cdkn1c-cdkn1b__mean-global__dataset-heldout-split__ensemble3,bio__env-normanweissman2019-filtered-k562-rna-baseline__cdkn1c-cdkn1b,3
pred__bio__env-normanweissman2019-filtered-k562-rna-baseline__snai1-dlx2__mean-global__dataset-heldout-split__ensemble3,bio__env-normanweissman2019-filtered-k562-rna-baseline__snai1-dlx2,4
pred__bio__env-normanweissman2019-filtered-k562-rna-baseline__cbl-ubash3a__mean-global__dataset-heldout-split__ensemble3,bio__env-normanweissman2019-filtered-k562-rna-baseline__cbl-ubash3a,0
pred__bio__env-normanweissman2019-filtered-k562-rna-baseline__kif18b-kif2c__mean-global__dataset-heldout-split__ensemble3,bio__env-normanweissman2019-filtered-k562-rna-baseline__kif18b-kif2c,0
pred__bio__env-normanweissman2019-filtered-k562-rna-baseline__jun-cebpa__mean-global__dataset-heldout-split__ensemble3,bio__env-normanweissman2019-filtered-k562-rna-baseline__jun-cebpa,0
pred__bio__env-normanweissman2019-filtered-k562-rna-baseline__samd1-tgfbr2__mean-global__dataset-heldout-split__ensemble3,bio__env-normanweissman2019-filtered-k562-rna-baseline__samd1-tgfbr2,0
pred__bio__env-normanweissman2019-filtered-k562-rna-baseline__cebpb-cebpa__mean-global__dataset-heldout-split__ensemble3,bio__env-normanweissman2019-filtered-k562-rna-baseline__cebpb-cebpa,2
pred__bio__env-normanweissman2019-filtered-k562-rna-baseline__prdm1-cbfa2t3__mean-global__dataset-heldout-split__ensemble3,bio__env-normanweissman2019-filtered-k562-rna-baseline__prdm1-cbfa2t3,2
pred__bio__env-normanweissman2019-filtered-k562-rna-baseline__c3orf72-foxl2__mean-global__dataset-heldout-split__ensemble3,bio__env-normanweissman2019-filtered-k562-rna-baseline__c3orf72-foxl2,4
pred__bio__env-normanweissman2019-filtered-k562-rna-baseline__zc3hav1-cebpa__mean-global__dataset-heldout-split__ensemble3,bio__env-normanweissman2019-filtered-k562-rna-baseline__zc3hav1-cebpa,2
pred__bio__env-normanweissman2019-filtered-k562-rna-baseline__jun-cebpb__mean-global__dataset-heldout-split__ensemble3,bio__env-normanweissman2019-filtered-k562-rna-baseline__jun-cebpb,2
pred__bio__env-normanweissman2019-filtered-k562-rna-baseline__fosb-cebpb__mean-global__dataset-heldout-split__ensemble3,bio__env-normanweissman2019-filtered-k562-rna-baseline__fosb-cebpb,1
pred__bio__env-normanweissman2019-filtered-k562-rna-baseline__arid1a__mean-matching__dataset-heldout-split__ensemble3,bio__env-normanweissman2019-filtered-k562-rna-baseline__arid1a,4
pred__bio__env-normanweissman2019-filtered-k562-rna-baseline__osr2__mean-matching__dataset-heldout-split__ensemble3,bio__env-normanweissman2019-filtered-k562-rna-baseline__osr2,4
pred__bio__env-normanweissman2019-filtered-k562-rna-baseline__foxa3-foxl2__mean-matching__dataset-heldout-split__ensemble3,bio__env-normanweissman2019-filtered-k562-rna-baseline__foxa3-foxl2,3
pred__bio__env-normanweissman2019-filtered-k562-rna-baseline__control__mean-matching__dataset-heldout-split__ensemble3,bio__env-normanweissman2019-filtered-k562-rna-baseline__control,3
pred__bio__env-normanweissman2019-filtered-k562-rna-baseline__bcorl1__mean-matching__dataset-heldout-split__ensemble3,bio__env-normanweissman2019-filtered-k562-rna-baseline__bcorl1,0
pred__bio__env-normanweissman2019-filtered-k562-rna-baseline__set__mean-matching__dataset-heldout-split__ensemble3,bio__env-normanweissman2019-filtered-k562-rna-baseline__set,2
pred__bio__env-normanweissman2019-filtered-k562-rna-baseline__slc4a1__mean-matching__dataset-heldout-split__ensemble3,bio__env-normanweissman2019-filtered-k562-rna-baseline__slc4a1,4
pred__bio__env-normanweissman2019-filtered-k562-rna-baseline__runx1t1__mean-matching__dataset-heldout-split__ensemble3,bio__env-normanweissman2019-filtered-k562-rna-baseline__runx1t1,3
pred__bio__env-normanweissman2019-filtered-k562-rna-baseline__cdkn1c-cdkn1a__mean-matching__dataset-heldout-split__ensemble3,bio__env-normanweissman2019-filtered-k562-rna-baseline__cdkn1c-cdkn1a,0
pred__bio__env-normanweissman2019-filtered-k562-rna-baseline__tgfbr2__mean-matching__dataset-heldout-split__ensemble3,bio__env-normanweissman2019-filtered-k562-rna-baseline__tgfbr2,2
pred__bio__env-normanweissman2019-filtered-k562-rna-baseline__cdkn1a__mean-matching__dataset-heldout-split__ensemble3,bio__env-normanweissman2019-filtered-k562-rna-baseline__cdkn1a,2
pred__bio__env-normanweissman2019-filtered-k562-rna-baseline__zc3hav1-cebpe__mean-matching__dataset-heldout-split__ensemble3,bio__env-normanweissman2019-filtered-k562-rna-baseline__zc3hav1-cebpe,3
pred__bio__env-normanweissman2019-filtered-k562-rna-baseline__irf1-set__mean-matching__dataset-heldout-split__ensemble3,bio__env-normanweissman2019-filtered-k562-rna-baseline__irf1-set,1
pred__bio__env-normanweissman2019-filtered-k562-rna-baseline__igdcc3-prtg__mean-matching__dataset-heldout-split__ensemble3,bio__env-normanweissman2019-filtered-k562-rna-baseline__igdcc3-prtg,1
pred__bio__env-normanweissman2019-filtered-k562-rna-baseline__bcl2l11-bak1__mean-matching__dataset-heldout-split__ensemble3,bio__env-normanweissman2019-filtered-k562-rna-baseline__bcl2l11-bak1,2
pred__bio__env-normanweissman2019-filtered-k562-rna-baseline__tbx3__mean-matching__dataset-heldout-split__ensemble3,bio__env-normanweissman2019-filtered-k562-rna-baseline__tbx3,4
pred__bio__env-normanweissman2019-filtered-k562-rna-baseline__bpgm-zbtb1__mean-matching__dataset-heldout-split__ensemble3,bio__env-normanweissman2019-filtered-k562-rna-baseline__bpgm-zbtb1,2
pred__bio__env-normanweissman2019-filtered-k562-rna-baseline__cdkn1b__mean-matching__dataset-heldout-split__ensemble3,bio__env-normanweissman2019-filtered-k562-rna-baseline__cdkn1b,3
pred__bio__env-normanweissman2019-filtered-k562-rna-baseline__cited1__mean-matching__dataset-heldout-split__ensemble3,bio__env-normanweissman2019-filtered-k562-rna-baseline__cited1,2
pred__bio__env-normanweissman2019-filtered-k562-rna-baseline__map2k6-elmsan1__mean-matching__dataset-heldout-split__ensemble3,bio__env-normanweissman2019-filtered-k562-rna-baseline__map2k6-elmsan1,1
pred__bio__env-normanweissman2019-filtered-k562-rna-baseline__ubash3b-osr2__mean-matching__dataset-heldout-split__ensemble3,bio__env-normanweissman2019-filtered-k562-rna-baseline__ubash3b-osr2,4
pred__bio__env-normanweissman2019-filtered-k562-rna-baseline__bak1__mean-matching__dataset-heldout-split__ensemble3,bio__env-normanweissman2019-filtered-k562-rna-baseline__bak1,4
pred__bio__env-normanweissman2019-filtered-k562-rna-baseline__cdkn1c__mean-matching__dataset-heldout-split__ensemble3,bio__env-normanweissman2019-filtered-k562-rna-baseline__cdkn1c,1
pred__bio__env-normanweissman2019-filtered-k562-rna-baseline__tmsb4x__mean-matching__dataset-heldout-split__ensemble3,bio__env-normanweissman2019-filtered-k562-rna-baseline__tmsb4x,1
pred__bio__env-normanweissman2019-filtered-k562-rna-baseline__foxa3-foxa1__mean-matching__dataset-heldout-split__ensemble3,bio__env-normanweissman2019-filtered-k562-rna-baseline__foxa3-foxa1,0
pred__bio__env-normanweissman2019-filtered-k562-rna-baseline__ptpn12-ptpn9__mean-matching__dataset-heldout-split__ensemble3,bio__env-normanweissman2019-filtered-k562-rna-baseline__ptpn12-ptpn9,4
pred__bio__env-normanweissman2019-filtered-k562-rna-baseline__igdcc3-mapk1__mean-matching__dataset-heldout-split__ensemble3,bio__env-normanweissman2019-filtered-k562-rna-baseline__igdcc3-mapk1,2
pred__bio__env-normanweissman2019-filtered-k562-rna-baseline__tbx3-tbx2__mean-matching__dataset-heldout-split__ensemble3,bio__env-normanweissman2019-filtered-k562-rna-baseline__tbx3-tbx2,3
pred__bio__env-normanweissman2019-filtered-k562-rna-baseline__plk4__mean-matching__dataset-heldout-split__ensemble3,bio__env-normanweissman2019-filtered-k562-rna-baseline__plk4,3
pred__bio__env-normanweissman2019-filtered-k562-rna-baseline__slc6a9__mean-matching__dataset-heldout-split__ensemble3,bio__env-normanweissman2019-filtered-k562-rna-baseline__slc6a9,3
pred__bio__env-normanweissman2019-filtered-k562-rna-baseline__cnnm4__mean-matching__dataset-heldout-split__ensemble3,bio__env-normanweissman2019-filtered-k562-rna-baseline__cnnm4,1
pred__bio__env-normanweissman2019-filtered-k562-rna-baseline__klf1__mean-matching__dataset-heldout-split__ensemble3,bio__env-normanweissman2019-filtered-k562-rna-baseline__klf1,0
pred__bio__env-normanweissman2019-filtered-k562-rna-baseline__egr1__mean-matching__dataset-heldout-split__ensemble3,bio__env-normanweissman2019-filtered-k562-rna-baseline__egr1,3
pred__bio__env-normanweissman2019-filtered-k562-rna-baseline__meis1__mean-matching__dataset-heldout-split__ensemble3,bio__env-normanweissman2019-filtered-k562-rna-baseline__meis1,2
pred__bio__env-normanweissman2019-filtered-k562-rna-baseline__tbx2__mean-matching__dataset-heldout-split__ensemble3,bio__env-normanweissman2019-filtered-k562-rna-baseline__tbx2,3
pred__bio__env-normanweissman2019-filtered-k562-rna-baseline__cdkn1b-cdkn1a__mean-matching__dataset-heldout-split__ensemble3,bio__env-normanweissman2019-filtered-k562-rna-baseline__cdkn1b-cdkn1a,2
pred__bio__env-normanweissman2019-filtered-k562-rna-baseline__ets2-prtg__mean-matching__dataset-heldout-split__ensemble3,bio__env-normanweissman2019-filtered-k562-rna-baseline__ets2-prtg,2
pred__bio__env-normanweissman2019-filtered-k562-rna-baseline__cbl-ptpn9__mean-matching__dataset-heldout-split__ensemble3,bio__env-normanweissman2019-filtered-k562-rna-baseline__cbl-ptpn9,1
pred__bio__env-normanweissman2019-filtered-k562-rna-baseline__map2k3-elmsan1__mean-matching__dataset-heldout-split__ensemble3,bio__env-normanweissman2019-filtered-k562-rna-baseline__map2k3-elmsan1,1
pred__bio__env-normanweissman2019-filtered-k562-rna-baseline__cldn6__mean-matching__dataset-heldout-split__ensemble3,bio__env-normanweissman2019-filtered-k562-rna-baseline__cldn6,0
pred__bio__env-normanweissman2019-filtered-k562-rna-baseline__ubash3b__mean-matching__dataset-heldout-split__ensemble3,bio__env-normanweissman2019-filtered-k562-rna-baseline__ubash3b,1
pred__bio__env-normanweissman2019-filtered-k562-rna-baseline__arrdc3__mean-matching__dataset-heldout-split__ensemble3,bio__env-normanweissman2019-filtered-k562-rna-baseline__arrdc3,2
pred__bio__env-normanweissman2019-filtered-k562-rna-baseline__elmsan1__mean-matching__dataset-heldout-split__ensemble3,bio__env-normanweissman2019-filtered-k562-rna-baseline__elmsan1,2
pred__bio__env-normanweissman2019-filtered-k562-rna-baseline__ptpn12-ubash3a__mean-matching__dataset-heldout-split__ensemble3,bio__env-normanweissman2019-filtered-k562-rna-baseline__ptpn12-ubash3a,2
pred__bio__env-normanweissman2019-filtered-k562-rna-baseline__col2a1__mean-matching__dataset-heldout-split__ensemble3,bio__env-normanweissman2019-filtered-k562-rna-baseline__col2a1,4
pred__bio__env-normanweissman2019-filtered-k562-rna-baseline__mapk1-prtg__mean-matching__dataset-heldout-split__ensemble3,bio__env-normanweissman2019-filtered-k562-rna-baseline__mapk1-prtg,4
pred__bio__env-normanweissman2019-filtered-k562-rna-baseline__klf1-map2k6__mean-matching__dataset-heldout-split__ensemble3,bio__env-normanweissman2019-filtered-k562-rna-baseline__klf1-map2k6,3
pred__bio__env-normanweissman2019-filtered-k562-rna-baseline__set-klf1__mean-matching__dataset-heldout-split__ensemble3,bio__env-normanweissman2019-filtered-k562-rna-baseline__set-klf1,0
pred__bio__env-normanweissman2019-filtered-k562-rna-baseline__ets2-igdcc3__mean-matching__dataset-heldout-split__ensemble3,bio__env-normanweissman2019-filtered-k562-rna-baseline__ets2-igdcc3,1
pred__bio__env-normanweissman2019-filtered-k562-rna-baseline__zbtb25__mean-matching__dataset-heldout-split__ensemble3,bio__env-normanweissman2019-filtered-k562-rna-baseline__zbtb25,0
pred__bio__env-normanweissman2019-filtered-k562-rna-baseline__csrnp1__mean-matching__dataset-heldout-split__ensemble3,bio__env-normanweissman2019-filtered-k562-rna-baseline__csrnp1,2
pred__bio__env-normanweissman2019-filtered-k562-rna-baseline__snai1__mean-matching__dataset-heldout-split__ensemble3,bio__env-normanweissman2019-filtered-k562-rna-baseline__snai1,2
pred__bio__env-normanweissman2019-filtered-k562-rna-baseline__ubash3b-ubash3a__mean-matching__dataset-heldout-split__ensemble3,bio__env-normanweissman2019-filtered-k562-rna-baseline__ubash3b-ubash3a,1
pred__bio__env-normanweissman2019-filtered-k562-rna-baseline__nit1__mean-matching__dataset-heldout-split__ensemble3,bio__env-normanweissman2019-filtered-k562-rna-baseline__nit1,0
pred__bio__env-normanweissman2019-filtered-k562-rna-baseline__spi1__mean-matching__dataset-heldout-split__ensemble3,bio__env-normanweissman2019-filtered-k562-rna-baseline__spi1,0
pred__bio__env-normanweissman2019-filtered-k562-rna-baseline__cbl-ptpn12__mean-matching__dataset-heldout-split__ensemble3,bio__env-normanweissman2019-filtered-k562-rna-baseline__cbl-ptpn12,2
pred__bio__env-normanweissman2019-filtered-k562-rna-baseline__foxa3__mean-matching__dataset-heldout-split__ensemble3,bio__env-normanweissman2019-filtered-k562-rna-baseline__foxa3,1
pred__bio__env-normanweissman2019-filtered-k562-rna-baseline__ubash3b-zbtb25__mean-matching__dataset-heldout-split__ensemble3,bio__env-normanweissman2019-filtered-k562-rna-baseline__ubash3b-zbtb25,0
pred__bio__env-normanweissman2019-filtered-k562-rna-baseline__ubash3b-ptpn12__mean-matching__dataset-heldout-split__ensemble3,bio__env-normanweissman2019-filtered-k562-rna-baseline__ubash3b-ptpn12,3
pred__bio__env-normanweissman2019-filtered-k562-rna-baseline__foxl2__mean-matching__dataset-heldout-split__ensemble3,bio__env-normanweissman2019-filtered-k562-rna-baseline__foxl2,4
pred__bio__env-normanweissman2019-filtered-k562-rna-baseline__ubash3a__mean-matching__dataset-heldout-split__ensemble3,bio__env-normanweissman2019-filtered-k562-rna-baseline__ubash3a,2
pred__bio__env-normanweissman2019-filtered-k562-rna-baseline__ptpn1__mean-matching__dataset-heldout-split__ensemble3,bio__env-normanweissman2019-filtered-k562-rna-baseline__ptpn1,2
pred__bio__env-normanweissman2019-filtered-k562-rna-baseline__ptpn12-zbtb25__mean-matching__dataset-heldout-split__ensemble3,bio__env-normanweissman2019-filtered-k562-rna-baseline__ptpn12-zbtb25,1
pred__bio__env-normanweissman2019-filtered-k562-rna-baseline__map7d1__mean-matching__dataset-heldout-split__ensemble3,bio__env-normanweissman2019-filtered-k562-rna-baseline__map7d1,2
pred__bio__env-normanweissman2019-filtered-k562-rna-baseline__map2k3__mean-matching__dataset-heldout-split__ensemble3,bio__env-normanweissman2019-filtered-k562-rna-baseline__map2k3,2
pred__bio__env-normanweissman2019-filtered-k562-rna-baseline__klf1-bak1__mean-matching__dataset-heldout-split__ensemble3,bio__env-normanweissman2019-filtered-k562-rna-baseline__klf1-bak1,4
pred__bio__env-normanweissman2019-filtered-k562-rna-baseline__igdcc3-zbtb25__mean-matching__dataset-heldout-split__ensemble3,bio__env-normanweissman2019-filtered-k562-rna-baseline__igdcc3-zbtb25,1
pred__bio__env-normanweissman2019-filtered-k562-rna-baseline__cebpe-cnn1__mean-matching__dataset-heldout-split__ensemble3,bio__env-normanweissman2019-filtered-k562-rna-baseline__cebpe-cnn1,4
pred__bio__env-normanweissman2019-filtered-k562-rna-baseline__mapk1-tgfbr2__mean-matching__dataset-heldout-split__ensemble3,bio__env-normanweissman2019-filtered-k562-rna-baseline__mapk1-tgfbr2,3
pred__bio__env-normanweissman2019-filtered-k562-rna-baseline__irf1__mean-matching__dataset-heldout-split__ensemble3,bio__env-normanweissman2019-filtered-k562-rna-baseline__irf1,2
pred__bio__env-normanweissman2019-filtered-k562-rna-baseline__mapk1-ikzf3__mean-matching__dataset-heldout-split__ensemble3,bio__env-normanweissman2019-filtered-k562-rna-baseline__mapk1-ikzf3,0
pred__bio__env-normanweissman2019-filtered-k562-rna-baseline__ikzf3__mean-matching__dataset-heldout-split__ensemble3,bio__env-normanweissman2019-filtered-k562-rna-baseline__ikzf3,0
pred__bio__env-normanweissman2019-filtered-k562-rna-baseline__cnn1-mapk1__mean-matching__dataset-heldout-split__ensemble3,bio__env-normanweissman2019-filtered-k562-rna-baseline__cnn1-mapk1,3
pred__bio__env-normanweissman2019-filtered-k562-rna-baseline__ptpn12__mean-matching__dataset-heldout-split__ensemble3,bio__env-normanweissman2019-filtered-k562-rna-baseline__ptpn12,1
pred__bio__env-normanweissman2019-filtered-k562-rna-baseline__prtg__mean-matching__dataset-heldout-split__ensemble3,bio__env-normanweissman2019-filtered-k562-rna-baseline__prtg,3
pred__bio__env-normanweissman2019-filtered-k562-rna-baseline__fosb__mean-matching__dataset-heldout-split__ensemble3,bio__env-normanweissman2019-filtered-k562-rna-baseline__fosb,2
pred__bio__env-normanweissman2019-filtered-k562-rna-baseline__tgfbr2-c19orf26__mean-matching__dataset-heldout-split__ensemble3,bio__env-normanweissman2019-filtered-k562-rna-baseline__tgfbr2-c19orf26,0
pred__bio__env-normanweissman2019-filtered-k562-rna-baseline__igdcc3__mean-matching__dataset-heldout-split__ensemble3,bio__env-normanweissman2019-filtered-k562-rna-baseline__igdcc3,3
pred__bio__env-normanweissman2019-filtered-k562-rna-baseline__col1a1__mean-matching__dataset-heldout-split__ensemble3,bio__env-normanweissman2019-filtered-k562-rna-baseline__col1a1,0
pred__bio__env-normanweissman2019-filtered-k562-rna-baseline__kmt2a__mean-matching__dataset-heldout-split__ensemble3,bio__env-normanweissman2019-filtered-k562-rna-baseline__kmt2a,1
pred__bio__env-normanweissman2019-filtered-k562-rna-baseline__bpgm__mean-matching__dataset-heldout-split__ensemble3,bio__env-normanweissman2019-filtered-k562-rna-baseline__bpgm,4
pred__bio__env-normanweissman2019-filtered-k562-rna-baseline__map2k3-ikzf3__mean-matching__dataset-heldout-split__ensemble3,bio__env-normanweissman2019-filtered-k562-rna-baseline__map2k3-ikzf3,0
pred__bio__env-normanweissman2019-filtered-k562-rna-baseline__hk2__mean-matching__dataset-heldout-split__ensemble3,bio__env-normanweissman2019-filtered-k562-rna-baseline__hk2,0
pred__bio__env-normanweissman2019-filtered-k562-rna-baseline__klf1-col2a1__mean-matching__dataset-heldout-split__ensemble3,bio__env-normanweissman2019-filtered-k562-rna-baseline__klf1-col2a1,0
pred__bio__env-normanweissman2019-filtered-k562-rna-baseline__sgk1-tbx2__mean-matching__dataset-heldout-split__ensemble3,bio__env-normanweissman2019-filtered-k562-rna-baseline__sgk1-tbx2,2
pred__bio__env-normanweissman2019-filtered-k562-rna-baseline__bcl2l11-tgfbr2__mean-matching__dataset-heldout-split__ensemble3,bio__env-normanweissman2019-filtered-k562-rna-baseline__bcl2l11-tgfbr2,0
pred__bio__env-normanweissman2019-filtered-k562-rna-baseline__map2k6__mean-matching__dataset-heldout-split__ensemble3,bio__env-normanweissman2019-filtered-k562-rna-baseline__map2k6,2
pred__bio__env-normanweissman2019-filtered-k562-rna-baseline__ets2-cnn1__mean-matching__dataset-heldout-split__ensemble3,bio__env-normanweissman2019-filtered-k562-rna-baseline__ets2-cnn1,2
pred__bio__env-normanweissman2019-filtered-k562-rna-baseline__cebpe-klf1__mean-matching__dataset-heldout-split__ensemble3,bio__env-normanweissman2019-filtered-k562-rna-baseline__cebpe-klf1,3
pred__bio__env-normanweissman2019-filtered-k562-rna-baseline__plk4-stil__mean-matching__dataset-heldout-split__ensemble3,bio__env-normanweissman2019-filtered-k562-rna-baseline__plk4-stil,0
pred__bio__env-normanweissman2019-filtered-k562-rna-baseline__set-cebpe__mean-matching__dataset-heldout-split__ensemble3,bio__env-normanweissman2019-filtered-k562-rna-baseline__set-cebpe,1
pred__bio__env-normanweissman2019-filtered-k562-rna-baseline__kiaa1804__mean-matching__dataset-heldout-split__ensemble3,bio__env-normanweissman2019-filtered-k562-rna-baseline__kiaa1804,3
pred__bio__env-normanweissman2019-filtered-k562-rna-baseline__klf1-tgfbr2__mean-matching__dataset-heldout-split__ensemble3,bio__env-normanweissman2019-filtered-k562-rna-baseline__klf1-tgfbr2,2
pred__bio__env-normanweissman2019-filtered-k562-rna-baseline__ets2-ikzf3__mean-matching__dataset-heldout-split__ensemble3,bio__env-normanweissman2019-filtered-k562-rna-baseline__ets2-ikzf3,0
pred__bio__env-normanweissman2019-filtered-k562-rna-baseline__sgk1__mean-matching__dataset-heldout-split__ensemble3,bio__env-normanweissman2019-filtered-k562-rna-baseline__sgk1,4
pred__bio__env-normanweissman2019-filtered-k562-rna-baseline__dlx2__mean-matching__dataset-heldout-split__ensemble3,bio__env-normanweissman2019-filtered-k562-rna-baseline__dlx2,1
pred__bio__env-normanweissman2019-filtered-k562-rna-baseline__bcl2l11__mean-matching__dataset-heldout-split__ensemble3,bio__env-normanweissman2019-filtered-k562-rna-baseline__bcl2l11,3
pred__bio__env-normanweissman2019-filtered-k562-rna-baseline__cks1b__mean-matching__dataset-heldout-split__ensemble3,bio__env-normanweissman2019-filtered-k562-rna-baseline__cks1b,1
pred__bio__env-normanweissman2019-filtered-k562-rna-baseline__cebpe__mean-matching__dataset-heldout-split__ensemble3,bio__env-normanweissman2019-filtered-k562-rna-baseline__cebpe,2
pred__bio__env-normanweissman2019-filtered-k562-rna-baseline__lyl1-cebpb__mean-matching__dataset-heldout-split__ensemble3,bio__env-normanweissman2019-filtered-k562-rna-baseline__lyl1-cebpb,2
pred__bio__env-normanweissman2019-filtered-k562-rna-baseline__samd1__mean-matching__dataset-heldout-split__ensemble3,bio__env-normanweissman2019-filtered-k562-rna-baseline__samd1,1
pred__bio__env-normanweissman2019-filtered-k562-rna-baseline__maml2__mean-matching__dataset-heldout-split__ensemble3,bio__env-normanweissman2019-filtered-k562-rna-baseline__maml2,3
pred__bio__env-normanweissman2019-filtered-k562-rna-baseline__ets2__mean-matching__dataset-heldout-split__ensemble3,bio__env-normanweissman2019-filtered-k562-rna-baseline__ets2,1
pred__bio__env-normanweissman2019-filtered-k562-rna-baseline__map2k6-ikzf3__mean-matching__dataset-heldout-split__ensemble3,bio__env-normanweissman2019-filtered-k562-rna-baseline__map2k6-ikzf3,0
pred__bio__env-normanweissman2019-filtered-k562-rna-baseline__tgfbr2-igdcc3__mean-matching__dataset-heldout-split__ensemble3,bio__env-normanweissman2019-filtered-k562-rna-baseline__tgfbr2-igdcc3,3
pred__bio__env-normanweissman2019-filtered-k562-rna-baseline__zc3hav1__mean-matching__dataset-heldout-split__ensemble3,bio__env-normanweissman2019-filtered-k562-rna-baseline__zc3hav1,4
pred__bio__env-normanweissman2019-filtered-k562-rna-baseline__ptpn12-osr2__mean-matching__dataset-heldout-split__ensemble3,bio__env-normanweissman2019-filtered-k562-rna-baseline__ptpn12-osr2,0
pred__bio__env-normanweissman2019-filtered-k562-rna-baseline__ncl__mean-matching__dataset-heldout-split__ensemble3,bio__env-normanweissman2019-filtered-k562-rna-baseline__ncl,1
pred__bio__env-normanweissman2019-filtered-k562-rna-baseline__ptpn13__mean-matching__dataset-heldout-split__ensemble3,bio__env-normanweissman2019-filtered-k562-rna-baseline__ptpn13,0
pred__bio__env-normanweissman2019-filtered-k562-rna-baseline__cebpb-mapk1__mean-matching__dataset-heldout-split__ensemble3,bio__env-normanweissman2019-filtered-k562-rna-baseline__cebpb-mapk1,1
pred__bio__env-normanweissman2019-filtered-k562-rna-baseline__zbtb1__mean-matching__dataset-heldout-split__ensemble3,bio__env-normanweissman2019-filtered-k562-rna-baseline__zbtb1,4
pred__bio__env-normanweissman2019-filtered-k562-rna-baseline__map2k3-map2k6__mean-matching__dataset-heldout-split__ensemble3,bio__env-normanweissman2019-filtered-k562-rna-baseline__map2k3-map2k6,4
pred__bio__env-normanweissman2019-filtered-k562-rna-baseline__samd1-ubash3b__mean-matching__dataset-heldout-split__ensemble3,bio__env-normanweissman2019-filtered-k562-rna-baseline__samd1-ubash3b,4
pred__bio__env-normanweissman2019-filtered-k562-rna-baseline__fosb-ptpn12__mean-matching__dataset-heldout-split__ensemble3,bio__env-normanweissman2019-filtered-k562-rna-baseline__fosb-ptpn12,3
pred__bio__env-normanweissman2019-filtered-k562-rna-baseline__map2k6-spi1__mean-matching__dataset-heldout-split__ensemble3,bio__env-normanweissman2019-filtered-k562-rna-baseline__map2k6-spi1,4
pred__bio__env-normanweissman2019-filtered-k562-rna-baseline__ets2-map7d1__mean-matching__dataset-heldout-split__ensemble3,bio__env-normanweissman2019-filtered-k562-rna-baseline__ets2-map7d1,4
pred__bio__env-normanweissman2019-filtered-k562-rna-baseline__sgk1-tbx3__mean-matching__dataset-heldout-split__ensemble3,bio__env-normanweissman2019-filtered-k562-rna-baseline__sgk1-tbx3,1
pred__bio__env-normanweissman2019-filtered-k562-rna-baseline__foxf1__mean-matching__dataset-heldout-split__ensemble3,bio__env-normanweissman2019-filtered-k562-rna-baseline__foxf1,1
pred__bio__env-normanweissman2019-filtered-k562-rna-baseline__hoxb9__mean-matching__dataset-heldout-split__ensemble3,bio__env-normanweissman2019-filtered-k562-rna-baseline__hoxb9,1
pred__bio__env-normanweissman2019-filtered-k562-rna-baseline__pou3f2__mean-matching__dataset-heldout-split__ensemble3,bio__env-normanweissman2019-filtered-k562-rna-baseline__pou3f2,2
pred__bio__env-normanweissman2019-filtered-k562-rna-baseline__glb1l2__mean-matching__dataset-heldout-split__ensemble3,bio__env-normanweissman2019-filtered-k562-rna-baseline__glb1l2,1
pred__bio__env-normanweissman2019-filtered-k562-rna-baseline__c3orf72__mean-matching__dataset-heldout-split__ensemble3,bio__env-normanweissman2019-filtered-k562-rna-baseline__c3orf72,0
pred__bio__env-normanweissman2019-filtered-k562-rna-baseline__dusp9-igdcc3__mean-matching__dataset-heldout-split__ensemble3,bio__env-normanweissman2019-filtered-k562-rna-baseline__dusp9-igdcc3,4
pred__bio__env-normanweissman2019-filtered-k562-rna-baseline__foxa3-foxf1__mean-matching__dataset-heldout-split__ensemble3,bio__env-normanweissman2019-filtered-k562-rna-baseline__foxa3-foxf1,4
pred__bio__env-normanweissman2019-filtered-k562-rna-baseline__cbl-tgfbr2__mean-matching__dataset-heldout-split__ensemble3,bio__env-normanweissman2019-filtered-k562-rna-baseline__cbl-tgfbr2,3
pred__bio__env-normanweissman2019-filtered-k562-rna-baseline__cebpe-runx1t1__mean-matching__dataset-heldout-split__ensemble3,bio__env-normanweissman2019-filtered-k562-rna-baseline__cebpe-runx1t1,3
pred__bio__env-normanweissman2019-filtered-k562-rna-baseline__snai1-ubash3b__mean-matching__dataset-heldout-split__ensemble3,bio__env-normanweissman2019-filtered-k562-rna-baseline__snai1-ubash3b,1
pred__bio__env-normanweissman2019-filtered-k562-rna-baseline__map4k3__mean-matching__dataset-heldout-split__ensemble3,bio__env-normanweissman2019-filtered-k562-rna-baseline__map4k3,3
pred__bio__env-normanweissman2019-filtered-k562-rna-baseline__rhoxf2-zbtb25__mean-matching__dataset-heldout-split__ensemble3,bio__env-normanweissman2019-filtered-k562-rna-baseline__rhoxf2-zbtb25,0
pred__bio__env-normanweissman2019-filtered-k562-rna-baseline__samd1-ptpn12__mean-matching__dataset-heldout-split__ensemble3,bio__env-normanweissman2019-filtered-k562-rna-baseline__samd1-ptpn12,0
pred__bio__env-normanweissman2019-filtered-k562-rna-baseline__cebpe-ptpn12__mean-matching__dataset-heldout-split__ensemble3,bio__env-normanweissman2019-filtered-k562-rna-baseline__cebpe-ptpn12,2
pred__bio__env-normanweissman2019-filtered-k562-rna-baseline__celf2__mean-matching__dataset-heldout-split__ensemble3,bio__env-normanweissman2019-filtered-k562-rna-baseline__celf2,3
pred__bio__env-normanweissman2019-filtered-k562-rna-baseline__klf1-foxa1__mean-matching__dataset-heldout-split__ensemble3,bio__env-normanweissman2019-filtered-k562-rna-baseline__klf1-foxa1,4
pred__bio__env-normanweissman2019-filtered-k562-rna-baseline__ubash3b-cnn1__mean-matching__dataset-heldout-split__ensemble3,bio__env-normanweissman2019-filtered-k562-rna-baseline__ubash3b-cnn1,0
pred__bio__env-normanweissman2019-filtered-k562-rna-baseline__atl1__mean-matching__dataset-heldout-split__ensemble3,bio__env-normanweissman2019-filtered-k562-rna-baseline__atl1,1
pred__bio__env-normanweissman2019-filtered-k562-rna-baseline__kif18b__mean-matching__dataset-heldout-split__ensemble3,bio__env-normanweissman2019-filtered-k562-rna-baseline__kif18b,2
pred__bio__env-normanweissman2019-filtered-k562-rna-baseline__midn__mean-matching__dataset-heldout-split__ensemble3,bio__env-normanweissman2019-filtered-k562-rna-baseline__midn,1
pred__bio__env-normanweissman2019-filtered-k562-rna-baseline__cbl-ubash3b__mean-matching__dataset-heldout-split__ensemble3,bio__env-normanweissman2019-filtered-k562-rna-baseline__cbl-ubash3b,0
pred__bio__env-normanweissman2019-filtered-k562-rna-baseline__foxa1__mean-matching__dataset-heldout-split__ensemble3,bio__env-normanweissman2019-filtered-k562-rna-baseline__foxa1,1
pred__bio__env-normanweissman2019-filtered-k562-rna-baseline__fev-map7d1__mean-matching__dataset-heldout-split__ensemble3,bio__env-normanweissman2019-filtered-k562-rna-baseline__fev-map7d1,3
pred__bio__env-normanweissman2019-filtered-k562-rna-baseline__cnn1__mean-matching__dataset-heldout-split__ensemble3,bio__env-normanweissman2019-filtered-k562-rna-baseline__cnn1,4
pred__bio__env-normanweissman2019-filtered-k562-rna-baseline__c19orf26__mean-matching__dataset-heldout-split__ensemble3,bio__env-normanweissman2019-filtered-k562-rna-baseline__c19orf26,1
pred__bio__env-normanweissman2019-filtered-k562-rna-baseline__dusp9-prtg__mean-matching__dataset-heldout-split__ensemble3,bio__env-normanweissman2019-filtered-k562-rna-baseline__dusp9-prtg,1
pred__bio__env-normanweissman2019-filtered-k562-rna-baseline__s1pr2__mean-matching__dataset-heldout-split__ensemble3,bio__env-normanweissman2019-filtered-k562-rna-baseline__s1pr2,2
pred__bio__env-normanweissman2019-filtered-k562-rna-baseline__ier5l__mean-matching__dataset-heldout-split__ensemble3,bio__env-normanweissman2019-filtered-k562-rna-baseline__ier5l,4
pred__bio__env-normanweissman2019-filtered-k562-rna-baseline__mapk1__mean-matching__dataset-heldout-split__ensemble3,bio__env-normanweissman2019-filtered-k562-rna-baseline__mapk1,1
pred__bio__env-normanweissman2019-filtered-k562-rna-baseline__ptpn12-snai1__mean-matching__dataset-heldout-split__ensemble3,bio__env-normanweissman2019-filtered-k562-rna-baseline__ptpn12-snai1,3
pred__bio__env-normanweissman2019-filtered-k562-rna-baseline__lyl1__mean-matching__dataset-heldout-split__ensemble3,bio__env-normanweissman2019-filtered-k562-rna-baseline__lyl1,3
pred__bio__env-normanweissman2019-filtered-k562-rna-baseline__cebpb__mean-matching__dataset-heldout-split__ensemble3,bio__env-normanweissman2019-filtered-k562-rna-baseline__cebpb,3
pred__bio__env-normanweissman2019-filtered-k562-rna-baseline__dusp9-ets2__mean-matching__dataset-heldout-split__ensemble3,bio__env-normanweissman2019-filtered-k562-rna-baseline__dusp9-ets2,0
pred__bio__env-normanweissman2019-filtered-k562-rna-baseline__cnn1-ubash3a__mean-matching__dataset-heldout-split__ensemble3,bio__env-normanweissman2019-filtered-k562-rna-baseline__cnn1-ubash3a,2
pred__bio__env-normanweissman2019-filtered-k562-rna-baseline__ptpn9__mean-matching__dataset-heldout-split__ensemble3,bio__env-normanweissman2019-filtered-k562-rna-baseline__ptpn9,2
pred__bio__env-normanweissman2019-filtered-k562-rna-baseline__map4k5__mean-matching__dataset-heldout-split__ensemble3,bio__env-normanweissman2019-filtered-k562-rna-baseline__map4k5,2
pred__bio__env-normanweissman2019-filtered-k562-rna-baseline__znf318__mean-matching__dataset-heldout-split__ensemble3,bio__env-normanweissman2019-filtered-k562-rna-baseline__znf318,1
pred__bio__env-normanweissman2019-filtered-k562-rna-baseline__tgfbr2-prtg__mean-matching__dataset-heldout-split__ensemble3,bio__env-normanweissman2019-filtered-k562-rna-baseline__tgfbr2-prtg,2
pred__bio__env-normanweissman2019-filtered-k562-rna-baseline__ets2-cebpe__mean-matching__dataset-heldout-split__ensemble3,bio__env-normanweissman2019-filtered-k562-rna-baseline__ets2-cebpe,0
pred__bio__env-normanweissman2019-filtered-k562-rna-baseline__sgk1-s1pr2__mean-matching__dataset-heldout-split__ensemble3,bio__env-normanweissman2019-filtered-k562-rna-baseline__sgk1-s1pr2,3
pred__bio__env-normanweissman2019-filtered-k562-rna-baseline__foxf1-foxl2__mean-matching__dataset-heldout-split__ensemble3,bio__env-normanweissman2019-filtered-k562-rna-baseline__foxf1-foxl2,4
pred__bio__env-normanweissman2019-filtered-k562-rna-baseline__dusp9__mean-matching__dataset-heldout-split__ensemble3,bio__env-normanweissman2019-filtered-k562-rna-baseline__dusp9,0
pred__bio__env-normanweissman2019-filtered-k562-rna-baseline__cebpa__mean-matching__dataset-heldout-split__ensemble3,bio__env-normanweissman2019-filtered-k562-rna-baseline__cebpa,2
pred__bio__env-normanweissman2019-filtered-k562-rna-baseline__slc38a2__mean-matching__dataset-heldout-split__ensemble3,bio__env-normanweissman2019-filtered-k562-rna-baseline__slc38a2,0
pred__bio__env-normanweissman2019-filtered-k562-rna-baseline__ubash3b-ptpn9__mean-matching__dataset-heldout-split__ensemble3,bio__env-normanweissman2019-filtered-k562-rna-baseline__ubash3b-ptpn9,2
pred__bio__env-normanweissman2019-filtered-k562-rna-baseline__hnf4a__mean-matching__dataset-heldout-split__ensemble3,bio__env-normanweissman2019-filtered-k562-rna-baseline__hnf4a,4
pred__bio__env-normanweissman2019-filtered-k562-rna-baseline__isl2__mean-matching__dataset-heldout-split__ensemble3,bio__env-normanweissman2019-filtered-k562-rna-baseline__isl2,0
pred__bio__env-normanweissman2019-filtered-k562-rna-baseline__rhoxf2-set__mean-matching__dataset-heldout-split__ensemble3,bio__env-normanweissman2019-filtered-k562-rna-baseline__rhoxf2-set,1
pred__bio__env-normanweissman2019-filtered-k562-rna-baseline__tsc22d1__mean-matching__dataset-heldout-split__ensemble3,bio__env-normanweissman2019-filtered-k562-rna-baseline__tsc22d1,3
pred__bio__env-normanweissman2019-filtered-k562-rna-baseline__cbfa2t3__mean-matching__dataset-heldout-split__ensemble3,bio__env-normanweissman2019-filtered-k562-rna-baseline__cbfa2t3,0
pred__bio__env-normanweissman2019-filtered-k562-rna-baseline__fosb-ubash3b__mean-matching__dataset-heldout-split__ensemble3,bio__env-normanweissman2019-filtered-k562-rna-baseline__fosb-ubash3b,2
pred__bio__env-normanweissman2019-filtered-k562-rna-baseline__tp73__mean-matching__dataset-heldout-split__ensemble3,bio__env-normanweissman2019-filtered-k562-rna-baseline__tp73,4
pred__bio__env-normanweissman2019-filtered-k562-rna-baseline__lhx1-elmsan1__mean-matching__dataset-heldout-split__ensemble3,bio__env-normanweissman2019-filtered-k562-rna-baseline__lhx1-elmsan1,4
pred__bio__env-normanweissman2019-filtered-k562-rna-baseline__fosb-osr2__mean-matching__dataset-heldout-split__ensemble3,bio__env-normanweissman2019-filtered-k562-rna-baseline__fosb-osr2,2
pred__bio__env-normanweissman2019-filtered-k562-rna-baseline__kif2c__mean-matching__dataset-heldout-split__ensemble3,bio__env-normanweissman2019-filtered-k562-rna-baseline__kif2c,1
pred__bio__env-normanweissman2019-filtered-k562-rna-baseline__cbl__mean-matching__dataset-heldout-split__ensemble3,bio__env-normanweissman2019-filtered-k562-rna-baseline__cbl,0
pred__bio__env-normanweissman2019-filtered-k562-rna-baseline__zc3hav1-hoxc13__mean-matching__dataset-heldout-split__ensemble3,bio__env-normanweissman2019-filtered-k562-rna-baseline__zc3hav1-hoxc13,2
pred__bio__env-normanweissman2019-filtered-k562-rna-baseline__rreb1__mean-matching__dataset-heldout-split__ensemble3,bio__env-normanweissman2019-filtered-k562-rna-baseline__rreb1,4
pred__bio__env-normanweissman2019-filtered-k562-rna-baseline__ahr__mean-matching__dataset-heldout-split__ensemble3,bio__env-normanweissman2019-filtered-k562-rna-baseline__ahr,1
pred__bio__env-normanweissman2019-filtered-k562-rna-baseline__znf318-foxl2__mean-matching__dataset-heldout-split__ensemble3,bio__env-normanweissman2019-filtered-k562-rna-baseline__znf318-foxl2,0
pred__bio__env-normanweissman2019-filtered-k562-rna-baseline__ets2-mapk1__mean-matching__dataset-heldout-split__ensemble3,bio__env-normanweissman2019-filtered-k562-rna-baseline__ets2-mapk1,3
pred__bio__env-normanweissman2019-filtered-k562-rna-baseline__zbtb10__mean-matching__dataset-heldout-split__ensemble3,bio__env-normanweissman2019-filtered-k562-rna-baseline__zbtb10,3
pred__bio__env-normanweissman2019-filtered-k562-rna-baseline__dusp9-mapk1__mean-matching__dataset-heldout-split__ensemble3,bio__env-normanweissman2019-filtered-k562-rna-baseline__dusp9-mapk1,2
pred__bio__env-normanweissman2019-filtered-k562-rna-baseline__cbl-cnn1__mean-matching__dataset-heldout-split__ensemble3,bio__env-normanweissman2019-filtered-k562-rna-baseline__cbl-cnn1,1
pred__bio__env-normanweissman2019-filtered-k562-rna-baseline__zbtb10-snai1__mean-matching__dataset-heldout-split__ensemble3,bio__env-normanweissman2019-filtered-k562-rna-baseline__zbtb10-snai1,3
pred__bio__env-normanweissman2019-filtered-k562-rna-baseline__bpgm-samd1__mean-matching__dataset-heldout-split__ensemble3,bio__env-normanweissman2019-filtered-k562-rna-baseline__bpgm-samd1,3
pred__bio__env-normanweissman2019-filtered-k562-rna-baseline__stil__mean-matching__dataset-heldout-split__ensemble3,bio__env-normanweissman2019-filtered-k562-rna-baseline__stil,4
pred__bio__env-normanweissman2019-filtered-k562-rna-baseline__foxa3-hoxb9__mean-matching__dataset-heldout-split__ensemble3,bio__env-normanweissman2019-filtered-k562-rna-baseline__foxa3-hoxb9,2
pred__bio__env-normanweissman2019-filtered-k562-rna-baseline__tgfbr2-ets2__mean-matching__dataset-heldout-split__ensemble3,bio__env-normanweissman2019-filtered-k562-rna-baseline__tgfbr2-ets2,4
pred__bio__env-normanweissman2019-filtered-k562-rna-baseline__zbtb10-elmsan1__mean-matching__dataset-heldout-split__ensemble3,bio__env-normanweissman2019-filtered-k562-rna-baseline__zbtb10-elmsan1,2
pred__bio__env-normanweissman2019-filtered-k562-rna-baseline__foxa1-foxl2__mean-matching__dataset-heldout-split__ensemble3,bio__env-normanweissman2019-filtered-k562-rna-baseline__foxa1-foxl2,4
pred__bio__env-normanweissman2019-filtered-k562-rna-baseline__cebpe-cebpb__mean-matching__dataset-heldout-split__ensemble3,bio__env-normanweissman2019-filtered-k562-rna-baseline__cebpe-cebpb,0
pred__bio__env-normanweissman2019-filtered-k562-rna-baseline__jun__mean-matching__dataset-heldout-split__ensemble3,bio__env-normanweissman2019-filtered-k562-rna-baseline__jun,4
pred__bio__env-normanweissman2019-filtered-k562-rna-baseline__lyl1-ier5l__mean-matching__dataset-heldout-split__ensemble3,bio__env-normanweissman2019-filtered-k562-rna-baseline__lyl1-ier5l,4
pred__bio__env-normanweissman2019-filtered-k562-rna-baseline__foxa1-hoxb9__mean-matching__dataset-heldout-split__ensemble3,bio__env-normanweissman2019-filtered-k562-rna-baseline__foxa1-hoxb9,3
pred__bio__env-normanweissman2019-filtered-k562-rna-baseline__fev-isl2__mean-matching__dataset-heldout-split__ensemble3,bio__env-normanweissman2019-filtered-k562-rna-baseline__fev-isl2,4
pred__bio__env-normanweissman2019-filtered-k562-rna-baseline__samd1-zbtb1__mean-matching__dataset-heldout-split__ensemble3,bio__env-normanweissman2019-filtered-k562-rna-baseline__samd1-zbtb1,3
pred__bio__env-normanweissman2019-filtered-k562-rna-baseline__tmsb4x-bak1__mean-matching__dataset-heldout-split__ensemble3,bio__env-normanweissman2019-filtered-k562-rna-baseline__tmsb4x-bak1,0
pred__bio__env-normanweissman2019-filtered-k562-rna-baseline__cebpb-ptpn12__mean-matching__dataset-heldout-split__ensemble3,bio__env-normanweissman2019-filtered-k562-rna-baseline__cebpb-ptpn12,3
pred__bio__env-normanweissman2019-filtered-k562-rna-baseline__foxa1-foxf1__mean-matching__dataset-heldout-split__ensemble3,bio__env-normanweissman2019-filtered-k562-rna-baseline__foxa1-foxf1,0
pred__bio__env-normanweissman2019-filtered-k562-rna-baseline__fev__mean-matching__dataset-heldout-split__ensemble3,bio__env-normanweissman2019-filtered-k562-rna-baseline__fev,1
pred__bio__env-normanweissman2019-filtered-k562-rna-baseline__klf1-cebpa__mean-matching__dataset-heldout-split__ensemble3,bio__env-normanweissman2019-filtered-k562-rna-baseline__klf1-cebpa,0
pred__bio__env-normanweissman2019-filtered-k562-rna-baseline__fosb-ikzf3__mean-matching__dataset-heldout-split__ensemble3,bio__env-normanweissman2019-filtered-k562-rna-baseline__fosb-ikzf3,3
pred__bio__env-normanweissman2019-filtered-k562-rna-baseline__foxl2-meis1__mean-matching__dataset-heldout-split__ensemble3,bio__env-normanweissman2019-filtered-k562-rna-baseline__foxl2-meis1,3
pred__bio__env-normanweissman2019-filtered-k562-rna-baseline__klf1-cldn6__mean-matching__dataset-heldout-split__ensemble3,bio__env-normanweissman2019-filtered-k562-rna-baseline__klf1-cldn6,4
pred__bio__env-normanweissman2019-filtered-k562-rna-baseline__hoxc13__mean-matching__dataset-heldout-split__ensemble3,bio__env-normanweissman2019-filtered-k562-rna-baseline__hoxc13,0
pred__bio__env-normanweissman2019-filtered-k562-rna-baseline__lhx1__mean-matching__dataset-heldout-split__ensemble3,bio__env-normanweissman2019-filtered-k562-rna-baseline__lhx1,0
pred__bio__env-normanweissman2019-filtered-k562-rna-baseline__zbtb10-ptpn12__mean-matching__dataset-heldout-split__ensemble3,bio__env-normanweissman2019-filtered-k562-rna-baseline__zbtb10-ptpn12,1
pred__bio__env-normanweissman2019-filtered-k562-rna-baseline__prdm1__mean-matching__dataset-heldout-split__ensemble3,bio__env-normanweissman2019-filtered-k562-rna-baseline__prdm1,4
pred__bio__env-normanweissman2019-filtered-k562-rna-baseline__foxf1-hoxb9__mean-matching__dataset-heldout-split__ensemble3,bio__env-normanweissman2019-filtered-k562-rna-baseline__foxf1-hoxb9,4
pred__bio__env-normanweissman2019-filtered-k562-rna-baseline__foxo4__mean-matching__dataset-heldout-split__ensemble3,bio__env-normanweissman2019-filtered-k562-rna-baseline__foxo4,2
pred__bio__env-normanweissman2019-filtered-k562-rna-baseline__hes7__mean-matching__dataset-heldout-split__ensemble3,bio__env-normanweissman2019-filtered-k562-rna-baseline__hes7,2
pred__bio__env-normanweissman2019-filtered-k562-rna-baseline__dusp9-snai1__mean-matching__dataset-heldout-split__ensemble3,bio__env-normanweissman2019-filtered-k562-rna-baseline__dusp9-snai1,0
pred__bio__env-normanweissman2019-filtered-k562-rna-baseline__rhoxf2__mean-matching__dataset-heldout-split__ensemble3,bio__env-normanweissman2019-filtered-k562-rna-baseline__rhoxf2,2
pred__bio__env-normanweissman2019-filtered-k562-rna-baseline__cebpe-spi1__mean-matching__dataset-heldout-split__ensemble3,bio__env-normanweissman2019-filtered-k562-rna-baseline__cebpe-spi1,4
pred__bio__env-normanweissman2019-filtered-k562-rna-baseline__cebpb-osr2__mean-matching__dataset-heldout-split__ensemble3,bio__env-normanweissman2019-filtered-k562-rna-baseline__cebpb-osr2,4
pred__bio__env-normanweissman2019-filtered-k562-rna-baseline__ahr-klf1__mean-matching__dataset-heldout-split__ensemble3,bio__env-normanweissman2019-filtered-k562-rna-baseline__ahr-klf1,0
pred__bio__env-normanweissman2019-filtered-k562-rna-baseline__hoxa13__mean-matching__dataset-heldout-split__ensemble3,bio__env-normanweissman2019-filtered-k562-rna-baseline__hoxa13,3
pred__bio__env-normanweissman2019-filtered-k562-rna-baseline__map2k3-slc38a2__mean-matching__dataset-heldout-split__ensemble3,bio__env-normanweissman2019-filtered-k562-rna-baseline__map2k3-slc38a2,3
pred__bio__env-normanweissman2019-filtered-k562-rna-baseline__pou3f2-foxl2__mean-matching__dataset-heldout-split__ensemble3,bio__env-normanweissman2019-filtered-k562-rna-baseline__pou3f2-foxl2,0
pred__bio__env-normanweissman2019-filtered-k562-rna-baseline__pou3f2-cbfa2t3__mean-matching__dataset-heldout-split__ensemble3,bio__env-normanweissman2019-filtered-k562-rna-baseline__pou3f2-cbfa2t3,1
pred__bio__env-normanweissman2019-filtered-k562-rna-baseline__foxl2-hoxb9__mean-matching__dataset-heldout-split__ensemble3,bio__env-normanweissman2019-filtered-k562-rna-baseline__foxl2-hoxb9,2
pred__bio__env-normanweissman2019-filtered-k562-rna-baseline__cebpe-cebpa__mean-matching__dataset-heldout-split__ensemble3,bio__env-normanweissman2019-filtered-k562-rna-baseline__cebpe-cebpa,1
pred__bio__env-normanweissman2019-filtered-k562-rna-baseline__ahr-fev__mean-matching__dataset-heldout-split__ensemble3,bio__env-normanweissman2019-filtered-k562-rna-baseline__ahr-fev,1
pred__bio__env-normanweissman2019-filtered-k562-rna-baseline__zbtb10-dlx2__mean-matching__dataset-heldout-split__ensemble3,bio__env-normanweissman2019-filtered-k562-rna-baseline__zbtb10-dlx2,2
pred__bio__env-normanweissman2019-filtered-k562-rna-baseline__dusp9-klf1__mean-matching__dataset-heldout-split__ensemble3,bio__env-normanweissman2019-filtered-k562-rna-baseline__dusp9-klf1,3
pred__bio__env-normanweissman2019-filtered-k562-rna-baseline__fosb-cebpe__mean-matching__dataset-heldout-split__ensemble3,bio__env-normanweissman2019-filtered-k562-rna-baseline__fosb-cebpe,4
pred__bio__env-normanweissman2019-filtered-k562-rna-baseline__fev-cbfa2t3__mean-matching__dataset-heldout-split__ensemble3,bio__env-normanweissman2019-filtered-k562-rna-baseline__fev-cbfa2t3,0
pred__bio__env-normanweissman2019-filtered-k562-rna-baseline__cdkn1c-cdkn1b__mean-matching__dataset-heldout-split__ensemble3,bio__env-normanweissman2019-filtered-k562-rna-baseline__cdkn1c-cdkn1b,3
pred__bio__env-normanweissman2019-filtered-k562-rna-baseline__snai1-dlx2__mean-matching__dataset-heldout-split__ensemble3,bio__env-normanweissman2019-filtered-k562-rna-baseline__snai1-dlx2,4
pred__bio__env-normanweissman2019-filtered-k562-rna-baseline__cbl-ubash3a__mean-matching__dataset-heldout-split__ensemble3,bio__env-normanweissman2019-filtered-k562-rna-baseline__cbl-ubash3a,0
pred__bio__env-normanweissman2019-filtered-k562-rna-baseline__kif18b-kif2c__mean-matching__dataset-heldout-split__ensemble3,bio__env-normanweissman2019-filtered-k562-rna-baseline__kif18b-kif2c,0
pred__bio__env-normanweissman2019-filtered-k562-rna-baseline__jun-cebpa__mean-matching__dataset-heldout-split__ensemble3,bio__env-normanweissman2019-filtered-k562-rna-baseline__jun-cebpa,0
pred__bio__env-normanweissman2019-filtered-k562-rna-baseline__samd1-tgfbr2__mean-matching__dataset-heldout-split__ensemble3,bio__env-normanweissman2019-filtered-k562-rna-baseline__samd1-tgfbr2,0
pred__bio__env-normanweissman2019-filtered-k562-rna-baseline__cebpb-cebpa__mean-matching__dataset-heldout-split__ensemble3,bio__env-normanweissman2019-filtered-k562-rna-baseline__cebpb-cebpa,2
pred__bio__env-normanweissman2019-filtered-k562-rna-baseline__prdm1-cbfa2t3__mean-matching__dataset-heldout-split__ensemble3,bio__env-normanweissman2019-filtered-k562-rna-baseline__prdm1-cbfa2t3,2
pred__bio__env-normanweissman2019-filtered-k562-rna-baseline__c3orf72-foxl2__mean-matching__dataset-heldout-split__ensemble3,bio__env-normanweissman2019-filtered-k562-rna-baseline__c3orf72-foxl2,4
pred__bio__env-normanweissman2019-filtered-k562-rna-baseline__zc3hav1-cebpa__mean-matching__dataset-heldout-split__ensemble3,bio__env-normanweissman2019-filtered-k562-rna-baseline__zc3hav1-cebpa,2
pred__bio__env-normanweissman2019-filtered-k562-rna-baseline__jun-cebpb__mean-matching__dataset-heldout-split__ensemble3,bio__env-normanweissman2019-filtered-k562-rna-baseline__jun-cebpb,2
pred__bio__env-normanweissman2019-filtered-k562-rna-baseline__fosb-cebpb__mean-matching__dataset-heldout-split__ensemble3,bio__env-normanweissman2019-filtered-k562-rna-baseline__fosb-cebpb,1
pred__bio__env-normanweissman2019-filtered-k562-rna-baseline__arid1a__ridge__dataset-heldout-split__ensemble3,bio__env-normanweissman2019-filtered-k562-rna-baseline__arid1a,4
pred__bio__env-normanweissman2019-filtered-k562-rna-baseline__osr2__ridge__dataset-heldout-split__ensemble3,bio__env-normanweissman2019-filtered-k562-rna-baseline__osr2,4
pred__bio__env-normanweissman2019-filtered-k562-rna-baseline__foxa3-foxl2__ridge__dataset-heldout-split__ensemble3,bio__env-normanweissman2019-filtered-k562-rna-baseline__foxa3-foxl2,3
pred__bio__env-normanweissman2019-filtered-k562-rna-baseline__control__ridge__dataset-heldout-split__ensemble3,bio__env-normanweissman2019-filtered-k562-rna-baseline__control,3
pred__bio__env-normanweissman2019-filtered-k562-rna-baseline__bcorl1__ridge__dataset-heldout-split__ensemble3,bio__env-normanweissman2019-filtered-k562-rna-baseline__bcorl1,0
pred__bio__env-normanweissman2019-filtered-k562-rna-baseline__set__ridge__dataset-heldout-split__ensemble3,bio__env-normanweissman2019-filtered-k562-rna-baseline__set,2
pred__bio__env-normanweissman2019-filtered-k562-rna-baseline__slc4a1__ridge__dataset-heldout-split__ensemble3,bio__env-normanweissman2019-filtered-k562-rna-baseline__slc4a1,4
pred__bio__env-normanweissman2019-filtered-k562-rna-baseline__runx1t1__ridge__dataset-heldout-split__ensemble3,bio__env-normanweissman2019-filtered-k562-rna-baseline__runx1t1,3
pred__bio__env-normanweissman2019-filtered-k562-rna-baseline__cdkn1c-cdkn1a__ridge__dataset-heldout-split__ensemble3,bio__env-normanweissman2019-filtered-k562-rna-baseline__cdkn1c-cdkn1a,0
pred__bio__env-normanweissman2019-filtered-k562-rna-baseline__tgfbr2__ridge__dataset-heldout-split__ensemble3,bio__env-normanweissman2019-filtered-k562-rna-baseline__tgfbr2,2
pred__bio__env-normanweissman2019-filtered-k562-rna-baseline__cdkn1a__ridge__dataset-heldout-split__ensemble3,bio__env-normanweissman2019-filtered-k562-rna-baseline__cdkn1a,2
pred__bio__env-normanweissman2019-filtered-k562-rna-baseline__zc3hav1-cebpe__ridge__dataset-heldout-split__ensemble3,bio__env-normanweissman2019-filtered-k562-rna-baseline__zc3hav1-cebpe,3
pred__bio__env-normanweissman2019-filtered-k562-rna-baseline__irf1-set__ridge__dataset-heldout-split__ensemble3,bio__env-normanweissman2019-filtered-k562-rna-baseline__irf1-set,1
pred__bio__env-normanweissman2019-filtered-k562-rna-baseline__igdcc3-prtg__ridge__dataset-heldout-split__ensemble3,bio__env-normanweissman2019-filtered-k562-rna-baseline__igdcc3-prtg,1
pred__bio__env-normanweissman2019-filtered-k562-rna-baseline__bcl2l11-bak1__ridge__dataset-heldout-split__ensemble3,bio__env-normanweissman2019-filtered-k562-rna-baseline__bcl2l11-bak1,2
pred__bio__env-normanweissman2019-filtered-k562-rna-baseline__tbx3__ridge__dataset-heldout-split__ensemble3,bio__env-normanweissman2019-filtered-k562-rna-baseline__tbx3,4
pred__bio__env-normanweissman2019-filtered-k562-rna-baseline__bpgm-zbtb1__ridge__dataset-heldout-split__ensemble3,bio__env-normanweissman2019-filtered-k562-rna-baseline__bpgm-zbtb1,2
pred__bio__env-normanweissman2019-filtered-k562-rna-baseline__cdkn1b__ridge__dataset-heldout-split__ensemble3,bio__env-normanweissman2019-filtered-k562-rna-baseline__cdkn1b,3
pred__bio__env-normanweissman2019-filtered-k562-rna-baseline__cited1__ridge__dataset-heldout-split__ensemble3,bio__env-normanweissman2019-filtered-k562-rna-baseline__cited1,2
pred__bio__env-normanweissman2019-filtered-k562-rna-baseline__map2k6-elmsan1__ridge__dataset-heldout-split__ensemble3,bio__env-normanweissman2019-filtered-k562-rna-baseline__map2k6-elmsan1,1
pred__bio__env-normanweissman2019-filtered-k562-rna-baseline__ubash3b-osr2__ridge__dataset-heldout-split__ensemble3,bio__env-normanweissman2019-filtered-k562-rna-baseline__ubash3b-osr2,4
pred__bio__env-normanweissman2019-filtered-k562-rna-baseline__bak1__ridge__dataset-heldout-split__ensemble3,bio__env-normanweissman2019-filtered-k562-rna-baseline__bak1,4
pred__bio__env-normanweissman2019-filtered-k562-rna-baseline__cdkn1c__ridge__dataset-heldout-split__ensemble3,bio__env-normanweissman2019-filtered-k562-rna-baseline__cdkn1c,1
pred__bio__env-normanweissman2019-filtered-k562-rna-baseline__tmsb4x__ridge__dataset-heldout-split__ensemble3,bio__env-normanweissman2019-filtered-k562-rna-baseline__tmsb4x,1
pred__bio__env-normanweissman2019-filtered-k562-rna-baseline__foxa3-foxa1__ridge__dataset-heldout-split__ensemble3,bio__env-normanweissman2019-filtered-k562-rna-baseline__foxa3-foxa1,0
pred__bio__env-normanweissman2019-filtered-k562-rna-baseline__ptpn12-ptpn9__ridge__dataset-heldout-split__ensemble3,bio__env-normanweissman2019-filtered-k562-rna-baseline__ptpn12-ptpn9,4
pred__bio__env-normanweissman2019-filtered-k562-rna-baseline__igdcc3-mapk1__ridge__dataset-heldout-split__ensemble3,bio__env-normanweissman2019-filtered-k562-rna-baseline__igdcc3-mapk1,2
pred__bio__env-normanweissman2019-filtered-k562-rna-baseline__tbx3-tbx2__ridge__dataset-heldout-split__ensemble3,bio__env-normanweissman2019-filtered-k562-rna-baseline__tbx3-tbx2,3
pred__bio__env-normanweissman2019-filtered-k562-rna-baseline__plk4__ridge__dataset-heldout-split__ensemble3,bio__env-normanweissman2019-filtered-k562-rna-baseline__plk4,3
pred__bio__env-normanweissman2019-filtered-k562-rna-baseline__slc6a9__ridge__dataset-heldout-split__ensemble3,bio__env-normanweissman2019-filtered-k562-rna-baseline__slc6a9,3
pred__bio__env-normanweissman2019-filtered-k562-rna-baseline__cnnm4__ridge__dataset-heldout-split__ensemble3,bio__env-normanweissman2019-filtered-k562-rna-baseline__cnnm4,1
pred__bio__env-normanweissman2019-filtered-k562-rna-baseline__klf1__ridge__dataset-heldout-split__ensemble3,bio__env-normanweissman2019-filtered-k562-rna-baseline__klf1,0
pred__bio__env-normanweissman2019-filtered-k562-rna-baseline__egr1__ridge__dataset-heldout-split__ensemble3,bio__env-normanweissman2019-filtered-k562-rna-baseline__egr1,3
pred__bio__env-normanweissman2019-filtered-k562-rna-baseline__meis1__ridge__dataset-heldout-split__ensemble3,bio__env-normanweissman2019-filtered-k562-rna-baseline__meis1,2
pred__bio__env-normanweissman2019-filtered-k562-rna-baseline__tbx2__ridge__dataset-heldout-split__ensemble3,bio__env-normanweissman2019-filtered-k562-rna-baseline__tbx2,3
pred__bio__env-normanweissman2019-filtered-k562-rna-baseline__cdkn1b-cdkn1a__ridge__dataset-heldout-split__ensemble3,bio__env-normanweissman2019-filtered-k562-rna-baseline__cdkn1b-cdkn1a,2
pred__bio__env-normanweissman2019-filtered-k562-rna-baseline__ets2-prtg__ridge__dataset-heldout-split__ensemble3,bio__env-normanweissman2019-filtered-k562-rna-baseline__ets2-prtg,2
pred__bio__env-normanweissman2019-filtered-k562-rna-baseline__cbl-ptpn9__ridge__dataset-heldout-split__ensemble3,bio__env-normanweissman2019-filtered-k562-rna-baseline__cbl-ptpn9,1
pred__bio__env-normanweissman2019-filtered-k562-rna-baseline__map2k3-elmsan1__ridge__dataset-heldout-split__ensemble3,bio__env-normanweissman2019-filtered-k562-rna-baseline__map2k3-elmsan1,1
pred__bio__env-normanweissman2019-filtered-k562-rna-baseline__cldn6__ridge__dataset-heldout-split__ensemble3,bio__env-normanweissman2019-filtered-k562-rna-baseline__cldn6,0
pred__bio__env-normanweissman2019-filtered-k562-rna-baseline__ubash3b__ridge__dataset-heldout-split__ensemble3,bio__env-normanweissman2019-filtered-k562-rna-baseline__ubash3b,1
pred__bio__env-normanweissman2019-filtered-k562-rna-baseline__arrdc3__ridge__dataset-heldout-split__ensemble3,bio__env-normanweissman2019-filtered-k562-rna-baseline__arrdc3,2
pred__bio__env-normanweissman2019-filtered-k562-rna-baseline__elmsan1__ridge__dataset-heldout-split__ensemble3,bio__env-normanweissman2019-filtered-k562-rna-baseline__elmsan1,2
pred__bio__env-normanweissman2019-filtered-k562-rna-baseline__ptpn12-ubash3a__ridge__dataset-heldout-split__ensemble3,bio__env-normanweissman2019-filtered-k562-rna-baseline__ptpn12-ubash3a,2
pred__bio__env-normanweissman2019-filtered-k562-rna-baseline__col2a1__ridge__dataset-heldout-split__ensemble3,bio__env-normanweissman2019-filtered-k562-rna-baseline__col2a1,4
pred__bio__env-normanweissman2019-filtered-k562-rna-baseline__mapk1-prtg__ridge__dataset-heldout-split__ensemble3,bio__env-normanweissman2019-filtered-k562-rna-baseline__mapk1-prtg,4
pred__bio__env-normanweissman2019-filtered-k562-rna-baseline__klf1-map2k6__ridge__dataset-heldout-split__ensemble3,bio__env-normanweissman2019-filtered-k562-rna-baseline__klf1-map2k6,3
pred__bio__env-normanweissman2019-filtered-k562-rna-baseline__set-klf1__ridge__dataset-heldout-split__ensemble3,bio__env-normanweissman2019-filtered-k562-rna-baseline__set-klf1,0
pred__bio__env-normanweissman2019-filtered-k562-rna-baseline__ets2-igdcc3__ridge__dataset-heldout-split__ensemble3,bio__env-normanweissman2019-filtered-k562-rna-baseline__ets2-igdcc3,1
pred__bio__env-normanweissman2019-filtered-k562-rna-baseline__zbtb25__ridge__dataset-heldout-split__ensemble3,bio__env-normanweissman2019-filtered-k562-rna-baseline__zbtb25,0
pred__bio__env-normanweissman2019-filtered-k562-rna-baseline__csrnp1__ridge__dataset-heldout-split__ensemble3,bio__env-normanweissman2019-filtered-k562-rna-baseline__csrnp1,2
pred__bio__env-normanweissman2019-filtered-k562-rna-baseline__snai1__ridge__dataset-heldout-split__ensemble3,bio__env-normanweissman2019-filtered-k562-rna-baseline__snai1,2
pred__bio__env-normanweissman2019-filtered-k562-rna-baseline__ubash3b-ubash3a__ridge__dataset-heldout-split__ensemble3,bio__env-normanweissman2019-filtered-k562-rna-baseline__ubash3b-ubash3a,1
pred__bio__env-normanweissman2019-filtered-k562-rna-baseline__nit1__ridge__dataset-heldout-split__ensemble3,bio__env-normanweissman2019-filtered-k562-rna-baseline__nit1,0
pred__bio__env-normanweissman2019-filtered-k562-rna-baseline__spi1__ridge__dataset-heldout-split__ensemble3,bio__env-normanweissman2019-filtered-k562-rna-baseline__spi1,0
pred__bio__env-normanweissman2019-filtered-k562-rna-baseline__cbl-ptpn12__ridge__dataset-heldout-split__ensemble3,bio__env-normanweissman2019-filtered-k562-rna-baseline__cbl-ptpn12,2
pred__bio__env-normanweissman2019-filtered-k562-rna-baseline__foxa3__ridge__dataset-heldout-split__ensemble3,bio__env-normanweissman2019-filtered-k562-rna-baseline__foxa3,1
pred__bio__env-normanweissman2019-filtered-k562-rna-baseline__ubash3b-zbtb25__ridge__dataset-heldout-split__ensemble3,bio__env-normanweissman2019-filtered-k562-rna-baseline__ubash3b-zbtb25,0
pred__bio__env-normanweissman2019-filtered-k562-rna-baseline__ubash3b-ptpn12__ridge__dataset-heldout-split__ensemble3,bio__env-normanweissman2019-filtered-k562-rna-baseline__ubash3b-ptpn12,3
pred__bio__env-normanweissman2019-filtered-k562-rna-baseline__foxl2__ridge__dataset-heldout-split__ensemble3,bio__env-normanweissman2019-filtered-k562-rna-baseline__foxl2,4
pred__bio__env-normanweissman2019-filtered-k562-rna-baseline__ubash3a__ridge__dataset-heldout-split__ensemble3,bio__env-normanweissman2019-filtered-k562-rna-baseline__ubash3a,2
pred__bio__env-normanweissman2019-filtered-k562-rna-baseline__ptpn1__ridge__dataset-heldout-split__ensemble3,bio__env-normanweissman2019-filtered-k562-rna-baseline__ptpn1,2
pred__bio__env-normanweissman2019-filtered-k562-rna-baseline__ptpn12-zbtb25__ridge__dataset-heldout-split__ensemble3,bio__env-normanweissman2019-filtered-k562-rna-baseline__ptpn12-zbtb25,1
pred__bio__env-normanweissman2019-filtered-k562-rna-baseline__map7d1__ridge__dataset-heldout-split__ensemble3,bio__env-normanweissman2019-filtered-k562-rna-baseline__map7d1,2
pred__bio__env-normanweissman2019-filtered-k562-rna-baseline__map2k3__ridge__dataset-heldout-split__ensemble3,bio__env-normanweissman2019-filtered-k562-rna-baseline__map2k3,2
pred__bio__env-normanweissman2019-filtered-k562-rna-baseline__klf1-bak1__ridge__dataset-heldout-split__ensemble3,bio__env-normanweissman2019-filtered-k562-rna-baseline__klf1-bak1,4
pred__bio__env-normanweissman2019-filtered-k562-rna-baseline__igdcc3-zbtb25__ridge__dataset-heldout-split__ensemble3,bio__env-normanweissman2019-filtered-k562-rna-baseline__igdcc3-zbtb25,1
pred__bio__env-normanweissman2019-filtered-k562-rna-baseline__cebpe-cnn1__ridge__dataset-heldout-split__ensemble3,bio__env-normanweissman2019-filtered-k562-rna-baseline__cebpe-cnn1,4
pred__bio__env-normanweissman2019-filtered-k562-rna-baseline__mapk1-tgfbr2__ridge__dataset-heldout-split__ensemble3,bio__env-normanweissman2019-filtered-k562-rna-baseline__mapk1-tgfbr2,3
pred__bio__env-normanweissman2019-filtered-k562-rna-baseline__irf1__ridge__dataset-heldout-split__ensemble3,bio__env-normanweissman2019-filtered-k562-rna-baseline__irf1,2
pred__bio__env-normanweissman2019-filtered-k562-rna-baseline__mapk1-ikzf3__ridge__dataset-heldout-split__ensemble3,bio__env-normanweissman2019-filtered-k562-rna-baseline__mapk1-ikzf3,0
pred__bio__env-normanweissman2019-filtered-k562-rna-baseline__ikzf3__ridge__dataset-heldout-split__ensemble3,bio__env-normanweissman2019-filtered-k562-rna-baseline__ikzf3,0
pred__bio__env-normanweissman2019-filtered-k562-rna-baseline__cnn1-mapk1__ridge__dataset-heldout-split__ensemble3,bio__env-normanweissman2019-filtered-k562-rna-baseline__cnn1-mapk1,3
pred__bio__env-normanweissman2019-filtered-k562-rna-baseline__ptpn12__ridge__dataset-heldout-split__ensemble3,bio__env-normanweissman2019-filtered-k562-rna-baseline__ptpn12,1
pred__bio__env-normanweissman2019-filtered-k562-rna-baseline__prtg__ridge__dataset-heldout-split__ensemble3,bio__env-normanweissman2019-filtered-k562-rna-baseline__prtg,3
pred__bio__env-normanweissman2019-filtered-k562-rna-baseline__fosb__ridge__dataset-heldout-split__ensemble3,bio__env-normanweissman2019-filtered-k562-rna-baseline__fosb,2
pred__bio__env-normanweissman2019-filtered-k562-rna-baseline__tgfbr2-c19orf26__ridge__dataset-heldout-split__ensemble3,bio__env-normanweissman2019-filtered-k562-rna-baseline__tgfbr2-c19orf26,0
pred__bio__env-normanweissman2019-filtered-k562-rna-baseline__igdcc3__ridge__dataset-heldout-split__ensemble3,bio__env-normanweissman2019-filtered-k562-rna-baseline__igdcc3,3
pred__bio__env-normanweissman2019-filtered-k562-rna-baseline__col1a1__ridge__dataset-heldout-split__ensemble3,bio__env-normanweissman2019-filtered-k562-rna-baseline__col1a1,0
pred__bio__env-normanweissman2019-filtered-k562-rna-baseline__kmt2a__ridge__dataset-heldout-split__ensemble3,bio__env-normanweissman2019-filtered-k562-rna-baseline__kmt2a,1
pred__bio__env-normanweissman2019-filtered-k562-rna-baseline__bpgm__ridge__dataset-heldout-split__ensemble3,bio__env-normanweissman2019-filtered-k562-rna-baseline__bpgm,4
pred__bio__env-normanweissman2019-filtered-k562-rna-baseline__map2k3-ikzf3__ridge__dataset-heldout-split__ensemble3,bio__env-normanweissman2019-filtered-k562-rna-baseline__map2k3-ikzf3,0
pred__bio__env-normanweissman2019-filtered-k562-rna-baseline__hk2__ridge__dataset-heldout-split__ensemble3,bio__env-normanweissman2019-filtered-k562-rna-baseline__hk2,0
pred__bio__env-normanweissman2019-filtered-k562-rna-baseline__klf1-col2a1__ridge__dataset-heldout-split__ensemble3,bio__env-normanweissman2019-filtered-k562-rna-baseline__klf1-col2a1,0
pred__bio__env-normanweissman2019-filtered-k562-rna-baseline__sgk1-tbx2__ridge__dataset-heldout-split__ensemble3,bio__env-normanweissman2019-filtered-k562-rna-baseline__sgk1-tbx2,2
pred__bio__env-normanweissman2019-filtered-k562-rna-baseline__bcl2l11-tgfbr2__ridge__dataset-heldout-split__ensemble3,bio__env-normanweissman2019-filtered-k562-rna-baseline__bcl2l11-tgfbr2,0
pred__bio__env-normanweissman2019-filtered-k562-rna-baseline__map2k6__ridge__dataset-heldout-split__ensemble3,bio__env-normanweissman2019-filtered-k562-rna-baseline__map2k6,2
pred__bio__env-normanweissman2019-filtered-k562-rna-baseline__ets2-cnn1__ridge__dataset-heldout-split__ensemble3,bio__env-normanweissman2019-filtered-k562-rna-baseline__ets2-cnn1,2
pred__bio__env-normanweissman2019-filtered-k562-rna-baseline__cebpe-klf1__ridge__dataset-heldout-split__ensemble3,bio__env-normanweissman2019-filtered-k562-rna-baseline__cebpe-klf1,3
pred__bio__env-normanweissman2019-filtered-k562-rna-baseline__plk4-stil__ridge__dataset-heldout-split__ensemble3,bio__env-normanweissman2019-filtered-k562-rna-baseline__plk4-stil,0
pred__bio__env-normanweissman2019-filtered-k562-rna-baseline__set-cebpe__ridge__dataset-heldout-split__ensemble3,bio__env-normanweissman2019-filtered-k562-rna-baseline__set-cebpe,1
pred__bio__env-normanweissman2019-filtered-k562-rna-baseline__kiaa1804__ridge__dataset-heldout-split__ensemble3,bio__env-normanweissman2019-filtered-k562-rna-baseline__kiaa1804,3
pred__bio__env-normanweissman2019-filtered-k562-rna-baseline__klf1-tgfbr2__ridge__dataset-heldout-split__ensemble3,bio__env-normanweissman2019-filtered-k562-rna-baseline__klf1-tgfbr2,2
pred__bio__env-normanweissman2019-filtered-k562-rna-baseline__ets2-ikzf3__ridge__dataset-heldout-split__ensemble3,bio__env-normanweissman2019-filtered-k562-rna-baseline__ets2-ikzf3,0
pred__bio__env-normanweissman2019-filtered-k562-rna-baseline__sgk1__ridge__dataset-heldout-split__ensemble3,bio__env-normanweissman2019-filtered-k562-rna-baseline__sgk1,4
pred__bio__env-normanweissman2019-filtered-k562-rna-baseline__dlx2__ridge__dataset-heldout-split__ensemble3,bio__env-normanweissman2019-filtered-k562-rna-baseline__dlx2,1
pred__bio__env-normanweissman2019-filtered-k562-rna-baseline__bcl2l11__ridge__dataset-heldout-split__ensemble3,bio__env-normanweissman2019-filtered-k562-rna-baseline__bcl2l11,3
pred__bio__env-normanweissman2019-filtered-k562-rna-baseline__cks1b__ridge__dataset-heldout-split__ensemble3,bio__env-normanweissman2019-filtered-k562-rna-baseline__cks1b,1
pred__bio__env-normanweissman2019-filtered-k562-rna-baseline__cebpe__ridge__dataset-heldout-split__ensemble3,bio__env-normanweissman2019-filtered-k562-rna-baseline__cebpe,2
pred__bio__env-normanweissman2019-filtered-k562-rna-baseline__lyl1-cebpb__ridge__dataset-heldout-split__ensemble3,bio__env-normanweissman2019-filtered-k562-rna-baseline__lyl1-cebpb,2
pred__bio__env-normanweissman2019-filtered-k562-rna-baseline__samd1__ridge__dataset-heldout-split__ensemble3,bio__env-normanweissman2019-filtered-k562-rna-baseline__samd1,1
pred__bio__env-normanweissman2019-filtered-k562-rna-baseline__maml2__ridge__dataset-heldout-split__ensemble3,bio__env-normanweissman2019-filtered-k562-rna-baseline__maml2,3
pred__bio__env-normanweissman2019-filtered-k562-rna-baseline__ets2__ridge__dataset-heldout-split__ensemble3,bio__env-normanweissman2019-filtered-k562-rna-baseline__ets2,1
pred__bio__env-normanweissman2019-filtered-k562-rna-baseline__map2k6-ikzf3__ridge__dataset-heldout-split__ensemble3,bio__env-normanweissman2019-filtered-k562-rna-baseline__map2k6-ikzf3,0
pred__bio__env-normanweissman2019-filtered-k562-rna-baseline__tgfbr2-igdcc3__ridge__dataset-heldout-split__ensemble3,bio__env-normanweissman2019-filtered-k562-rna-baseline__tgfbr2-igdcc3,3
pred__bio__env-normanweissman2019-filtered-k562-rna-baseline__zc3hav1__ridge__dataset-heldout-split__ensemble3,bio__env-normanweissman2019-filtered-k562-rna-baseline__zc3hav1,4
pred__bio__env-normanweissman2019-filtered-k562-rna-baseline__ptpn12-osr2__ridge__dataset-heldout-split__ensemble3,bio__env-normanweissman2019-filtered-k562-rna-baseline__ptpn12-osr2,0
pred__bio__env-normanweissman2019-filtered-k562-rna-baseline__ncl__ridge__dataset-heldout-split__ensemble3,bio__env-normanweissman2019-filtered-k562-rna-baseline__ncl,1
pred__bio__env-normanweissman2019-filtered-k562-rna-baseline__ptpn13__ridge__dataset-heldout-split__ensemble3,bio__env-normanweissman2019-filtered-k562-rna-baseline__ptpn13,0
pred__bio__env-normanweissman2019-filtered-k562-rna-baseline__cebpb-mapk1__ridge__dataset-heldout-split__ensemble3,bio__env-normanweissman2019-filtered-k562-rna-baseline__cebpb-mapk1,1
pred__bio__env-normanweissman2019-filtered-k562-rna-baseline__zbtb1__ridge__dataset-heldout-split__ensemble3,bio__env-normanweissman2019-filtered-k562-rna-baseline__zbtb1,4
pred__bio__env-normanweissman2019-filtered-k562-rna-baseline__map2k3-map2k6__ridge__dataset-heldout-split__ensemble3,bio__env-normanweissman2019-filtered-k562-rna-baseline__map2k3-map2k6,4
pred__bio__env-normanweissman2019-filtered-k562-rna-baseline__samd1-ubash3b__ridge__dataset-heldout-split__ensemble3,bio__env-normanweissman2019-filtered-k562-rna-baseline__samd1-ubash3b,4
pred__bio__env-normanweissman2019-filtered-k562-rna-baseline__fosb-ptpn12__ridge__dataset-heldout-split__ensemble3,bio__env-normanweissman2019-filtered-k562-rna-baseline__fosb-ptpn12,3
pred__bio__env-normanweissman2019-filtered-k562-rna-baseline__map2k6-spi1__ridge__dataset-heldout-split__ensemble3,bio__env-normanweissman2019-filtered-k562-rna-baseline__map2k6-spi1,4
pred__bio__env-normanweissman2019-filtered-k562-rna-baseline__ets2-map7d1__ridge__dataset-heldout-split__ensemble3,bio__env-normanweissman2019-filtered-k562-rna-baseline__ets2-map7d1,4
pred__bio__env-normanweissman2019-filtered-k562-rna-baseline__sgk1-tbx3__ridge__dataset-heldout-split__ensemble3,bio__env-normanweissman2019-filtered-k562-rna-baseline__sgk1-tbx3,1
pred__bio__env-normanweissman2019-filtered-k562-rna-baseline__foxf1__ridge__dataset-heldout-split__ensemble3,bio__env-normanweissman2019-filtered-k562-rna-baseline__foxf1,1
pred__bio__env-normanweissman2019-filtered-k562-rna-baseline__hoxb9__ridge__dataset-heldout-split__ensemble3,bio__env-normanweissman2019-filtered-k562-rna-baseline__hoxb9,1
pred__bio__env-normanweissman2019-filtered-k562-rna-baseline__pou3f2__ridge__dataset-heldout-split__ensemble3,bio__env-normanweissman2019-filtered-k562-rna-baseline__pou3f2,2
pred__bio__env-normanweissman2019-filtered-k562-rna-baseline__glb1l2__ridge__dataset-heldout-split__ensemble3,bio__env-normanweissman2019-filtered-k562-rna-baseline__glb1l2,1
pred__bio__env-normanweissman2019-filtered-k562-rna-baseline__c3orf72__ridge__dataset-heldout-split__ensemble3,bio__env-normanweissman2019-filtered-k562-rna-baseline__c3orf72,0
pred__bio__env-normanweissman2019-filtered-k562-rna-baseline__dusp9-igdcc3__ridge__dataset-heldout-split__ensemble3,bio__env-normanweissman2019-filtered-k562-rna-baseline__dusp9-igdcc3,4
pred__bio__env-normanweissman2019-filtered-k562-rna-baseline__foxa3-foxf1__ridge__dataset-heldout-split__ensemble3,bio__env-normanweissman2019-filtered-k562-rna-baseline__foxa3-foxf1,4
pred__bio__env-normanweissman2019-filtered-k562-rna-baseline__cbl-tgfbr2__ridge__dataset-heldout-split__ensemble3,bio__env-normanweissman2019-filtered-k562-rna-baseline__cbl-tgfbr2,3
pred__bio__env-normanweissman2019-filtered-k562-rna-baseline__cebpe-runx1t1__ridge__dataset-heldout-split__ensemble3,bio__env-normanweissman2019-filtered-k562-rna-baseline__cebpe-runx1t1,3
pred__bio__env-normanweissman2019-filtered-k562-rna-baseline__snai1-ubash3b__ridge__dataset-heldout-split__ensemble3,bio__env-normanweissman2019-filtered-k562-rna-baseline__snai1-ubash3b,1
pred__bio__env-normanweissman2019-filtered-k562-rna-baseline__map4k3__ridge__dataset-heldout-split__ensemble3,bio__env-normanweissman2019-filtered-k562-rna-baseline__map4k3,3
pred__bio__env-normanweissman2019-filtered-k562-rna-baseline__rhoxf2-zbtb25__ridge__dataset-heldout-split__ensemble3,bio__env-normanweissman2019-filtered-k562-rna-baseline__rhoxf2-zbtb25,0
pred__bio__env-normanweissman2019-filtered-k562-rna-baseline__samd1-ptpn12__ridge__dataset-heldout-split__ensemble3,bio__env-normanweissman2019-filtered-k562-rna-baseline__samd1-ptpn12,0
pred__bio__env-normanweissman2019-filtered-k562-rna-baseline__cebpe-ptpn12__ridge__dataset-heldout-split__ensemble3,bio__env-normanweissman2019-filtered-k562-rna-baseline__cebpe-ptpn12,2
pred__bio__env-normanweissman2019-filtered-k562-rna-baseline__celf2__ridge__dataset-heldout-split__ensemble3,bio__env-normanweissman2019-filtered-k562-rna-baseline__celf2,3
pred__bio__env-normanweissman2019-filtered-k562-rna-baseline__klf1-foxa1__ridge__dataset-heldout-split__ensemble3,bio__env-normanweissman2019-filtered-k562-rna-baseline__klf1-foxa1,4
pred__bio__env-normanweissman2019-filtered-k562-rna-baseline__ubash3b-cnn1__ridge__dataset-heldout-split__ensemble3,bio__env-normanweissman2019-filtered-k562-rna-baseline__ubash3b-cnn1,0
pred__bio__env-normanweissman2019-filtered-k562-rna-baseline__atl1__ridge__dataset-heldout-split__ensemble3,bio__env-normanweissman2019-filtered-k562-rna-baseline__atl1,1
pred__bio__env-normanweissman2019-filtered-k562-rna-baseline__kif18b__ridge__dataset-heldout-split__ensemble3,bio__env-normanweissman2019-filtered-k562-rna-baseline__kif18b,2
pred__bio__env-normanweissman2019-filtered-k562-rna-baseline__midn__ridge__dataset-heldout-split__ensemble3,bio__env-normanweissman2019-filtered-k562-rna-baseline__midn,1
pred__bio__env-normanweissman2019-filtered-k562-rna-baseline__cbl-ubash3b__ridge__dataset-heldout-split__ensemble3,bio__env-normanweissman2019-filtered-k562-rna-baseline__cbl-ubash3b,0
pred__bio__env-normanweissman2019-filtered-k562-rna-baseline__foxa1__ridge__dataset-heldout-split__ensemble3,bio__env-normanweissman2019-filtered-k562-rna-baseline__foxa1,1
pred__bio__env-normanweissman2019-filtered-k562-rna-baseline__fev-map7d1__ridge__dataset-heldout-split__ensemble3,bio__env-normanweissman2019-filtered-k562-rna-baseline__fev-map7d1,3
pred__bio__env-normanweissman2019-filtered-k562-rna-baseline__cnn1__ridge__dataset-heldout-split__ensemble3,bio__env-normanweissman2019-filtered-k562-rna-baseline__cnn1,4
pred__bio__env-normanweissman2019-filtered-k562-rna-baseline__c19orf26__ridge__dataset-heldout-split__ensemble3,bio__env-normanweissman2019-filtered-k562-rna-baseline__c19orf26,1
pred__bio__env-normanweissman2019-filtered-k562-rna-baseline__dusp9-prtg__ridge__dataset-heldout-split__ensemble3,bio__env-normanweissman2019-filtered-k562-rna-baseline__dusp9-prtg,1
pred__bio__env-normanweissman2019-filtered-k562-rna-baseline__s1pr2__ridge__dataset-heldout-split__ensemble3,bio__env-normanweissman2019-filtered-k562-rna-baseline__s1pr2,2
pred__bio__env-normanweissman2019-filtered-k562-rna-baseline__ier5l__ridge__dataset-heldout-split__ensemble3,bio__env-normanweissman2019-filtered-k562-rna-baseline__ier5l,4
pred__bio__env-normanweissman2019-filtered-k562-rna-baseline__mapk1__ridge__dataset-heldout-split__ensemble3,bio__env-normanweissman2019-filtered-k562-rna-baseline__mapk1,1
pred__bio__env-normanweissman2019-filtered-k562-rna-baseline__ptpn12-snai1__ridge__dataset-heldout-split__ensemble3,bio__env-normanweissman2019-filtered-k562-rna-baseline__ptpn12-snai1,3
pred__bio__env-normanweissman2019-filtered-k562-rna-baseline__lyl1__ridge__dataset-heldout-split__ensemble3,bio__env-normanweissman2019-filtered-k562-rna-baseline__lyl1,3
pred__bio__env-normanweissman2019-filtered-k562-rna-baseline__cebpb__ridge__dataset-heldout-split__ensemble3,bio__env-normanweissman2019-filtered-k562-rna-baseline__cebpb,3
pred__bio__env-normanweissman2019-filtered-k562-rna-baseline__dusp9-ets2__ridge__dataset-heldout-split__ensemble3,bio__env-normanweissman2019-filtered-k562-rna-baseline__dusp9-ets2,0
pred__bio__env-normanweissman2019-filtered-k562-rna-baseline__cnn1-ubash3a__ridge__dataset-heldout-split__ensemble3,bio__env-normanweissman2019-filtered-k562-rna-baseline__cnn1-ubash3a,2
pred__bio__env-normanweissman2019-filtered-k562-rna-baseline__ptpn9__ridge__dataset-heldout-split__ensemble3,bio__env-normanweissman2019-filtered-k562-rna-baseline__ptpn9,2
pred__bio__env-normanweissman2019-filtered-k562-rna-baseline__map4k5__ridge__dataset-heldout-split__ensemble3,bio__env-normanweissman2019-filtered-k562-rna-baseline__map4k5,2
pred__bio__env-normanweissman2019-filtered-k562-rna-baseline__znf318__ridge__dataset-heldout-split__ensemble3,bio__env-normanweissman2019-filtered-k562-rna-baseline__znf318,1
pred__bio__env-normanweissman2019-filtered-k562-rna-baseline__tgfbr2-prtg__ridge__dataset-heldout-split__ensemble3,bio__env-normanweissman2019-filtered-k562-rna-baseline__tgfbr2-prtg,2
pred__bio__env-normanweissman2019-filtered-k562-rna-baseline__ets2-cebpe__ridge__dataset-heldout-split__ensemble3,bio__env-normanweissman2019-filtered-k562-rna-baseline__ets2-cebpe,0
pred__bio__env-normanweissman2019-filtered-k562-rna-baseline__sgk1-s1pr2__ridge__dataset-heldout-split__ensemble3,bio__env-normanweissman2019-filtered-k562-rna-baseline__sgk1-s1pr2,3
pred__bio__env-normanweissman2019-filtered-k562-rna-baseline__foxf1-foxl2__ridge__dataset-heldout-split__ensemble3,bio__env-normanweissman2019-filtered-k562-rna-baseline__foxf1-foxl2,4
pred__bio__env-normanweissman2019-filtered-k562-rna-baseline__dusp9__ridge__dataset-heldout-split__ensemble3,bio__env-normanweissman2019-filtered-k562-rna-baseline__dusp9,0
pred__bio__env-normanweissman2019-filtered-k562-rna-baseline__cebpa__ridge__dataset-heldout-split__ensemble3,bio__env-normanweissman2019-filtered-k562-rna-baseline__cebpa,2
pred__bio__env-normanweissman2019-filtered-k562-rna-baseline__slc38a2__ridge__dataset-heldout-split__ensemble3,bio__env-normanweissman2019-filtered-k562-rna-baseline__slc38a2,0
pred__bio__env-normanweissman2019-filtered-k562-rna-baseline__ubash3b-ptpn9__ridge__dataset-heldout-split__ensemble3,bio__env-normanweissman2019-filtered-k562-rna-baseline__ubash3b-ptpn9,2
pred__bio__env-normanweissman2019-filtered-k562-rna-baseline__hnf4a__ridge__dataset-heldout-split__ensemble3,bio__env-normanweissman2019-filtered-k562-rna-baseline__hnf4a,4
pred__bio__env-normanweissman2019-filtered-k562-rna-baseline__isl2__ridge__dataset-heldout-split__ensemble3,bio__env-normanweissman2019-filtered-k562-rna-baseline__isl2,0
pred__bio__env-normanweissman2019-filtered-k562-rna-baseline__rhoxf2-set__ridge__dataset-heldout-split__ensemble3,bio__env-normanweissman2019-filtered-k562-rna-baseline__rhoxf2-set,1
pred__bio__env-normanweissman2019-filtered-k562-rna-baseline__tsc22d1__ridge__dataset-heldout-split__ensemble3,bio__env-normanweissman2019-filtered-k562-rna-baseline__tsc22d1,3
pred__bio__env-normanweissman2019-filtered-k562-rna-baseline__cbfa2t3__ridge__dataset-heldout-split__ensemble3,bio__env-normanweissman2019-filtered-k562-rna-baseline__cbfa2t3,0
pred__bio__env-normanweissman2019-filtered-k562-rna-baseline__fosb-ubash3b__ridge__dataset-heldout-split__ensemble3,bio__env-normanweissman2019-filtered-k562-rna-baseline__fosb-ubash3b,2
pred__bio__env-normanweissman2019-filtered-k562-rna-baseline__tp73__ridge__dataset-heldout-split__ensemble3,bio__env-normanweissman2019-filtered-k562-rna-baseline__tp73,4
pred__bio__env-normanweissman2019-filtered-k562-rna-baseline__lhx1-elmsan1__ridge__dataset-heldout-split__ensemble3,bio__env-normanweissman2019-filtered-k562-rna-baseline__lhx1-elmsan1,4
pred__bio__env-normanweissman2019-filtered-k562-rna-baseline__fosb-osr2__ridge__dataset-heldout-split__ensemble3,bio__env-normanweissman2019-filtered-k562-rna-baseline__fosb-osr2,2
pred__bio__env-normanweissman2019-filtered-k562-rna-baseline__kif2c__ridge__dataset-heldout-split__ensemble3,bio__env-normanweissman2019-filtered-k562-rna-baseline__kif2c,1
pred__bio__env-normanweissman2019-filtered-k562-rna-baseline__cbl__ridge__dataset-heldout-split__ensemble3,bio__env-normanweissman2019-filtered-k562-rna-baseline__cbl,0
pred__bio__env-normanweissman2019-filtered-k562-rna-baseline__zc3hav1-hoxc13__ridge__dataset-heldout-split__ensemble3,bio__env-normanweissman2019-filtered-k562-rna-baseline__zc3hav1-hoxc13,2
pred__bio__env-normanweissman2019-filtered-k562-rna-baseline__rreb1__ridge__dataset-heldout-split__ensemble3,bio__env-normanweissman2019-filtered-k562-rna-baseline__rreb1,4
pred__bio__env-normanweissman2019-filtered-k562-rna-baseline__ahr__ridge__dataset-heldout-split__ensemble3,bio__env-normanweissman2019-filtered-k562-rna-baseline__ahr,1
pred__bio__env-normanweissman2019-filtered-k562-rna-baseline__znf318-foxl2__ridge__dataset-heldout-split__ensemble3,bio__env-normanweissman2019-filtered-k562-rna-baseline__znf318-foxl2,0
pred__bio__env-normanweissman2019-filtered-k562-rna-baseline__ets2-mapk1__ridge__dataset-heldout-split__ensemble3,bio__env-normanweissman2019-filtered-k562-rna-baseline__ets2-mapk1,3
pred__bio__env-normanweissman2019-filtered-k562-rna-baseline__zbtb10__ridge__dataset-heldout-split__ensemble3,bio__env-normanweissman2019-filtered-k562-rna-baseline__zbtb10,3
pred__bio__env-normanweissman2019-filtered-k562-rna-baseline__dusp9-mapk1__ridge__dataset-heldout-split__ensemble3,bio__env-normanweissman2019-filtered-k562-rna-baseline__dusp9-mapk1,2
pred__bio__env-normanweissman2019-filtered-k562-rna-baseline__cbl-cnn1__ridge__dataset-heldout-split__ensemble3,bio__env-normanweissman2019-filtered-k562-rna-baseline__cbl-cnn1,1
pred__bio__env-normanweissman2019-filtered-k562-rna-baseline__zbtb10-snai1__ridge__dataset-heldout-split__ensemble3,bio__env-normanweissman2019-filtered-k562-rna-baseline__zbtb10-snai1,3
pred__bio__env-normanweissman2019-filtered-k562-rna-baseline__bpgm-samd1__ridge__dataset-heldout-split__ensemble3,bio__env-normanweissman2019-filtered-k562-rna-baseline__bpgm-samd1,3
pred__bio__env-normanweissman2019-filtered-k562-rna-baseline__stil__ridge__dataset-heldout-split__ensemble3,bio__env-normanweissman2019-filtered-k562-rna-baseline__stil,4
pred__bio__env-normanweissman2019-filtered-k562-rna-baseline__foxa3-hoxb9__ridge__dataset-heldout-split__ensemble3,bio__env-normanweissman2019-filtered-k562-rna-baseline__foxa3-hoxb9,2
pred__bio__env-normanweissman2019-filtered-k562-rna-baseline__tgfbr2-ets2__ridge__dataset-heldout-split__ensemble3,bio__env-normanweissman2019-filtered-k562-rna-baseline__tgfbr2-ets2,4
pred__bio__env-normanweissman2019-filtered-k562-rna-baseline__zbtb10-elmsan1__ridge__dataset-heldout-split__ensemble3,bio__env-normanweissman2019-filtered-k562-rna-baseline__zbtb10-elmsan1,2
pred__bio__env-normanweissman2019-filtered-k562-rna-baseline__foxa1-foxl2__ridge__dataset-heldout-split__ensemble3,bio__env-normanweissman2019-filtered-k562-rna-baseline__foxa1-foxl2,4
pred__bio__env-normanweissman2019-filtered-k562-rna-baseline__cebpe-cebpb__ridge__dataset-heldout-split__ensemble3,bio__env-normanweissman2019-filtered-k562-rna-baseline__cebpe-cebpb,0
pred__bio__env-normanweissman2019-filtered-k562-rna-baseline__jun__ridge__dataset-heldout-split__ensemble3,bio__env-normanweissman2019-filtered-k562-rna-baseline__jun,4
pred__bio__env-normanweissman2019-filtered-k562-rna-baseline__lyl1-ier5l__ridge__dataset-heldout-split__ensemble3,bio__env-normanweissman2019-filtered-k562-rna-baseline__lyl1-ier5l,4
pred__bio__env-normanweissman2019-filtered-k562-rna-baseline__foxa1-hoxb9__ridge__dataset-heldout-split__ensemble3,bio__env-normanweissman2019-filtered-k562-rna-baseline__foxa1-hoxb9,3
pred__bio__env-normanweissman2019-filtered-k562-rna-baseline__fev-isl2__ridge__dataset-heldout-split__ensemble3,bio__env-normanweissman2019-filtered-k562-rna-baseline__fev-isl2,4
pred__bio__env-normanweissman2019-filtered-k562-rna-baseline__samd1-zbtb1__ridge__dataset-heldout-split__ensemble3,bio__env-normanweissman2019-filtered-k562-rna-baseline__samd1-zbtb1,3
pred__bio__env-normanweissman2019-filtered-k562-rna-baseline__tmsb4x-bak1__ridge__dataset-heldout-split__ensemble3,bio__env-normanweissman2019-filtered-k562-rna-baseline__tmsb4x-bak1,0
pred__bio__env-normanweissman2019-filtered-k562-rna-baseline__cebpb-ptpn12__ridge__dataset-heldout-split__ensemble3,bio__env-normanweissman2019-filtered-k562-rna-baseline__cebpb-ptpn12,3
pred__bio__env-normanweissman2019-filtered-k562-rna-baseline__foxa1-foxf1__ridge__dataset-heldout-split__ensemble3,bio__env-normanweissman2019-filtered-k562-rna-baseline__foxa1-foxf1,0
pred__bio__env-normanweissman2019-filtered-k562-rna-baseline__fev__ridge__dataset-heldout-split__ensemble3,bio__env-normanweissman2019-filtered-k562-rna-baseline__fev,1
pred__bio__env-normanweissman2019-filtered-k562-rna-baseline__klf1-cebpa__ridge__dataset-heldout-split__ensemble3,bio__env-normanweissman2019-filtered-k562-rna-baseline__klf1-cebpa,0
pred__bio__env-normanweissman2019-filtered-k562-rna-baseline__fosb-ikzf3__ridge__dataset-heldout-split__ensemble3,bio__env-normanweissman2019-filtered-k562-rna-baseline__fosb-ikzf3,3
pred__bio__env-normanweissman2019-filtered-k562-rna-baseline__foxl2-meis1__ridge__dataset-heldout-split__ensemble3,bio__env-normanweissman2019-filtered-k562-rna-baseline__foxl2-meis1,3
pred__bio__env-normanweissman2019-filtered-k562-rna-baseline__klf1-cldn6__ridge__dataset-heldout-split__ensemble3,bio__env-normanweissman2019-filtered-k562-rna-baseline__klf1-cldn6,4
pred__bio__env-normanweissman2019-filtered-k562-rna-baseline__hoxc13__ridge__dataset-heldout-split__ensemble3,bio__env-normanweissman2019-filtered-k562-rna-baseline__hoxc13,0
pred__bio__env-normanweissman2019-filtered-k562-rna-baseline__lhx1__ridge__dataset-heldout-split__ensemble3,bio__env-normanweissman2019-filtered-k562-rna-baseline__lhx1,0
pred__bio__env-normanweissman2019-filtered-k562-rna-baseline__zbtb10-ptpn12__ridge__dataset-heldout-split__ensemble3,bio__env-normanweissman2019-filtered-k562-rna-baseline__zbtb10-ptpn12,1
pred__bio__env-normanweissman2019-filtered-k562-rna-baseline__prdm1__ridge__dataset-heldout-split__ensemble3,bio__env-normanweissman2019-filtered-k562-rna-baseline__prdm1,4
pred__bio__env-normanweissman2019-filtered-k562-rna-baseline__foxf1-hoxb9__ridge__dataset-heldout-split__ensemble3,bio__env-normanweissman2019-filtered-k562-rna-baseline__foxf1-hoxb9,4
pred__bio__env-normanweissman2019-filtered-k562-rna-baseline__foxo4__ridge__dataset-heldout-split__ensemble3,bio__env-normanweissman2019-filtered-k562-rna-baseline__foxo4,2
pred__bio__env-normanweissman2019-filtered-k562-rna-baseline__hes7__ridge__dataset-heldout-split__ensemble3,bio__env-normanweissman2019-filtered-k562-rna-baseline__hes7,2
pred__bio__env-normanweissman2019-filtered-k562-rna-baseline__dusp9-snai1__ridge__dataset-heldout-split__ensemble3,bio__env-normanweissman2019-filtered-k562-rna-baseline__dusp9-snai1,0
pred__bio__env-normanweissman2019-filtered-k562-rna-baseline__rhoxf2__ridge__dataset-heldout-split__ensemble3,bio__env-normanweissman2019-filtered-k562-rna-baseline__rhoxf2,2
pred__bio__env-normanweissman2019-filtered-k562-rna-baseline__cebpe-spi1__ridge__dataset-heldout-split__ensemble3,bio__env-normanweissman2019-filtered-k562-rna-baseline__cebpe-spi1,4
pred__bio__env-normanweissman2019-filtered-k562-rna-baseline__cebpb-osr2__ridge__dataset-heldout-split__ensemble3,bio__env-normanweissman2019-filtered-k562-rna-baseline__cebpb-osr2,4
pred__bio__env-normanweissman2019-filtered-k562-rna-baseline__ahr-klf1__ridge__dataset-heldout-split__ensemble3,bio__env-normanweissman2019-filtered-k562-rna-baseline__ahr-klf1,0
pred__bio__env-normanweissman2019-filtered-k562-rna-baseline__hoxa13__ridge__dataset-heldout-split__ensemble3,bio__env-normanweissman2019-filtered-k562-rna-baseline__hoxa13,3
pred__bio__env-normanweissman2019-filtered-k562-rna-baseline__map2k3-slc38a2__ridge__dataset-heldout-split__ensemble3,bio__env-normanweissman2019-filtered-k562-rna-baseline__map2k3-slc38a2,3
pred__bio__env-normanweissman2019-filtered-k562-rna-baseline__pou3f2-foxl2__ridge__dataset-heldout-split__ensemble3,bio__env-normanweissman2019-filtered-k562-rna-baseline__pou3f2-foxl2,0
pred__bio__env-normanweissman2019-filtered-k562-rna-baseline__pou3f2-cbfa2t3__ridge__dataset-heldout-split__ensemble3,bio__env-normanweissman2019-filtered-k562-rna-baseline__pou3f2-cbfa2t3,1
pred__bio__env-normanweissman2019-filtered-k562-rna-baseline__foxl2-hoxb9__ridge__dataset-heldout-split__ensemble3,bio__env-normanweissman2019-filtered-k562-rna-baseline__foxl2-hoxb9,2
pred__bio__env-normanweissman2019-filtered-k562-rna-baseline__cebpe-cebpa__ridge__dataset-heldout-split__ensemble3,bio__env-normanweissman2019-filtered-k562-rna-baseline__cebpe-cebpa,1
pred__bio__env-normanweissman2019-filtered-k562-rna-baseline__ahr-fev__ridge__dataset-heldout-split__ensemble3,bio__env-normanweissman2019-filtered-k562-rna-baseline__ahr-fev,1
pred__bio__env-normanweissman2019-filtered-k562-rna-baseline__zbtb10-dlx2__ridge__dataset-heldout-split__ensemble3,bio__env-normanweissman2019-filtered-k562-rna-baseline__zbtb10-dlx2,2
pred__bio__env-normanweissman2019-filtered-k562-rna-baseline__dusp9-klf1__ridge__dataset-heldout-split__ensemble3,bio__env-normanweissman2019-filtered-k562-rna-baseline__dusp9-klf1,3
pred__bio__env-normanweissman2019-filtered-k562-rna-baseline__fosb-cebpe__ridge__dataset-heldout-split__ensemble3,bio__env-normanweissman2019-filtered-k562-rna-baseline__fosb-cebpe,4
pred__bio__env-normanweissman2019-filtered-k562-rna-baseline__fev-cbfa2t3__ridge__dataset-heldout-split__ensemble3,bio__env-normanweissman2019-filtered-k562-rna-baseline__fev-cbfa2t3,0
pred__bio__env-normanweissman2019-filtered-k562-rna-baseline__cdkn1c-cdkn1b__ridge__dataset-heldout-split__ensemble3,bio__env-normanweissman2019-filtered-k562-rna-baseline__cdkn1c-cdkn1b,3
pred__bio__env-normanweissman2019-filtered-k562-rna-baseline__snai1-dlx2__ridge__dataset-heldout-split__ensemble3,bio__env-normanweissman2019-filtered-k562-rna-baseline__snai1-dlx2,4
pred__bio__env-normanweissman2019-filtered-k562-rna-baseline__cbl-ubash3a__ridge__dataset-heldout-split__ensemble3,bio__env-normanweissman2019-filtered-k562-rna-baseline__cbl-ubash3a,0
pred__bio__env-normanweissman2019-filtered-k562-rna-baseline__kif18b-kif2c__ridge__dataset-heldout-split__ensemble3,bio__env-normanweissman2019-filtered-k562-rna-baseline__kif18b-kif2c,0
pred__bio__env-normanweissman2019-filtered-k562-rna-baseline__jun-cebpa__ridge__dataset-heldout-split__ensemble3,bio__env-normanweissman2019-filtered-k562-rna-baseline__jun-cebpa,0
pred__bio__env-normanweissman2019-filtered-k562-rna-baseline__samd1-tgfbr2__ridge__dataset-heldout-split__ensemble3,bio__env-normanweissman2019-filtered-k562-rna-baseline__samd1-tgfbr2,0
pred__bio__env-normanweissman2019-filtered-k562-rna-baseline__cebpb-cebpa__ridge__dataset-heldout-split__ensemble3,bio__env-normanweissman2019-filtered-k562-rna-baseline__cebpb-cebpa,2
pred__bio__env-normanweissman2019-filtered-k562-rna-baseline__prdm1-cbfa2t3__ridge__dataset-heldout-split__ensemble3,bio__env-normanweissman2019-filtered-k562-rna-baseline__prdm1-cbfa2t3,2
pred__bio__env-normanweissman2019-filtered-k562-rna-baseline__c3orf72-foxl2__ridge__dataset-heldout-split__ensemble3,bio__env-normanweissman2019-filtered-k562-rna-baseline__c3orf72-foxl2,4
pred__bio__env-normanweissman2019-filtered-k562-rna-baseline__zc3hav1-cebpa__ridge__dataset-heldout-split__ensemble3,bio__env-normanweissman2019-filtered-k562-rna-baseline__zc3hav1-cebpa,2
pred__bio__env-normanweissman2019-filtered-k562-rna-baseline__jun-cebpb__ridge__dataset-heldout-split__ensemble3,bio__env-normanweissman2019-filtered-k562-rna-baseline__jun-cebpb,2
pred__bio__env-normanweissman2019-filtered-k562-rna-baseline__fosb-cebpb__ridge__dataset-heldout-split__ensemble3,bio__env-normanweissman2019-filtered-k562-rna-baseline__fosb-cebpb,1
pred__bio__env-replogleweissman2022-k562-essential-k562-rna-essential-legacy-pilot__bub1__mean-global__dataset-heldout-split__ensemble3,bio__env-replogleweissman2022-k562-essential-k562-rna-essential-legacy-pilot__bub1,2
pred__bio__env-replogleweissman2022-k562-essential-k562-rna-essential-legacy-pilot__krr1__mean-global__dataset-heldout-split__ensemble3,bio__env-replogleweissman2022-k562-essential-k562-rna-essential-legacy-pilot__krr1,0
pred__bio__env-replogleweissman2022-k562-essential-k562-rna-essential-legacy-pilot__bcr__mean-global__dataset-heldout-split__ensemble3,bio__env-replogleweissman2022-k562-essential-k562-rna-essential-legacy-pilot__bcr,2
pred__bio__env-replogleweissman2022-k562-essential-k562-rna-essential-legacy-pilot__arglu1__mean-global__dataset-heldout-split__ensemble3,bio__env-replogleweissman2022-k562-essential-k562-rna-essential-legacy-pilot__arglu1,3
pred__bio__env-replogleweissman2022-k562-essential-k562-rna-essential-legacy-pilot__rps15a__mean-global__dataset-heldout-split__ensemble3,bio__env-replogleweissman2022-k562-essential-k562-rna-essential-legacy-pilot__rps15a,4
pred__bio__env-replogleweissman2022-k562-essential-k562-rna-essential-legacy-pilot__timm23b__mean-global__dataset-heldout-split__ensemble3,bio__env-replogleweissman2022-k562-essential-k562-rna-essential-legacy-pilot__timm23b,0
pred__bio__env-replogleweissman2022-k562-essential-k562-rna-essential-legacy-pilot__donson__mean-global__dataset-heldout-split__ensemble3,bio__env-replogleweissman2022-k562-essential-k562-rna-essential-legacy-pilot__donson,3
pred__bio__env-replogleweissman2022-k562-essential-k562-rna-essential-legacy-pilot__tsr2__mean-global__dataset-heldout-split__ensemble3,bio__env-replogleweissman2022-k562-essential-k562-rna-essential-legacy-pilot__tsr2,1
pred__bio__env-replogleweissman2022-k562-essential-k562-rna-essential-legacy-pilot__rrm2__mean-global__dataset-heldout-split__ensemble3,bio__env-replogleweissman2022-k562-essential-k562-rna-essential-legacy-pilot__rrm2,1
pred__bio__env-replogleweissman2022-k562-essential-k562-rna-essential-legacy-pilot__trrap__mean-global__dataset-heldout-split__ensemble3,bio__env-replogleweissman2022-k562-essential-k562-rna-essential-legacy-pilot__trrap,4
pred__bio__env-replogleweissman2022-k562-essential-k562-rna-essential-legacy-pilot__med19__mean-global__dataset-heldout-split__ensemble3,bio__env-replogleweissman2022-k562-essential-k562-rna-essential-legacy-pilot__med19,3
pred__bio__env-replogleweissman2022-k562-essential-k562-rna-essential-legacy-pilot__golt1b__mean-global__dataset-heldout-split__ensemble3,bio__env-replogleweissman2022-k562-essential-k562-rna-essential-legacy-pilot__golt1b,1
pred__bio__env-replogleweissman2022-k562-essential-k562-rna-essential-legacy-pilot__med10__mean-global__dataset-heldout-split__ensemble3,bio__env-replogleweissman2022-k562-essential-k562-rna-essential-legacy-pilot__med10,4
pred__bio__env-replogleweissman2022-k562-essential-k562-rna-essential-legacy-pilot__control__mean-global__dataset-heldout-split__ensemble3,bio__env-replogleweissman2022-k562-essential-k562-rna-essential-legacy-pilot__control,3
pred__bio__env-replogleweissman2022-k562-essential-k562-rna-essential-legacy-pilot__pcf11__mean-global__dataset-heldout-split__ensemble3,bio__env-replogleweissman2022-k562-essential-k562-rna-essential-legacy-pilot__pcf11,3
pred__bio__env-replogleweissman2022-k562-essential-k562-rna-essential-legacy-pilot__cadm4__mean-global__dataset-heldout-split__ensemble3,bio__env-replogleweissman2022-k562-essential-k562-rna-essential-legacy-pilot__cadm4,1
pred__bio__env-replogleweissman2022-k562-essential-k562-rna-essential-legacy-pilot__ppp2r1a__mean-global__dataset-heldout-split__ensemble3,bio__env-replogleweissman2022-k562-essential-k562-rna-essential-legacy-pilot__ppp2r1a,4
pred__bio__env-replogleweissman2022-k562-essential-k562-rna-essential-legacy-pilot__sf3b4__mean-global__dataset-heldout-split__ensemble3,bio__env-replogleweissman2022-k562-essential-k562-rna-essential-legacy-pilot__sf3b4,1
pred__bio__env-replogleweissman2022-k562-essential-k562-rna-essential-legacy-pilot__bub3__mean-global__dataset-heldout-split__ensemble3,bio__env-replogleweissman2022-k562-essential-k562-rna-essential-legacy-pilot__bub3,2
pred__bio__env-replogleweissman2022-k562-essential-k562-rna-essential-legacy-pilot__snrpg__mean-global__dataset-heldout-split__ensemble3,bio__env-replogleweissman2022-k562-essential-k562-rna-essential-legacy-pilot__snrpg,2
pred__bio__env-replogleweissman2022-k562-essential-k562-rna-essential-legacy-pilot__ncbp2__mean-global__dataset-heldout-split__ensemble3,bio__env-replogleweissman2022-k562-essential-k562-rna-essential-legacy-pilot__ncbp2,1
pred__bio__env-replogleweissman2022-k562-essential-k562-rna-essential-legacy-pilot__kpnb1__mean-global__dataset-heldout-split__ensemble3,bio__env-replogleweissman2022-k562-essential-k562-rna-essential-legacy-pilot__kpnb1,0
pred__bio__env-replogleweissman2022-k562-essential-k562-rna-essential-legacy-pilot__gtf2h1__mean-global__dataset-heldout-split__ensemble3,bio__env-replogleweissman2022-k562-essential-k562-rna-essential-legacy-pilot__gtf2h1,3
pred__bio__env-replogleweissman2022-k562-essential-k562-rna-essential-legacy-pilot__zmat2__mean-global__dataset-heldout-split__ensemble3,bio__env-replogleweissman2022-k562-essential-k562-rna-essential-legacy-pilot__zmat2,0
pred__bio__env-replogleweissman2022-k562-essential-k562-rna-essential-legacy-pilot__rpl3__mean-global__dataset-heldout-split__ensemble3,bio__env-replogleweissman2022-k562-essential-k562-rna-essential-legacy-pilot__rpl3,2
pred__bio__env-replogleweissman2022-k562-essential-k562-rna-essential-legacy-pilot__scaf1__mean-global__dataset-heldout-split__ensemble3,bio__env-replogleweissman2022-k562-essential-k562-rna-essential-legacy-pilot__scaf1,4
pred__bio__env-replogleweissman2022-k562-essential-k562-rna-essential-legacy-pilot__son__mean-global__dataset-heldout-split__ensemble3,bio__env-replogleweissman2022-k562-essential-k562-rna-essential-legacy-pilot__son,2
pred__bio__env-replogleweissman2022-k562-essential-k562-rna-essential-legacy-pilot__polr2a__mean-global__dataset-heldout-split__ensemble3,bio__env-replogleweissman2022-k562-essential-k562-rna-essential-legacy-pilot__polr2a,1
pred__bio__env-replogleweissman2022-k562-essential-k562-rna-essential-legacy-pilot__eif3a__mean-global__dataset-heldout-split__ensemble3,bio__env-replogleweissman2022-k562-essential-k562-rna-essential-legacy-pilot__eif3a,3
pred__bio__env-replogleweissman2022-k562-essential-k562-rna-essential-legacy-pilot__wdr4__mean-global__dataset-heldout-split__ensemble3,bio__env-replogleweissman2022-k562-essential-k562-rna-essential-legacy-pilot__wdr4,0
pred__bio__env-replogleweissman2022-k562-essential-k562-rna-essential-legacy-pilot__cdk11a__mean-global__dataset-heldout-split__ensemble3,bio__env-replogleweissman2022-k562-essential-k562-rna-essential-legacy-pilot__cdk11a,3
pred__bio__env-replogleweissman2022-k562-essential-k562-rna-essential-legacy-pilot__phax__mean-global__dataset-heldout-split__ensemble3,bio__env-replogleweissman2022-k562-essential-k562-rna-essential-legacy-pilot__phax,0
pred__bio__env-replogleweissman2022-k562-essential-k562-rna-essential-legacy-pilot__med12__mean-global__dataset-heldout-split__ensemble3,bio__env-replogleweissman2022-k562-essential-k562-rna-essential-legacy-pilot__med12,0
pred__bio__env-replogleweissman2022-k562-essential-k562-rna-essential-legacy-pilot__ncl__mean-global__dataset-heldout-split__ensemble3,bio__env-replogleweissman2022-k562-essential-k562-rna-essential-legacy-pilot__ncl,4
pred__bio__env-replogleweissman2022-k562-essential-k562-rna-essential-legacy-pilot__coasy__mean-global__dataset-heldout-split__ensemble3,bio__env-replogleweissman2022-k562-essential-k562-rna-essential-legacy-pilot__coasy,3
pred__bio__env-replogleweissman2022-k562-essential-k562-rna-essential-legacy-pilot__anapc15__mean-global__dataset-heldout-split__ensemble3,bio__env-replogleweissman2022-k562-essential-k562-rna-essential-legacy-pilot__anapc15,1
pred__bio__env-replogleweissman2022-k562-essential-k562-rna-essential-legacy-pilot__rpl24__mean-global__dataset-heldout-split__ensemble3,bio__env-replogleweissman2022-k562-essential-k562-rna-essential-legacy-pilot__rpl24,1
pred__bio__env-replogleweissman2022-k562-essential-k562-rna-essential-legacy-pilot__abcf1__mean-global__dataset-heldout-split__ensemble3,bio__env-replogleweissman2022-k562-essential-k562-rna-essential-legacy-pilot__abcf1,0
pred__bio__env-replogleweissman2022-k562-essential-k562-rna-essential-legacy-pilot__pnisr__mean-global__dataset-heldout-split__ensemble3,bio__env-replogleweissman2022-k562-essential-k562-rna-essential-legacy-pilot__pnisr,1
pred__bio__env-replogleweissman2022-k562-essential-k562-rna-essential-legacy-pilot__phb2__mean-global__dataset-heldout-split__ensemble3,bio__env-replogleweissman2022-k562-essential-k562-rna-essential-legacy-pilot__phb2,1
pred__bio__env-replogleweissman2022-k562-essential-k562-rna-essential-legacy-pilot__psmg3__mean-global__dataset-heldout-split__ensemble3,bio__env-replogleweissman2022-k562-essential-k562-rna-essential-legacy-pilot__psmg3,3
pred__bio__env-replogleweissman2022-k562-essential-k562-rna-essential-legacy-pilot__mzt1__mean-global__dataset-heldout-split__ensemble3,bio__env-replogleweissman2022-k562-essential-k562-rna-essential-legacy-pilot__mzt1,3
pred__bio__env-replogleweissman2022-k562-essential-k562-rna-essential-legacy-pilot__qars__mean-global__dataset-heldout-split__ensemble3,bio__env-replogleweissman2022-k562-essential-k562-rna-essential-legacy-pilot__qars,3
pred__bio__env-replogleweissman2022-k562-essential-k562-rna-essential-legacy-pilot__dnaja1__mean-global__dataset-heldout-split__ensemble3,bio__env-replogleweissman2022-k562-essential-k562-rna-essential-legacy-pilot__dnaja1,4
pred__bio__env-replogleweissman2022-k562-essential-k562-rna-essential-legacy-pilot__cse1l__mean-global__dataset-heldout-split__ensemble3,bio__env-replogleweissman2022-k562-essential-k562-rna-essential-legacy-pilot__cse1l,4
pred__bio__env-replogleweissman2022-k562-essential-k562-rna-essential-legacy-pilot__chmp6__mean-global__dataset-heldout-split__ensemble3,bio__env-replogleweissman2022-k562-essential-k562-rna-essential-legacy-pilot__chmp6,1
pred__bio__env-replogleweissman2022-k562-essential-k562-rna-essential-legacy-pilot__srsf11__mean-global__dataset-heldout-split__ensemble3,bio__env-replogleweissman2022-k562-essential-k562-rna-essential-legacy-pilot__srsf11,4
pred__bio__env-replogleweissman2022-k562-essential-k562-rna-essential-legacy-pilot__dhx16__mean-global__dataset-heldout-split__ensemble3,bio__env-replogleweissman2022-k562-essential-k562-rna-essential-legacy-pilot__dhx16,3
pred__bio__env-replogleweissman2022-k562-essential-k562-rna-essential-legacy-pilot__bdp1__mean-global__dataset-heldout-split__ensemble3,bio__env-replogleweissman2022-k562-essential-k562-rna-essential-legacy-pilot__bdp1,2
pred__bio__env-replogleweissman2022-k562-essential-k562-rna-essential-legacy-pilot__rpap2__mean-global__dataset-heldout-split__ensemble3,bio__env-replogleweissman2022-k562-essential-k562-rna-essential-legacy-pilot__rpap2,4
pred__bio__env-replogleweissman2022-k562-essential-k562-rna-essential-legacy-pilot__psma4__mean-global__dataset-heldout-split__ensemble3,bio__env-replogleweissman2022-k562-essential-k562-rna-essential-legacy-pilot__psma4,0
pred__bio__env-replogleweissman2022-k562-essential-k562-rna-essential-legacy-pilot__pmpcb__mean-global__dataset-heldout-split__ensemble3,bio__env-replogleweissman2022-k562-essential-k562-rna-essential-legacy-pilot__pmpcb,0
pred__bio__env-replogleweissman2022-k562-essential-k562-rna-essential-legacy-pilot__rpl23__mean-global__dataset-heldout-split__ensemble3,bio__env-replogleweissman2022-k562-essential-k562-rna-essential-legacy-pilot__rpl23,1
pred__bio__env-replogleweissman2022-k562-essential-k562-rna-essential-legacy-pilot__lsm2__mean-global__dataset-heldout-split__ensemble3,bio__env-replogleweissman2022-k562-essential-k562-rna-essential-legacy-pilot__lsm2,2
pred__bio__env-replogleweissman2022-k562-essential-k562-rna-essential-legacy-pilot__naa38__mean-global__dataset-heldout-split__ensemble3,bio__env-replogleweissman2022-k562-essential-k562-rna-essential-legacy-pilot__naa38,1
pred__bio__env-replogleweissman2022-k562-essential-k562-rna-essential-legacy-pilot__ice1__mean-global__dataset-heldout-split__ensemble3,bio__env-replogleweissman2022-k562-essential-k562-rna-essential-legacy-pilot__ice1,0
pred__bio__env-replogleweissman2022-k562-essential-k562-rna-essential-legacy-pilot__nup107__mean-global__dataset-heldout-split__ensemble3,bio__env-replogleweissman2022-k562-essential-k562-rna-essential-legacy-pilot__nup107,3
pred__bio__env-replogleweissman2022-k562-essential-k562-rna-essential-legacy-pilot__slc39a9__mean-global__dataset-heldout-split__ensemble3,bio__env-replogleweissman2022-k562-essential-k562-rna-essential-legacy-pilot__slc39a9,2
pred__bio__env-replogleweissman2022-k562-essential-k562-rna-essential-legacy-pilot__alyref__mean-global__dataset-heldout-split__ensemble3,bio__env-replogleweissman2022-k562-essential-k562-rna-essential-legacy-pilot__alyref,1
pred__bio__env-replogleweissman2022-k562-essential-k562-rna-essential-legacy-pilot__eif4g2__mean-global__dataset-heldout-split__ensemble3,bio__env-replogleweissman2022-k562-essential-k562-rna-essential-legacy-pilot__eif4g2,4
pred__bio__env-replogleweissman2022-k562-essential-k562-rna-essential-legacy-pilot__eif4e__mean-global__dataset-heldout-split__ensemble3,bio__env-replogleweissman2022-k562-essential-k562-rna-essential-legacy-pilot__eif4e,2
pred__bio__env-replogleweissman2022-k562-essential-k562-rna-essential-legacy-pilot__gab2__mean-global__dataset-heldout-split__ensemble3,bio__env-replogleweissman2022-k562-essential-k562-rna-essential-legacy-pilot__gab2,3
pred__bio__env-replogleweissman2022-k562-essential-k562-rna-essential-legacy-pilot__snx15__mean-global__dataset-heldout-split__ensemble3,bio__env-replogleweissman2022-k562-essential-k562-rna-essential-legacy-pilot__snx15,2
pred__bio__env-replogleweissman2022-k562-essential-k562-rna-essential-legacy-pilot__kif11__mean-global__dataset-heldout-split__ensemble3,bio__env-replogleweissman2022-k562-essential-k562-rna-essential-legacy-pilot__kif11,0
pred__bio__env-replogleweissman2022-k562-essential-k562-rna-essential-legacy-pilot__rpl37__mean-global__dataset-heldout-split__ensemble3,bio__env-replogleweissman2022-k562-essential-k562-rna-essential-legacy-pilot__rpl37,0
pred__bio__env-replogleweissman2022-k562-essential-k562-rna-essential-legacy-pilot__eif2b4__mean-global__dataset-heldout-split__ensemble3,bio__env-replogleweissman2022-k562-essential-k562-rna-essential-legacy-pilot__eif2b4,1
pred__bio__env-replogleweissman2022-k562-essential-k562-rna-essential-legacy-pilot__wdr3__mean-global__dataset-heldout-split__ensemble3,bio__env-replogleweissman2022-k562-essential-k562-rna-essential-legacy-pilot__wdr3,2
pred__bio__env-replogleweissman2022-k562-essential-k562-rna-essential-legacy-pilot__rpa1__mean-global__dataset-heldout-split__ensemble3,bio__env-replogleweissman2022-k562-essential-k562-rna-essential-legacy-pilot__rpa1,3
pred__bio__env-replogleweissman2022-k562-essential-k562-rna-essential-legacy-pilot__cpsf3__mean-global__dataset-heldout-split__ensemble3,bio__env-replogleweissman2022-k562-essential-k562-rna-essential-legacy-pilot__cpsf3,4
pred__bio__env-replogleweissman2022-k562-essential-k562-rna-essential-legacy-pilot__nup205__mean-global__dataset-heldout-split__ensemble3,bio__env-replogleweissman2022-k562-essential-k562-rna-essential-legacy-pilot__nup205,0
pred__bio__env-replogleweissman2022-k562-essential-k562-rna-essential-legacy-pilot__supt6h__mean-global__dataset-heldout-split__ensemble3,bio__env-replogleweissman2022-k562-essential-k562-rna-essential-legacy-pilot__supt6h,2
pred__bio__env-replogleweissman2022-k562-essential-k562-rna-essential-legacy-pilot__trex2__mean-global__dataset-heldout-split__ensemble3,bio__env-replogleweissman2022-k562-essential-k562-rna-essential-legacy-pilot__trex2,4
pred__bio__env-replogleweissman2022-k562-essential-k562-rna-essential-legacy-pilot__rab4a__mean-global__dataset-heldout-split__ensemble3,bio__env-replogleweissman2022-k562-essential-k562-rna-essential-legacy-pilot__rab4a,1
pred__bio__env-replogleweissman2022-k562-essential-k562-rna-essential-legacy-pilot__gps1__mean-global__dataset-heldout-split__ensemble3,bio__env-replogleweissman2022-k562-essential-k562-rna-essential-legacy-pilot__gps1,3
pred__bio__env-replogleweissman2022-k562-essential-k562-rna-essential-legacy-pilot__fam32a__mean-global__dataset-heldout-split__ensemble3,bio__env-replogleweissman2022-k562-essential-k562-rna-essential-legacy-pilot__fam32a,3
pred__bio__env-replogleweissman2022-k562-essential-k562-rna-essential-legacy-pilot__riok1__mean-global__dataset-heldout-split__ensemble3,bio__env-replogleweissman2022-k562-essential-k562-rna-essential-legacy-pilot__riok1,0
pred__bio__env-replogleweissman2022-k562-essential-k562-rna-essential-legacy-pilot__ssrp1__mean-global__dataset-heldout-split__ensemble3,bio__env-replogleweissman2022-k562-essential-k562-rna-essential-legacy-pilot__ssrp1,3
pred__bio__env-replogleweissman2022-k562-essential-k562-rna-essential-legacy-pilot__rpl34__mean-global__dataset-heldout-split__ensemble3,bio__env-replogleweissman2022-k562-essential-k562-rna-essential-legacy-pilot__rpl34,4
pred__bio__env-replogleweissman2022-k562-essential-k562-rna-essential-legacy-pilot__eif3h__mean-global__dataset-heldout-split__ensemble3,bio__env-replogleweissman2022-k562-essential-k562-rna-essential-legacy-pilot__eif3h,2
pred__bio__env-replogleweissman2022-k562-essential-k562-rna-essential-legacy-pilot__rars__mean-global__dataset-heldout-split__ensemble3,bio__env-replogleweissman2022-k562-essential-k562-rna-essential-legacy-pilot__rars,0
pred__bio__env-replogleweissman2022-k562-essential-k562-rna-essential-legacy-pilot__orc1__mean-global__dataset-heldout-split__ensemble3,bio__env-replogleweissman2022-k562-essential-k562-rna-essential-legacy-pilot__orc1,1
pred__bio__env-replogleweissman2022-k562-essential-k562-rna-essential-legacy-pilot__numa1__mean-global__dataset-heldout-split__ensemble3,bio__env-replogleweissman2022-k562-essential-k562-rna-essential-legacy-pilot__numa1,4
pred__bio__env-replogleweissman2022-k562-essential-k562-rna-essential-legacy-pilot__sp2__mean-global__dataset-heldout-split__ensemble3,bio__env-replogleweissman2022-k562-essential-k562-rna-essential-legacy-pilot__sp2,4
pred__bio__env-replogleweissman2022-k562-essential-k562-rna-essential-legacy-pilot__rps12__mean-global__dataset-heldout-split__ensemble3,bio__env-replogleweissman2022-k562-essential-k562-rna-essential-legacy-pilot__rps12,2
pred__bio__env-replogleweissman2022-k562-essential-k562-rna-essential-legacy-pilot__vars__mean-global__dataset-heldout-split__ensemble3,bio__env-replogleweissman2022-k562-essential-k562-rna-essential-legacy-pilot__vars,0
pred__bio__env-replogleweissman2022-k562-essential-k562-rna-essential-legacy-pilot__supt5h__mean-global__dataset-heldout-split__ensemble3,bio__env-replogleweissman2022-k562-essential-k562-rna-essential-legacy-pilot__supt5h,2
pred__bio__env-replogleweissman2022-k562-essential-k562-rna-essential-legacy-pilot__lims1__mean-global__dataset-heldout-split__ensemble3,bio__env-replogleweissman2022-k562-essential-k562-rna-essential-legacy-pilot__lims1,4
pred__bio__env-replogleweissman2022-k562-essential-k562-rna-essential-legacy-pilot__psmb7__mean-global__dataset-heldout-split__ensemble3,bio__env-replogleweissman2022-k562-essential-k562-rna-essential-legacy-pilot__psmb7,3
pred__bio__env-replogleweissman2022-k562-essential-k562-rna-essential-legacy-pilot__psmd7__mean-global__dataset-heldout-split__ensemble3,bio__env-replogleweissman2022-k562-essential-k562-rna-essential-legacy-pilot__psmd7,2
pred__bio__env-replogleweissman2022-k562-essential-k562-rna-essential-legacy-pilot__rps19__mean-global__dataset-heldout-split__ensemble3,bio__env-replogleweissman2022-k562-essential-k562-rna-essential-legacy-pilot__rps19,4
pred__bio__env-replogleweissman2022-k562-essential-k562-rna-essential-legacy-pilot__slc1a5__mean-global__dataset-heldout-split__ensemble3,bio__env-replogleweissman2022-k562-essential-k562-rna-essential-legacy-pilot__slc1a5,0
pred__bio__env-replogleweissman2022-k562-essential-k562-rna-essential-legacy-pilot__kin__mean-global__dataset-heldout-split__ensemble3,bio__env-replogleweissman2022-k562-essential-k562-rna-essential-legacy-pilot__kin,0
pred__bio__env-replogleweissman2022-k562-essential-k562-rna-essential-legacy-pilot__paf1__mean-global__dataset-heldout-split__ensemble3,bio__env-replogleweissman2022-k562-essential-k562-rna-essential-legacy-pilot__paf1,3
pred__bio__env-replogleweissman2022-k562-essential-k562-rna-essential-legacy-pilot__gnl2__mean-global__dataset-heldout-split__ensemble3,bio__env-replogleweissman2022-k562-essential-k562-rna-essential-legacy-pilot__gnl2,4
pred__bio__env-replogleweissman2022-k562-essential-k562-rna-essential-legacy-pilot__ube2m__mean-global__dataset-heldout-split__ensemble3,bio__env-replogleweissman2022-k562-essential-k562-rna-essential-legacy-pilot__ube2m,0
pred__bio__env-replogleweissman2022-k562-essential-k562-rna-essential-legacy-pilot__isca2__mean-global__dataset-heldout-split__ensemble3,bio__env-replogleweissman2022-k562-essential-k562-rna-essential-legacy-pilot__isca2,2
pred__bio__env-replogleweissman2022-k562-essential-k562-rna-essential-legacy-pilot__ddx19b__mean-global__dataset-heldout-split__ensemble3,bio__env-replogleweissman2022-k562-essential-k562-rna-essential-legacy-pilot__ddx19b,0
pred__bio__env-replogleweissman2022-k562-essential-k562-rna-essential-legacy-pilot__nrde2__mean-global__dataset-heldout-split__ensemble3,bio__env-replogleweissman2022-k562-essential-k562-rna-essential-legacy-pilot__nrde2,4
pred__bio__env-replogleweissman2022-k562-essential-k562-rna-essential-legacy-pilot__cog2__mean-global__dataset-heldout-split__ensemble3,bio__env-replogleweissman2022-k562-essential-k562-rna-essential-legacy-pilot__cog2,3
pred__bio__env-replogleweissman2022-k562-essential-k562-rna-essential-legacy-pilot__pelo__mean-global__dataset-heldout-split__ensemble3,bio__env-replogleweissman2022-k562-essential-k562-rna-essential-legacy-pilot__pelo,4
pred__bio__env-replogleweissman2022-k562-essential-k562-rna-essential-legacy-pilot__psma3__mean-global__dataset-heldout-split__ensemble3,bio__env-replogleweissman2022-k562-essential-k562-rna-essential-legacy-pilot__psma3,2
pred__bio__env-replogleweissman2022-k562-essential-k562-rna-essential-legacy-pilot__eif4g1__mean-global__dataset-heldout-split__ensemble3,bio__env-replogleweissman2022-k562-essential-k562-rna-essential-legacy-pilot__eif4g1,3
pred__bio__env-replogleweissman2022-k562-essential-k562-rna-essential-legacy-pilot__med1__mean-global__dataset-heldout-split__ensemble3,bio__env-replogleweissman2022-k562-essential-k562-rna-essential-legacy-pilot__med1,4
pred__bio__env-replogleweissman2022-k562-essential-k562-rna-essential-legacy-pilot__rpl4__mean-global__dataset-heldout-split__ensemble3,bio__env-replogleweissman2022-k562-essential-k562-rna-essential-legacy-pilot__rpl4,1
pred__bio__env-replogleweissman2022-k562-essential-k562-rna-essential-legacy-pilot__lsm6__mean-global__dataset-heldout-split__ensemble3,bio__env-replogleweissman2022-k562-essential-k562-rna-essential-legacy-pilot__lsm6,2
pred__bio__env-replogleweissman2022-k562-essential-k562-rna-essential-legacy-pilot__sf3b2__mean-global__dataset-heldout-split__ensemble3,bio__env-replogleweissman2022-k562-essential-k562-rna-essential-legacy-pilot__sf3b2,0
pred__bio__env-replogleweissman2022-k562-essential-k562-rna-essential-legacy-pilot__ints2__mean-global__dataset-heldout-split__ensemble3,bio__env-replogleweissman2022-k562-essential-k562-rna-essential-legacy-pilot__ints2,2
pred__bio__env-replogleweissman2022-k562-essential-k562-rna-essential-legacy-pilot__sf3a1__mean-global__dataset-heldout-split__ensemble3,bio__env-replogleweissman2022-k562-essential-k562-rna-essential-legacy-pilot__sf3a1,0
pred__bio__env-replogleweissman2022-k562-essential-k562-rna-essential-legacy-pilot__rpl30__mean-global__dataset-heldout-split__ensemble3,bio__env-replogleweissman2022-k562-essential-k562-rna-essential-legacy-pilot__rpl30,3
pred__bio__env-replogleweissman2022-k562-essential-k562-rna-essential-legacy-pilot__nle1__mean-global__dataset-heldout-split__ensemble3,bio__env-replogleweissman2022-k562-essential-k562-rna-essential-legacy-pilot__nle1,3
pred__bio__env-replogleweissman2022-k562-essential-k562-rna-essential-legacy-pilot__c1orf109__mean-global__dataset-heldout-split__ensemble3,bio__env-replogleweissman2022-k562-essential-k562-rna-essential-legacy-pilot__c1orf109,4
pred__bio__env-replogleweissman2022-k562-essential-k562-rna-essential-legacy-pilot__nol11__mean-global__dataset-heldout-split__ensemble3,bio__env-replogleweissman2022-k562-essential-k562-rna-essential-legacy-pilot__nol11,1
pred__bio__env-replogleweissman2022-k562-essential-k562-rna-essential-legacy-pilot__rpl18__mean-global__dataset-heldout-split__ensemble3,bio__env-replogleweissman2022-k562-essential-k562-rna-essential-legacy-pilot__rpl18,3
pred__bio__env-replogleweissman2022-k562-essential-k562-rna-essential-legacy-pilot__hspa5__mean-global__dataset-heldout-split__ensemble3,bio__env-replogleweissman2022-k562-essential-k562-rna-essential-legacy-pilot__hspa5,1
pred__bio__env-replogleweissman2022-k562-essential-k562-rna-essential-legacy-pilot__pnkp__mean-global__dataset-heldout-split__ensemble3,bio__env-replogleweissman2022-k562-essential-k562-rna-essential-legacy-pilot__pnkp,0
pred__bio__env-replogleweissman2022-k562-essential-k562-rna-essential-legacy-pilot__cdipt__mean-global__dataset-heldout-split__ensemble3,bio__env-replogleweissman2022-k562-essential-k562-rna-essential-legacy-pilot__cdipt,2
pred__bio__env-replogleweissman2022-k562-essential-k562-rna-essential-legacy-pilot__dimt1__mean-global__dataset-heldout-split__ensemble3,bio__env-replogleweissman2022-k562-essential-k562-rna-essential-legacy-pilot__dimt1,1
pred__bio__env-replogleweissman2022-k562-essential-k562-rna-essential-legacy-pilot__magoh__mean-global__dataset-heldout-split__ensemble3,bio__env-replogleweissman2022-k562-essential-k562-rna-essential-legacy-pilot__magoh,0
pred__bio__env-replogleweissman2022-k562-essential-k562-rna-essential-legacy-pilot__kansl3__mean-global__dataset-heldout-split__ensemble3,bio__env-replogleweissman2022-k562-essential-k562-rna-essential-legacy-pilot__kansl3,1
pred__bio__env-replogleweissman2022-k562-essential-k562-rna-essential-legacy-pilot__smc4__mean-global__dataset-heldout-split__ensemble3,bio__env-replogleweissman2022-k562-essential-k562-rna-essential-legacy-pilot__smc4,1
pred__bio__env-replogleweissman2022-k562-essential-k562-rna-essential-legacy-pilot__atp6v1b2__mean-global__dataset-heldout-split__ensemble3,bio__env-replogleweissman2022-k562-essential-k562-rna-essential-legacy-pilot__atp6v1b2,4
pred__bio__env-replogleweissman2022-k562-essential-k562-rna-essential-legacy-pilot__rpl11__mean-global__dataset-heldout-split__ensemble3,bio__env-replogleweissman2022-k562-essential-k562-rna-essential-legacy-pilot__rpl11,0
pred__bio__env-replogleweissman2022-k562-essential-k562-rna-essential-legacy-pilot__nuf2__mean-global__dataset-heldout-split__ensemble3,bio__env-replogleweissman2022-k562-essential-k562-rna-essential-legacy-pilot__nuf2,2
pred__bio__env-replogleweissman2022-k562-essential-k562-rna-essential-legacy-pilot__ostc__mean-global__dataset-heldout-split__ensemble3,bio__env-replogleweissman2022-k562-essential-k562-rna-essential-legacy-pilot__ostc,3
pred__bio__env-replogleweissman2022-k562-essential-k562-rna-essential-legacy-pilot__rps3__mean-global__dataset-heldout-split__ensemble3,bio__env-replogleweissman2022-k562-essential-k562-rna-essential-legacy-pilot__rps3,4
pred__bio__env-replogleweissman2022-k562-essential-k562-rna-essential-legacy-pilot__mettl1__mean-global__dataset-heldout-split__ensemble3,bio__env-replogleweissman2022-k562-essential-k562-rna-essential-legacy-pilot__mettl1,2
pred__bio__env-replogleweissman2022-k562-essential-k562-rna-essential-legacy-pilot__lin54__mean-global__dataset-heldout-split__ensemble3,bio__env-replogleweissman2022-k562-essential-k562-rna-essential-legacy-pilot__lin54,0
pred__bio__env-replogleweissman2022-k562-essential-k562-rna-essential-legacy-pilot__hira__mean-global__dataset-heldout-split__ensemble3,bio__env-replogleweissman2022-k562-essential-k562-rna-essential-legacy-pilot__hira,0
pred__bio__env-replogleweissman2022-k562-essential-k562-rna-essential-legacy-pilot__bcas2__mean-global__dataset-heldout-split__ensemble3,bio__env-replogleweissman2022-k562-essential-k562-rna-essential-legacy-pilot__bcas2,2
pred__bio__env-replogleweissman2022-k562-essential-k562-rna-essential-legacy-pilot__sf3b3__mean-global__dataset-heldout-split__ensemble3,bio__env-replogleweissman2022-k562-essential-k562-rna-essential-legacy-pilot__sf3b3,2
pred__bio__env-replogleweissman2022-k562-essential-k562-rna-essential-legacy-pilot__cdk1__mean-global__dataset-heldout-split__ensemble3,bio__env-replogleweissman2022-k562-essential-k562-rna-essential-legacy-pilot__cdk1,2
pred__bio__env-replogleweissman2022-k562-essential-k562-rna-essential-legacy-pilot__ddx47__mean-global__dataset-heldout-split__ensemble3,bio__env-replogleweissman2022-k562-essential-k562-rna-essential-legacy-pilot__ddx47,4
pred__bio__env-replogleweissman2022-k562-essential-k562-rna-essential-legacy-pilot__pcbp2__mean-global__dataset-heldout-split__ensemble3,bio__env-replogleweissman2022-k562-essential-k562-rna-essential-legacy-pilot__pcbp2,3
pred__bio__env-replogleweissman2022-k562-essential-k562-rna-essential-legacy-pilot__psmd4__mean-global__dataset-heldout-split__ensemble3,bio__env-replogleweissman2022-k562-essential-k562-rna-essential-legacy-pilot__psmd4,4
pred__bio__env-replogleweissman2022-k562-essential-k562-rna-essential-legacy-pilot__smarcb1__mean-global__dataset-heldout-split__ensemble3,bio__env-replogleweissman2022-k562-essential-k562-rna-essential-legacy-pilot__smarcb1,3
pred__bio__env-replogleweissman2022-k562-essential-k562-rna-essential-legacy-pilot__dhx15__mean-global__dataset-heldout-split__ensemble3,bio__env-replogleweissman2022-k562-essential-k562-rna-essential-legacy-pilot__dhx15,4
pred__bio__env-replogleweissman2022-k562-essential-k562-rna-essential-legacy-pilot__prodh__mean-global__dataset-heldout-split__ensemble3,bio__env-replogleweissman2022-k562-essential-k562-rna-essential-legacy-pilot__prodh,4
pred__bio__env-replogleweissman2022-k562-essential-k562-rna-essential-legacy-pilot__sfpq__mean-global__dataset-heldout-split__ensemble3,bio__env-replogleweissman2022-k562-essential-k562-rna-essential-legacy-pilot__sfpq,3
pred__bio__env-replogleweissman2022-k562-essential-k562-rna-essential-legacy-pilot__oxa1l__mean-global__dataset-heldout-split__ensemble3,bio__env-replogleweissman2022-k562-essential-k562-rna-essential-legacy-pilot__oxa1l,2
pred__bio__env-replogleweissman2022-k562-essential-k562-rna-essential-legacy-pilot__dld__mean-global__dataset-heldout-split__ensemble3,bio__env-replogleweissman2022-k562-essential-k562-rna-essential-legacy-pilot__dld,3
pred__bio__env-replogleweissman2022-k562-essential-k562-rna-essential-legacy-pilot__ints8__mean-global__dataset-heldout-split__ensemble3,bio__env-replogleweissman2022-k562-essential-k562-rna-essential-legacy-pilot__ints8,4
pred__bio__env-replogleweissman2022-k562-essential-k562-rna-essential-legacy-pilot__exosc2__mean-global__dataset-heldout-split__ensemble3,bio__env-replogleweissman2022-k562-essential-k562-rna-essential-legacy-pilot__exosc2,4
pred__bio__env-replogleweissman2022-k562-essential-k562-rna-essential-legacy-pilot__slc25a10__mean-global__dataset-heldout-split__ensemble3,bio__env-replogleweissman2022-k562-essential-k562-rna-essential-legacy-pilot__slc25a10,2
pred__bio__env-replogleweissman2022-k562-essential-k562-rna-essential-legacy-pilot__nup98__mean-global__dataset-heldout-split__ensemble3,bio__env-replogleweissman2022-k562-essential-k562-rna-essential-legacy-pilot__nup98,4
pred__bio__env-replogleweissman2022-k562-essential-k562-rna-essential-legacy-pilot__ptcd1__mean-global__dataset-heldout-split__ensemble3,bio__env-replogleweissman2022-k562-essential-k562-rna-essential-legacy-pilot__ptcd1,1
pred__bio__env-replogleweissman2022-k562-essential-k562-rna-essential-legacy-pilot__krt8__mean-global__dataset-heldout-split__ensemble3,bio__env-replogleweissman2022-k562-essential-k562-rna-essential-legacy-pilot__krt8,1
pred__bio__env-replogleweissman2022-k562-essential-k562-rna-essential-legacy-pilot__drg1__mean-global__dataset-heldout-split__ensemble3,bio__env-replogleweissman2022-k562-essential-k562-rna-essential-legacy-pilot__drg1,4
pred__bio__env-replogleweissman2022-k562-essential-k562-rna-essential-legacy-pilot__tead3__mean-global__dataset-heldout-split__ensemble3,bio__env-replogleweissman2022-k562-essential-k562-rna-essential-legacy-pilot__tead3,1
pred__bio__env-replogleweissman2022-k562-essential-k562-rna-essential-legacy-pilot__pc__mean-global__dataset-heldout-split__ensemble3,bio__env-replogleweissman2022-k562-essential-k562-rna-essential-legacy-pilot__pc,4
pred__bio__env-replogleweissman2022-k562-essential-k562-rna-essential-legacy-pilot__pola2__mean-global__dataset-heldout-split__ensemble3,bio__env-replogleweissman2022-k562-essential-k562-rna-essential-legacy-pilot__pola2,1
pred__bio__env-replogleweissman2022-k562-essential-k562-rna-essential-legacy-pilot__pdcd6ip__mean-global__dataset-heldout-split__ensemble3,bio__env-replogleweissman2022-k562-essential-k562-rna-essential-legacy-pilot__pdcd6ip,0
pred__bio__env-replogleweissman2022-k562-essential-k562-rna-essential-legacy-pilot__mrpl14__mean-global__dataset-heldout-split__ensemble3,bio__env-replogleweissman2022-k562-essential-k562-rna-essential-legacy-pilot__mrpl14,3
pred__bio__env-replogleweissman2022-k562-essential-k562-rna-essential-legacy-pilot__espn__mean-global__dataset-heldout-split__ensemble3,bio__env-replogleweissman2022-k562-essential-k562-rna-essential-legacy-pilot__espn,1
pred__bio__env-replogleweissman2022-k562-essential-k562-rna-essential-legacy-pilot__rpl31__mean-global__dataset-heldout-split__ensemble3,bio__env-replogleweissman2022-k562-essential-k562-rna-essential-legacy-pilot__rpl31,1
pred__bio__env-replogleweissman2022-k562-essential-k562-rna-essential-legacy-pilot__fbxo5__mean-global__dataset-heldout-split__ensemble3,bio__env-replogleweissman2022-k562-essential-k562-rna-essential-legacy-pilot__fbxo5,0
pred__bio__env-replogleweissman2022-k562-essential-k562-rna-essential-legacy-pilot__psmd6__mean-global__dataset-heldout-split__ensemble3,bio__env-replogleweissman2022-k562-essential-k562-rna-essential-legacy-pilot__psmd6,0
pred__bio__env-replogleweissman2022-k562-essential-k562-rna-essential-legacy-pilot__skp2__mean-global__dataset-heldout-split__ensemble3,bio__env-replogleweissman2022-k562-essential-k562-rna-essential-legacy-pilot__skp2,4
pred__bio__env-replogleweissman2022-k562-essential-k562-rna-essential-legacy-pilot__pstk__mean-global__dataset-heldout-split__ensemble3,bio__env-replogleweissman2022-k562-essential-k562-rna-essential-legacy-pilot__pstk,1
pred__bio__env-replogleweissman2022-k562-essential-k562-rna-essential-legacy-pilot__aars2__mean-global__dataset-heldout-split__ensemble3,bio__env-replogleweissman2022-k562-essential-k562-rna-essential-legacy-pilot__aars2,1
pred__bio__env-replogleweissman2022-k562-essential-k562-rna-essential-legacy-pilot__psmc2__mean-global__dataset-heldout-split__ensemble3,bio__env-replogleweissman2022-k562-essential-k562-rna-essential-legacy-pilot__psmc2,1
pred__bio__env-replogleweissman2022-k562-essential-k562-rna-essential-legacy-pilot__denr__mean-global__dataset-heldout-split__ensemble3,bio__env-replogleweissman2022-k562-essential-k562-rna-essential-legacy-pilot__denr,2
pred__bio__env-replogleweissman2022-k562-essential-k562-rna-essential-legacy-pilot__eif2b5__mean-global__dataset-heldout-split__ensemble3,bio__env-replogleweissman2022-k562-essential-k562-rna-essential-legacy-pilot__eif2b5,0
pred__bio__env-replogleweissman2022-k562-essential-k562-rna-essential-legacy-pilot__nup54__mean-global__dataset-heldout-split__ensemble3,bio__env-replogleweissman2022-k562-essential-k562-rna-essential-legacy-pilot__nup54,4
pred__bio__env-replogleweissman2022-k562-essential-k562-rna-essential-legacy-pilot__h3f3a__mean-global__dataset-heldout-split__ensemble3,bio__env-replogleweissman2022-k562-essential-k562-rna-essential-legacy-pilot__h3f3a,1
pred__bio__env-replogleweissman2022-k562-essential-k562-rna-essential-legacy-pilot__znf718__mean-global__dataset-heldout-split__ensemble3,bio__env-replogleweissman2022-k562-essential-k562-rna-essential-legacy-pilot__znf718,2
pred__bio__env-replogleweissman2022-k562-essential-k562-rna-essential-legacy-pilot__rnf14__mean-global__dataset-heldout-split__ensemble3,bio__env-replogleweissman2022-k562-essential-k562-rna-essential-legacy-pilot__rnf14,0
pred__bio__env-replogleweissman2022-k562-essential-k562-rna-essential-legacy-pilot__rpl36__mean-global__dataset-heldout-split__ensemble3,bio__env-replogleweissman2022-k562-essential-k562-rna-essential-legacy-pilot__rpl36,0
pred__bio__env-replogleweissman2022-k562-essential-k562-rna-essential-legacy-pilot__crnkl1__mean-global__dataset-heldout-split__ensemble3,bio__env-replogleweissman2022-k562-essential-k562-rna-essential-legacy-pilot__crnkl1,3
pred__bio__env-replogleweissman2022-k562-essential-k562-rna-essential-legacy-pilot__znf207__mean-global__dataset-heldout-split__ensemble3,bio__env-replogleweissman2022-k562-essential-k562-rna-essential-legacy-pilot__znf207,2
pred__bio__env-replogleweissman2022-k562-essential-k562-rna-essential-legacy-pilot__ilf3__mean-global__dataset-heldout-split__ensemble3,bio__env-replogleweissman2022-k562-essential-k562-rna-essential-legacy-pilot__ilf3,1
pred__bio__env-replogleweissman2022-k562-essential-k562-rna-essential-legacy-pilot__dnajc8__mean-global__dataset-heldout-split__ensemble3,bio__env-replogleweissman2022-k562-essential-k562-rna-essential-legacy-pilot__dnajc8,0
pred__bio__env-replogleweissman2022-k562-essential-k562-rna-essential-legacy-pilot__usp7__mean-global__dataset-heldout-split__ensemble3,bio__env-replogleweissman2022-k562-essential-k562-rna-essential-legacy-pilot__usp7,0
pred__bio__env-replogleweissman2022-k562-essential-k562-rna-essential-legacy-pilot__cacnb3__mean-global__dataset-heldout-split__ensemble3,bio__env-replogleweissman2022-k562-essential-k562-rna-essential-legacy-pilot__cacnb3,3
pred__bio__env-replogleweissman2022-k562-essential-k562-rna-essential-legacy-pilot__rps29__mean-global__dataset-heldout-split__ensemble3,bio__env-replogleweissman2022-k562-essential-k562-rna-essential-legacy-pilot__rps29,3
pred__bio__env-replogleweissman2022-k562-essential-k562-rna-essential-legacy-pilot__copa__mean-global__dataset-heldout-split__ensemble3,bio__env-replogleweissman2022-k562-essential-k562-rna-essential-legacy-pilot__copa,2
pred__bio__env-replogleweissman2022-k562-essential-k562-rna-essential-legacy-pilot__srcap__mean-global__dataset-heldout-split__ensemble3,bio__env-replogleweissman2022-k562-essential-k562-rna-essential-legacy-pilot__srcap,2
pred__bio__env-replogleweissman2022-k562-essential-k562-rna-essential-legacy-pilot__dync1h1__mean-global__dataset-heldout-split__ensemble3,bio__env-replogleweissman2022-k562-essential-k562-rna-essential-legacy-pilot__dync1h1,0
pred__bio__env-replogleweissman2022-k562-essential-k562-rna-essential-legacy-pilot__nup160__mean-global__dataset-heldout-split__ensemble3,bio__env-replogleweissman2022-k562-essential-k562-rna-essential-legacy-pilot__nup160,3
pred__bio__env-replogleweissman2022-k562-essential-k562-rna-essential-legacy-pilot__prelid3b__mean-global__dataset-heldout-split__ensemble3,bio__env-replogleweissman2022-k562-essential-k562-rna-essential-legacy-pilot__prelid3b,0
pred__bio__env-replogleweissman2022-k562-essential-k562-rna-essential-legacy-pilot__rpl13__mean-global__dataset-heldout-split__ensemble3,bio__env-replogleweissman2022-k562-essential-k562-rna-essential-legacy-pilot__rpl13,3
pred__bio__env-replogleweissman2022-k562-essential-k562-rna-essential-legacy-pilot__dnajc19__mean-global__dataset-heldout-split__ensemble3,bio__env-replogleweissman2022-k562-essential-k562-rna-essential-legacy-pilot__dnajc19,1
pred__bio__env-replogleweissman2022-k562-essential-k562-rna-essential-legacy-pilot__ppme1__mean-global__dataset-heldout-split__ensemble3,bio__env-replogleweissman2022-k562-essential-k562-rna-essential-legacy-pilot__ppme1,0
pred__bio__env-replogleweissman2022-k562-essential-k562-rna-essential-legacy-pilot__tpx2__mean-global__dataset-heldout-split__ensemble3,bio__env-replogleweissman2022-k562-essential-k562-rna-essential-legacy-pilot__tpx2,3
pred__bio__env-replogleweissman2022-k562-essential-k562-rna-essential-legacy-pilot__rps20__mean-global__dataset-heldout-split__ensemble3,bio__env-replogleweissman2022-k562-essential-k562-rna-essential-legacy-pilot__rps20,2
pred__bio__env-replogleweissman2022-k562-essential-k562-rna-essential-legacy-pilot__dph1__mean-global__dataset-heldout-split__ensemble3,bio__env-replogleweissman2022-k562-essential-k562-rna-essential-legacy-pilot__dph1,0
pred__bio__env-replogleweissman2022-k562-essential-k562-rna-essential-legacy-pilot__uba1__mean-global__dataset-heldout-split__ensemble3,bio__env-replogleweissman2022-k562-essential-k562-rna-essential-legacy-pilot__uba1,3
pred__bio__env-replogleweissman2022-k562-essential-k562-rna-essential-legacy-pilot__dctn3__mean-global__dataset-heldout-split__ensemble3,bio__env-replogleweissman2022-k562-essential-k562-rna-essential-legacy-pilot__dctn3,3
pred__bio__env-replogleweissman2022-k562-essential-k562-rna-essential-legacy-pilot__egln2__mean-global__dataset-heldout-split__ensemble3,bio__env-replogleweissman2022-k562-essential-k562-rna-essential-legacy-pilot__egln2,4
pred__bio__env-replogleweissman2022-k562-essential-k562-rna-essential-legacy-pilot__rpl8__mean-global__dataset-heldout-split__ensemble3,bio__env-replogleweissman2022-k562-essential-k562-rna-essential-legacy-pilot__rpl8,2
pred__bio__env-replogleweissman2022-k562-essential-k562-rna-essential-legacy-pilot__psmb5__mean-global__dataset-heldout-split__ensemble3,bio__env-replogleweissman2022-k562-essential-k562-rna-essential-legacy-pilot__psmb5,1
pred__bio__env-replogleweissman2022-k562-essential-k562-rna-essential-legacy-pilot__dcun1d5__mean-global__dataset-heldout-split__ensemble3,bio__env-replogleweissman2022-k562-essential-k562-rna-essential-legacy-pilot__dcun1d5,2
pred__bio__env-replogleweissman2022-k562-essential-k562-rna-essential-legacy-pilot__nop10__mean-global__dataset-heldout-split__ensemble3,bio__env-replogleweissman2022-k562-essential-k562-rna-essential-legacy-pilot__nop10,2
pred__bio__env-replogleweissman2022-k562-essential-k562-rna-essential-legacy-pilot__srrt__mean-global__dataset-heldout-split__ensemble3,bio__env-replogleweissman2022-k562-essential-k562-rna-essential-legacy-pilot__srrt,3
pred__bio__env-replogleweissman2022-k562-essential-k562-rna-essential-legacy-pilot__ufl1__mean-global__dataset-heldout-split__ensemble3,bio__env-replogleweissman2022-k562-essential-k562-rna-essential-legacy-pilot__ufl1,4
pred__bio__env-replogleweissman2022-k562-essential-k562-rna-essential-legacy-pilot__polr2d__mean-global__dataset-heldout-split__ensemble3,bio__env-replogleweissman2022-k562-essential-k562-rna-essential-legacy-pilot__polr2d,4
pred__bio__env-replogleweissman2022-k562-essential-k562-rna-essential-legacy-pilot__arpc2__mean-global__dataset-heldout-split__ensemble3,bio__env-replogleweissman2022-k562-essential-k562-rna-essential-legacy-pilot__arpc2,1
pred__bio__env-replogleweissman2022-k562-essential-k562-rna-essential-legacy-pilot__hars__mean-global__dataset-heldout-split__ensemble3,bio__env-replogleweissman2022-k562-essential-k562-rna-essential-legacy-pilot__hars,3
pred__bio__env-replogleweissman2022-k562-essential-k562-rna-essential-legacy-pilot__katnb1__mean-global__dataset-heldout-split__ensemble3,bio__env-replogleweissman2022-k562-essential-k562-rna-essential-legacy-pilot__katnb1,1
pred__bio__env-replogleweissman2022-k562-essential-k562-rna-essential-legacy-pilot__hspa9__mean-global__dataset-heldout-split__ensemble3,bio__env-replogleweissman2022-k562-essential-k562-rna-essential-legacy-pilot__hspa9,2
pred__bio__env-replogleweissman2022-k562-essential-k562-rna-essential-legacy-pilot__jazf1__mean-global__dataset-heldout-split__ensemble3,bio__env-replogleweissman2022-k562-essential-k562-rna-essential-legacy-pilot__jazf1,1
pred__bio__env-replogleweissman2022-k562-essential-k562-rna-essential-legacy-pilot__vps33a__mean-global__dataset-heldout-split__ensemble3,bio__env-replogleweissman2022-k562-essential-k562-rna-essential-legacy-pilot__vps33a,1
pred__bio__env-replogleweissman2022-k562-essential-k562-rna-essential-legacy-pilot__prpf18__mean-global__dataset-heldout-split__ensemble3,bio__env-replogleweissman2022-k562-essential-k562-rna-essential-legacy-pilot__prpf18,1
pred__bio__env-replogleweissman2022-k562-essential-k562-rna-essential-legacy-pilot__cdc27__mean-global__dataset-heldout-split__ensemble3,bio__env-replogleweissman2022-k562-essential-k562-rna-essential-legacy-pilot__cdc27,0
pred__bio__env-replogleweissman2022-k562-essential-k562-rna-essential-legacy-pilot__uqcrc1__mean-global__dataset-heldout-split__ensemble3,bio__env-replogleweissman2022-k562-essential-k562-rna-essential-legacy-pilot__uqcrc1,1
pred__bio__env-replogleweissman2022-k562-essential-k562-rna-essential-legacy-pilot__rplp0__mean-global__dataset-heldout-split__ensemble3,bio__env-replogleweissman2022-k562-essential-k562-rna-essential-legacy-pilot__rplp0,2
pred__bio__env-replogleweissman2022-k562-essential-k562-rna-essential-legacy-pilot__arpc4__mean-global__dataset-heldout-split__ensemble3,bio__env-replogleweissman2022-k562-essential-k562-rna-essential-legacy-pilot__arpc4,0
pred__bio__env-replogleweissman2022-k562-essential-k562-rna-essential-legacy-pilot__rpl37a__mean-global__dataset-heldout-split__ensemble3,bio__env-replogleweissman2022-k562-essential-k562-rna-essential-legacy-pilot__rpl37a,0
pred__bio__env-replogleweissman2022-k562-essential-k562-rna-essential-legacy-pilot__cnot3__mean-global__dataset-heldout-split__ensemble3,bio__env-replogleweissman2022-k562-essential-k562-rna-essential-legacy-pilot__cnot3,2
pred__bio__env-replogleweissman2022-k562-essential-k562-rna-essential-legacy-pilot__cenpe__mean-global__dataset-heldout-split__ensemble3,bio__env-replogleweissman2022-k562-essential-k562-rna-essential-legacy-pilot__cenpe,1
pred__bio__env-replogleweissman2022-k562-essential-k562-rna-essential-legacy-pilot__naglu__mean-global__dataset-heldout-split__ensemble3,bio__env-replogleweissman2022-k562-essential-k562-rna-essential-legacy-pilot__naglu,2
pred__bio__env-replogleweissman2022-k562-essential-k562-rna-essential-legacy-pilot__hspa8__mean-global__dataset-heldout-split__ensemble3,bio__env-replogleweissman2022-k562-essential-k562-rna-essential-legacy-pilot__hspa8,3
pred__bio__env-replogleweissman2022-k562-essential-k562-rna-essential-legacy-pilot__med22__mean-global__dataset-heldout-split__ensemble3,bio__env-replogleweissman2022-k562-essential-k562-rna-essential-legacy-pilot__med22,0
pred__bio__env-replogleweissman2022-k562-essential-k562-rna-essential-legacy-pilot__urod__mean-global__dataset-heldout-split__ensemble3,bio__env-replogleweissman2022-k562-essential-k562-rna-essential-legacy-pilot__urod,4
pred__bio__env-replogleweissman2022-k562-essential-k562-rna-essential-legacy-pilot__sf3a2__mean-global__dataset-heldout-split__ensemble3,bio__env-replogleweissman2022-k562-essential-k562-rna-essential-legacy-pilot__sf3a2,4
pred__bio__env-replogleweissman2022-k562-essential-k562-rna-essential-legacy-pilot__ltv1__mean-global__dataset-heldout-split__ensemble3,bio__env-replogleweissman2022-k562-essential-k562-rna-essential-legacy-pilot__ltv1,1
pred__bio__env-replogleweissman2022-k562-essential-k562-rna-essential-legacy-pilot__hnrnpc__mean-global__dataset-heldout-split__ensemble3,bio__env-replogleweissman2022-k562-essential-k562-rna-essential-legacy-pilot__hnrnpc,0
pred__bio__env-replogleweissman2022-k562-essential-k562-rna-essential-legacy-pilot__rmi1__mean-global__dataset-heldout-split__ensemble3,bio__env-replogleweissman2022-k562-essential-k562-rna-essential-legacy-pilot__rmi1,0
pred__bio__env-replogleweissman2022-k562-essential-k562-rna-essential-legacy-pilot__rpl10__mean-global__dataset-heldout-split__ensemble3,bio__env-replogleweissman2022-k562-essential-k562-rna-essential-legacy-pilot__rpl10,4
pred__bio__env-replogleweissman2022-k562-essential-k562-rna-essential-legacy-pilot__ndufab1__mean-global__dataset-heldout-split__ensemble3,bio__env-replogleweissman2022-k562-essential-k562-rna-essential-legacy-pilot__ndufab1,3
pred__bio__env-replogleweissman2022-k562-essential-k562-rna-essential-legacy-pilot__znf574__mean-global__dataset-heldout-split__ensemble3,bio__env-replogleweissman2022-k562-essential-k562-rna-essential-legacy-pilot__znf574,1
pred__bio__env-replogleweissman2022-k562-essential-k562-rna-essential-legacy-pilot__tsen34__mean-global__dataset-heldout-split__ensemble3,bio__env-replogleweissman2022-k562-essential-k562-rna-essential-legacy-pilot__tsen34,3
pred__bio__env-replogleweissman2022-k562-essential-k562-rna-essential-legacy-pilot__naca__mean-global__dataset-heldout-split__ensemble3,bio__env-replogleweissman2022-k562-essential-k562-rna-essential-legacy-pilot__naca,4
pred__bio__env-replogleweissman2022-k562-essential-k562-rna-essential-legacy-pilot__chmp7__mean-global__dataset-heldout-split__ensemble3,bio__env-replogleweissman2022-k562-essential-k562-rna-essential-legacy-pilot__chmp7,2
pred__bio__env-replogleweissman2022-k562-essential-k562-rna-essential-legacy-pilot__polr2b__mean-global__dataset-heldout-split__ensemble3,bio__env-replogleweissman2022-k562-essential-k562-rna-essential-legacy-pilot__polr2b,1
pred__bio__env-replogleweissman2022-k562-essential-k562-rna-essential-legacy-pilot__gak__mean-global__dataset-heldout-split__ensemble3,bio__env-replogleweissman2022-k562-essential-k562-rna-essential-legacy-pilot__gak,0
pred__bio__env-replogleweissman2022-k562-essential-k562-rna-essential-legacy-pilot__dnmt1__mean-global__dataset-heldout-split__ensemble3,bio__env-replogleweissman2022-k562-essential-k562-rna-essential-legacy-pilot__dnmt1,0
pred__bio__env-replogleweissman2022-k562-essential-k562-rna-essential-legacy-pilot__slc7a5__mean-global__dataset-heldout-split__ensemble3,bio__env-replogleweissman2022-k562-essential-k562-rna-essential-legacy-pilot__slc7a5,1
pred__bio__env-replogleweissman2022-k562-essential-k562-rna-essential-legacy-pilot__rps7__mean-global__dataset-heldout-split__ensemble3,bio__env-replogleweissman2022-k562-essential-k562-rna-essential-legacy-pilot__rps7,2
pred__bio__env-replogleweissman2022-k562-essential-k562-rna-essential-legacy-pilot__mcm10__mean-global__dataset-heldout-split__ensemble3,bio__env-replogleweissman2022-k562-essential-k562-rna-essential-legacy-pilot__mcm10,3
pred__bio__env-replogleweissman2022-k562-essential-k562-rna-essential-legacy-pilot__hmgb1__mean-global__dataset-heldout-split__ensemble3,bio__env-replogleweissman2022-k562-essential-k562-rna-essential-legacy-pilot__hmgb1,3
pred__bio__env-replogleweissman2022-k562-essential-k562-rna-essential-legacy-pilot__chek1__mean-global__dataset-heldout-split__ensemble3,bio__env-replogleweissman2022-k562-essential-k562-rna-essential-legacy-pilot__chek1,4
pred__bio__env-replogleweissman2022-k562-essential-k562-rna-essential-legacy-pilot__cpamd8__mean-global__dataset-heldout-split__ensemble3,bio__env-replogleweissman2022-k562-essential-k562-rna-essential-legacy-pilot__cpamd8,4
pred__bio__env-replogleweissman2022-k562-essential-k562-rna-essential-legacy-pilot__pola1__mean-global__dataset-heldout-split__ensemble3,bio__env-replogleweissman2022-k562-essential-k562-rna-essential-legacy-pilot__pola1,0
pred__bio__env-replogleweissman2022-k562-essential-k562-rna-essential-legacy-pilot__rpl12__mean-global__dataset-heldout-split__ensemble3,bio__env-replogleweissman2022-k562-essential-k562-rna-essential-legacy-pilot__rpl12,0
pred__bio__env-replogleweissman2022-k562-essential-k562-rna-essential-legacy-pilot__nxf1__mean-global__dataset-heldout-split__ensemble3,bio__env-replogleweissman2022-k562-essential-k562-rna-essential-legacy-pilot__nxf1,0
pred__bio__env-replogleweissman2022-k562-essential-k562-rna-essential-legacy-pilot__polr2f__mean-global__dataset-heldout-split__ensemble3,bio__env-replogleweissman2022-k562-essential-k562-rna-essential-legacy-pilot__polr2f,4
pred__bio__env-replogleweissman2022-k562-essential-k562-rna-essential-legacy-pilot__eef2__mean-global__dataset-heldout-split__ensemble3,bio__env-replogleweissman2022-k562-essential-k562-rna-essential-legacy-pilot__eef2,0
pred__bio__env-replogleweissman2022-k562-essential-k562-rna-essential-legacy-pilot__ckap5__mean-global__dataset-heldout-split__ensemble3,bio__env-replogleweissman2022-k562-essential-k562-rna-essential-legacy-pilot__ckap5,1
pred__bio__env-replogleweissman2022-k562-essential-k562-rna-essential-legacy-pilot__u2surp__mean-global__dataset-heldout-split__ensemble3,bio__env-replogleweissman2022-k562-essential-k562-rna-essential-legacy-pilot__u2surp,3
pred__bio__env-replogleweissman2022-k562-essential-k562-rna-essential-legacy-pilot__xpo5__mean-global__dataset-heldout-split__ensemble3,bio__env-replogleweissman2022-k562-essential-k562-rna-essential-legacy-pilot__xpo5,0
pred__bio__env-replogleweissman2022-k562-essential-k562-rna-essential-legacy-pilot__actr8__mean-global__dataset-heldout-split__ensemble3,bio__env-replogleweissman2022-k562-essential-k562-rna-essential-legacy-pilot__actr8,4
pred__bio__env-replogleweissman2022-k562-essential-k562-rna-essential-legacy-pilot__nsrp1__mean-global__dataset-heldout-split__ensemble3,bio__env-replogleweissman2022-k562-essential-k562-rna-essential-legacy-pilot__nsrp1,4
pred__bio__env-replogleweissman2022-k562-essential-k562-rna-essential-legacy-pilot__rpe__mean-global__dataset-heldout-split__ensemble3,bio__env-replogleweissman2022-k562-essential-k562-rna-essential-legacy-pilot__rpe,1
pred__bio__env-replogleweissman2022-k562-essential-k562-rna-essential-legacy-pilot__tkt__mean-global__dataset-heldout-split__ensemble3,bio__env-replogleweissman2022-k562-essential-k562-rna-essential-legacy-pilot__tkt,3
pred__bio__env-replogleweissman2022-k562-essential-k562-rna-essential-legacy-pilot__arcn1__mean-global__dataset-heldout-split__ensemble3,bio__env-replogleweissman2022-k562-essential-k562-rna-essential-legacy-pilot__arcn1,0
pred__bio__env-replogleweissman2022-k562-essential-k562-rna-essential-legacy-pilot__rpl38__mean-global__dataset-heldout-split__ensemble3,bio__env-replogleweissman2022-k562-essential-k562-rna-essential-legacy-pilot__rpl38,4
pred__bio__env-replogleweissman2022-k562-essential-k562-rna-essential-legacy-pilot__prpf4b__mean-global__dataset-heldout-split__ensemble3,bio__env-replogleweissman2022-k562-essential-k562-rna-essential-legacy-pilot__prpf4b,0
pred__bio__env-replogleweissman2022-k562-essential-k562-rna-essential-legacy-pilot__gars__mean-global__dataset-heldout-split__ensemble3,bio__env-replogleweissman2022-k562-essential-k562-rna-essential-legacy-pilot__gars,2
pred__bio__env-replogleweissman2022-k562-essential-k562-rna-essential-legacy-pilot__rfc3__mean-global__dataset-heldout-split__ensemble3,bio__env-replogleweissman2022-k562-essential-k562-rna-essential-legacy-pilot__rfc3,3
pred__bio__env-replogleweissman2022-k562-essential-k562-rna-essential-legacy-pilot__rpl9__mean-global__dataset-heldout-split__ensemble3,bio__env-replogleweissman2022-k562-essential-k562-rna-essential-legacy-pilot__rpl9,1
pred__bio__env-replogleweissman2022-k562-essential-k562-rna-essential-legacy-pilot__gpn3__mean-global__dataset-heldout-split__ensemble3,bio__env-replogleweissman2022-k562-essential-k562-rna-essential-legacy-pilot__gpn3,2
pred__bio__env-replogleweissman2022-k562-essential-k562-rna-essential-legacy-pilot__folr3__mean-global__dataset-heldout-split__ensemble3,bio__env-replogleweissman2022-k562-essential-k562-rna-essential-legacy-pilot__folr3,0
pred__bio__env-replogleweissman2022-k562-essential-k562-rna-essential-legacy-pilot__emc3__mean-global__dataset-heldout-split__ensemble3,bio__env-replogleweissman2022-k562-essential-k562-rna-essential-legacy-pilot__emc3,2
pred__bio__env-replogleweissman2022-k562-essential-k562-rna-essential-legacy-pilot__znf506__mean-global__dataset-heldout-split__ensemble3,bio__env-replogleweissman2022-k562-essential-k562-rna-essential-legacy-pilot__znf506,3
pred__bio__env-replogleweissman2022-k562-essential-k562-rna-essential-legacy-pilot__ankrd11__mean-global__dataset-heldout-split__ensemble3,bio__env-replogleweissman2022-k562-essential-k562-rna-essential-legacy-pilot__ankrd11,1
pred__bio__env-replogleweissman2022-k562-essential-k562-rna-essential-legacy-pilot__bcar1__mean-global__dataset-heldout-split__ensemble3,bio__env-replogleweissman2022-k562-essential-k562-rna-essential-legacy-pilot__bcar1,1
pred__bio__env-replogleweissman2022-k562-essential-k562-rna-essential-legacy-pilot__psmc1__mean-global__dataset-heldout-split__ensemble3,bio__env-replogleweissman2022-k562-essential-k562-rna-essential-legacy-pilot__psmc1,4
pred__bio__env-replogleweissman2022-k562-essential-k562-rna-essential-legacy-pilot__rpl5__mean-global__dataset-heldout-split__ensemble3,bio__env-replogleweissman2022-k562-essential-k562-rna-essential-legacy-pilot__rpl5,3
pred__bio__env-replogleweissman2022-k562-essential-k562-rna-essential-legacy-pilot__max__mean-global__dataset-heldout-split__ensemble3,bio__env-replogleweissman2022-k562-essential-k562-rna-essential-legacy-pilot__max,3
pred__bio__env-replogleweissman2022-k562-essential-k562-rna-essential-legacy-pilot__rcc1__mean-global__dataset-heldout-split__ensemble3,bio__env-replogleweissman2022-k562-essential-k562-rna-essential-legacy-pilot__rcc1,2
pred__bio__env-replogleweissman2022-k562-essential-k562-rna-essential-legacy-pilot__ccnk__mean-global__dataset-heldout-split__ensemble3,bio__env-replogleweissman2022-k562-essential-k562-rna-essential-legacy-pilot__ccnk,3
pred__bio__env-replogleweissman2022-k562-essential-k562-rna-essential-legacy-pilot__sart1__mean-global__dataset-heldout-split__ensemble3,bio__env-replogleweissman2022-k562-essential-k562-rna-essential-legacy-pilot__sart1,1
pred__bio__env-replogleweissman2022-k562-essential-k562-rna-essential-legacy-pilot__srsf6__mean-global__dataset-heldout-split__ensemble3,bio__env-replogleweissman2022-k562-essential-k562-rna-essential-legacy-pilot__srsf6,1
pred__bio__env-replogleweissman2022-k562-essential-k562-rna-essential-legacy-pilot__spdye2__mean-global__dataset-heldout-split__ensemble3,bio__env-replogleweissman2022-k562-essential-k562-rna-essential-legacy-pilot__spdye2,3
pred__bio__env-replogleweissman2022-k562-essential-k562-rna-essential-legacy-pilot__eif5__mean-global__dataset-heldout-split__ensemble3,bio__env-replogleweissman2022-k562-essential-k562-rna-essential-legacy-pilot__eif5,4
pred__bio__env-replogleweissman2022-k562-essential-k562-rna-essential-legacy-pilot__gucd1__mean-global__dataset-heldout-split__ensemble3,bio__env-replogleweissman2022-k562-essential-k562-rna-essential-legacy-pilot__gucd1,2
pred__bio__env-replogleweissman2022-k562-essential-k562-rna-essential-legacy-pilot__med7__mean-global__dataset-heldout-split__ensemble3,bio__env-replogleweissman2022-k562-essential-k562-rna-essential-legacy-pilot__med7,3
pred__bio__env-replogleweissman2022-k562-essential-k562-rna-essential-legacy-pilot__hist2h3d__mean-global__dataset-heldout-split__ensemble3,bio__env-replogleweissman2022-k562-essential-k562-rna-essential-legacy-pilot__hist2h3d,4
pred__bio__env-replogleweissman2022-k562-essential-k562-rna-essential-legacy-pilot__snrpb__mean-global__dataset-heldout-split__ensemble3,bio__env-replogleweissman2022-k562-essential-k562-rna-essential-legacy-pilot__snrpb,0
pred__bio__env-replogleweissman2022-k562-essential-k562-rna-essential-legacy-pilot__ddx41__mean-global__dataset-heldout-split__ensemble3,bio__env-replogleweissman2022-k562-essential-k562-rna-essential-legacy-pilot__ddx41,4
pred__bio__env-replogleweissman2022-k562-essential-k562-rna-essential-legacy-pilot__elp2__mean-global__dataset-heldout-split__ensemble3,bio__env-replogleweissman2022-k562-essential-k562-rna-essential-legacy-pilot__elp2,3
pred__bio__env-replogleweissman2022-k562-essential-k562-rna-essential-legacy-pilot__rpl10a__mean-global__dataset-heldout-split__ensemble3,bio__env-replogleweissman2022-k562-essential-k562-rna-essential-legacy-pilot__rpl10a,0
pred__bio__env-replogleweissman2022-k562-essential-k562-rna-essential-legacy-pilot__c16orf86__mean-global__dataset-heldout-split__ensemble3,bio__env-replogleweissman2022-k562-essential-k562-rna-essential-legacy-pilot__c16orf86,0
pred__bio__env-replogleweissman2022-k562-essential-k562-rna-essential-legacy-pilot__hinfp__mean-global__dataset-heldout-split__ensemble3,bio__env-replogleweissman2022-k562-essential-k562-rna-essential-legacy-pilot__hinfp,0
pred__bio__env-replogleweissman2022-k562-essential-k562-rna-essential-legacy-pilot__vcp__mean-global__dataset-heldout-split__ensemble3,bio__env-replogleweissman2022-k562-essential-k562-rna-essential-legacy-pilot__vcp,1
pred__bio__env-replogleweissman2022-k562-essential-k562-rna-essential-legacy-pilot__dync1i2__mean-global__dataset-heldout-split__ensemble3,bio__env-replogleweissman2022-k562-essential-k562-rna-essential-legacy-pilot__dync1i2,3
pred__bio__env-replogleweissman2022-k562-essential-k562-rna-essential-legacy-pilot__smn2__mean-global__dataset-heldout-split__ensemble3,bio__env-replogleweissman2022-k562-essential-k562-rna-essential-legacy-pilot__smn2,2
pred__bio__env-replogleweissman2022-k562-essential-k562-rna-essential-legacy-pilot__ik__mean-global__dataset-heldout-split__ensemble3,bio__env-replogleweissman2022-k562-essential-k562-rna-essential-legacy-pilot__ik,4
pred__bio__env-replogleweissman2022-k562-essential-k562-rna-essential-legacy-pilot__bop1__mean-global__dataset-heldout-split__ensemble3,bio__env-replogleweissman2022-k562-essential-k562-rna-essential-legacy-pilot__bop1,3
pred__bio__env-replogleweissman2022-k562-essential-k562-rna-essential-legacy-pilot__ints9__mean-global__dataset-heldout-split__ensemble3,bio__env-replogleweissman2022-k562-essential-k562-rna-essential-legacy-pilot__ints9,2
pred__bio__env-replogleweissman2022-k562-essential-k562-rna-essential-legacy-pilot__rbmx2__mean-global__dataset-heldout-split__ensemble3,bio__env-replogleweissman2022-k562-essential-k562-rna-essential-legacy-pilot__rbmx2,2
pred__bio__env-replogleweissman2022-k562-essential-k562-rna-essential-legacy-pilot__rpl21__mean-global__dataset-heldout-split__ensemble3,bio__env-replogleweissman2022-k562-essential-k562-rna-essential-legacy-pilot__rpl21,0
pred__bio__env-replogleweissman2022-k562-essential-k562-rna-essential-legacy-pilot__mrpl33__mean-global__dataset-heldout-split__ensemble3,bio__env-replogleweissman2022-k562-essential-k562-rna-essential-legacy-pilot__mrpl33,1
pred__bio__env-replogleweissman2022-k562-essential-k562-rna-essential-legacy-pilot__hs6st1__mean-global__dataset-heldout-split__ensemble3,bio__env-replogleweissman2022-k562-essential-k562-rna-essential-legacy-pilot__hs6st1,1
pred__bio__env-replogleweissman2022-k562-essential-k562-rna-essential-legacy-pilot__cnot1__mean-global__dataset-heldout-split__ensemble3,bio__env-replogleweissman2022-k562-essential-k562-rna-essential-legacy-pilot__cnot1,2
pred__bio__env-replogleweissman2022-k562-essential-k562-rna-essential-legacy-pilot__rpa2__mean-global__dataset-heldout-split__ensemble3,bio__env-replogleweissman2022-k562-essential-k562-rna-essential-legacy-pilot__rpa2,3
pred__bio__env-replogleweissman2022-k562-essential-k562-rna-essential-legacy-pilot__rps17__mean-global__dataset-heldout-split__ensemble3,bio__env-replogleweissman2022-k562-essential-k562-rna-essential-legacy-pilot__rps17,1
pred__bio__env-replogleweissman2022-k562-essential-k562-rna-essential-legacy-pilot__or1d2__mean-global__dataset-heldout-split__ensemble3,bio__env-replogleweissman2022-k562-essential-k562-rna-essential-legacy-pilot__or1d2,2
pred__bio__env-replogleweissman2022-k562-essential-k562-rna-essential-legacy-pilot__ccdc86__mean-global__dataset-heldout-split__ensemble3,bio__env-replogleweissman2022-k562-essential-k562-rna-essential-legacy-pilot__ccdc86,1
pred__bio__env-replogleweissman2022-k562-essential-k562-rna-essential-legacy-pilot__sin3a__mean-global__dataset-heldout-split__ensemble3,bio__env-replogleweissman2022-k562-essential-k562-rna-essential-legacy-pilot__sin3a,0
pred__bio__env-replogleweissman2022-k562-essential-k562-rna-essential-legacy-pilot__vps54__mean-global__dataset-heldout-split__ensemble3,bio__env-replogleweissman2022-k562-essential-k562-rna-essential-legacy-pilot__vps54,1
pred__bio__env-replogleweissman2022-k562-essential-k562-rna-essential-legacy-pilot__igbp1__mean-global__dataset-heldout-split__ensemble3,bio__env-replogleweissman2022-k562-essential-k562-rna-essential-legacy-pilot__igbp1,3
pred__bio__env-replogleweissman2022-k562-essential-k562-rna-essential-legacy-pilot__gon4l__mean-global__dataset-heldout-split__ensemble3,bio__env-replogleweissman2022-k562-essential-k562-rna-essential-legacy-pilot__gon4l,4
pred__bio__env-replogleweissman2022-k562-essential-k562-rna-essential-legacy-pilot__vps41__mean-global__dataset-heldout-split__ensemble3,bio__env-replogleweissman2022-k562-essential-k562-rna-essential-legacy-pilot__vps41,3
pred__bio__env-replogleweissman2022-k562-essential-k562-rna-essential-legacy-pilot__wdr36__mean-global__dataset-heldout-split__ensemble3,bio__env-replogleweissman2022-k562-essential-k562-rna-essential-legacy-pilot__wdr36,1
pred__bio__env-replogleweissman2022-k562-essential-k562-rna-essential-legacy-pilot__chordc1__mean-global__dataset-heldout-split__ensemble3,bio__env-replogleweissman2022-k562-essential-k562-rna-essential-legacy-pilot__chordc1,1
pred__bio__env-replogleweissman2022-k562-essential-k562-rna-essential-legacy-pilot__psmd1__mean-global__dataset-heldout-split__ensemble3,bio__env-replogleweissman2022-k562-essential-k562-rna-essential-legacy-pilot__psmd1,4
pred__bio__env-replogleweissman2022-k562-essential-k562-rna-essential-legacy-pilot__ddx24__mean-global__dataset-heldout-split__ensemble3,bio__env-replogleweissman2022-k562-essential-k562-rna-essential-legacy-pilot__ddx24,0
pred__bio__env-replogleweissman2022-k562-essential-k562-rna-essential-legacy-pilot__vps18__mean-global__dataset-heldout-split__ensemble3,bio__env-replogleweissman2022-k562-essential-k562-rna-essential-legacy-pilot__vps18,3
pred__bio__env-replogleweissman2022-k562-essential-k562-rna-essential-legacy-pilot__slc4a5__mean-global__dataset-heldout-split__ensemble3,bio__env-replogleweissman2022-k562-essential-k562-rna-essential-legacy-pilot__slc4a5,0
pred__bio__env-replogleweissman2022-k562-essential-k562-rna-essential-legacy-pilot__rps28__mean-global__dataset-heldout-split__ensemble3,bio__env-replogleweissman2022-k562-essential-k562-rna-essential-legacy-pilot__rps28,1
pred__bio__env-replogleweissman2022-k562-essential-k562-rna-essential-legacy-pilot__alg2__mean-global__dataset-heldout-split__ensemble3,bio__env-replogleweissman2022-k562-essential-k562-rna-essential-legacy-pilot__alg2,3
pred__bio__env-replogleweissman2022-k562-essential-k562-rna-essential-legacy-pilot__haus7__mean-global__dataset-heldout-split__ensemble3,bio__env-replogleweissman2022-k562-essential-k562-rna-essential-legacy-pilot__haus7,2
pred__bio__env-replogleweissman2022-k562-essential-k562-rna-essential-legacy-pilot__ndufb8__mean-global__dataset-heldout-split__ensemble3,bio__env-replogleweissman2022-k562-essential-k562-rna-essential-legacy-pilot__ndufb8,4
pred__bio__env-replogleweissman2022-k562-essential-k562-rna-essential-legacy-pilot__med30__mean-global__dataset-heldout-split__ensemble3,bio__env-replogleweissman2022-k562-essential-k562-rna-essential-legacy-pilot__med30,3
pred__bio__env-replogleweissman2022-k562-essential-k562-rna-essential-legacy-pilot__psmg1__mean-global__dataset-heldout-split__ensemble3,bio__env-replogleweissman2022-k562-essential-k562-rna-essential-legacy-pilot__psmg1,2
pred__bio__env-replogleweissman2022-k562-essential-k562-rna-essential-legacy-pilot__rpl26__mean-global__dataset-heldout-split__ensemble3,bio__env-replogleweissman2022-k562-essential-k562-rna-essential-legacy-pilot__rpl26,3
pred__bio__env-replogleweissman2022-k562-essential-k562-rna-essential-legacy-pilot__clasrp__mean-global__dataset-heldout-split__ensemble3,bio__env-replogleweissman2022-k562-essential-k562-rna-essential-legacy-pilot__clasrp,2
pred__bio__env-replogleweissman2022-k562-essential-k562-rna-essential-legacy-pilot__rpl14__mean-global__dataset-heldout-split__ensemble3,bio__env-replogleweissman2022-k562-essential-k562-rna-essential-legacy-pilot__rpl14,4
pred__bio__env-replogleweissman2022-k562-essential-k562-rna-essential-legacy-pilot__hmgcs1__mean-global__dataset-heldout-split__ensemble3,bio__env-replogleweissman2022-k562-essential-k562-rna-essential-legacy-pilot__hmgcs1,2
pred__bio__env-replogleweissman2022-k562-essential-k562-rna-essential-legacy-pilot__kat8__mean-global__dataset-heldout-split__ensemble3,bio__env-replogleweissman2022-k562-essential-k562-rna-essential-legacy-pilot__kat8,4
pred__bio__env-replogleweissman2022-k562-essential-k562-rna-essential-legacy-pilot__eif2b1__mean-global__dataset-heldout-split__ensemble3,bio__env-replogleweissman2022-k562-essential-k562-rna-essential-legacy-pilot__eif2b1,1
pred__bio__env-replogleweissman2022-k562-essential-k562-rna-essential-legacy-pilot__gtf3c6__mean-global__dataset-heldout-split__ensemble3,bio__env-replogleweissman2022-k562-essential-k562-rna-essential-legacy-pilot__gtf3c6,1
pred__bio__env-replogleweissman2022-k562-essential-k562-rna-essential-legacy-pilot__cs__mean-global__dataset-heldout-split__ensemble3,bio__env-replogleweissman2022-k562-essential-k562-rna-essential-legacy-pilot__cs,0
pred__bio__env-replogleweissman2022-k562-essential-k562-rna-essential-legacy-pilot__ythdc1__mean-global__dataset-heldout-split__ensemble3,bio__env-replogleweissman2022-k562-essential-k562-rna-essential-legacy-pilot__ythdc1,0
pred__bio__env-replogleweissman2022-k562-essential-k562-rna-essential-legacy-pilot__cenpj__mean-global__dataset-heldout-split__ensemble3,bio__env-replogleweissman2022-k562-essential-k562-rna-essential-legacy-pilot__cenpj,2
pred__bio__env-replogleweissman2022-k562-essential-k562-rna-essential-legacy-pilot__dynlrb1__mean-global__dataset-heldout-split__ensemble3,bio__env-replogleweissman2022-k562-essential-k562-rna-essential-legacy-pilot__dynlrb1,3
pred__bio__env-replogleweissman2022-k562-essential-k562-rna-essential-legacy-pilot__dctn1__mean-global__dataset-heldout-split__ensemble3,bio__env-replogleweissman2022-k562-essential-k562-rna-essential-legacy-pilot__dctn1,0
pred__bio__env-replogleweissman2022-k562-essential-k562-rna-essential-legacy-pilot__wbp11__mean-global__dataset-heldout-split__ensemble3,bio__env-replogleweissman2022-k562-essential-k562-rna-essential-legacy-pilot__wbp11,4
pred__bio__env-replogleweissman2022-k562-essential-k562-rna-essential-legacy-pilot__prpf6__mean-global__dataset-heldout-split__ensemble3,bio__env-replogleweissman2022-k562-essential-k562-rna-essential-legacy-pilot__prpf6,4
pred__bio__env-replogleweissman2022-k562-essential-k562-rna-essential-legacy-pilot__hnrnpm__mean-global__dataset-heldout-split__ensemble3,bio__env-replogleweissman2022-k562-essential-k562-rna-essential-legacy-pilot__hnrnpm,2
pred__bio__env-replogleweissman2022-k562-essential-k562-rna-essential-legacy-pilot__pmf1__mean-global__dataset-heldout-split__ensemble3,bio__env-replogleweissman2022-k562-essential-k562-rna-essential-legacy-pilot__pmf1,4
pred__bio__env-replogleweissman2022-k562-essential-k562-rna-essential-legacy-pilot__atp6v1e1__mean-global__dataset-heldout-split__ensemble3,bio__env-replogleweissman2022-k562-essential-k562-rna-essential-legacy-pilot__atp6v1e1,1
pred__bio__env-replogleweissman2022-k562-essential-k562-rna-essential-legacy-pilot__brca2__mean-global__dataset-heldout-split__ensemble3,bio__env-replogleweissman2022-k562-essential-k562-rna-essential-legacy-pilot__brca2,2
pred__bio__env-replogleweissman2022-k562-essential-k562-rna-essential-legacy-pilot__pop7__mean-global__dataset-heldout-split__ensemble3,bio__env-replogleweissman2022-k562-essential-k562-rna-essential-legacy-pilot__pop7,0
pred__bio__env-replogleweissman2022-k562-essential-k562-rna-essential-legacy-pilot__aatf__mean-global__dataset-heldout-split__ensemble3,bio__env-replogleweissman2022-k562-essential-k562-rna-essential-legacy-pilot__aatf,0
pred__bio__env-replogleweissman2022-k562-essential-k562-rna-essential-legacy-pilot__gfm1__mean-global__dataset-heldout-split__ensemble3,bio__env-replogleweissman2022-k562-essential-k562-rna-essential-legacy-pilot__gfm1,3
pred__bio__env-replogleweissman2022-k562-essential-k562-rna-essential-legacy-pilot__ppp1ca__mean-global__dataset-heldout-split__ensemble3,bio__env-replogleweissman2022-k562-essential-k562-rna-essential-legacy-pilot__ppp1ca,4
pred__bio__env-replogleweissman2022-k562-essential-k562-rna-essential-legacy-pilot__eif2b2__mean-global__dataset-heldout-split__ensemble3,bio__env-replogleweissman2022-k562-essential-k562-rna-essential-legacy-pilot__eif2b2,4
pred__bio__env-replogleweissman2022-k562-essential-k562-rna-essential-legacy-pilot__rpl6__mean-global__dataset-heldout-split__ensemble3,bio__env-replogleweissman2022-k562-essential-k562-rna-essential-legacy-pilot__rpl6,3
pred__bio__env-replogleweissman2022-k562-essential-k562-rna-essential-legacy-pilot__rpl7__mean-global__dataset-heldout-split__ensemble3,bio__env-replogleweissman2022-k562-essential-k562-rna-essential-legacy-pilot__rpl7,2
pred__bio__env-replogleweissman2022-k562-essential-k562-rna-essential-legacy-pilot__cfdp1__mean-global__dataset-heldout-split__ensemble3,bio__env-replogleweissman2022-k562-essential-k562-rna-essential-legacy-pilot__cfdp1,3
pred__bio__env-replogleweissman2022-k562-essential-k562-rna-essential-legacy-pilot__nubp1__mean-global__dataset-heldout-split__ensemble3,bio__env-replogleweissman2022-k562-essential-k562-rna-essential-legacy-pilot__nubp1,0
pred__bio__env-replogleweissman2022-k562-essential-k562-rna-essential-legacy-pilot__xrcc1__mean-global__dataset-heldout-split__ensemble3,bio__env-replogleweissman2022-k562-essential-k562-rna-essential-legacy-pilot__xrcc1,1
pred__bio__env-replogleweissman2022-k562-essential-k562-rna-essential-legacy-pilot__drap1__mean-global__dataset-heldout-split__ensemble3,bio__env-replogleweissman2022-k562-essential-k562-rna-essential-legacy-pilot__drap1,0
pred__bio__env-replogleweissman2022-k562-essential-k562-rna-essential-legacy-pilot__emc7__mean-global__dataset-heldout-split__ensemble3,bio__env-replogleweissman2022-k562-essential-k562-rna-essential-legacy-pilot__emc7,1
pred__bio__env-replogleweissman2022-k562-essential-k562-rna-essential-legacy-pilot__cops4__mean-global__dataset-heldout-split__ensemble3,bio__env-replogleweissman2022-k562-essential-k562-rna-essential-legacy-pilot__cops4,3
pred__bio__env-replogleweissman2022-k562-essential-k562-rna-essential-legacy-pilot__ciao1__mean-global__dataset-heldout-split__ensemble3,bio__env-replogleweissman2022-k562-essential-k562-rna-essential-legacy-pilot__ciao1,0
pred__bio__env-replogleweissman2022-k562-essential-k562-rna-essential-legacy-pilot__rps9__mean-global__dataset-heldout-split__ensemble3,bio__env-replogleweissman2022-k562-essential-k562-rna-essential-legacy-pilot__rps9,2
pred__bio__env-replogleweissman2022-k562-essential-k562-rna-essential-legacy-pilot__trnt1__mean-global__dataset-heldout-split__ensemble3,bio__env-replogleweissman2022-k562-essential-k562-rna-essential-legacy-pilot__trnt1,4
pred__bio__env-replogleweissman2022-k562-essential-k562-rna-essential-legacy-pilot__ercc3__mean-global__dataset-heldout-split__ensemble3,bio__env-replogleweissman2022-k562-essential-k562-rna-essential-legacy-pilot__ercc3,0
pred__bio__env-replogleweissman2022-k562-essential-k562-rna-essential-legacy-pilot__dolk__mean-global__dataset-heldout-split__ensemble3,bio__env-replogleweissman2022-k562-essential-k562-rna-essential-legacy-pilot__dolk,0
pred__bio__env-replogleweissman2022-k562-essential-k562-rna-essential-legacy-pilot__mtbp__mean-global__dataset-heldout-split__ensemble3,bio__env-replogleweissman2022-k562-essential-k562-rna-essential-legacy-pilot__mtbp,1
pred__bio__env-replogleweissman2022-k562-essential-k562-rna-essential-legacy-pilot__rnf40__mean-global__dataset-heldout-split__ensemble3,bio__env-replogleweissman2022-k562-essential-k562-rna-essential-legacy-pilot__rnf40,0
pred__bio__env-replogleweissman2022-k562-essential-k562-rna-essential-legacy-pilot__nip7__mean-global__dataset-heldout-split__ensemble3,bio__env-replogleweissman2022-k562-essential-k562-rna-essential-legacy-pilot__nip7,0
pred__bio__env-replogleweissman2022-k562-essential-k562-rna-essential-legacy-pilot__pcid2__mean-global__dataset-heldout-split__ensemble3,bio__env-replogleweissman2022-k562-essential-k562-rna-essential-legacy-pilot__pcid2,2
pred__bio__env-replogleweissman2022-k562-essential-k562-rna-essential-legacy-pilot__dph2__mean-global__dataset-heldout-split__ensemble3,bio__env-replogleweissman2022-k562-essential-k562-rna-essential-legacy-pilot__dph2,1
pred__bio__env-replogleweissman2022-k562-essential-k562-rna-essential-legacy-pilot__trmt112__mean-global__dataset-heldout-split__ensemble3,bio__env-replogleweissman2022-k562-essential-k562-rna-essential-legacy-pilot__trmt112,0
pred__bio__env-replogleweissman2022-k562-essential-k562-rna-essential-legacy-pilot__tmsb10__mean-global__dataset-heldout-split__ensemble3,bio__env-replogleweissman2022-k562-essential-k562-rna-essential-legacy-pilot__tmsb10,4
pred__bio__env-replogleweissman2022-k562-essential-k562-rna-essential-legacy-pilot__riok2__mean-global__dataset-heldout-split__ensemble3,bio__env-replogleweissman2022-k562-essential-k562-rna-essential-legacy-pilot__riok2,1
pred__bio__env-replogleweissman2022-k562-essential-k562-rna-essential-legacy-pilot__eif2s1__mean-global__dataset-heldout-split__ensemble3,bio__env-replogleweissman2022-k562-essential-k562-rna-essential-legacy-pilot__eif2s1,3
pred__bio__env-replogleweissman2022-k562-essential-k562-rna-essential-legacy-pilot__sod2__mean-global__dataset-heldout-split__ensemble3,bio__env-replogleweissman2022-k562-essential-k562-rna-essential-legacy-pilot__sod2,0
pred__bio__env-replogleweissman2022-k562-essential-k562-rna-essential-legacy-pilot__rbm4__mean-global__dataset-heldout-split__ensemble3,bio__env-replogleweissman2022-k562-essential-k562-rna-essential-legacy-pilot__rbm4,3
pred__bio__env-replogleweissman2022-k562-essential-k562-rna-essential-legacy-pilot__wbp1l__mean-global__dataset-heldout-split__ensemble3,bio__env-replogleweissman2022-k562-essential-k562-rna-essential-legacy-pilot__wbp1l,1
pred__bio__env-replogleweissman2022-k562-essential-k562-rna-essential-legacy-pilot__fcf1__mean-global__dataset-heldout-split__ensemble3,bio__env-replogleweissman2022-k562-essential-k562-rna-essential-legacy-pilot__fcf1,4
pred__bio__env-replogleweissman2022-k562-essential-k562-rna-essential-legacy-pilot__ppp4r2__mean-global__dataset-heldout-split__ensemble3,bio__env-replogleweissman2022-k562-essential-k562-rna-essential-legacy-pilot__ppp4r2,2
pred__bio__env-replogleweissman2022-k562-essential-k562-rna-essential-legacy-pilot__foxl2__mean-global__dataset-heldout-split__ensemble3,bio__env-replogleweissman2022-k562-essential-k562-rna-essential-legacy-pilot__foxl2,1
pred__bio__env-replogleweissman2022-k562-essential-k562-rna-essential-legacy-pilot__tefm__mean-global__dataset-heldout-split__ensemble3,bio__env-replogleweissman2022-k562-essential-k562-rna-essential-legacy-pilot__tefm,2
pred__bio__env-replogleweissman2022-k562-essential-k562-rna-essential-legacy-pilot__mepce__mean-global__dataset-heldout-split__ensemble3,bio__env-replogleweissman2022-k562-essential-k562-rna-essential-legacy-pilot__mepce,3
pred__bio__env-replogleweissman2022-k562-essential-k562-rna-essential-legacy-pilot__ints1__mean-global__dataset-heldout-split__ensemble3,bio__env-replogleweissman2022-k562-essential-k562-rna-essential-legacy-pilot__ints1,3
pred__bio__env-replogleweissman2022-k562-essential-k562-rna-essential-legacy-pilot__asf1b__mean-global__dataset-heldout-split__ensemble3,bio__env-replogleweissman2022-k562-essential-k562-rna-essential-legacy-pilot__asf1b,0
pred__bio__env-replogleweissman2022-k562-essential-k562-rna-essential-legacy-pilot__hus1__mean-global__dataset-heldout-split__ensemble3,bio__env-replogleweissman2022-k562-essential-k562-rna-essential-legacy-pilot__hus1,2
pred__bio__env-replogleweissman2022-k562-essential-k562-rna-essential-legacy-pilot__tut1__mean-global__dataset-heldout-split__ensemble3,bio__env-replogleweissman2022-k562-essential-k562-rna-essential-legacy-pilot__tut1,3
pred__bio__env-replogleweissman2022-k562-essential-k562-rna-essential-legacy-pilot__c9orf16__mean-global__dataset-heldout-split__ensemble3,bio__env-replogleweissman2022-k562-essential-k562-rna-essential-legacy-pilot__c9orf16,3
pred__bio__env-replogleweissman2022-k562-essential-k562-rna-essential-legacy-pilot__naa20__mean-global__dataset-heldout-split__ensemble3,bio__env-replogleweissman2022-k562-essential-k562-rna-essential-legacy-pilot__naa20,1
pred__bio__env-replogleweissman2022-k562-essential-k562-rna-essential-legacy-pilot__rpsa__mean-global__dataset-heldout-split__ensemble3,bio__env-replogleweissman2022-k562-essential-k562-rna-essential-legacy-pilot__rpsa,3
pred__bio__env-replogleweissman2022-k562-essential-k562-rna-essential-legacy-pilot__ndufs5__mean-global__dataset-heldout-split__ensemble3,bio__env-replogleweissman2022-k562-essential-k562-rna-essential-legacy-pilot__ndufs5,3
pred__bio__env-replogleweissman2022-k562-essential-k562-rna-essential-legacy-pilot__ahctf1__mean-global__dataset-heldout-split__ensemble3,bio__env-replogleweissman2022-k562-essential-k562-rna-essential-legacy-pilot__ahctf1,2
pred__bio__env-replogleweissman2022-k562-essential-k562-rna-essential-legacy-pilot__wdhd1__mean-global__dataset-heldout-split__ensemble3,bio__env-replogleweissman2022-k562-essential-k562-rna-essential-legacy-pilot__wdhd1,0
pred__bio__env-replogleweissman2022-k562-essential-k562-rna-essential-legacy-pilot__copg1__mean-global__dataset-heldout-split__ensemble3,bio__env-replogleweissman2022-k562-essential-k562-rna-essential-legacy-pilot__copg1,4
pred__bio__env-replogleweissman2022-k562-essential-k562-rna-essential-legacy-pilot__slu7__mean-global__dataset-heldout-split__ensemble3,bio__env-replogleweissman2022-k562-essential-k562-rna-essential-legacy-pilot__slu7,4
pred__bio__env-replogleweissman2022-k562-essential-k562-rna-essential-legacy-pilot__polrmt__mean-global__dataset-heldout-split__ensemble3,bio__env-replogleweissman2022-k562-essential-k562-rna-essential-legacy-pilot__polrmt,4
pred__bio__env-replogleweissman2022-k562-essential-k562-rna-essential-legacy-pilot__iars2__mean-global__dataset-heldout-split__ensemble3,bio__env-replogleweissman2022-k562-essential-k562-rna-essential-legacy-pilot__iars2,1
pred__bio__env-replogleweissman2022-k562-essential-k562-rna-essential-legacy-pilot__thoc2__mean-global__dataset-heldout-split__ensemble3,bio__env-replogleweissman2022-k562-essential-k562-rna-essential-legacy-pilot__thoc2,2
pred__bio__env-replogleweissman2022-k562-essential-k562-rna-essential-legacy-pilot__nedd8__mean-global__dataset-heldout-split__ensemble3,bio__env-replogleweissman2022-k562-essential-k562-rna-essential-legacy-pilot__nedd8,2
pred__bio__env-replogleweissman2022-k562-essential-k562-rna-essential-legacy-pilot__abce1__mean-global__dataset-heldout-split__ensemble3,bio__env-replogleweissman2022-k562-essential-k562-rna-essential-legacy-pilot__abce1,4
pred__bio__env-replogleweissman2022-k562-essential-k562-rna-essential-legacy-pilot__ino80__mean-global__dataset-heldout-split__ensemble3,bio__env-replogleweissman2022-k562-essential-k562-rna-essential-legacy-pilot__ino80,0
pred__bio__env-replogleweissman2022-k562-essential-k562-rna-essential-legacy-pilot__mbtps2__mean-global__dataset-heldout-split__ensemble3,bio__env-replogleweissman2022-k562-essential-k562-rna-essential-legacy-pilot__mbtps2,2
pred__bio__env-replogleweissman2022-k562-essential-k562-rna-essential-legacy-pilot__rps24__mean-global__dataset-heldout-split__ensemble3,bio__env-replogleweissman2022-k562-essential-k562-rna-essential-legacy-pilot__rps24,0
pred__bio__env-replogleweissman2022-k562-essential-k562-rna-essential-legacy-pilot__actr2__mean-global__dataset-heldout-split__ensemble3,bio__env-replogleweissman2022-k562-essential-k562-rna-essential-legacy-pilot__actr2,3
pred__bio__env-replogleweissman2022-k562-essential-k562-rna-essential-legacy-pilot__mrpl45__mean-global__dataset-heldout-split__ensemble3,bio__env-replogleweissman2022-k562-essential-k562-rna-essential-legacy-pilot__mrpl45,4
pred__bio__env-replogleweissman2022-k562-essential-k562-rna-essential-legacy-pilot__znf284__mean-global__dataset-heldout-split__ensemble3,bio__env-replogleweissman2022-k562-essential-k562-rna-essential-legacy-pilot__znf284,4
pred__bio__env-replogleweissman2022-k562-essential-k562-rna-essential-legacy-pilot__nfrkb__mean-global__dataset-heldout-split__ensemble3,bio__env-replogleweissman2022-k562-essential-k562-rna-essential-legacy-pilot__nfrkb,0
pred__bio__env-replogleweissman2022-k562-essential-k562-rna-essential-legacy-pilot__ddx46__mean-global__dataset-heldout-split__ensemble3,bio__env-replogleweissman2022-k562-essential-k562-rna-essential-legacy-pilot__ddx46,1
pred__bio__env-replogleweissman2022-k562-essential-k562-rna-essential-legacy-pilot__dnttip2__mean-global__dataset-heldout-split__ensemble3,bio__env-replogleweissman2022-k562-essential-k562-rna-essential-legacy-pilot__dnttip2,3
pred__bio__env-replogleweissman2022-k562-essential-k562-rna-essential-legacy-pilot__tubgcp2__mean-global__dataset-heldout-split__ensemble3,bio__env-replogleweissman2022-k562-essential-k562-rna-essential-legacy-pilot__tubgcp2,2
pred__bio__env-replogleweissman2022-k562-essential-k562-rna-essential-legacy-pilot__pla2g10__mean-global__dataset-heldout-split__ensemble3,bio__env-replogleweissman2022-k562-essential-k562-rna-essential-legacy-pilot__pla2g10,2
pred__bio__env-replogleweissman2022-k562-essential-k562-rna-essential-legacy-pilot__bcl2l1__mean-global__dataset-heldout-split__ensemble3,bio__env-replogleweissman2022-k562-essential-k562-rna-essential-legacy-pilot__bcl2l1,2
pred__bio__env-replogleweissman2022-k562-essential-k562-rna-essential-legacy-pilot__rpl32__mean-global__dataset-heldout-split__ensemble3,bio__env-replogleweissman2022-k562-essential-k562-rna-essential-legacy-pilot__rpl32,1
pred__bio__env-replogleweissman2022-k562-essential-k562-rna-essential-legacy-pilot__mrpl36__mean-global__dataset-heldout-split__ensemble3,bio__env-replogleweissman2022-k562-essential-k562-rna-essential-legacy-pilot__mrpl36,0
pred__bio__env-replogleweissman2022-k562-essential-k562-rna-essential-legacy-pilot__ears2__mean-global__dataset-heldout-split__ensemble3,bio__env-replogleweissman2022-k562-essential-k562-rna-essential-legacy-pilot__ears2,2
pred__bio__env-replogleweissman2022-k562-essential-k562-rna-essential-legacy-pilot__ndc80__mean-global__dataset-heldout-split__ensemble3,bio__env-replogleweissman2022-k562-essential-k562-rna-essential-legacy-pilot__ndc80,1
pred__bio__env-replogleweissman2022-k562-essential-k562-rna-essential-legacy-pilot__eif3e__mean-global__dataset-heldout-split__ensemble3,bio__env-replogleweissman2022-k562-essential-k562-rna-essential-legacy-pilot__eif3e,0
pred__bio__env-replogleweissman2022-k562-essential-k562-rna-essential-legacy-pilot__bglap__mean-global__dataset-heldout-split__ensemble3,bio__env-replogleweissman2022-k562-essential-k562-rna-essential-legacy-pilot__bglap,4
pred__bio__env-replogleweissman2022-k562-essential-k562-rna-essential-legacy-pilot__ubl5__mean-global__dataset-heldout-split__ensemble3,bio__env-replogleweissman2022-k562-essential-k562-rna-essential-legacy-pilot__ubl5,0
pred__bio__env-replogleweissman2022-k562-essential-k562-rna-essential-legacy-pilot__klc2__mean-global__dataset-heldout-split__ensemble3,bio__env-replogleweissman2022-k562-essential-k562-rna-essential-legacy-pilot__klc2,4
pred__bio__env-replogleweissman2022-k562-essential-k562-rna-essential-legacy-pilot__mak16__mean-global__dataset-heldout-split__ensemble3,bio__env-replogleweissman2022-k562-essential-k562-rna-essential-legacy-pilot__mak16,4
pred__bio__env-replogleweissman2022-k562-essential-k562-rna-essential-legacy-pilot__polr1e__mean-global__dataset-heldout-split__ensemble3,bio__env-replogleweissman2022-k562-essential-k562-rna-essential-legacy-pilot__polr1e,1
pred__bio__env-replogleweissman2022-k562-essential-k562-rna-essential-legacy-pilot__sdad1__mean-global__dataset-heldout-split__ensemble3,bio__env-replogleweissman2022-k562-essential-k562-rna-essential-legacy-pilot__sdad1,0
pred__bio__env-replogleweissman2022-k562-essential-k562-rna-essential-legacy-pilot__mrps35__mean-global__dataset-heldout-split__ensemble3,bio__env-replogleweissman2022-k562-essential-k562-rna-essential-legacy-pilot__mrps35,3
pred__bio__env-replogleweissman2022-k562-essential-k562-rna-essential-legacy-pilot__yeats2__mean-global__dataset-heldout-split__ensemble3,bio__env-replogleweissman2022-k562-essential-k562-rna-essential-legacy-pilot__yeats2,1
pred__bio__env-replogleweissman2022-k562-essential-k562-rna-essential-legacy-pilot__banf1__mean-global__dataset-heldout-split__ensemble3,bio__env-replogleweissman2022-k562-essential-k562-rna-essential-legacy-pilot__banf1,4
pred__bio__env-replogleweissman2022-k562-essential-k562-rna-essential-legacy-pilot__yeats4__mean-global__dataset-heldout-split__ensemble3,bio__env-replogleweissman2022-k562-essential-k562-rna-essential-legacy-pilot__yeats4,1
pred__bio__env-replogleweissman2022-k562-essential-k562-rna-essential-legacy-pilot__rpl19__mean-global__dataset-heldout-split__ensemble3,bio__env-replogleweissman2022-k562-essential-k562-rna-essential-legacy-pilot__rpl19,3
pred__bio__env-replogleweissman2022-k562-essential-k562-rna-essential-legacy-pilot__dhodh__mean-global__dataset-heldout-split__ensemble3,bio__env-replogleweissman2022-k562-essential-k562-rna-essential-legacy-pilot__dhodh,3
pred__bio__env-replogleweissman2022-k562-essential-k562-rna-essential-legacy-pilot__brf2__mean-global__dataset-heldout-split__ensemble3,bio__env-replogleweissman2022-k562-essential-k562-rna-essential-legacy-pilot__brf2,1
pred__bio__env-replogleweissman2022-k562-essential-k562-rna-essential-legacy-pilot__rhpn1__mean-global__dataset-heldout-split__ensemble3,bio__env-replogleweissman2022-k562-essential-k562-rna-essential-legacy-pilot__rhpn1,4
pred__bio__env-replogleweissman2022-k562-essential-k562-rna-essential-legacy-pilot__pold1__mean-global__dataset-heldout-split__ensemble3,bio__env-replogleweissman2022-k562-essential-k562-rna-essential-legacy-pilot__pold1,2
pred__bio__env-replogleweissman2022-k562-essential-k562-rna-essential-legacy-pilot__psmc4__mean-global__dataset-heldout-split__ensemble3,bio__env-replogleweissman2022-k562-essential-k562-rna-essential-legacy-pilot__psmc4,3
pred__bio__env-replogleweissman2022-k562-essential-k562-rna-essential-legacy-pilot__psmd12__mean-global__dataset-heldout-split__ensemble3,bio__env-replogleweissman2022-k562-essential-k562-rna-essential-legacy-pilot__psmd12,0
pred__bio__env-replogleweissman2022-k562-essential-k562-rna-essential-legacy-pilot__unc45a__mean-global__dataset-heldout-split__ensemble3,bio__env-replogleweissman2022-k562-essential-k562-rna-essential-legacy-pilot__unc45a,3
pred__bio__env-replogleweissman2022-k562-essential-k562-rna-essential-legacy-pilot__bap1__mean-global__dataset-heldout-split__ensemble3,bio__env-replogleweissman2022-k562-essential-k562-rna-essential-legacy-pilot__bap1,3
pred__bio__env-replogleweissman2022-k562-essential-k562-rna-essential-legacy-pilot__ube2l3__mean-global__dataset-heldout-split__ensemble3,bio__env-replogleweissman2022-k562-essential-k562-rna-essential-legacy-pilot__ube2l3,1
pred__bio__env-replogleweissman2022-k562-essential-k562-rna-essential-legacy-pilot__ube2d3__mean-global__dataset-heldout-split__ensemble3,bio__env-replogleweissman2022-k562-essential-k562-rna-essential-legacy-pilot__ube2d3,2
pred__bio__env-replogleweissman2022-k562-essential-k562-rna-essential-legacy-pilot__cdc37__mean-global__dataset-heldout-split__ensemble3,bio__env-replogleweissman2022-k562-essential-k562-rna-essential-legacy-pilot__cdc37,3
pred__bio__env-replogleweissman2022-k562-essential-k562-rna-essential-legacy-pilot__ino80b__mean-global__dataset-heldout-split__ensemble3,bio__env-replogleweissman2022-k562-essential-k562-rna-essential-legacy-pilot__ino80b,4
pred__bio__env-replogleweissman2022-k562-essential-k562-rna-essential-legacy-pilot__npb__mean-global__dataset-heldout-split__ensemble3,bio__env-replogleweissman2022-k562-essential-k562-rna-essential-legacy-pilot__npb,1
pred__bio__env-replogleweissman2022-k562-essential-k562-rna-essential-legacy-pilot__trappc4__mean-global__dataset-heldout-split__ensemble3,bio__env-replogleweissman2022-k562-essential-k562-rna-essential-legacy-pilot__trappc4,1
pred__bio__env-replogleweissman2022-k562-essential-k562-rna-essential-legacy-pilot__polr2i__mean-global__dataset-heldout-split__ensemble3,bio__env-replogleweissman2022-k562-essential-k562-rna-essential-legacy-pilot__polr2i,3
pred__bio__env-replogleweissman2022-k562-essential-k562-rna-essential-legacy-pilot__gfer__mean-global__dataset-heldout-split__ensemble3,bio__env-replogleweissman2022-k562-essential-k562-rna-essential-legacy-pilot__gfer,4
pred__bio__env-replogleweissman2022-k562-essential-k562-rna-essential-legacy-pilot__anapc2__mean-global__dataset-heldout-split__ensemble3,bio__env-replogleweissman2022-k562-essential-k562-rna-essential-legacy-pilot__anapc2,2
pred__bio__env-replogleweissman2022-k562-essential-k562-rna-essential-legacy-pilot__exoc3__mean-global__dataset-heldout-split__ensemble3,bio__env-replogleweissman2022-k562-essential-k562-rna-essential-legacy-pilot__exoc3,4
pred__bio__env-replogleweissman2022-k562-essential-k562-rna-essential-legacy-pilot__slc16a5__mean-global__dataset-heldout-split__ensemble3,bio__env-replogleweissman2022-k562-essential-k562-rna-essential-legacy-pilot__slc16a5,3
pred__bio__env-replogleweissman2022-k562-essential-k562-rna-essential-legacy-pilot__rsl24d1__mean-global__dataset-heldout-split__ensemble3,bio__env-replogleweissman2022-k562-essential-k562-rna-essential-legacy-pilot__rsl24d1,1
pred__bio__env-replogleweissman2022-k562-essential-k562-rna-essential-legacy-pilot__atrip__mean-global__dataset-heldout-split__ensemble3,bio__env-replogleweissman2022-k562-essential-k562-rna-essential-legacy-pilot__atrip,0
pred__bio__env-replogleweissman2022-k562-essential-k562-rna-essential-legacy-pilot__dhx36__mean-global__dataset-heldout-split__ensemble3,bio__env-replogleweissman2022-k562-essential-k562-rna-essential-legacy-pilot__dhx36,4
pred__bio__env-replogleweissman2022-k562-essential-k562-rna-essential-legacy-pilot__lsm11__mean-global__dataset-heldout-split__ensemble3,bio__env-replogleweissman2022-k562-essential-k562-rna-essential-legacy-pilot__lsm11,3
pred__bio__env-replogleweissman2022-k562-essential-k562-rna-essential-legacy-pilot__aaas__mean-global__dataset-heldout-split__ensemble3,bio__env-replogleweissman2022-k562-essential-k562-rna-essential-legacy-pilot__aaas,2
pred__bio__env-replogleweissman2022-k562-essential-k562-rna-essential-legacy-pilot__pgam1__mean-global__dataset-heldout-split__ensemble3,bio__env-replogleweissman2022-k562-essential-k562-rna-essential-legacy-pilot__pgam1,4
pred__bio__env-replogleweissman2022-k562-essential-k562-rna-essential-legacy-pilot__rnf8__mean-global__dataset-heldout-split__ensemble3,bio__env-replogleweissman2022-k562-essential-k562-rna-essential-legacy-pilot__rnf8,2
pred__bio__env-replogleweissman2022-k562-essential-k562-rna-essential-legacy-pilot__ube2h__mean-global__dataset-heldout-split__ensemble3,bio__env-replogleweissman2022-k562-essential-k562-rna-essential-legacy-pilot__ube2h,1
pred__bio__env-replogleweissman2022-k562-essential-k562-rna-essential-legacy-pilot__cul1__mean-global__dataset-heldout-split__ensemble3,bio__env-replogleweissman2022-k562-essential-k562-rna-essential-legacy-pilot__cul1,1
pred__bio__env-replogleweissman2022-k562-essential-k562-rna-essential-legacy-pilot__rac3__mean-global__dataset-heldout-split__ensemble3,bio__env-replogleweissman2022-k562-essential-k562-rna-essential-legacy-pilot__rac3,1
pred__bio__env-replogleweissman2022-k562-essential-k562-rna-essential-legacy-pilot__wdr26__mean-global__dataset-heldout-split__ensemble3,bio__env-replogleweissman2022-k562-essential-k562-rna-essential-legacy-pilot__wdr26,2
pred__bio__env-replogleweissman2022-k562-essential-k562-rna-essential-legacy-pilot__psma1__mean-global__dataset-heldout-split__ensemble3,bio__env-replogleweissman2022-k562-essential-k562-rna-essential-legacy-pilot__psma1,3
pred__bio__env-replogleweissman2022-k562-essential-k562-rna-essential-legacy-pilot__casp8ap2__mean-global__dataset-heldout-split__ensemble3,bio__env-replogleweissman2022-k562-essential-k562-rna-essential-legacy-pilot__casp8ap2,3
pred__bio__env-replogleweissman2022-k562-essential-k562-rna-essential-legacy-pilot__kansl2__mean-global__dataset-heldout-split__ensemble3,bio__env-replogleweissman2022-k562-essential-k562-rna-essential-legacy-pilot__kansl2,4
pred__bio__env-replogleweissman2022-k562-essential-k562-rna-essential-legacy-pilot__ptpmt1__mean-global__dataset-heldout-split__ensemble3,bio__env-replogleweissman2022-k562-essential-k562-rna-essential-legacy-pilot__ptpmt1,4
pred__bio__env-replogleweissman2022-k562-essential-k562-rna-essential-legacy-pilot__naa35__mean-global__dataset-heldout-split__ensemble3,bio__env-replogleweissman2022-k562-essential-k562-rna-essential-legacy-pilot__naa35,1
pred__bio__env-replogleweissman2022-k562-essential-k562-rna-essential-legacy-pilot__ccdc115__mean-global__dataset-heldout-split__ensemble3,bio__env-replogleweissman2022-k562-essential-k562-rna-essential-legacy-pilot__ccdc115,2
pred__bio__env-replogleweissman2022-k562-essential-k562-rna-essential-legacy-pilot__snrpd3__mean-global__dataset-heldout-split__ensemble3,bio__env-replogleweissman2022-k562-essential-k562-rna-essential-legacy-pilot__snrpd3,1
pred__bio__env-replogleweissman2022-k562-essential-k562-rna-essential-legacy-pilot__dhx37__mean-global__dataset-heldout-split__ensemble3,bio__env-replogleweissman2022-k562-essential-k562-rna-essential-legacy-pilot__dhx37,0
pred__bio__env-replogleweissman2022-k562-essential-k562-rna-essential-legacy-pilot__xpo1__mean-global__dataset-heldout-split__ensemble3,bio__env-replogleweissman2022-k562-essential-k562-rna-essential-legacy-pilot__xpo1,4
pred__bio__env-replogleweissman2022-k562-essential-k562-rna-essential-legacy-pilot__lsm5__mean-global__dataset-heldout-split__ensemble3,bio__env-replogleweissman2022-k562-essential-k562-rna-essential-legacy-pilot__lsm5,2
pred__bio__env-replogleweissman2022-k562-essential-k562-rna-essential-legacy-pilot__cct2__mean-global__dataset-heldout-split__ensemble3,bio__env-replogleweissman2022-k562-essential-k562-rna-essential-legacy-pilot__cct2,4
pred__bio__env-replogleweissman2022-k562-essential-k562-rna-essential-legacy-pilot__ppp1r12a__mean-global__dataset-heldout-split__ensemble3,bio__env-replogleweissman2022-k562-essential-k562-rna-essential-legacy-pilot__ppp1r12a,3
pred__bio__env-replogleweissman2022-k562-essential-k562-rna-essential-legacy-pilot__ndufb4__mean-global__dataset-heldout-split__ensemble3,bio__env-replogleweissman2022-k562-essential-k562-rna-essential-legacy-pilot__ndufb4,0
pred__bio__env-replogleweissman2022-k562-essential-k562-rna-essential-legacy-pilot__sars2__mean-global__dataset-heldout-split__ensemble3,bio__env-replogleweissman2022-k562-essential-k562-rna-essential-legacy-pilot__sars2,0
pred__bio__env-replogleweissman2022-k562-essential-k562-rna-essential-legacy-pilot__rpl27a__mean-global__dataset-heldout-split__ensemble3,bio__env-replogleweissman2022-k562-essential-k562-rna-essential-legacy-pilot__rpl27a,2
pred__bio__env-replogleweissman2022-k562-essential-k562-rna-essential-legacy-pilot__rpl36al__mean-global__dataset-heldout-split__ensemble3,bio__env-replogleweissman2022-k562-essential-k562-rna-essential-legacy-pilot__rpl36al,4
pred__bio__env-replogleweissman2022-k562-essential-k562-rna-essential-legacy-pilot__ctr9__mean-global__dataset-heldout-split__ensemble3,bio__env-replogleweissman2022-k562-essential-k562-rna-essential-legacy-pilot__ctr9,2
pred__bio__env-replogleweissman2022-k562-essential-k562-rna-essential-legacy-pilot__pdcd6__mean-global__dataset-heldout-split__ensemble3,bio__env-replogleweissman2022-k562-essential-k562-rna-essential-legacy-pilot__pdcd6,2
pred__bio__env-replogleweissman2022-k562-essential-k562-rna-essential-legacy-pilot__vps37c__mean-global__dataset-heldout-split__ensemble3,bio__env-replogleweissman2022-k562-essential-k562-rna-essential-legacy-pilot__vps37c,2
pred__bio__env-replogleweissman2022-k562-essential-k562-rna-essential-legacy-pilot__dctn2__mean-global__dataset-heldout-split__ensemble3,bio__env-replogleweissman2022-k562-essential-k562-rna-essential-legacy-pilot__dctn2,4
pred__bio__env-replogleweissman2022-k562-essential-k562-rna-essential-legacy-pilot__msrb1__mean-global__dataset-heldout-split__ensemble3,bio__env-replogleweissman2022-k562-essential-k562-rna-essential-legacy-pilot__msrb1,2
pred__bio__env-replogleweissman2022-k562-essential-k562-rna-essential-legacy-pilot__gtf2h4__mean-global__dataset-heldout-split__ensemble3,bio__env-replogleweissman2022-k562-essential-k562-rna-essential-legacy-pilot__gtf2h4,3
pred__bio__env-replogleweissman2022-k562-essential-k562-rna-essential-legacy-pilot__prkrip1__mean-global__dataset-heldout-split__ensemble3,bio__env-replogleweissman2022-k562-essential-k562-rna-essential-legacy-pilot__prkrip1,1
pred__bio__env-replogleweissman2022-k562-essential-k562-rna-essential-legacy-pilot__atp6ap2__mean-global__dataset-heldout-split__ensemble3,bio__env-replogleweissman2022-k562-essential-k562-rna-essential-legacy-pilot__atp6ap2,4
pred__bio__env-replogleweissman2022-k562-essential-k562-rna-essential-legacy-pilot__phb__mean-global__dataset-heldout-split__ensemble3,bio__env-replogleweissman2022-k562-essential-k562-rna-essential-legacy-pilot__phb,3
pred__bio__env-replogleweissman2022-k562-essential-k562-rna-essential-legacy-pilot__dsn1__mean-global__dataset-heldout-split__ensemble3,bio__env-replogleweissman2022-k562-essential-k562-rna-essential-legacy-pilot__dsn1,3
pred__bio__env-replogleweissman2022-k562-essential-k562-rna-essential-legacy-pilot__hdac7__mean-global__dataset-heldout-split__ensemble3,bio__env-replogleweissman2022-k562-essential-k562-rna-essential-legacy-pilot__hdac7,1
pred__bio__env-replogleweissman2022-k562-essential-k562-rna-essential-legacy-pilot__ddx52__mean-global__dataset-heldout-split__ensemble3,bio__env-replogleweissman2022-k562-essential-k562-rna-essential-legacy-pilot__ddx52,0
pred__bio__env-replogleweissman2022-k562-essential-k562-rna-essential-legacy-pilot__ccnl1__mean-global__dataset-heldout-split__ensemble3,bio__env-replogleweissman2022-k562-essential-k562-rna-essential-legacy-pilot__ccnl1,0
pred__bio__env-replogleweissman2022-k562-essential-k562-rna-essential-legacy-pilot__bub1__mean-matching__dataset-heldout-split__ensemble3,bio__env-replogleweissman2022-k562-essential-k562-rna-essential-legacy-pilot__bub1,2
pred__bio__env-replogleweissman2022-k562-essential-k562-rna-essential-legacy-pilot__krr1__mean-matching__dataset-heldout-split__ensemble3,bio__env-replogleweissman2022-k562-essential-k562-rna-essential-legacy-pilot__krr1,0
pred__bio__env-replogleweissman2022-k562-essential-k562-rna-essential-legacy-pilot__bcr__mean-matching__dataset-heldout-split__ensemble3,bio__env-replogleweissman2022-k562-essential-k562-rna-essential-legacy-pilot__bcr,2
pred__bio__env-replogleweissman2022-k562-essential-k562-rna-essential-legacy-pilot__arglu1__mean-matching__dataset-heldout-split__ensemble3,bio__env-replogleweissman2022-k562-essential-k562-rna-essential-legacy-pilot__arglu1,3
pred__bio__env-replogleweissman2022-k562-essential-k562-rna-essential-legacy-pilot__rps15a__mean-matching__dataset-heldout-split__ensemble3,bio__env-replogleweissman2022-k562-essential-k562-rna-essential-legacy-pilot__rps15a,4
pred__bio__env-replogleweissman2022-k562-essential-k562-rna-essential-legacy-pilot__timm23b__mean-matching__dataset-heldout-split__ensemble3,bio__env-replogleweissman2022-k562-essential-k562-rna-essential-legacy-pilot__timm23b,0
pred__bio__env-replogleweissman2022-k562-essential-k562-rna-essential-legacy-pilot__donson__mean-matching__dataset-heldout-split__ensemble3,bio__env-replogleweissman2022-k562-essential-k562-rna-essential-legacy-pilot__donson,3
pred__bio__env-replogleweissman2022-k562-essential-k562-rna-essential-legacy-pilot__tsr2__mean-matching__dataset-heldout-split__ensemble3,bio__env-replogleweissman2022-k562-essential-k562-rna-essential-legacy-pilot__tsr2,1
pred__bio__env-replogleweissman2022-k562-essential-k562-rna-essential-legacy-pilot__rrm2__mean-matching__dataset-heldout-split__ensemble3,bio__env-replogleweissman2022-k562-essential-k562-rna-essential-legacy-pilot__rrm2,1
pred__bio__env-replogleweissman2022-k562-essential-k562-rna-essential-legacy-pilot__trrap__mean-matching__dataset-heldout-split__ensemble3,bio__env-replogleweissman2022-k562-essential-k562-rna-essential-legacy-pilot__trrap,4
pred__bio__env-replogleweissman2022-k562-essential-k562-rna-essential-legacy-pilot__med19__mean-matching__dataset-heldout-split__ensemble3,bio__env-replogleweissman2022-k562-essential-k562-rna-essential-legacy-pilot__med19,3
pred__bio__env-replogleweissman2022-k562-essential-k562-rna-essential-legacy-pilot__golt1b__mean-matching__dataset-heldout-split__ensemble3,bio__env-replogleweissman2022-k562-essential-k562-rna-essential-legacy-pilot__golt1b,1
pred__bio__env-replogleweissman2022-k562-essential-k562-rna-essential-legacy-pilot__med10__mean-matching__dataset-heldout-split__ensemble3,bio__env-replogleweissman2022-k562-essential-k562-rna-essential-legacy-pilot__med10,4
pred__bio__env-replogleweissman2022-k562-essential-k562-rna-essential-legacy-pilot__control__mean-matching__dataset-heldout-split__ensemble3,bio__env-replogleweissman2022-k562-essential-k562-rna-essential-legacy-pilot__control,3
pred__bio__env-replogleweissman2022-k562-essential-k562-rna-essential-legacy-pilot__pcf11__mean-matching__dataset-heldout-split__ensemble3,bio__env-replogleweissman2022-k562-essential-k562-rna-essential-legacy-pilot__pcf11,3
pred__bio__env-replogleweissman2022-k562-essential-k562-rna-essential-legacy-pilot__cadm4__mean-matching__dataset-heldout-split__ensemble3,bio__env-replogleweissman2022-k562-essential-k562-rna-essential-legacy-pilot__cadm4,1
pred__bio__env-replogleweissman2022-k562-essential-k562-rna-essential-legacy-pilot__ppp2r1a__mean-matching__dataset-heldout-split__ensemble3,bio__env-replogleweissman2022-k562-essential-k562-rna-essential-legacy-pilot__ppp2r1a,4
pred__bio__env-replogleweissman2022-k562-essential-k562-rna-essential-legacy-pilot__sf3b4__mean-matching__dataset-heldout-split__ensemble3,bio__env-replogleweissman2022-k562-essential-k562-rna-essential-legacy-pilot__sf3b4,1
pred__bio__env-replogleweissman2022-k562-essential-k562-rna-essential-legacy-pilot__bub3__mean-matching__dataset-heldout-split__ensemble3,bio__env-replogleweissman2022-k562-essential-k562-rna-essential-legacy-pilot__bub3,2
pred__bio__env-replogleweissman2022-k562-essential-k562-rna-essential-legacy-pilot__snrpg__mean-matching__dataset-heldout-split__ensemble3,bio__env-replogleweissman2022-k562-essential-k562-rna-essential-legacy-pilot__snrpg,2
pred__bio__env-replogleweissman2022-k562-essential-k562-rna-essential-legacy-pilot__ncbp2__mean-matching__dataset-heldout-split__ensemble3,bio__env-replogleweissman2022-k562-essential-k562-rna-essential-legacy-pilot__ncbp2,1
pred__bio__env-replogleweissman2022-k562-essential-k562-rna-essential-legacy-pilot__kpnb1__mean-matching__dataset-heldout-split__ensemble3,bio__env-replogleweissman2022-k562-essential-k562-rna-essential-legacy-pilot__kpnb1,0
pred__bio__env-replogleweissman2022-k562-essential-k562-rna-essential-legacy-pilot__gtf2h1__mean-matching__dataset-heldout-split__ensemble3,bio__env-replogleweissman2022-k562-essential-k562-rna-essential-legacy-pilot__gtf2h1,3
pred__bio__env-replogleweissman2022-k562-essential-k562-rna-essential-legacy-pilot__zmat2__mean-matching__dataset-heldout-split__ensemble3,bio__env-replogleweissman2022-k562-essential-k562-rna-essential-legacy-pilot__zmat2,0
pred__bio__env-replogleweissman2022-k562-essential-k562-rna-essential-legacy-pilot__rpl3__mean-matching__dataset-heldout-split__ensemble3,bio__env-replogleweissman2022-k562-essential-k562-rna-essential-legacy-pilot__rpl3,2
pred__bio__env-replogleweissman2022-k562-essential-k562-rna-essential-legacy-pilot__scaf1__mean-matching__dataset-heldout-split__ensemble3,bio__env-replogleweissman2022-k562-essential-k562-rna-essential-legacy-pilot__scaf1,4
pred__bio__env-replogleweissman2022-k562-essential-k562-rna-essential-legacy-pilot__son__mean-matching__dataset-heldout-split__ensemble3,bio__env-replogleweissman2022-k562-essential-k562-rna-essential-legacy-pilot__son,2
pred__bio__env-replogleweissman2022-k562-essential-k562-rna-essential-legacy-pilot__polr2a__mean-matching__dataset-heldout-split__ensemble3,bio__env-replogleweissman2022-k562-essential-k562-rna-essential-legacy-pilot__polr2a,1
pred__bio__env-replogleweissman2022-k562-essential-k562-rna-essential-legacy-pilot__eif3a__mean-matching__dataset-heldout-split__ensemble3,bio__env-replogleweissman2022-k562-essential-k562-rna-essential-legacy-pilot__eif3a,3
pred__bio__env-replogleweissman2022-k562-essential-k562-rna-essential-legacy-pilot__wdr4__mean-matching__dataset-heldout-split__ensemble3,bio__env-replogleweissman2022-k562-essential-k562-rna-essential-legacy-pilot__wdr4,0
pred__bio__env-replogleweissman2022-k562-essential-k562-rna-essential-legacy-pilot__cdk11a__mean-matching__dataset-heldout-split__ensemble3,bio__env-replogleweissman2022-k562-essential-k562-rna-essential-legacy-pilot__cdk11a,3
pred__bio__env-replogleweissman2022-k562-essential-k562-rna-essential-legacy-pilot__phax__mean-matching__dataset-heldout-split__ensemble3,bio__env-replogleweissman2022-k562-essential-k562-rna-essential-legacy-pilot__phax,0
pred__bio__env-replogleweissman2022-k562-essential-k562-rna-essential-legacy-pilot__med12__mean-matching__dataset-heldout-split__ensemble3,bio__env-replogleweissman2022-k562-essential-k562-rna-essential-legacy-pilot__med12,0
pred__bio__env-replogleweissman2022-k562-essential-k562-rna-essential-legacy-pilot__ncl__mean-matching__dataset-heldout-split__ensemble3,bio__env-replogleweissman2022-k562-essential-k562-rna-essential-legacy-pilot__ncl,4
pred__bio__env-replogleweissman2022-k562-essential-k562-rna-essential-legacy-pilot__coasy__mean-matching__dataset-heldout-split__ensemble3,bio__env-replogleweissman2022-k562-essential-k562-rna-essential-legacy-pilot__coasy,3
pred__bio__env-replogleweissman2022-k562-essential-k562-rna-essential-legacy-pilot__anapc15__mean-matching__dataset-heldout-split__ensemble3,bio__env-replogleweissman2022-k562-essential-k562-rna-essential-legacy-pilot__anapc15,1
pred__bio__env-replogleweissman2022-k562-essential-k562-rna-essential-legacy-pilot__rpl24__mean-matching__dataset-heldout-split__ensemble3,bio__env-replogleweissman2022-k562-essential-k562-rna-essential-legacy-pilot__rpl24,1
pred__bio__env-replogleweissman2022-k562-essential-k562-rna-essential-legacy-pilot__abcf1__mean-matching__dataset-heldout-split__ensemble3,bio__env-replogleweissman2022-k562-essential-k562-rna-essential-legacy-pilot__abcf1,0
pred__bio__env-replogleweissman2022-k562-essential-k562-rna-essential-legacy-pilot__pnisr__mean-matching__dataset-heldout-split__ensemble3,bio__env-replogleweissman2022-k562-essential-k562-rna-essential-legacy-pilot__pnisr,1
pred__bio__env-replogleweissman2022-k562-essential-k562-rna-essential-legacy-pilot__phb2__mean-matching__dataset-heldout-split__ensemble3,bio__env-replogleweissman2022-k562-essential-k562-rna-essential-legacy-pilot__phb2,1
pred__bio__env-replogleweissman2022-k562-essential-k562-rna-essential-legacy-pilot__psmg3__mean-matching__dataset-heldout-split__ensemble3,bio__env-replogleweissman2022-k562-essential-k562-rna-essential-legacy-pilot__psmg3,3
pred__bio__env-replogleweissman2022-k562-essential-k562-rna-essential-legacy-pilot__mzt1__mean-matching__dataset-heldout-split__ensemble3,bio__env-replogleweissman2022-k562-essential-k562-rna-essential-legacy-pilot__mzt1,3
pred__bio__env-replogleweissman2022-k562-essential-k562-rna-essential-legacy-pilot__qars__mean-matching__dataset-heldout-split__ensemble3,bio__env-replogleweissman2022-k562-essential-k562-rna-essential-legacy-pilot__qars,3
pred__bio__env-replogleweissman2022-k562-essential-k562-rna-essential-legacy-pilot__dnaja1__mean-matching__dataset-heldout-split__ensemble3,bio__env-replogleweissman2022-k562-essential-k562-rna-essential-legacy-pilot__dnaja1,4
pred__bio__env-replogleweissman2022-k562-essential-k562-rna-essential-legacy-pilot__cse1l__mean-matching__dataset-heldout-split__ensemble3,bio__env-replogleweissman2022-k562-essential-k562-rna-essential-legacy-pilot__cse1l,4
pred__bio__env-replogleweissman2022-k562-essential-k562-rna-essential-legacy-pilot__chmp6__mean-matching__dataset-heldout-split__ensemble3,bio__env-replogleweissman2022-k562-essential-k562-rna-essential-legacy-pilot__chmp6,1
pred__bio__env-replogleweissman2022-k562-essential-k562-rna-essential-legacy-pilot__srsf11__mean-matching__dataset-heldout-split__ensemble3,bio__env-replogleweissman2022-k562-essential-k562-rna-essential-legacy-pilot__srsf11,4
pred__bio__env-replogleweissman2022-k562-essential-k562-rna-essential-legacy-pilot__dhx16__mean-matching__dataset-heldout-split__ensemble3,bio__env-replogleweissman2022-k562-essential-k562-rna-essential-legacy-pilot__dhx16,3
pred__bio__env-replogleweissman2022-k562-essential-k562-rna-essential-legacy-pilot__bdp1__mean-matching__dataset-heldout-split__ensemble3,bio__env-replogleweissman2022-k562-essential-k562-rna-essential-legacy-pilot__bdp1,2
pred__bio__env-replogleweissman2022-k562-essential-k562-rna-essential-legacy-pilot__rpap2__mean-matching__dataset-heldout-split__ensemble3,bio__env-replogleweissman2022-k562-essential-k562-rna-essential-legacy-pilot__rpap2,4
pred__bio__env-replogleweissman2022-k562-essential-k562-rna-essential-legacy-pilot__psma4__mean-matching__dataset-heldout-split__ensemble3,bio__env-replogleweissman2022-k562-essential-k562-rna-essential-legacy-pilot__psma4,0
pred__bio__env-replogleweissman2022-k562-essential-k562-rna-essential-legacy-pilot__pmpcb__mean-matching__dataset-heldout-split__ensemble3,bio__env-replogleweissman2022-k562-essential-k562-rna-essential-legacy-pilot__pmpcb,0
pred__bio__env-replogleweissman2022-k562-essential-k562-rna-essential-legacy-pilot__rpl23__mean-matching__dataset-heldout-split__ensemble3,bio__env-replogleweissman2022-k562-essential-k562-rna-essential-legacy-pilot__rpl23,1
pred__bio__env-replogleweissman2022-k562-essential-k562-rna-essential-legacy-pilot__lsm2__mean-matching__dataset-heldout-split__ensemble3,bio__env-replogleweissman2022-k562-essential-k562-rna-essential-legacy-pilot__lsm2,2
pred__bio__env-replogleweissman2022-k562-essential-k562-rna-essential-legacy-pilot__naa38__mean-matching__dataset-heldout-split__ensemble3,bio__env-replogleweissman2022-k562-essential-k562-rna-essential-legacy-pilot__naa38,1
pred__bio__env-replogleweissman2022-k562-essential-k562-rna-essential-legacy-pilot__ice1__mean-matching__dataset-heldout-split__ensemble3,bio__env-replogleweissman2022-k562-essential-k562-rna-essential-legacy-pilot__ice1,0
pred__bio__env-replogleweissman2022-k562-essential-k562-rna-essential-legacy-pilot__nup107__mean-matching__dataset-heldout-split__ensemble3,bio__env-replogleweissman2022-k562-essential-k562-rna-essential-legacy-pilot__nup107,3
pred__bio__env-replogleweissman2022-k562-essential-k562-rna-essential-legacy-pilot__slc39a9__mean-matching__dataset-heldout-split__ensemble3,bio__env-replogleweissman2022-k562-essential-k562-rna-essential-legacy-pilot__slc39a9,2
pred__bio__env-replogleweissman2022-k562-essential-k562-rna-essential-legacy-pilot__alyref__mean-matching__dataset-heldout-split__ensemble3,bio__env-replogleweissman2022-k562-essential-k562-rna-essential-legacy-pilot__alyref,1
pred__bio__env-replogleweissman2022-k562-essential-k562-rna-essential-legacy-pilot__eif4g2__mean-matching__dataset-heldout-split__ensemble3,bio__env-replogleweissman2022-k562-essential-k562-rna-essential-legacy-pilot__eif4g2,4
pred__bio__env-replogleweissman2022-k562-essential-k562-rna-essential-legacy-pilot__eif4e__mean-matching__dataset-heldout-split__ensemble3,bio__env-replogleweissman2022-k562-essential-k562-rna-essential-legacy-pilot__eif4e,2
pred__bio__env-replogleweissman2022-k562-essential-k562-rna-essential-legacy-pilot__gab2__mean-matching__dataset-heldout-split__ensemble3,bio__env-replogleweissman2022-k562-essential-k562-rna-essential-legacy-pilot__gab2,3
pred__bio__env-replogleweissman2022-k562-essential-k562-rna-essential-legacy-pilot__snx15__mean-matching__dataset-heldout-split__ensemble3,bio__env-replogleweissman2022-k562-essential-k562-rna-essential-legacy-pilot__snx15,2
pred__bio__env-replogleweissman2022-k562-essential-k562-rna-essential-legacy-pilot__kif11__mean-matching__dataset-heldout-split__ensemble3,bio__env-replogleweissman2022-k562-essential-k562-rna-essential-legacy-pilot__kif11,0
pred__bio__env-replogleweissman2022-k562-essential-k562-rna-essential-legacy-pilot__rpl37__mean-matching__dataset-heldout-split__ensemble3,bio__env-replogleweissman2022-k562-essential-k562-rna-essential-legacy-pilot__rpl37,0
pred__bio__env-replogleweissman2022-k562-essential-k562-rna-essential-legacy-pilot__eif2b4__mean-matching__dataset-heldout-split__ensemble3,bio__env-replogleweissman2022-k562-essential-k562-rna-essential-legacy-pilot__eif2b4,1
pred__bio__env-replogleweissman2022-k562-essential-k562-rna-essential-legacy-pilot__wdr3__mean-matching__dataset-heldout-split__ensemble3,bio__env-replogleweissman2022-k562-essential-k562-rna-essential-legacy-pilot__wdr3,2
pred__bio__env-replogleweissman2022-k562-essential-k562-rna-essential-legacy-pilot__rpa1__mean-matching__dataset-heldout-split__ensemble3,bio__env-replogleweissman2022-k562-essential-k562-rna-essential-legacy-pilot__rpa1,3
pred__bio__env-replogleweissman2022-k562-essential-k562-rna-essential-legacy-pilot__cpsf3__mean-matching__dataset-heldout-split__ensemble3,bio__env-replogleweissman2022-k562-essential-k562-rna-essential-legacy-pilot__cpsf3,4
pred__bio__env-replogleweissman2022-k562-essential-k562-rna-essential-legacy-pilot__nup205__mean-matching__dataset-heldout-split__ensemble3,bio__env-replogleweissman2022-k562-essential-k562-rna-essential-legacy-pilot__nup205,0
pred__bio__env-replogleweissman2022-k562-essential-k562-rna-essential-legacy-pilot__supt6h__mean-matching__dataset-heldout-split__ensemble3,bio__env-replogleweissman2022-k562-essential-k562-rna-essential-legacy-pilot__supt6h,2
pred__bio__env-replogleweissman2022-k562-essential-k562-rna-essential-legacy-pilot__trex2__mean-matching__dataset-heldout-split__ensemble3,bio__env-replogleweissman2022-k562-essential-k562-rna-essential-legacy-pilot__trex2,4
pred__bio__env-replogleweissman2022-k562-essential-k562-rna-essential-legacy-pilot__rab4a__mean-matching__dataset-heldout-split__ensemble3,bio__env-replogleweissman2022-k562-essential-k562-rna-essential-legacy-pilot__rab4a,1
pred__bio__env-replogleweissman2022-k562-essential-k562-rna-essential-legacy-pilot__gps1__mean-matching__dataset-heldout-split__ensemble3,bio__env-replogleweissman2022-k562-essential-k562-rna-essential-legacy-pilot__gps1,3
pred__bio__env-replogleweissman2022-k562-essential-k562-rna-essential-legacy-pilot__fam32a__mean-matching__dataset-heldout-split__ensemble3,bio__env-replogleweissman2022-k562-essential-k562-rna-essential-legacy-pilot__fam32a,3
pred__bio__env-replogleweissman2022-k562-essential-k562-rna-essential-legacy-pilot__riok1__mean-matching__dataset-heldout-split__ensemble3,bio__env-replogleweissman2022-k562-essential-k562-rna-essential-legacy-pilot__riok1,0
pred__bio__env-replogleweissman2022-k562-essential-k562-rna-essential-legacy-pilot__ssrp1__mean-matching__dataset-heldout-split__ensemble3,bio__env-replogleweissman2022-k562-essential-k562-rna-essential-legacy-pilot__ssrp1,3
pred__bio__env-replogleweissman2022-k562-essential-k562-rna-essential-legacy-pilot__rpl34__mean-matching__dataset-heldout-split__ensemble3,bio__env-replogleweissman2022-k562-essential-k562-rna-essential-legacy-pilot__rpl34,4
pred__bio__env-replogleweissman2022-k562-essential-k562-rna-essential-legacy-pilot__eif3h__mean-matching__dataset-heldout-split__ensemble3,bio__env-replogleweissman2022-k562-essential-k562-rna-essential-legacy-pilot__eif3h,2
pred__bio__env-replogleweissman2022-k562-essential-k562-rna-essential-legacy-pilot__rars__mean-matching__dataset-heldout-split__ensemble3,bio__env-replogleweissman2022-k562-essential-k562-rna-essential-legacy-pilot__rars,0
pred__bio__env-replogleweissman2022-k562-essential-k562-rna-essential-legacy-pilot__orc1__mean-matching__dataset-heldout-split__ensemble3,bio__env-replogleweissman2022-k562-essential-k562-rna-essential-legacy-pilot__orc1,1
pred__bio__env-replogleweissman2022-k562-essential-k562-rna-essential-legacy-pilot__numa1__mean-matching__dataset-heldout-split__ensemble3,bio__env-replogleweissman2022-k562-essential-k562-rna-essential-legacy-pilot__numa1,4
pred__bio__env-replogleweissman2022-k562-essential-k562-rna-essential-legacy-pilot__sp2__mean-matching__dataset-heldout-split__ensemble3,bio__env-replogleweissman2022-k562-essential-k562-rna-essential-legacy-pilot__sp2,4
pred__bio__env-replogleweissman2022-k562-essential-k562-rna-essential-legacy-pilot__rps12__mean-matching__dataset-heldout-split__ensemble3,bio__env-replogleweissman2022-k562-essential-k562-rna-essential-legacy-pilot__rps12,2
pred__bio__env-replogleweissman2022-k562-essential-k562-rna-essential-legacy-pilot__vars__mean-matching__dataset-heldout-split__ensemble3,bio__env-replogleweissman2022-k562-essential-k562-rna-essential-legacy-pilot__vars,0
pred__bio__env-replogleweissman2022-k562-essential-k562-rna-essential-legacy-pilot__supt5h__mean-matching__dataset-heldout-split__ensemble3,bio__env-replogleweissman2022-k562-essential-k562-rna-essential-legacy-pilot__supt5h,2
pred__bio__env-replogleweissman2022-k562-essential-k562-rna-essential-legacy-pilot__lims1__mean-matching__dataset-heldout-split__ensemble3,bio__env-replogleweissman2022-k562-essential-k562-rna-essential-legacy-pilot__lims1,4
pred__bio__env-replogleweissman2022-k562-essential-k562-rna-essential-legacy-pilot__psmb7__mean-matching__dataset-heldout-split__ensemble3,bio__env-replogleweissman2022-k562-essential-k562-rna-essential-legacy-pilot__psmb7,3
pred__bio__env-replogleweissman2022-k562-essential-k562-rna-essential-legacy-pilot__psmd7__mean-matching__dataset-heldout-split__ensemble3,bio__env-replogleweissman2022-k562-essential-k562-rna-essential-legacy-pilot__psmd7,2
pred__bio__env-replogleweissman2022-k562-essential-k562-rna-essential-legacy-pilot__rps19__mean-matching__dataset-heldout-split__ensemble3,bio__env-replogleweissman2022-k562-essential-k562-rna-essential-legacy-pilot__rps19,4
pred__bio__env-replogleweissman2022-k562-essential-k562-rna-essential-legacy-pilot__slc1a5__mean-matching__dataset-heldout-split__ensemble3,bio__env-replogleweissman2022-k562-essential-k562-rna-essential-legacy-pilot__slc1a5,0
pred__bio__env-replogleweissman2022-k562-essential-k562-rna-essential-legacy-pilot__kin__mean-matching__dataset-heldout-split__ensemble3,bio__env-replogleweissman2022-k562-essential-k562-rna-essential-legacy-pilot__kin,0
pred__bio__env-replogleweissman2022-k562-essential-k562-rna-essential-legacy-pilot__paf1__mean-matching__dataset-heldout-split__ensemble3,bio__env-replogleweissman2022-k562-essential-k562-rna-essential-legacy-pilot__paf1,3
pred__bio__env-replogleweissman2022-k562-essential-k562-rna-essential-legacy-pilot__gnl2__mean-matching__dataset-heldout-split__ensemble3,bio__env-replogleweissman2022-k562-essential-k562-rna-essential-legacy-pilot__gnl2,4
pred__bio__env-replogleweissman2022-k562-essential-k562-rna-essential-legacy-pilot__ube2m__mean-matching__dataset-heldout-split__ensemble3,bio__env-replogleweissman2022-k562-essential-k562-rna-essential-legacy-pilot__ube2m,0
pred__bio__env-replogleweissman2022-k562-essential-k562-rna-essential-legacy-pilot__isca2__mean-matching__dataset-heldout-split__ensemble3,bio__env-replogleweissman2022-k562-essential-k562-rna-essential-legacy-pilot__isca2,2
pred__bio__env-replogleweissman2022-k562-essential-k562-rna-essential-legacy-pilot__ddx19b__mean-matching__dataset-heldout-split__ensemble3,bio__env-replogleweissman2022-k562-essential-k562-rna-essential-legacy-pilot__ddx19b,0
pred__bio__env-replogleweissman2022-k562-essential-k562-rna-essential-legacy-pilot__nrde2__mean-matching__dataset-heldout-split__ensemble3,bio__env-replogleweissman2022-k562-essential-k562-rna-essential-legacy-pilot__nrde2,4
pred__bio__env-replogleweissman2022-k562-essential-k562-rna-essential-legacy-pilot__cog2__mean-matching__dataset-heldout-split__ensemble3,bio__env-replogleweissman2022-k562-essential-k562-rna-essential-legacy-pilot__cog2,3
pred__bio__env-replogleweissman2022-k562-essential-k562-rna-essential-legacy-pilot__pelo__mean-matching__dataset-heldout-split__ensemble3,bio__env-replogleweissman2022-k562-essential-k562-rna-essential-legacy-pilot__pelo,4
pred__bio__env-replogleweissman2022-k562-essential-k562-rna-essential-legacy-pilot__psma3__mean-matching__dataset-heldout-split__ensemble3,bio__env-replogleweissman2022-k562-essential-k562-rna-essential-legacy-pilot__psma3,2
pred__bio__env-replogleweissman2022-k562-essential-k562-rna-essential-legacy-pilot__eif4g1__mean-matching__dataset-heldout-split__ensemble3,bio__env-replogleweissman2022-k562-essential-k562-rna-essential-legacy-pilot__eif4g1,3
pred__bio__env-replogleweissman2022-k562-essential-k562-rna-essential-legacy-pilot__med1__mean-matching__dataset-heldout-split__ensemble3,bio__env-replogleweissman2022-k562-essential-k562-rna-essential-legacy-pilot__med1,4
pred__bio__env-replogleweissman2022-k562-essential-k562-rna-essential-legacy-pilot__rpl4__mean-matching__dataset-heldout-split__ensemble3,bio__env-replogleweissman2022-k562-essential-k562-rna-essential-legacy-pilot__rpl4,1
pred__bio__env-replogleweissman2022-k562-essential-k562-rna-essential-legacy-pilot__lsm6__mean-matching__dataset-heldout-split__ensemble3,bio__env-replogleweissman2022-k562-essential-k562-rna-essential-legacy-pilot__lsm6,2
pred__bio__env-replogleweissman2022-k562-essential-k562-rna-essential-legacy-pilot__sf3b2__mean-matching__dataset-heldout-split__ensemble3,bio__env-replogleweissman2022-k562-essential-k562-rna-essential-legacy-pilot__sf3b2,0
pred__bio__env-replogleweissman2022-k562-essential-k562-rna-essential-legacy-pilot__ints2__mean-matching__dataset-heldout-split__ensemble3,bio__env-replogleweissman2022-k562-essential-k562-rna-essential-legacy-pilot__ints2,2
pred__bio__env-replogleweissman2022-k562-essential-k562-rna-essential-legacy-pilot__sf3a1__mean-matching__dataset-heldout-split__ensemble3,bio__env-replogleweissman2022-k562-essential-k562-rna-essential-legacy-pilot__sf3a1,0
pred__bio__env-replogleweissman2022-k562-essential-k562-rna-essential-legacy-pilot__rpl30__mean-matching__dataset-heldout-split__ensemble3,bio__env-replogleweissman2022-k562-essential-k562-rna-essential-legacy-pilot__rpl30,3
pred__bio__env-replogleweissman2022-k562-essential-k562-rna-essential-legacy-pilot__nle1__mean-matching__dataset-heldout-split__ensemble3,bio__env-replogleweissman2022-k562-essential-k562-rna-essential-legacy-pilot__nle1,3
pred__bio__env-replogleweissman2022-k562-essential-k562-rna-essential-legacy-pilot__c1orf109__mean-matching__dataset-heldout-split__ensemble3,bio__env-replogleweissman2022-k562-essential-k562-rna-essential-legacy-pilot__c1orf109,4
pred__bio__env-replogleweissman2022-k562-essential-k562-rna-essential-legacy-pilot__nol11__mean-matching__dataset-heldout-split__ensemble3,bio__env-replogleweissman2022-k562-essential-k562-rna-essential-legacy-pilot__nol11,1
pred__bio__env-replogleweissman2022-k562-essential-k562-rna-essential-legacy-pilot__rpl18__mean-matching__dataset-heldout-split__ensemble3,bio__env-replogleweissman2022-k562-essential-k562-rna-essential-legacy-pilot__rpl18,3
pred__bio__env-replogleweissman2022-k562-essential-k562-rna-essential-legacy-pilot__hspa5__mean-matching__dataset-heldout-split__ensemble3,bio__env-replogleweissman2022-k562-essential-k562-rna-essential-legacy-pilot__hspa5,1
pred__bio__env-replogleweissman2022-k562-essential-k562-rna-essential-legacy-pilot__pnkp__mean-matching__dataset-heldout-split__ensemble3,bio__env-replogleweissman2022-k562-essential-k562-rna-essential-legacy-pilot__pnkp,0
pred__bio__env-replogleweissman2022-k562-essential-k562-rna-essential-legacy-pilot__cdipt__mean-matching__dataset-heldout-split__ensemble3,bio__env-replogleweissman2022-k562-essential-k562-rna-essential-legacy-pilot__cdipt,2
pred__bio__env-replogleweissman2022-k562-essential-k562-rna-essential-legacy-pilot__dimt1__mean-matching__dataset-heldout-split__ensemble3,bio__env-replogleweissman2022-k562-essential-k562-rna-essential-legacy-pilot__dimt1,1
pred__bio__env-replogleweissman2022-k562-essential-k562-rna-essential-legacy-pilot__magoh__mean-matching__dataset-heldout-split__ensemble3,bio__env-replogleweissman2022-k562-essential-k562-rna-essential-legacy-pilot__magoh,0
pred__bio__env-replogleweissman2022-k562-essential-k562-rna-essential-legacy-pilot__kansl3__mean-matching__dataset-heldout-split__ensemble3,bio__env-replogleweissman2022-k562-essential-k562-rna-essential-legacy-pilot__kansl3,1
pred__bio__env-replogleweissman2022-k562-essential-k562-rna-essential-legacy-pilot__smc4__mean-matching__dataset-heldout-split__ensemble3,bio__env-replogleweissman2022-k562-essential-k562-rna-essential-legacy-pilot__smc4,1
pred__bio__env-replogleweissman2022-k562-essential-k562-rna-essential-legacy-pilot__atp6v1b2__mean-matching__dataset-heldout-split__ensemble3,bio__env-replogleweissman2022-k562-essential-k562-rna-essential-legacy-pilot__atp6v1b2,4
pred__bio__env-replogleweissman2022-k562-essential-k562-rna-essential-legacy-pilot__rpl11__mean-matching__dataset-heldout-split__ensemble3,bio__env-replogleweissman2022-k562-essential-k562-rna-essential-legacy-pilot__rpl11,0
pred__bio__env-replogleweissman2022-k562-essential-k562-rna-essential-legacy-pilot__nuf2__mean-matching__dataset-heldout-split__ensemble3,bio__env-replogleweissman2022-k562-essential-k562-rna-essential-legacy-pilot__nuf2,2
pred__bio__env-replogleweissman2022-k562-essential-k562-rna-essential-legacy-pilot__ostc__mean-matching__dataset-heldout-split__ensemble3,bio__env-replogleweissman2022-k562-essential-k562-rna-essential-legacy-pilot__ostc,3
pred__bio__env-replogleweissman2022-k562-essential-k562-rna-essential-legacy-pilot__rps3__mean-matching__dataset-heldout-split__ensemble3,bio__env-replogleweissman2022-k562-essential-k562-rna-essential-legacy-pilot__rps3,4
pred__bio__env-replogleweissman2022-k562-essential-k562-rna-essential-legacy-pilot__mettl1__mean-matching__dataset-heldout-split__ensemble3,bio__env-replogleweissman2022-k562-essential-k562-rna-essential-legacy-pilot__mettl1,2
pred__bio__env-replogleweissman2022-k562-essential-k562-rna-essential-legacy-pilot__lin54__mean-matching__dataset-heldout-split__ensemble3,bio__env-replogleweissman2022-k562-essential-k562-rna-essential-legacy-pilot__lin54,0
pred__bio__env-replogleweissman2022-k562-essential-k562-rna-essential-legacy-pilot__hira__mean-matching__dataset-heldout-split__ensemble3,bio__env-replogleweissman2022-k562-essential-k562-rna-essential-legacy-pilot__hira,0
pred__bio__env-replogleweissman2022-k562-essential-k562-rna-essential-legacy-pilot__bcas2__mean-matching__dataset-heldout-split__ensemble3,bio__env-replogleweissman2022-k562-essential-k562-rna-essential-legacy-pilot__bcas2,2
pred__bio__env-replogleweissman2022-k562-essential-k562-rna-essential-legacy-pilot__sf3b3__mean-matching__dataset-heldout-split__ensemble3,bio__env-replogleweissman2022-k562-essential-k562-rna-essential-legacy-pilot__sf3b3,2
pred__bio__env-replogleweissman2022-k562-essential-k562-rna-essential-legacy-pilot__cdk1__mean-matching__dataset-heldout-split__ensemble3,bio__env-replogleweissman2022-k562-essential-k562-rna-essential-legacy-pilot__cdk1,2
pred__bio__env-replogleweissman2022-k562-essential-k562-rna-essential-legacy-pilot__ddx47__mean-matching__dataset-heldout-split__ensemble3,bio__env-replogleweissman2022-k562-essential-k562-rna-essential-legacy-pilot__ddx47,4
pred__bio__env-replogleweissman2022-k562-essential-k562-rna-essential-legacy-pilot__pcbp2__mean-matching__dataset-heldout-split__ensemble3,bio__env-replogleweissman2022-k562-essential-k562-rna-essential-legacy-pilot__pcbp2,3
pred__bio__env-replogleweissman2022-k562-essential-k562-rna-essential-legacy-pilot__psmd4__mean-matching__dataset-heldout-split__ensemble3,bio__env-replogleweissman2022-k562-essential-k562-rna-essential-legacy-pilot__psmd4,4
pred__bio__env-replogleweissman2022-k562-essential-k562-rna-essential-legacy-pilot__smarcb1__mean-matching__dataset-heldout-split__ensemble3,bio__env-replogleweissman2022-k562-essential-k562-rna-essential-legacy-pilot__smarcb1,3
pred__bio__env-replogleweissman2022-k562-essential-k562-rna-essential-legacy-pilot__dhx15__mean-matching__dataset-heldout-split__ensemble3,bio__env-replogleweissman2022-k562-essential-k562-rna-essential-legacy-pilot__dhx15,4
pred__bio__env-replogleweissman2022-k562-essential-k562-rna-essential-legacy-pilot__prodh__mean-matching__dataset-heldout-split__ensemble3,bio__env-replogleweissman2022-k562-essential-k562-rna-essential-legacy-pilot__prodh,4
pred__bio__env-replogleweissman2022-k562-essential-k562-rna-essential-legacy-pilot__sfpq__mean-matching__dataset-heldout-split__ensemble3,bio__env-replogleweissman2022-k562-essential-k562-rna-essential-legacy-pilot__sfpq,3
pred__bio__env-replogleweissman2022-k562-essential-k562-rna-essential-legacy-pilot__oxa1l__mean-matching__dataset-heldout-split__ensemble3,bio__env-replogleweissman2022-k562-essential-k562-rna-essential-legacy-pilot__oxa1l,2
pred__bio__env-replogleweissman2022-k562-essential-k562-rna-essential-legacy-pilot__dld__mean-matching__dataset-heldout-split__ensemble3,bio__env-replogleweissman2022-k562-essential-k562-rna-essential-legacy-pilot__dld,3
pred__bio__env-replogleweissman2022-k562-essential-k562-rna-essential-legacy-pilot__ints8__mean-matching__dataset-heldout-split__ensemble3,bio__env-replogleweissman2022-k562-essential-k562-rna-essential-legacy-pilot__ints8,4
pred__bio__env-replogleweissman2022-k562-essential-k562-rna-essential-legacy-pilot__exosc2__mean-matching__dataset-heldout-split__ensemble3,bio__env-replogleweissman2022-k562-essential-k562-rna-essential-legacy-pilot__exosc2,4
pred__bio__env-replogleweissman2022-k562-essential-k562-rna-essential-legacy-pilot__slc25a10__mean-matching__dataset-heldout-split__ensemble3,bio__env-replogleweissman2022-k562-essential-k562-rna-essential-legacy-pilot__slc25a10,2
pred__bio__env-replogleweissman2022-k562-essential-k562-rna-essential-legacy-pilot__nup98__mean-matching__dataset-heldout-split__ensemble3,bio__env-replogleweissman2022-k562-essential-k562-rna-essential-legacy-pilot__nup98,4
pred__bio__env-replogleweissman2022-k562-essential-k562-rna-essential-legacy-pilot__ptcd1__mean-matching__dataset-heldout-split__ensemble3,bio__env-replogleweissman2022-k562-essential-k562-rna-essential-legacy-pilot__ptcd1,1
pred__bio__env-replogleweissman2022-k562-essential-k562-rna-essential-legacy-pilot__krt8__mean-matching__dataset-heldout-split__ensemble3,bio__env-replogleweissman2022-k562-essential-k562-rna-essential-legacy-pilot__krt8,1
pred__bio__env-replogleweissman2022-k562-essential-k562-rna-essential-legacy-pilot__drg1__mean-matching__dataset-heldout-split__ensemble3,bio__env-replogleweissman2022-k562-essential-k562-rna-essential-legacy-pilot__drg1,4
pred__bio__env-replogleweissman2022-k562-essential-k562-rna-essential-legacy-pilot__tead3__mean-matching__dataset-heldout-split__ensemble3,bio__env-replogleweissman2022-k562-essential-k562-rna-essential-legacy-pilot__tead3,1
pred__bio__env-replogleweissman2022-k562-essential-k562-rna-essential-legacy-pilot__pc__mean-matching__dataset-heldout-split__ensemble3,bio__env-replogleweissman2022-k562-essential-k562-rna-essential-legacy-pilot__pc,4
pred__bio__env-replogleweissman2022-k562-essential-k562-rna-essential-legacy-pilot__pola2__mean-matching__dataset-heldout-split__ensemble3,bio__env-replogleweissman2022-k562-essential-k562-rna-essential-legacy-pilot__pola2,1
pred__bio__env-replogleweissman2022-k562-essential-k562-rna-essential-legacy-pilot__pdcd6ip__mean-matching__dataset-heldout-split__ensemble3,bio__env-replogleweissman2022-k562-essential-k562-rna-essential-legacy-pilot__pdcd6ip,0
pred__bio__env-replogleweissman2022-k562-essential-k562-rna-essential-legacy-pilot__mrpl14__mean-matching__dataset-heldout-split__ensemble3,bio__env-replogleweissman2022-k562-essential-k562-rna-essential-legacy-pilot__mrpl14,3
pred__bio__env-replogleweissman2022-k562-essential-k562-rna-essential-legacy-pilot__espn__mean-matching__dataset-heldout-split__ensemble3,bio__env-replogleweissman2022-k562-essential-k562-rna-essential-legacy-pilot__espn,1
pred__bio__env-replogleweissman2022-k562-essential-k562-rna-essential-legacy-pilot__rpl31__mean-matching__dataset-heldout-split__ensemble3,bio__env-replogleweissman2022-k562-essential-k562-rna-essential-legacy-pilot__rpl31,1
pred__bio__env-replogleweissman2022-k562-essential-k562-rna-essential-legacy-pilot__fbxo5__mean-matching__dataset-heldout-split__ensemble3,bio__env-replogleweissman2022-k562-essential-k562-rna-essential-legacy-pilot__fbxo5,0
pred__bio__env-replogleweissman2022-k562-essential-k562-rna-essential-legacy-pilot__psmd6__mean-matching__dataset-heldout-split__ensemble3,bio__env-replogleweissman2022-k562-essential-k562-rna-essential-legacy-pilot__psmd6,0
pred__bio__env-replogleweissman2022-k562-essential-k562-rna-essential-legacy-pilot__skp2__mean-matching__dataset-heldout-split__ensemble3,bio__env-replogleweissman2022-k562-essential-k562-rna-essential-legacy-pilot__skp2,4
pred__bio__env-replogleweissman2022-k562-essential-k562-rna-essential-legacy-pilot__pstk__mean-matching__dataset-heldout-split__ensemble3,bio__env-replogleweissman2022-k562-essential-k562-rna-essential-legacy-pilot__pstk,1
pred__bio__env-replogleweissman2022-k562-essential-k562-rna-essential-legacy-pilot__aars2__mean-matching__dataset-heldout-split__ensemble3,bio__env-replogleweissman2022-k562-essential-k562-rna-essential-legacy-pilot__aars2,1
pred__bio__env-replogleweissman2022-k562-essential-k562-rna-essential-legacy-pilot__psmc2__mean-matching__dataset-heldout-split__ensemble3,bio__env-replogleweissman2022-k562-essential-k562-rna-essential-legacy-pilot__psmc2,1
pred__bio__env-replogleweissman2022-k562-essential-k562-rna-essential-legacy-pilot__denr__mean-matching__dataset-heldout-split__ensemble3,bio__env-replogleweissman2022-k562-essential-k562-rna-essential-legacy-pilot__denr,2
pred__bio__env-replogleweissman2022-k562-essential-k562-rna-essential-legacy-pilot__eif2b5__mean-matching__dataset-heldout-split__ensemble3,bio__env-replogleweissman2022-k562-essential-k562-rna-essential-legacy-pilot__eif2b5,0
pred__bio__env-replogleweissman2022-k562-essential-k562-rna-essential-legacy-pilot__nup54__mean-matching__dataset-heldout-split__ensemble3,bio__env-replogleweissman2022-k562-essential-k562-rna-essential-legacy-pilot__nup54,4
pred__bio__env-replogleweissman2022-k562-essential-k562-rna-essential-legacy-pilot__h3f3a__mean-matching__dataset-heldout-split__ensemble3,bio__env-replogleweissman2022-k562-essential-k562-rna-essential-legacy-pilot__h3f3a,1
pred__bio__env-replogleweissman2022-k562-essential-k562-rna-essential-legacy-pilot__znf718__mean-matching__dataset-heldout-split__ensemble3,bio__env-replogleweissman2022-k562-essential-k562-rna-essential-legacy-pilot__znf718,2
pred__bio__env-replogleweissman2022-k562-essential-k562-rna-essential-legacy-pilot__rnf14__mean-matching__dataset-heldout-split__ensemble3,bio__env-replogleweissman2022-k562-essential-k562-rna-essential-legacy-pilot__rnf14,0
pred__bio__env-replogleweissman2022-k562-essential-k562-rna-essential-legacy-pilot__rpl36__mean-matching__dataset-heldout-split__ensemble3,bio__env-replogleweissman2022-k562-essential-k562-rna-essential-legacy-pilot__rpl36,0
pred__bio__env-replogleweissman2022-k562-essential-k562-rna-essential-legacy-pilot__crnkl1__mean-matching__dataset-heldout-split__ensemble3,bio__env-replogleweissman2022-k562-essential-k562-rna-essential-legacy-pilot__crnkl1,3
pred__bio__env-replogleweissman2022-k562-essential-k562-rna-essential-legacy-pilot__znf207__mean-matching__dataset-heldout-split__ensemble3,bio__env-replogleweissman2022-k562-essential-k562-rna-essential-legacy-pilot__znf207,2
pred__bio__env-replogleweissman2022-k562-essential-k562-rna-essential-legacy-pilot__ilf3__mean-matching__dataset-heldout-split__ensemble3,bio__env-replogleweissman2022-k562-essential-k562-rna-essential-legacy-pilot__ilf3,1
pred__bio__env-replogleweissman2022-k562-essential-k562-rna-essential-legacy-pilot__dnajc8__mean-matching__dataset-heldout-split__ensemble3,bio__env-replogleweissman2022-k562-essential-k562-rna-essential-legacy-pilot__dnajc8,0
pred__bio__env-replogleweissman2022-k562-essential-k562-rna-essential-legacy-pilot__usp7__mean-matching__dataset-heldout-split__ensemble3,bio__env-replogleweissman2022-k562-essential-k562-rna-essential-legacy-pilot__usp7,0
pred__bio__env-replogleweissman2022-k562-essential-k562-rna-essential-legacy-pilot__cacnb3__mean-matching__dataset-heldout-split__ensemble3,bio__env-replogleweissman2022-k562-essential-k562-rna-essential-legacy-pilot__cacnb3,3
pred__bio__env-replogleweissman2022-k562-essential-k562-rna-essential-legacy-pilot__rps29__mean-matching__dataset-heldout-split__ensemble3,bio__env-replogleweissman2022-k562-essential-k562-rna-essential-legacy-pilot__rps29,3
pred__bio__env-replogleweissman2022-k562-essential-k562-rna-essential-legacy-pilot__copa__mean-matching__dataset-heldout-split__ensemble3,bio__env-replogleweissman2022-k562-essential-k562-rna-essential-legacy-pilot__copa,2
pred__bio__env-replogleweissman2022-k562-essential-k562-rna-essential-legacy-pilot__srcap__mean-matching__dataset-heldout-split__ensemble3,bio__env-replogleweissman2022-k562-essential-k562-rna-essential-legacy-pilot__srcap,2
pred__bio__env-replogleweissman2022-k562-essential-k562-rna-essential-legacy-pilot__dync1h1__mean-matching__dataset-heldout-split__ensemble3,bio__env-replogleweissman2022-k562-essential-k562-rna-essential-legacy-pilot__dync1h1,0
pred__bio__env-replogleweissman2022-k562-essential-k562-rna-essential-legacy-pilot__nup160__mean-matching__dataset-heldout-split__ensemble3,bio__env-replogleweissman2022-k562-essential-k562-rna-essential-legacy-pilot__nup160,3
pred__bio__env-replogleweissman2022-k562-essential-k562-rna-essential-legacy-pilot__prelid3b__mean-matching__dataset-heldout-split__ensemble3,bio__env-replogleweissman2022-k562-essential-k562-rna-essential-legacy-pilot__prelid3b,0
pred__bio__env-replogleweissman2022-k562-essential-k562-rna-essential-legacy-pilot__rpl13__mean-matching__dataset-heldout-split__ensemble3,bio__env-replogleweissman2022-k562-essential-k562-rna-essential-legacy-pilot__rpl13,3
pred__bio__env-replogleweissman2022-k562-essential-k562-rna-essential-legacy-pilot__dnajc19__mean-matching__dataset-heldout-split__ensemble3,bio__env-replogleweissman2022-k562-essential-k562-rna-essential-legacy-pilot__dnajc19,1
pred__bio__env-replogleweissman2022-k562-essential-k562-rna-essential-legacy-pilot__ppme1__mean-matching__dataset-heldout-split__ensemble3,bio__env-replogleweissman2022-k562-essential-k562-rna-essential-legacy-pilot__ppme1,0
pred__bio__env-replogleweissman2022-k562-essential-k562-rna-essential-legacy-pilot__tpx2__mean-matching__dataset-heldout-split__ensemble3,bio__env-replogleweissman2022-k562-essential-k562-rna-essential-legacy-pilot__tpx2,3
pred__bio__env-replogleweissman2022-k562-essential-k562-rna-essential-legacy-pilot__rps20__mean-matching__dataset-heldout-split__ensemble3,bio__env-replogleweissman2022-k562-essential-k562-rna-essential-legacy-pilot__rps20,2
pred__bio__env-replogleweissman2022-k562-essential-k562-rna-essential-legacy-pilot__dph1__mean-matching__dataset-heldout-split__ensemble3,bio__env-replogleweissman2022-k562-essential-k562-rna-essential-legacy-pilot__dph1,0
pred__bio__env-replogleweissman2022-k562-essential-k562-rna-essential-legacy-pilot__uba1__mean-matching__dataset-heldout-split__ensemble3,bio__env-replogleweissman2022-k562-essential-k562-rna-essential-legacy-pilot__uba1,3
pred__bio__env-replogleweissman2022-k562-essential-k562-rna-essential-legacy-pilot__dctn3__mean-matching__dataset-heldout-split__ensemble3,bio__env-replogleweissman2022-k562-essential-k562-rna-essential-legacy-pilot__dctn3,3
pred__bio__env-replogleweissman2022-k562-essential-k562-rna-essential-legacy-pilot__egln2__mean-matching__dataset-heldout-split__ensemble3,bio__env-replogleweissman2022-k562-essential-k562-rna-essential-legacy-pilot__egln2,4
pred__bio__env-replogleweissman2022-k562-essential-k562-rna-essential-legacy-pilot__rpl8__mean-matching__dataset-heldout-split__ensemble3,bio__env-replogleweissman2022-k562-essential-k562-rna-essential-legacy-pilot__rpl8,2
pred__bio__env-replogleweissman2022-k562-essential-k562-rna-essential-legacy-pilot__psmb5__mean-matching__dataset-heldout-split__ensemble3,bio__env-replogleweissman2022-k562-essential-k562-rna-essential-legacy-pilot__psmb5,1
pred__bio__env-replogleweissman2022-k562-essential-k562-rna-essential-legacy-pilot__dcun1d5__mean-matching__dataset-heldout-split__ensemble3,bio__env-replogleweissman2022-k562-essential-k562-rna-essential-legacy-pilot__dcun1d5,2
pred__bio__env-replogleweissman2022-k562-essential-k562-rna-essential-legacy-pilot__nop10__mean-matching__dataset-heldout-split__ensemble3,bio__env-replogleweissman2022-k562-essential-k562-rna-essential-legacy-pilot__nop10,2
pred__bio__env-replogleweissman2022-k562-essential-k562-rna-essential-legacy-pilot__srrt__mean-matching__dataset-heldout-split__ensemble3,bio__env-replogleweissman2022-k562-essential-k562-rna-essential-legacy-pilot__srrt,3
pred__bio__env-replogleweissman2022-k562-essential-k562-rna-essential-legacy-pilot__ufl1__mean-matching__dataset-heldout-split__ensemble3,bio__env-replogleweissman2022-k562-essential-k562-rna-essential-legacy-pilot__ufl1,4
pred__bio__env-replogleweissman2022-k562-essential-k562-rna-essential-legacy-pilot__polr2d__mean-matching__dataset-heldout-split__ensemble3,bio__env-replogleweissman2022-k562-essential-k562-rna-essential-legacy-pilot__polr2d,4
pred__bio__env-replogleweissman2022-k562-essential-k562-rna-essential-legacy-pilot__arpc2__mean-matching__dataset-heldout-split__ensemble3,bio__env-replogleweissman2022-k562-essential-k562-rna-essential-legacy-pilot__arpc2,1
pred__bio__env-replogleweissman2022-k562-essential-k562-rna-essential-legacy-pilot__hars__mean-matching__dataset-heldout-split__ensemble3,bio__env-replogleweissman2022-k562-essential-k562-rna-essential-legacy-pilot__hars,3
pred__bio__env-replogleweissman2022-k562-essential-k562-rna-essential-legacy-pilot__katnb1__mean-matching__dataset-heldout-split__ensemble3,bio__env-replogleweissman2022-k562-essential-k562-rna-essential-legacy-pilot__katnb1,1
pred__bio__env-replogleweissman2022-k562-essential-k562-rna-essential-legacy-pilot__hspa9__mean-matching__dataset-heldout-split__ensemble3,bio__env-replogleweissman2022-k562-essential-k562-rna-essential-legacy-pilot__hspa9,2
pred__bio__env-replogleweissman2022-k562-essential-k562-rna-essential-legacy-pilot__jazf1__mean-matching__dataset-heldout-split__ensemble3,bio__env-replogleweissman2022-k562-essential-k562-rna-essential-legacy-pilot__jazf1,1
pred__bio__env-replogleweissman2022-k562-essential-k562-rna-essential-legacy-pilot__vps33a__mean-matching__dataset-heldout-split__ensemble3,bio__env-replogleweissman2022-k562-essential-k562-rna-essential-legacy-pilot__vps33a,1
pred__bio__env-replogleweissman2022-k562-essential-k562-rna-essential-legacy-pilot__prpf18__mean-matching__dataset-heldout-split__ensemble3,bio__env-replogleweissman2022-k562-essential-k562-rna-essential-legacy-pilot__prpf18,1
pred__bio__env-replogleweissman2022-k562-essential-k562-rna-essential-legacy-pilot__cdc27__mean-matching__dataset-heldout-split__ensemble3,bio__env-replogleweissman2022-k562-essential-k562-rna-essential-legacy-pilot__cdc27,0
pred__bio__env-replogleweissman2022-k562-essential-k562-rna-essential-legacy-pilot__uqcrc1__mean-matching__dataset-heldout-split__ensemble3,bio__env-replogleweissman2022-k562-essential-k562-rna-essential-legacy-pilot__uqcrc1,1
pred__bio__env-replogleweissman2022-k562-essential-k562-rna-essential-legacy-pilot__rplp0__mean-matching__dataset-heldout-split__ensemble3,bio__env-replogleweissman2022-k562-essential-k562-rna-essential-legacy-pilot__rplp0,2
pred__bio__env-replogleweissman2022-k562-essential-k562-rna-essential-legacy-pilot__arpc4__mean-matching__dataset-heldout-split__ensemble3,bio__env-replogleweissman2022-k562-essential-k562-rna-essential-legacy-pilot__arpc4,0
pred__bio__env-replogleweissman2022-k562-essential-k562-rna-essential-legacy-pilot__rpl37a__mean-matching__dataset-heldout-split__ensemble3,bio__env-replogleweissman2022-k562-essential-k562-rna-essential-legacy-pilot__rpl37a,0
pred__bio__env-replogleweissman2022-k562-essential-k562-rna-essential-legacy-pilot__cnot3__mean-matching__dataset-heldout-split__ensemble3,bio__env-replogleweissman2022-k562-essential-k562-rna-essential-legacy-pilot__cnot3,2
pred__bio__env-replogleweissman2022-k562-essential-k562-rna-essential-legacy-pilot__cenpe__mean-matching__dataset-heldout-split__ensemble3,bio__env-replogleweissman2022-k562-essential-k562-rna-essential-legacy-pilot__cenpe,1
pred__bio__env-replogleweissman2022-k562-essential-k562-rna-essential-legacy-pilot__naglu__mean-matching__dataset-heldout-split__ensemble3,bio__env-replogleweissman2022-k562-essential-k562-rna-essential-legacy-pilot__naglu,2
pred__bio__env-replogleweissman2022-k562-essential-k562-rna-essential-legacy-pilot__hspa8__mean-matching__dataset-heldout-split__ensemble3,bio__env-replogleweissman2022-k562-essential-k562-rna-essential-legacy-pilot__hspa8,3
pred__bio__env-replogleweissman2022-k562-essential-k562-rna-essential-legacy-pilot__med22__mean-matching__dataset-heldout-split__ensemble3,bio__env-replogleweissman2022-k562-essential-k562-rna-essential-legacy-pilot__med22,0
pred__bio__env-replogleweissman2022-k562-essential-k562-rna-essential-legacy-pilot__urod__mean-matching__dataset-heldout-split__ensemble3,bio__env-replogleweissman2022-k562-essential-k562-rna-essential-legacy-pilot__urod,4
pred__bio__env-replogleweissman2022-k562-essential-k562-rna-essential-legacy-pilot__sf3a2__mean-matching__dataset-heldout-split__ensemble3,bio__env-replogleweissman2022-k562-essential-k562-rna-essential-legacy-pilot__sf3a2,4
pred__bio__env-replogleweissman2022-k562-essential-k562-rna-essential-legacy-pilot__ltv1__mean-matching__dataset-heldout-split__ensemble3,bio__env-replogleweissman2022-k562-essential-k562-rna-essential-legacy-pilot__ltv1,1
pred__bio__env-replogleweissman2022-k562-essential-k562-rna-essential-legacy-pilot__hnrnpc__mean-matching__dataset-heldout-split__ensemble3,bio__env-replogleweissman2022-k562-essential-k562-rna-essential-legacy-pilot__hnrnpc,0
pred__bio__env-replogleweissman2022-k562-essential-k562-rna-essential-legacy-pilot__rmi1__mean-matching__dataset-heldout-split__ensemble3,bio__env-replogleweissman2022-k562-essential-k562-rna-essential-legacy-pilot__rmi1,0
pred__bio__env-replogleweissman2022-k562-essential-k562-rna-essential-legacy-pilot__rpl10__mean-matching__dataset-heldout-split__ensemble3,bio__env-replogleweissman2022-k562-essential-k562-rna-essential-legacy-pilot__rpl10,4
pred__bio__env-replogleweissman2022-k562-essential-k562-rna-essential-legacy-pilot__ndufab1__mean-matching__dataset-heldout-split__ensemble3,bio__env-replogleweissman2022-k562-essential-k562-rna-essential-legacy-pilot__ndufab1,3
pred__bio__env-replogleweissman2022-k562-essential-k562-rna-essential-legacy-pilot__znf574__mean-matching__dataset-heldout-split__ensemble3,bio__env-replogleweissman2022-k562-essential-k562-rna-essential-legacy-pilot__znf574,1
pred__bio__env-replogleweissman2022-k562-essential-k562-rna-essential-legacy-pilot__tsen34__mean-matching__dataset-heldout-split__ensemble3,bio__env-replogleweissman2022-k562-essential-k562-rna-essential-legacy-pilot__tsen34,3
pred__bio__env-replogleweissman2022-k562-essential-k562-rna-essential-legacy-pilot__naca__mean-matching__dataset-heldout-split__ensemble3,bio__env-replogleweissman2022-k562-essential-k562-rna-essential-legacy-pilot__naca,4
pred__bio__env-replogleweissman2022-k562-essential-k562-rna-essential-legacy-pilot__chmp7__mean-matching__dataset-heldout-split__ensemble3,bio__env-replogleweissman2022-k562-essential-k562-rna-essential-legacy-pilot__chmp7,2
pred__bio__env-replogleweissman2022-k562-essential-k562-rna-essential-legacy-pilot__polr2b__mean-matching__dataset-heldout-split__ensemble3,bio__env-replogleweissman2022-k562-essential-k562-rna-essential-legacy-pilot__polr2b,1
pred__bio__env-replogleweissman2022-k562-essential-k562-rna-essential-legacy-pilot__gak__mean-matching__dataset-heldout-split__ensemble3,bio__env-replogleweissman2022-k562-essential-k562-rna-essential-legacy-pilot__gak,0
pred__bio__env-replogleweissman2022-k562-essential-k562-rna-essential-legacy-pilot__dnmt1__mean-matching__dataset-heldout-split__ensemble3,bio__env-replogleweissman2022-k562-essential-k562-rna-essential-legacy-pilot__dnmt1,0
pred__bio__env-replogleweissman2022-k562-essential-k562-rna-essential-legacy-pilot__slc7a5__mean-matching__dataset-heldout-split__ensemble3,bio__env-replogleweissman2022-k562-essential-k562-rna-essential-legacy-pilot__slc7a5,1
pred__bio__env-replogleweissman2022-k562-essential-k562-rna-essential-legacy-pilot__rps7__mean-matching__dataset-heldout-split__ensemble3,bio__env-replogleweissman2022-k562-essential-k562-rna-essential-legacy-pilot__rps7,2
pred__bio__env-replogleweissman2022-k562-essential-k562-rna-essential-legacy-pilot__mcm10__mean-matching__dataset-heldout-split__ensemble3,bio__env-replogleweissman2022-k562-essential-k562-rna-essential-legacy-pilot__mcm10,3
pred__bio__env-replogleweissman2022-k562-essential-k562-rna-essential-legacy-pilot__hmgb1__mean-matching__dataset-heldout-split__ensemble3,bio__env-replogleweissman2022-k562-essential-k562-rna-essential-legacy-pilot__hmgb1,3
pred__bio__env-replogleweissman2022-k562-essential-k562-rna-essential-legacy-pilot__chek1__mean-matching__dataset-heldout-split__ensemble3,bio__env-replogleweissman2022-k562-essential-k562-rna-essential-legacy-pilot__chek1,4
pred__bio__env-replogleweissman2022-k562-essential-k562-rna-essential-legacy-pilot__cpamd8__mean-matching__dataset-heldout-split__ensemble3,bio__env-replogleweissman2022-k562-essential-k562-rna-essential-legacy-pilot__cpamd8,4
pred__bio__env-replogleweissman2022-k562-essential-k562-rna-essential-legacy-pilot__pola1__mean-matching__dataset-heldout-split__ensemble3,bio__env-replogleweissman2022-k562-essential-k562-rna-essential-legacy-pilot__pola1,0
pred__bio__env-replogleweissman2022-k562-essential-k562-rna-essential-legacy-pilot__rpl12__mean-matching__dataset-heldout-split__ensemble3,bio__env-replogleweissman2022-k562-essential-k562-rna-essential-legacy-pilot__rpl12,0
pred__bio__env-replogleweissman2022-k562-essential-k562-rna-essential-legacy-pilot__nxf1__mean-matching__dataset-heldout-split__ensemble3,bio__env-replogleweissman2022-k562-essential-k562-rna-essential-legacy-pilot__nxf1,0
pred__bio__env-replogleweissman2022-k562-essential-k562-rna-essential-legacy-pilot__polr2f__mean-matching__dataset-heldout-split__ensemble3,bio__env-replogleweissman2022-k562-essential-k562-rna-essential-legacy-pilot__polr2f,4
pred__bio__env-replogleweissman2022-k562-essential-k562-rna-essential-legacy-pilot__eef2__mean-matching__dataset-heldout-split__ensemble3,bio__env-replogleweissman2022-k562-essential-k562-rna-essential-legacy-pilot__eef2,0
pred__bio__env-replogleweissman2022-k562-essential-k562-rna-essential-legacy-pilot__ckap5__mean-matching__dataset-heldout-split__ensemble3,bio__env-replogleweissman2022-k562-essential-k562-rna-essential-legacy-pilot__ckap5,1
pred__bio__env-replogleweissman2022-k562-essential-k562-rna-essential-legacy-pilot__u2surp__mean-matching__dataset-heldout-split__ensemble3,bio__env-replogleweissman2022-k562-essential-k562-rna-essential-legacy-pilot__u2surp,3
pred__bio__env-replogleweissman2022-k562-essential-k562-rna-essential-legacy-pilot__xpo5__mean-matching__dataset-heldout-split__ensemble3,bio__env-replogleweissman2022-k562-essential-k562-rna-essential-legacy-pilot__xpo5,0
pred__bio__env-replogleweissman2022-k562-essential-k562-rna-essential-legacy-pilot__actr8__mean-matching__dataset-heldout-split__ensemble3,bio__env-replogleweissman2022-k562-essential-k562-rna-essential-legacy-pilot__actr8,4
pred__bio__env-replogleweissman2022-k562-essential-k562-rna-essential-legacy-pilot__nsrp1__mean-matching__dataset-heldout-split__ensemble3,bio__env-replogleweissman2022-k562-essential-k562-rna-essential-legacy-pilot__nsrp1,4
pred__bio__env-replogleweissman2022-k562-essential-k562-rna-essential-legacy-pilot__rpe__mean-matching__dataset-heldout-split__ensemble3,bio__env-replogleweissman2022-k562-essential-k562-rna-essential-legacy-pilot__rpe,1
pred__bio__env-replogleweissman2022-k562-essential-k562-rna-essential-legacy-pilot__tkt__mean-matching__dataset-heldout-split__ensemble3,bio__env-replogleweissman2022-k562-essential-k562-rna-essential-legacy-pilot__tkt,3
pred__bio__env-replogleweissman2022-k562-essential-k562-rna-essential-legacy-pilot__arcn1__mean-matching__dataset-heldout-split__ensemble3,bio__env-replogleweissman2022-k562-essential-k562-rna-essential-legacy-pilot__arcn1,0
pred__bio__env-replogleweissman2022-k562-essential-k562-rna-essential-legacy-pilot__rpl38__mean-matching__dataset-heldout-split__ensemble3,bio__env-replogleweissman2022-k562-essential-k562-rna-essential-legacy-pilot__rpl38,4
pred__bio__env-replogleweissman2022-k562-essential-k562-rna-essential-legacy-pilot__prpf4b__mean-matching__dataset-heldout-split__ensemble3,bio__env-replogleweissman2022-k562-essential-k562-rna-essential-legacy-pilot__prpf4b,0
pred__bio__env-replogleweissman2022-k562-essential-k562-rna-essential-legacy-pilot__gars__mean-matching__dataset-heldout-split__ensemble3,bio__env-replogleweissman2022-k562-essential-k562-rna-essential-legacy-pilot__gars,2
pred__bio__env-replogleweissman2022-k562-essential-k562-rna-essential-legacy-pilot__rfc3__mean-matching__dataset-heldout-split__ensemble3,bio__env-replogleweissman2022-k562-essential-k562-rna-essential-legacy-pilot__rfc3,3
pred__bio__env-replogleweissman2022-k562-essential-k562-rna-essential-legacy-pilot__rpl9__mean-matching__dataset-heldout-split__ensemble3,bio__env-replogleweissman2022-k562-essential-k562-rna-essential-legacy-pilot__rpl9,1
pred__bio__env-replogleweissman2022-k562-essential-k562-rna-essential-legacy-pilot__gpn3__mean-matching__dataset-heldout-split__ensemble3,bio__env-replogleweissman2022-k562-essential-k562-rna-essential-legacy-pilot__gpn3,2
pred__bio__env-replogleweissman2022-k562-essential-k562-rna-essential-legacy-pilot__folr3__mean-matching__dataset-heldout-split__ensemble3,bio__env-replogleweissman2022-k562-essential-k562-rna-essential-legacy-pilot__folr3,0
pred__bio__env-replogleweissman2022-k562-essential-k562-rna-essential-legacy-pilot__emc3__mean-matching__dataset-heldout-split__ensemble3,bio__env-replogleweissman2022-k562-essential-k562-rna-essential-legacy-pilot__emc3,2
pred__bio__env-replogleweissman2022-k562-essential-k562-rna-essential-legacy-pilot__znf506__mean-matching__dataset-heldout-split__ensemble3,bio__env-replogleweissman2022-k562-essential-k562-rna-essential-legacy-pilot__znf506,3
pred__bio__env-replogleweissman2022-k562-essential-k562-rna-essential-legacy-pilot__ankrd11__mean-matching__dataset-heldout-split__ensemble3,bio__env-replogleweissman2022-k562-essential-k562-rna-essential-legacy-pilot__ankrd11,1
pred__bio__env-replogleweissman2022-k562-essential-k562-rna-essential-legacy-pilot__bcar1__mean-matching__dataset-heldout-split__ensemble3,bio__env-replogleweissman2022-k562-essential-k562-rna-essential-legacy-pilot__bcar1,1
pred__bio__env-replogleweissman2022-k562-essential-k562-rna-essential-legacy-pilot__psmc1__mean-matching__dataset-heldout-split__ensemble3,bio__env-replogleweissman2022-k562-essential-k562-rna-essential-legacy-pilot__psmc1,4
pred__bio__env-replogleweissman2022-k562-essential-k562-rna-essential-legacy-pilot__rpl5__mean-matching__dataset-heldout-split__ensemble3,bio__env-replogleweissman2022-k562-essential-k562-rna-essential-legacy-pilot__rpl5,3
pred__bio__env-replogleweissman2022-k562-essential-k562-rna-essential-legacy-pilot__max__mean-matching__dataset-heldout-split__ensemble3,bio__env-replogleweissman2022-k562-essential-k562-rna-essential-legacy-pilot__max,3
pred__bio__env-replogleweissman2022-k562-essential-k562-rna-essential-legacy-pilot__rcc1__mean-matching__dataset-heldout-split__ensemble3,bio__env-replogleweissman2022-k562-essential-k562-rna-essential-legacy-pilot__rcc1,2
pred__bio__env-replogleweissman2022-k562-essential-k562-rna-essential-legacy-pilot__ccnk__mean-matching__dataset-heldout-split__ensemble3,bio__env-replogleweissman2022-k562-essential-k562-rna-essential-legacy-pilot__ccnk,3
pred__bio__env-replogleweissman2022-k562-essential-k562-rna-essential-legacy-pilot__sart1__mean-matching__dataset-heldout-split__ensemble3,bio__env-replogleweissman2022-k562-essential-k562-rna-essential-legacy-pilot__sart1,1
pred__bio__env-replogleweissman2022-k562-essential-k562-rna-essential-legacy-pilot__srsf6__mean-matching__dataset-heldout-split__ensemble3,bio__env-replogleweissman2022-k562-essential-k562-rna-essential-legacy-pilot__srsf6,1
pred__bio__env-replogleweissman2022-k562-essential-k562-rna-essential-legacy-pilot__spdye2__mean-matching__dataset-heldout-split__ensemble3,bio__env-replogleweissman2022-k562-essential-k562-rna-essential-legacy-pilot__spdye2,3
pred__bio__env-replogleweissman2022-k562-essential-k562-rna-essential-legacy-pilot__eif5__mean-matching__dataset-heldout-split__ensemble3,bio__env-replogleweissman2022-k562-essential-k562-rna-essential-legacy-pilot__eif5,4
pred__bio__env-replogleweissman2022-k562-essential-k562-rna-essential-legacy-pilot__gucd1__mean-matching__dataset-heldout-split__ensemble3,bio__env-replogleweissman2022-k562-essential-k562-rna-essential-legacy-pilot__gucd1,2
pred__bio__env-replogleweissman2022-k562-essential-k562-rna-essential-legacy-pilot__med7__mean-matching__dataset-heldout-split__ensemble3,bio__env-replogleweissman2022-k562-essential-k562-rna-essential-legacy-pilot__med7,3
pred__bio__env-replogleweissman2022-k562-essential-k562-rna-essential-legacy-pilot__hist2h3d__mean-matching__dataset-heldout-split__ensemble3,bio__env-replogleweissman2022-k562-essential-k562-rna-essential-legacy-pilot__hist2h3d,4
pred__bio__env-replogleweissman2022-k562-essential-k562-rna-essential-legacy-pilot__snrpb__mean-matching__dataset-heldout-split__ensemble3,bio__env-replogleweissman2022-k562-essential-k562-rna-essential-legacy-pilot__snrpb,0
pred__bio__env-replogleweissman2022-k562-essential-k562-rna-essential-legacy-pilot__ddx41__mean-matching__dataset-heldout-split__ensemble3,bio__env-replogleweissman2022-k562-essential-k562-rna-essential-legacy-pilot__ddx41,4
pred__bio__env-replogleweissman2022-k562-essential-k562-rna-essential-legacy-pilot__elp2__mean-matching__dataset-heldout-split__ensemble3,bio__env-replogleweissman2022-k562-essential-k562-rna-essential-legacy-pilot__elp2,3
pred__bio__env-replogleweissman2022-k562-essential-k562-rna-essential-legacy-pilot__rpl10a__mean-matching__dataset-heldout-split__ensemble3,bio__env-replogleweissman2022-k562-essential-k562-rna-essential-legacy-pilot__rpl10a,0
pred__bio__env-replogleweissman2022-k562-essential-k562-rna-essential-legacy-pilot__c16orf86__mean-matching__dataset-heldout-split__ensemble3,bio__env-replogleweissman2022-k562-essential-k562-rna-essential-legacy-pilot__c16orf86,0
pred__bio__env-replogleweissman2022-k562-essential-k562-rna-essential-legacy-pilot__hinfp__mean-matching__dataset-heldout-split__ensemble3,bio__env-replogleweissman2022-k562-essential-k562-rna-essential-legacy-pilot__hinfp,0
pred__bio__env-replogleweissman2022-k562-essential-k562-rna-essential-legacy-pilot__vcp__mean-matching__dataset-heldout-split__ensemble3,bio__env-replogleweissman2022-k562-essential-k562-rna-essential-legacy-pilot__vcp,1
pred__bio__env-replogleweissman2022-k562-essential-k562-rna-essential-legacy-pilot__dync1i2__mean-matching__dataset-heldout-split__ensemble3,bio__env-replogleweissman2022-k562-essential-k562-rna-essential-legacy-pilot__dync1i2,3
pred__bio__env-replogleweissman2022-k562-essential-k562-rna-essential-legacy-pilot__smn2__mean-matching__dataset-heldout-split__ensemble3,bio__env-replogleweissman2022-k562-essential-k562-rna-essential-legacy-pilot__smn2,2
pred__bio__env-replogleweissman2022-k562-essential-k562-rna-essential-legacy-pilot__ik__mean-matching__dataset-heldout-split__ensemble3,bio__env-replogleweissman2022-k562-essential-k562-rna-essential-legacy-pilot__ik,4
pred__bio__env-replogleweissman2022-k562-essential-k562-rna-essential-legacy-pilot__bop1__mean-matching__dataset-heldout-split__ensemble3,bio__env-replogleweissman2022-k562-essential-k562-rna-essential-legacy-pilot__bop1,3
pred__bio__env-replogleweissman2022-k562-essential-k562-rna-essential-legacy-pilot__ints9__mean-matching__dataset-heldout-split__ensemble3,bio__env-replogleweissman2022-k562-essential-k562-rna-essential-legacy-pilot__ints9,2
pred__bio__env-replogleweissman2022-k562-essential-k562-rna-essential-legacy-pilot__rbmx2__mean-matching__dataset-heldout-split__ensemble3,bio__env-replogleweissman2022-k562-essential-k562-rna-essential-legacy-pilot__rbmx2,2
pred__bio__env-replogleweissman2022-k562-essential-k562-rna-essential-legacy-pilot__rpl21__mean-matching__dataset-heldout-split__ensemble3,bio__env-replogleweissman2022-k562-essential-k562-rna-essential-legacy-pilot__rpl21,0
pred__bio__env-replogleweissman2022-k562-essential-k562-rna-essential-legacy-pilot__mrpl33__mean-matching__dataset-heldout-split__ensemble3,bio__env-replogleweissman2022-k562-essential-k562-rna-essential-legacy-pilot__mrpl33,1
pred__bio__env-replogleweissman2022-k562-essential-k562-rna-essential-legacy-pilot__hs6st1__mean-matching__dataset-heldout-split__ensemble3,bio__env-replogleweissman2022-k562-essential-k562-rna-essential-legacy-pilot__hs6st1,1
pred__bio__env-replogleweissman2022-k562-essential-k562-rna-essential-legacy-pilot__cnot1__mean-matching__dataset-heldout-split__ensemble3,bio__env-replogleweissman2022-k562-essential-k562-rna-essential-legacy-pilot__cnot1,2
pred__bio__env-replogleweissman2022-k562-essential-k562-rna-essential-legacy-pilot__rpa2__mean-matching__dataset-heldout-split__ensemble3,bio__env-replogleweissman2022-k562-essential-k562-rna-essential-legacy-pilot__rpa2,3
pred__bio__env-replogleweissman2022-k562-essential-k562-rna-essential-legacy-pilot__rps17__mean-matching__dataset-heldout-split__ensemble3,bio__env-replogleweissman2022-k562-essential-k562-rna-essential-legacy-pilot__rps17,1
pred__bio__env-replogleweissman2022-k562-essential-k562-rna-essential-legacy-pilot__or1d2__mean-matching__dataset-heldout-split__ensemble3,bio__env-replogleweissman2022-k562-essential-k562-rna-essential-legacy-pilot__or1d2,2
pred__bio__env-replogleweissman2022-k562-essential-k562-rna-essential-legacy-pilot__ccdc86__mean-matching__dataset-heldout-split__ensemble3,bio__env-replogleweissman2022-k562-essential-k562-rna-essential-legacy-pilot__ccdc86,1
pred__bio__env-replogleweissman2022-k562-essential-k562-rna-essential-legacy-pilot__sin3a__mean-matching__dataset-heldout-split__ensemble3,bio__env-replogleweissman2022-k562-essential-k562-rna-essential-legacy-pilot__sin3a,0
pred__bio__env-replogleweissman2022-k562-essential-k562-rna-essential-legacy-pilot__vps54__mean-matching__dataset-heldout-split__ensemble3,bio__env-replogleweissman2022-k562-essential-k562-rna-essential-legacy-pilot__vps54,1
pred__bio__env-replogleweissman2022-k562-essential-k562-rna-essential-legacy-pilot__igbp1__mean-matching__dataset-heldout-split__ensemble3,bio__env-replogleweissman2022-k562-essential-k562-rna-essential-legacy-pilot__igbp1,3
pred__bio__env-replogleweissman2022-k562-essential-k562-rna-essential-legacy-pilot__gon4l__mean-matching__dataset-heldout-split__ensemble3,bio__env-replogleweissman2022-k562-essential-k562-rna-essential-legacy-pilot__gon4l,4
pred__bio__env-replogleweissman2022-k562-essential-k562-rna-essential-legacy-pilot__vps41__mean-matching__dataset-heldout-split__ensemble3,bio__env-replogleweissman2022-k562-essential-k562-rna-essential-legacy-pilot__vps41,3
pred__bio__env-replogleweissman2022-k562-essential-k562-rna-essential-legacy-pilot__wdr36__mean-matching__dataset-heldout-split__ensemble3,bio__env-replogleweissman2022-k562-essential-k562-rna-essential-legacy-pilot__wdr36,1
pred__bio__env-replogleweissman2022-k562-essential-k562-rna-essential-legacy-pilot__chordc1__mean-matching__dataset-heldout-split__ensemble3,bio__env-replogleweissman2022-k562-essential-k562-rna-essential-legacy-pilot__chordc1,1
pred__bio__env-replogleweissman2022-k562-essential-k562-rna-essential-legacy-pilot__psmd1__mean-matching__dataset-heldout-split__ensemble3,bio__env-replogleweissman2022-k562-essential-k562-rna-essential-legacy-pilot__psmd1,4
pred__bio__env-replogleweissman2022-k562-essential-k562-rna-essential-legacy-pilot__ddx24__mean-matching__dataset-heldout-split__ensemble3,bio__env-replogleweissman2022-k562-essential-k562-rna-essential-legacy-pilot__ddx24,0
pred__bio__env-replogleweissman2022-k562-essential-k562-rna-essential-legacy-pilot__vps18__mean-matching__dataset-heldout-split__ensemble3,bio__env-replogleweissman2022-k562-essential-k562-rna-essential-legacy-pilot__vps18,3
pred__bio__env-replogleweissman2022-k562-essential-k562-rna-essential-legacy-pilot__slc4a5__mean-matching__dataset-heldout-split__ensemble3,bio__env-replogleweissman2022-k562-essential-k562-rna-essential-legacy-pilot__slc4a5,0
pred__bio__env-replogleweissman2022-k562-essential-k562-rna-essential-legacy-pilot__rps28__mean-matching__dataset-heldout-split__ensemble3,bio__env-replogleweissman2022-k562-essential-k562-rna-essential-legacy-pilot__rps28,1
pred__bio__env-replogleweissman2022-k562-essential-k562-rna-essential-legacy-pilot__alg2__mean-matching__dataset-heldout-split__ensemble3,bio__env-replogleweissman2022-k562-essential-k562-rna-essential-legacy-pilot__alg2,3
pred__bio__env-replogleweissman2022-k562-essential-k562-rna-essential-legacy-pilot__haus7__mean-matching__dataset-heldout-split__ensemble3,bio__env-replogleweissman2022-k562-essential-k562-rna-essential-legacy-pilot__haus7,2
pred__bio__env-replogleweissman2022-k562-essential-k562-rna-essential-legacy-pilot__ndufb8__mean-matching__dataset-heldout-split__ensemble3,bio__env-replogleweissman2022-k562-essential-k562-rna-essential-legacy-pilot__ndufb8,4
pred__bio__env-replogleweissman2022-k562-essential-k562-rna-essential-legacy-pilot__med30__mean-matching__dataset-heldout-split__ensemble3,bio__env-replogleweissman2022-k562-essential-k562-rna-essential-legacy-pilot__med30,3
pred__bio__env-replogleweissman2022-k562-essential-k562-rna-essential-legacy-pilot__psmg1__mean-matching__dataset-heldout-split__ensemble3,bio__env-replogleweissman2022-k562-essential-k562-rna-essential-legacy-pilot__psmg1,2
pred__bio__env-replogleweissman2022-k562-essential-k562-rna-essential-legacy-pilot__rpl26__mean-matching__dataset-heldout-split__ensemble3,bio__env-replogleweissman2022-k562-essential-k562-rna-essential-legacy-pilot__rpl26,3
pred__bio__env-replogleweissman2022-k562-essential-k562-rna-essential-legacy-pilot__clasrp__mean-matching__dataset-heldout-split__ensemble3,bio__env-replogleweissman2022-k562-essential-k562-rna-essential-legacy-pilot__clasrp,2
pred__bio__env-replogleweissman2022-k562-essential-k562-rna-essential-legacy-pilot__rpl14__mean-matching__dataset-heldout-split__ensemble3,bio__env-replogleweissman2022-k562-essential-k562-rna-essential-legacy-pilot__rpl14,4
pred__bio__env-replogleweissman2022-k562-essential-k562-rna-essential-legacy-pilot__hmgcs1__mean-matching__dataset-heldout-split__ensemble3,bio__env-replogleweissman2022-k562-essential-k562-rna-essential-legacy-pilot__hmgcs1,2
pred__bio__env-replogleweissman2022-k562-essential-k562-rna-essential-legacy-pilot__kat8__mean-matching__dataset-heldout-split__ensemble3,bio__env-replogleweissman2022-k562-essential-k562-rna-essential-legacy-pilot__kat8,4
pred__bio__env-replogleweissman2022-k562-essential-k562-rna-essential-legacy-pilot__eif2b1__mean-matching__dataset-heldout-split__ensemble3,bio__env-replogleweissman2022-k562-essential-k562-rna-essential-legacy-pilot__eif2b1,1
pred__bio__env-replogleweissman2022-k562-essential-k562-rna-essential-legacy-pilot__gtf3c6__mean-matching__dataset-heldout-split__ensemble3,bio__env-replogleweissman2022-k562-essential-k562-rna-essential-legacy-pilot__gtf3c6,1
pred__bio__env-replogleweissman2022-k562-essential-k562-rna-essential-legacy-pilot__cs__mean-matching__dataset-heldout-split__ensemble3,bio__env-replogleweissman2022-k562-essential-k562-rna-essential-legacy-pilot__cs,0
pred__bio__env-replogleweissman2022-k562-essential-k562-rna-essential-legacy-pilot__ythdc1__mean-matching__dataset-heldout-split__ensemble3,bio__env-replogleweissman2022-k562-essential-k562-rna-essential-legacy-pilot__ythdc1,0
pred__bio__env-replogleweissman2022-k562-essential-k562-rna-essential-legacy-pilot__cenpj__mean-matching__dataset-heldout-split__ensemble3,bio__env-replogleweissman2022-k562-essential-k562-rna-essential-legacy-pilot__cenpj,2
pred__bio__env-replogleweissman2022-k562-essential-k562-rna-essential-legacy-pilot__dynlrb1__mean-matching__dataset-heldout-split__ensemble3,bio__env-replogleweissman2022-k562-essential-k562-rna-essential-legacy-pilot__dynlrb1,3
pred__bio__env-replogleweissman2022-k562-essential-k562-rna-essential-legacy-pilot__dctn1__mean-matching__dataset-heldout-split__ensemble3,bio__env-replogleweissman2022-k562-essential-k562-rna-essential-legacy-pilot__dctn1,0
pred__bio__env-replogleweissman2022-k562-essential-k562-rna-essential-legacy-pilot__wbp11__mean-matching__dataset-heldout-split__ensemble3,bio__env-replogleweissman2022-k562-essential-k562-rna-essential-legacy-pilot__wbp11,4
pred__bio__env-replogleweissman2022-k562-essential-k562-rna-essential-legacy-pilot__prpf6__mean-matching__dataset-heldout-split__ensemble3,bio__env-replogleweissman2022-k562-essential-k562-rna-essential-legacy-pilot__prpf6,4
pred__bio__env-replogleweissman2022-k562-essential-k562-rna-essential-legacy-pilot__hnrnpm__mean-matching__dataset-heldout-split__ensemble3,bio__env-replogleweissman2022-k562-essential-k562-rna-essential-legacy-pilot__hnrnpm,2
pred__bio__env-replogleweissman2022-k562-essential-k562-rna-essential-legacy-pilot__pmf1__mean-matching__dataset-heldout-split__ensemble3,bio__env-replogleweissman2022-k562-essential-k562-rna-essential-legacy-pilot__pmf1,4
pred__bio__env-replogleweissman2022-k562-essential-k562-rna-essential-legacy-pilot__atp6v1e1__mean-matching__dataset-heldout-split__ensemble3,bio__env-replogleweissman2022-k562-essential-k562-rna-essential-legacy-pilot__atp6v1e1,1
pred__bio__env-replogleweissman2022-k562-essential-k562-rna-essential-legacy-pilot__brca2__mean-matching__dataset-heldout-split__ensemble3,bio__env-replogleweissman2022-k562-essential-k562-rna-essential-legacy-pilot__brca2,2
pred__bio__env-replogleweissman2022-k562-essential-k562-rna-essential-legacy-pilot__pop7__mean-matching__dataset-heldout-split__ensemble3,bio__env-replogleweissman2022-k562-essential-k562-rna-essential-legacy-pilot__pop7,0
pred__bio__env-replogleweissman2022-k562-essential-k562-rna-essential-legacy-pilot__aatf__mean-matching__dataset-heldout-split__ensemble3,bio__env-replogleweissman2022-k562-essential-k562-rna-essential-legacy-pilot__aatf,0
pred__bio__env-replogleweissman2022-k562-essential-k562-rna-essential-legacy-pilot__gfm1__mean-matching__dataset-heldout-split__ensemble3,bio__env-replogleweissman2022-k562-essential-k562-rna-essential-legacy-pilot__gfm1,3
pred__bio__env-replogleweissman2022-k562-essential-k562-rna-essential-legacy-pilot__ppp1ca__mean-matching__dataset-heldout-split__ensemble3,bio__env-replogleweissman2022-k562-essential-k562-rna-essential-legacy-pilot__ppp1ca,4
pred__bio__env-replogleweissman2022-k562-essential-k562-rna-essential-legacy-pilot__eif2b2__mean-matching__dataset-heldout-split__ensemble3,bio__env-replogleweissman2022-k562-essential-k562-rna-essential-legacy-pilot__eif2b2,4
pred__bio__env-replogleweissman2022-k562-essential-k562-rna-essential-legacy-pilot__rpl6__mean-matching__dataset-heldout-split__ensemble3,bio__env-replogleweissman2022-k562-essential-k562-rna-essential-legacy-pilot__rpl6,3
pred__bio__env-replogleweissman2022-k562-essential-k562-rna-essential-legacy-pilot__rpl7__mean-matching__dataset-heldout-split__ensemble3,bio__env-replogleweissman2022-k562-essential-k562-rna-essential-legacy-pilot__rpl7,2
pred__bio__env-replogleweissman2022-k562-essential-k562-rna-essential-legacy-pilot__cfdp1__mean-matching__dataset-heldout-split__ensemble3,bio__env-replogleweissman2022-k562-essential-k562-rna-essential-legacy-pilot__cfdp1,3
pred__bio__env-replogleweissman2022-k562-essential-k562-rna-essential-legacy-pilot__nubp1__mean-matching__dataset-heldout-split__ensemble3,bio__env-replogleweissman2022-k562-essential-k562-rna-essential-legacy-pilot__nubp1,0
pred__bio__env-replogleweissman2022-k562-essential-k562-rna-essential-legacy-pilot__xrcc1__mean-matching__dataset-heldout-split__ensemble3,bio__env-replogleweissman2022-k562-essential-k562-rna-essential-legacy-pilot__xrcc1,1
pred__bio__env-replogleweissman2022-k562-essential-k562-rna-essential-legacy-pilot__drap1__mean-matching__dataset-heldout-split__ensemble3,bio__env-replogleweissman2022-k562-essential-k562-rna-essential-legacy-pilot__drap1,0
pred__bio__env-replogleweissman2022-k562-essential-k562-rna-essential-legacy-pilot__emc7__mean-matching__dataset-heldout-split__ensemble3,bio__env-replogleweissman2022-k562-essential-k562-rna-essential-legacy-pilot__emc7,1
pred__bio__env-replogleweissman2022-k562-essential-k562-rna-essential-legacy-pilot__cops4__mean-matching__dataset-heldout-split__ensemble3,bio__env-replogleweissman2022-k562-essential-k562-rna-essential-legacy-pilot__cops4,3
pred__bio__env-replogleweissman2022-k562-essential-k562-rna-essential-legacy-pilot__ciao1__mean-matching__dataset-heldout-split__ensemble3,bio__env-replogleweissman2022-k562-essential-k562-rna-essential-legacy-pilot__ciao1,0
pred__bio__env-replogleweissman2022-k562-essential-k562-rna-essential-legacy-pilot__rps9__mean-matching__dataset-heldout-split__ensemble3,bio__env-replogleweissman2022-k562-essential-k562-rna-essential-legacy-pilot__rps9,2
pred__bio__env-replogleweissman2022-k562-essential-k562-rna-essential-legacy-pilot__trnt1__mean-matching__dataset-heldout-split__ensemble3,bio__env-replogleweissman2022-k562-essential-k562-rna-essential-legacy-pilot__trnt1,4
pred__bio__env-replogleweissman2022-k562-essential-k562-rna-essential-legacy-pilot__ercc3__mean-matching__dataset-heldout-split__ensemble3,bio__env-replogleweissman2022-k562-essential-k562-rna-essential-legacy-pilot__ercc3,0
pred__bio__env-replogleweissman2022-k562-essential-k562-rna-essential-legacy-pilot__dolk__mean-matching__dataset-heldout-split__ensemble3,bio__env-replogleweissman2022-k562-essential-k562-rna-essential-legacy-pilot__dolk,0
pred__bio__env-replogleweissman2022-k562-essential-k562-rna-essential-legacy-pilot__mtbp__mean-matching__dataset-heldout-split__ensemble3,bio__env-replogleweissman2022-k562-essential-k562-rna-essential-legacy-pilot__mtbp,1
pred__bio__env-replogleweissman2022-k562-essential-k562-rna-essential-legacy-pilot__rnf40__mean-matching__dataset-heldout-split__ensemble3,bio__env-replogleweissman2022-k562-essential-k562-rna-essential-legacy-pilot__rnf40,0
pred__bio__env-replogleweissman2022-k562-essential-k562-rna-essential-legacy-pilot__nip7__mean-matching__dataset-heldout-split__ensemble3,bio__env-replogleweissman2022-k562-essential-k562-rna-essential-legacy-pilot__nip7,0
pred__bio__env-replogleweissman2022-k562-essential-k562-rna-essential-legacy-pilot__pcid2__mean-matching__dataset-heldout-split__ensemble3,bio__env-replogleweissman2022-k562-essential-k562-rna-essential-legacy-pilot__pcid2,2
pred__bio__env-replogleweissman2022-k562-essential-k562-rna-essential-legacy-pilot__dph2__mean-matching__dataset-heldout-split__ensemble3,bio__env-replogleweissman2022-k562-essential-k562-rna-essential-legacy-pilot__dph2,1
pred__bio__env-replogleweissman2022-k562-essential-k562-rna-essential-legacy-pilot__trmt112__mean-matching__dataset-heldout-split__ensemble3,bio__env-replogleweissman2022-k562-essential-k562-rna-essential-legacy-pilot__trmt112,0
pred__bio__env-replogleweissman2022-k562-essential-k562-rna-essential-legacy-pilot__tmsb10__mean-matching__dataset-heldout-split__ensemble3,bio__env-replogleweissman2022-k562-essential-k562-rna-essential-legacy-pilot__tmsb10,4
pred__bio__env-replogleweissman2022-k562-essential-k562-rna-essential-legacy-pilot__riok2__mean-matching__dataset-heldout-split__ensemble3,bio__env-replogleweissman2022-k562-essential-k562-rna-essential-legacy-pilot__riok2,1
pred__bio__env-replogleweissman2022-k562-essential-k562-rna-essential-legacy-pilot__eif2s1__mean-matching__dataset-heldout-split__ensemble3,bio__env-replogleweissman2022-k562-essential-k562-rna-essential-legacy-pilot__eif2s1,3
pred__bio__env-replogleweissman2022-k562-essential-k562-rna-essential-legacy-pilot__sod2__mean-matching__dataset-heldout-split__ensemble3,bio__env-replogleweissman2022-k562-essential-k562-rna-essential-legacy-pilot__sod2,0
pred__bio__env-replogleweissman2022-k562-essential-k562-rna-essential-legacy-pilot__rbm4__mean-matching__dataset-heldout-split__ensemble3,bio__env-replogleweissman2022-k562-essential-k562-rna-essential-legacy-pilot__rbm4,3
pred__bio__env-replogleweissman2022-k562-essential-k562-rna-essential-legacy-pilot__wbp1l__mean-matching__dataset-heldout-split__ensemble3,bio__env-replogleweissman2022-k562-essential-k562-rna-essential-legacy-pilot__wbp1l,1
pred__bio__env-replogleweissman2022-k562-essential-k562-rna-essential-legacy-pilot__fcf1__mean-matching__dataset-heldout-split__ensemble3,bio__env-replogleweissman2022-k562-essential-k562-rna-essential-legacy-pilot__fcf1,4
pred__bio__env-replogleweissman2022-k562-essential-k562-rna-essential-legacy-pilot__ppp4r2__mean-matching__dataset-heldout-split__ensemble3,bio__env-replogleweissman2022-k562-essential-k562-rna-essential-legacy-pilot__ppp4r2,2
pred__bio__env-replogleweissman2022-k562-essential-k562-rna-essential-legacy-pilot__foxl2__mean-matching__dataset-heldout-split__ensemble3,bio__env-replogleweissman2022-k562-essential-k562-rna-essential-legacy-pilot__foxl2,1
pred__bio__env-replogleweissman2022-k562-essential-k562-rna-essential-legacy-pilot__tefm__mean-matching__dataset-heldout-split__ensemble3,bio__env-replogleweissman2022-k562-essential-k562-rna-essential-legacy-pilot__tefm,2
pred__bio__env-replogleweissman2022-k562-essential-k562-rna-essential-legacy-pilot__mepce__mean-matching__dataset-heldout-split__ensemble3,bio__env-replogleweissman2022-k562-essential-k562-rna-essential-legacy-pilot__mepce,3
pred__bio__env-replogleweissman2022-k562-essential-k562-rna-essential-legacy-pilot__ints1__mean-matching__dataset-heldout-split__ensemble3,bio__env-replogleweissman2022-k562-essential-k562-rna-essential-legacy-pilot__ints1,3
pred__bio__env-replogleweissman2022-k562-essential-k562-rna-essential-legacy-pilot__asf1b__mean-matching__dataset-heldout-split__ensemble3,bio__env-replogleweissman2022-k562-essential-k562-rna-essential-legacy-pilot__asf1b,0
pred__bio__env-replogleweissman2022-k562-essential-k562-rna-essential-legacy-pilot__hus1__mean-matching__dataset-heldout-split__ensemble3,bio__env-replogleweissman2022-k562-essential-k562-rna-essential-legacy-pilot__hus1,2
pred__bio__env-replogleweissman2022-k562-essential-k562-rna-essential-legacy-pilot__tut1__mean-matching__dataset-heldout-split__ensemble3,bio__env-replogleweissman2022-k562-essential-k562-rna-essential-legacy-pilot__tut1,3
pred__bio__env-replogleweissman2022-k562-essential-k562-rna-essential-legacy-pilot__c9orf16__mean-matching__dataset-heldout-split__ensemble3,bio__env-replogleweissman2022-k562-essential-k562-rna-essential-legacy-pilot__c9orf16,3
pred__bio__env-replogleweissman2022-k562-essential-k562-rna-essential-legacy-pilot__naa20__mean-matching__dataset-heldout-split__ensemble3,bio__env-replogleweissman2022-k562-essential-k562-rna-essential-legacy-pilot__naa20,1
pred__bio__env-replogleweissman2022-k562-essential-k562-rna-essential-legacy-pilot__rpsa__mean-matching__dataset-heldout-split__ensemble3,bio__env-replogleweissman2022-k562-essential-k562-rna-essential-legacy-pilot__rpsa,3
pred__bio__env-replogleweissman2022-k562-essential-k562-rna-essential-legacy-pilot__ndufs5__mean-matching__dataset-heldout-split__ensemble3,bio__env-replogleweissman2022-k562-essential-k562-rna-essential-legacy-pilot__ndufs5,3
pred__bio__env-replogleweissman2022-k562-essential-k562-rna-essential-legacy-pilot__ahctf1__mean-matching__dataset-heldout-split__ensemble3,bio__env-replogleweissman2022-k562-essential-k562-rna-essential-legacy-pilot__ahctf1,2
pred__bio__env-replogleweissman2022-k562-essential-k562-rna-essential-legacy-pilot__wdhd1__mean-matching__dataset-heldout-split__ensemble3,bio__env-replogleweissman2022-k562-essential-k562-rna-essential-legacy-pilot__wdhd1,0
pred__bio__env-replogleweissman2022-k562-essential-k562-rna-essential-legacy-pilot__copg1__mean-matching__dataset-heldout-split__ensemble3,bio__env-replogleweissman2022-k562-essential-k562-rna-essential-legacy-pilot__copg1,4
pred__bio__env-replogleweissman2022-k562-essential-k562-rna-essential-legacy-pilot__slu7__mean-matching__dataset-heldout-split__ensemble3,bio__env-replogleweissman2022-k562-essential-k562-rna-essential-legacy-pilot__slu7,4
pred__bio__env-replogleweissman2022-k562-essential-k562-rna-essential-legacy-pilot__polrmt__mean-matching__dataset-heldout-split__ensemble3,bio__env-replogleweissman2022-k562-essential-k562-rna-essential-legacy-pilot__polrmt,4
pred__bio__env-replogleweissman2022-k562-essential-k562-rna-essential-legacy-pilot__iars2__mean-matching__dataset-heldout-split__ensemble3,bio__env-replogleweissman2022-k562-essential-k562-rna-essential-legacy-pilot__iars2,1
pred__bio__env-replogleweissman2022-k562-essential-k562-rna-essential-legacy-pilot__thoc2__mean-matching__dataset-heldout-split__ensemble3,bio__env-replogleweissman2022-k562-essential-k562-rna-essential-legacy-pilot__thoc2,2
pred__bio__env-replogleweissman2022-k562-essential-k562-rna-essential-legacy-pilot__nedd8__mean-matching__dataset-heldout-split__ensemble3,bio__env-replogleweissman2022-k562-essential-k562-rna-essential-legacy-pilot__nedd8,2
pred__bio__env-replogleweissman2022-k562-essential-k562-rna-essential-legacy-pilot__abce1__mean-matching__dataset-heldout-split__ensemble3,bio__env-replogleweissman2022-k562-essential-k562-rna-essential-legacy-pilot__abce1,4
pred__bio__env-replogleweissman2022-k562-essential-k562-rna-essential-legacy-pilot__ino80__mean-matching__dataset-heldout-split__ensemble3,bio__env-replogleweissman2022-k562-essential-k562-rna-essential-legacy-pilot__ino80,0
pred__bio__env-replogleweissman2022-k562-essential-k562-rna-essential-legacy-pilot__mbtps2__mean-matching__dataset-heldout-split__ensemble3,bio__env-replogleweissman2022-k562-essential-k562-rna-essential-legacy-pilot__mbtps2,2
pred__bio__env-replogleweissman2022-k562-essential-k562-rna-essential-legacy-pilot__rps24__mean-matching__dataset-heldout-split__ensemble3,bio__env-replogleweissman2022-k562-essential-k562-rna-essential-legacy-pilot__rps24,0
pred__bio__env-replogleweissman2022-k562-essential-k562-rna-essential-legacy-pilot__actr2__mean-matching__dataset-heldout-split__ensemble3,bio__env-replogleweissman2022-k562-essential-k562-rna-essential-legacy-pilot__actr2,3
pred__bio__env-replogleweissman2022-k562-essential-k562-rna-essential-legacy-pilot__mrpl45__mean-matching__dataset-heldout-split__ensemble3,bio__env-replogleweissman2022-k562-essential-k562-rna-essential-legacy-pilot__mrpl45,4
pred__bio__env-replogleweissman2022-k562-essential-k562-rna-essential-legacy-pilot__znf284__mean-matching__dataset-heldout-split__ensemble3,bio__env-replogleweissman2022-k562-essential-k562-rna-essential-legacy-pilot__znf284,4
pred__bio__env-replogleweissman2022-k562-essential-k562-rna-essential-legacy-pilot__nfrkb__mean-matching__dataset-heldout-split__ensemble3,bio__env-replogleweissman2022-k562-essential-k562-rna-essential-legacy-pilot__nfrkb,0
pred__bio__env-replogleweissman2022-k562-essential-k562-rna-essential-legacy-pilot__ddx46__mean-matching__dataset-heldout-split__ensemble3,bio__env-replogleweissman2022-k562-essential-k562-rna-essential-legacy-pilot__ddx46,1
pred__bio__env-replogleweissman2022-k562-essential-k562-rna-essential-legacy-pilot__dnttip2__mean-matching__dataset-heldout-split__ensemble3,bio__env-replogleweissman2022-k562-essential-k562-rna-essential-legacy-pilot__dnttip2,3
pred__bio__env-replogleweissman2022-k562-essential-k562-rna-essential-legacy-pilot__tubgcp2__mean-matching__dataset-heldout-split__ensemble3,bio__env-replogleweissman2022-k562-essential-k562-rna-essential-legacy-pilot__tubgcp2,2
pred__bio__env-replogleweissman2022-k562-essential-k562-rna-essential-legacy-pilot__pla2g10__mean-matching__dataset-heldout-split__ensemble3,bio__env-replogleweissman2022-k562-essential-k562-rna-essential-legacy-pilot__pla2g10,2
pred__bio__env-replogleweissman2022-k562-essential-k562-rna-essential-legacy-pilot__bcl2l1__mean-matching__dataset-heldout-split__ensemble3,bio__env-replogleweissman2022-k562-essential-k562-rna-essential-legacy-pilot__bcl2l1,2
pred__bio__env-replogleweissman2022-k562-essential-k562-rna-essential-legacy-pilot__rpl32__mean-matching__dataset-heldout-split__ensemble3,bio__env-replogleweissman2022-k562-essential-k562-rna-essential-legacy-pilot__rpl32,1
pred__bio__env-replogleweissman2022-k562-essential-k562-rna-essential-legacy-pilot__mrpl36__mean-matching__dataset-heldout-split__ensemble3,bio__env-replogleweissman2022-k562-essential-k562-rna-essential-legacy-pilot__mrpl36,0
pred__bio__env-replogleweissman2022-k562-essential-k562-rna-essential-legacy-pilot__ears2__mean-matching__dataset-heldout-split__ensemble3,bio__env-replogleweissman2022-k562-essential-k562-rna-essential-legacy-pilot__ears2,2
pred__bio__env-replogleweissman2022-k562-essential-k562-rna-essential-legacy-pilot__ndc80__mean-matching__dataset-heldout-split__ensemble3,bio__env-replogleweissman2022-k562-essential-k562-rna-essential-legacy-pilot__ndc80,1
pred__bio__env-replogleweissman2022-k562-essential-k562-rna-essential-legacy-pilot__eif3e__mean-matching__dataset-heldout-split__ensemble3,bio__env-replogleweissman2022-k562-essential-k562-rna-essential-legacy-pilot__eif3e,0
pred__bio__env-replogleweissman2022-k562-essential-k562-rna-essential-legacy-pilot__bglap__mean-matching__dataset-heldout-split__ensemble3,bio__env-replogleweissman2022-k562-essential-k562-rna-essential-legacy-pilot__bglap,4
pred__bio__env-replogleweissman2022-k562-essential-k562-rna-essential-legacy-pilot__ubl5__mean-matching__dataset-heldout-split__ensemble3,bio__env-replogleweissman2022-k562-essential-k562-rna-essential-legacy-pilot__ubl5,0
pred__bio__env-replogleweissman2022-k562-essential-k562-rna-essential-legacy-pilot__klc2__mean-matching__dataset-heldout-split__ensemble3,bio__env-replogleweissman2022-k562-essential-k562-rna-essential-legacy-pilot__klc2,4
pred__bio__env-replogleweissman2022-k562-essential-k562-rna-essential-legacy-pilot__mak16__mean-matching__dataset-heldout-split__ensemble3,bio__env-replogleweissman2022-k562-essential-k562-rna-essential-legacy-pilot__mak16,4
pred__bio__env-replogleweissman2022-k562-essential-k562-rna-essential-legacy-pilot__polr1e__mean-matching__dataset-heldout-split__ensemble3,bio__env-replogleweissman2022-k562-essential-k562-rna-essential-legacy-pilot__polr1e,1
pred__bio__env-replogleweissman2022-k562-essential-k562-rna-essential-legacy-pilot__sdad1__mean-matching__dataset-heldout-split__ensemble3,bio__env-replogleweissman2022-k562-essential-k562-rna-essential-legacy-pilot__sdad1,0
pred__bio__env-replogleweissman2022-k562-essential-k562-rna-essential-legacy-pilot__mrps35__mean-matching__dataset-heldout-split__ensemble3,bio__env-replogleweissman2022-k562-essential-k562-rna-essential-legacy-pilot__mrps35,3
pred__bio__env-replogleweissman2022-k562-essential-k562-rna-essential-legacy-pilot__yeats2__mean-matching__dataset-heldout-split__ensemble3,bio__env-replogleweissman2022-k562-essential-k562-rna-essential-legacy-pilot__yeats2,1
pred__bio__env-replogleweissman2022-k562-essential-k562-rna-essential-legacy-pilot__banf1__mean-matching__dataset-heldout-split__ensemble3,bio__env-replogleweissman2022-k562-essential-k562-rna-essential-legacy-pilot__banf1,4
pred__bio__env-replogleweissman2022-k562-essential-k562-rna-essential-legacy-pilot__yeats4__mean-matching__dataset-heldout-split__ensemble3,bio__env-replogleweissman2022-k562-essential-k562-rna-essential-legacy-pilot__yeats4,1
pred__bio__env-replogleweissman2022-k562-essential-k562-rna-essential-legacy-pilot__rpl19__mean-matching__dataset-heldout-split__ensemble3,bio__env-replogleweissman2022-k562-essential-k562-rna-essential-legacy-pilot__rpl19,3
pred__bio__env-replogleweissman2022-k562-essential-k562-rna-essential-legacy-pilot__dhodh__mean-matching__dataset-heldout-split__ensemble3,bio__env-replogleweissman2022-k562-essential-k562-rna-essential-legacy-pilot__dhodh,3
pred__bio__env-replogleweissman2022-k562-essential-k562-rna-essential-legacy-pilot__brf2__mean-matching__dataset-heldout-split__ensemble3,bio__env-replogleweissman2022-k562-essential-k562-rna-essential-legacy-pilot__brf2,1
pred__bio__env-replogleweissman2022-k562-essential-k562-rna-essential-legacy-pilot__rhpn1__mean-matching__dataset-heldout-split__ensemble3,bio__env-replogleweissman2022-k562-essential-k562-rna-essential-legacy-pilot__rhpn1,4
pred__bio__env-replogleweissman2022-k562-essential-k562-rna-essential-legacy-pilot__pold1__mean-matching__dataset-heldout-split__ensemble3,bio__env-replogleweissman2022-k562-essential-k562-rna-essential-legacy-pilot__pold1,2
pred__bio__env-replogleweissman2022-k562-essential-k562-rna-essential-legacy-pilot__psmc4__mean-matching__dataset-heldout-split__ensemble3,bio__env-replogleweissman2022-k562-essential-k562-rna-essential-legacy-pilot__psmc4,3
pred__bio__env-replogleweissman2022-k562-essential-k562-rna-essential-legacy-pilot__psmd12__mean-matching__dataset-heldout-split__ensemble3,bio__env-replogleweissman2022-k562-essential-k562-rna-essential-legacy-pilot__psmd12,0
pred__bio__env-replogleweissman2022-k562-essential-k562-rna-essential-legacy-pilot__unc45a__mean-matching__dataset-heldout-split__ensemble3,bio__env-replogleweissman2022-k562-essential-k562-rna-essential-legacy-pilot__unc45a,3
pred__bio__env-replogleweissman2022-k562-essential-k562-rna-essential-legacy-pilot__bap1__mean-matching__dataset-heldout-split__ensemble3,bio__env-replogleweissman2022-k562-essential-k562-rna-essential-legacy-pilot__bap1,3
pred__bio__env-replogleweissman2022-k562-essential-k562-rna-essential-legacy-pilot__ube2l3__mean-matching__dataset-heldout-split__ensemble3,bio__env-replogleweissman2022-k562-essential-k562-rna-essential-legacy-pilot__ube2l3,1
pred__bio__env-replogleweissman2022-k562-essential-k562-rna-essential-legacy-pilot__ube2d3__mean-matching__dataset-heldout-split__ensemble3,bio__env-replogleweissman2022-k562-essential-k562-rna-essential-legacy-pilot__ube2d3,2
pred__bio__env-replogleweissman2022-k562-essential-k562-rna-essential-legacy-pilot__cdc37__mean-matching__dataset-heldout-split__ensemble3,bio__env-replogleweissman2022-k562-essential-k562-rna-essential-legacy-pilot__cdc37,3
pred__bio__env-replogleweissman2022-k562-essential-k562-rna-essential-legacy-pilot__ino80b__mean-matching__dataset-heldout-split__ensemble3,bio__env-replogleweissman2022-k562-essential-k562-rna-essential-legacy-pilot__ino80b,4
pred__bio__env-replogleweissman2022-k562-essential-k562-rna-essential-legacy-pilot__npb__mean-matching__dataset-heldout-split__ensemble3,bio__env-replogleweissman2022-k562-essential-k562-rna-essential-legacy-pilot__npb,1
pred__bio__env-replogleweissman2022-k562-essential-k562-rna-essential-legacy-pilot__trappc4__mean-matching__dataset-heldout-split__ensemble3,bio__env-replogleweissman2022-k562-essential-k562-rna-essential-legacy-pilot__trappc4,1
pred__bio__env-replogleweissman2022-k562-essential-k562-rna-essential-legacy-pilot__polr2i__mean-matching__dataset-heldout-split__ensemble3,bio__env-replogleweissman2022-k562-essential-k562-rna-essential-legacy-pilot__polr2i,3
pred__bio__env-replogleweissman2022-k562-essential-k562-rna-essential-legacy-pilot__gfer__mean-matching__dataset-heldout-split__ensemble3,bio__env-replogleweissman2022-k562-essential-k562-rna-essential-legacy-pilot__gfer,4
pred__bio__env-replogleweissman2022-k562-essential-k562-rna-essential-legacy-pilot__anapc2__mean-matching__dataset-heldout-split__ensemble3,bio__env-replogleweissman2022-k562-essential-k562-rna-essential-legacy-pilot__anapc2,2
pred__bio__env-replogleweissman2022-k562-essential-k562-rna-essential-legacy-pilot__exoc3__mean-matching__dataset-heldout-split__ensemble3,bio__env-replogleweissman2022-k562-essential-k562-rna-essential-legacy-pilot__exoc3,4
pred__bio__env-replogleweissman2022-k562-essential-k562-rna-essential-legacy-pilot__slc16a5__mean-matching__dataset-heldout-split__ensemble3,bio__env-replogleweissman2022-k562-essential-k562-rna-essential-legacy-pilot__slc16a5,3
pred__bio__env-replogleweissman2022-k562-essential-k562-rna-essential-legacy-pilot__rsl24d1__mean-matching__dataset-heldout-split__ensemble3,bio__env-replogleweissman2022-k562-essential-k562-rna-essential-legacy-pilot__rsl24d1,1
pred__bio__env-replogleweissman2022-k562-essential-k562-rna-essential-legacy-pilot__atrip__mean-matching__dataset-heldout-split__ensemble3,bio__env-replogleweissman2022-k562-essential-k562-rna-essential-legacy-pilot__atrip,0
pred__bio__env-replogleweissman2022-k562-essential-k562-rna-essential-legacy-pilot__dhx36__mean-matching__dataset-heldout-split__ensemble3,bio__env-replogleweissman2022-k562-essential-k562-rna-essential-legacy-pilot__dhx36,4
pred__bio__env-replogleweissman2022-k562-essential-k562-rna-essential-legacy-pilot__lsm11__mean-matching__dataset-heldout-split__ensemble3,bio__env-replogleweissman2022-k562-essential-k562-rna-essential-legacy-pilot__lsm11,3
pred__bio__env-replogleweissman2022-k562-essential-k562-rna-essential-legacy-pilot__aaas__mean-matching__dataset-heldout-split__ensemble3,bio__env-replogleweissman2022-k562-essential-k562-rna-essential-legacy-pilot__aaas,2
pred__bio__env-replogleweissman2022-k562-essential-k562-rna-essential-legacy-pilot__pgam1__mean-matching__dataset-heldout-split__ensemble3,bio__env-replogleweissman2022-k562-essential-k562-rna-essential-legacy-pilot__pgam1,4
pred__bio__env-replogleweissman2022-k562-essential-k562-rna-essential-legacy-pilot__rnf8__mean-matching__dataset-heldout-split__ensemble3,bio__env-replogleweissman2022-k562-essential-k562-rna-essential-legacy-pilot__rnf8,2
pred__bio__env-replogleweissman2022-k562-essential-k562-rna-essential-legacy-pilot__ube2h__mean-matching__dataset-heldout-split__ensemble3,bio__env-replogleweissman2022-k562-essential-k562-rna-essential-legacy-pilot__ube2h,1
pred__bio__env-replogleweissman2022-k562-essential-k562-rna-essential-legacy-pilot__cul1__mean-matching__dataset-heldout-split__ensemble3,bio__env-replogleweissman2022-k562-essential-k562-rna-essential-legacy-pilot__cul1,1
pred__bio__env-replogleweissman2022-k562-essential-k562-rna-essential-legacy-pilot__rac3__mean-matching__dataset-heldout-split__ensemble3,bio__env-replogleweissman2022-k562-essential-k562-rna-essential-legacy-pilot__rac3,1
pred__bio__env-replogleweissman2022-k562-essential-k562-rna-essential-legacy-pilot__wdr26__mean-matching__dataset-heldout-split__ensemble3,bio__env-replogleweissman2022-k562-essential-k562-rna-essential-legacy-pilot__wdr26,2
pred__bio__env-replogleweissman2022-k562-essential-k562-rna-essential-legacy-pilot__psma1__mean-matching__dataset-heldout-split__ensemble3,bio__env-replogleweissman2022-k562-essential-k562-rna-essential-legacy-pilot__psma1,3
pred__bio__env-replogleweissman2022-k562-essential-k562-rna-essential-legacy-pilot__casp8ap2__mean-matching__dataset-heldout-split__ensemble3,bio__env-replogleweissman2022-k562-essential-k562-rna-essential-legacy-pilot__casp8ap2,3
pred__bio__env-replogleweissman2022-k562-essential-k562-rna-essential-legacy-pilot__kansl2__mean-matching__dataset-heldout-split__ensemble3,bio__env-replogleweissman2022-k562-essential-k562-rna-essential-legacy-pilot__kansl2,4
pred__bio__env-replogleweissman2022-k562-essential-k562-rna-essential-legacy-pilot__ptpmt1__mean-matching__dataset-heldout-split__ensemble3,bio__env-replogleweissman2022-k562-essential-k562-rna-essential-legacy-pilot__ptpmt1,4
pred__bio__env-replogleweissman2022-k562-essential-k562-rna-essential-legacy-pilot__naa35__mean-matching__dataset-heldout-split__ensemble3,bio__env-replogleweissman2022-k562-essential-k562-rna-essential-legacy-pilot__naa35,1
pred__bio__env-replogleweissman2022-k562-essential-k562-rna-essential-legacy-pilot__ccdc115__mean-matching__dataset-heldout-split__ensemble3,bio__env-replogleweissman2022-k562-essential-k562-rna-essential-legacy-pilot__ccdc115,2
pred__bio__env-replogleweissman2022-k562-essential-k562-rna-essential-legacy-pilot__snrpd3__mean-matching__dataset-heldout-split__ensemble3,bio__env-replogleweissman2022-k562-essential-k562-rna-essential-legacy-pilot__snrpd3,1
pred__bio__env-replogleweissman2022-k562-essential-k562-rna-essential-legacy-pilot__dhx37__mean-matching__dataset-heldout-split__ensemble3,bio__env-replogleweissman2022-k562-essential-k562-rna-essential-legacy-pilot__dhx37,0
pred__bio__env-replogleweissman2022-k562-essential-k562-rna-essential-legacy-pilot__xpo1__mean-matching__dataset-heldout-split__ensemble3,bio__env-replogleweissman2022-k562-essential-k562-rna-essential-legacy-pilot__xpo1,4
pred__bio__env-replogleweissman2022-k562-essential-k562-rna-essential-legacy-pilot__lsm5__mean-matching__dataset-heldout-split__ensemble3,bio__env-replogleweissman2022-k562-essential-k562-rna-essential-legacy-pilot__lsm5,2
pred__bio__env-replogleweissman2022-k562-essential-k562-rna-essential-legacy-pilot__cct2__mean-matching__dataset-heldout-split__ensemble3,bio__env-replogleweissman2022-k562-essential-k562-rna-essential-legacy-pilot__cct2,4
pred__bio__env-replogleweissman2022-k562-essential-k562-rna-essential-legacy-pilot__ppp1r12a__mean-matching__dataset-heldout-split__ensemble3,bio__env-replogleweissman2022-k562-essential-k562-rna-essential-legacy-pilot__ppp1r12a,3
pred__bio__env-replogleweissman2022-k562-essential-k562-rna-essential-legacy-pilot__ndufb4__mean-matching__dataset-heldout-split__ensemble3,bio__env-replogleweissman2022-k562-essential-k562-rna-essential-legacy-pilot__ndufb4,0
pred__bio__env-replogleweissman2022-k562-essential-k562-rna-essential-legacy-pilot__sars2__mean-matching__dataset-heldout-split__ensemble3,bio__env-replogleweissman2022-k562-essential-k562-rna-essential-legacy-pilot__sars2,0
pred__bio__env-replogleweissman2022-k562-essential-k562-rna-essential-legacy-pilot__rpl27a__mean-matching__dataset-heldout-split__ensemble3,bio__env-replogleweissman2022-k562-essential-k562-rna-essential-legacy-pilot__rpl27a,2
pred__bio__env-replogleweissman2022-k562-essential-k562-rna-essential-legacy-pilot__rpl36al__mean-matching__dataset-heldout-split__ensemble3,bio__env-replogleweissman2022-k562-essential-k562-rna-essential-legacy-pilot__rpl36al,4
pred__bio__env-replogleweissman2022-k562-essential-k562-rna-essential-legacy-pilot__ctr9__mean-matching__dataset-heldout-split__ensemble3,bio__env-replogleweissman2022-k562-essential-k562-rna-essential-legacy-pilot__ctr9,2
pred__bio__env-replogleweissman2022-k562-essential-k562-rna-essential-legacy-pilot__pdcd6__mean-matching__dataset-heldout-split__ensemble3,bio__env-replogleweissman2022-k562-essential-k562-rna-essential-legacy-pilot__pdcd6,2
pred__bio__env-replogleweissman2022-k562-essential-k562-rna-essential-legacy-pilot__vps37c__mean-matching__dataset-heldout-split__ensemble3,bio__env-replogleweissman2022-k562-essential-k562-rna-essential-legacy-pilot__vps37c,2
pred__bio__env-replogleweissman2022-k562-essential-k562-rna-essential-legacy-pilot__dctn2__mean-matching__dataset-heldout-split__ensemble3,bio__env-replogleweissman2022-k562-essential-k562-rna-essential-legacy-pilot__dctn2,4
pred__bio__env-replogleweissman2022-k562-essential-k562-rna-essential-legacy-pilot__msrb1__mean-matching__dataset-heldout-split__ensemble3,bio__env-replogleweissman2022-k562-essential-k562-rna-essential-legacy-pilot__msrb1,2
pred__bio__env-replogleweissman2022-k562-essential-k562-rna-essential-legacy-pilot__gtf2h4__mean-matching__dataset-heldout-split__ensemble3,bio__env-replogleweissman2022-k562-essential-k562-rna-essential-legacy-pilot__gtf2h4,3
pred__bio__env-replogleweissman2022-k562-essential-k562-rna-essential-legacy-pilot__prkrip1__mean-matching__dataset-heldout-split__ensemble3,bio__env-replogleweissman2022-k562-essential-k562-rna-essential-legacy-pilot__prkrip1,1
pred__bio__env-replogleweissman2022-k562-essential-k562-rna-essential-legacy-pilot__atp6ap2__mean-matching__dataset-heldout-split__ensemble3,bio__env-replogleweissman2022-k562-essential-k562-rna-essential-legacy-pilot__atp6ap2,4
pred__bio__env-replogleweissman2022-k562-essential-k562-rna-essential-legacy-pilot__phb__mean-matching__dataset-heldout-split__ensemble3,bio__env-replogleweissman2022-k562-essential-k562-rna-essential-legacy-pilot__phb,3
pred__bio__env-replogleweissman2022-k562-essential-k562-rna-essential-legacy-pilot__dsn1__mean-matching__dataset-heldout-split__ensemble3,bio__env-replogleweissman2022-k562-essential-k562-rna-essential-legacy-pilot__dsn1,3
pred__bio__env-replogleweissman2022-k562-essential-k562-rna-essential-legacy-pilot__hdac7__mean-matching__dataset-heldout-split__ensemble3,bio__env-replogleweissman2022-k562-essential-k562-rna-essential-legacy-pilot__hdac7,1
pred__bio__env-replogleweissman2022-k562-essential-k562-rna-essential-legacy-pilot__ddx52__mean-matching__dataset-heldout-split__ensemble3,bio__env-replogleweissman2022-k562-essential-k562-rna-essential-legacy-pilot__ddx52,0
pred__bio__env-replogleweissman2022-k562-essential-k562-rna-essential-legacy-pilot__ccnl1__mean-matching__dataset-heldout-split__ensemble3,bio__env-replogleweissman2022-k562-essential-k562-rna-essential-legacy-pilot__ccnl1,0
pred__bio__env-replogleweissman2022-k562-essential-k562-rna-essential-legacy-pilot__bub1__ridge__dataset-heldout-split__ensemble3,bio__env-replogleweissman2022-k562-essential-k562-rna-essential-legacy-pilot__bub1,2
pred__bio__env-replogleweissman2022-k562-essential-k562-rna-essential-legacy-pilot__krr1__ridge__dataset-heldout-split__ensemble3,bio__env-replogleweissman2022-k562-essential-k562-rna-essential-legacy-pilot__krr1,0
pred__bio__env-replogleweissman2022-k562-essential-k562-rna-essential-legacy-pilot__bcr__ridge__dataset-heldout-split__ensemble3,bio__env-replogleweissman2022-k562-essential-k562-rna-essential-legacy-pilot__bcr,2
pred__bio__env-replogleweissman2022-k562-essential-k562-rna-essential-legacy-pilot__arglu1__ridge__dataset-heldout-split__ensemble3,bio__env-replogleweissman2022-k562-essential-k562-rna-essential-legacy-pilot__arglu1,3
pred__bio__env-replogleweissman2022-k562-essential-k562-rna-essential-legacy-pilot__rps15a__ridge__dataset-heldout-split__ensemble3,bio__env-replogleweissman2022-k562-essential-k562-rna-essential-legacy-pilot__rps15a,4
pred__bio__env-replogleweissman2022-k562-essential-k562-rna-essential-legacy-pilot__timm23b__ridge__dataset-heldout-split__ensemble3,bio__env-replogleweissman2022-k562-essential-k562-rna-essential-legacy-pilot__timm23b,0
pred__bio__env-replogleweissman2022-k562-essential-k562-rna-essential-legacy-pilot__donson__ridge__dataset-heldout-split__ensemble3,bio__env-replogleweissman2022-k562-essential-k562-rna-essential-legacy-pilot__donson,3
pred__bio__env-replogleweissman2022-k562-essential-k562-rna-essential-legacy-pilot__tsr2__ridge__dataset-heldout-split__ensemble3,bio__env-replogleweissman2022-k562-essential-k562-rna-essential-legacy-pilot__tsr2,1
pred__bio__env-replogleweissman2022-k562-essential-k562-rna-essential-legacy-pilot__rrm2__ridge__dataset-heldout-split__ensemble3,bio__env-replogleweissman2022-k562-essential-k562-rna-essential-legacy-pilot__rrm2,1
pred__bio__env-replogleweissman2022-k562-essential-k562-rna-essential-legacy-pilot__trrap__ridge__dataset-heldout-split__ensemble3,bio__env-replogleweissman2022-k562-essential-k562-rna-essential-legacy-pilot__trrap,4
pred__bio__env-replogleweissman2022-k562-essential-k562-rna-essential-legacy-pilot__med19__ridge__dataset-heldout-split__ensemble3,bio__env-replogleweissman2022-k562-essential-k562-rna-essential-legacy-pilot__med19,3
pred__bio__env-replogleweissman2022-k562-essential-k562-rna-essential-legacy-pilot__golt1b__ridge__dataset-heldout-split__ensemble3,bio__env-replogleweissman2022-k562-essential-k562-rna-essential-legacy-pilot__golt1b,1
pred__bio__env-replogleweissman2022-k562-essential-k562-rna-essential-legacy-pilot__med10__ridge__dataset-heldout-split__ensemble3,bio__env-replogleweissman2022-k562-essential-k562-rna-essential-legacy-pilot__med10,4
pred__bio__env-replogleweissman2022-k562-essential-k562-rna-essential-legacy-pilot__control__ridge__dataset-heldout-split__ensemble3,bio__env-replogleweissman2022-k562-essential-k562-rna-essential-legacy-pilot__control,3
pred__bio__env-replogleweissman2022-k562-essential-k562-rna-essential-legacy-pilot__pcf11__ridge__dataset-heldout-split__ensemble3,bio__env-replogleweissman2022-k562-essential-k562-rna-essential-legacy-pilot__pcf11,3
pred__bio__env-replogleweissman2022-k562-essential-k562-rna-essential-legacy-pilot__cadm4__ridge__dataset-heldout-split__ensemble3,bio__env-replogleweissman2022-k562-essential-k562-rna-essential-legacy-pilot__cadm4,1
pred__bio__env-replogleweissman2022-k562-essential-k562-rna-essential-legacy-pilot__ppp2r1a__ridge__dataset-heldout-split__ensemble3,bio__env-replogleweissman2022-k562-essential-k562-rna-essential-legacy-pilot__ppp2r1a,4
pred__bio__env-replogleweissman2022-k562-essential-k562-rna-essential-legacy-pilot__sf3b4__ridge__dataset-heldout-split__ensemble3,bio__env-replogleweissman2022-k562-essential-k562-rna-essential-legacy-pilot__sf3b4,1
pred__bio__env-replogleweissman2022-k562-essential-k562-rna-essential-legacy-pilot__bub3__ridge__dataset-heldout-split__ensemble3,bio__env-replogleweissman2022-k562-essential-k562-rna-essential-legacy-pilot__bub3,2
pred__bio__env-replogleweissman2022-k562-essential-k562-rna-essential-legacy-pilot__snrpg__ridge__dataset-heldout-split__ensemble3,bio__env-replogleweissman2022-k562-essential-k562-rna-essential-legacy-pilot__snrpg,2
pred__bio__env-replogleweissman2022-k562-essential-k562-rna-essential-legacy-pilot__ncbp2__ridge__dataset-heldout-split__ensemble3,bio__env-replogleweissman2022-k562-essential-k562-rna-essential-legacy-pilot__ncbp2,1
pred__bio__env-replogleweissman2022-k562-essential-k562-rna-essential-legacy-pilot__kpnb1__ridge__dataset-heldout-split__ensemble3,bio__env-replogleweissman2022-k562-essential-k562-rna-essential-legacy-pilot__kpnb1,0
pred__bio__env-replogleweissman2022-k562-essential-k562-rna-essential-legacy-pilot__gtf2h1__ridge__dataset-heldout-split__ensemble3,bio__env-replogleweissman2022-k562-essential-k562-rna-essential-legacy-pilot__gtf2h1,3
pred__bio__env-replogleweissman2022-k562-essential-k562-rna-essential-legacy-pilot__zmat2__ridge__dataset-heldout-split__ensemble3,bio__env-replogleweissman2022-k562-essential-k562-rna-essential-legacy-pilot__zmat2,0
pred__bio__env-replogleweissman2022-k562-essential-k562-rna-essential-legacy-pilot__rpl3__ridge__dataset-heldout-split__ensemble3,bio__env-replogleweissman2022-k562-essential-k562-rna-essential-legacy-pilot__rpl3,2
pred__bio__env-replogleweissman2022-k562-essential-k562-rna-essential-legacy-pilot__scaf1__ridge__dataset-heldout-split__ensemble3,bio__env-replogleweissman2022-k562-essential-k562-rna-essential-legacy-pilot__scaf1,4
pred__bio__env-replogleweissman2022-k562-essential-k562-rna-essential-legacy-pilot__son__ridge__dataset-heldout-split__ensemble3,bio__env-replogleweissman2022-k562-essential-k562-rna-essential-legacy-pilot__son,2
pred__bio__env-replogleweissman2022-k562-essential-k562-rna-essential-legacy-pilot__polr2a__ridge__dataset-heldout-split__ensemble3,bio__env-replogleweissman2022-k562-essential-k562-rna-essential-legacy-pilot__polr2a,1
pred__bio__env-replogleweissman2022-k562-essential-k562-rna-essential-legacy-pilot__eif3a__ridge__dataset-heldout-split__ensemble3,bio__env-replogleweissman2022-k562-essential-k562-rna-essential-legacy-pilot__eif3a,3
pred__bio__env-replogleweissman2022-k562-essential-k562-rna-essential-legacy-pilot__wdr4__ridge__dataset-heldout-split__ensemble3,bio__env-replogleweissman2022-k562-essential-k562-rna-essential-legacy-pilot__wdr4,0
pred__bio__env-replogleweissman2022-k562-essential-k562-rna-essential-legacy-pilot__cdk11a__ridge__dataset-heldout-split__ensemble3,bio__env-replogleweissman2022-k562-essential-k562-rna-essential-legacy-pilot__cdk11a,3
pred__bio__env-replogleweissman2022-k562-essential-k562-rna-essential-legacy-pilot__phax__ridge__dataset-heldout-split__ensemble3,bio__env-replogleweissman2022-k562-essential-k562-rna-essential-legacy-pilot__phax,0
pred__bio__env-replogleweissman2022-k562-essential-k562-rna-essential-legacy-pilot__med12__ridge__dataset-heldout-split__ensemble3,bio__env-replogleweissman2022-k562-essential-k562-rna-essential-legacy-pilot__med12,0
pred__bio__env-replogleweissman2022-k562-essential-k562-rna-essential-legacy-pilot__ncl__ridge__dataset-heldout-split__ensemble3,bio__env-replogleweissman2022-k562-essential-k562-rna-essential-legacy-pilot__ncl,4
pred__bio__env-replogleweissman2022-k562-essential-k562-rna-essential-legacy-pilot__coasy__ridge__dataset-heldout-split__ensemble3,bio__env-replogleweissman2022-k562-essential-k562-rna-essential-legacy-pilot__coasy,3
pred__bio__env-replogleweissman2022-k562-essential-k562-rna-essential-legacy-pilot__anapc15__ridge__dataset-heldout-split__ensemble3,bio__env-replogleweissman2022-k562-essential-k562-rna-essential-legacy-pilot__anapc15,1
pred__bio__env-replogleweissman2022-k562-essential-k562-rna-essential-legacy-pilot__rpl24__ridge__dataset-heldout-split__ensemble3,bio__env-replogleweissman2022-k562-essential-k562-rna-essential-legacy-pilot__rpl24,1
pred__bio__env-replogleweissman2022-k562-essential-k562-rna-essential-legacy-pilot__abcf1__ridge__dataset-heldout-split__ensemble3,bio__env-replogleweissman2022-k562-essential-k562-rna-essential-legacy-pilot__abcf1,0
pred__bio__env-replogleweissman2022-k562-essential-k562-rna-essential-legacy-pilot__pnisr__ridge__dataset-heldout-split__ensemble3,bio__env-replogleweissman2022-k562-essential-k562-rna-essential-legacy-pilot__pnisr,1
pred__bio__env-replogleweissman2022-k562-essential-k562-rna-essential-legacy-pilot__phb2__ridge__dataset-heldout-split__ensemble3,bio__env-replogleweissman2022-k562-essential-k562-rna-essential-legacy-pilot__phb2,1
pred__bio__env-replogleweissman2022-k562-essential-k562-rna-essential-legacy-pilot__psmg3__ridge__dataset-heldout-split__ensemble3,bio__env-replogleweissman2022-k562-essential-k562-rna-essential-legacy-pilot__psmg3,3
pred__bio__env-replogleweissman2022-k562-essential-k562-rna-essential-legacy-pilot__mzt1__ridge__dataset-heldout-split__ensemble3,bio__env-replogleweissman2022-k562-essential-k562-rna-essential-legacy-pilot__mzt1,3
pred__bio__env-replogleweissman2022-k562-essential-k562-rna-essential-legacy-pilot__qars__ridge__dataset-heldout-split__ensemble3,bio__env-replogleweissman2022-k562-essential-k562-rna-essential-legacy-pilot__qars,3
pred__bio__env-replogleweissman2022-k562-essential-k562-rna-essential-legacy-pilot__dnaja1__ridge__dataset-heldout-split__ensemble3,bio__env-replogleweissman2022-k562-essential-k562-rna-essential-legacy-pilot__dnaja1,4
pred__bio__env-replogleweissman2022-k562-essential-k562-rna-essential-legacy-pilot__cse1l__ridge__dataset-heldout-split__ensemble3,bio__env-replogleweissman2022-k562-essential-k562-rna-essential-legacy-pilot__cse1l,4
pred__bio__env-replogleweissman2022-k562-essential-k562-rna-essential-legacy-pilot__chmp6__ridge__dataset-heldout-split__ensemble3,bio__env-replogleweissman2022-k562-essential-k562-rna-essential-legacy-pilot__chmp6,1
pred__bio__env-replogleweissman2022-k562-essential-k562-rna-essential-legacy-pilot__srsf11__ridge__dataset-heldout-split__ensemble3,bio__env-replogleweissman2022-k562-essential-k562-rna-essential-legacy-pilot__srsf11,4
pred__bio__env-replogleweissman2022-k562-essential-k562-rna-essential-legacy-pilot__dhx16__ridge__dataset-heldout-split__ensemble3,bio__env-replogleweissman2022-k562-essential-k562-rna-essential-legacy-pilot__dhx16,3
pred__bio__env-replogleweissman2022-k562-essential-k562-rna-essential-legacy-pilot__bdp1__ridge__dataset-heldout-split__ensemble3,bio__env-replogleweissman2022-k562-essential-k562-rna-essential-legacy-pilot__bdp1,2
pred__bio__env-replogleweissman2022-k562-essential-k562-rna-essential-legacy-pilot__rpap2__ridge__dataset-heldout-split__ensemble3,bio__env-replogleweissman2022-k562-essential-k562-rna-essential-legacy-pilot__rpap2,4
pred__bio__env-replogleweissman2022-k562-essential-k562-rna-essential-legacy-pilot__psma4__ridge__dataset-heldout-split__ensemble3,bio__env-replogleweissman2022-k562-essential-k562-rna-essential-legacy-pilot__psma4,0
pred__bio__env-replogleweissman2022-k562-essential-k562-rna-essential-legacy-pilot__pmpcb__ridge__dataset-heldout-split__ensemble3,bio__env-replogleweissman2022-k562-essential-k562-rna-essential-legacy-pilot__pmpcb,0
pred__bio__env-replogleweissman2022-k562-essential-k562-rna-essential-legacy-pilot__rpl23__ridge__dataset-heldout-split__ensemble3,bio__env-replogleweissman2022-k562-essential-k562-rna-essential-legacy-pilot__rpl23,1
pred__bio__env-replogleweissman2022-k562-essential-k562-rna-essential-legacy-pilot__lsm2__ridge__dataset-heldout-split__ensemble3,bio__env-replogleweissman2022-k562-essential-k562-rna-essential-legacy-pilot__lsm2,2
pred__bio__env-replogleweissman2022-k562-essential-k562-rna-essential-legacy-pilot__naa38__ridge__dataset-heldout-split__ensemble3,bio__env-replogleweissman2022-k562-essential-k562-rna-essential-legacy-pilot__naa38,1
pred__bio__env-replogleweissman2022-k562-essential-k562-rna-essential-legacy-pilot__ice1__ridge__dataset-heldout-split__ensemble3,bio__env-replogleweissman2022-k562-essential-k562-rna-essential-legacy-pilot__ice1,0
pred__bio__env-replogleweissman2022-k562-essential-k562-rna-essential-legacy-pilot__nup107__ridge__dataset-heldout-split__ensemble3,bio__env-replogleweissman2022-k562-essential-k562-rna-essential-legacy-pilot__nup107,3
pred__bio__env-replogleweissman2022-k562-essential-k562-rna-essential-legacy-pilot__slc39a9__ridge__dataset-heldout-split__ensemble3,bio__env-replogleweissman2022-k562-essential-k562-rna-essential-legacy-pilot__slc39a9,2
pred__bio__env-replogleweissman2022-k562-essential-k562-rna-essential-legacy-pilot__alyref__ridge__dataset-heldout-split__ensemble3,bio__env-replogleweissman2022-k562-essential-k562-rna-essential-legacy-pilot__alyref,1
pred__bio__env-replogleweissman2022-k562-essential-k562-rna-essential-legacy-pilot__eif4g2__ridge__dataset-heldout-split__ensemble3,bio__env-replogleweissman2022-k562-essential-k562-rna-essential-legacy-pilot__eif4g2,4
pred__bio__env-replogleweissman2022-k562-essential-k562-rna-essential-legacy-pilot__eif4e__ridge__dataset-heldout-split__ensemble3,bio__env-replogleweissman2022-k562-essential-k562-rna-essential-legacy-pilot__eif4e,2
pred__bio__env-replogleweissman2022-k562-essential-k562-rna-essential-legacy-pilot__gab2__ridge__dataset-heldout-split__ensemble3,bio__env-replogleweissman2022-k562-essential-k562-rna-essential-legacy-pilot__gab2,3
pred__bio__env-replogleweissman2022-k562-essential-k562-rna-essential-legacy-pilot__snx15__ridge__dataset-heldout-split__ensemble3,bio__env-replogleweissman2022-k562-essential-k562-rna-essential-legacy-pilot__snx15,2
pred__bio__env-replogleweissman2022-k562-essential-k562-rna-essential-legacy-pilot__kif11__ridge__dataset-heldout-split__ensemble3,bio__env-replogleweissman2022-k562-essential-k562-rna-essential-legacy-pilot__kif11,0
pred__bio__env-replogleweissman2022-k562-essential-k562-rna-essential-legacy-pilot__rpl37__ridge__dataset-heldout-split__ensemble3,bio__env-replogleweissman2022-k562-essential-k562-rna-essential-legacy-pilot__rpl37,0
pred__bio__env-replogleweissman2022-k562-essential-k562-rna-essential-legacy-pilot__eif2b4__ridge__dataset-heldout-split__ensemble3,bio__env-replogleweissman2022-k562-essential-k562-rna-essential-legacy-pilot__eif2b4,1
pred__bio__env-replogleweissman2022-k562-essential-k562-rna-essential-legacy-pilot__wdr3__ridge__dataset-heldout-split__ensemble3,bio__env-replogleweissman2022-k562-essential-k562-rna-essential-legacy-pilot__wdr3,2
pred__bio__env-replogleweissman2022-k562-essential-k562-rna-essential-legacy-pilot__rpa1__ridge__dataset-heldout-split__ensemble3,bio__env-replogleweissman2022-k562-essential-k562-rna-essential-legacy-pilot__rpa1,3
pred__bio__env-replogleweissman2022-k562-essential-k562-rna-essential-legacy-pilot__cpsf3__ridge__dataset-heldout-split__ensemble3,bio__env-replogleweissman2022-k562-essential-k562-rna-essential-legacy-pilot__cpsf3,4
pred__bio__env-replogleweissman2022-k562-essential-k562-rna-essential-legacy-pilot__nup205__ridge__dataset-heldout-split__ensemble3,bio__env-replogleweissman2022-k562-essential-k562-rna-essential-legacy-pilot__nup205,0
pred__bio__env-replogleweissman2022-k562-essential-k562-rna-essential-legacy-pilot__supt6h__ridge__dataset-heldout-split__ensemble3,bio__env-replogleweissman2022-k562-essential-k562-rna-essential-legacy-pilot__supt6h,2
pred__bio__env-replogleweissman2022-k562-essential-k562-rna-essential-legacy-pilot__trex2__ridge__dataset-heldout-split__ensemble3,bio__env-replogleweissman2022-k562-essential-k562-rna-essential-legacy-pilot__trex2,4
pred__bio__env-replogleweissman2022-k562-essential-k562-rna-essential-legacy-pilot__rab4a__ridge__dataset-heldout-split__ensemble3,bio__env-replogleweissman2022-k562-essential-k562-rna-essential-legacy-pilot__rab4a,1
pred__bio__env-replogleweissman2022-k562-essential-k562-rna-essential-legacy-pilot__gps1__ridge__dataset-heldout-split__ensemble3,bio__env-replogleweissman2022-k562-essential-k562-rna-essential-legacy-pilot__gps1,3
pred__bio__env-replogleweissman2022-k562-essential-k562-rna-essential-legacy-pilot__fam32a__ridge__dataset-heldout-split__ensemble3,bio__env-replogleweissman2022-k562-essential-k562-rna-essential-legacy-pilot__fam32a,3
pred__bio__env-replogleweissman2022-k562-essential-k562-rna-essential-legacy-pilot__riok1__ridge__dataset-heldout-split__ensemble3,bio__env-replogleweissman2022-k562-essential-k562-rna-essential-legacy-pilot__riok1,0
pred__bio__env-replogleweissman2022-k562-essential-k562-rna-essential-legacy-pilot__ssrp1__ridge__dataset-heldout-split__ensemble3,bio__env-replogleweissman2022-k562-essential-k562-rna-essential-legacy-pilot__ssrp1,3
pred__bio__env-replogleweissman2022-k562-essential-k562-rna-essential-legacy-pilot__rpl34__ridge__dataset-heldout-split__ensemble3,bio__env-replogleweissman2022-k562-essential-k562-rna-essential-legacy-pilot__rpl34,4
pred__bio__env-replogleweissman2022-k562-essential-k562-rna-essential-legacy-pilot__eif3h__ridge__dataset-heldout-split__ensemble3,bio__env-replogleweissman2022-k562-essential-k562-rna-essential-legacy-pilot__eif3h,2
pred__bio__env-replogleweissman2022-k562-essential-k562-rna-essential-legacy-pilot__rars__ridge__dataset-heldout-split__ensemble3,bio__env-replogleweissman2022-k562-essential-k562-rna-essential-legacy-pilot__rars,0
pred__bio__env-replogleweissman2022-k562-essential-k562-rna-essential-legacy-pilot__orc1__ridge__dataset-heldout-split__ensemble3,bio__env-replogleweissman2022-k562-essential-k562-rna-essential-legacy-pilot__orc1,1
pred__bio__env-replogleweissman2022-k562-essential-k562-rna-essential-legacy-pilot__numa1__ridge__dataset-heldout-split__ensemble3,bio__env-replogleweissman2022-k562-essential-k562-rna-essential-legacy-pilot__numa1,4
pred__bio__env-replogleweissman2022-k562-essential-k562-rna-essential-legacy-pilot__sp2__ridge__dataset-heldout-split__ensemble3,bio__env-replogleweissman2022-k562-essential-k562-rna-essential-legacy-pilot__sp2,4
pred__bio__env-replogleweissman2022-k562-essential-k562-rna-essential-legacy-pilot__rps12__ridge__dataset-heldout-split__ensemble3,bio__env-replogleweissman2022-k562-essential-k562-rna-essential-legacy-pilot__rps12,2
pred__bio__env-replogleweissman2022-k562-essential-k562-rna-essential-legacy-pilot__vars__ridge__dataset-heldout-split__ensemble3,bio__env-replogleweissman2022-k562-essential-k562-rna-essential-legacy-pilot__vars,0
pred__bio__env-replogleweissman2022-k562-essential-k562-rna-essential-legacy-pilot__supt5h__ridge__dataset-heldout-split__ensemble3,bio__env-replogleweissman2022-k562-essential-k562-rna-essential-legacy-pilot__supt5h,2
pred__bio__env-replogleweissman2022-k562-essential-k562-rna-essential-legacy-pilot__lims1__ridge__dataset-heldout-split__ensemble3,bio__env-replogleweissman2022-k562-essential-k562-rna-essential-legacy-pilot__lims1,4
pred__bio__env-replogleweissman2022-k562-essential-k562-rna-essential-legacy-pilot__psmb7__ridge__dataset-heldout-split__ensemble3,bio__env-replogleweissman2022-k562-essential-k562-rna-essential-legacy-pilot__psmb7,3
pred__bio__env-replogleweissman2022-k562-essential-k562-rna-essential-legacy-pilot__psmd7__ridge__dataset-heldout-split__ensemble3,bio__env-replogleweissman2022-k562-essential-k562-rna-essential-legacy-pilot__psmd7,2
pred__bio__env-replogleweissman2022-k562-essential-k562-rna-essential-legacy-pilot__rps19__ridge__dataset-heldout-split__ensemble3,bio__env-replogleweissman2022-k562-essential-k562-rna-essential-legacy-pilot__rps19,4
pred__bio__env-replogleweissman2022-k562-essential-k562-rna-essential-legacy-pilot__slc1a5__ridge__dataset-heldout-split__ensemble3,bio__env-replogleweissman2022-k562-essential-k562-rna-essential-legacy-pilot__slc1a5,0
pred__bio__env-replogleweissman2022-k562-essential-k562-rna-essential-legacy-pilot__kin__ridge__dataset-heldout-split__ensemble3,bio__env-replogleweissman2022-k562-essential-k562-rna-essential-legacy-pilot__kin,0
pred__bio__env-replogleweissman2022-k562-essential-k562-rna-essential-legacy-pilot__paf1__ridge__dataset-heldout-split__ensemble3,bio__env-replogleweissman2022-k562-essential-k562-rna-essential-legacy-pilot__paf1,3
pred__bio__env-replogleweissman2022-k562-essential-k562-rna-essential-legacy-pilot__gnl2__ridge__dataset-heldout-split__ensemble3,bio__env-replogleweissman2022-k562-essential-k562-rna-essential-legacy-pilot__gnl2,4
pred__bio__env-replogleweissman2022-k562-essential-k562-rna-essential-legacy-pilot__ube2m__ridge__dataset-heldout-split__ensemble3,bio__env-replogleweissman2022-k562-essential-k562-rna-essential-legacy-pilot__ube2m,0
pred__bio__env-replogleweissman2022-k562-essential-k562-rna-essential-legacy-pilot__isca2__ridge__dataset-heldout-split__ensemble3,bio__env-replogleweissman2022-k562-essential-k562-rna-essential-legacy-pilot__isca2,2
pred__bio__env-replogleweissman2022-k562-essential-k562-rna-essential-legacy-pilot__ddx19b__ridge__dataset-heldout-split__ensemble3,bio__env-replogleweissman2022-k562-essential-k562-rna-essential-legacy-pilot__ddx19b,0
pred__bio__env-replogleweissman2022-k562-essential-k562-rna-essential-legacy-pilot__nrde2__ridge__dataset-heldout-split__ensemble3,bio__env-replogleweissman2022-k562-essential-k562-rna-essential-legacy-pilot__nrde2,4
pred__bio__env-replogleweissman2022-k562-essential-k562-rna-essential-legacy-pilot__cog2__ridge__dataset-heldout-split__ensemble3,bio__env-replogleweissman2022-k562-essential-k562-rna-essential-legacy-pilot__cog2,3
pred__bio__env-replogleweissman2022-k562-essential-k562-rna-essential-legacy-pilot__pelo__ridge__dataset-heldout-split__ensemble3,bio__env-replogleweissman2022-k562-essential-k562-rna-essential-legacy-pilot__pelo,4
pred__bio__env-replogleweissman2022-k562-essential-k562-rna-essential-legacy-pilot__psma3__ridge__dataset-heldout-split__ensemble3,bio__env-replogleweissman2022-k562-essential-k562-rna-essential-legacy-pilot__psma3,2
pred__bio__env-replogleweissman2022-k562-essential-k562-rna-essential-legacy-pilot__eif4g1__ridge__dataset-heldout-split__ensemble3,bio__env-replogleweissman2022-k562-essential-k562-rna-essential-legacy-pilot__eif4g1,3
pred__bio__env-replogleweissman2022-k562-essential-k562-rna-essential-legacy-pilot__med1__ridge__dataset-heldout-split__ensemble3,bio__env-replogleweissman2022-k562-essential-k562-rna-essential-legacy-pilot__med1,4
pred__bio__env-replogleweissman2022-k562-essential-k562-rna-essential-legacy-pilot__rpl4__ridge__dataset-heldout-split__ensemble3,bio__env-replogleweissman2022-k562-essential-k562-rna-essential-legacy-pilot__rpl4,1
pred__bio__env-replogleweissman2022-k562-essential-k562-rna-essential-legacy-pilot__lsm6__ridge__dataset-heldout-split__ensemble3,bio__env-replogleweissman2022-k562-essential-k562-rna-essential-legacy-pilot__lsm6,2
pred__bio__env-replogleweissman2022-k562-essential-k562-rna-essential-legacy-pilot__sf3b2__ridge__dataset-heldout-split__ensemble3,bio__env-replogleweissman2022-k562-essential-k562-rna-essential-legacy-pilot__sf3b2,0
pred__bio__env-replogleweissman2022-k562-essential-k562-rna-essential-legacy-pilot__ints2__ridge__dataset-heldout-split__ensemble3,bio__env-replogleweissman2022-k562-essential-k562-rna-essential-legacy-pilot__ints2,2
pred__bio__env-replogleweissman2022-k562-essential-k562-rna-essential-legacy-pilot__sf3a1__ridge__dataset-heldout-split__ensemble3,bio__env-replogleweissman2022-k562-essential-k562-rna-essential-legacy-pilot__sf3a1,0
pred__bio__env-replogleweissman2022-k562-essential-k562-rna-essential-legacy-pilot__rpl30__ridge__dataset-heldout-split__ensemble3,bio__env-replogleweissman2022-k562-essential-k562-rna-essential-legacy-pilot__rpl30,3
pred__bio__env-replogleweissman2022-k562-essential-k562-rna-essential-legacy-pilot__nle1__ridge__dataset-heldout-split__ensemble3,bio__env-replogleweissman2022-k562-essential-k562-rna-essential-legacy-pilot__nle1,3
pred__bio__env-replogleweissman2022-k562-essential-k562-rna-essential-legacy-pilot__c1orf109__ridge__dataset-heldout-split__ensemble3,bio__env-replogleweissman2022-k562-essential-k562-rna-essential-legacy-pilot__c1orf109,4
pred__bio__env-replogleweissman2022-k562-essential-k562-rna-essential-legacy-pilot__nol11__ridge__dataset-heldout-split__ensemble3,bio__env-replogleweissman2022-k562-essential-k562-rna-essential-legacy-pilot__nol11,1
pred__bio__env-replogleweissman2022-k562-essential-k562-rna-essential-legacy-pilot__rpl18__ridge__dataset-heldout-split__ensemble3,bio__env-replogleweissman2022-k562-essential-k562-rna-essential-legacy-pilot__rpl18,3
pred__bio__env-replogleweissman2022-k562-essential-k562-rna-essential-legacy-pilot__hspa5__ridge__dataset-heldout-split__ensemble3,bio__env-replogleweissman2022-k562-essential-k562-rna-essential-legacy-pilot__hspa5,1
pred__bio__env-replogleweissman2022-k562-essential-k562-rna-essential-legacy-pilot__pnkp__ridge__dataset-heldout-split__ensemble3,bio__env-replogleweissman2022-k562-essential-k562-rna-essential-legacy-pilot__pnkp,0
pred__bio__env-replogleweissman2022-k562-essential-k562-rna-essential-legacy-pilot__cdipt__ridge__dataset-heldout-split__ensemble3,bio__env-replogleweissman2022-k562-essential-k562-rna-essential-legacy-pilot__cdipt,2
pred__bio__env-replogleweissman2022-k562-essential-k562-rna-essential-legacy-pilot__dimt1__ridge__dataset-heldout-split__ensemble3,bio__env-replogleweissman2022-k562-essential-k562-rna-essential-legacy-pilot__dimt1,1
pred__bio__env-replogleweissman2022-k562-essential-k562-rna-essential-legacy-pilot__magoh__ridge__dataset-heldout-split__ensemble3,bio__env-replogleweissman2022-k562-essential-k562-rna-essential-legacy-pilot__magoh,0
pred__bio__env-replogleweissman2022-k562-essential-k562-rna-essential-legacy-pilot__kansl3__ridge__dataset-heldout-split__ensemble3,bio__env-replogleweissman2022-k562-essential-k562-rna-essential-legacy-pilot__kansl3,1
pred__bio__env-replogleweissman2022-k562-essential-k562-rna-essential-legacy-pilot__smc4__ridge__dataset-heldout-split__ensemble3,bio__env-replogleweissman2022-k562-essential-k562-rna-essential-legacy-pilot__smc4,1
pred__bio__env-replogleweissman2022-k562-essential-k562-rna-essential-legacy-pilot__atp6v1b2__ridge__dataset-heldout-split__ensemble3,bio__env-replogleweissman2022-k562-essential-k562-rna-essential-legacy-pilot__atp6v1b2,4
pred__bio__env-replogleweissman2022-k562-essential-k562-rna-essential-legacy-pilot__rpl11__ridge__dataset-heldout-split__ensemble3,bio__env-replogleweissman2022-k562-essential-k562-rna-essential-legacy-pilot__rpl11,0
pred__bio__env-replogleweissman2022-k562-essential-k562-rna-essential-legacy-pilot__nuf2__ridge__dataset-heldout-split__ensemble3,bio__env-replogleweissman2022-k562-essential-k562-rna-essential-legacy-pilot__nuf2,2
pred__bio__env-replogleweissman2022-k562-essential-k562-rna-essential-legacy-pilot__ostc__ridge__dataset-heldout-split__ensemble3,bio__env-replogleweissman2022-k562-essential-k562-rna-essential-legacy-pilot__ostc,3
pred__bio__env-replogleweissman2022-k562-essential-k562-rna-essential-legacy-pilot__rps3__ridge__dataset-heldout-split__ensemble3,bio__env-replogleweissman2022-k562-essential-k562-rna-essential-legacy-pilot__rps3,4
pred__bio__env-replogleweissman2022-k562-essential-k562-rna-essential-legacy-pilot__mettl1__ridge__dataset-heldout-split__ensemble3,bio__env-replogleweissman2022-k562-essential-k562-rna-essential-legacy-pilot__mettl1,2
pred__bio__env-replogleweissman2022-k562-essential-k562-rna-essential-legacy-pilot__lin54__ridge__dataset-heldout-split__ensemble3,bio__env-replogleweissman2022-k562-essential-k562-rna-essential-legacy-pilot__lin54,0
pred__bio__env-replogleweissman2022-k562-essential-k562-rna-essential-legacy-pilot__hira__ridge__dataset-heldout-split__ensemble3,bio__env-replogleweissman2022-k562-essential-k562-rna-essential-legacy-pilot__hira,0
pred__bio__env-replogleweissman2022-k562-essential-k562-rna-essential-legacy-pilot__bcas2__ridge__dataset-heldout-split__ensemble3,bio__env-replogleweissman2022-k562-essential-k562-rna-essential-legacy-pilot__bcas2,2
pred__bio__env-replogleweissman2022-k562-essential-k562-rna-essential-legacy-pilot__sf3b3__ridge__dataset-heldout-split__ensemble3,bio__env-replogleweissman2022-k562-essential-k562-rna-essential-legacy-pilot__sf3b3,2
pred__bio__env-replogleweissman2022-k562-essential-k562-rna-essential-legacy-pilot__cdk1__ridge__dataset-heldout-split__ensemble3,bio__env-replogleweissman2022-k562-essential-k562-rna-essential-legacy-pilot__cdk1,2
pred__bio__env-replogleweissman2022-k562-essential-k562-rna-essential-legacy-pilot__ddx47__ridge__dataset-heldout-split__ensemble3,bio__env-replogleweissman2022-k562-essential-k562-rna-essential-legacy-pilot__ddx47,4
pred__bio__env-replogleweissman2022-k562-essential-k562-rna-essential-legacy-pilot__pcbp2__ridge__dataset-heldout-split__ensemble3,bio__env-replogleweissman2022-k562-essential-k562-rna-essential-legacy-pilot__pcbp2,3
pred__bio__env-replogleweissman2022-k562-essential-k562-rna-essential-legacy-pilot__psmd4__ridge__dataset-heldout-split__ensemble3,bio__env-replogleweissman2022-k562-essential-k562-rna-essential-legacy-pilot__psmd4,4
pred__bio__env-replogleweissman2022-k562-essential-k562-rna-essential-legacy-pilot__smarcb1__ridge__dataset-heldout-split__ensemble3,bio__env-replogleweissman2022-k562-essential-k562-rna-essential-legacy-pilot__smarcb1,3
pred__bio__env-replogleweissman2022-k562-essential-k562-rna-essential-legacy-pilot__dhx15__ridge__dataset-heldout-split__ensemble3,bio__env-replogleweissman2022-k562-essential-k562-rna-essential-legacy-pilot__dhx15,4
pred__bio__env-replogleweissman2022-k562-essential-k562-rna-essential-legacy-pilot__prodh__ridge__dataset-heldout-split__ensemble3,bio__env-replogleweissman2022-k562-essential-k562-rna-essential-legacy-pilot__prodh,4
pred__bio__env-replogleweissman2022-k562-essential-k562-rna-essential-legacy-pilot__sfpq__ridge__dataset-heldout-split__ensemble3,bio__env-replogleweissman2022-k562-essential-k562-rna-essential-legacy-pilot__sfpq,3
pred__bio__env-replogleweissman2022-k562-essential-k562-rna-essential-legacy-pilot__oxa1l__ridge__dataset-heldout-split__ensemble3,bio__env-replogleweissman2022-k562-essential-k562-rna-essential-legacy-pilot__oxa1l,2
pred__bio__env-replogleweissman2022-k562-essential-k562-rna-essential-legacy-pilot__dld__ridge__dataset-heldout-split__ensemble3,bio__env-replogleweissman2022-k562-essential-k562-rna-essential-legacy-pilot__dld,3
pred__bio__env-replogleweissman2022-k562-essential-k562-rna-essential-legacy-pilot__ints8__ridge__dataset-heldout-split__ensemble3,bio__env-replogleweissman2022-k562-essential-k562-rna-essential-legacy-pilot__ints8,4
pred__bio__env-replogleweissman2022-k562-essential-k562-rna-essential-legacy-pilot__exosc2__ridge__dataset-heldout-split__ensemble3,bio__env-replogleweissman2022-k562-essential-k562-rna-essential-legacy-pilot__exosc2,4
pred__bio__env-replogleweissman2022-k562-essential-k562-rna-essential-legacy-pilot__slc25a10__ridge__dataset-heldout-split__ensemble3,bio__env-replogleweissman2022-k562-essential-k562-rna-essential-legacy-pilot__slc25a10,2
pred__bio__env-replogleweissman2022-k562-essential-k562-rna-essential-legacy-pilot__nup98__ridge__dataset-heldout-split__ensemble3,bio__env-replogleweissman2022-k562-essential-k562-rna-essential-legacy-pilot__nup98,4
pred__bio__env-replogleweissman2022-k562-essential-k562-rna-essential-legacy-pilot__ptcd1__ridge__dataset-heldout-split__ensemble3,bio__env-replogleweissman2022-k562-essential-k562-rna-essential-legacy-pilot__ptcd1,1
pred__bio__env-replogleweissman2022-k562-essential-k562-rna-essential-legacy-pilot__krt8__ridge__dataset-heldout-split__ensemble3,bio__env-replogleweissman2022-k562-essential-k562-rna-essential-legacy-pilot__krt8,1
pred__bio__env-replogleweissman2022-k562-essential-k562-rna-essential-legacy-pilot__drg1__ridge__dataset-heldout-split__ensemble3,bio__env-replogleweissman2022-k562-essential-k562-rna-essential-legacy-pilot__drg1,4
pred__bio__env-replogleweissman2022-k562-essential-k562-rna-essential-legacy-pilot__tead3__ridge__dataset-heldout-split__ensemble3,bio__env-replogleweissman2022-k562-essential-k562-rna-essential-legacy-pilot__tead3,1
pred__bio__env-replogleweissman2022-k562-essential-k562-rna-essential-legacy-pilot__pc__ridge__dataset-heldout-split__ensemble3,bio__env-replogleweissman2022-k562-essential-k562-rna-essential-legacy-pilot__pc,4
pred__bio__env-replogleweissman2022-k562-essential-k562-rna-essential-legacy-pilot__pola2__ridge__dataset-heldout-split__ensemble3,bio__env-replogleweissman2022-k562-essential-k562-rna-essential-legacy-pilot__pola2,1
pred__bio__env-replogleweissman2022-k562-essential-k562-rna-essential-legacy-pilot__pdcd6ip__ridge__dataset-heldout-split__ensemble3,bio__env-replogleweissman2022-k562-essential-k562-rna-essential-legacy-pilot__pdcd6ip,0
pred__bio__env-replogleweissman2022-k562-essential-k562-rna-essential-legacy-pilot__mrpl14__ridge__dataset-heldout-split__ensemble3,bio__env-replogleweissman2022-k562-essential-k562-rna-essential-legacy-pilot__mrpl14,3
pred__bio__env-replogleweissman2022-k562-essential-k562-rna-essential-legacy-pilot__espn__ridge__dataset-heldout-split__ensemble3,bio__env-replogleweissman2022-k562-essential-k562-rna-essential-legacy-pilot__espn,1
pred__bio__env-replogleweissman2022-k562-essential-k562-rna-essential-legacy-pilot__rpl31__ridge__dataset-heldout-split__ensemble3,bio__env-replogleweissman2022-k562-essential-k562-rna-essential-legacy-pilot__rpl31,1
pred__bio__env-replogleweissman2022-k562-essential-k562-rna-essential-legacy-pilot__fbxo5__ridge__dataset-heldout-split__ensemble3,bio__env-replogleweissman2022-k562-essential-k562-rna-essential-legacy-pilot__fbxo5,0
pred__bio__env-replogleweissman2022-k562-essential-k562-rna-essential-legacy-pilot__psmd6__ridge__dataset-heldout-split__ensemble3,bio__env-replogleweissman2022-k562-essential-k562-rna-essential-legacy-pilot__psmd6,0
pred__bio__env-replogleweissman2022-k562-essential-k562-rna-essential-legacy-pilot__skp2__ridge__dataset-heldout-split__ensemble3,bio__env-replogleweissman2022-k562-essential-k562-rna-essential-legacy-pilot__skp2,4
pred__bio__env-replogleweissman2022-k562-essential-k562-rna-essential-legacy-pilot__pstk__ridge__dataset-heldout-split__ensemble3,bio__env-replogleweissman2022-k562-essential-k562-rna-essential-legacy-pilot__pstk,1
pred__bio__env-replogleweissman2022-k562-essential-k562-rna-essential-legacy-pilot__aars2__ridge__dataset-heldout-split__ensemble3,bio__env-replogleweissman2022-k562-essential-k562-rna-essential-legacy-pilot__aars2,1
pred__bio__env-replogleweissman2022-k562-essential-k562-rna-essential-legacy-pilot__psmc2__ridge__dataset-heldout-split__ensemble3,bio__env-replogleweissman2022-k562-essential-k562-rna-essential-legacy-pilot__psmc2,1
pred__bio__env-replogleweissman2022-k562-essential-k562-rna-essential-legacy-pilot__denr__ridge__dataset-heldout-split__ensemble3,bio__env-replogleweissman2022-k562-essential-k562-rna-essential-legacy-pilot__denr,2
pred__bio__env-replogleweissman2022-k562-essential-k562-rna-essential-legacy-pilot__eif2b5__ridge__dataset-heldout-split__ensemble3,bio__env-replogleweissman2022-k562-essential-k562-rna-essential-legacy-pilot__eif2b5,0
pred__bio__env-replogleweissman2022-k562-essential-k562-rna-essential-legacy-pilot__nup54__ridge__dataset-heldout-split__ensemble3,bio__env-replogleweissman2022-k562-essential-k562-rna-essential-legacy-pilot__nup54,4
pred__bio__env-replogleweissman2022-k562-essential-k562-rna-essential-legacy-pilot__h3f3a__ridge__dataset-heldout-split__ensemble3,bio__env-replogleweissman2022-k562-essential-k562-rna-essential-legacy-pilot__h3f3a,1
pred__bio__env-replogleweissman2022-k562-essential-k562-rna-essential-legacy-pilot__znf718__ridge__dataset-heldout-split__ensemble3,bio__env-replogleweissman2022-k562-essential-k562-rna-essential-legacy-pilot__znf718,2
pred__bio__env-replogleweissman2022-k562-essential-k562-rna-essential-legacy-pilot__rnf14__ridge__dataset-heldout-split__ensemble3,bio__env-replogleweissman2022-k562-essential-k562-rna-essential-legacy-pilot__rnf14,0
pred__bio__env-replogleweissman2022-k562-essential-k562-rna-essential-legacy-pilot__rpl36__ridge__dataset-heldout-split__ensemble3,bio__env-replogleweissman2022-k562-essential-k562-rna-essential-legacy-pilot__rpl36,0
pred__bio__env-replogleweissman2022-k562-essential-k562-rna-essential-legacy-pilot__crnkl1__ridge__dataset-heldout-split__ensemble3,bio__env-replogleweissman2022-k562-essential-k562-rna-essential-legacy-pilot__crnkl1,3
pred__bio__env-replogleweissman2022-k562-essential-k562-rna-essential-legacy-pilot__znf207__ridge__dataset-heldout-split__ensemble3,bio__env-replogleweissman2022-k562-essential-k562-rna-essential-legacy-pilot__znf207,2
pred__bio__env-replogleweissman2022-k562-essential-k562-rna-essential-legacy-pilot__ilf3__ridge__dataset-heldout-split__ensemble3,bio__env-replogleweissman2022-k562-essential-k562-rna-essential-legacy-pilot__ilf3,1
pred__bio__env-replogleweissman2022-k562-essential-k562-rna-essential-legacy-pilot__dnajc8__ridge__dataset-heldout-split__ensemble3,bio__env-replogleweissman2022-k562-essential-k562-rna-essential-legacy-pilot__dnajc8,0
pred__bio__env-replogleweissman2022-k562-essential-k562-rna-essential-legacy-pilot__usp7__ridge__dataset-heldout-split__ensemble3,bio__env-replogleweissman2022-k562-essential-k562-rna-essential-legacy-pilot__usp7,0
pred__bio__env-replogleweissman2022-k562-essential-k562-rna-essential-legacy-pilot__cacnb3__ridge__dataset-heldout-split__ensemble3,bio__env-replogleweissman2022-k562-essential-k562-rna-essential-legacy-pilot__cacnb3,3
pred__bio__env-replogleweissman2022-k562-essential-k562-rna-essential-legacy-pilot__rps29__ridge__dataset-heldout-split__ensemble3,bio__env-replogleweissman2022-k562-essential-k562-rna-essential-legacy-pilot__rps29,3
pred__bio__env-replogleweissman2022-k562-essential-k562-rna-essential-legacy-pilot__copa__ridge__dataset-heldout-split__ensemble3,bio__env-replogleweissman2022-k562-essential-k562-rna-essential-legacy-pilot__copa,2
pred__bio__env-replogleweissman2022-k562-essential-k562-rna-essential-legacy-pilot__srcap__ridge__dataset-heldout-split__ensemble3,bio__env-replogleweissman2022-k562-essential-k562-rna-essential-legacy-pilot__srcap,2
pred__bio__env-replogleweissman2022-k562-essential-k562-rna-essential-legacy-pilot__dync1h1__ridge__dataset-heldout-split__ensemble3,bio__env-replogleweissman2022-k562-essential-k562-rna-essential-legacy-pilot__dync1h1,0
pred__bio__env-replogleweissman2022-k562-essential-k562-rna-essential-legacy-pilot__nup160__ridge__dataset-heldout-split__ensemble3,bio__env-replogleweissman2022-k562-essential-k562-rna-essential-legacy-pilot__nup160,3
pred__bio__env-replogleweissman2022-k562-essential-k562-rna-essential-legacy-pilot__prelid3b__ridge__dataset-heldout-split__ensemble3,bio__env-replogleweissman2022-k562-essential-k562-rna-essential-legacy-pilot__prelid3b,0
pred__bio__env-replogleweissman2022-k562-essential-k562-rna-essential-legacy-pilot__rpl13__ridge__dataset-heldout-split__ensemble3,bio__env-replogleweissman2022-k562-essential-k562-rna-essential-legacy-pilot__rpl13,3
pred__bio__env-replogleweissman2022-k562-essential-k562-rna-essential-legacy-pilot__dnajc19__ridge__dataset-heldout-split__ensemble3,bio__env-replogleweissman2022-k562-essential-k562-rna-essential-legacy-pilot__dnajc19,1
pred__bio__env-replogleweissman2022-k562-essential-k562-rna-essential-legacy-pilot__ppme1__ridge__dataset-heldout-split__ensemble3,bio__env-replogleweissman2022-k562-essential-k562-rna-essential-legacy-pilot__ppme1,0
pred__bio__env-replogleweissman2022-k562-essential-k562-rna-essential-legacy-pilot__tpx2__ridge__dataset-heldout-split__ensemble3,bio__env-replogleweissman2022-k562-essential-k562-rna-essential-legacy-pilot__tpx2,3
pred__bio__env-replogleweissman2022-k562-essential-k562-rna-essential-legacy-pilot__rps20__ridge__dataset-heldout-split__ensemble3,bio__env-replogleweissman2022-k562-essential-k562-rna-essential-legacy-pilot__rps20,2
pred__bio__env-replogleweissman2022-k562-essential-k562-rna-essential-legacy-pilot__dph1__ridge__dataset-heldout-split__ensemble3,bio__env-replogleweissman2022-k562-essential-k562-rna-essential-legacy-pilot__dph1,0
pred__bio__env-replogleweissman2022-k562-essential-k562-rna-essential-legacy-pilot__uba1__ridge__dataset-heldout-split__ensemble3,bio__env-replogleweissman2022-k562-essential-k562-rna-essential-legacy-pilot__uba1,3
pred__bio__env-replogleweissman2022-k562-essential-k562-rna-essential-legacy-pilot__dctn3__ridge__dataset-heldout-split__ensemble3,bio__env-replogleweissman2022-k562-essential-k562-rna-essential-legacy-pilot__dctn3,3
pred__bio__env-replogleweissman2022-k562-essential-k562-rna-essential-legacy-pilot__egln2__ridge__dataset-heldout-split__ensemble3,bio__env-replogleweissman2022-k562-essential-k562-rna-essential-legacy-pilot__egln2,4
pred__bio__env-replogleweissman2022-k562-essential-k562-rna-essential-legacy-pilot__rpl8__ridge__dataset-heldout-split__ensemble3,bio__env-replogleweissman2022-k562-essential-k562-rna-essential-legacy-pilot__rpl8,2
pred__bio__env-replogleweissman2022-k562-essential-k562-rna-essential-legacy-pilot__psmb5__ridge__dataset-heldout-split__ensemble3,bio__env-replogleweissman2022-k562-essential-k562-rna-essential-legacy-pilot__psmb5,1
pred__bio__env-replogleweissman2022-k562-essential-k562-rna-essential-legacy-pilot__dcun1d5__ridge__dataset-heldout-split__ensemble3,bio__env-replogleweissman2022-k562-essential-k562-rna-essential-legacy-pilot__dcun1d5,2
pred__bio__env-replogleweissman2022-k562-essential-k562-rna-essential-legacy-pilot__nop10__ridge__dataset-heldout-split__ensemble3,bio__env-replogleweissman2022-k562-essential-k562-rna-essential-legacy-pilot__nop10,2
pred__bio__env-replogleweissman2022-k562-essential-k562-rna-essential-legacy-pilot__srrt__ridge__dataset-heldout-split__ensemble3,bio__env-replogleweissman2022-k562-essential-k562-rna-essential-legacy-pilot__srrt,3
pred__bio__env-replogleweissman2022-k562-essential-k562-rna-essential-legacy-pilot__ufl1__ridge__dataset-heldout-split__ensemble3,bio__env-replogleweissman2022-k562-essential-k562-rna-essential-legacy-pilot__ufl1,4
pred__bio__env-replogleweissman2022-k562-essential-k562-rna-essential-legacy-pilot__polr2d__ridge__dataset-heldout-split__ensemble3,bio__env-replogleweissman2022-k562-essential-k562-rna-essential-legacy-pilot__polr2d,4
pred__bio__env-replogleweissman2022-k562-essential-k562-rna-essential-legacy-pilot__arpc2__ridge__dataset-heldout-split__ensemble3,bio__env-replogleweissman2022-k562-essential-k562-rna-essential-legacy-pilot__arpc2,1
pred__bio__env-replogleweissman2022-k562-essential-k562-rna-essential-legacy-pilot__hars__ridge__dataset-heldout-split__ensemble3,bio__env-replogleweissman2022-k562-essential-k562-rna-essential-legacy-pilot__hars,3
pred__bio__env-replogleweissman2022-k562-essential-k562-rna-essential-legacy-pilot__katnb1__ridge__dataset-heldout-split__ensemble3,bio__env-replogleweissman2022-k562-essential-k562-rna-essential-legacy-pilot__katnb1,1
pred__bio__env-replogleweissman2022-k562-essential-k562-rna-essential-legacy-pilot__hspa9__ridge__dataset-heldout-split__ensemble3,bio__env-replogleweissman2022-k562-essential-k562-rna-essential-legacy-pilot__hspa9,2
pred__bio__env-replogleweissman2022-k562-essential-k562-rna-essential-legacy-pilot__jazf1__ridge__dataset-heldout-split__ensemble3,bio__env-replogleweissman2022-k562-essential-k562-rna-essential-legacy-pilot__jazf1,1
pred__bio__env-replogleweissman2022-k562-essential-k562-rna-essential-legacy-pilot__vps33a__ridge__dataset-heldout-split__ensemble3,bio__env-replogleweissman2022-k562-essential-k562-rna-essential-legacy-pilot__vps33a,1
pred__bio__env-replogleweissman2022-k562-essential-k562-rna-essential-legacy-pilot__prpf18__ridge__dataset-heldout-split__ensemble3,bio__env-replogleweissman2022-k562-essential-k562-rna-essential-legacy-pilot__prpf18,1
pred__bio__env-replogleweissman2022-k562-essential-k562-rna-essential-legacy-pilot__cdc27__ridge__dataset-heldout-split__ensemble3,bio__env-replogleweissman2022-k562-essential-k562-rna-essential-legacy-pilot__cdc27,0
pred__bio__env-replogleweissman2022-k562-essential-k562-rna-essential-legacy-pilot__uqcrc1__ridge__dataset-heldout-split__ensemble3,bio__env-replogleweissman2022-k562-essential-k562-rna-essential-legacy-pilot__uqcrc1,1
pred__bio__env-replogleweissman2022-k562-essential-k562-rna-essential-legacy-pilot__rplp0__ridge__dataset-heldout-split__ensemble3,bio__env-replogleweissman2022-k562-essential-k562-rna-essential-legacy-pilot__rplp0,2
pred__bio__env-replogleweissman2022-k562-essential-k562-rna-essential-legacy-pilot__arpc4__ridge__dataset-heldout-split__ensemble3,bio__env-replogleweissman2022-k562-essential-k562-rna-essential-legacy-pilot__arpc4,0
pred__bio__env-replogleweissman2022-k562-essential-k562-rna-essential-legacy-pilot__rpl37a__ridge__dataset-heldout-split__ensemble3,bio__env-replogleweissman2022-k562-essential-k562-rna-essential-legacy-pilot__rpl37a,0
pred__bio__env-replogleweissman2022-k562-essential-k562-rna-essential-legacy-pilot__cnot3__ridge__dataset-heldout-split__ensemble3,bio__env-replogleweissman2022-k562-essential-k562-rna-essential-legacy-pilot__cnot3,2
pred__bio__env-replogleweissman2022-k562-essential-k562-rna-essential-legacy-pilot__cenpe__ridge__dataset-heldout-split__ensemble3,bio__env-replogleweissman2022-k562-essential-k562-rna-essential-legacy-pilot__cenpe,1
pred__bio__env-replogleweissman2022-k562-essential-k562-rna-essential-legacy-pilot__naglu__ridge__dataset-heldout-split__ensemble3,bio__env-replogleweissman2022-k562-essential-k562-rna-essential-legacy-pilot__naglu,2
pred__bio__env-replogleweissman2022-k562-essential-k562-rna-essential-legacy-pilot__hspa8__ridge__dataset-heldout-split__ensemble3,bio__env-replogleweissman2022-k562-essential-k562-rna-essential-legacy-pilot__hspa8,3
pred__bio__env-replogleweissman2022-k562-essential-k562-rna-essential-legacy-pilot__med22__ridge__dataset-heldout-split__ensemble3,bio__env-replogleweissman2022-k562-essential-k562-rna-essential-legacy-pilot__med22,0
pred__bio__env-replogleweissman2022-k562-essential-k562-rna-essential-legacy-pilot__urod__ridge__dataset-heldout-split__ensemble3,bio__env-replogleweissman2022-k562-essential-k562-rna-essential-legacy-pilot__urod,4
pred__bio__env-replogleweissman2022-k562-essential-k562-rna-essential-legacy-pilot__sf3a2__ridge__dataset-heldout-split__ensemble3,bio__env-replogleweissman2022-k562-essential-k562-rna-essential-legacy-pilot__sf3a2,4
pred__bio__env-replogleweissman2022-k562-essential-k562-rna-essential-legacy-pilot__ltv1__ridge__dataset-heldout-split__ensemble3,bio__env-replogleweissman2022-k562-essential-k562-rna-essential-legacy-pilot__ltv1,1
pred__bio__env-replogleweissman2022-k562-essential-k562-rna-essential-legacy-pilot__hnrnpc__ridge__dataset-heldout-split__ensemble3,bio__env-replogleweissman2022-k562-essential-k562-rna-essential-legacy-pilot__hnrnpc,0
pred__bio__env-replogleweissman2022-k562-essential-k562-rna-essential-legacy-pilot__rmi1__ridge__dataset-heldout-split__ensemble3,bio__env-replogleweissman2022-k562-essential-k562-rna-essential-legacy-pilot__rmi1,0
pred__bio__env-replogleweissman2022-k562-essential-k562-rna-essential-legacy-pilot__rpl10__ridge__dataset-heldout-split__ensemble3,bio__env-replogleweissman2022-k562-essential-k562-rna-essential-legacy-pilot__rpl10,4
pred__bio__env-replogleweissman2022-k562-essential-k562-rna-essential-legacy-pilot__ndufab1__ridge__dataset-heldout-split__ensemble3,bio__env-replogleweissman2022-k562-essential-k562-rna-essential-legacy-pilot__ndufab1,3
pred__bio__env-replogleweissman2022-k562-essential-k562-rna-essential-legacy-pilot__znf574__ridge__dataset-heldout-split__ensemble3,bio__env-replogleweissman2022-k562-essential-k562-rna-essential-legacy-pilot__znf574,1
pred__bio__env-replogleweissman2022-k562-essential-k562-rna-essential-legacy-pilot__tsen34__ridge__dataset-heldout-split__ensemble3,bio__env-replogleweissman2022-k562-essential-k562-rna-essential-legacy-pilot__tsen34,3
pred__bio__env-replogleweissman2022-k562-essential-k562-rna-essential-legacy-pilot__naca__ridge__dataset-heldout-split__ensemble3,bio__env-replogleweissman2022-k562-essential-k562-rna-essential-legacy-pilot__naca,4
pred__bio__env-replogleweissman2022-k562-essential-k562-rna-essential-legacy-pilot__chmp7__ridge__dataset-heldout-split__ensemble3,bio__env-replogleweissman2022-k562-essential-k562-rna-essential-legacy-pilot__chmp7,2
pred__bio__env-replogleweissman2022-k562-essential-k562-rna-essential-legacy-pilot__polr2b__ridge__dataset-heldout-split__ensemble3,bio__env-replogleweissman2022-k562-essential-k562-rna-essential-legacy-pilot__polr2b,1
pred__bio__env-replogleweissman2022-k562-essential-k562-rna-essential-legacy-pilot__gak__ridge__dataset-heldout-split__ensemble3,bio__env-replogleweissman2022-k562-essential-k562-rna-essential-legacy-pilot__gak,0
pred__bio__env-replogleweissman2022-k562-essential-k562-rna-essential-legacy-pilot__dnmt1__ridge__dataset-heldout-split__ensemble3,bio__env-replogleweissman2022-k562-essential-k562-rna-essential-legacy-pilot__dnmt1,0
pred__bio__env-replogleweissman2022-k562-essential-k562-rna-essential-legacy-pilot__slc7a5__ridge__dataset-heldout-split__ensemble3,bio__env-replogleweissman2022-k562-essential-k562-rna-essential-legacy-pilot__slc7a5,1
pred__bio__env-replogleweissman2022-k562-essential-k562-rna-essential-legacy-pilot__rps7__ridge__dataset-heldout-split__ensemble3,bio__env-replogleweissman2022-k562-essential-k562-rna-essential-legacy-pilot__rps7,2
pred__bio__env-replogleweissman2022-k562-essential-k562-rna-essential-legacy-pilot__mcm10__ridge__dataset-heldout-split__ensemble3,bio__env-replogleweissman2022-k562-essential-k562-rna-essential-legacy-pilot__mcm10,3
pred__bio__env-replogleweissman2022-k562-essential-k562-rna-essential-legacy-pilot__hmgb1__ridge__dataset-heldout-split__ensemble3,bio__env-replogleweissman2022-k562-essential-k562-rna-essential-legacy-pilot__hmgb1,3
pred__bio__env-replogleweissman2022-k562-essential-k562-rna-essential-legacy-pilot__chek1__ridge__dataset-heldout-split__ensemble3,bio__env-replogleweissman2022-k562-essential-k562-rna-essential-legacy-pilot__chek1,4
pred__bio__env-replogleweissman2022-k562-essential-k562-rna-essential-legacy-pilot__cpamd8__ridge__dataset-heldout-split__ensemble3,bio__env-replogleweissman2022-k562-essential-k562-rna-essential-legacy-pilot__cpamd8,4
pred__bio__env-replogleweissman2022-k562-essential-k562-rna-essential-legacy-pilot__pola1__ridge__dataset-heldout-split__ensemble3,bio__env-replogleweissman2022-k562-essential-k562-rna-essential-legacy-pilot__pola1,0
pred__bio__env-replogleweissman2022-k562-essential-k562-rna-essential-legacy-pilot__rpl12__ridge__dataset-heldout-split__ensemble3,bio__env-replogleweissman2022-k562-essential-k562-rna-essential-legacy-pilot__rpl12,0
pred__bio__env-replogleweissman2022-k562-essential-k562-rna-essential-legacy-pilot__nxf1__ridge__dataset-heldout-split__ensemble3,bio__env-replogleweissman2022-k562-essential-k562-rna-essential-legacy-pilot__nxf1,0
pred__bio__env-replogleweissman2022-k562-essential-k562-rna-essential-legacy-pilot__polr2f__ridge__dataset-heldout-split__ensemble3,bio__env-replogleweissman2022-k562-essential-k562-rna-essential-legacy-pilot__polr2f,4
pred__bio__env-replogleweissman2022-k562-essential-k562-rna-essential-legacy-pilot__eef2__ridge__dataset-heldout-split__ensemble3,bio__env-replogleweissman2022-k562-essential-k562-rna-essential-legacy-pilot__eef2,0
pred__bio__env-replogleweissman2022-k562-essential-k562-rna-essential-legacy-pilot__ckap5__ridge__dataset-heldout-split__ensemble3,bio__env-replogleweissman2022-k562-essential-k562-rna-essential-legacy-pilot__ckap5,1
pred__bio__env-replogleweissman2022-k562-essential-k562-rna-essential-legacy-pilot__u2surp__ridge__dataset-heldout-split__ensemble3,bio__env-replogleweissman2022-k562-essential-k562-rna-essential-legacy-pilot__u2surp,3
pred__bio__env-replogleweissman2022-k562-essential-k562-rna-essential-legacy-pilot__xpo5__ridge__dataset-heldout-split__ensemble3,bio__env-replogleweissman2022-k562-essential-k562-rna-essential-legacy-pilot__xpo5,0
pred__bio__env-replogleweissman2022-k562-essential-k562-rna-essential-legacy-pilot__actr8__ridge__dataset-heldout-split__ensemble3,bio__env-replogleweissman2022-k562-essential-k562-rna-essential-legacy-pilot__actr8,4
pred__bio__env-replogleweissman2022-k562-essential-k562-rna-essential-legacy-pilot__nsrp1__ridge__dataset-heldout-split__ensemble3,bio__env-replogleweissman2022-k562-essential-k562-rna-essential-legacy-pilot__nsrp1,4
pred__bio__env-replogleweissman2022-k562-essential-k562-rna-essential-legacy-pilot__rpe__ridge__dataset-heldout-split__ensemble3,bio__env-replogleweissman2022-k562-essential-k562-rna-essential-legacy-pilot__rpe,1
pred__bio__env-replogleweissman2022-k562-essential-k562-rna-essential-legacy-pilot__tkt__ridge__dataset-heldout-split__ensemble3,bio__env-replogleweissman2022-k562-essential-k562-rna-essential-legacy-pilot__tkt,3
pred__bio__env-replogleweissman2022-k562-essential-k562-rna-essential-legacy-pilot__arcn1__ridge__dataset-heldout-split__ensemble3,bio__env-replogleweissman2022-k562-essential-k562-rna-essential-legacy-pilot__arcn1,0
pred__bio__env-replogleweissman2022-k562-essential-k562-rna-essential-legacy-pilot__rpl38__ridge__dataset-heldout-split__ensemble3,bio__env-replogleweissman2022-k562-essential-k562-rna-essential-legacy-pilot__rpl38,4
pred__bio__env-replogleweissman2022-k562-essential-k562-rna-essential-legacy-pilot__prpf4b__ridge__dataset-heldout-split__ensemble3,bio__env-replogleweissman2022-k562-essential-k562-rna-essential-legacy-pilot__prpf4b,0
pred__bio__env-replogleweissman2022-k562-essential-k562-rna-essential-legacy-pilot__gars__ridge__dataset-heldout-split__ensemble3,bio__env-replogleweissman2022-k562-essential-k562-rna-essential-legacy-pilot__gars,2
pred__bio__env-replogleweissman2022-k562-essential-k562-rna-essential-legacy-pilot__rfc3__ridge__dataset-heldout-split__ensemble3,bio__env-replogleweissman2022-k562-essential-k562-rna-essential-legacy-pilot__rfc3,3
pred__bio__env-replogleweissman2022-k562-essential-k562-rna-essential-legacy-pilot__rpl9__ridge__dataset-heldout-split__ensemble3,bio__env-replogleweissman2022-k562-essential-k562-rna-essential-legacy-pilot__rpl9,1
pred__bio__env-replogleweissman2022-k562-essential-k562-rna-essential-legacy-pilot__gpn3__ridge__dataset-heldout-split__ensemble3,bio__env-replogleweissman2022-k562-essential-k562-rna-essential-legacy-pilot__gpn3,2
pred__bio__env-replogleweissman2022-k562-essential-k562-rna-essential-legacy-pilot__folr3__ridge__dataset-heldout-split__ensemble3,bio__env-replogleweissman2022-k562-essential-k562-rna-essential-legacy-pilot__folr3,0
pred__bio__env-replogleweissman2022-k562-essential-k562-rna-essential-legacy-pilot__emc3__ridge__dataset-heldout-split__ensemble3,bio__env-replogleweissman2022-k562-essential-k562-rna-essential-legacy-pilot__emc3,2
pred__bio__env-replogleweissman2022-k562-essential-k562-rna-essential-legacy-pilot__znf506__ridge__dataset-heldout-split__ensemble3,bio__env-replogleweissman2022-k562-essential-k562-rna-essential-legacy-pilot__znf506,3
pred__bio__env-replogleweissman2022-k562-essential-k562-rna-essential-legacy-pilot__ankrd11__ridge__dataset-heldout-split__ensemble3,bio__env-replogleweissman2022-k562-essential-k562-rna-essential-legacy-pilot__ankrd11,1
pred__bio__env-replogleweissman2022-k562-essential-k562-rna-essential-legacy-pilot__bcar1__ridge__dataset-heldout-split__ensemble3,bio__env-replogleweissman2022-k562-essential-k562-rna-essential-legacy-pilot__bcar1,1
pred__bio__env-replogleweissman2022-k562-essential-k562-rna-essential-legacy-pilot__psmc1__ridge__dataset-heldout-split__ensemble3,bio__env-replogleweissman2022-k562-essential-k562-rna-essential-legacy-pilot__psmc1,4
pred__bio__env-replogleweissman2022-k562-essential-k562-rna-essential-legacy-pilot__rpl5__ridge__dataset-heldout-split__ensemble3,bio__env-replogleweissman2022-k562-essential-k562-rna-essential-legacy-pilot__rpl5,3
pred__bio__env-replogleweissman2022-k562-essential-k562-rna-essential-legacy-pilot__max__ridge__dataset-heldout-split__ensemble3,bio__env-replogleweissman2022-k562-essential-k562-rna-essential-legacy-pilot__max,3
pred__bio__env-replogleweissman2022-k562-essential-k562-rna-essential-legacy-pilot__rcc1__ridge__dataset-heldout-split__ensemble3,bio__env-replogleweissman2022-k562-essential-k562-rna-essential-legacy-pilot__rcc1,2
pred__bio__env-replogleweissman2022-k562-essential-k562-rna-essential-legacy-pilot__ccnk__ridge__dataset-heldout-split__ensemble3,bio__env-replogleweissman2022-k562-essential-k562-rna-essential-legacy-pilot__ccnk,3
pred__bio__env-replogleweissman2022-k562-essential-k562-rna-essential-legacy-pilot__sart1__ridge__dataset-heldout-split__ensemble3,bio__env-replogleweissman2022-k562-essential-k562-rna-essential-legacy-pilot__sart1,1
pred__bio__env-replogleweissman2022-k562-essential-k562-rna-essential-legacy-pilot__srsf6__ridge__dataset-heldout-split__ensemble3,bio__env-replogleweissman2022-k562-essential-k562-rna-essential-legacy-pilot__srsf6,1
pred__bio__env-replogleweissman2022-k562-essential-k562-rna-essential-legacy-pilot__spdye2__ridge__dataset-heldout-split__ensemble3,bio__env-replogleweissman2022-k562-essential-k562-rna-essential-legacy-pilot__spdye2,3
pred__bio__env-replogleweissman2022-k562-essential-k562-rna-essential-legacy-pilot__eif5__ridge__dataset-heldout-split__ensemble3,bio__env-replogleweissman2022-k562-essential-k562-rna-essential-legacy-pilot__eif5,4
pred__bio__env-replogleweissman2022-k562-essential-k562-rna-essential-legacy-pilot__gucd1__ridge__dataset-heldout-split__ensemble3,bio__env-replogleweissman2022-k562-essential-k562-rna-essential-legacy-pilot__gucd1,2
pred__bio__env-replogleweissman2022-k562-essential-k562-rna-essential-legacy-pilot__med7__ridge__dataset-heldout-split__ensemble3,bio__env-replogleweissman2022-k562-essential-k562-rna-essential-legacy-pilot__med7,3
pred__bio__env-replogleweissman2022-k562-essential-k562-rna-essential-legacy-pilot__hist2h3d__ridge__dataset-heldout-split__ensemble3,bio__env-replogleweissman2022-k562-essential-k562-rna-essential-legacy-pilot__hist2h3d,4
pred__bio__env-replogleweissman2022-k562-essential-k562-rna-essential-legacy-pilot__snrpb__ridge__dataset-heldout-split__ensemble3,bio__env-replogleweissman2022-k562-essential-k562-rna-essential-legacy-pilot__snrpb,0
pred__bio__env-replogleweissman2022-k562-essential-k562-rna-essential-legacy-pilot__ddx41__ridge__dataset-heldout-split__ensemble3,bio__env-replogleweissman2022-k562-essential-k562-rna-essential-legacy-pilot__ddx41,4
pred__bio__env-replogleweissman2022-k562-essential-k562-rna-essential-legacy-pilot__elp2__ridge__dataset-heldout-split__ensemble3,bio__env-replogleweissman2022-k562-essential-k562-rna-essential-legacy-pilot__elp2,3
pred__bio__env-replogleweissman2022-k562-essential-k562-rna-essential-legacy-pilot__rpl10a__ridge__dataset-heldout-split__ensemble3,bio__env-replogleweissman2022-k562-essential-k562-rna-essential-legacy-pilot__rpl10a,0
pred__bio__env-replogleweissman2022-k562-essential-k562-rna-essential-legacy-pilot__c16orf86__ridge__dataset-heldout-split__ensemble3,bio__env-replogleweissman2022-k562-essential-k562-rna-essential-legacy-pilot__c16orf86,0
pred__bio__env-replogleweissman2022-k562-essential-k562-rna-essential-legacy-pilot__hinfp__ridge__dataset-heldout-split__ensemble3,bio__env-replogleweissman2022-k562-essential-k562-rna-essential-legacy-pilot__hinfp,0
pred__bio__env-replogleweissman2022-k562-essential-k562-rna-essential-legacy-pilot__vcp__ridge__dataset-heldout-split__ensemble3,bio__env-replogleweissman2022-k562-essential-k562-rna-essential-legacy-pilot__vcp,1
pred__bio__env-replogleweissman2022-k562-essential-k562-rna-essential-legacy-pilot__dync1i2__ridge__dataset-heldout-split__ensemble3,bio__env-replogleweissman2022-k562-essential-k562-rna-essential-legacy-pilot__dync1i2,3
pred__bio__env-replogleweissman2022-k562-essential-k562-rna-essential-legacy-pilot__smn2__ridge__dataset-heldout-split__ensemble3,bio__env-replogleweissman2022-k562-essential-k562-rna-essential-legacy-pilot__smn2,2
pred__bio__env-replogleweissman2022-k562-essential-k562-rna-essential-legacy-pilot__ik__ridge__dataset-heldout-split__ensemble3,bio__env-replogleweissman2022-k562-essential-k562-rna-essential-legacy-pilot__ik,4
pred__bio__env-replogleweissman2022-k562-essential-k562-rna-essential-legacy-pilot__bop1__ridge__dataset-heldout-split__ensemble3,bio__env-replogleweissman2022-k562-essential-k562-rna-essential-legacy-pilot__bop1,3
pred__bio__env-replogleweissman2022-k562-essential-k562-rna-essential-legacy-pilot__ints9__ridge__dataset-heldout-split__ensemble3,bio__env-replogleweissman2022-k562-essential-k562-rna-essential-legacy-pilot__ints9,2
pred__bio__env-replogleweissman2022-k562-essential-k562-rna-essential-legacy-pilot__rbmx2__ridge__dataset-heldout-split__ensemble3,bio__env-replogleweissman2022-k562-essential-k562-rna-essential-legacy-pilot__rbmx2,2
pred__bio__env-replogleweissman2022-k562-essential-k562-rna-essential-legacy-pilot__rpl21__ridge__dataset-heldout-split__ensemble3,bio__env-replogleweissman2022-k562-essential-k562-rna-essential-legacy-pilot__rpl21,0
pred__bio__env-replogleweissman2022-k562-essential-k562-rna-essential-legacy-pilot__mrpl33__ridge__dataset-heldout-split__ensemble3,bio__env-replogleweissman2022-k562-essential-k562-rna-essential-legacy-pilot__mrpl33,1
pred__bio__env-replogleweissman2022-k562-essential-k562-rna-essential-legacy-pilot__hs6st1__ridge__dataset-heldout-split__ensemble3,bio__env-replogleweissman2022-k562-essential-k562-rna-essential-legacy-pilot__hs6st1,1
pred__bio__env-replogleweissman2022-k562-essential-k562-rna-essential-legacy-pilot__cnot1__ridge__dataset-heldout-split__ensemble3,bio__env-replogleweissman2022-k562-essential-k562-rna-essential-legacy-pilot__cnot1,2
pred__bio__env-replogleweissman2022-k562-essential-k562-rna-essential-legacy-pilot__rpa2__ridge__dataset-heldout-split__ensemble3,bio__env-replogleweissman2022-k562-essential-k562-rna-essential-legacy-pilot__rpa2,3
pred__bio__env-replogleweissman2022-k562-essential-k562-rna-essential-legacy-pilot__rps17__ridge__dataset-heldout-split__ensemble3,bio__env-replogleweissman2022-k562-essential-k562-rna-essential-legacy-pilot__rps17,1
pred__bio__env-replogleweissman2022-k562-essential-k562-rna-essential-legacy-pilot__or1d2__ridge__dataset-heldout-split__ensemble3,bio__env-replogleweissman2022-k562-essential-k562-rna-essential-legacy-pilot__or1d2,2
pred__bio__env-replogleweissman2022-k562-essential-k562-rna-essential-legacy-pilot__ccdc86__ridge__dataset-heldout-split__ensemble3,bio__env-replogleweissman2022-k562-essential-k562-rna-essential-legacy-pilot__ccdc86,1
pred__bio__env-replogleweissman2022-k562-essential-k562-rna-essential-legacy-pilot__sin3a__ridge__dataset-heldout-split__ensemble3,bio__env-replogleweissman2022-k562-essential-k562-rna-essential-legacy-pilot__sin3a,0
pred__bio__env-replogleweissman2022-k562-essential-k562-rna-essential-legacy-pilot__vps54__ridge__dataset-heldout-split__ensemble3,bio__env-replogleweissman2022-k562-essential-k562-rna-essential-legacy-pilot__vps54,1
pred__bio__env-replogleweissman2022-k562-essential-k562-rna-essential-legacy-pilot__igbp1__ridge__dataset-heldout-split__ensemble3,bio__env-replogleweissman2022-k562-essential-k562-rna-essential-legacy-pilot__igbp1,3
pred__bio__env-replogleweissman2022-k562-essential-k562-rna-essential-legacy-pilot__gon4l__ridge__dataset-heldout-split__ensemble3,bio__env-replogleweissman2022-k562-essential-k562-rna-essential-legacy-pilot__gon4l,4
pred__bio__env-replogleweissman2022-k562-essential-k562-rna-essential-legacy-pilot__vps41__ridge__dataset-heldout-split__ensemble3,bio__env-replogleweissman2022-k562-essential-k562-rna-essential-legacy-pilot__vps41,3
pred__bio__env-replogleweissman2022-k562-essential-k562-rna-essential-legacy-pilot__wdr36__ridge__dataset-heldout-split__ensemble3,bio__env-replogleweissman2022-k562-essential-k562-rna-essential-legacy-pilot__wdr36,1
pred__bio__env-replogleweissman2022-k562-essential-k562-rna-essential-legacy-pilot__chordc1__ridge__dataset-heldout-split__ensemble3,bio__env-replogleweissman2022-k562-essential-k562-rna-essential-legacy-pilot__chordc1,1
pred__bio__env-replogleweissman2022-k562-essential-k562-rna-essential-legacy-pilot__psmd1__ridge__dataset-heldout-split__ensemble3,bio__env-replogleweissman2022-k562-essential-k562-rna-essential-legacy-pilot__psmd1,4
pred__bio__env-replogleweissman2022-k562-essential-k562-rna-essential-legacy-pilot__ddx24__ridge__dataset-heldout-split__ensemble3,bio__env-replogleweissman2022-k562-essential-k562-rna-essential-legacy-pilot__ddx24,0
pred__bio__env-replogleweissman2022-k562-essential-k562-rna-essential-legacy-pilot__vps18__ridge__dataset-heldout-split__ensemble3,bio__env-replogleweissman2022-k562-essential-k562-rna-essential-legacy-pilot__vps18,3
pred__bio__env-replogleweissman2022-k562-essential-k562-rna-essential-legacy-pilot__slc4a5__ridge__dataset-heldout-split__ensemble3,bio__env-replogleweissman2022-k562-essential-k562-rna-essential-legacy-pilot__slc4a5,0
pred__bio__env-replogleweissman2022-k562-essential-k562-rna-essential-legacy-pilot__rps28__ridge__dataset-heldout-split__ensemble3,bio__env-replogleweissman2022-k562-essential-k562-rna-essential-legacy-pilot__rps28,1
pred__bio__env-replogleweissman2022-k562-essential-k562-rna-essential-legacy-pilot__alg2__ridge__dataset-heldout-split__ensemble3,bio__env-replogleweissman2022-k562-essential-k562-rna-essential-legacy-pilot__alg2,3
pred__bio__env-replogleweissman2022-k562-essential-k562-rna-essential-legacy-pilot__haus7__ridge__dataset-heldout-split__ensemble3,bio__env-replogleweissman2022-k562-essential-k562-rna-essential-legacy-pilot__haus7,2
pred__bio__env-replogleweissman2022-k562-essential-k562-rna-essential-legacy-pilot__ndufb8__ridge__dataset-heldout-split__ensemble3,bio__env-replogleweissman2022-k562-essential-k562-rna-essential-legacy-pilot__ndufb8,4
pred__bio__env-replogleweissman2022-k562-essential-k562-rna-essential-legacy-pilot__med30__ridge__dataset-heldout-split__ensemble3,bio__env-replogleweissman2022-k562-essential-k562-rna-essential-legacy-pilot__med30,3
pred__bio__env-replogleweissman2022-k562-essential-k562-rna-essential-legacy-pilot__psmg1__ridge__dataset-heldout-split__ensemble3,bio__env-replogleweissman2022-k562-essential-k562-rna-essential-legacy-pilot__psmg1,2
pred__bio__env-replogleweissman2022-k562-essential-k562-rna-essential-legacy-pilot__rpl26__ridge__dataset-heldout-split__ensemble3,bio__env-replogleweissman2022-k562-essential-k562-rna-essential-legacy-pilot__rpl26,3
pred__bio__env-replogleweissman2022-k562-essential-k562-rna-essential-legacy-pilot__clasrp__ridge__dataset-heldout-split__ensemble3,bio__env-replogleweissman2022-k562-essential-k562-rna-essential-legacy-pilot__clasrp,2
pred__bio__env-replogleweissman2022-k562-essential-k562-rna-essential-legacy-pilot__rpl14__ridge__dataset-heldout-split__ensemble3,bio__env-replogleweissman2022-k562-essential-k562-rna-essential-legacy-pilot__rpl14,4
pred__bio__env-replogleweissman2022-k562-essential-k562-rna-essential-legacy-pilot__hmgcs1__ridge__dataset-heldout-split__ensemble3,bio__env-replogleweissman2022-k562-essential-k562-rna-essential-legacy-pilot__hmgcs1,2
pred__bio__env-replogleweissman2022-k562-essential-k562-rna-essential-legacy-pilot__kat8__ridge__dataset-heldout-split__ensemble3,bio__env-replogleweissman2022-k562-essential-k562-rna-essential-legacy-pilot__kat8,4
pred__bio__env-replogleweissman2022-k562-essential-k562-rna-essential-legacy-pilot__eif2b1__ridge__dataset-heldout-split__ensemble3,bio__env-replogleweissman2022-k562-essential-k562-rna-essential-legacy-pilot__eif2b1,1
pred__bio__env-replogleweissman2022-k562-essential-k562-rna-essential-legacy-pilot__gtf3c6__ridge__dataset-heldout-split__ensemble3,bio__env-replogleweissman2022-k562-essential-k562-rna-essential-legacy-pilot__gtf3c6,1
pred__bio__env-replogleweissman2022-k562-essential-k562-rna-essential-legacy-pilot__cs__ridge__dataset-heldout-split__ensemble3,bio__env-replogleweissman2022-k562-essential-k562-rna-essential-legacy-pilot__cs,0
pred__bio__env-replogleweissman2022-k562-essential-k562-rna-essential-legacy-pilot__ythdc1__ridge__dataset-heldout-split__ensemble3,bio__env-replogleweissman2022-k562-essential-k562-rna-essential-legacy-pilot__ythdc1,0
pred__bio__env-replogleweissman2022-k562-essential-k562-rna-essential-legacy-pilot__cenpj__ridge__dataset-heldout-split__ensemble3,bio__env-replogleweissman2022-k562-essential-k562-rna-essential-legacy-pilot__cenpj,2
pred__bio__env-replogleweissman2022-k562-essential-k562-rna-essential-legacy-pilot__dynlrb1__ridge__dataset-heldout-split__ensemble3,bio__env-replogleweissman2022-k562-essential-k562-rna-essential-legacy-pilot__dynlrb1,3
pred__bio__env-replogleweissman2022-k562-essential-k562-rna-essential-legacy-pilot__dctn1__ridge__dataset-heldout-split__ensemble3,bio__env-replogleweissman2022-k562-essential-k562-rna-essential-legacy-pilot__dctn1,0
pred__bio__env-replogleweissman2022-k562-essential-k562-rna-essential-legacy-pilot__wbp11__ridge__dataset-heldout-split__ensemble3,bio__env-replogleweissman2022-k562-essential-k562-rna-essential-legacy-pilot__wbp11,4
pred__bio__env-replogleweissman2022-k562-essential-k562-rna-essential-legacy-pilot__prpf6__ridge__dataset-heldout-split__ensemble3,bio__env-replogleweissman2022-k562-essential-k562-rna-essential-legacy-pilot__prpf6,4
pred__bio__env-replogleweissman2022-k562-essential-k562-rna-essential-legacy-pilot__hnrnpm__ridge__dataset-heldout-split__ensemble3,bio__env-replogleweissman2022-k562-essential-k562-rna-essential-legacy-pilot__hnrnpm,2
pred__bio__env-replogleweissman2022-k562-essential-k562-rna-essential-legacy-pilot__pmf1__ridge__dataset-heldout-split__ensemble3,bio__env-replogleweissman2022-k562-essential-k562-rna-essential-legacy-pilot__pmf1,4
pred__bio__env-replogleweissman2022-k562-essential-k562-rna-essential-legacy-pilot__atp6v1e1__ridge__dataset-heldout-split__ensemble3,bio__env-replogleweissman2022-k562-essential-k562-rna-essential-legacy-pilot__atp6v1e1,1
pred__bio__env-replogleweissman2022-k562-essential-k562-rna-essential-legacy-pilot__brca2__ridge__dataset-heldout-split__ensemble3,bio__env-replogleweissman2022-k562-essential-k562-rna-essential-legacy-pilot__brca2,2
pred__bio__env-replogleweissman2022-k562-essential-k562-rna-essential-legacy-pilot__pop7__ridge__dataset-heldout-split__ensemble3,bio__env-replogleweissman2022-k562-essential-k562-rna-essential-legacy-pilot__pop7,0
pred__bio__env-replogleweissman2022-k562-essential-k562-rna-essential-legacy-pilot__aatf__ridge__dataset-heldout-split__ensemble3,bio__env-replogleweissman2022-k562-essential-k562-rna-essential-legacy-pilot__aatf,0
pred__bio__env-replogleweissman2022-k562-essential-k562-rna-essential-legacy-pilot__gfm1__ridge__dataset-heldout-split__ensemble3,bio__env-replogleweissman2022-k562-essential-k562-rna-essential-legacy-pilot__gfm1,3
pred__bio__env-replogleweissman2022-k562-essential-k562-rna-essential-legacy-pilot__ppp1ca__ridge__dataset-heldout-split__ensemble3,bio__env-replogleweissman2022-k562-essential-k562-rna-essential-legacy-pilot__ppp1ca,4
pred__bio__env-replogleweissman2022-k562-essential-k562-rna-essential-legacy-pilot__eif2b2__ridge__dataset-heldout-split__ensemble3,bio__env-replogleweissman2022-k562-essential-k562-rna-essential-legacy-pilot__eif2b2,4
pred__bio__env-replogleweissman2022-k562-essential-k562-rna-essential-legacy-pilot__rpl6__ridge__dataset-heldout-split__ensemble3,bio__env-replogleweissman2022-k562-essential-k562-rna-essential-legacy-pilot__rpl6,3
pred__bio__env-replogleweissman2022-k562-essential-k562-rna-essential-legacy-pilot__rpl7__ridge__dataset-heldout-split__ensemble3,bio__env-replogleweissman2022-k562-essential-k562-rna-essential-legacy-pilot__rpl7,2
pred__bio__env-replogleweissman2022-k562-essential-k562-rna-essential-legacy-pilot__cfdp1__ridge__dataset-heldout-split__ensemble3,bio__env-replogleweissman2022-k562-essential-k562-rna-essential-legacy-pilot__cfdp1,3
pred__bio__env-replogleweissman2022-k562-essential-k562-rna-essential-legacy-pilot__nubp1__ridge__dataset-heldout-split__ensemble3,bio__env-replogleweissman2022-k562-essential-k562-rna-essential-legacy-pilot__nubp1,0
pred__bio__env-replogleweissman2022-k562-essential-k562-rna-essential-legacy-pilot__xrcc1__ridge__dataset-heldout-split__ensemble3,bio__env-replogleweissman2022-k562-essential-k562-rna-essential-legacy-pilot__xrcc1,1
pred__bio__env-replogleweissman2022-k562-essential-k562-rna-essential-legacy-pilot__drap1__ridge__dataset-heldout-split__ensemble3,bio__env-replogleweissman2022-k562-essential-k562-rna-essential-legacy-pilot__drap1,0
pred__bio__env-replogleweissman2022-k562-essential-k562-rna-essential-legacy-pilot__emc7__ridge__dataset-heldout-split__ensemble3,bio__env-replogleweissman2022-k562-essential-k562-rna-essential-legacy-pilot__emc7,1
pred__bio__env-replogleweissman2022-k562-essential-k562-rna-essential-legacy-pilot__cops4__ridge__dataset-heldout-split__ensemble3,bio__env-replogleweissman2022-k562-essential-k562-rna-essential-legacy-pilot__cops4,3
pred__bio__env-replogleweissman2022-k562-essential-k562-rna-essential-legacy-pilot__ciao1__ridge__dataset-heldout-split__ensemble3,bio__env-replogleweissman2022-k562-essential-k562-rna-essential-legacy-pilot__ciao1,0
pred__bio__env-replogleweissman2022-k562-essential-k562-rna-essential-legacy-pilot__rps9__ridge__dataset-heldout-split__ensemble3,bio__env-replogleweissman2022-k562-essential-k562-rna-essential-legacy-pilot__rps9,2
pred__bio__env-replogleweissman2022-k562-essential-k562-rna-essential-legacy-pilot__trnt1__ridge__dataset-heldout-split__ensemble3,bio__env-replogleweissman2022-k562-essential-k562-rna-essential-legacy-pilot__trnt1,4
pred__bio__env-replogleweissman2022-k562-essential-k562-rna-essential-legacy-pilot__ercc3__ridge__dataset-heldout-split__ensemble3,bio__env-replogleweissman2022-k562-essential-k562-rna-essential-legacy-pilot__ercc3,0
pred__bio__env-replogleweissman2022-k562-essential-k562-rna-essential-legacy-pilot__dolk__ridge__dataset-heldout-split__ensemble3,bio__env-replogleweissman2022-k562-essential-k562-rna-essential-legacy-pilot__dolk,0
pred__bio__env-replogleweissman2022-k562-essential-k562-rna-essential-legacy-pilot__mtbp__ridge__dataset-heldout-split__ensemble3,bio__env-replogleweissman2022-k562-essential-k562-rna-essential-legacy-pilot__mtbp,1
pred__bio__env-replogleweissman2022-k562-essential-k562-rna-essential-legacy-pilot__rnf40__ridge__dataset-heldout-split__ensemble3,bio__env-replogleweissman2022-k562-essential-k562-rna-essential-legacy-pilot__rnf40,0
pred__bio__env-replogleweissman2022-k562-essential-k562-rna-essential-legacy-pilot__nip7__ridge__dataset-heldout-split__ensemble3,bio__env-replogleweissman2022-k562-essential-k562-rna-essential-legacy-pilot__nip7,0
pred__bio__env-replogleweissman2022-k562-essential-k562-rna-essential-legacy-pilot__pcid2__ridge__dataset-heldout-split__ensemble3,bio__env-replogleweissman2022-k562-essential-k562-rna-essential-legacy-pilot__pcid2,2
pred__bio__env-replogleweissman2022-k562-essential-k562-rna-essential-legacy-pilot__dph2__ridge__dataset-heldout-split__ensemble3,bio__env-replogleweissman2022-k562-essential-k562-rna-essential-legacy-pilot__dph2,1
pred__bio__env-replogleweissman2022-k562-essential-k562-rna-essential-legacy-pilot__trmt112__ridge__dataset-heldout-split__ensemble3,bio__env-replogleweissman2022-k562-essential-k562-rna-essential-legacy-pilot__trmt112,0
pred__bio__env-replogleweissman2022-k562-essential-k562-rna-essential-legacy-pilot__tmsb10__ridge__dataset-heldout-split__ensemble3,bio__env-replogleweissman2022-k562-essential-k562-rna-essential-legacy-pilot__tmsb10,4
pred__bio__env-replogleweissman2022-k562-essential-k562-rna-essential-legacy-pilot__riok2__ridge__dataset-heldout-split__ensemble3,bio__env-replogleweissman2022-k562-essential-k562-rna-essential-legacy-pilot__riok2,1
pred__bio__env-replogleweissman2022-k562-essential-k562-rna-essential-legacy-pilot__eif2s1__ridge__dataset-heldout-split__ensemble3,bio__env-replogleweissman2022-k562-essential-k562-rna-essential-legacy-pilot__eif2s1,3
pred__bio__env-replogleweissman2022-k562-essential-k562-rna-essential-legacy-pilot__sod2__ridge__dataset-heldout-split__ensemble3,bio__env-replogleweissman2022-k562-essential-k562-rna-essential-legacy-pilot__sod2,0
pred__bio__env-replogleweissman2022-k562-essential-k562-rna-essential-legacy-pilot__rbm4__ridge__dataset-heldout-split__ensemble3,bio__env-replogleweissman2022-k562-essential-k562-rna-essential-legacy-pilot__rbm4,3
pred__bio__env-replogleweissman2022-k562-essential-k562-rna-essential-legacy-pilot__wbp1l__ridge__dataset-heldout-split__ensemble3,bio__env-replogleweissman2022-k562-essential-k562-rna-essential-legacy-pilot__wbp1l,1
pred__bio__env-replogleweissman2022-k562-essential-k562-rna-essential-legacy-pilot__fcf1__ridge__dataset-heldout-split__ensemble3,bio__env-replogleweissman2022-k562-essential-k562-rna-essential-legacy-pilot__fcf1,4
pred__bio__env-replogleweissman2022-k562-essential-k562-rna-essential-legacy-pilot__ppp4r2__ridge__dataset-heldout-split__ensemble3,bio__env-replogleweissman2022-k562-essential-k562-rna-essential-legacy-pilot__ppp4r2,2
pred__bio__env-replogleweissman2022-k562-essential-k562-rna-essential-legacy-pilot__foxl2__ridge__dataset-heldout-split__ensemble3,bio__env-replogleweissman2022-k562-essential-k562-rna-essential-legacy-pilot__foxl2,1
pred__bio__env-replogleweissman2022-k562-essential-k562-rna-essential-legacy-pilot__tefm__ridge__dataset-heldout-split__ensemble3,bio__env-replogleweissman2022-k562-essential-k562-rna-essential-legacy-pilot__tefm,2
pred__bio__env-replogleweissman2022-k562-essential-k562-rna-essential-legacy-pilot__mepce__ridge__dataset-heldout-split__ensemble3,bio__env-replogleweissman2022-k562-essential-k562-rna-essential-legacy-pilot__mepce,3
pred__bio__env-replogleweissman2022-k562-essential-k562-rna-essential-legacy-pilot__ints1__ridge__dataset-heldout-split__ensemble3,bio__env-replogleweissman2022-k562-essential-k562-rna-essential-legacy-pilot__ints1,3
pred__bio__env-replogleweissman2022-k562-essential-k562-rna-essential-legacy-pilot__asf1b__ridge__dataset-heldout-split__ensemble3,bio__env-replogleweissman2022-k562-essential-k562-rna-essential-legacy-pilot__asf1b,0
pred__bio__env-replogleweissman2022-k562-essential-k562-rna-essential-legacy-pilot__hus1__ridge__dataset-heldout-split__ensemble3,bio__env-replogleweissman2022-k562-essential-k562-rna-essential-legacy-pilot__hus1,2
pred__bio__env-replogleweissman2022-k562-essential-k562-rna-essential-legacy-pilot__tut1__ridge__dataset-heldout-split__ensemble3,bio__env-replogleweissman2022-k562-essential-k562-rna-essential-legacy-pilot__tut1,3
pred__bio__env-replogleweissman2022-k562-essential-k562-rna-essential-legacy-pilot__c9orf16__ridge__dataset-heldout-split__ensemble3,bio__env-replogleweissman2022-k562-essential-k562-rna-essential-legacy-pilot__c9orf16,3
pred__bio__env-replogleweissman2022-k562-essential-k562-rna-essential-legacy-pilot__naa20__ridge__dataset-heldout-split__ensemble3,bio__env-replogleweissman2022-k562-essential-k562-rna-essential-legacy-pilot__naa20,1
pred__bio__env-replogleweissman2022-k562-essential-k562-rna-essential-legacy-pilot__rpsa__ridge__dataset-heldout-split__ensemble3,bio__env-replogleweissman2022-k562-essential-k562-rna-essential-legacy-pilot__rpsa,3
pred__bio__env-replogleweissman2022-k562-essential-k562-rna-essential-legacy-pilot__ndufs5__ridge__dataset-heldout-split__ensemble3,bio__env-replogleweissman2022-k562-essential-k562-rna-essential-legacy-pilot__ndufs5,3
pred__bio__env-replogleweissman2022-k562-essential-k562-rna-essential-legacy-pilot__ahctf1__ridge__dataset-heldout-split__ensemble3,bio__env-replogleweissman2022-k562-essential-k562-rna-essential-legacy-pilot__ahctf1,2
pred__bio__env-replogleweissman2022-k562-essential-k562-rna-essential-legacy-pilot__wdhd1__ridge__dataset-heldout-split__ensemble3,bio__env-replogleweissman2022-k562-essential-k562-rna-essential-legacy-pilot__wdhd1,0
pred__bio__env-replogleweissman2022-k562-essential-k562-rna-essential-legacy-pilot__copg1__ridge__dataset-heldout-split__ensemble3,bio__env-replogleweissman2022-k562-essential-k562-rna-essential-legacy-pilot__copg1,4
pred__bio__env-replogleweissman2022-k562-essential-k562-rna-essential-legacy-pilot__slu7__ridge__dataset-heldout-split__ensemble3,bio__env-replogleweissman2022-k562-essential-k562-rna-essential-legacy-pilot__slu7,4
pred__bio__env-replogleweissman2022-k562-essential-k562-rna-essential-legacy-pilot__polrmt__ridge__dataset-heldout-split__ensemble3,bio__env-replogleweissman2022-k562-essential-k562-rna-essential-legacy-pilot__polrmt,4
pred__bio__env-replogleweissman2022-k562-essential-k562-rna-essential-legacy-pilot__iars2__ridge__dataset-heldout-split__ensemble3,bio__env-replogleweissman2022-k562-essential-k562-rna-essential-legacy-pilot__iars2,1
pred__bio__env-replogleweissman2022-k562-essential-k562-rna-essential-legacy-pilot__thoc2__ridge__dataset-heldout-split__ensemble3,bio__env-replogleweissman2022-k562-essential-k562-rna-essential-legacy-pilot__thoc2,2
pred__bio__env-replogleweissman2022-k562-essential-k562-rna-essential-legacy-pilot__nedd8__ridge__dataset-heldout-split__ensemble3,bio__env-replogleweissman2022-k562-essential-k562-rna-essential-legacy-pilot__nedd8,2
pred__bio__env-replogleweissman2022-k562-essential-k562-rna-essential-legacy-pilot__abce1__ridge__dataset-heldout-split__ensemble3,bio__env-replogleweissman2022-k562-essential-k562-rna-essential-legacy-pilot__abce1,4
pred__bio__env-replogleweissman2022-k562-essential-k562-rna-essential-legacy-pilot__ino80__ridge__dataset-heldout-split__ensemble3,bio__env-replogleweissman2022-k562-essential-k562-rna-essential-legacy-pilot__ino80,0
pred__bio__env-replogleweissman2022-k562-essential-k562-rna-essential-legacy-pilot__mbtps2__ridge__dataset-heldout-split__ensemble3,bio__env-replogleweissman2022-k562-essential-k562-rna-essential-legacy-pilot__mbtps2,2
pred__bio__env-replogleweissman2022-k562-essential-k562-rna-essential-legacy-pilot__rps24__ridge__dataset-heldout-split__ensemble3,bio__env-replogleweissman2022-k562-essential-k562-rna-essential-legacy-pilot__rps24,0
pred__bio__env-replogleweissman2022-k562-essential-k562-rna-essential-legacy-pilot__actr2__ridge__dataset-heldout-split__ensemble3,bio__env-replogleweissman2022-k562-essential-k562-rna-essential-legacy-pilot__actr2,3
pred__bio__env-replogleweissman2022-k562-essential-k562-rna-essential-legacy-pilot__mrpl45__ridge__dataset-heldout-split__ensemble3,bio__env-replogleweissman2022-k562-essential-k562-rna-essential-legacy-pilot__mrpl45,4
pred__bio__env-replogleweissman2022-k562-essential-k562-rna-essential-legacy-pilot__znf284__ridge__dataset-heldout-split__ensemble3,bio__env-replogleweissman2022-k562-essential-k562-rna-essential-legacy-pilot__znf284,4
pred__bio__env-replogleweissman2022-k562-essential-k562-rna-essential-legacy-pilot__nfrkb__ridge__dataset-heldout-split__ensemble3,bio__env-replogleweissman2022-k562-essential-k562-rna-essential-legacy-pilot__nfrkb,0
pred__bio__env-replogleweissman2022-k562-essential-k562-rna-essential-legacy-pilot__ddx46__ridge__dataset-heldout-split__ensemble3,bio__env-replogleweissman2022-k562-essential-k562-rna-essential-legacy-pilot__ddx46,1
pred__bio__env-replogleweissman2022-k562-essential-k562-rna-essential-legacy-pilot__dnttip2__ridge__dataset-heldout-split__ensemble3,bio__env-replogleweissman2022-k562-essential-k562-rna-essential-legacy-pilot__dnttip2,3
pred__bio__env-replogleweissman2022-k562-essential-k562-rna-essential-legacy-pilot__tubgcp2__ridge__dataset-heldout-split__ensemble3,bio__env-replogleweissman2022-k562-essential-k562-rna-essential-legacy-pilot__tubgcp2,2
pred__bio__env-replogleweissman2022-k562-essential-k562-rna-essential-legacy-pilot__pla2g10__ridge__dataset-heldout-split__ensemble3,bio__env-replogleweissman2022-k562-essential-k562-rna-essential-legacy-pilot__pla2g10,2
pred__bio__env-replogleweissman2022-k562-essential-k562-rna-essential-legacy-pilot__bcl2l1__ridge__dataset-heldout-split__ensemble3,bio__env-replogleweissman2022-k562-essential-k562-rna-essential-legacy-pilot__bcl2l1,2
pred__bio__env-replogleweissman2022-k562-essential-k562-rna-essential-legacy-pilot__rpl32__ridge__dataset-heldout-split__ensemble3,bio__env-replogleweissman2022-k562-essential-k562-rna-essential-legacy-pilot__rpl32,1
pred__bio__env-replogleweissman2022-k562-essential-k562-rna-essential-legacy-pilot__mrpl36__ridge__dataset-heldout-split__ensemble3,bio__env-replogleweissman2022-k562-essential-k562-rna-essential-legacy-pilot__mrpl36,0
pred__bio__env-replogleweissman2022-k562-essential-k562-rna-essential-legacy-pilot__ears2__ridge__dataset-heldout-split__ensemble3,bio__env-replogleweissman2022-k562-essential-k562-rna-essential-legacy-pilot__ears2,2
pred__bio__env-replogleweissman2022-k562-essential-k562-rna-essential-legacy-pilot__ndc80__ridge__dataset-heldout-split__ensemble3,bio__env-replogleweissman2022-k562-essential-k562-rna-essential-legacy-pilot__ndc80,1
pred__bio__env-replogleweissman2022-k562-essential-k562-rna-essential-legacy-pilot__eif3e__ridge__dataset-heldout-split__ensemble3,bio__env-replogleweissman2022-k562-essential-k562-rna-essential-legacy-pilot__eif3e,0
pred__bio__env-replogleweissman2022-k562-essential-k562-rna-essential-legacy-pilot__bglap__ridge__dataset-heldout-split__ensemble3,bio__env-replogleweissman2022-k562-essential-k562-rna-essential-legacy-pilot__bglap,4
pred__bio__env-replogleweissman2022-k562-essential-k562-rna-essential-legacy-pilot__ubl5__ridge__dataset-heldout-split__ensemble3,bio__env-replogleweissman2022-k562-essential-k562-rna-essential-legacy-pilot__ubl5,0
pred__bio__env-replogleweissman2022-k562-essential-k562-rna-essential-legacy-pilot__klc2__ridge__dataset-heldout-split__ensemble3,bio__env-replogleweissman2022-k562-essential-k562-rna-essential-legacy-pilot__klc2,4
pred__bio__env-replogleweissman2022-k562-essential-k562-rna-essential-legacy-pilot__mak16__ridge__dataset-heldout-split__ensemble3,bio__env-replogleweissman2022-k562-essential-k562-rna-essential-legacy-pilot__mak16,4
pred__bio__env-replogleweissman2022-k562-essential-k562-rna-essential-legacy-pilot__polr1e__ridge__dataset-heldout-split__ensemble3,bio__env-replogleweissman2022-k562-essential-k562-rna-essential-legacy-pilot__polr1e,1
pred__bio__env-replogleweissman2022-k562-essential-k562-rna-essential-legacy-pilot__sdad1__ridge__dataset-heldout-split__ensemble3,bio__env-replogleweissman2022-k562-essential-k562-rna-essential-legacy-pilot__sdad1,0
pred__bio__env-replogleweissman2022-k562-essential-k562-rna-essential-legacy-pilot__mrps35__ridge__dataset-heldout-split__ensemble3,bio__env-replogleweissman2022-k562-essential-k562-rna-essential-legacy-pilot__mrps35,3
pred__bio__env-replogleweissman2022-k562-essential-k562-rna-essential-legacy-pilot__yeats2__ridge__dataset-heldout-split__ensemble3,bio__env-replogleweissman2022-k562-essential-k562-rna-essential-legacy-pilot__yeats2,1
pred__bio__env-replogleweissman2022-k562-essential-k562-rna-essential-legacy-pilot__banf1__ridge__dataset-heldout-split__ensemble3,bio__env-replogleweissman2022-k562-essential-k562-rna-essential-legacy-pilot__banf1,4
pred__bio__env-replogleweissman2022-k562-essential-k562-rna-essential-legacy-pilot__yeats4__ridge__dataset-heldout-split__ensemble3,bio__env-replogleweissman2022-k562-essential-k562-rna-essential-legacy-pilot__yeats4,1
pred__bio__env-replogleweissman2022-k562-essential-k562-rna-essential-legacy-pilot__rpl19__ridge__dataset-heldout-split__ensemble3,bio__env-replogleweissman2022-k562-essential-k562-rna-essential-legacy-pilot__rpl19,3
pred__bio__env-replogleweissman2022-k562-essential-k562-rna-essential-legacy-pilot__dhodh__ridge__dataset-heldout-split__ensemble3,bio__env-replogleweissman2022-k562-essential-k562-rna-essential-legacy-pilot__dhodh,3
pred__bio__env-replogleweissman2022-k562-essential-k562-rna-essential-legacy-pilot__brf2__ridge__dataset-heldout-split__ensemble3,bio__env-replogleweissman2022-k562-essential-k562-rna-essential-legacy-pilot__brf2,1
pred__bio__env-replogleweissman2022-k562-essential-k562-rna-essential-legacy-pilot__rhpn1__ridge__dataset-heldout-split__ensemble3,bio__env-replogleweissman2022-k562-essential-k562-rna-essential-legacy-pilot__rhpn1,4
pred__bio__env-replogleweissman2022-k562-essential-k562-rna-essential-legacy-pilot__pold1__ridge__dataset-heldout-split__ensemble3,bio__env-replogleweissman2022-k562-essential-k562-rna-essential-legacy-pilot__pold1,2
pred__bio__env-replogleweissman2022-k562-essential-k562-rna-essential-legacy-pilot__psmc4__ridge__dataset-heldout-split__ensemble3,bio__env-replogleweissman2022-k562-essential-k562-rna-essential-legacy-pilot__psmc4,3
pred__bio__env-replogleweissman2022-k562-essential-k562-rna-essential-legacy-pilot__psmd12__ridge__dataset-heldout-split__ensemble3,bio__env-replogleweissman2022-k562-essential-k562-rna-essential-legacy-pilot__psmd12,0
pred__bio__env-replogleweissman2022-k562-essential-k562-rna-essential-legacy-pilot__unc45a__ridge__dataset-heldout-split__ensemble3,bio__env-replogleweissman2022-k562-essential-k562-rna-essential-legacy-pilot__unc45a,3
pred__bio__env-replogleweissman2022-k562-essential-k562-rna-essential-legacy-pilot__bap1__ridge__dataset-heldout-split__ensemble3,bio__env-replogleweissman2022-k562-essential-k562-rna-essential-legacy-pilot__bap1,3
pred__bio__env-replogleweissman2022-k562-essential-k562-rna-essential-legacy-pilot__ube2l3__ridge__dataset-heldout-split__ensemble3,bio__env-replogleweissman2022-k562-essential-k562-rna-essential-legacy-pilot__ube2l3,1
pred__bio__env-replogleweissman2022-k562-essential-k562-rna-essential-legacy-pilot__ube2d3__ridge__dataset-heldout-split__ensemble3,bio__env-replogleweissman2022-k562-essential-k562-rna-essential-legacy-pilot__ube2d3,2
pred__bio__env-replogleweissman2022-k562-essential-k562-rna-essential-legacy-pilot__cdc37__ridge__dataset-heldout-split__ensemble3,bio__env-replogleweissman2022-k562-essential-k562-rna-essential-legacy-pilot__cdc37,3
pred__bio__env-replogleweissman2022-k562-essential-k562-rna-essential-legacy-pilot__ino80b__ridge__dataset-heldout-split__ensemble3,bio__env-replogleweissman2022-k562-essential-k562-rna-essential-legacy-pilot__ino80b,4
pred__bio__env-replogleweissman2022-k562-essential-k562-rna-essential-legacy-pilot__npb__ridge__dataset-heldout-split__ensemble3,bio__env-replogleweissman2022-k562-essential-k562-rna-essential-legacy-pilot__npb,1
pred__bio__env-replogleweissman2022-k562-essential-k562-rna-essential-legacy-pilot__trappc4__ridge__dataset-heldout-split__ensemble3,bio__env-replogleweissman2022-k562-essential-k562-rna-essential-legacy-pilot__trappc4,1
pred__bio__env-replogleweissman2022-k562-essential-k562-rna-essential-legacy-pilot__polr2i__ridge__dataset-heldout-split__ensemble3,bio__env-replogleweissman2022-k562-essential-k562-rna-essential-legacy-pilot__polr2i,3
pred__bio__env-replogleweissman2022-k562-essential-k562-rna-essential-legacy-pilot__gfer__ridge__dataset-heldout-split__ensemble3,bio__env-replogleweissman2022-k562-essential-k562-rna-essential-legacy-pilot__gfer,4
pred__bio__env-replogleweissman2022-k562-essential-k562-rna-essential-legacy-pilot__anapc2__ridge__dataset-heldout-split__ensemble3,bio__env-replogleweissman2022-k562-essential-k562-rna-essential-legacy-pilot__anapc2,2
pred__bio__env-replogleweissman2022-k562-essential-k562-rna-essential-legacy-pilot__exoc3__ridge__dataset-heldout-split__ensemble3,bio__env-replogleweissman2022-k562-essential-k562-rna-essential-legacy-pilot__exoc3,4
pred__bio__env-replogleweissman2022-k562-essential-k562-rna-essential-legacy-pilot__slc16a5__ridge__dataset-heldout-split__ensemble3,bio__env-replogleweissman2022-k562-essential-k562-rna-essential-legacy-pilot__slc16a5,3
pred__bio__env-replogleweissman2022-k562-essential-k562-rna-essential-legacy-pilot__rsl24d1__ridge__dataset-heldout-split__ensemble3,bio__env-replogleweissman2022-k562-essential-k562-rna-essential-legacy-pilot__rsl24d1,1
pred__bio__env-replogleweissman2022-k562-essential-k562-rna-essential-legacy-pilot__atrip__ridge__dataset-heldout-split__ensemble3,bio__env-replogleweissman2022-k562-essential-k562-rna-essential-legacy-pilot__atrip,0
pred__bio__env-replogleweissman2022-k562-essential-k562-rna-essential-legacy-pilot__dhx36__ridge__dataset-heldout-split__ensemble3,bio__env-replogleweissman2022-k562-essential-k562-rna-essential-legacy-pilot__dhx36,4
pred__bio__env-replogleweissman2022-k562-essential-k562-rna-essential-legacy-pilot__lsm11__ridge__dataset-heldout-split__ensemble3,bio__env-replogleweissman2022-k562-essential-k562-rna-essential-legacy-pilot__lsm11,3
pred__bio__env-replogleweissman2022-k562-essential-k562-rna-essential-legacy-pilot__aaas__ridge__dataset-heldout-split__ensemble3,bio__env-replogleweissman2022-k562-essential-k562-rna-essential-legacy-pilot__aaas,2
pred__bio__env-replogleweissman2022-k562-essential-k562-rna-essential-legacy-pilot__pgam1__ridge__dataset-heldout-split__ensemble3,bio__env-replogleweissman2022-k562-essential-k562-rna-essential-legacy-pilot__pgam1,4
pred__bio__env-replogleweissman2022-k562-essential-k562-rna-essential-legacy-pilot__rnf8__ridge__dataset-heldout-split__ensemble3,bio__env-replogleweissman2022-k562-essential-k562-rna-essential-legacy-pilot__rnf8,2
pred__bio__env-replogleweissman2022-k562-essential-k562-rna-essential-legacy-pilot__ube2h__ridge__dataset-heldout-split__ensemble3,bio__env-replogleweissman2022-k562-essential-k562-rna-essential-legacy-pilot__ube2h,1
pred__bio__env-replogleweissman2022-k562-essential-k562-rna-essential-legacy-pilot__cul1__ridge__dataset-heldout-split__ensemble3,bio__env-replogleweissman2022-k562-essential-k562-rna-essential-legacy-pilot__cul1,1
pred__bio__env-replogleweissman2022-k562-essential-k562-rna-essential-legacy-pilot__rac3__ridge__dataset-heldout-split__ensemble3,bio__env-replogleweissman2022-k562-essential-k562-rna-essential-legacy-pilot__rac3,1
pred__bio__env-replogleweissman2022-k562-essential-k562-rna-essential-legacy-pilot__wdr26__ridge__dataset-heldout-split__ensemble3,bio__env-replogleweissman2022-k562-essential-k562-rna-essential-legacy-pilot__wdr26,2
pred__bio__env-replogleweissman2022-k562-essential-k562-rna-essential-legacy-pilot__psma1__ridge__dataset-heldout-split__ensemble3,bio__env-replogleweissman2022-k562-essential-k562-rna-essential-legacy-pilot__psma1,3
pred__bio__env-replogleweissman2022-k562-essential-k562-rna-essential-legacy-pilot__casp8ap2__ridge__dataset-heldout-split__ensemble3,bio__env-replogleweissman2022-k562-essential-k562-rna-essential-legacy-pilot__casp8ap2,3
pred__bio__env-replogleweissman2022-k562-essential-k562-rna-essential-legacy-pilot__kansl2__ridge__dataset-heldout-split__ensemble3,bio__env-replogleweissman2022-k562-essential-k562-rna-essential-legacy-pilot__kansl2,4
pred__bio__env-replogleweissman2022-k562-essential-k562-rna-essential-legacy-pilot__ptpmt1__ridge__dataset-heldout-split__ensemble3,bio__env-replogleweissman2022-k562-essential-k562-rna-essential-legacy-pilot__ptpmt1,4
pred__bio__env-replogleweissman2022-k562-essential-k562-rna-essential-legacy-pilot__naa35__ridge__dataset-heldout-split__ensemble3,bio__env-replogleweissman2022-k562-essential-k562-rna-essential-legacy-pilot__naa35,1
pred__bio__env-replogleweissman2022-k562-essential-k562-rna-essential-legacy-pilot__ccdc115__ridge__dataset-heldout-split__ensemble3,bio__env-replogleweissman2022-k562-essential-k562-rna-essential-legacy-pilot__ccdc115,2
pred__bio__env-replogleweissman2022-k562-essential-k562-rna-essential-legacy-pilot__snrpd3__ridge__dataset-heldout-split__ensemble3,bio__env-replogleweissman2022-k562-essential-k562-rna-essential-legacy-pilot__snrpd3,1
pred__bio__env-replogleweissman2022-k562-essential-k562-rna-essential-legacy-pilot__dhx37__ridge__dataset-heldout-split__ensemble3,bio__env-replogleweissman2022-k562-essential-k562-rna-essential-legacy-pilot__dhx37,0
pred__bio__env-replogleweissman2022-k562-essential-k562-rna-essential-legacy-pilot__xpo1__ridge__dataset-heldout-split__ensemble3,bio__env-replogleweissman2022-k562-essential-k562-rna-essential-legacy-pilot__xpo1,4
pred__bio__env-replogleweissman2022-k562-essential-k562-rna-essential-legacy-pilot__lsm5__ridge__dataset-heldout-split__ensemble3,bio__env-replogleweissman2022-k562-essential-k562-rna-essential-legacy-pilot__lsm5,2
pred__bio__env-replogleweissman2022-k562-essential-k562-rna-essential-legacy-pilot__cct2__ridge__dataset-heldout-split__ensemble3,bio__env-replogleweissman2022-k562-essential-k562-rna-essential-legacy-pilot__cct2,4
pred__bio__env-replogleweissman2022-k562-essential-k562-rna-essential-legacy-pilot__ppp1r12a__ridge__dataset-heldout-split__ensemble3,bio__env-replogleweissman2022-k562-essential-k562-rna-essential-legacy-pilot__ppp1r12a,3
pred__bio__env-replogleweissman2022-k562-essential-k562-rna-essential-legacy-pilot__ndufb4__ridge__dataset-heldout-split__ensemble3,bio__env-replogleweissman2022-k562-essential-k562-rna-essential-legacy-pilot__ndufb4,0
pred__bio__env-replogleweissman2022-k562-essential-k562-rna-essential-legacy-pilot__sars2__ridge__dataset-heldout-split__ensemble3,bio__env-replogleweissman2022-k562-essential-k562-rna-essential-legacy-pilot__sars2,0
pred__bio__env-replogleweissman2022-k562-essential-k562-rna-essential-legacy-pilot__rpl27a__ridge__dataset-heldout-split__ensemble3,bio__env-replogleweissman2022-k562-essential-k562-rna-essential-legacy-pilot__rpl27a,2
pred__bio__env-replogleweissman2022-k562-essential-k562-rna-essential-legacy-pilot__rpl36al__ridge__dataset-heldout-split__ensemble3,bio__env-replogleweissman2022-k562-essential-k562-rna-essential-legacy-pilot__rpl36al,4
pred__bio__env-replogleweissman2022-k562-essential-k562-rna-essential-legacy-pilot__ctr9__ridge__dataset-heldout-split__ensemble3,bio__env-replogleweissman2022-k562-essential-k562-rna-essential-legacy-pilot__ctr9,2
pred__bio__env-replogleweissman2022-k562-essential-k562-rna-essential-legacy-pilot__pdcd6__ridge__dataset-heldout-split__ensemble3,bio__env-replogleweissman2022-k562-essential-k562-rna-essential-legacy-pilot__pdcd6,2
pred__bio__env-replogleweissman2022-k562-essential-k562-rna-essential-legacy-pilot__vps37c__ridge__dataset-heldout-split__ensemble3,bio__env-replogleweissman2022-k562-essential-k562-rna-essential-legacy-pilot__vps37c,2
pred__bio__env-replogleweissman2022-k562-essential-k562-rna-essential-legacy-pilot__dctn2__ridge__dataset-heldout-split__ensemble3,bio__env-replogleweissman2022-k562-essential-k562-rna-essential-legacy-pilot__dctn2,4
pred__bio__env-replogleweissman2022-k562-essential-k562-rna-essential-legacy-pilot__msrb1__ridge__dataset-heldout-split__ensemble3,bio__env-replogleweissman2022-k562-essential-k562-rna-essential-legacy-pilot__msrb1,2
pred__bio__env-replogleweissman2022-k562-essential-k562-rna-essential-legacy-pilot__gtf2h4__ridge__dataset-heldout-split__ensemble3,bio__env-replogleweissman2022-k562-essential-k562-rna-essential-legacy-pilot__gtf2h4,3
pred__bio__env-replogleweissman2022-k562-essential-k562-rna-essential-legacy-pilot__prkrip1__ridge__dataset-heldout-split__ensemble3,bio__env-replogleweissman2022-k562-essential-k562-rna-essential-legacy-pilot__prkrip1,1
pred__bio__env-replogleweissman2022-k562-essential-k562-rna-essential-legacy-pilot__atp6ap2__ridge__dataset-heldout-split__ensemble3,bio__env-replogleweissman2022-k562-essential-k562-rna-essential-legacy-pilot__atp6ap2,4
pred__bio__env-replogleweissman2022-k562-essential-k562-rna-essential-legacy-pilot__phb__ridge__dataset-heldout-split__ensemble3,bio__env-replogleweissman2022-k562-essential-k562-rna-essential-legacy-pilot__phb,3
pred__bio__env-replogleweissman2022-k562-essential-k562-rna-essential-legacy-pilot__dsn1__ridge__dataset-heldout-split__ensemble3,bio__env-replogleweissman2022-k562-essential-k562-rna-essential-legacy-pilot__dsn1,3
pred__bio__env-replogleweissman2022-k562-essential-k562-rna-essential-legacy-pilot__hdac7__ridge__dataset-heldout-split__ensemble3,bio__env-replogleweissman2022-k562-essential-k562-rna-essential-legacy-pilot__hdac7,1
pred__bio__env-replogleweissman2022-k562-essential-k562-rna-essential-legacy-pilot__ddx52__ridge__dataset-heldout-split__ensemble3,bio__env-replogleweissman2022-k562-essential-k562-rna-essential-legacy-pilot__ddx52,0
pred__bio__env-replogleweissman2022-k562-essential-k562-rna-essential-legacy-pilot__ccnl1__ridge__dataset-heldout-split__ensemble3,bio__env-replogleweissman2022-k562-essential-k562-rna-essential-legacy-pilot__ccnl1,0
pred__bio__env-replogleweissman2022-rpe1-rpe1-rna-baseline__gfm1__mean-global__dataset-heldout-split__ensemble3,bio__env-replogleweissman2022-rpe1-rpe1-rna-baseline__gfm1,0
pred__bio__env-replogleweissman2022-rpe1-rpe1-rna-baseline__fbxo42__mean-global__dataset-heldout-split__ensemble3,bio__env-replogleweissman2022-rpe1-rpe1-rna-baseline__fbxo42,3
pred__bio__env-replogleweissman2022-rpe1-rpe1-rna-baseline__control__mean-global__dataset-heldout-split__ensemble3,bio__env-replogleweissman2022-rpe1-rpe1-rna-baseline__control,2
pred__bio__env-replogleweissman2022-rpe1-rpe1-rna-baseline__slc1a5__mean-global__dataset-heldout-split__ensemble3,bio__env-replogleweissman2022-rpe1-rpe1-rna-baseline__slc1a5,1
pred__bio__env-replogleweissman2022-rpe1-rpe1-rna-baseline__ccdc78__mean-global__dataset-heldout-split__ensemble3,bio__env-replogleweissman2022-rpe1-rpe1-rna-baseline__ccdc78,2
pred__bio__env-replogleweissman2022-rpe1-rpe1-rna-baseline__tacc3__mean-global__dataset-heldout-split__ensemble3,bio__env-replogleweissman2022-rpe1-rpe1-rna-baseline__tacc3,4
pred__bio__env-replogleweissman2022-rpe1-rpe1-rna-baseline__csh2__mean-global__dataset-heldout-split__ensemble3,bio__env-replogleweissman2022-rpe1-rpe1-rna-baseline__csh2,1
pred__bio__env-replogleweissman2022-rpe1-rpe1-rna-baseline__mybl2__mean-global__dataset-heldout-split__ensemble3,bio__env-replogleweissman2022-rpe1-rpe1-rna-baseline__mybl2,1
pred__bio__env-replogleweissman2022-rpe1-rpe1-rna-baseline__pkm__mean-global__dataset-heldout-split__ensemble3,bio__env-replogleweissman2022-rpe1-rpe1-rna-baseline__pkm,1
pred__bio__env-replogleweissman2022-rpe1-rpe1-rna-baseline__espn__mean-global__dataset-heldout-split__ensemble3,bio__env-replogleweissman2022-rpe1-rpe1-rna-baseline__espn,4
pred__bio__env-replogleweissman2022-rpe1-rpe1-rna-baseline__eps8l1__mean-global__dataset-heldout-split__ensemble3,bio__env-replogleweissman2022-rpe1-rpe1-rna-baseline__eps8l1,3
pred__bio__env-replogleweissman2022-rpe1-rpe1-rna-baseline__fam136a__mean-global__dataset-heldout-split__ensemble3,bio__env-replogleweissman2022-rpe1-rpe1-rna-baseline__fam136a,4
pred__bio__env-replogleweissman2022-rpe1-rpe1-rna-baseline__twf1__mean-global__dataset-heldout-split__ensemble3,bio__env-replogleweissman2022-rpe1-rpe1-rna-baseline__twf1,0
pred__bio__env-replogleweissman2022-rpe1-rpe1-rna-baseline__dnm1__mean-global__dataset-heldout-split__ensemble3,bio__env-replogleweissman2022-rpe1-rpe1-rna-baseline__dnm1,4
pred__bio__env-replogleweissman2022-rpe1-rpe1-rna-baseline__ssbp3__mean-global__dataset-heldout-split__ensemble3,bio__env-replogleweissman2022-rpe1-rpe1-rna-baseline__ssbp3,4
pred__bio__env-replogleweissman2022-rpe1-rpe1-rna-baseline__clock__mean-global__dataset-heldout-split__ensemble3,bio__env-replogleweissman2022-rpe1-rpe1-rna-baseline__clock,4
pred__bio__env-replogleweissman2022-rpe1-rpe1-rna-baseline__mrpl36__mean-global__dataset-heldout-split__ensemble3,bio__env-replogleweissman2022-rpe1-rpe1-rna-baseline__mrpl36,4
pred__bio__env-replogleweissman2022-rpe1-rpe1-rna-baseline__timm23b__mean-global__dataset-heldout-split__ensemble3,bio__env-replogleweissman2022-rpe1-rpe1-rna-baseline__timm23b,3
pred__bio__env-replogleweissman2022-rpe1-rpe1-rna-baseline__tfam__mean-global__dataset-heldout-split__ensemble3,bio__env-replogleweissman2022-rpe1-rpe1-rna-baseline__tfam,1
pred__bio__env-replogleweissman2022-rpe1-rpe1-rna-baseline__smn2__mean-global__dataset-heldout-split__ensemble3,bio__env-replogleweissman2022-rpe1-rpe1-rna-baseline__smn2,4
pred__bio__env-replogleweissman2022-rpe1-rpe1-rna-baseline__mrpl35__mean-global__dataset-heldout-split__ensemble3,bio__env-replogleweissman2022-rpe1-rpe1-rna-baseline__mrpl35,3
pred__bio__env-replogleweissman2022-rpe1-rpe1-rna-baseline__ppp6c__mean-global__dataset-heldout-split__ensemble3,bio__env-replogleweissman2022-rpe1-rpe1-rna-baseline__ppp6c,0
pred__bio__env-replogleweissman2022-rpe1-rpe1-rna-baseline__ik__mean-global__dataset-heldout-split__ensemble3,bio__env-replogleweissman2022-rpe1-rpe1-rna-baseline__ik,4
pred__bio__env-replogleweissman2022-rpe1-rpe1-rna-baseline__poglut3__mean-global__dataset-heldout-split__ensemble3,bio__env-replogleweissman2022-rpe1-rpe1-rna-baseline__poglut3,4
pred__bio__env-replogleweissman2022-rpe1-rpe1-rna-baseline__pcbp2__mean-global__dataset-heldout-split__ensemble3,bio__env-replogleweissman2022-rpe1-rpe1-rna-baseline__pcbp2,4
pred__bio__env-replogleweissman2022-rpe1-rpe1-rna-baseline__tardbp__mean-global__dataset-heldout-split__ensemble3,bio__env-replogleweissman2022-rpe1-rpe1-rna-baseline__tardbp,3
pred__bio__env-replogleweissman2022-rpe1-rpe1-rna-baseline__yrdc__mean-global__dataset-heldout-split__ensemble3,bio__env-replogleweissman2022-rpe1-rpe1-rna-baseline__yrdc,2
pred__bio__env-replogleweissman2022-rpe1-rpe1-rna-baseline__tpt1__mean-global__dataset-heldout-split__ensemble3,bio__env-replogleweissman2022-rpe1-rpe1-rna-baseline__tpt1,2
pred__bio__env-replogleweissman2022-rpe1-rpe1-rna-baseline__hsd17b10__mean-global__dataset-heldout-split__ensemble3,bio__env-replogleweissman2022-rpe1-rpe1-rna-baseline__hsd17b10,4
pred__bio__env-replogleweissman2022-rpe1-rpe1-rna-baseline__trex2__mean-global__dataset-heldout-split__ensemble3,bio__env-replogleweissman2022-rpe1-rpe1-rna-baseline__trex2,1
pred__bio__env-replogleweissman2022-rpe1-rpe1-rna-baseline__tmem242__mean-global__dataset-heldout-split__ensemble3,bio__env-replogleweissman2022-rpe1-rpe1-rna-baseline__tmem242,1
pred__bio__env-replogleweissman2022-rpe1-rpe1-rna-baseline__smg5__mean-global__dataset-heldout-split__ensemble3,bio__env-replogleweissman2022-rpe1-rpe1-rna-baseline__smg5,2
pred__bio__env-replogleweissman2022-rpe1-rpe1-rna-baseline__tmem214__mean-global__dataset-heldout-split__ensemble3,bio__env-replogleweissman2022-rpe1-rpe1-rna-baseline__tmem214,4
pred__bio__env-replogleweissman2022-rpe1-rpe1-rna-baseline__snx15__mean-global__dataset-heldout-split__ensemble3,bio__env-replogleweissman2022-rpe1-rpe1-rna-baseline__snx15,2
pred__bio__env-replogleweissman2022-rpe1-rpe1-rna-baseline__gab2__mean-global__dataset-heldout-split__ensemble3,bio__env-replogleweissman2022-rpe1-rpe1-rna-baseline__gab2,1
pred__bio__env-replogleweissman2022-rpe1-rpe1-rna-baseline__h2afz__mean-global__dataset-heldout-split__ensemble3,bio__env-replogleweissman2022-rpe1-rpe1-rna-baseline__h2afz,4
pred__bio__env-replogleweissman2022-rpe1-rpe1-rna-baseline__anapc15__mean-global__dataset-heldout-split__ensemble3,bio__env-replogleweissman2022-rpe1-rpe1-rna-baseline__anapc15,1
pred__bio__env-replogleweissman2022-rpe1-rpe1-rna-baseline__gtf3c4__mean-global__dataset-heldout-split__ensemble3,bio__env-replogleweissman2022-rpe1-rpe1-rna-baseline__gtf3c4,0
pred__bio__env-replogleweissman2022-rpe1-rpe1-rna-baseline__ccdc6__mean-global__dataset-heldout-split__ensemble3,bio__env-replogleweissman2022-rpe1-rpe1-rna-baseline__ccdc6,2
pred__bio__env-replogleweissman2022-rpe1-rpe1-rna-baseline__bcar1__mean-global__dataset-heldout-split__ensemble3,bio__env-replogleweissman2022-rpe1-rpe1-rna-baseline__bcar1,2
pred__bio__env-replogleweissman2022-rpe1-rpe1-rna-baseline__c7orf26__mean-global__dataset-heldout-split__ensemble3,bio__env-replogleweissman2022-rpe1-rpe1-rna-baseline__c7orf26,2
pred__bio__env-replogleweissman2022-rpe1-rpe1-rna-baseline__bcl2l1__mean-global__dataset-heldout-split__ensemble3,bio__env-replogleweissman2022-rpe1-rpe1-rna-baseline__bcl2l1,0
pred__bio__env-replogleweissman2022-rpe1-rpe1-rna-baseline__eif4b__mean-global__dataset-heldout-split__ensemble3,bio__env-replogleweissman2022-rpe1-rpe1-rna-baseline__eif4b,3
pred__bio__env-replogleweissman2022-rpe1-rpe1-rna-baseline__nbpf12__mean-global__dataset-heldout-split__ensemble3,bio__env-replogleweissman2022-rpe1-rpe1-rna-baseline__nbpf12,4
pred__bio__env-replogleweissman2022-rpe1-rpe1-rna-baseline__mrpl38__mean-global__dataset-heldout-split__ensemble3,bio__env-replogleweissman2022-rpe1-rpe1-rna-baseline__mrpl38,0
pred__bio__env-replogleweissman2022-rpe1-rpe1-rna-baseline__wtap__mean-global__dataset-heldout-split__ensemble3,bio__env-replogleweissman2022-rpe1-rpe1-rna-baseline__wtap,4
pred__bio__env-replogleweissman2022-rpe1-rpe1-rna-baseline__lamtor1__mean-global__dataset-heldout-split__ensemble3,bio__env-replogleweissman2022-rpe1-rpe1-rna-baseline__lamtor1,0
pred__bio__env-replogleweissman2022-rpe1-rpe1-rna-baseline__cpsf3__mean-global__dataset-heldout-split__ensemble3,bio__env-replogleweissman2022-rpe1-rpe1-rna-baseline__cpsf3,4
pred__bio__env-replogleweissman2022-rpe1-rpe1-rna-baseline__spc25__mean-global__dataset-heldout-split__ensemble3,bio__env-replogleweissman2022-rpe1-rpe1-rna-baseline__spc25,3
pred__bio__env-replogleweissman2022-rpe1-rpe1-rna-baseline__tubb2a__mean-global__dataset-heldout-split__ensemble3,bio__env-replogleweissman2022-rpe1-rpe1-rna-baseline__tubb2a,4
pred__bio__env-replogleweissman2022-rpe1-rpe1-rna-baseline__znf718__mean-global__dataset-heldout-split__ensemble3,bio__env-replogleweissman2022-rpe1-rpe1-rna-baseline__znf718,2
pred__bio__env-replogleweissman2022-rpe1-rpe1-rna-baseline__zdhhc7__mean-global__dataset-heldout-split__ensemble3,bio__env-replogleweissman2022-rpe1-rpe1-rna-baseline__zdhhc7,1
pred__bio__env-replogleweissman2022-rpe1-rpe1-rna-baseline__adam10__mean-global__dataset-heldout-split__ensemble3,bio__env-replogleweissman2022-rpe1-rpe1-rna-baseline__adam10,3
pred__bio__env-replogleweissman2022-rpe1-rpe1-rna-baseline__aqp7__mean-global__dataset-heldout-split__ensemble3,bio__env-replogleweissman2022-rpe1-rpe1-rna-baseline__aqp7,3
pred__bio__env-replogleweissman2022-rpe1-rpe1-rna-baseline__dynlrb1__mean-global__dataset-heldout-split__ensemble3,bio__env-replogleweissman2022-rpe1-rpe1-rna-baseline__dynlrb1,3
pred__bio__env-replogleweissman2022-rpe1-rpe1-rna-baseline__tbx1__mean-global__dataset-heldout-split__ensemble3,bio__env-replogleweissman2022-rpe1-rpe1-rna-baseline__tbx1,1
pred__bio__env-replogleweissman2022-rpe1-rpe1-rna-baseline__ccnk__mean-global__dataset-heldout-split__ensemble3,bio__env-replogleweissman2022-rpe1-rpe1-rna-baseline__ccnk,0
pred__bio__env-replogleweissman2022-rpe1-rpe1-rna-baseline__hira__mean-global__dataset-heldout-split__ensemble3,bio__env-replogleweissman2022-rpe1-rpe1-rna-baseline__hira,0
pred__bio__env-replogleweissman2022-rpe1-rpe1-rna-baseline__clasrp__mean-global__dataset-heldout-split__ensemble3,bio__env-replogleweissman2022-rpe1-rpe1-rna-baseline__clasrp,3
pred__bio__env-replogleweissman2022-rpe1-rpe1-rna-baseline__mrps21__mean-global__dataset-heldout-split__ensemble3,bio__env-replogleweissman2022-rpe1-rpe1-rna-baseline__mrps21,3
pred__bio__env-replogleweissman2022-rpe1-rpe1-rna-baseline__jazf1__mean-global__dataset-heldout-split__ensemble3,bio__env-replogleweissman2022-rpe1-rpe1-rna-baseline__jazf1,0
pred__bio__env-replogleweissman2022-rpe1-rpe1-rna-baseline__mvk__mean-global__dataset-heldout-split__ensemble3,bio__env-replogleweissman2022-rpe1-rpe1-rna-baseline__mvk,4
pred__bio__env-replogleweissman2022-rpe1-rpe1-rna-baseline__tfrc__mean-global__dataset-heldout-split__ensemble3,bio__env-replogleweissman2022-rpe1-rpe1-rna-baseline__tfrc,2
pred__bio__env-replogleweissman2022-rpe1-rpe1-rna-baseline__rhoq__mean-global__dataset-heldout-split__ensemble3,bio__env-replogleweissman2022-rpe1-rpe1-rna-baseline__rhoq,3
pred__bio__env-replogleweissman2022-rpe1-rpe1-rna-baseline__ube2m__mean-global__dataset-heldout-split__ensemble3,bio__env-replogleweissman2022-rpe1-rpe1-rna-baseline__ube2m,0
pred__bio__env-replogleweissman2022-rpe1-rpe1-rna-baseline__rab4b__mean-global__dataset-heldout-split__ensemble3,bio__env-replogleweissman2022-rpe1-rpe1-rna-baseline__rab4b,0
pred__bio__env-replogleweissman2022-rpe1-rpe1-rna-baseline__ints14__mean-global__dataset-heldout-split__ensemble3,bio__env-replogleweissman2022-rpe1-rpe1-rna-baseline__ints14,1
pred__bio__env-replogleweissman2022-rpe1-rpe1-rna-baseline__krt17__mean-global__dataset-heldout-split__ensemble3,bio__env-replogleweissman2022-rpe1-rpe1-rna-baseline__krt17,1
pred__bio__env-replogleweissman2022-rpe1-rpe1-rna-baseline__ddx46__mean-global__dataset-heldout-split__ensemble3,bio__env-replogleweissman2022-rpe1-rpe1-rna-baseline__ddx46,3
pred__bio__env-replogleweissman2022-rpe1-rpe1-rna-baseline__zbtb17__mean-global__dataset-heldout-split__ensemble3,bio__env-replogleweissman2022-rpe1-rpe1-rna-baseline__zbtb17,1
pred__bio__env-replogleweissman2022-rpe1-rpe1-rna-baseline__rgpd6__mean-global__dataset-heldout-split__ensemble3,bio__env-replogleweissman2022-rpe1-rpe1-rna-baseline__rgpd6,0
pred__bio__env-replogleweissman2022-rpe1-rpe1-rna-baseline__ddx19a__mean-global__dataset-heldout-split__ensemble3,bio__env-replogleweissman2022-rpe1-rpe1-rna-baseline__ddx19a,4
pred__bio__env-replogleweissman2022-rpe1-rpe1-rna-baseline__gtf2e2__mean-global__dataset-heldout-split__ensemble3,bio__env-replogleweissman2022-rpe1-rpe1-rna-baseline__gtf2e2,1
pred__bio__env-replogleweissman2022-rpe1-rpe1-rna-baseline__prodh__mean-global__dataset-heldout-split__ensemble3,bio__env-replogleweissman2022-rpe1-rpe1-rna-baseline__prodh,4
pred__bio__env-replogleweissman2022-rpe1-rpe1-rna-baseline__nxf1__mean-global__dataset-heldout-split__ensemble3,bio__env-replogleweissman2022-rpe1-rpe1-rna-baseline__nxf1,4
pred__bio__env-replogleweissman2022-rpe1-rpe1-rna-baseline__hsd17b12__mean-global__dataset-heldout-split__ensemble3,bio__env-replogleweissman2022-rpe1-rpe1-rna-baseline__hsd17b12,3
pred__bio__env-replogleweissman2022-rpe1-rpe1-rna-baseline__ddx19b__mean-global__dataset-heldout-split__ensemble3,bio__env-replogleweissman2022-rpe1-rpe1-rna-baseline__ddx19b,4
pred__bio__env-replogleweissman2022-rpe1-rpe1-rna-baseline__ddx5__mean-global__dataset-heldout-split__ensemble3,bio__env-replogleweissman2022-rpe1-rpe1-rna-baseline__ddx5,2
pred__bio__env-replogleweissman2022-rpe1-rpe1-rna-baseline__ltbp3__mean-global__dataset-heldout-split__ensemble3,bio__env-replogleweissman2022-rpe1-rpe1-rna-baseline__ltbp3,4
pred__bio__env-replogleweissman2022-rpe1-rpe1-rna-baseline__srsf11__mean-global__dataset-heldout-split__ensemble3,bio__env-replogleweissman2022-rpe1-rpe1-rna-baseline__srsf11,1
pred__bio__env-replogleweissman2022-rpe1-rpe1-rna-baseline__atp5mf__mean-global__dataset-heldout-split__ensemble3,bio__env-replogleweissman2022-rpe1-rpe1-rna-baseline__atp5mf,1
pred__bio__env-replogleweissman2022-rpe1-rpe1-rna-baseline__ndufa3__mean-global__dataset-heldout-split__ensemble3,bio__env-replogleweissman2022-rpe1-rpe1-rna-baseline__ndufa3,2
pred__bio__env-replogleweissman2022-rpe1-rpe1-rna-baseline__slc35g2__mean-global__dataset-heldout-split__ensemble3,bio__env-replogleweissman2022-rpe1-rpe1-rna-baseline__slc35g2,3
pred__bio__env-replogleweissman2022-rpe1-rpe1-rna-baseline__psmg3__mean-global__dataset-heldout-split__ensemble3,bio__env-replogleweissman2022-rpe1-rpe1-rna-baseline__psmg3,2
pred__bio__env-replogleweissman2022-rpe1-rpe1-rna-baseline__mrps6__mean-global__dataset-heldout-split__ensemble3,bio__env-replogleweissman2022-rpe1-rpe1-rna-baseline__mrps6,1
pred__bio__env-replogleweissman2022-rpe1-rpe1-rna-baseline__fam229a__mean-global__dataset-heldout-split__ensemble3,bio__env-replogleweissman2022-rpe1-rpe1-rna-baseline__fam229a,4
pred__bio__env-replogleweissman2022-rpe1-rpe1-rna-baseline__glrx5__mean-global__dataset-heldout-split__ensemble3,bio__env-replogleweissman2022-rpe1-rpe1-rna-baseline__glrx5,1
pred__bio__env-replogleweissman2022-rpe1-rpe1-rna-baseline__gnpnat1__mean-global__dataset-heldout-split__ensemble3,bio__env-replogleweissman2022-rpe1-rpe1-rna-baseline__gnpnat1,2
pred__bio__env-replogleweissman2022-rpe1-rpe1-rna-baseline__pstk__mean-global__dataset-heldout-split__ensemble3,bio__env-replogleweissman2022-rpe1-rpe1-rna-baseline__pstk,1
pred__bio__env-replogleweissman2022-rpe1-rpe1-rna-baseline__med19__mean-global__dataset-heldout-split__ensemble3,bio__env-replogleweissman2022-rpe1-rpe1-rna-baseline__med19,1
pred__bio__env-replogleweissman2022-rpe1-rpe1-rna-baseline__ubtf__mean-global__dataset-heldout-split__ensemble3,bio__env-replogleweissman2022-rpe1-rpe1-rna-baseline__ubtf,2
pred__bio__env-replogleweissman2022-rpe1-rpe1-rna-baseline__trnt1__mean-global__dataset-heldout-split__ensemble3,bio__env-replogleweissman2022-rpe1-rpe1-rna-baseline__trnt1,4
pred__bio__env-replogleweissman2022-rpe1-rpe1-rna-baseline__dnaaf3__mean-global__dataset-heldout-split__ensemble3,bio__env-replogleweissman2022-rpe1-rpe1-rna-baseline__dnaaf3,3
pred__bio__env-replogleweissman2022-rpe1-rpe1-rna-baseline__rrm2__mean-global__dataset-heldout-split__ensemble3,bio__env-replogleweissman2022-rpe1-rpe1-rna-baseline__rrm2,3
pred__bio__env-replogleweissman2022-rpe1-rpe1-rna-baseline__slc7a5__mean-global__dataset-heldout-split__ensemble3,bio__env-replogleweissman2022-rpe1-rpe1-rna-baseline__slc7a5,1
pred__bio__env-replogleweissman2022-rpe1-rpe1-rna-baseline__sdhaf2__mean-global__dataset-heldout-split__ensemble3,bio__env-replogleweissman2022-rpe1-rpe1-rna-baseline__sdhaf2,0
pred__bio__env-replogleweissman2022-rpe1-rpe1-rna-baseline__tkt__mean-global__dataset-heldout-split__ensemble3,bio__env-replogleweissman2022-rpe1-rpe1-rna-baseline__tkt,4
pred__bio__env-replogleweissman2022-rpe1-rpe1-rna-baseline__eif3cl__mean-global__dataset-heldout-split__ensemble3,bio__env-replogleweissman2022-rpe1-rpe1-rna-baseline__eif3cl,0
pred__bio__env-replogleweissman2022-rpe1-rpe1-rna-baseline__pmf1__mean-global__dataset-heldout-split__ensemble3,bio__env-replogleweissman2022-rpe1-rpe1-rna-baseline__pmf1,0
pred__bio__env-replogleweissman2022-rpe1-rpe1-rna-baseline__zfp69b__mean-global__dataset-heldout-split__ensemble3,bio__env-replogleweissman2022-rpe1-rpe1-rna-baseline__zfp69b,1
pred__bio__env-replogleweissman2022-rpe1-rpe1-rna-baseline__pmpcb__mean-global__dataset-heldout-split__ensemble3,bio__env-replogleweissman2022-rpe1-rpe1-rna-baseline__pmpcb,4
pred__bio__env-replogleweissman2022-rpe1-rpe1-rna-baseline__mrpl27__mean-global__dataset-heldout-split__ensemble3,bio__env-replogleweissman2022-rpe1-rpe1-rna-baseline__mrpl27,2
pred__bio__env-replogleweissman2022-rpe1-rpe1-rna-baseline__ssu72__mean-global__dataset-heldout-split__ensemble3,bio__env-replogleweissman2022-rpe1-rpe1-rna-baseline__ssu72,1
pred__bio__env-replogleweissman2022-rpe1-rpe1-rna-baseline__rtel1__mean-global__dataset-heldout-split__ensemble3,bio__env-replogleweissman2022-rpe1-rpe1-rna-baseline__rtel1,2
pred__bio__env-replogleweissman2022-rpe1-rpe1-rna-baseline__otop1__mean-global__dataset-heldout-split__ensemble3,bio__env-replogleweissman2022-rpe1-rpe1-rna-baseline__otop1,3
pred__bio__env-replogleweissman2022-rpe1-rpe1-rna-baseline__lmo2__mean-global__dataset-heldout-split__ensemble3,bio__env-replogleweissman2022-rpe1-rpe1-rna-baseline__lmo2,2
pred__bio__env-replogleweissman2022-rpe1-rpe1-rna-baseline__hist1h2bc__mean-global__dataset-heldout-split__ensemble3,bio__env-replogleweissman2022-rpe1-rpe1-rna-baseline__hist1h2bc,0
pred__bio__env-replogleweissman2022-rpe1-rpe1-rna-baseline__tubb__mean-global__dataset-heldout-split__ensemble3,bio__env-replogleweissman2022-rpe1-rpe1-rna-baseline__tubb,1
pred__bio__env-replogleweissman2022-rpe1-rpe1-rna-baseline__sbno1__mean-global__dataset-heldout-split__ensemble3,bio__env-replogleweissman2022-rpe1-rpe1-rna-baseline__sbno1,1
pred__bio__env-replogleweissman2022-rpe1-rpe1-rna-baseline__btf3l4__mean-global__dataset-heldout-split__ensemble3,bio__env-replogleweissman2022-rpe1-rpe1-rna-baseline__btf3l4,2
pred__bio__env-replogleweissman2022-rpe1-rpe1-rna-baseline__rbm15__mean-global__dataset-heldout-split__ensemble3,bio__env-replogleweissman2022-rpe1-rpe1-rna-baseline__rbm15,1
pred__bio__env-replogleweissman2022-rpe1-rpe1-rna-baseline__cse1l__mean-global__dataset-heldout-split__ensemble3,bio__env-replogleweissman2022-rpe1-rpe1-rna-baseline__cse1l,1
pred__bio__env-replogleweissman2022-rpe1-rpe1-rna-baseline__dstyk__mean-global__dataset-heldout-split__ensemble3,bio__env-replogleweissman2022-rpe1-rpe1-rna-baseline__dstyk,2
pred__bio__env-replogleweissman2022-rpe1-rpe1-rna-baseline__ppp1r37__mean-global__dataset-heldout-split__ensemble3,bio__env-replogleweissman2022-rpe1-rpe1-rna-baseline__ppp1r37,4
pred__bio__env-replogleweissman2022-rpe1-rpe1-rna-baseline__tnnt2__mean-global__dataset-heldout-split__ensemble3,bio__env-replogleweissman2022-rpe1-rpe1-rna-baseline__tnnt2,0
pred__bio__env-replogleweissman2022-rpe1-rpe1-rna-baseline__naa35__mean-global__dataset-heldout-split__ensemble3,bio__env-replogleweissman2022-rpe1-rpe1-rna-baseline__naa35,3
pred__bio__env-replogleweissman2022-rpe1-rpe1-rna-baseline__rab4a__mean-global__dataset-heldout-split__ensemble3,bio__env-replogleweissman2022-rpe1-rpe1-rna-baseline__rab4a,1
pred__bio__env-replogleweissman2022-rpe1-rpe1-rna-baseline__abhd17a__mean-global__dataset-heldout-split__ensemble3,bio__env-replogleweissman2022-rpe1-rpe1-rna-baseline__abhd17a,2
pred__bio__env-replogleweissman2022-rpe1-rpe1-rna-baseline__sf3a1__mean-global__dataset-heldout-split__ensemble3,bio__env-replogleweissman2022-rpe1-rpe1-rna-baseline__sf3a1,2
pred__bio__env-replogleweissman2022-rpe1-rpe1-rna-baseline__cenpt__mean-global__dataset-heldout-split__ensemble3,bio__env-replogleweissman2022-rpe1-rpe1-rna-baseline__cenpt,2
pred__bio__env-replogleweissman2022-rpe1-rpe1-rna-baseline__efr3a__mean-global__dataset-heldout-split__ensemble3,bio__env-replogleweissman2022-rpe1-rpe1-rna-baseline__efr3a,1
pred__bio__env-replogleweissman2022-rpe1-rpe1-rna-baseline__ppp2r1a__mean-global__dataset-heldout-split__ensemble3,bio__env-replogleweissman2022-rpe1-rpe1-rna-baseline__ppp2r1a,3
pred__bio__env-replogleweissman2022-rpe1-rpe1-rna-baseline__gyg1__mean-global__dataset-heldout-split__ensemble3,bio__env-replogleweissman2022-rpe1-rpe1-rna-baseline__gyg1,2
pred__bio__env-replogleweissman2022-rpe1-rpe1-rna-baseline__ints13__mean-global__dataset-heldout-split__ensemble3,bio__env-replogleweissman2022-rpe1-rpe1-rna-baseline__ints13,3
pred__bio__env-replogleweissman2022-rpe1-rpe1-rna-baseline__adat3__mean-global__dataset-heldout-split__ensemble3,bio__env-replogleweissman2022-rpe1-rpe1-rna-baseline__adat3,2
pred__bio__env-replogleweissman2022-rpe1-rpe1-rna-baseline__mettl21a__mean-global__dataset-heldout-split__ensemble3,bio__env-replogleweissman2022-rpe1-rpe1-rna-baseline__mettl21a,0
pred__bio__env-replogleweissman2022-rpe1-rpe1-rna-baseline__fbxw7__mean-global__dataset-heldout-split__ensemble3,bio__env-replogleweissman2022-rpe1-rpe1-rna-baseline__fbxw7,4
pred__bio__env-replogleweissman2022-rpe1-rpe1-rna-baseline__yjefn3__mean-global__dataset-heldout-split__ensemble3,bio__env-replogleweissman2022-rpe1-rpe1-rna-baseline__yjefn3,4
pred__bio__env-replogleweissman2022-rpe1-rpe1-rna-baseline__hscb__mean-global__dataset-heldout-split__ensemble3,bio__env-replogleweissman2022-rpe1-rpe1-rna-baseline__hscb,3
pred__bio__env-replogleweissman2022-rpe1-rpe1-rna-baseline__dnlz__mean-global__dataset-heldout-split__ensemble3,bio__env-replogleweissman2022-rpe1-rpe1-rna-baseline__dnlz,2
pred__bio__env-replogleweissman2022-rpe1-rpe1-rna-baseline__pou5f1b__mean-global__dataset-heldout-split__ensemble3,bio__env-replogleweissman2022-rpe1-rpe1-rna-baseline__pou5f1b,3
pred__bio__env-replogleweissman2022-rpe1-rpe1-rna-baseline__npepps__mean-global__dataset-heldout-split__ensemble3,bio__env-replogleweissman2022-rpe1-rpe1-rna-baseline__npepps,4
pred__bio__env-replogleweissman2022-rpe1-rpe1-rna-baseline__mcl1__mean-global__dataset-heldout-split__ensemble3,bio__env-replogleweissman2022-rpe1-rpe1-rna-baseline__mcl1,2
pred__bio__env-replogleweissman2022-rpe1-rpe1-rna-baseline__pars2__mean-global__dataset-heldout-split__ensemble3,bio__env-replogleweissman2022-rpe1-rpe1-rna-baseline__pars2,0
pred__bio__env-replogleweissman2022-rpe1-rpe1-rna-baseline__sirt7__mean-global__dataset-heldout-split__ensemble3,bio__env-replogleweissman2022-rpe1-rpe1-rna-baseline__sirt7,3
pred__bio__env-replogleweissman2022-rpe1-rpe1-rna-baseline__nploc4__mean-global__dataset-heldout-split__ensemble3,bio__env-replogleweissman2022-rpe1-rpe1-rna-baseline__nploc4,3
pred__bio__env-replogleweissman2022-rpe1-rpe1-rna-baseline__cpamd8__mean-global__dataset-heldout-split__ensemble3,bio__env-replogleweissman2022-rpe1-rpe1-rna-baseline__cpamd8,0
pred__bio__env-replogleweissman2022-rpe1-rpe1-rna-baseline__tuba1b__mean-global__dataset-heldout-split__ensemble3,bio__env-replogleweissman2022-rpe1-rpe1-rna-baseline__tuba1b,0
pred__bio__env-replogleweissman2022-rpe1-rpe1-rna-baseline__mrpl39__mean-global__dataset-heldout-split__ensemble3,bio__env-replogleweissman2022-rpe1-rpe1-rna-baseline__mrpl39,4
pred__bio__env-replogleweissman2022-rpe1-rpe1-rna-baseline__mkrn1__mean-global__dataset-heldout-split__ensemble3,bio__env-replogleweissman2022-rpe1-rpe1-rna-baseline__mkrn1,4
pred__bio__env-replogleweissman2022-rpe1-rpe1-rna-baseline__ccdc144nl__mean-global__dataset-heldout-split__ensemble3,bio__env-replogleweissman2022-rpe1-rpe1-rna-baseline__ccdc144nl,3
pred__bio__env-replogleweissman2022-rpe1-rpe1-rna-baseline__paxbp1__mean-global__dataset-heldout-split__ensemble3,bio__env-replogleweissman2022-rpe1-rpe1-rna-baseline__paxbp1,2
pred__bio__env-replogleweissman2022-rpe1-rpe1-rna-baseline__trappc11__mean-global__dataset-heldout-split__ensemble3,bio__env-replogleweissman2022-rpe1-rpe1-rna-baseline__trappc11,4
pred__bio__env-replogleweissman2022-rpe1-rpe1-rna-baseline__ckap5__mean-global__dataset-heldout-split__ensemble3,bio__env-replogleweissman2022-rpe1-rpe1-rna-baseline__ckap5,3
pred__bio__env-replogleweissman2022-rpe1-rpe1-rna-baseline__rnf8__mean-global__dataset-heldout-split__ensemble3,bio__env-replogleweissman2022-rpe1-rpe1-rna-baseline__rnf8,0
pred__bio__env-replogleweissman2022-rpe1-rpe1-rna-baseline__gps1__mean-global__dataset-heldout-split__ensemble3,bio__env-replogleweissman2022-rpe1-rpe1-rna-baseline__gps1,1
pred__bio__env-replogleweissman2022-rpe1-rpe1-rna-baseline__atp6ap2__mean-global__dataset-heldout-split__ensemble3,bio__env-replogleweissman2022-rpe1-rpe1-rna-baseline__atp6ap2,1
pred__bio__env-replogleweissman2022-rpe1-rpe1-rna-baseline__cox5a__mean-global__dataset-heldout-split__ensemble3,bio__env-replogleweissman2022-rpe1-rpe1-rna-baseline__cox5a,1
pred__bio__env-replogleweissman2022-rpe1-rpe1-rna-baseline__anks6__mean-global__dataset-heldout-split__ensemble3,bio__env-replogleweissman2022-rpe1-rpe1-rna-baseline__anks6,0
pred__bio__env-replogleweissman2022-rpe1-rpe1-rna-baseline__hmgcs1__mean-global__dataset-heldout-split__ensemble3,bio__env-replogleweissman2022-rpe1-rpe1-rna-baseline__hmgcs1,4
pred__bio__env-replogleweissman2022-rpe1-rpe1-rna-baseline__zmat2__mean-global__dataset-heldout-split__ensemble3,bio__env-replogleweissman2022-rpe1-rpe1-rna-baseline__zmat2,0
pred__bio__env-replogleweissman2022-rpe1-rpe1-rna-baseline__uqcrb__mean-global__dataset-heldout-split__ensemble3,bio__env-replogleweissman2022-rpe1-rpe1-rna-baseline__uqcrb,0
pred__bio__env-replogleweissman2022-rpe1-rpe1-rna-baseline__dhodh__mean-global__dataset-heldout-split__ensemble3,bio__env-replogleweissman2022-rpe1-rpe1-rna-baseline__dhodh,1
pred__bio__env-replogleweissman2022-rpe1-rpe1-rna-baseline__tut1__mean-global__dataset-heldout-split__ensemble3,bio__env-replogleweissman2022-rpe1-rpe1-rna-baseline__tut1,3
pred__bio__env-replogleweissman2022-rpe1-rpe1-rna-baseline__mrpl24__mean-global__dataset-heldout-split__ensemble3,bio__env-replogleweissman2022-rpe1-rpe1-rna-baseline__mrpl24,3
pred__bio__env-replogleweissman2022-rpe1-rpe1-rna-baseline__kdm6a__mean-global__dataset-heldout-split__ensemble3,bio__env-replogleweissman2022-rpe1-rpe1-rna-baseline__kdm6a,4
pred__bio__env-replogleweissman2022-rpe1-rpe1-rna-baseline__c14orf178__mean-global__dataset-heldout-split__ensemble3,bio__env-replogleweissman2022-rpe1-rpe1-rna-baseline__c14orf178,3
pred__bio__env-replogleweissman2022-rpe1-rpe1-rna-baseline__rsl1d1__mean-global__dataset-heldout-split__ensemble3,bio__env-replogleweissman2022-rpe1-rpe1-rna-baseline__rsl1d1,2
pred__bio__env-replogleweissman2022-rpe1-rpe1-rna-baseline__cadm4__mean-global__dataset-heldout-split__ensemble3,bio__env-replogleweissman2022-rpe1-rpe1-rna-baseline__cadm4,4
pred__bio__env-replogleweissman2022-rpe1-rpe1-rna-baseline__tbc1d3__mean-global__dataset-heldout-split__ensemble3,bio__env-replogleweissman2022-rpe1-rpe1-rna-baseline__tbc1d3,3
pred__bio__env-replogleweissman2022-rpe1-rpe1-rna-baseline__snrnp40__mean-global__dataset-heldout-split__ensemble3,bio__env-replogleweissman2022-rpe1-rpe1-rna-baseline__snrnp40,0
pred__bio__env-replogleweissman2022-rpe1-rpe1-rna-baseline__cnn2__mean-global__dataset-heldout-split__ensemble3,bio__env-replogleweissman2022-rpe1-rpe1-rna-baseline__cnn2,2
pred__bio__env-replogleweissman2022-rpe1-rpe1-rna-baseline__cacnb3__mean-global__dataset-heldout-split__ensemble3,bio__env-replogleweissman2022-rpe1-rpe1-rna-baseline__cacnb3,0
pred__bio__env-replogleweissman2022-rpe1-rpe1-rna-baseline__slc25a10__mean-global__dataset-heldout-split__ensemble3,bio__env-replogleweissman2022-rpe1-rpe1-rna-baseline__slc25a10,2
pred__bio__env-replogleweissman2022-rpe1-rpe1-rna-baseline__ap2m1__mean-global__dataset-heldout-split__ensemble3,bio__env-replogleweissman2022-rpe1-rpe1-rna-baseline__ap2m1,4
pred__bio__env-replogleweissman2022-rpe1-rpe1-rna-baseline__ewsr1__mean-global__dataset-heldout-split__ensemble3,bio__env-replogleweissman2022-rpe1-rpe1-rna-baseline__ewsr1,0
pred__bio__env-replogleweissman2022-rpe1-rpe1-rna-baseline__gfm1__mean-matching__dataset-heldout-split__ensemble3,bio__env-replogleweissman2022-rpe1-rpe1-rna-baseline__gfm1,0
pred__bio__env-replogleweissman2022-rpe1-rpe1-rna-baseline__fbxo42__mean-matching__dataset-heldout-split__ensemble3,bio__env-replogleweissman2022-rpe1-rpe1-rna-baseline__fbxo42,3
pred__bio__env-replogleweissman2022-rpe1-rpe1-rna-baseline__control__mean-matching__dataset-heldout-split__ensemble3,bio__env-replogleweissman2022-rpe1-rpe1-rna-baseline__control,2
pred__bio__env-replogleweissman2022-rpe1-rpe1-rna-baseline__slc1a5__mean-matching__dataset-heldout-split__ensemble3,bio__env-replogleweissman2022-rpe1-rpe1-rna-baseline__slc1a5,1
pred__bio__env-replogleweissman2022-rpe1-rpe1-rna-baseline__ccdc78__mean-matching__dataset-heldout-split__ensemble3,bio__env-replogleweissman2022-rpe1-rpe1-rna-baseline__ccdc78,2
pred__bio__env-replogleweissman2022-rpe1-rpe1-rna-baseline__tacc3__mean-matching__dataset-heldout-split__ensemble3,bio__env-replogleweissman2022-rpe1-rpe1-rna-baseline__tacc3,4
pred__bio__env-replogleweissman2022-rpe1-rpe1-rna-baseline__csh2__mean-matching__dataset-heldout-split__ensemble3,bio__env-replogleweissman2022-rpe1-rpe1-rna-baseline__csh2,1
pred__bio__env-replogleweissman2022-rpe1-rpe1-rna-baseline__mybl2__mean-matching__dataset-heldout-split__ensemble3,bio__env-replogleweissman2022-rpe1-rpe1-rna-baseline__mybl2,1
pred__bio__env-replogleweissman2022-rpe1-rpe1-rna-baseline__pkm__mean-matching__dataset-heldout-split__ensemble3,bio__env-replogleweissman2022-rpe1-rpe1-rna-baseline__pkm,1
pred__bio__env-replogleweissman2022-rpe1-rpe1-rna-baseline__espn__mean-matching__dataset-heldout-split__ensemble3,bio__env-replogleweissman2022-rpe1-rpe1-rna-baseline__espn,4
pred__bio__env-replogleweissman2022-rpe1-rpe1-rna-baseline__eps8l1__mean-matching__dataset-heldout-split__ensemble3,bio__env-replogleweissman2022-rpe1-rpe1-rna-baseline__eps8l1,3
pred__bio__env-replogleweissman2022-rpe1-rpe1-rna-baseline__fam136a__mean-matching__dataset-heldout-split__ensemble3,bio__env-replogleweissman2022-rpe1-rpe1-rna-baseline__fam136a,4
pred__bio__env-replogleweissman2022-rpe1-rpe1-rna-baseline__twf1__mean-matching__dataset-heldout-split__ensemble3,bio__env-replogleweissman2022-rpe1-rpe1-rna-baseline__twf1,0
pred__bio__env-replogleweissman2022-rpe1-rpe1-rna-baseline__dnm1__mean-matching__dataset-heldout-split__ensemble3,bio__env-replogleweissman2022-rpe1-rpe1-rna-baseline__dnm1,4
pred__bio__env-replogleweissman2022-rpe1-rpe1-rna-baseline__ssbp3__mean-matching__dataset-heldout-split__ensemble3,bio__env-replogleweissman2022-rpe1-rpe1-rna-baseline__ssbp3,4
pred__bio__env-replogleweissman2022-rpe1-rpe1-rna-baseline__clock__mean-matching__dataset-heldout-split__ensemble3,bio__env-replogleweissman2022-rpe1-rpe1-rna-baseline__clock,4
pred__bio__env-replogleweissman2022-rpe1-rpe1-rna-baseline__mrpl36__mean-matching__dataset-heldout-split__ensemble3,bio__env-replogleweissman2022-rpe1-rpe1-rna-baseline__mrpl36,4
pred__bio__env-replogleweissman2022-rpe1-rpe1-rna-baseline__timm23b__mean-matching__dataset-heldout-split__ensemble3,bio__env-replogleweissman2022-rpe1-rpe1-rna-baseline__timm23b,3
pred__bio__env-replogleweissman2022-rpe1-rpe1-rna-baseline__tfam__mean-matching__dataset-heldout-split__ensemble3,bio__env-replogleweissman2022-rpe1-rpe1-rna-baseline__tfam,1
pred__bio__env-replogleweissman2022-rpe1-rpe1-rna-baseline__smn2__mean-matching__dataset-heldout-split__ensemble3,bio__env-replogleweissman2022-rpe1-rpe1-rna-baseline__smn2,4
pred__bio__env-replogleweissman2022-rpe1-rpe1-rna-baseline__mrpl35__mean-matching__dataset-heldout-split__ensemble3,bio__env-replogleweissman2022-rpe1-rpe1-rna-baseline__mrpl35,3
pred__bio__env-replogleweissman2022-rpe1-rpe1-rna-baseline__ppp6c__mean-matching__dataset-heldout-split__ensemble3,bio__env-replogleweissman2022-rpe1-rpe1-rna-baseline__ppp6c,0
pred__bio__env-replogleweissman2022-rpe1-rpe1-rna-baseline__ik__mean-matching__dataset-heldout-split__ensemble3,bio__env-replogleweissman2022-rpe1-rpe1-rna-baseline__ik,4
pred__bio__env-replogleweissman2022-rpe1-rpe1-rna-baseline__poglut3__mean-matching__dataset-heldout-split__ensemble3,bio__env-replogleweissman2022-rpe1-rpe1-rna-baseline__poglut3,4
pred__bio__env-replogleweissman2022-rpe1-rpe1-rna-baseline__pcbp2__mean-matching__dataset-heldout-split__ensemble3,bio__env-replogleweissman2022-rpe1-rpe1-rna-baseline__pcbp2,4
pred__bio__env-replogleweissman2022-rpe1-rpe1-rna-baseline__tardbp__mean-matching__dataset-heldout-split__ensemble3,bio__env-replogleweissman2022-rpe1-rpe1-rna-baseline__tardbp,3
pred__bio__env-replogleweissman2022-rpe1-rpe1-rna-baseline__yrdc__mean-matching__dataset-heldout-split__ensemble3,bio__env-replogleweissman2022-rpe1-rpe1-rna-baseline__yrdc,2
pred__bio__env-replogleweissman2022-rpe1-rpe1-rna-baseline__tpt1__mean-matching__dataset-heldout-split__ensemble3,bio__env-replogleweissman2022-rpe1-rpe1-rna-baseline__tpt1,2
pred__bio__env-replogleweissman2022-rpe1-rpe1-rna-baseline__hsd17b10__mean-matching__dataset-heldout-split__ensemble3,bio__env-replogleweissman2022-rpe1-rpe1-rna-baseline__hsd17b10,4
pred__bio__env-replogleweissman2022-rpe1-rpe1-rna-baseline__trex2__mean-matching__dataset-heldout-split__ensemble3,bio__env-replogleweissman2022-rpe1-rpe1-rna-baseline__trex2,1
pred__bio__env-replogleweissman2022-rpe1-rpe1-rna-baseline__tmem242__mean-matching__dataset-heldout-split__ensemble3,bio__env-replogleweissman2022-rpe1-rpe1-rna-baseline__tmem242,1
pred__bio__env-replogleweissman2022-rpe1-rpe1-rna-baseline__smg5__mean-matching__dataset-heldout-split__ensemble3,bio__env-replogleweissman2022-rpe1-rpe1-rna-baseline__smg5,2
pred__bio__env-replogleweissman2022-rpe1-rpe1-rna-baseline__tmem214__mean-matching__dataset-heldout-split__ensemble3,bio__env-replogleweissman2022-rpe1-rpe1-rna-baseline__tmem214,4
pred__bio__env-replogleweissman2022-rpe1-rpe1-rna-baseline__snx15__mean-matching__dataset-heldout-split__ensemble3,bio__env-replogleweissman2022-rpe1-rpe1-rna-baseline__snx15,2
pred__bio__env-replogleweissman2022-rpe1-rpe1-rna-baseline__gab2__mean-matching__dataset-heldout-split__ensemble3,bio__env-replogleweissman2022-rpe1-rpe1-rna-baseline__gab2,1
pred__bio__env-replogleweissman2022-rpe1-rpe1-rna-baseline__h2afz__mean-matching__dataset-heldout-split__ensemble3,bio__env-replogleweissman2022-rpe1-rpe1-rna-baseline__h2afz,4
pred__bio__env-replogleweissman2022-rpe1-rpe1-rna-baseline__anapc15__mean-matching__dataset-heldout-split__ensemble3,bio__env-replogleweissman2022-rpe1-rpe1-rna-baseline__anapc15,1
pred__bio__env-replogleweissman2022-rpe1-rpe1-rna-baseline__gtf3c4__mean-matching__dataset-heldout-split__ensemble3,bio__env-replogleweissman2022-rpe1-rpe1-rna-baseline__gtf3c4,0
pred__bio__env-replogleweissman2022-rpe1-rpe1-rna-baseline__ccdc6__mean-matching__dataset-heldout-split__ensemble3,bio__env-replogleweissman2022-rpe1-rpe1-rna-baseline__ccdc6,2
pred__bio__env-replogleweissman2022-rpe1-rpe1-rna-baseline__bcar1__mean-matching__dataset-heldout-split__ensemble3,bio__env-replogleweissman2022-rpe1-rpe1-rna-baseline__bcar1,2
pred__bio__env-replogleweissman2022-rpe1-rpe1-rna-baseline__c7orf26__mean-matching__dataset-heldout-split__ensemble3,bio__env-replogleweissman2022-rpe1-rpe1-rna-baseline__c7orf26,2
pred__bio__env-replogleweissman2022-rpe1-rpe1-rna-baseline__bcl2l1__mean-matching__dataset-heldout-split__ensemble3,bio__env-replogleweissman2022-rpe1-rpe1-rna-baseline__bcl2l1,0
pred__bio__env-replogleweissman2022-rpe1-rpe1-rna-baseline__eif4b__mean-matching__dataset-heldout-split__ensemble3,bio__env-replogleweissman2022-rpe1-rpe1-rna-baseline__eif4b,3
pred__bio__env-replogleweissman2022-rpe1-rpe1-rna-baseline__nbpf12__mean-matching__dataset-heldout-split__ensemble3,bio__env-replogleweissman2022-rpe1-rpe1-rna-baseline__nbpf12,4
pred__bio__env-replogleweissman2022-rpe1-rpe1-rna-baseline__mrpl38__mean-matching__dataset-heldout-split__ensemble3,bio__env-replogleweissman2022-rpe1-rpe1-rna-baseline__mrpl38,0
pred__bio__env-replogleweissman2022-rpe1-rpe1-rna-baseline__wtap__mean-matching__dataset-heldout-split__ensemble3,bio__env-replogleweissman2022-rpe1-rpe1-rna-baseline__wtap,4
pred__bio__env-replogleweissman2022-rpe1-rpe1-rna-baseline__lamtor1__mean-matching__dataset-heldout-split__ensemble3,bio__env-replogleweissman2022-rpe1-rpe1-rna-baseline__lamtor1,0
pred__bio__env-replogleweissman2022-rpe1-rpe1-rna-baseline__cpsf3__mean-matching__dataset-heldout-split__ensemble3,bio__env-replogleweissman2022-rpe1-rpe1-rna-baseline__cpsf3,4
pred__bio__env-replogleweissman2022-rpe1-rpe1-rna-baseline__spc25__mean-matching__dataset-heldout-split__ensemble3,bio__env-replogleweissman2022-rpe1-rpe1-rna-baseline__spc25,3
pred__bio__env-replogleweissman2022-rpe1-rpe1-rna-baseline__tubb2a__mean-matching__dataset-heldout-split__ensemble3,bio__env-replogleweissman2022-rpe1-rpe1-rna-baseline__tubb2a,4
pred__bio__env-replogleweissman2022-rpe1-rpe1-rna-baseline__znf718__mean-matching__dataset-heldout-split__ensemble3,bio__env-replogleweissman2022-rpe1-rpe1-rna-baseline__znf718,2
pred__bio__env-replogleweissman2022-rpe1-rpe1-rna-baseline__zdhhc7__mean-matching__dataset-heldout-split__ensemble3,bio__env-replogleweissman2022-rpe1-rpe1-rna-baseline__zdhhc7,1
pred__bio__env-replogleweissman2022-rpe1-rpe1-rna-baseline__adam10__mean-matching__dataset-heldout-split__ensemble3,bio__env-replogleweissman2022-rpe1-rpe1-rna-baseline__adam10,3
pred__bio__env-replogleweissman2022-rpe1-rpe1-rna-baseline__aqp7__mean-matching__dataset-heldout-split__ensemble3,bio__env-replogleweissman2022-rpe1-rpe1-rna-baseline__aqp7,3
pred__bio__env-replogleweissman2022-rpe1-rpe1-rna-baseline__dynlrb1__mean-matching__dataset-heldout-split__ensemble3,bio__env-replogleweissman2022-rpe1-rpe1-rna-baseline__dynlrb1,3
pred__bio__env-replogleweissman2022-rpe1-rpe1-rna-baseline__tbx1__mean-matching__dataset-heldout-split__ensemble3,bio__env-replogleweissman2022-rpe1-rpe1-rna-baseline__tbx1,1
pred__bio__env-replogleweissman2022-rpe1-rpe1-rna-baseline__ccnk__mean-matching__dataset-heldout-split__ensemble3,bio__env-replogleweissman2022-rpe1-rpe1-rna-baseline__ccnk,0
pred__bio__env-replogleweissman2022-rpe1-rpe1-rna-baseline__hira__mean-matching__dataset-heldout-split__ensemble3,bio__env-replogleweissman2022-rpe1-rpe1-rna-baseline__hira,0
pred__bio__env-replogleweissman2022-rpe1-rpe1-rna-baseline__clasrp__mean-matching__dataset-heldout-split__ensemble3,bio__env-replogleweissman2022-rpe1-rpe1-rna-baseline__clasrp,3
pred__bio__env-replogleweissman2022-rpe1-rpe1-rna-baseline__mrps21__mean-matching__dataset-heldout-split__ensemble3,bio__env-replogleweissman2022-rpe1-rpe1-rna-baseline__mrps21,3
pred__bio__env-replogleweissman2022-rpe1-rpe1-rna-baseline__jazf1__mean-matching__dataset-heldout-split__ensemble3,bio__env-replogleweissman2022-rpe1-rpe1-rna-baseline__jazf1,0
pred__bio__env-replogleweissman2022-rpe1-rpe1-rna-baseline__mvk__mean-matching__dataset-heldout-split__ensemble3,bio__env-replogleweissman2022-rpe1-rpe1-rna-baseline__mvk,4
pred__bio__env-replogleweissman2022-rpe1-rpe1-rna-baseline__tfrc__mean-matching__dataset-heldout-split__ensemble3,bio__env-replogleweissman2022-rpe1-rpe1-rna-baseline__tfrc,2
pred__bio__env-replogleweissman2022-rpe1-rpe1-rna-baseline__rhoq__mean-matching__dataset-heldout-split__ensemble3,bio__env-replogleweissman2022-rpe1-rpe1-rna-baseline__rhoq,3
pred__bio__env-replogleweissman2022-rpe1-rpe1-rna-baseline__ube2m__mean-matching__dataset-heldout-split__ensemble3,bio__env-replogleweissman2022-rpe1-rpe1-rna-baseline__ube2m,0
pred__bio__env-replogleweissman2022-rpe1-rpe1-rna-baseline__rab4b__mean-matching__dataset-heldout-split__ensemble3,bio__env-replogleweissman2022-rpe1-rpe1-rna-baseline__rab4b,0
pred__bio__env-replogleweissman2022-rpe1-rpe1-rna-baseline__ints14__mean-matching__dataset-heldout-split__ensemble3,bio__env-replogleweissman2022-rpe1-rpe1-rna-baseline__ints14,1
pred__bio__env-replogleweissman2022-rpe1-rpe1-rna-baseline__krt17__mean-matching__dataset-heldout-split__ensemble3,bio__env-replogleweissman2022-rpe1-rpe1-rna-baseline__krt17,1
pred__bio__env-replogleweissman2022-rpe1-rpe1-rna-baseline__ddx46__mean-matching__dataset-heldout-split__ensemble3,bio__env-replogleweissman2022-rpe1-rpe1-rna-baseline__ddx46,3
pred__bio__env-replogleweissman2022-rpe1-rpe1-rna-baseline__zbtb17__mean-matching__dataset-heldout-split__ensemble3,bio__env-replogleweissman2022-rpe1-rpe1-rna-baseline__zbtb17,1
pred__bio__env-replogleweissman2022-rpe1-rpe1-rna-baseline__rgpd6__mean-matching__dataset-heldout-split__ensemble3,bio__env-replogleweissman2022-rpe1-rpe1-rna-baseline__rgpd6,0
pred__bio__env-replogleweissman2022-rpe1-rpe1-rna-baseline__ddx19a__mean-matching__dataset-heldout-split__ensemble3,bio__env-replogleweissman2022-rpe1-rpe1-rna-baseline__ddx19a,4
pred__bio__env-replogleweissman2022-rpe1-rpe1-rna-baseline__gtf2e2__mean-matching__dataset-heldout-split__ensemble3,bio__env-replogleweissman2022-rpe1-rpe1-rna-baseline__gtf2e2,1
pred__bio__env-replogleweissman2022-rpe1-rpe1-rna-baseline__prodh__mean-matching__dataset-heldout-split__ensemble3,bio__env-replogleweissman2022-rpe1-rpe1-rna-baseline__prodh,4
pred__bio__env-replogleweissman2022-rpe1-rpe1-rna-baseline__nxf1__mean-matching__dataset-heldout-split__ensemble3,bio__env-replogleweissman2022-rpe1-rpe1-rna-baseline__nxf1,4
pred__bio__env-replogleweissman2022-rpe1-rpe1-rna-baseline__hsd17b12__mean-matching__dataset-heldout-split__ensemble3,bio__env-replogleweissman2022-rpe1-rpe1-rna-baseline__hsd17b12,3
pred__bio__env-replogleweissman2022-rpe1-rpe1-rna-baseline__ddx19b__mean-matching__dataset-heldout-split__ensemble3,bio__env-replogleweissman2022-rpe1-rpe1-rna-baseline__ddx19b,4
pred__bio__env-replogleweissman2022-rpe1-rpe1-rna-baseline__ddx5__mean-matching__dataset-heldout-split__ensemble3,bio__env-replogleweissman2022-rpe1-rpe1-rna-baseline__ddx5,2
pred__bio__env-replogleweissman2022-rpe1-rpe1-rna-baseline__ltbp3__mean-matching__dataset-heldout-split__ensemble3,bio__env-replogleweissman2022-rpe1-rpe1-rna-baseline__ltbp3,4
pred__bio__env-replogleweissman2022-rpe1-rpe1-rna-baseline__srsf11__mean-matching__dataset-heldout-split__ensemble3,bio__env-replogleweissman2022-rpe1-rpe1-rna-baseline__srsf11,1
pred__bio__env-replogleweissman2022-rpe1-rpe1-rna-baseline__atp5mf__mean-matching__dataset-heldout-split__ensemble3,bio__env-replogleweissman2022-rpe1-rpe1-rna-baseline__atp5mf,1
pred__bio__env-replogleweissman2022-rpe1-rpe1-rna-baseline__ndufa3__mean-matching__dataset-heldout-split__ensemble3,bio__env-replogleweissman2022-rpe1-rpe1-rna-baseline__ndufa3,2
pred__bio__env-replogleweissman2022-rpe1-rpe1-rna-baseline__slc35g2__mean-matching__dataset-heldout-split__ensemble3,bio__env-replogleweissman2022-rpe1-rpe1-rna-baseline__slc35g2,3
pred__bio__env-replogleweissman2022-rpe1-rpe1-rna-baseline__psmg3__mean-matching__dataset-heldout-split__ensemble3,bio__env-replogleweissman2022-rpe1-rpe1-rna-baseline__psmg3,2
pred__bio__env-replogleweissman2022-rpe1-rpe1-rna-baseline__mrps6__mean-matching__dataset-heldout-split__ensemble3,bio__env-replogleweissman2022-rpe1-rpe1-rna-baseline__mrps6,1
pred__bio__env-replogleweissman2022-rpe1-rpe1-rna-baseline__fam229a__mean-matching__dataset-heldout-split__ensemble3,bio__env-replogleweissman2022-rpe1-rpe1-rna-baseline__fam229a,4
pred__bio__env-replogleweissman2022-rpe1-rpe1-rna-baseline__glrx5__mean-matching__dataset-heldout-split__ensemble3,bio__env-replogleweissman2022-rpe1-rpe1-rna-baseline__glrx5,1
pred__bio__env-replogleweissman2022-rpe1-rpe1-rna-baseline__gnpnat1__mean-matching__dataset-heldout-split__ensemble3,bio__env-replogleweissman2022-rpe1-rpe1-rna-baseline__gnpnat1,2
pred__bio__env-replogleweissman2022-rpe1-rpe1-rna-baseline__pstk__mean-matching__dataset-heldout-split__ensemble3,bio__env-replogleweissman2022-rpe1-rpe1-rna-baseline__pstk,1
pred__bio__env-replogleweissman2022-rpe1-rpe1-rna-baseline__med19__mean-matching__dataset-heldout-split__ensemble3,bio__env-replogleweissman2022-rpe1-rpe1-rna-baseline__med19,1
pred__bio__env-replogleweissman2022-rpe1-rpe1-rna-baseline__ubtf__mean-matching__dataset-heldout-split__ensemble3,bio__env-replogleweissman2022-rpe1-rpe1-rna-baseline__ubtf,2
pred__bio__env-replogleweissman2022-rpe1-rpe1-rna-baseline__trnt1__mean-matching__dataset-heldout-split__ensemble3,bio__env-replogleweissman2022-rpe1-rpe1-rna-baseline__trnt1,4
pred__bio__env-replogleweissman2022-rpe1-rpe1-rna-baseline__dnaaf3__mean-matching__dataset-heldout-split__ensemble3,bio__env-replogleweissman2022-rpe1-rpe1-rna-baseline__dnaaf3,3
pred__bio__env-replogleweissman2022-rpe1-rpe1-rna-baseline__rrm2__mean-matching__dataset-heldout-split__ensemble3,bio__env-replogleweissman2022-rpe1-rpe1-rna-baseline__rrm2,3
pred__bio__env-replogleweissman2022-rpe1-rpe1-rna-baseline__slc7a5__mean-matching__dataset-heldout-split__ensemble3,bio__env-replogleweissman2022-rpe1-rpe1-rna-baseline__slc7a5,1
pred__bio__env-replogleweissman2022-rpe1-rpe1-rna-baseline__sdhaf2__mean-matching__dataset-heldout-split__ensemble3,bio__env-replogleweissman2022-rpe1-rpe1-rna-baseline__sdhaf2,0
pred__bio__env-replogleweissman2022-rpe1-rpe1-rna-baseline__tkt__mean-matching__dataset-heldout-split__ensemble3,bio__env-replogleweissman2022-rpe1-rpe1-rna-baseline__tkt,4
pred__bio__env-replogleweissman2022-rpe1-rpe1-rna-baseline__eif3cl__mean-matching__dataset-heldout-split__ensemble3,bio__env-replogleweissman2022-rpe1-rpe1-rna-baseline__eif3cl,0
pred__bio__env-replogleweissman2022-rpe1-rpe1-rna-baseline__pmf1__mean-matching__dataset-heldout-split__ensemble3,bio__env-replogleweissman2022-rpe1-rpe1-rna-baseline__pmf1,0
pred__bio__env-replogleweissman2022-rpe1-rpe1-rna-baseline__zfp69b__mean-matching__dataset-heldout-split__ensemble3,bio__env-replogleweissman2022-rpe1-rpe1-rna-baseline__zfp69b,1
pred__bio__env-replogleweissman2022-rpe1-rpe1-rna-baseline__pmpcb__mean-matching__dataset-heldout-split__ensemble3,bio__env-replogleweissman2022-rpe1-rpe1-rna-baseline__pmpcb,4
pred__bio__env-replogleweissman2022-rpe1-rpe1-rna-baseline__mrpl27__mean-matching__dataset-heldout-split__ensemble3,bio__env-replogleweissman2022-rpe1-rpe1-rna-baseline__mrpl27,2
pred__bio__env-replogleweissman2022-rpe1-rpe1-rna-baseline__ssu72__mean-matching__dataset-heldout-split__ensemble3,bio__env-replogleweissman2022-rpe1-rpe1-rna-baseline__ssu72,1
pred__bio__env-replogleweissman2022-rpe1-rpe1-rna-baseline__rtel1__mean-matching__dataset-heldout-split__ensemble3,bio__env-replogleweissman2022-rpe1-rpe1-rna-baseline__rtel1,2
pred__bio__env-replogleweissman2022-rpe1-rpe1-rna-baseline__otop1__mean-matching__dataset-heldout-split__ensemble3,bio__env-replogleweissman2022-rpe1-rpe1-rna-baseline__otop1,3
pred__bio__env-replogleweissman2022-rpe1-rpe1-rna-baseline__lmo2__mean-matching__dataset-heldout-split__ensemble3,bio__env-replogleweissman2022-rpe1-rpe1-rna-baseline__lmo2,2
pred__bio__env-replogleweissman2022-rpe1-rpe1-rna-baseline__hist1h2bc__mean-matching__dataset-heldout-split__ensemble3,bio__env-replogleweissman2022-rpe1-rpe1-rna-baseline__hist1h2bc,0
pred__bio__env-replogleweissman2022-rpe1-rpe1-rna-baseline__tubb__mean-matching__dataset-heldout-split__ensemble3,bio__env-replogleweissman2022-rpe1-rpe1-rna-baseline__tubb,1
pred__bio__env-replogleweissman2022-rpe1-rpe1-rna-baseline__sbno1__mean-matching__dataset-heldout-split__ensemble3,bio__env-replogleweissman2022-rpe1-rpe1-rna-baseline__sbno1,1
pred__bio__env-replogleweissman2022-rpe1-rpe1-rna-baseline__btf3l4__mean-matching__dataset-heldout-split__ensemble3,bio__env-replogleweissman2022-rpe1-rpe1-rna-baseline__btf3l4,2
pred__bio__env-replogleweissman2022-rpe1-rpe1-rna-baseline__rbm15__mean-matching__dataset-heldout-split__ensemble3,bio__env-replogleweissman2022-rpe1-rpe1-rna-baseline__rbm15,1
pred__bio__env-replogleweissman2022-rpe1-rpe1-rna-baseline__cse1l__mean-matching__dataset-heldout-split__ensemble3,bio__env-replogleweissman2022-rpe1-rpe1-rna-baseline__cse1l,1
pred__bio__env-replogleweissman2022-rpe1-rpe1-rna-baseline__dstyk__mean-matching__dataset-heldout-split__ensemble3,bio__env-replogleweissman2022-rpe1-rpe1-rna-baseline__dstyk,2
pred__bio__env-replogleweissman2022-rpe1-rpe1-rna-baseline__ppp1r37__mean-matching__dataset-heldout-split__ensemble3,bio__env-replogleweissman2022-rpe1-rpe1-rna-baseline__ppp1r37,4
pred__bio__env-replogleweissman2022-rpe1-rpe1-rna-baseline__tnnt2__mean-matching__dataset-heldout-split__ensemble3,bio__env-replogleweissman2022-rpe1-rpe1-rna-baseline__tnnt2,0
pred__bio__env-replogleweissman2022-rpe1-rpe1-rna-baseline__naa35__mean-matching__dataset-heldout-split__ensemble3,bio__env-replogleweissman2022-rpe1-rpe1-rna-baseline__naa35,3
pred__bio__env-replogleweissman2022-rpe1-rpe1-rna-baseline__rab4a__mean-matching__dataset-heldout-split__ensemble3,bio__env-replogleweissman2022-rpe1-rpe1-rna-baseline__rab4a,1
pred__bio__env-replogleweissman2022-rpe1-rpe1-rna-baseline__abhd17a__mean-matching__dataset-heldout-split__ensemble3,bio__env-replogleweissman2022-rpe1-rpe1-rna-baseline__abhd17a,2
pred__bio__env-replogleweissman2022-rpe1-rpe1-rna-baseline__sf3a1__mean-matching__dataset-heldout-split__ensemble3,bio__env-replogleweissman2022-rpe1-rpe1-rna-baseline__sf3a1,2
pred__bio__env-replogleweissman2022-rpe1-rpe1-rna-baseline__cenpt__mean-matching__dataset-heldout-split__ensemble3,bio__env-replogleweissman2022-rpe1-rpe1-rna-baseline__cenpt,2
pred__bio__env-replogleweissman2022-rpe1-rpe1-rna-baseline__efr3a__mean-matching__dataset-heldout-split__ensemble3,bio__env-replogleweissman2022-rpe1-rpe1-rna-baseline__efr3a,1
pred__bio__env-replogleweissman2022-rpe1-rpe1-rna-baseline__ppp2r1a__mean-matching__dataset-heldout-split__ensemble3,bio__env-replogleweissman2022-rpe1-rpe1-rna-baseline__ppp2r1a,3
pred__bio__env-replogleweissman2022-rpe1-rpe1-rna-baseline__gyg1__mean-matching__dataset-heldout-split__ensemble3,bio__env-replogleweissman2022-rpe1-rpe1-rna-baseline__gyg1,2
pred__bio__env-replogleweissman2022-rpe1-rpe1-rna-baseline__ints13__mean-matching__dataset-heldout-split__ensemble3,bio__env-replogleweissman2022-rpe1-rpe1-rna-baseline__ints13,3
pred__bio__env-replogleweissman2022-rpe1-rpe1-rna-baseline__adat3__mean-matching__dataset-heldout-split__ensemble3,bio__env-replogleweissman2022-rpe1-rpe1-rna-baseline__adat3,2
pred__bio__env-replogleweissman2022-rpe1-rpe1-rna-baseline__mettl21a__mean-matching__dataset-heldout-split__ensemble3,bio__env-replogleweissman2022-rpe1-rpe1-rna-baseline__mettl21a,0
pred__bio__env-replogleweissman2022-rpe1-rpe1-rna-baseline__fbxw7__mean-matching__dataset-heldout-split__ensemble3,bio__env-replogleweissman2022-rpe1-rpe1-rna-baseline__fbxw7,4
pred__bio__env-replogleweissman2022-rpe1-rpe1-rna-baseline__yjefn3__mean-matching__dataset-heldout-split__ensemble3,bio__env-replogleweissman2022-rpe1-rpe1-rna-baseline__yjefn3,4
pred__bio__env-replogleweissman2022-rpe1-rpe1-rna-baseline__hscb__mean-matching__dataset-heldout-split__ensemble3,bio__env-replogleweissman2022-rpe1-rpe1-rna-baseline__hscb,3
pred__bio__env-replogleweissman2022-rpe1-rpe1-rna-baseline__dnlz__mean-matching__dataset-heldout-split__ensemble3,bio__env-replogleweissman2022-rpe1-rpe1-rna-baseline__dnlz,2
pred__bio__env-replogleweissman2022-rpe1-rpe1-rna-baseline__pou5f1b__mean-matching__dataset-heldout-split__ensemble3,bio__env-replogleweissman2022-rpe1-rpe1-rna-baseline__pou5f1b,3
pred__bio__env-replogleweissman2022-rpe1-rpe1-rna-baseline__npepps__mean-matching__dataset-heldout-split__ensemble3,bio__env-replogleweissman2022-rpe1-rpe1-rna-baseline__npepps,4
pred__bio__env-replogleweissman2022-rpe1-rpe1-rna-baseline__mcl1__mean-matching__dataset-heldout-split__ensemble3,bio__env-replogleweissman2022-rpe1-rpe1-rna-baseline__mcl1,2
pred__bio__env-replogleweissman2022-rpe1-rpe1-rna-baseline__pars2__mean-matching__dataset-heldout-split__ensemble3,bio__env-replogleweissman2022-rpe1-rpe1-rna-baseline__pars2,0
pred__bio__env-replogleweissman2022-rpe1-rpe1-rna-baseline__sirt7__mean-matching__dataset-heldout-split__ensemble3,bio__env-replogleweissman2022-rpe1-rpe1-rna-baseline__sirt7,3
pred__bio__env-replogleweissman2022-rpe1-rpe1-rna-baseline__nploc4__mean-matching__dataset-heldout-split__ensemble3,bio__env-replogleweissman2022-rpe1-rpe1-rna-baseline__nploc4,3
pred__bio__env-replogleweissman2022-rpe1-rpe1-rna-baseline__cpamd8__mean-matching__dataset-heldout-split__ensemble3,bio__env-replogleweissman2022-rpe1-rpe1-rna-baseline__cpamd8,0
pred__bio__env-replogleweissman2022-rpe1-rpe1-rna-baseline__tuba1b__mean-matching__dataset-heldout-split__ensemble3,bio__env-replogleweissman2022-rpe1-rpe1-rna-baseline__tuba1b,0
pred__bio__env-replogleweissman2022-rpe1-rpe1-rna-baseline__mrpl39__mean-matching__dataset-heldout-split__ensemble3,bio__env-replogleweissman2022-rpe1-rpe1-rna-baseline__mrpl39,4
pred__bio__env-replogleweissman2022-rpe1-rpe1-rna-baseline__mkrn1__mean-matching__dataset-heldout-split__ensemble3,bio__env-replogleweissman2022-rpe1-rpe1-rna-baseline__mkrn1,4
pred__bio__env-replogleweissman2022-rpe1-rpe1-rna-baseline__ccdc144nl__mean-matching__dataset-heldout-split__ensemble3,bio__env-replogleweissman2022-rpe1-rpe1-rna-baseline__ccdc144nl,3
pred__bio__env-replogleweissman2022-rpe1-rpe1-rna-baseline__paxbp1__mean-matching__dataset-heldout-split__ensemble3,bio__env-replogleweissman2022-rpe1-rpe1-rna-baseline__paxbp1,2
pred__bio__env-replogleweissman2022-rpe1-rpe1-rna-baseline__trappc11__mean-matching__dataset-heldout-split__ensemble3,bio__env-replogleweissman2022-rpe1-rpe1-rna-baseline__trappc11,4
pred__bio__env-replogleweissman2022-rpe1-rpe1-rna-baseline__ckap5__mean-matching__dataset-heldout-split__ensemble3,bio__env-replogleweissman2022-rpe1-rpe1-rna-baseline__ckap5,3
pred__bio__env-replogleweissman2022-rpe1-rpe1-rna-baseline__rnf8__mean-matching__dataset-heldout-split__ensemble3,bio__env-replogleweissman2022-rpe1-rpe1-rna-baseline__rnf8,0
pred__bio__env-replogleweissman2022-rpe1-rpe1-rna-baseline__gps1__mean-matching__dataset-heldout-split__ensemble3,bio__env-replogleweissman2022-rpe1-rpe1-rna-baseline__gps1,1
pred__bio__env-replogleweissman2022-rpe1-rpe1-rna-baseline__atp6ap2__mean-matching__dataset-heldout-split__ensemble3,bio__env-replogleweissman2022-rpe1-rpe1-rna-baseline__atp6ap2,1
pred__bio__env-replogleweissman2022-rpe1-rpe1-rna-baseline__cox5a__mean-matching__dataset-heldout-split__ensemble3,bio__env-replogleweissman2022-rpe1-rpe1-rna-baseline__cox5a,1
pred__bio__env-replogleweissman2022-rpe1-rpe1-rna-baseline__anks6__mean-matching__dataset-heldout-split__ensemble3,bio__env-replogleweissman2022-rpe1-rpe1-rna-baseline__anks6,0
pred__bio__env-replogleweissman2022-rpe1-rpe1-rna-baseline__hmgcs1__mean-matching__dataset-heldout-split__ensemble3,bio__env-replogleweissman2022-rpe1-rpe1-rna-baseline__hmgcs1,4
pred__bio__env-replogleweissman2022-rpe1-rpe1-rna-baseline__zmat2__mean-matching__dataset-heldout-split__ensemble3,bio__env-replogleweissman2022-rpe1-rpe1-rna-baseline__zmat2,0
pred__bio__env-replogleweissman2022-rpe1-rpe1-rna-baseline__uqcrb__mean-matching__dataset-heldout-split__ensemble3,bio__env-replogleweissman2022-rpe1-rpe1-rna-baseline__uqcrb,0
pred__bio__env-replogleweissman2022-rpe1-rpe1-rna-baseline__dhodh__mean-matching__dataset-heldout-split__ensemble3,bio__env-replogleweissman2022-rpe1-rpe1-rna-baseline__dhodh,1
pred__bio__env-replogleweissman2022-rpe1-rpe1-rna-baseline__tut1__mean-matching__dataset-heldout-split__ensemble3,bio__env-replogleweissman2022-rpe1-rpe1-rna-baseline__tut1,3
pred__bio__env-replogleweissman2022-rpe1-rpe1-rna-baseline__mrpl24__mean-matching__dataset-heldout-split__ensemble3,bio__env-replogleweissman2022-rpe1-rpe1-rna-baseline__mrpl24,3
pred__bio__env-replogleweissman2022-rpe1-rpe1-rna-baseline__kdm6a__mean-matching__dataset-heldout-split__ensemble3,bio__env-replogleweissman2022-rpe1-rpe1-rna-baseline__kdm6a,4
pred__bio__env-replogleweissman2022-rpe1-rpe1-rna-baseline__c14orf178__mean-matching__dataset-heldout-split__ensemble3,bio__env-replogleweissman2022-rpe1-rpe1-rna-baseline__c14orf178,3
pred__bio__env-replogleweissman2022-rpe1-rpe1-rna-baseline__rsl1d1__mean-matching__dataset-heldout-split__ensemble3,bio__env-replogleweissman2022-rpe1-rpe1-rna-baseline__rsl1d1,2
pred__bio__env-replogleweissman2022-rpe1-rpe1-rna-baseline__cadm4__mean-matching__dataset-heldout-split__ensemble3,bio__env-replogleweissman2022-rpe1-rpe1-rna-baseline__cadm4,4
pred__bio__env-replogleweissman2022-rpe1-rpe1-rna-baseline__tbc1d3__mean-matching__dataset-heldout-split__ensemble3,bio__env-replogleweissman2022-rpe1-rpe1-rna-baseline__tbc1d3,3
pred__bio__env-replogleweissman2022-rpe1-rpe1-rna-baseline__snrnp40__mean-matching__dataset-heldout-split__ensemble3,bio__env-replogleweissman2022-rpe1-rpe1-rna-baseline__snrnp40,0
pred__bio__env-replogleweissman2022-rpe1-rpe1-rna-baseline__cnn2__mean-matching__dataset-heldout-split__ensemble3,bio__env-replogleweissman2022-rpe1-rpe1-rna-baseline__cnn2,2
pred__bio__env-replogleweissman2022-rpe1-rpe1-rna-baseline__cacnb3__mean-matching__dataset-heldout-split__ensemble3,bio__env-replogleweissman2022-rpe1-rpe1-rna-baseline__cacnb3,0
pred__bio__env-replogleweissman2022-rpe1-rpe1-rna-baseline__slc25a10__mean-matching__dataset-heldout-split__ensemble3,bio__env-replogleweissman2022-rpe1-rpe1-rna-baseline__slc25a10,2
pred__bio__env-replogleweissman2022-rpe1-rpe1-rna-baseline__ap2m1__mean-matching__dataset-heldout-split__ensemble3,bio__env-replogleweissman2022-rpe1-rpe1-rna-baseline__ap2m1,4
pred__bio__env-replogleweissman2022-rpe1-rpe1-rna-baseline__ewsr1__mean-matching__dataset-heldout-split__ensemble3,bio__env-replogleweissman2022-rpe1-rpe1-rna-baseline__ewsr1,0
pred__bio__env-replogleweissman2022-rpe1-rpe1-rna-baseline__gfm1__ridge__dataset-heldout-split__ensemble3,bio__env-replogleweissman2022-rpe1-rpe1-rna-baseline__gfm1,0
pred__bio__env-replogleweissman2022-rpe1-rpe1-rna-baseline__fbxo42__ridge__dataset-heldout-split__ensemble3,bio__env-replogleweissman2022-rpe1-rpe1-rna-baseline__fbxo42,3
pred__bio__env-replogleweissman2022-rpe1-rpe1-rna-baseline__control__ridge__dataset-heldout-split__ensemble3,bio__env-replogleweissman2022-rpe1-rpe1-rna-baseline__control,2
pred__bio__env-replogleweissman2022-rpe1-rpe1-rna-baseline__slc1a5__ridge__dataset-heldout-split__ensemble3,bio__env-replogleweissman2022-rpe1-rpe1-rna-baseline__slc1a5,1
pred__bio__env-replogleweissman2022-rpe1-rpe1-rna-baseline__ccdc78__ridge__dataset-heldout-split__ensemble3,bio__env-replogleweissman2022-rpe1-rpe1-rna-baseline__ccdc78,2
pred__bio__env-replogleweissman2022-rpe1-rpe1-rna-baseline__tacc3__ridge__dataset-heldout-split__ensemble3,bio__env-replogleweissman2022-rpe1-rpe1-rna-baseline__tacc3,4
pred__bio__env-replogleweissman2022-rpe1-rpe1-rna-baseline__csh2__ridge__dataset-heldout-split__ensemble3,bio__env-replogleweissman2022-rpe1-rpe1-rna-baseline__csh2,1
pred__bio__env-replogleweissman2022-rpe1-rpe1-rna-baseline__mybl2__ridge__dataset-heldout-split__ensemble3,bio__env-replogleweissman2022-rpe1-rpe1-rna-baseline__mybl2,1
pred__bio__env-replogleweissman2022-rpe1-rpe1-rna-baseline__pkm__ridge__dataset-heldout-split__ensemble3,bio__env-replogleweissman2022-rpe1-rpe1-rna-baseline__pkm,1
pred__bio__env-replogleweissman2022-rpe1-rpe1-rna-baseline__espn__ridge__dataset-heldout-split__ensemble3,bio__env-replogleweissman2022-rpe1-rpe1-rna-baseline__espn,4
pred__bio__env-replogleweissman2022-rpe1-rpe1-rna-baseline__eps8l1__ridge__dataset-heldout-split__ensemble3,bio__env-replogleweissman2022-rpe1-rpe1-rna-baseline__eps8l1,3
pred__bio__env-replogleweissman2022-rpe1-rpe1-rna-baseline__fam136a__ridge__dataset-heldout-split__ensemble3,bio__env-replogleweissman2022-rpe1-rpe1-rna-baseline__fam136a,4
pred__bio__env-replogleweissman2022-rpe1-rpe1-rna-baseline__twf1__ridge__dataset-heldout-split__ensemble3,bio__env-replogleweissman2022-rpe1-rpe1-rna-baseline__twf1,0
pred__bio__env-replogleweissman2022-rpe1-rpe1-rna-baseline__dnm1__ridge__dataset-heldout-split__ensemble3,bio__env-replogleweissman2022-rpe1-rpe1-rna-baseline__dnm1,4
pred__bio__env-replogleweissman2022-rpe1-rpe1-rna-baseline__ssbp3__ridge__dataset-heldout-split__ensemble3,bio__env-replogleweissman2022-rpe1-rpe1-rna-baseline__ssbp3,4
pred__bio__env-replogleweissman2022-rpe1-rpe1-rna-baseline__clock__ridge__dataset-heldout-split__ensemble3,bio__env-replogleweissman2022-rpe1-rpe1-rna-baseline__clock,4
pred__bio__env-replogleweissman2022-rpe1-rpe1-rna-baseline__mrpl36__ridge__dataset-heldout-split__ensemble3,bio__env-replogleweissman2022-rpe1-rpe1-rna-baseline__mrpl36,4
pred__bio__env-replogleweissman2022-rpe1-rpe1-rna-baseline__timm23b__ridge__dataset-heldout-split__ensemble3,bio__env-replogleweissman2022-rpe1-rpe1-rna-baseline__timm23b,3
pred__bio__env-replogleweissman2022-rpe1-rpe1-rna-baseline__tfam__ridge__dataset-heldout-split__ensemble3,bio__env-replogleweissman2022-rpe1-rpe1-rna-baseline__tfam,1
pred__bio__env-replogleweissman2022-rpe1-rpe1-rna-baseline__smn2__ridge__dataset-heldout-split__ensemble3,bio__env-replogleweissman2022-rpe1-rpe1-rna-baseline__smn2,4
pred__bio__env-replogleweissman2022-rpe1-rpe1-rna-baseline__mrpl35__ridge__dataset-heldout-split__ensemble3,bio__env-replogleweissman2022-rpe1-rpe1-rna-baseline__mrpl35,3
pred__bio__env-replogleweissman2022-rpe1-rpe1-rna-baseline__ppp6c__ridge__dataset-heldout-split__ensemble3,bio__env-replogleweissman2022-rpe1-rpe1-rna-baseline__ppp6c,0
pred__bio__env-replogleweissman2022-rpe1-rpe1-rna-baseline__ik__ridge__dataset-heldout-split__ensemble3,bio__env-replogleweissman2022-rpe1-rpe1-rna-baseline__ik,4
pred__bio__env-replogleweissman2022-rpe1-rpe1-rna-baseline__poglut3__ridge__dataset-heldout-split__ensemble3,bio__env-replogleweissman2022-rpe1-rpe1-rna-baseline__poglut3,4
pred__bio__env-replogleweissman2022-rpe1-rpe1-rna-baseline__pcbp2__ridge__dataset-heldout-split__ensemble3,bio__env-replogleweissman2022-rpe1-rpe1-rna-baseline__pcbp2,4
pred__bio__env-replogleweissman2022-rpe1-rpe1-rna-baseline__tardbp__ridge__dataset-heldout-split__ensemble3,bio__env-replogleweissman2022-rpe1-rpe1-rna-baseline__tardbp,3
pred__bio__env-replogleweissman2022-rpe1-rpe1-rna-baseline__yrdc__ridge__dataset-heldout-split__ensemble3,bio__env-replogleweissman2022-rpe1-rpe1-rna-baseline__yrdc,2
pred__bio__env-replogleweissman2022-rpe1-rpe1-rna-baseline__tpt1__ridge__dataset-heldout-split__ensemble3,bio__env-replogleweissman2022-rpe1-rpe1-rna-baseline__tpt1,2
pred__bio__env-replogleweissman2022-rpe1-rpe1-rna-baseline__hsd17b10__ridge__dataset-heldout-split__ensemble3,bio__env-replogleweissman2022-rpe1-rpe1-rna-baseline__hsd17b10,4
pred__bio__env-replogleweissman2022-rpe1-rpe1-rna-baseline__trex2__ridge__dataset-heldout-split__ensemble3,bio__env-replogleweissman2022-rpe1-rpe1-rna-baseline__trex2,1
pred__bio__env-replogleweissman2022-rpe1-rpe1-rna-baseline__tmem242__ridge__dataset-heldout-split__ensemble3,bio__env-replogleweissman2022-rpe1-rpe1-rna-baseline__tmem242,1
pred__bio__env-replogleweissman2022-rpe1-rpe1-rna-baseline__smg5__ridge__dataset-heldout-split__ensemble3,bio__env-replogleweissman2022-rpe1-rpe1-rna-baseline__smg5,2
pred__bio__env-replogleweissman2022-rpe1-rpe1-rna-baseline__tmem214__ridge__dataset-heldout-split__ensemble3,bio__env-replogleweissman2022-rpe1-rpe1-rna-baseline__tmem214,4
pred__bio__env-replogleweissman2022-rpe1-rpe1-rna-baseline__snx15__ridge__dataset-heldout-split__ensemble3,bio__env-replogleweissman2022-rpe1-rpe1-rna-baseline__snx15,2
pred__bio__env-replogleweissman2022-rpe1-rpe1-rna-baseline__gab2__ridge__dataset-heldout-split__ensemble3,bio__env-replogleweissman2022-rpe1-rpe1-rna-baseline__gab2,1
pred__bio__env-replogleweissman2022-rpe1-rpe1-rna-baseline__h2afz__ridge__dataset-heldout-split__ensemble3,bio__env-replogleweissman2022-rpe1-rpe1-rna-baseline__h2afz,4
pred__bio__env-replogleweissman2022-rpe1-rpe1-rna-baseline__anapc15__ridge__dataset-heldout-split__ensemble3,bio__env-replogleweissman2022-rpe1-rpe1-rna-baseline__anapc15,1
pred__bio__env-replogleweissman2022-rpe1-rpe1-rna-baseline__gtf3c4__ridge__dataset-heldout-split__ensemble3,bio__env-replogleweissman2022-rpe1-rpe1-rna-baseline__gtf3c4,0
pred__bio__env-replogleweissman2022-rpe1-rpe1-rna-baseline__ccdc6__ridge__dataset-heldout-split__ensemble3,bio__env-replogleweissman2022-rpe1-rpe1-rna-baseline__ccdc6,2
pred__bio__env-replogleweissman2022-rpe1-rpe1-rna-baseline__bcar1__ridge__dataset-heldout-split__ensemble3,bio__env-replogleweissman2022-rpe1-rpe1-rna-baseline__bcar1,2
pred__bio__env-replogleweissman2022-rpe1-rpe1-rna-baseline__c7orf26__ridge__dataset-heldout-split__ensemble3,bio__env-replogleweissman2022-rpe1-rpe1-rna-baseline__c7orf26,2
pred__bio__env-replogleweissman2022-rpe1-rpe1-rna-baseline__bcl2l1__ridge__dataset-heldout-split__ensemble3,bio__env-replogleweissman2022-rpe1-rpe1-rna-baseline__bcl2l1,0
pred__bio__env-replogleweissman2022-rpe1-rpe1-rna-baseline__eif4b__ridge__dataset-heldout-split__ensemble3,bio__env-replogleweissman2022-rpe1-rpe1-rna-baseline__eif4b,3
pred__bio__env-replogleweissman2022-rpe1-rpe1-rna-baseline__nbpf12__ridge__dataset-heldout-split__ensemble3,bio__env-replogleweissman2022-rpe1-rpe1-rna-baseline__nbpf12,4
pred__bio__env-replogleweissman2022-rpe1-rpe1-rna-baseline__mrpl38__ridge__dataset-heldout-split__ensemble3,bio__env-replogleweissman2022-rpe1-rpe1-rna-baseline__mrpl38,0
pred__bio__env-replogleweissman2022-rpe1-rpe1-rna-baseline__wtap__ridge__dataset-heldout-split__ensemble3,bio__env-replogleweissman2022-rpe1-rpe1-rna-baseline__wtap,4
pred__bio__env-replogleweissman2022-rpe1-rpe1-rna-baseline__lamtor1__ridge__dataset-heldout-split__ensemble3,bio__env-replogleweissman2022-rpe1-rpe1-rna-baseline__lamtor1,0
pred__bio__env-replogleweissman2022-rpe1-rpe1-rna-baseline__cpsf3__ridge__dataset-heldout-split__ensemble3,bio__env-replogleweissman2022-rpe1-rpe1-rna-baseline__cpsf3,4
pred__bio__env-replogleweissman2022-rpe1-rpe1-rna-baseline__spc25__ridge__dataset-heldout-split__ensemble3,bio__env-replogleweissman2022-rpe1-rpe1-rna-baseline__spc25,3
pred__bio__env-replogleweissman2022-rpe1-rpe1-rna-baseline__tubb2a__ridge__dataset-heldout-split__ensemble3,bio__env-replogleweissman2022-rpe1-rpe1-rna-baseline__tubb2a,4
pred__bio__env-replogleweissman2022-rpe1-rpe1-rna-baseline__znf718__ridge__dataset-heldout-split__ensemble3,bio__env-replogleweissman2022-rpe1-rpe1-rna-baseline__znf718,2
pred__bio__env-replogleweissman2022-rpe1-rpe1-rna-baseline__zdhhc7__ridge__dataset-heldout-split__ensemble3,bio__env-replogleweissman2022-rpe1-rpe1-rna-baseline__zdhhc7,1
pred__bio__env-replogleweissman2022-rpe1-rpe1-rna-baseline__adam10__ridge__dataset-heldout-split__ensemble3,bio__env-replogleweissman2022-rpe1-rpe1-rna-baseline__adam10,3
pred__bio__env-replogleweissman2022-rpe1-rpe1-rna-baseline__aqp7__ridge__dataset-heldout-split__ensemble3,bio__env-replogleweissman2022-rpe1-rpe1-rna-baseline__aqp7,3
pred__bio__env-replogleweissman2022-rpe1-rpe1-rna-baseline__dynlrb1__ridge__dataset-heldout-split__ensemble3,bio__env-replogleweissman2022-rpe1-rpe1-rna-baseline__dynlrb1,3
pred__bio__env-replogleweissman2022-rpe1-rpe1-rna-baseline__tbx1__ridge__dataset-heldout-split__ensemble3,bio__env-replogleweissman2022-rpe1-rpe1-rna-baseline__tbx1,1
pred__bio__env-replogleweissman2022-rpe1-rpe1-rna-baseline__ccnk__ridge__dataset-heldout-split__ensemble3,bio__env-replogleweissman2022-rpe1-rpe1-rna-baseline__ccnk,0
pred__bio__env-replogleweissman2022-rpe1-rpe1-rna-baseline__hira__ridge__dataset-heldout-split__ensemble3,bio__env-replogleweissman2022-rpe1-rpe1-rna-baseline__hira,0
pred__bio__env-replogleweissman2022-rpe1-rpe1-rna-baseline__clasrp__ridge__dataset-heldout-split__ensemble3,bio__env-replogleweissman2022-rpe1-rpe1-rna-baseline__clasrp,3
pred__bio__env-replogleweissman2022-rpe1-rpe1-rna-baseline__mrps21__ridge__dataset-heldout-split__ensemble3,bio__env-replogleweissman2022-rpe1-rpe1-rna-baseline__mrps21,3
pred__bio__env-replogleweissman2022-rpe1-rpe1-rna-baseline__jazf1__ridge__dataset-heldout-split__ensemble3,bio__env-replogleweissman2022-rpe1-rpe1-rna-baseline__jazf1,0
pred__bio__env-replogleweissman2022-rpe1-rpe1-rna-baseline__mvk__ridge__dataset-heldout-split__ensemble3,bio__env-replogleweissman2022-rpe1-rpe1-rna-baseline__mvk,4
pred__bio__env-replogleweissman2022-rpe1-rpe1-rna-baseline__tfrc__ridge__dataset-heldout-split__ensemble3,bio__env-replogleweissman2022-rpe1-rpe1-rna-baseline__tfrc,2
pred__bio__env-replogleweissman2022-rpe1-rpe1-rna-baseline__rhoq__ridge__dataset-heldout-split__ensemble3,bio__env-replogleweissman2022-rpe1-rpe1-rna-baseline__rhoq,3
pred__bio__env-replogleweissman2022-rpe1-rpe1-rna-baseline__ube2m__ridge__dataset-heldout-split__ensemble3,bio__env-replogleweissman2022-rpe1-rpe1-rna-baseline__ube2m,0
pred__bio__env-replogleweissman2022-rpe1-rpe1-rna-baseline__rab4b__ridge__dataset-heldout-split__ensemble3,bio__env-replogleweissman2022-rpe1-rpe1-rna-baseline__rab4b,0
pred__bio__env-replogleweissman2022-rpe1-rpe1-rna-baseline__ints14__ridge__dataset-heldout-split__ensemble3,bio__env-replogleweissman2022-rpe1-rpe1-rna-baseline__ints14,1
pred__bio__env-replogleweissman2022-rpe1-rpe1-rna-baseline__krt17__ridge__dataset-heldout-split__ensemble3,bio__env-replogleweissman2022-rpe1-rpe1-rna-baseline__krt17,1
pred__bio__env-replogleweissman2022-rpe1-rpe1-rna-baseline__ddx46__ridge__dataset-heldout-split__ensemble3,bio__env-replogleweissman2022-rpe1-rpe1-rna-baseline__ddx46,3
pred__bio__env-replogleweissman2022-rpe1-rpe1-rna-baseline__zbtb17__ridge__dataset-heldout-split__ensemble3,bio__env-replogleweissman2022-rpe1-rpe1-rna-baseline__zbtb17,1
pred__bio__env-replogleweissman2022-rpe1-rpe1-rna-baseline__rgpd6__ridge__dataset-heldout-split__ensemble3,bio__env-replogleweissman2022-rpe1-rpe1-rna-baseline__rgpd6,0
pred__bio__env-replogleweissman2022-rpe1-rpe1-rna-baseline__ddx19a__ridge__dataset-heldout-split__ensemble3,bio__env-replogleweissman2022-rpe1-rpe1-rna-baseline__ddx19a,4
pred__bio__env-replogleweissman2022-rpe1-rpe1-rna-baseline__gtf2e2__ridge__dataset-heldout-split__ensemble3,bio__env-replogleweissman2022-rpe1-rpe1-rna-baseline__gtf2e2,1
pred__bio__env-replogleweissman2022-rpe1-rpe1-rna-baseline__prodh__ridge__dataset-heldout-split__ensemble3,bio__env-replogleweissman2022-rpe1-rpe1-rna-baseline__prodh,4
pred__bio__env-replogleweissman2022-rpe1-rpe1-rna-baseline__nxf1__ridge__dataset-heldout-split__ensemble3,bio__env-replogleweissman2022-rpe1-rpe1-rna-baseline__nxf1,4
pred__bio__env-replogleweissman2022-rpe1-rpe1-rna-baseline__hsd17b12__ridge__dataset-heldout-split__ensemble3,bio__env-replogleweissman2022-rpe1-rpe1-rna-baseline__hsd17b12,3
pred__bio__env-replogleweissman2022-rpe1-rpe1-rna-baseline__ddx19b__ridge__dataset-heldout-split__ensemble3,bio__env-replogleweissman2022-rpe1-rpe1-rna-baseline__ddx19b,4
pred__bio__env-replogleweissman2022-rpe1-rpe1-rna-baseline__ddx5__ridge__dataset-heldout-split__ensemble3,bio__env-replogleweissman2022-rpe1-rpe1-rna-baseline__ddx5,2
pred__bio__env-replogleweissman2022-rpe1-rpe1-rna-baseline__ltbp3__ridge__dataset-heldout-split__ensemble3,bio__env-replogleweissman2022-rpe1-rpe1-rna-baseline__ltbp3,4
pred__bio__env-replogleweissman2022-rpe1-rpe1-rna-baseline__srsf11__ridge__dataset-heldout-split__ensemble3,bio__env-replogleweissman2022-rpe1-rpe1-rna-baseline__srsf11,1
pred__bio__env-replogleweissman2022-rpe1-rpe1-rna-baseline__atp5mf__ridge__dataset-heldout-split__ensemble3,bio__env-replogleweissman2022-rpe1-rpe1-rna-baseline__atp5mf,1
pred__bio__env-replogleweissman2022-rpe1-rpe1-rna-baseline__ndufa3__ridge__dataset-heldout-split__ensemble3,bio__env-replogleweissman2022-rpe1-rpe1-rna-baseline__ndufa3,2
pred__bio__env-replogleweissman2022-rpe1-rpe1-rna-baseline__slc35g2__ridge__dataset-heldout-split__ensemble3,bio__env-replogleweissman2022-rpe1-rpe1-rna-baseline__slc35g2,3
pred__bio__env-replogleweissman2022-rpe1-rpe1-rna-baseline__psmg3__ridge__dataset-heldout-split__ensemble3,bio__env-replogleweissman2022-rpe1-rpe1-rna-baseline__psmg3,2
pred__bio__env-replogleweissman2022-rpe1-rpe1-rna-baseline__mrps6__ridge__dataset-heldout-split__ensemble3,bio__env-replogleweissman2022-rpe1-rpe1-rna-baseline__mrps6,1
pred__bio__env-replogleweissman2022-rpe1-rpe1-rna-baseline__fam229a__ridge__dataset-heldout-split__ensemble3,bio__env-replogleweissman2022-rpe1-rpe1-rna-baseline__fam229a,4
pred__bio__env-replogleweissman2022-rpe1-rpe1-rna-baseline__glrx5__ridge__dataset-heldout-split__ensemble3,bio__env-replogleweissman2022-rpe1-rpe1-rna-baseline__glrx5,1
pred__bio__env-replogleweissman2022-rpe1-rpe1-rna-baseline__gnpnat1__ridge__dataset-heldout-split__ensemble3,bio__env-replogleweissman2022-rpe1-rpe1-rna-baseline__gnpnat1,2
pred__bio__env-replogleweissman2022-rpe1-rpe1-rna-baseline__pstk__ridge__dataset-heldout-split__ensemble3,bio__env-replogleweissman2022-rpe1-rpe1-rna-baseline__pstk,1
pred__bio__env-replogleweissman2022-rpe1-rpe1-rna-baseline__med19__ridge__dataset-heldout-split__ensemble3,bio__env-replogleweissman2022-rpe1-rpe1-rna-baseline__med19,1
pred__bio__env-replogleweissman2022-rpe1-rpe1-rna-baseline__ubtf__ridge__dataset-heldout-split__ensemble3,bio__env-replogleweissman2022-rpe1-rpe1-rna-baseline__ubtf,2
pred__bio__env-replogleweissman2022-rpe1-rpe1-rna-baseline__trnt1__ridge__dataset-heldout-split__ensemble3,bio__env-replogleweissman2022-rpe1-rpe1-rna-baseline__trnt1,4
pred__bio__env-replogleweissman2022-rpe1-rpe1-rna-baseline__dnaaf3__ridge__dataset-heldout-split__ensemble3,bio__env-replogleweissman2022-rpe1-rpe1-rna-baseline__dnaaf3,3
pred__bio__env-replogleweissman2022-rpe1-rpe1-rna-baseline__rrm2__ridge__dataset-heldout-split__ensemble3,bio__env-replogleweissman2022-rpe1-rpe1-rna-baseline__rrm2,3
pred__bio__env-replogleweissman2022-rpe1-rpe1-rna-baseline__slc7a5__ridge__dataset-heldout-split__ensemble3,bio__env-replogleweissman2022-rpe1-rpe1-rna-baseline__slc7a5,1
pred__bio__env-replogleweissman2022-rpe1-rpe1-rna-baseline__sdhaf2__ridge__dataset-heldout-split__ensemble3,bio__env-replogleweissman2022-rpe1-rpe1-rna-baseline__sdhaf2,0
pred__bio__env-replogleweissman2022-rpe1-rpe1-rna-baseline__tkt__ridge__dataset-heldout-split__ensemble3,bio__env-replogleweissman2022-rpe1-rpe1-rna-baseline__tkt,4
pred__bio__env-replogleweissman2022-rpe1-rpe1-rna-baseline__eif3cl__ridge__dataset-heldout-split__ensemble3,bio__env-replogleweissman2022-rpe1-rpe1-rna-baseline__eif3cl,0
pred__bio__env-replogleweissman2022-rpe1-rpe1-rna-baseline__pmf1__ridge__dataset-heldout-split__ensemble3,bio__env-replogleweissman2022-rpe1-rpe1-rna-baseline__pmf1,0
pred__bio__env-replogleweissman2022-rpe1-rpe1-rna-baseline__zfp69b__ridge__dataset-heldout-split__ensemble3,bio__env-replogleweissman2022-rpe1-rpe1-rna-baseline__zfp69b,1
pred__bio__env-replogleweissman2022-rpe1-rpe1-rna-baseline__pmpcb__ridge__dataset-heldout-split__ensemble3,bio__env-replogleweissman2022-rpe1-rpe1-rna-baseline__pmpcb,4
pred__bio__env-replogleweissman2022-rpe1-rpe1-rna-baseline__mrpl27__ridge__dataset-heldout-split__ensemble3,bio__env-replogleweissman2022-rpe1-rpe1-rna-baseline__mrpl27,2
pred__bio__env-replogleweissman2022-rpe1-rpe1-rna-baseline__ssu72__ridge__dataset-heldout-split__ensemble3,bio__env-replogleweissman2022-rpe1-rpe1-rna-baseline__ssu72,1
pred__bio__env-replogleweissman2022-rpe1-rpe1-rna-baseline__rtel1__ridge__dataset-heldout-split__ensemble3,bio__env-replogleweissman2022-rpe1-rpe1-rna-baseline__rtel1,2
pred__bio__env-replogleweissman2022-rpe1-rpe1-rna-baseline__otop1__ridge__dataset-heldout-split__ensemble3,bio__env-replogleweissman2022-rpe1-rpe1-rna-baseline__otop1,3
pred__bio__env-replogleweissman2022-rpe1-rpe1-rna-baseline__lmo2__ridge__dataset-heldout-split__ensemble3,bio__env-replogleweissman2022-rpe1-rpe1-rna-baseline__lmo2,2
pred__bio__env-replogleweissman2022-rpe1-rpe1-rna-baseline__hist1h2bc__ridge__dataset-heldout-split__ensemble3,bio__env-replogleweissman2022-rpe1-rpe1-rna-baseline__hist1h2bc,0
pred__bio__env-replogleweissman2022-rpe1-rpe1-rna-baseline__tubb__ridge__dataset-heldout-split__ensemble3,bio__env-replogleweissman2022-rpe1-rpe1-rna-baseline__tubb,1
pred__bio__env-replogleweissman2022-rpe1-rpe1-rna-baseline__sbno1__ridge__dataset-heldout-split__ensemble3,bio__env-replogleweissman2022-rpe1-rpe1-rna-baseline__sbno1,1
pred__bio__env-replogleweissman2022-rpe1-rpe1-rna-baseline__btf3l4__ridge__dataset-heldout-split__ensemble3,bio__env-replogleweissman2022-rpe1-rpe1-rna-baseline__btf3l4,2
pred__bio__env-replogleweissman2022-rpe1-rpe1-rna-baseline__rbm15__ridge__dataset-heldout-split__ensemble3,bio__env-replogleweissman2022-rpe1-rpe1-rna-baseline__rbm15,1
pred__bio__env-replogleweissman2022-rpe1-rpe1-rna-baseline__cse1l__ridge__dataset-heldout-split__ensemble3,bio__env-replogleweissman2022-rpe1-rpe1-rna-baseline__cse1l,1
pred__bio__env-replogleweissman2022-rpe1-rpe1-rna-baseline__dstyk__ridge__dataset-heldout-split__ensemble3,bio__env-replogleweissman2022-rpe1-rpe1-rna-baseline__dstyk,2
pred__bio__env-replogleweissman2022-rpe1-rpe1-rna-baseline__ppp1r37__ridge__dataset-heldout-split__ensemble3,bio__env-replogleweissman2022-rpe1-rpe1-rna-baseline__ppp1r37,4
pred__bio__env-replogleweissman2022-rpe1-rpe1-rna-baseline__tnnt2__ridge__dataset-heldout-split__ensemble3,bio__env-replogleweissman2022-rpe1-rpe1-rna-baseline__tnnt2,0
pred__bio__env-replogleweissman2022-rpe1-rpe1-rna-baseline__naa35__ridge__dataset-heldout-split__ensemble3,bio__env-replogleweissman2022-rpe1-rpe1-rna-baseline__naa35,3
pred__bio__env-replogleweissman2022-rpe1-rpe1-rna-baseline__rab4a__ridge__dataset-heldout-split__ensemble3,bio__env-replogleweissman2022-rpe1-rpe1-rna-baseline__rab4a,1
pred__bio__env-replogleweissman2022-rpe1-rpe1-rna-baseline__abhd17a__ridge__dataset-heldout-split__ensemble3,bio__env-replogleweissman2022-rpe1-rpe1-rna-baseline__abhd17a,2
pred__bio__env-replogleweissman2022-rpe1-rpe1-rna-baseline__sf3a1__ridge__dataset-heldout-split__ensemble3,bio__env-replogleweissman2022-rpe1-rpe1-rna-baseline__sf3a1,2
pred__bio__env-replogleweissman2022-rpe1-rpe1-rna-baseline__cenpt__ridge__dataset-heldout-split__ensemble3,bio__env-replogleweissman2022-rpe1-rpe1-rna-baseline__cenpt,2
pred__bio__env-replogleweissman2022-rpe1-rpe1-rna-baseline__efr3a__ridge__dataset-heldout-split__ensemble3,bio__env-replogleweissman2022-rpe1-rpe1-rna-baseline__efr3a,1
pred__bio__env-replogleweissman2022-rpe1-rpe1-rna-baseline__ppp2r1a__ridge__dataset-heldout-split__ensemble3,bio__env-replogleweissman2022-rpe1-rpe1-rna-baseline__ppp2r1a,3
pred__bio__env-replogleweissman2022-rpe1-rpe1-rna-baseline__gyg1__ridge__dataset-heldout-split__ensemble3,bio__env-replogleweissman2022-rpe1-rpe1-rna-baseline__gyg1,2
pred__bio__env-replogleweissman2022-rpe1-rpe1-rna-baseline__ints13__ridge__dataset-heldout-split__ensemble3,bio__env-replogleweissman2022-rpe1-rpe1-rna-baseline__ints13,3
pred__bio__env-replogleweissman2022-rpe1-rpe1-rna-baseline__adat3__ridge__dataset-heldout-split__ensemble3,bio__env-replogleweissman2022-rpe1-rpe1-rna-baseline__adat3,2
pred__bio__env-replogleweissman2022-rpe1-rpe1-rna-baseline__mettl21a__ridge__dataset-heldout-split__ensemble3,bio__env-replogleweissman2022-rpe1-rpe1-rna-baseline__mettl21a,0
pred__bio__env-replogleweissman2022-rpe1-rpe1-rna-baseline__fbxw7__ridge__dataset-heldout-split__ensemble3,bio__env-replogleweissman2022-rpe1-rpe1-rna-baseline__fbxw7,4
pred__bio__env-replogleweissman2022-rpe1-rpe1-rna-baseline__yjefn3__ridge__dataset-heldout-split__ensemble3,bio__env-replogleweissman2022-rpe1-rpe1-rna-baseline__yjefn3,4
pred__bio__env-replogleweissman2022-rpe1-rpe1-rna-baseline__hscb__ridge__dataset-heldout-split__ensemble3,bio__env-replogleweissman2022-rpe1-rpe1-rna-baseline__hscb,3
pred__bio__env-replogleweissman2022-rpe1-rpe1-rna-baseline__dnlz__ridge__dataset-heldout-split__ensemble3,bio__env-replogleweissman2022-rpe1-rpe1-rna-baseline__dnlz,2
pred__bio__env-replogleweissman2022-rpe1-rpe1-rna-baseline__pou5f1b__ridge__dataset-heldout-split__ensemble3,bio__env-replogleweissman2022-rpe1-rpe1-rna-baseline__pou5f1b,3
pred__bio__env-replogleweissman2022-rpe1-rpe1-rna-baseline__npepps__ridge__dataset-heldout-split__ensemble3,bio__env-replogleweissman2022-rpe1-rpe1-rna-baseline__npepps,4
pred__bio__env-replogleweissman2022-rpe1-rpe1-rna-baseline__mcl1__ridge__dataset-heldout-split__ensemble3,bio__env-replogleweissman2022-rpe1-rpe1-rna-baseline__mcl1,2
pred__bio__env-replogleweissman2022-rpe1-rpe1-rna-baseline__pars2__ridge__dataset-heldout-split__ensemble3,bio__env-replogleweissman2022-rpe1-rpe1-rna-baseline__pars2,0
pred__bio__env-replogleweissman2022-rpe1-rpe1-rna-baseline__sirt7__ridge__dataset-heldout-split__ensemble3,bio__env-replogleweissman2022-rpe1-rpe1-rna-baseline__sirt7,3
pred__bio__env-replogleweissman2022-rpe1-rpe1-rna-baseline__nploc4__ridge__dataset-heldout-split__ensemble3,bio__env-replogleweissman2022-rpe1-rpe1-rna-baseline__nploc4,3
pred__bio__env-replogleweissman2022-rpe1-rpe1-rna-baseline__cpamd8__ridge__dataset-heldout-split__ensemble3,bio__env-replogleweissman2022-rpe1-rpe1-rna-baseline__cpamd8,0
pred__bio__env-replogleweissman2022-rpe1-rpe1-rna-baseline__tuba1b__ridge__dataset-heldout-split__ensemble3,bio__env-replogleweissman2022-rpe1-rpe1-rna-baseline__tuba1b,0
pred__bio__env-replogleweissman2022-rpe1-rpe1-rna-baseline__mrpl39__ridge__dataset-heldout-split__ensemble3,bio__env-replogleweissman2022-rpe1-rpe1-rna-baseline__mrpl39,4
pred__bio__env-replogleweissman2022-rpe1-rpe1-rna-baseline__mkrn1__ridge__dataset-heldout-split__ensemble3,bio__env-replogleweissman2022-rpe1-rpe1-rna-baseline__mkrn1,4
pred__bio__env-replogleweissman2022-rpe1-rpe1-rna-baseline__ccdc144nl__ridge__dataset-heldout-split__ensemble3,bio__env-replogleweissman2022-rpe1-rpe1-rna-baseline__ccdc144nl,3
pred__bio__env-replogleweissman2022-rpe1-rpe1-rna-baseline__paxbp1__ridge__dataset-heldout-split__ensemble3,bio__env-replogleweissman2022-rpe1-rpe1-rna-baseline__paxbp1,2
pred__bio__env-replogleweissman2022-rpe1-rpe1-rna-baseline__trappc11__ridge__dataset-heldout-split__ensemble3,bio__env-replogleweissman2022-rpe1-rpe1-rna-baseline__trappc11,4
pred__bio__env-replogleweissman2022-rpe1-rpe1-rna-baseline__ckap5__ridge__dataset-heldout-split__ensemble3,bio__env-replogleweissman2022-rpe1-rpe1-rna-baseline__ckap5,3
pred__bio__env-replogleweissman2022-rpe1-rpe1-rna-baseline__rnf8__ridge__dataset-heldout-split__ensemble3,bio__env-replogleweissman2022-rpe1-rpe1-rna-baseline__rnf8,0
pred__bio__env-replogleweissman2022-rpe1-rpe1-rna-baseline__gps1__ridge__dataset-heldout-split__ensemble3,bio__env-replogleweissman2022-rpe1-rpe1-rna-baseline__gps1,1
pred__bio__env-replogleweissman2022-rpe1-rpe1-rna-baseline__atp6ap2__ridge__dataset-heldout-split__ensemble3,bio__env-replogleweissman2022-rpe1-rpe1-rna-baseline__atp6ap2,1
pred__bio__env-replogleweissman2022-rpe1-rpe1-rna-baseline__cox5a__ridge__dataset-heldout-split__ensemble3,bio__env-replogleweissman2022-rpe1-rpe1-rna-baseline__cox5a,1
pred__bio__env-replogleweissman2022-rpe1-rpe1-rna-baseline__anks6__ridge__dataset-heldout-split__ensemble3,bio__env-replogleweissman2022-rpe1-rpe1-rna-baseline__anks6,0
pred__bio__env-replogleweissman2022-rpe1-rpe1-rna-baseline__hmgcs1__ridge__dataset-heldout-split__ensemble3,bio__env-replogleweissman2022-rpe1-rpe1-rna-baseline__hmgcs1,4
pred__bio__env-replogleweissman2022-rpe1-rpe1-rna-baseline__zmat2__ridge__dataset-heldout-split__ensemble3,bio__env-replogleweissman2022-rpe1-rpe1-rna-baseline__zmat2,0
pred__bio__env-replogleweissman2022-rpe1-rpe1-rna-baseline__uqcrb__ridge__dataset-heldout-split__ensemble3,bio__env-replogleweissman2022-rpe1-rpe1-rna-baseline__uqcrb,0
pred__bio__env-replogleweissman2022-rpe1-rpe1-rna-baseline__dhodh__ridge__dataset-heldout-split__ensemble3,bio__env-replogleweissman2022-rpe1-rpe1-rna-baseline__dhodh,1
pred__bio__env-replogleweissman2022-rpe1-rpe1-rna-baseline__tut1__ridge__dataset-heldout-split__ensemble3,bio__env-replogleweissman2022-rpe1-rpe1-rna-baseline__tut1,3
pred__bio__env-replogleweissman2022-rpe1-rpe1-rna-baseline__mrpl24__ridge__dataset-heldout-split__ensemble3,bio__env-replogleweissman2022-rpe1-rpe1-rna-baseline__mrpl24,3
pred__bio__env-replogleweissman2022-rpe1-rpe1-rna-baseline__kdm6a__ridge__dataset-heldout-split__ensemble3,bio__env-replogleweissman2022-rpe1-rpe1-rna-baseline__kdm6a,4
pred__bio__env-replogleweissman2022-rpe1-rpe1-rna-baseline__c14orf178__ridge__dataset-heldout-split__ensemble3,bio__env-replogleweissman2022-rpe1-rpe1-rna-baseline__c14orf178,3
pred__bio__env-replogleweissman2022-rpe1-rpe1-rna-baseline__rsl1d1__ridge__dataset-heldout-split__ensemble3,bio__env-replogleweissman2022-rpe1-rpe1-rna-baseline__rsl1d1,2
pred__bio__env-replogleweissman2022-rpe1-rpe1-rna-baseline__cadm4__ridge__dataset-heldout-split__ensemble3,bio__env-replogleweissman2022-rpe1-rpe1-rna-baseline__cadm4,4
pred__bio__env-replogleweissman2022-rpe1-rpe1-rna-baseline__tbc1d3__ridge__dataset-heldout-split__ensemble3,bio__env-replogleweissman2022-rpe1-rpe1-rna-baseline__tbc1d3,3
pred__bio__env-replogleweissman2022-rpe1-rpe1-rna-baseline__snrnp40__ridge__dataset-heldout-split__ensemble3,bio__env-replogleweissman2022-rpe1-rpe1-rna-baseline__snrnp40,0
pred__bio__env-replogleweissman2022-rpe1-rpe1-rna-baseline__cnn2__ridge__dataset-heldout-split__ensemble3,bio__env-replogleweissman2022-rpe1-rpe1-rna-baseline__cnn2,2
pred__bio__env-replogleweissman2022-rpe1-rpe1-rna-baseline__cacnb3__ridge__dataset-heldout-split__ensemble3,bio__env-replogleweissman2022-rpe1-rpe1-rna-baseline__cacnb3,0
pred__bio__env-replogleweissman2022-rpe1-rpe1-rna-baseline__slc25a10__ridge__dataset-heldout-split__ensemble3,bio__env-replogleweissman2022-rpe1-rpe1-rna-baseline__slc25a10,2
pred__bio__env-replogleweissman2022-rpe1-rpe1-rna-baseline__ap2m1__ridge__dataset-heldout-split__ensemble3,bio__env-replogleweissman2022-rpe1-rpe1-rna-baseline__ap2m1,4
pred__bio__env-replogleweissman2022-rpe1-rpe1-rna-baseline__ewsr1__ridge__dataset-heldout-split__ensemble3,bio__env-replogleweissman2022-rpe1-rpe1-rna-baseline__ewsr1,0
