source_environment_id,target_environment_id,transfer_id,unordered_context_pair_id,metric,cell_budget_label,cell_budget_order,comparator,current_cross_estimate,current_same_context_null,current_cross_minus_null_margin,matched_cross_ab,matched_cross_ba,matched_null_source,matched_null_target,matched_cross_estimate,matched_same_context_null,matched_cross_minus_null_margin,matched_cross_evaluable_coverage,matched_null_evaluable_coverage,matched_stable_pair_coverage_cross,matched_stable_pair_coverage_null,matched_unit
frangieh_melanoma_coculture,frangieh_melanoma_ifng,frangieh_melanoma_coculture->frangieh_melanoma_ifng,frangieh_melanoma_coculture<->frangieh_melanoma_ifng,absolute_effect_rank_agreement,10,1,kendall_distance,0.10979366463237439,0.037314734088927715,0.07247893054344667,0.1085730892182506,0.11101424004649818,0.0359779133972683,0.03865155478058713,0.10979366463237439,0.037314734088927715,0.07247893054344667,0.6045045045045045,0.6678000581226388,0.6045045045045045,0.6678000581226388,15 aligned seed-block vectors; 2 measurement replicates retained within each block
frangieh_melanoma_coculture,frangieh_melanoma_ifng,frangieh_melanoma_coculture->frangieh_melanoma_ifng,frangieh_melanoma_coculture<->frangieh_melanoma_ifng,absolute_effect_rank_agreement,10,1,spearman_distance,0.030762416720671065,0.0041232883737627735,0.026639128346908292,0.031007650741996184,0.030517182699345946,0.004007664728727378,0.004238912018798169,0.030762416720671065,0.0041232883737627735,0.026639128346908292,0.6045045045045045,0.6678000581226388,0.6045045045045045,0.6678000581226388,15 aligned seed-block vectors; 2 measurement replicates retained within each block
frangieh_melanoma_coculture,frangieh_melanoma_ifng,frangieh_melanoma_coculture->frangieh_melanoma_ifng,frangieh_melanoma_coculture<->frangieh_melanoma_ifng,absolute_effect_rank_agreement,10,1,top10_jaccard_distance,0.5,0.3246753246753247,0.17532467532467533,0.5,0.5,0.36363636363636365,0.2857142857142857,0.5,0.3246753246753247,0.17532467532467533,0.6045045045045045,0.6678000581226388,0.6045045045045045,0.6678000581226388,15 aligned seed-block vectors; 2 measurement replicates retained within each block
frangieh_melanoma_coculture,frangieh_melanoma_ifng,frangieh_melanoma_coculture->frangieh_melanoma_ifng,frangieh_melanoma_coculture<->frangieh_melanoma_ifng,absolute_effect_rank_agreement,10,1,stable_pair_inversion_fraction,0.0033070619790314397,0.0,0.0033070619790314397,0.007750416952810753,0.008107088989441931,0.0,0.0,0.007928752971126342,0.0,0.007928752971126342,0.6045045045045045,0.6678000581226388,0.6045045045045045,0.6678000581226388,15 aligned seed-block vectors; 2 measurement replicates retained within each block
frangieh_melanoma_coculture,frangieh_melanoma_ifng,frangieh_melanoma_coculture->frangieh_melanoma_ifng,frangieh_melanoma_coculture<->frangieh_melanoma_ifng,absolute_effect_rank_agreement,10,1,d_adj,0.017329240252488304,-0.005352732042387148,0.022681972294875452,0.003779908941199265,0.0015615615615615494,0.0037702218347379596,-0.004674997578223387,0.0026707352513804074,-0.00045238787174271366,0.0031231231231231213,0.6045045045045045,0.6678000581226388,0.6045045045045045,0.6678000581226388,15 aligned seed-block vectors; 2 measurement replicates retained within each block
frangieh_melanoma_coculture,frangieh_melanoma_ifng,frangieh_melanoma_coculture->frangieh_melanoma_ifng,frangieh_melanoma_coculture<->frangieh_melanoma_ifng,absolute_effect_rank_agreement,20,2,kendall_distance,0.11453065969195006,0.0385062481836676,0.07602441150828246,0.11223481546062197,0.11682650392327815,0.03760534728276671,0.039407149084568494,0.11453065969195006,0.0385062481836676,0.07602441150828246,0.6010752688172043,0.6748038360941586,0.6010752688172043,0.6748038360941586,15 aligned seed-block vectors; 2 measurement replicates retained within each block
frangieh_melanoma_coculture,frangieh_melanoma_ifng,frangieh_melanoma_coculture->frangieh_melanoma_ifng,frangieh_melanoma_coculture<->frangieh_melanoma_ifng,absolute_effect_rank_agreement,20,2,spearman_distance,0.032510291903081356,0.004081328179999927,0.02842896372308143,0.030960095855731617,0.034060487950431095,0.0038556755824308286,0.004306980777569025,0.032510291903081356,0.004081328179999927,0.02842896372308143,0.6010752688172043,0.6748038360941586,0.6010752688172043,0.6748038360941586,15 aligned seed-block vectors; 2 measurement replicates retained within each block
frangieh_melanoma_coculture,frangieh_melanoma_ifng,frangieh_melanoma_coculture->frangieh_melanoma_ifng,frangieh_melanoma_coculture<->frangieh_melanoma_ifng,absolute_effect_rank_agreement,20,2,top10_jaccard_distance,0.6648351648351649,0.3246753246753247,0.34015984015984024,0.6153846153846154,0.7142857142857143,0.36363636363636365,0.2857142857142857,0.6648351648351649,0.3246753246753247,0.34015984015984024,0.6010752688172043,0.6748038360941586,0.6010752688172043,0.6748038360941586,15 aligned seed-block vectors; 2 measurement replicates retained within each block
frangieh_melanoma_coculture,frangieh_melanoma_ifng,frangieh_melanoma_coculture->frangieh_melanoma_ifng,frangieh_melanoma_coculture<->frangieh_melanoma_ifng,absolute_effect_rank_agreement,20,2,stable_pair_inversion_fraction,0.0055781089197102125,0.0,0.0055781089197102125,0.009369024856596558,0.010075320356059864,0.0,0.0,0.009722172606328211,0.0,0.009722172606328211,0.6010752688172043,0.6748038360941586,0.6010752688172043,0.6748038360941586,15 aligned seed-block vectors; 2 measurement replicates retained within each block
frangieh_melanoma_coculture,frangieh_melanoma_ifng,frangieh_melanoma_coculture->frangieh_melanoma_ifng,frangieh_melanoma_coculture<->frangieh_melanoma_ifng,absolute_effect_rank_agreement,20,2,d_adj,0.019900469991682435,-0.005550012749122868,0.025450482740805302,0.0016681197326358606,0.0047679938002518725,-0.006645355032451801,-0.001732054635280448,0.0032180567664438667,-0.004188704833866124,0.0074067616003099905,0.6010752688172043,0.6748038360941586,0.6010752688172043,0.6748038360941586,15 aligned seed-block vectors; 2 measurement replicates retained within each block
frangieh_melanoma_coculture,frangieh_melanoma_ifng,frangieh_melanoma_coculture->frangieh_melanoma_ifng,frangieh_melanoma_coculture<->frangieh_melanoma_ifng,absolute_effect_rank_agreement,40,3,kendall_distance,0.10409764603312999,0.03528044173205472,0.06881720430107527,0.10560883464109277,0.1025864574251672,0.03655913978494635,0.03400174367916309,0.10409764603312999,0.03528044173205472,0.06881720430107527,0.6054054054054054,0.6657367044463819,0.6054054054054054,0.6657367044463819,15 aligned seed-block vectors; 2 measurement replicates retained within each block
frangieh_melanoma_coculture,frangieh_melanoma_ifng,frangieh_melanoma_coculture->frangieh_melanoma_ifng,frangieh_melanoma_coculture<->frangieh_melanoma_ifng,absolute_effect_rank_agreement,40,3,spearman_distance,0.02717994862207393,0.003749376424898254,0.023430572197175675,0.027998638624824657,0.026361258619323202,0.004014191869979367,0.0034845609798171417,0.02717994862207393,0.003749376424898254,0.023430572197175675,0.6054054054054054,0.6657367044463819,0.6054054054054054,0.6657367044463819,15 aligned seed-block vectors; 2 measurement replicates retained within each block
frangieh_melanoma_coculture,frangieh_melanoma_ifng,frangieh_melanoma_coculture->frangieh_melanoma_ifng,frangieh_melanoma_coculture<->frangieh_melanoma_ifng,absolute_effect_rank_agreement,40,3,top10_jaccard_distance,0.6410256410256411,0.19999999999999996,0.4410256410256411,0.6153846153846154,0.6666666666666667,0.19999999999999996,0.19999999999999996,0.6410256410256411,0.19999999999999996,0.4410256410256411,0.6054054054054054,0.6657367044463819,0.6054054054054054,0.6657367044463819,15 aligned seed-block vectors; 2 measurement replicates retained within each block
frangieh_melanoma_coculture,frangieh_melanoma_ifng,frangieh_melanoma_coculture->frangieh_melanoma_ifng,frangieh_melanoma_coculture<->frangieh_melanoma_ifng,absolute_effect_rank_agreement,40,3,stable_pair_inversion_fraction,0.0037074037169191497,0.0,0.0037074037169191497,0.009114458409287153,0.007685656643289461,0.0,0.0,0.008400057526288307,0.0,0.008400057526288307,0.6054054054054054,0.6657367044463819,0.6054054054054054,0.6657367044463819,15 aligned seed-block vectors; 2 measurement replicates retained within each block
frangieh_melanoma_coculture,frangieh_melanoma_ifng,frangieh_melanoma_coculture->frangieh_melanoma_ifng,frangieh_melanoma_coculture<->frangieh_melanoma_ifng,absolute_effect_rank_agreement,40,3,d_adj,0.016566372824437348,-0.005467209144628504,0.022033581969065852,0.0017417417417417535,-0.0011663276179405175,0.0012767606315993497,-0.002375278504310748,0.000287707061900618,-0.0005492589363556991,0.0008369659982563171,0.6054054054054054,0.6657367044463819,0.6054054054054054,0.6657367044463819,15 aligned seed-block vectors; 2 measurement replicates retained within each block
frangieh_melanoma_coculture,frangieh_melanoma_ifng,frangieh_melanoma_coculture->frangieh_melanoma_ifng,frangieh_melanoma_coculture<->frangieh_melanoma_ifng,absolute_effect_rank_agreement,80,4,kendall_distance,0.1204301075268818,0.03318802673641394,0.08724208079046786,0.12444056960186001,0.11641964545190359,0.03510607381575137,0.03126997965707651,0.1204301075268818,0.03318802673641394,0.08724208079046786,0.6221447253705318,0.6907585004359198,0.6221447253705318,0.6907585004359198,15 aligned seed-block vectors; 2 measurement replicates retained within each block
frangieh_melanoma_coculture,frangieh_melanoma_ifng,frangieh_melanoma_coculture->frangieh_melanoma_ifng,frangieh_melanoma_coculture<->frangieh_melanoma_ifng,absolute_effect_rank_agreement,80,4,spearman_distance,0.03737487703332107,0.0033805929441603766,0.03399428408916069,0.04047760024989627,0.034272153816745865,0.0038165127349188976,0.0029446731534018555,0.03737487703332107,0.0033805929441603766,0.03399428408916069,0.6221447253705318,0.6907585004359198,0.6221447253705318,0.6907585004359198,15 aligned seed-block vectors; 2 measurement replicates retained within each block
frangieh_melanoma_coculture,frangieh_melanoma_ifng,frangieh_melanoma_coculture->frangieh_melanoma_ifng,frangieh_melanoma_coculture<->frangieh_melanoma_ifng,absolute_effect_rank_agreement,80,4,top10_jaccard_distance,0.5876923076923077,0.10526315789473684,0.4824291497975709,0.56,0.6153846153846154,0.10526315789473684,0.10526315789473684,0.5876923076923077,0.10526315789473684,0.4824291497975709,0.6221447253705318,0.6907585004359198,0.6221447253705318,0.6907585004359198,15 aligned seed-block vectors; 2 measurement replicates retained within each block
frangieh_melanoma_coculture,frangieh_melanoma_ifng,frangieh_melanoma_coculture->frangieh_melanoma_ifng,frangieh_melanoma_coculture<->frangieh_melanoma_ifng,absolute_effect_rank_agreement,80,4,stable_pair_inversion_fraction,0.00913566709521605,0.0,0.00913566709521605,0.016357995675472407,0.011605236282610714,0.0,0.0,0.01398161597904156,0.0,0.01398161597904156,0.6221447253705318,0.6907585004359198,0.6221447253705318,0.6907585004359198,15 aligned seed-block vectors; 2 measurement replicates retained within each block
frangieh_melanoma_coculture,frangieh_melanoma_ifng,frangieh_melanoma_coculture->frangieh_melanoma_ifng,frangieh_melanoma_coculture<->frangieh_melanoma_ifng,absolute_effect_rank_agreement,80,4,d_adj,0.02274961056718562,-0.005124715371656444,0.027874325938842065,0.008972198004456072,0.009183376925312422,0.0005289160127869822,-0.0018870483386612459,0.009077787464884246,-0.0006790661629371318,0.009756853627821378,0.6221447253705318,0.6907585004359198,0.6221447253705318,0.6907585004359198,15 aligned seed-block vectors; 2 measurement replicates retained within each block
frangieh_melanoma_coculture,frangieh_melanoma_ifng,frangieh_melanoma_coculture->frangieh_melanoma_ifng,frangieh_melanoma_coculture<->frangieh_melanoma_ifng,absolute_effect_rank_agreement,160,5,kendall_distance,0.13876780005812273,0.02903225806451623,0.1097355419936065,0.13751816332461503,0.14001743679163042,0.025632083696599917,0.032432432432432545,0.13876780005812273,0.02903225806451623,0.1097355419936065,0.6270851496657948,0.709590235396687,0.6270851496657948,0.709590235396687,15 aligned seed-block vectors; 2 measurement replicates retained within each block
frangieh_melanoma_coculture,frangieh_melanoma_ifng,frangieh_melanoma_coculture->frangieh_melanoma_ifng,frangieh_melanoma_coculture<->frangieh_melanoma_ifng,absolute_effect_rank_agreement,160,5,spearman_distance,0.04957690137955795,0.002620647212677657,0.04695625416688029,0.04900670896875836,0.05014709379035753,0.002112928868147179,0.003128365557208135,0.04957690137955795,0.002620647212677657,0.04695625416688029,0.6270851496657948,0.709590235396687,0.6270851496657948,0.709590235396687,15 aligned seed-block vectors; 2 measurement replicates retained within each block
frangieh_melanoma_coculture,frangieh_melanoma_ifng,frangieh_melanoma_coculture->frangieh_melanoma_ifng,frangieh_melanoma_coculture<->frangieh_melanoma_ifng,absolute_effect_rank_agreement,160,5,top10_jaccard_distance,0.6666666666666667,0.10526315789473684,0.5614035087719299,0.6666666666666667,0.6666666666666667,0.10526315789473684,0.10526315789473684,0.6666666666666667,0.10526315789473684,0.5614035087719299,0.6270851496657948,0.709590235396687,0.6270851496657948,0.709590235396687,15 aligned seed-block vectors; 2 measurement replicates retained within each block
frangieh_melanoma_coculture,frangieh_melanoma_ifng,frangieh_melanoma_coculture->frangieh_melanoma_ifng,frangieh_melanoma_coculture<->frangieh_melanoma_ifng,absolute_effect_rank_agreement,160,5,stable_pair_inversion_fraction,0.017361844238141255,0.0,0.017361844238141255,0.02941447671738128,0.027112643249790368,0.0,0.0,0.028263559983585824,0.0,0.028263559983585824,0.6270851496657948,0.709590235396687,0.6270851496657948,0.709590235396687,15 aligned seed-block vectors; 2 measurement replicates retained within each block
frangieh_melanoma_coculture,frangieh_melanoma_ifng,frangieh_melanoma_coculture->frangieh_melanoma_ifng,frangieh_melanoma_coculture<->frangieh_melanoma_ifng,absolute_effect_rank_agreement,160,5,d_adj,0.03206897219800445,-0.005118860796280128,0.037187832994284575,0.014600406858471386,0.01942458587619879,-0.004779618328005422,-0.0032413058219509833,0.017012496367335088,-0.004010462074978203,0.02102295844231329,0.6270851496657948,0.709590235396687,0.6270851496657948,0.709590235396687,15 aligned seed-block vectors; 2 measurement replicates retained within each block
frangieh_melanoma_coculture,frangieh_melanoma_ifng,frangieh_melanoma_coculture->frangieh_melanoma_ifng,frangieh_melanoma_coculture<->frangieh_melanoma_ifng,absolute_effect_rank_agreement,full,6,kendall_distance,0.21052019761697188,0.027201394943330542,0.18331880267364134,0.21203138622493467,0.2090090090090091,0.02784074396977637,0.026562045916884713,0.21052019761697188,0.027201394943330542,0.18331880267364134,0.6321999418773612,0.7377215925603022,0.6321999418773612,0.7377215925603022,15 aligned seed-block vectors; 2 measurement replicates retained within each block
frangieh_melanoma_coculture,frangieh_melanoma_ifng,frangieh_melanoma_coculture->frangieh_melanoma_ifng,frangieh_melanoma_coculture<->frangieh_melanoma_ifng,absolute_effect_rank_agreement,full,6,spearman_distance,0.10759572751982621,0.0022159644550536484,0.10537976306477256,0.10823212379189612,0.1069593312477563,0.0023273920807127535,0.0021045368293945432,0.10759572751982621,0.0022159644550536484,0.10537976306477256,0.6321999418773612,0.7377215925603022,0.6321999418773612,0.7377215925603022,15 aligned seed-block vectors; 2 measurement replicates retained within each block
frangieh_melanoma_coculture,frangieh_melanoma_ifng,frangieh_melanoma_coculture->frangieh_melanoma_ifng,frangieh_melanoma_coculture<->frangieh_melanoma_ifng,absolute_effect_rank_agreement,full,6,top10_jaccard_distance,0.8568548387096775,0.19999999999999996,0.6568548387096775,0.875,0.8387096774193549,0.19999999999999996,0.19999999999999996,0.8568548387096775,0.19999999999999996,0.6568548387096775,0.6321999418773612,0.7377215925603022,0.6321999418773612,0.7377215925603022,15 aligned seed-block vectors; 2 measurement replicates retained within each block
frangieh_melanoma_coculture,frangieh_melanoma_ifng,frangieh_melanoma_coculture->frangieh_melanoma_ifng,frangieh_melanoma_coculture<->frangieh_melanoma_ifng,absolute_effect_rank_agreement,full,6,stable_pair_inversion_fraction,0.08514404130003404,0.0,0.08514404130003404,0.10645724258289703,0.10720530045090641,0.0,0.0,0.10683127151690172,0.0,0.10683127151690172,0.6321999418773612,0.7377215925603022,0.6321999418773612,0.7377215925603022,15 aligned seed-block vectors; 2 measurement replicates retained within each block
frangieh_melanoma_coculture,frangieh_melanoma_ifng,frangieh_melanoma_coculture->frangieh_melanoma_ifng,frangieh_melanoma_coculture<->frangieh_melanoma_ifng,absolute_effect_rank_agreement,full,6,d_adj,0.07843362160826013,-0.004638999399844787,0.08307262100810492,0.06567664438632181,0.0646071878329943,0.0007090961929671716,-0.0004242952630049331,0.06514191610965805,0.00014240046498111927,0.06499951564467693,0.6321999418773612,0.7377215925603022,0.6321999418773612,0.7377215925603022,15 aligned seed-block vectors; 2 measurement replicates retained within each block
frangieh_melanoma_coculture,frangieh_melanoma_ifng,frangieh_melanoma_coculture->frangieh_melanoma_ifng,frangieh_melanoma_coculture<->frangieh_melanoma_ifng,delta_cosine,10,1,kendall_distance,0.3811973263586167,0.1036617262423715,0.27753560011624523,0.37983144434757343,0.38256320836966,0.11758209822725957,0.08974135425748342,0.3811973263586167,0.1036617262423715,0.27753560011624523,0.13295553618134262,0.24957861086893346,0.13295553618134262,0.24957861086893346,15 aligned seed-block vectors; 2 measurement replicates retained within each block
frangieh_melanoma_coculture,frangieh_melanoma_ifng,frangieh_melanoma_coculture->frangieh_melanoma_ifng,frangieh_melanoma_coculture<->frangieh_melanoma_ifng,delta_cosine,10,1,spearman_distance,0.32901780510888673,0.03015073034048371,0.298867074768403,0.32654634969625485,0.3314892605215186,0.038101720834168684,0.02219973984679874,0.32901780510888673,0.03015073034048371,0.298867074768403,0.13295553618134262,0.24957861086893346,0.13295553618134262,0.24957861086893346,15 aligned seed-block vectors; 2 measurement replicates retained within each block
frangieh_melanoma_coculture,frangieh_melanoma_ifng,frangieh_melanoma_coculture->frangieh_melanoma_ifng,frangieh_melanoma_coculture<->frangieh_melanoma_ifng,delta_cosine,10,1,top10_jaccard_distance,0.7793103448275862,0.36024844720496896,0.41906189762261725,0.7586206896551724,0.8,0.4347826086956522,0.2857142857142857,0.7793103448275862,0.36024844720496896,0.41906189762261725,0.13295553618134262,0.24957861086893346,0.13295553618134262,0.24957861086893346,15 aligned seed-block vectors; 2 measurement replicates retained within each block
frangieh_melanoma_coculture,frangieh_melanoma_ifng,frangieh_melanoma_coculture->frangieh_melanoma_ifng,frangieh_melanoma_coculture<->frangieh_melanoma_ifng,delta_cosine,10,1,stable_pair_inversion_fraction,0.15826774699404703,0.0,0.15826774699404703,0.17332691381800674,0.20656525220176142,0.0,0.0,0.18994608300988408,0.0,0.18994608300988408,0.13295553618134262,0.24957861086893346,0.13295553618134262,0.24957861086893346,15 aligned seed-block vectors; 2 measurement replicates retained within each block
frangieh_melanoma_coculture,frangieh_melanoma_ifng,frangieh_melanoma_coculture->frangieh_melanoma_ifng,frangieh_melanoma_coculture<->frangieh_melanoma_ifng,delta_cosine,10,1,d_adj,0.03750180436276099,-0.009350144360155493,0.04685194872291648,0.022001356194904585,0.019523394362104055,0.004134457037682852,0.008230165649520482,0.02076237527850432,0.006182311343601667,0.014580063934902653,0.13295553618134262,0.24957861086893346,0.13295553618134262,0.24957861086893346,15 aligned seed-block vectors; 2 measurement replicates retained within each block
frangieh_melanoma_coculture,frangieh_melanoma_ifng,frangieh_melanoma_coculture->frangieh_melanoma_ifng,frangieh_melanoma_coculture<->frangieh_melanoma_ifng,delta_cosine,20,2,kendall_distance,0.3328392909038071,0.07762278407439707,0.25521650682941,0.3404824179017728,0.3251961639058414,0.07573379831444355,0.0795117698343506,0.3328392909038071,0.07762278407439707,0.25521650682941,0.2240337111304853,0.35797733217088057,0.2240337111304853,0.35797733217088057,15 aligned seed-block vectors; 2 measurement replicates retained within each block
frangieh_melanoma_coculture,frangieh_melanoma_ifng,frangieh_melanoma_coculture->frangieh_melanoma_ifng,frangieh_melanoma_coculture<->frangieh_melanoma_ifng,delta_cosine,20,2,spearman_distance,0.261655376266382,0.01742746714283716,0.24422790912354486,0.2735916527187875,0.2497190998139765,0.01591410282112371,0.01894083146455061,0.261655376266382,0.01742746714283716,0.24422790912354486,0.2240337111304853,0.35797733217088057,0.2240337111304853,0.35797733217088057,15 aligned seed-block vectors; 2 measurement replicates retained within each block
frangieh_melanoma_coculture,frangieh_melanoma_ifng,frangieh_melanoma_coculture->frangieh_melanoma_ifng,frangieh_melanoma_coculture<->frangieh_melanoma_ifng,delta_cosine,20,2,top10_jaccard_distance,0.7126436781609196,0.2818181818181818,0.43082549634273776,0.7586206896551724,0.6666666666666667,0.19999999999999996,0.36363636363636365,0.7126436781609196,0.2818181818181818,0.43082549634273776,0.2240337111304853,0.35797733217088057,0.2240337111304853,0.35797733217088057,15 aligned seed-block vectors; 2 measurement replicates retained within each block
frangieh_melanoma_coculture,frangieh_melanoma_ifng,frangieh_melanoma_coculture->frangieh_melanoma_ifng,frangieh_melanoma_coculture<->frangieh_melanoma_ifng,delta_cosine,20,2,stable_pair_inversion_fraction,0.1118763630361303,0.0,0.1118763630361303,0.15855532786885246,0.10801576872536137,0.0,0.0,0.13328554829710693,0.0,0.13328554829710693,0.2240337111304853,0.35797733217088057,0.2240337111304853,0.35797733217088057,15 aligned seed-block vectors; 2 measurement replicates retained within each block
frangieh_melanoma_coculture,frangieh_melanoma_ifng,frangieh_melanoma_coculture->frangieh_melanoma_ifng,frangieh_melanoma_coculture<->frangieh_melanoma_ifng,delta_cosine,20,2,d_adj,0.04475617107652702,-0.008823408503052466,0.053579579579579484,0.02757725467402886,0.01503632664922988,0.006372178630243164,-0.010008718395815163,0.02130679066162937,-0.0018182698827859996,0.02312506054441537,0.2240337111304853,0.35797733217088057,0.2240337111304853,0.35797733217088057,15 aligned seed-block vectors; 2 measurement replicates retained within each block
frangieh_melanoma_coculture,frangieh_melanoma_ifng,frangieh_melanoma_coculture->frangieh_melanoma_ifng,frangieh_melanoma_coculture<->frangieh_melanoma_ifng,delta_cosine,40,3,kendall_distance,0.3392037198488812,0.06800348735832612,0.2712002324905551,0.3418773612322,0.3365300784655624,0.07236268526591111,0.06364428945074113,0.3392037198488812,0.06800348735832612,0.2712002324905551,0.281400755594304,0.44748619587329264,0.281400755594304,0.44748619587329264,15 aligned seed-block vectors; 2 measurement replicates retained within each block
frangieh_melanoma_coculture,frangieh_melanoma_ifng,frangieh_melanoma_coculture->frangieh_melanoma_ifng,frangieh_melanoma_coculture<->frangieh_melanoma_ifng,delta_cosine,40,3,spearman_distance,0.26596608683895206,0.014699122099501638,0.2512669647394504,0.2689284765186093,0.2630036971592949,0.015806871214840867,0.013591372984162409,0.26596608683895206,0.014699122099501638,0.2512669647394504,0.281400755594304,0.44748619587329264,0.281400755594304,0.44748619587329264,15 aligned seed-block vectors; 2 measurement replicates retained within each block
frangieh_melanoma_coculture,frangieh_melanoma_ifng,frangieh_melanoma_coculture->frangieh_melanoma_ifng,frangieh_melanoma_coculture<->frangieh_melanoma_ifng,delta_cosine,40,3,top10_jaccard_distance,0.7793103448275862,0.1526315789473684,0.6266787658802178,0.8,0.7586206896551724,0.10526315789473684,0.19999999999999996,0.7793103448275862,0.1526315789473684,0.6266787658802178,0.281400755594304,0.44748619587329264,0.281400755594304,0.44748619587329264,15 aligned seed-block vectors; 2 measurement replicates retained within each block
frangieh_melanoma_coculture,frangieh_melanoma_ifng,frangieh_melanoma_coculture->frangieh_melanoma_ifng,frangieh_melanoma_coculture<->frangieh_melanoma_ifng,delta_cosine,40,3,stable_pair_inversion_fraction,0.14682908857486415,0.0,0.14682908857486415,0.1750537634408602,0.17027617723028016,0.0,0.0,0.17266497033557018,0.0,0.17266497033557018,0.281400755594304,0.44748619587329264,0.281400755594304,0.44748619587329264,15 aligned seed-block vectors; 2 measurement replicates retained within each block
frangieh_melanoma_coculture,frangieh_melanoma_ifng,frangieh_melanoma_coculture->frangieh_melanoma_ifng,frangieh_melanoma_coculture<->frangieh_melanoma_ifng,delta_cosine,40,3,d_adj,0.06871757630823266,-0.007704394049221602,0.07642197035745427,0.04080209241499565,0.03915334689528236,-0.0052600988084858915,-0.010217959895379247,0.03997771965513901,-0.00773902935193257,0.047716749007071575,0.281400755594304,0.44748619587329264,0.281400755594304,0.44748619587329264,15 aligned seed-block vectors; 2 measurement replicates retained within each block
frangieh_melanoma_coculture,frangieh_melanoma_ifng,frangieh_melanoma_coculture->frangieh_melanoma_ifng,frangieh_melanoma_coculture<->frangieh_melanoma_ifng,delta_cosine,80,4,kendall_distance,0.3217959895379251,0.04931705899447841,0.2724789305434467,0.31833769253124095,0.3252542865446092,0.05504213891310672,0.04359197907585011,0.3217959895379251,0.04931705899447841,0.2724789305434467,0.41624527753560014,0.572101133391456,0.41624527753560014,0.572101133391456,15 aligned seed-block vectors; 2 measurement replicates retained within each block
frangieh_melanoma_coculture,frangieh_melanoma_ifng,frangieh_melanoma_coculture->frangieh_melanoma_ifng,frangieh_melanoma_coculture<->frangieh_melanoma_ifng,delta_cosine,80,4,spearman_distance,0.2480570099165925,0.007273566476602544,0.24078344343998995,0.2441132179272597,0.2520008019059253,0.00867643562140713,0.005870697331797958,0.2480570099165925,0.007273566476602544,0.24078344343998995,0.41624527753560014,0.572101133391456,0.41624527753560014,0.572101133391456,15 aligned seed-block vectors; 2 measurement replicates retained within each block
frangieh_melanoma_coculture,frangieh_melanoma_ifng,frangieh_melanoma_coculture->frangieh_melanoma_ifng,frangieh_melanoma_coculture<->frangieh_melanoma_ifng,delta_cosine,80,4,top10_jaccard_distance,0.8387096774193549,0.10526315789473684,0.733446519524618,0.8387096774193549,0.8387096774193549,0.10526315789473684,0.10526315789473684,0.8387096774193549,0.10526315789473684,0.733446519524618,0.41624527753560014,0.572101133391456,0.41624527753560014,0.572101133391456,15 aligned seed-block vectors; 2 measurement replicates retained within each block
frangieh_melanoma_coculture,frangieh_melanoma_ifng,frangieh_melanoma_coculture->frangieh_melanoma_ifng,frangieh_melanoma_coculture<->frangieh_melanoma_ifng,delta_cosine,80,4,stable_pair_inversion_fraction,0.17358770339959545,0.0,0.17358770339959545,0.19940094137783482,0.20692013129102846,0.0,0.0,0.20316053633443165,0.0,0.20316053633443165,0.41624527753560014,0.572101133391456,0.41624527753560014,0.572101133391456,15 aligned seed-block vectors; 2 measurement replicates retained within each block
frangieh_melanoma_coculture,frangieh_melanoma_ifng,frangieh_melanoma_coculture->frangieh_melanoma_ifng,frangieh_melanoma_coculture<->frangieh_melanoma_ifng,delta_cosine,80,4,d_adj,0.0963202757818998,-0.006403028167210528,0.10272330394911033,0.08104427007652815,0.0818502373341083,0.0057328296037973325,0.008342536084471563,0.08144725370531822,0.007037682844134448,0.07440957086118377,0.41624527753560014,0.572101133391456,0.41624527753560014,0.572101133391456,15 aligned seed-block vectors; 2 measurement replicates retained within each block
frangieh_melanoma_coculture,frangieh_melanoma_ifng,frangieh_melanoma_coculture->frangieh_melanoma_ifng,frangieh_melanoma_coculture<->frangieh_melanoma_ifng,delta_cosine,160,5,kendall_distance,0.3423132810229585,0.03839000290613201,0.3039232781168265,0.3479221156640512,0.3367044463818658,0.04138331880267371,0.03539668700959031,0.3423132810229585,0.03839000290613201,0.3039232781168265,0.503807032839291,0.6452194129613484,0.503807032839291,0.6452194129613484,15 aligned seed-block vectors; 2 measurement replicates retained within each block
frangieh_melanoma_coculture,frangieh_melanoma_ifng,frangieh_melanoma_coculture->frangieh_melanoma_ifng,frangieh_melanoma_coculture<->frangieh_melanoma_ifng,delta_cosine,160,5,spearman_distance,0.27264661591037304,0.004597438563282985,0.26804917734709005,0.2786529845353375,0.2666402472854086,0.005234767284103159,0.003960109842462811,0.27264661591037304,0.004597438563282985,0.26804917734709005,0.503807032839291,0.6452194129613484,0.503807032839291,0.6452194129613484,15 aligned seed-block vectors; 2 measurement replicates retained within each block
frangieh_melanoma_coculture,frangieh_melanoma_ifng,frangieh_melanoma_coculture->frangieh_melanoma_ifng,frangieh_melanoma_coculture<->frangieh_melanoma_ifng,delta_cosine,160,5,top10_jaccard_distance,0.8193548387096774,0.19548872180451127,0.6238661169051661,0.8,0.8387096774193549,0.10526315789473684,0.2857142857142857,0.8193548387096774,0.19548872180451127,0.6238661169051661,0.503807032839291,0.6452194129613484,0.503807032839291,0.6452194129613484,15 aligned seed-block vectors; 2 measurement replicates retained within each block
frangieh_melanoma_coculture,frangieh_melanoma_ifng,frangieh_melanoma_coculture->frangieh_melanoma_ifng,frangieh_melanoma_coculture<->frangieh_melanoma_ifng,delta_cosine,160,5,stable_pair_inversion_fraction,0.22251650220788288,0.0,0.22251650220788288,0.2495305164319249,0.23831669691470053,0.0,0.0,0.2439236066733127,0.0,0.2439236066733127,0.503807032839291,0.6452194129613484,0.503807032839291,0.6452194129613484,15 aligned seed-block vectors; 2 measurement replicates retained within each block
frangieh_melanoma_coculture,frangieh_melanoma_ifng,frangieh_melanoma_coculture->frangieh_melanoma_ifng,frangieh_melanoma_coculture<->frangieh_melanoma_ifng,delta_cosine,160,5,d_adj,0.12598770962285974,-0.005641855426060105,0.13162956504891984,0.11699312215441247,0.1103419548580839,-0.0009880848590526107,0.004285575898479122,0.1136675385062482,0.0016487455197132556,0.11201879298653494,0.503807032839291,0.6452194129613484,0.503807032839291,0.6452194129613484,15 aligned seed-block vectors; 2 measurement replicates retained within each block
frangieh_melanoma_coculture,frangieh_melanoma_ifng,frangieh_melanoma_coculture->frangieh_melanoma_ifng,frangieh_melanoma_coculture<->frangieh_melanoma_ifng,delta_cosine,full,6,kendall_distance,0.31479221156640513,0.024934612031386333,0.2898575995350188,0.31519907003777975,0.3143853530950306,0.026213310084277908,0.023655913978494758,0.31479221156640513,0.024934612031386333,0.2898575995350188,0.6336820691659402,0.7549840162743389,0.6336820691659402,0.7549840162743389,15 aligned seed-block vectors; 2 measurement replicates retained within each block
frangieh_melanoma_coculture,frangieh_melanoma_ifng,frangieh_melanoma_coculture->frangieh_melanoma_ifng,frangieh_melanoma_coculture<->frangieh_melanoma_ifng,delta_cosine,full,6,spearman_distance,0.23389171472662937,0.002043461436250865,0.2318482532903785,0.23489875937693777,0.23288467007632097,0.002345108606968238,0.0017418142655334923,0.23389171472662937,0.002043461436250865,0.2318482532903785,0.6336820691659402,0.7549840162743389,0.6336820691659402,0.7549840162743389,15 aligned seed-block vectors; 2 measurement replicates retained within each block
frangieh_melanoma_coculture,frangieh_melanoma_ifng,frangieh_melanoma_coculture->frangieh_melanoma_ifng,frangieh_melanoma_coculture<->frangieh_melanoma_ifng,delta_cosine,full,6,top10_jaccard_distance,0.7586206896551724,0.10526315789473684,0.6533575317604355,0.7586206896551724,0.7586206896551724,0.10526315789473684,0.10526315789473684,0.7586206896551724,0.10526315789473684,0.6533575317604355,0.6336820691659402,0.7549840162743389,0.6336820691659402,0.7549840162743389,15 aligned seed-block vectors; 2 measurement replicates retained within each block
frangieh_melanoma_coculture,frangieh_melanoma_ifng,frangieh_melanoma_coculture->frangieh_melanoma_ifng,frangieh_melanoma_coculture<->frangieh_melanoma_ifng,delta_cosine,full,6,stable_pair_inversion_fraction,0.21183425361590288,0.0,0.21183425361590288,0.23591904020514698,0.23378651478963808,0.0,0.0,0.23485277749739253,0.0,0.23485277749739253,0.6336820691659402,0.7549840162743389,0.6336820691659402,0.7549840162743389,15 aligned seed-block vectors; 2 measurement replicates retained within each block
frangieh_melanoma_coculture,frangieh_melanoma_ifng,frangieh_melanoma_coculture->frangieh_melanoma_ifng,frangieh_melanoma_coculture<->frangieh_melanoma_ifng,delta_cosine,full,6,d_adj,0.14773713869598185,-0.004442847742069114,0.15217998643805097,0.13593335270754628,0.1346527172333624,-0.0007614065678581749,-0.004793180277051243,0.13529303497045433,-0.002777293422454709,0.13807032839290903,0.6336820691659402,0.7549840162743389,0.6336820691659402,0.7549840162743389,15 aligned seed-block vectors; 2 measurement replicates retained within each block
frangieh_melanoma_coculture,frangieh_melanoma_ifng,frangieh_melanoma_coculture->frangieh_melanoma_ifng,frangieh_melanoma_coculture<->frangieh_melanoma_ifng,systema_centroid_accuracy,10,1,kendall_distance,0.48217904660403244,0.13614173006142838,0.34603731654260406,0.4799970925922145,0.48412467647262125,0.1393638049263754,0.1328933596929875,0.4820608845324179,0.13612858230968145,0.34593230222273647,0.09104911362975879,0.181691368788143,0.09104911362975879,0.181691368788143,15 aligned seed-block vectors; 2 measurement replicates retained within each block
frangieh_melanoma_coculture,frangieh_melanoma_ifng,frangieh_melanoma_coculture->frangieh_melanoma_ifng,frangieh_melanoma_coculture<->frangieh_melanoma_ifng,systema_centroid_accuracy,10,1,spearman_distance,0.47237417964884454,0.05153906400447972,0.4208351156443648,0.4670978341851173,0.4775205595114824,0.056020877721999984,0.047074538143199285,0.47230919684829986,0.051547707932599635,0.4207614889157002,0.09104911362975879,0.181691368788143,0.09104911362975879,0.181691368788143,15 aligned seed-block vectors; 2 measurement replicates retained within each block
frangieh_melanoma_coculture,frangieh_melanoma_ifng,frangieh_melanoma_coculture->frangieh_melanoma_ifng,frangieh_melanoma_coculture<->frangieh_melanoma_ifng,systema_centroid_accuracy,10,1,top10_jaccard_distance,0.9857142857142858,0.39285714285714285,0.592857142857143,1.0,0.9714285714285714,0.2857142857142857,0.5,0.9857142857142858,0.39285714285714285,0.592857142857143,0.09104911362975879,0.181691368788143,0.09104911362975879,0.181691368788143,15 aligned seed-block vectors; 2 measurement replicates retained within each block
frangieh_melanoma_coculture,frangieh_melanoma_ifng,frangieh_melanoma_coculture->frangieh_melanoma_ifng,frangieh_melanoma_coculture<->frangieh_melanoma_ifng,systema_centroid_accuracy,10,1,stable_pair_inversion_fraction,0.18426675686398175,0.0,0.18426675686398175,0.2585034013605442,0.2532981530343008,0.0,0.0,0.25590077719742255,0.0,0.25590077719742255,0.09104911362975879,0.181691368788143,0.09104911362975879,0.181691368788143,15 aligned seed-block vectors; 2 measurement replicates retained within each block
frangieh_melanoma_coculture,frangieh_melanoma_ifng,frangieh_melanoma_coculture->frangieh_melanoma_ifng,frangieh_melanoma_coculture<->frangieh_melanoma_ifng,systema_centroid_accuracy,10,1,d_adj,0.03468390192194426,-0.009590275481265453,0.044274177403209714,0.009915722173786671,0.006456456456456446,0.0004049210500823408,-0.01268817204301076,0.008186089315121558,-0.0061416254964642095,0.014327714811585767,0.09104911362975879,0.181691368788143,0.09104911362975879,0.181691368788143,15 aligned seed-block vectors; 2 measurement replicates retained within each block
frangieh_melanoma_coculture,frangieh_melanoma_ifng,frangieh_melanoma_coculture->frangieh_melanoma_ifng,frangieh_melanoma_coculture<->frangieh_melanoma_ifng,systema_centroid_accuracy,20,2,kendall_distance,0.3867898595396698,0.12167717573602105,0.2651126838036488,0.377282241913723,0.3965787866900246,0.11937152845004306,0.12390254993111205,0.3869305143018738,0.12163703919057756,0.26529347511129625,0.14083115373437954,0.24417320546352805,0.14083115373437954,0.24417320546352805,15 aligned seed-block vectors; 2 measurement replicates retained within each block
frangieh_melanoma_coculture,frangieh_melanoma_ifng,frangieh_melanoma_coculture->frangieh_melanoma_ifng,frangieh_melanoma_coculture<->frangieh_melanoma_ifng,systema_centroid_accuracy,20,2,spearman_distance,0.33608443206176764,0.04309285744159483,0.2929915746201728,0.32289092702787237,0.349472908312465,0.04035398700395759,0.04574595851060331,0.3361819176701687,0.04304997275728045,0.29313194491288824,0.14083115373437954,0.24417320546352805,0.14083115373437954,0.24417320546352805,15 aligned seed-block vectors; 2 measurement replicates retained within each block
frangieh_melanoma_coculture,frangieh_melanoma_ifng,frangieh_melanoma_coculture->frangieh_melanoma_ifng,frangieh_melanoma_coculture<->frangieh_melanoma_ifng,systema_centroid_accuracy,20,2,top10_jaccard_distance,0.9251336898395721,0.36363636363636365,0.5614973262032085,0.9411764705882353,0.9090909090909091,0.36363636363636365,0.36363636363636365,0.9251336898395721,0.36363636363636365,0.5614973262032085,0.14083115373437954,0.24417320546352805,0.14083115373437954,0.24417320546352805,15 aligned seed-block vectors; 2 measurement replicates retained within each block
frangieh_melanoma_coculture,frangieh_melanoma_ifng,frangieh_melanoma_coculture->frangieh_melanoma_ifng,frangieh_melanoma_coculture<->frangieh_melanoma_ifng,systema_centroid_accuracy,20,2,stable_pair_inversion_fraction,0.0899279670070745,0.0,0.0899279670070745,0.12367778681855167,0.14279731993299832,0.0,0.0,0.133237553375775,0.0,0.133237553375775,0.14083115373437954,0.24417320546352805,0.14083115373437954,0.24417320546352805,15 aligned seed-block vectors; 2 measurement replicates retained within each block
frangieh_melanoma_coculture,frangieh_melanoma_ifng,frangieh_melanoma_coculture->frangieh_melanoma_ifng,frangieh_melanoma_coculture<->frangieh_melanoma_ifng,systema_centroid_accuracy,20,2,d_adj,0.03263269387296086,-0.00907226915458284,0.0417049630275437,0.003822532209628989,0.007739998062578708,-0.006746100939649313,-0.011802770512447928,0.0057812651361038485,-0.009274435726048622,0.01505570086215247,0.14083115373437954,0.24417320546352805,0.14083115373437954,0.24417320546352805,15 aligned seed-block vectors; 2 measurement replicates retained within each block
frangieh_melanoma_coculture,frangieh_melanoma_ifng,frangieh_melanoma_coculture->frangieh_melanoma_ifng,frangieh_melanoma_coculture<->frangieh_melanoma_ifng,systema_centroid_accuracy,40,3,kendall_distance,0.3518614247332964,0.10549094420668317,0.24637048052661323,0.36176427838950886,0.34222306027594285,0.1105345760022664,0.10019763403348447,0.35199366933272586,0.10536610501787544,0.24662756431485042,0.18573089218250508,0.2967741935483871,0.18573089218250508,0.2967741935483871,15 aligned seed-block vectors; 2 measurement replicates retained within each block
frangieh_melanoma_coculture,frangieh_melanoma_ifng,frangieh_melanoma_coculture->frangieh_melanoma_ifng,frangieh_melanoma_coculture<->frangieh_melanoma_ifng,systema_centroid_accuracy,40,3,spearman_distance,0.2879234553544606,0.032860295299838804,0.2550631600546218,0.30048627315681425,0.2756586256680167,0.03619804548551969,0.029347699902088242,0.2880724494124155,0.03277287269380397,0.25529957671861153,0.18573089218250508,0.2967741935483871,0.18573089218250508,0.2967741935483871,15 aligned seed-block vectors; 2 measurement replicates retained within each block
frangieh_melanoma_coculture,frangieh_melanoma_ifng,frangieh_melanoma_coculture->frangieh_melanoma_ifng,frangieh_melanoma_coculture<->frangieh_melanoma_ifng,systema_centroid_accuracy,40,3,top10_jaccard_distance,0.8920454545454546,0.36024844720496896,0.5317970073404856,0.9090909090909091,0.875,0.4347826086956522,0.2857142857142857,0.8920454545454546,0.36024844720496896,0.5317970073404856,0.18573089218250508,0.2967741935483871,0.18573089218250508,0.2967741935483871,15 aligned seed-block vectors; 2 measurement replicates retained within each block
frangieh_melanoma_coculture,frangieh_melanoma_ifng,frangieh_melanoma_coculture->frangieh_melanoma_ifng,frangieh_melanoma_coculture<->frangieh_melanoma_ifng,systema_centroid_accuracy,40,3,stable_pair_inversion_fraction,0.0719462821775651,0.0,0.0719462821775651,0.11954816441794791,0.08114856429463171,0.0,0.0,0.10034836435628981,0.0,0.10034836435628981,0.18573089218250508,0.2967741935483871,0.18573089218250508,0.2967741935483871,15 aligned seed-block vectors; 2 measurement replicates retained within each block
frangieh_melanoma_coculture,frangieh_melanoma_ifng,frangieh_melanoma_coculture->frangieh_melanoma_ifng,frangieh_melanoma_coculture<->frangieh_melanoma_ifng,systema_centroid_accuracy,40,3,d_adj,0.033766340311390364,-0.008626148952066592,0.042392489263456956,0.010697471665213598,0.004528722270657759,0.0018221447253705225,-0.016044754431851223,0.007613096967935678,-0.0071113048532403505,0.014724401821176028,0.18573089218250508,0.2967741935483871,0.18573089218250508,0.2967741935483871,15 aligned seed-block vectors; 2 measurement replicates retained within each block
frangieh_melanoma_coculture,frangieh_melanoma_ifng,frangieh_melanoma_coculture->frangieh_melanoma_ifng,frangieh_melanoma_coculture<->frangieh_melanoma_ifng,systema_centroid_accuracy,80,4,kendall_distance,0.300436044032911,0.0740774901781718,0.22635855385473921,0.2980867086465775,0.3027734969386217,0.08292626121615165,0.06550179959710883,0.30043010279259963,0.07421403040663024,0.22621607238596939,0.3089218250508573,0.4292066259808195,0.3089218250508573,0.4292066259808195,15 aligned seed-block vectors; 2 measurement replicates retained within each block
frangieh_melanoma_coculture,frangieh_melanoma_ifng,frangieh_melanoma_coculture->frangieh_melanoma_ifng,frangieh_melanoma_coculture<->frangieh_melanoma_ifng,systema_centroid_accuracy,80,4,spearman_distance,0.22031529113744244,0.01628732856939255,0.2040279625680499,0.21580945036733423,0.22500963924710982,0.020497959784804343,0.012190459670780807,0.22040954480722202,0.016344209727792575,0.20406533507942945,0.3089218250508573,0.4292066259808195,0.3089218250508573,0.4292066259808195,15 aligned seed-block vectors; 2 measurement replicates retained within each block
frangieh_melanoma_coculture,frangieh_melanoma_ifng,frangieh_melanoma_coculture->frangieh_melanoma_ifng,frangieh_melanoma_coculture<->frangieh_melanoma_ifng,systema_centroid_accuracy,80,4,top10_jaccard_distance,0.8920454545454546,0.36024844720496896,0.5317970073404856,0.875,0.9090909090909091,0.4347826086956522,0.2857142857142857,0.8920454545454546,0.36024844720496896,0.5317970073404856,0.3089218250508573,0.4292066259808195,0.3089218250508573,0.4292066259808195,15 aligned seed-block vectors; 2 measurement replicates retained within each block
frangieh_melanoma_coculture,frangieh_melanoma_ifng,frangieh_melanoma_coculture->frangieh_melanoma_ifng,frangieh_melanoma_coculture<->frangieh_melanoma_ifng,systema_centroid_accuracy,80,4,stable_pair_inversion_fraction,0.05858116476036873,0.0,0.05858116476036873,0.0821320182094082,0.09499813363195223,0.0,0.0,0.08856507592068022,0.0,0.08856507592068022,0.3089218250508573,0.4292066259808195,0.3089218250508573,0.4292066259808195,15 aligned seed-block vectors; 2 measurement replicates retained within each block
frangieh_melanoma_coculture,frangieh_melanoma_ifng,frangieh_melanoma_coculture->frangieh_melanoma_ifng,frangieh_melanoma_coculture<->frangieh_melanoma_ifng,systema_centroid_accuracy,80,4,d_adj,0.04460586170152356,-0.007785788012706768,0.052391649714230326,0.024124769931221538,0.032277438729051616,0.014590719752010076,-0.00759566017630536,0.028201104330136575,0.003497529787852358,0.024703574542284217,0.3089218250508573,0.4292066259808195,0.3089218250508573,0.4292066259808195,15 aligned seed-block vectors; 2 measurement replicates retained within each block
frangieh_melanoma_coculture,frangieh_melanoma_ifng,frangieh_melanoma_coculture->frangieh_melanoma_ifng,frangieh_melanoma_coculture<->frangieh_melanoma_ifng,systema_centroid_accuracy,160,5,kendall_distance,0.25394537986384474,0.047708314977397914,0.20623706488644683,0.255188048182562,0.2526522306759294,0.04615473968546907,0.049251562082527955,0.25392013942924574,0.04770315088399851,0.20621698854524723,0.4801511188607963,0.5969195001453067,0.4801511188607963,0.5969195001453067,15 aligned seed-block vectors; 2 measurement replicates retained within each block
frangieh_melanoma_coculture,frangieh_melanoma_ifng,frangieh_melanoma_coculture->frangieh_melanoma_ifng,frangieh_melanoma_coculture<->frangieh_melanoma_ifng,systema_centroid_accuracy,160,5,spearman_distance,0.16547468405101184,0.007036034998526786,0.15843864905248506,0.166827048150666,0.16414935998896063,0.006772854128163475,0.007304121199917579,0.16548820406981332,0.007038487664040527,0.1584497164057728,0.4801511188607963,0.5969195001453067,0.4801511188607963,0.5969195001453067,15 aligned seed-block vectors; 2 measurement replicates retained within each block
frangieh_melanoma_coculture,frangieh_melanoma_ifng,frangieh_melanoma_coculture->frangieh_melanoma_ifng,frangieh_melanoma_coculture<->frangieh_melanoma_ifng,systema_centroid_accuracy,160,5,top10_jaccard_distance,0.7793103448275862,0.3246753246753247,0.45463502015226154,0.7586206896551724,0.8,0.2857142857142857,0.36363636363636365,0.7793103448275862,0.3246753246753247,0.45463502015226154,0.4801511188607963,0.5969195001453067,0.4801511188607963,0.5969195001453067,15 aligned seed-block vectors; 2 measurement replicates retained within each block
frangieh_melanoma_coculture,frangieh_melanoma_ifng,frangieh_melanoma_coculture->frangieh_melanoma_ifng,frangieh_melanoma_coculture<->frangieh_melanoma_ifng,systema_centroid_accuracy,160,5,stable_pair_inversion_fraction,0.0697505513253461,0.0,0.0697505513253461,0.09233023937469467,0.10211183105351572,0.0,0.0,0.09722103521410519,0.0,0.09722103521410519,0.4801511188607963,0.5969195001453067,0.4801511188607963,0.5969195001453067,15 aligned seed-block vectors; 2 measurement replicates retained within each block
frangieh_melanoma_coculture,frangieh_melanoma_ifng,frangieh_melanoma_coculture->frangieh_melanoma_ifng,frangieh_melanoma_coculture<->frangieh_melanoma_ifng,systema_centroid_accuracy,160,5,d_adj,0.060164516017686215,-0.005987539263401287,0.0661520552810875,0.04782911944202266,0.0416826503923278,-0.0017020246052504258,0.004731182795698919,0.04475588491717523,0.0015145790952242463,0.04324130582195098,0.4801511188607963,0.5969195001453067,0.4801511188607963,0.5969195001453067,15 aligned seed-block vectors; 2 measurement replicates retained within each block
frangieh_melanoma_coculture,frangieh_melanoma_ifng,frangieh_melanoma_coculture->frangieh_melanoma_ifng,frangieh_melanoma_coculture<->frangieh_melanoma_ifng,systema_centroid_accuracy,full,6,kendall_distance,0.13795760428427273,0.018987132643826593,0.11897047164044613,0.13783923444844287,0.13800523346751015,0.02134465511224848,0.016507135507864534,0.1379222339579765,0.018925895310056506,0.11899633864792,0.765707643126998,0.8332752106945656,0.765707643126998,0.8332752106945656,15 aligned seed-block vectors; 2 measurement replicates retained within each block
frangieh_melanoma_coculture,frangieh_melanoma_ifng,frangieh_melanoma_coculture->frangieh_melanoma_ifng,frangieh_melanoma_coculture<->frangieh_melanoma_ifng,systema_centroid_accuracy,full,6,spearman_distance,0.053906413856377566,0.0013780547811439725,0.052528359075233594,0.05419599655036422,0.053733093380756825,0.0016098900304232777,0.0011266485242762414,0.053964544965560524,0.0013682692773497596,0.052596275688210764,0.765707643126998,0.8332752106945656,0.765707643126998,0.8332752106945656,15 aligned seed-block vectors; 2 measurement replicates retained within each block
frangieh_melanoma_coculture,frangieh_melanoma_ifng,frangieh_melanoma_coculture->frangieh_melanoma_ifng,frangieh_melanoma_coculture<->frangieh_melanoma_ifng,systema_centroid_accuracy,full,6,top10_jaccard_distance,0.53,0.05263157894736842,0.4773684210526316,0.5,0.56,0.10526315789473684,0.0,0.53,0.05263157894736842,0.4773684210526316,0.765707643126998,0.8332752106945656,0.765707643126998,0.8332752106945656,15 aligned seed-block vectors; 2 measurement replicates retained within each block
frangieh_melanoma_coculture,frangieh_melanoma_ifng,frangieh_melanoma_coculture->frangieh_melanoma_ifng,frangieh_melanoma_coculture<->frangieh_melanoma_ifng,systema_centroid_accuracy,full,6,stable_pair_inversion_fraction,0.04155912297979711,0.0,0.04155912297979711,0.06098206854808202,0.0603914401035717,0.0,0.0,0.06068675432582686,0.0,0.06068675432582686,0.765707643126998,0.8332752106945656,0.765707643126998,0.8332752106945656,15 aligned seed-block vectors; 2 measurement replicates retained within each block
frangieh_melanoma_coculture,frangieh_melanoma_ifng,frangieh_melanoma_coculture->frangieh_melanoma_ifng,frangieh_melanoma_coculture<->frangieh_melanoma_ifng,systema_centroid_accuracy,full,6,d_adj,0.056922381781113696,-0.003910870826332458,0.06083325260744615,0.0478591494720527,0.0493577448416158,0.004367916303400179,-0.0009047757434854197,0.04860844715683425,0.0017315702799573793,0.046876876876876875,0.765707643126998,0.8332752106945656,0.765707643126998,0.8332752106945656,15 aligned seed-block vectors; 2 measurement replicates retained within each block
frangieh_melanoma_coculture,frangieh_melanoma_control,frangieh_melanoma_coculture->frangieh_melanoma_control,frangieh_melanoma_coculture<->frangieh_melanoma_control,absolute_effect_rank_agreement,10,1,kendall_distance,0.11020748618496512,0.03847356897091028,0.07173391721405484,0.11010322177040982,0.11031175059952042,0.03492857887602968,0.042018559065790884,0.11020748618496512,0.03847356897091028,0.07173391721405484,0.591127098321343,0.6536857470545303,0.591127098321343,0.6536857470545303,15 aligned seed-block vectors; 2 measurement replicates retained within each block
frangieh_melanoma_coculture,frangieh_melanoma_control,frangieh_melanoma_coculture->frangieh_melanoma_control,frangieh_melanoma_coculture<->frangieh_melanoma_control,absolute_effect_rank_agreement,10,1,spearman_distance,0.03206912730685024,0.0046896644175343505,0.027379462889315892,0.03243219089324817,0.031706063720452315,0.003905447070914725,0.005473881764153976,0.03206912730685024,0.0046896644175343505,0.027379462889315892,0.591127098321343,0.6536857470545303,0.591127098321343,0.6536857470545303,15 aligned seed-block vectors; 2 measurement replicates retained within each block
frangieh_melanoma_coculture,frangieh_melanoma_control,frangieh_melanoma_coculture->frangieh_melanoma_control,frangieh_melanoma_coculture<->frangieh_melanoma_control,absolute_effect_rank_agreement,10,1,top10_jaccard_distance,0.6657894736842105,0.3686274509803922,0.2971620227038183,0.7,0.631578947368421,0.47058823529411764,0.2666666666666667,0.6657894736842105,0.3686274509803922,0.2971620227038183,0.591127098321343,0.6536857470545303,0.591127098321343,0.6536857470545303,15 aligned seed-block vectors; 2 measurement replicates retained within each block
frangieh_melanoma_coculture,frangieh_melanoma_control,frangieh_melanoma_coculture->frangieh_melanoma_control,frangieh_melanoma_coculture<->frangieh_melanoma_control,absolute_effect_rank_agreement,10,1,stable_pair_inversion_fraction,0.0034568027949454455,0.0,0.0034568027949454455,0.007101011894194923,0.008236943568173852,0.0,0.0,0.007668977731184388,0.0,0.007668977731184388,0.591127098321343,0.6536857470545303,0.591127098321343,0.6536857470545303,15 aligned seed-block vectors; 2 measurement replicates retained within each block
frangieh_melanoma_coculture,frangieh_melanoma_control,frangieh_melanoma_coculture->frangieh_melanoma_control,frangieh_melanoma_coculture<->frangieh_melanoma_control,absolute_effect_rank_agreement,10,1,d_adj,0.016841655111692777,-0.005720469101979764,0.02256212421367254,0.003110555034233479,0.0005421749556876095,0.005310534181350571,-0.00901192089806417,0.0018263649949605443,-0.0018506933583567991,0.0036770583533173437,0.591127098321343,0.6536857470545303,0.591127098321343,0.6536857470545303,15 aligned seed-block vectors; 2 measurement replicates retained within each block
frangieh_melanoma_coculture,frangieh_melanoma_control,frangieh_melanoma_coculture->frangieh_melanoma_control,frangieh_melanoma_coculture<->frangieh_melanoma_control,absolute_effect_rank_agreement,20,2,kendall_distance,0.11276196434157024,0.040610989469294145,0.07215097487227609,0.11229277447607133,0.11323115420706914,0.03763945365446775,0.043582525284120543,0.11276196434157024,0.040610989469294145,0.07215097487227609,0.5857053487644667,0.6554582421019706,0.5857053487644667,0.6554582421019706,15 aligned seed-block vectors; 2 measurement replicates retained within each block
frangieh_melanoma_coculture,frangieh_melanoma_control,frangieh_melanoma_coculture->frangieh_melanoma_control,frangieh_melanoma_coculture<->frangieh_melanoma_control,absolute_effect_rank_agreement,20,2,spearman_distance,0.034545779525448045,0.00486393493900536,0.029681844586442685,0.03471334733455478,0.03437821171634131,0.00417132132803083,0.0055565485499798895,0.034545779525448045,0.00486393493900536,0.029681844586442685,0.5857053487644667,0.6554582421019706,0.5857053487644667,0.6554582421019706,15 aligned seed-block vectors; 2 measurement replicates retained within each block
frangieh_melanoma_coculture,frangieh_melanoma_control,frangieh_melanoma_coculture->frangieh_melanoma_control,frangieh_melanoma_coculture<->frangieh_melanoma_control,absolute_effect_rank_agreement,20,2,top10_jaccard_distance,0.5555555555555556,0.3686274509803922,0.1869281045751634,0.5555555555555556,0.5555555555555556,0.47058823529411764,0.2666666666666667,0.5555555555555556,0.3686274509803922,0.1869281045751634,0.5857053487644667,0.6554582421019706,0.5857053487644667,0.6554582421019706,15 aligned seed-block vectors; 2 measurement replicates retained within each block
frangieh_melanoma_coculture,frangieh_melanoma_control,frangieh_melanoma_coculture->frangieh_melanoma_control,frangieh_melanoma_coculture<->frangieh_melanoma_control,absolute_effect_rank_agreement,20,2,stable_pair_inversion_fraction,0.00756961255756417,0.0,0.00756961255756417,0.011475703783396091,0.010604453870625663,0.0,0.0,0.011040078827010878,0.0,0.011040078827010878,0.5857053487644667,0.6554582421019706,0.5857053487644667,0.6554582421019706,15 aligned seed-block vectors; 2 measurement replicates retained within each block
frangieh_melanoma_coculture,frangieh_melanoma_control,frangieh_melanoma_coculture->frangieh_melanoma_control,frangieh_melanoma_coculture<->frangieh_melanoma_control,absolute_effect_rank_agreement,20,2,d_adj,0.019620924949196095,-0.005502396683352978,0.025123321632549073,0.0016126229451221589,0.0031348833976297136,-0.010732283738226807,0.0050985298717547605,0.002373753171375936,-0.002816876933236023,0.00519063010461196,0.5857053487644667,0.6554582421019706,0.5857053487644667,0.6554582421019706,15 aligned seed-block vectors; 2 measurement replicates retained within each block
frangieh_melanoma_coculture,frangieh_melanoma_control,frangieh_melanoma_coculture->frangieh_melanoma_control,frangieh_melanoma_coculture<->frangieh_melanoma_control,absolute_effect_rank_agreement,40,3,kendall_distance,0.12016473777499742,0.039881138567406965,0.08028359920759046,0.12386612449171097,0.11646335105828387,0.03701386716713584,0.04274840996767809,0.12016473777499742,0.039881138567406965,0.08028359920759046,0.5744447919924929,0.6475341465957669,0.5744447919924929,0.6475341465957669,15 aligned seed-block vectors; 2 measurement replicates retained within each block
frangieh_melanoma_coculture,frangieh_melanoma_control,frangieh_melanoma_coculture->frangieh_melanoma_control,frangieh_melanoma_coculture<->frangieh_melanoma_control,absolute_effect_rank_agreement,40,3,spearman_distance,0.04126413155190145,0.004862817820278004,0.03640131373162345,0.04285267438223345,0.039675588721569455,0.004486348809151497,0.0052392868314045105,0.04126413155190145,0.004862817820278004,0.03640131373162345,0.5744447919924929,0.6475341465957669,0.5744447919924929,0.6475341465957669,15 aligned seed-block vectors; 2 measurement replicates retained within each block
frangieh_melanoma_coculture,frangieh_melanoma_control,frangieh_melanoma_coculture->frangieh_melanoma_control,frangieh_melanoma_coculture<->frangieh_melanoma_control,absolute_effect_rank_agreement,40,3,top10_jaccard_distance,0.8181818181818181,0.2047619047619048,0.6134199134199133,0.8181818181818181,0.8181818181818181,0.2666666666666667,0.1428571428571429,0.8181818181818181,0.2047619047619048,0.6134199134199133,0.5744447919924929,0.6475341465957669,0.5744447919924929,0.6475341465957669,15 aligned seed-block vectors; 2 measurement replicates retained within each block
frangieh_melanoma_coculture,frangieh_melanoma_control,frangieh_melanoma_coculture->frangieh_melanoma_control,frangieh_melanoma_coculture<->frangieh_melanoma_control,absolute_effect_rank_agreement,40,3,stable_pair_inversion_fraction,0.009069419962169556,0.0,0.009069419962169556,0.013105205678922462,0.011402714932126697,0.0,0.0,0.012253960305524579,0.0,0.012253960305524579,0.5744447919924929,0.6475341465957669,0.5744447919924929,0.6475341465957669,15 aligned seed-block vectors; 2 measurement replicates retained within each block
frangieh_melanoma_coculture,frangieh_melanoma_control,frangieh_melanoma_coculture->frangieh_melanoma_control,frangieh_melanoma_coculture<->frangieh_melanoma_control,absolute_effect_rank_agreement,40,3,d_adj,0.02203715088898392,-0.0056248933886374475,0.027662044277621367,0.010551558752997585,0.009317763180759723,-0.0005734542800542345,0.0076321551454488455,0.009934660966878655,0.0035293504326973056,0.006405310534181349,0.5744447919924929,0.6475341465957669,0.5744447919924929,0.6475341465957669,15 aligned seed-block vectors; 2 measurement replicates retained within each block
frangieh_melanoma_coculture,frangieh_melanoma_control,frangieh_melanoma_coculture->frangieh_melanoma_control,frangieh_melanoma_coculture<->frangieh_melanoma_control,absolute_effect_rank_agreement,80,4,kendall_distance,0.15446773016369517,0.04071525388384947,0.1137524762798457,0.1584819101240747,0.15045355020331563,0.03440725680325307,0.04702325096444587,0.15446773016369517,0.04071525388384947,0.1137524762798457,0.5850797622771349,0.6724012094672088,0.5850797622771349,0.6724012094672088,15 aligned seed-block vectors; 2 measurement replicates retained within each block
frangieh_melanoma_coculture,frangieh_melanoma_control,frangieh_melanoma_coculture->frangieh_melanoma_control,frangieh_melanoma_coculture<->frangieh_melanoma_control,absolute_effect_rank_agreement,80,4,spearman_distance,0.06293623486304131,0.004820367308637635,0.05811586755440368,0.06589436525313919,0.05997810447294344,0.003858528084364876,0.0057822065329103944,0.06293623486304131,0.004820367308637635,0.05811586755440368,0.5850797622771349,0.6724012094672088,0.5850797622771349,0.6724012094672088,15 aligned seed-block vectors; 2 measurement replicates retained within each block
frangieh_melanoma_coculture,frangieh_melanoma_control,frangieh_melanoma_coculture->frangieh_melanoma_control,frangieh_melanoma_coculture<->frangieh_melanoma_control,absolute_effect_rank_agreement,80,4,top10_jaccard_distance,0.7309523809523809,0.25892857142857145,0.47202380952380946,0.7,0.7619047619047619,0.1428571428571429,0.375,0.7309523809523809,0.25892857142857145,0.47202380952380946,0.5850797622771349,0.6724012094672088,0.5850797622771349,0.6724012094672088,15 aligned seed-block vectors; 2 measurement replicates retained within each block
frangieh_melanoma_coculture,frangieh_melanoma_control,frangieh_melanoma_coculture->frangieh_melanoma_control,frangieh_melanoma_coculture<->frangieh_melanoma_control,absolute_effect_rank_agreement,80,4,stable_pair_inversion_fraction,0.029933078672168587,0.0,0.029933078672168587,0.03978685612788632,0.03450741998927231,0.0,0.0,0.03714713805857932,0.0,0.03714713805857932,0.5850797622771349,0.6724012094672088,0.5850797622771349,0.6724012094672088,15 aligned seed-block vectors; 2 measurement replicates retained within each block
frangieh_melanoma_coculture,frangieh_melanoma_control,frangieh_melanoma_coculture->frangieh_melanoma_control,frangieh_melanoma_coculture<->frangieh_melanoma_control,absolute_effect_rank_agreement,80,4,d_adj,0.03900748266953649,-0.005084779752409965,0.04409226242194646,0.02793938762033851,0.029225315399854044,0.0004205331387064396,0.0019671219546102403,0.028582351510096277,0.0011938275466583399,0.02738852396343794,0.5850797622771349,0.6724012094672088,0.5850797622771349,0.6724012094672088,15 aligned seed-block vectors; 2 measurement replicates retained within each block
frangieh_melanoma_coculture,frangieh_melanoma_control,frangieh_melanoma_coculture->frangieh_melanoma_control,frangieh_melanoma_coculture<->frangieh_melanoma_control,absolute_effect_rank_agreement,160,5,kendall_distance,0.16260035449900953,0.031957043061203255,0.13064331143780628,0.15889896778229595,0.1663017412157231,0.027108747784381215,0.036805338338025295,0.16260035449900953,0.031957043061203255,0.13064331143780628,0.60765300802836,0.6975810655823167,0.60765300802836,0.6975810655823167,15 aligned seed-block vectors; 2 measurement replicates retained within each block
frangieh_melanoma_coculture,frangieh_melanoma_control,frangieh_melanoma_coculture->frangieh_melanoma_control,frangieh_melanoma_coculture<->frangieh_melanoma_control,absolute_effect_rank_agreement,160,5,spearman_distance,0.0742805755395684,0.0031916082041199834,0.07108896733544842,0.07087671477724655,0.07768443630189026,0.002511282899146594,0.0038719335090933726,0.0742805755395684,0.0031916082041199834,0.07108896733544842,0.60765300802836,0.6975810655823167,0.60765300802836,0.6975810655823167,15 aligned seed-block vectors; 2 measurement replicates retained within each block
frangieh_melanoma_coculture,frangieh_melanoma_control,frangieh_melanoma_coculture->frangieh_melanoma_control,frangieh_melanoma_coculture<->frangieh_melanoma_control,absolute_effect_rank_agreement,160,5,top10_jaccard_distance,0.7309523809523809,0.07142857142857145,0.6595238095238094,0.7,0.7619047619047619,0.0,0.1428571428571429,0.7309523809523809,0.07142857142857145,0.6595238095238094,0.60765300802836,0.6975810655823167,0.60765300802836,0.6975810655823167,15 aligned seed-block vectors; 2 measurement replicates retained within each block
frangieh_melanoma_coculture,frangieh_melanoma_control,frangieh_melanoma_coculture->frangieh_melanoma_control,frangieh_melanoma_coculture<->frangieh_melanoma_control,absolute_effect_rank_agreement,160,5,stable_pair_inversion_fraction,0.04164553774194504,0.0,0.04164553774194504,0.04856208024797658,0.050265002564540945,0.0,0.0,0.04941354140625876,0.0,0.04941354140625876,0.60765300802836,0.6975810655823167,0.60765300802836,0.6975810655823167,15 aligned seed-block vectors; 2 measurement replicates retained within each block
frangieh_melanoma_coculture,frangieh_melanoma_control,frangieh_melanoma_coculture->frangieh_melanoma_control,frangieh_melanoma_coculture<->frangieh_melanoma_control,absolute_effect_rank_agreement,160,5,d_adj,0.04631392936625209,-0.005348740497856622,0.05166266986410871,0.02546832099537761,0.02719563479651062,-0.007555694574774961,-0.011083307267229706,0.026331977895944117,-0.009319500921002333,0.03565147881694645,0.60765300802836,0.6975810655823167,0.60765300802836,0.6975810655823167,15 aligned seed-block vectors; 2 measurement replicates retained within each block
frangieh_melanoma_coculture,frangieh_melanoma_control,frangieh_melanoma_coculture->frangieh_melanoma_control,frangieh_melanoma_coculture<->frangieh_melanoma_control,absolute_effect_rank_agreement,full,6,kendall_distance,0.22474194557397564,0.027682202064435446,0.1970597435095402,0.22635804399958298,0.2231258471483683,0.02856844958815563,0.02679595454071526,0.22474194557397564,0.027682202064435446,0.1970597435095402,0.6340319049108539,0.7363152955896153,0.6340319049108539,0.7363152955896153,15 aligned seed-block vectors; 2 measurement replicates retained within each block
frangieh_melanoma_coculture,frangieh_melanoma_control,frangieh_melanoma_coculture->frangieh_melanoma_control,frangieh_melanoma_coculture<->frangieh_melanoma_control,absolute_effect_rank_agreement,full,6,spearman_distance,0.13313485857276916,0.0023493006836767527,0.1307855578890924,0.13441172527816259,0.13185799186737573,0.0025604361231512662,0.002138165244202239,0.13313485857276916,0.0023493006836767527,0.1307855578890924,0.6340319049108539,0.7363152955896153,0.6340319049108539,0.7363152955896153,15 aligned seed-block vectors; 2 measurement replicates retained within each block
frangieh_melanoma_coculture,frangieh_melanoma_control,frangieh_melanoma_coculture->frangieh_melanoma_control,frangieh_melanoma_coculture<->frangieh_melanoma_control,absolute_effect_rank_agreement,full,6,top10_jaccard_distance,0.7,0.0,0.7,0.7,0.7,0.0,0.0,0.7,0.0,0.7,0.6340319049108539,0.7363152955896153,0.6340319049108539,0.7363152955896153,15 aligned seed-block vectors; 2 measurement replicates retained within each block
frangieh_melanoma_coculture,frangieh_melanoma_control,frangieh_melanoma_coculture->frangieh_melanoma_control,frangieh_melanoma_coculture<->frangieh_melanoma_control,absolute_effect_rank_agreement,full,6,stable_pair_inversion_fraction,0.10230338165929487,0.0,0.10230338165929487,0.11532097948378557,0.12177182085648905,0.0,0.0,0.11854640017013732,0.0,0.11854640017013732,0.6340319049108539,0.7363152955896153,0.6340319049108539,0.7363152955896153,15 aligned seed-block vectors; 2 measurement replicates retained within each block
frangieh_melanoma_coculture,frangieh_melanoma_control,frangieh_melanoma_coculture->frangieh_melanoma_control,frangieh_melanoma_coculture<->frangieh_melanoma_control,absolute_effect_rank_agreement,full,6,d_adj,0.0851637250918905,-0.004675244312296267,0.08983896940418677,0.06939491884753067,0.07350641226149518,-0.005327911583776457,0.0006499148507281154,0.07145066555451293,-0.002338998366524171,0.0737896639210371,0.6340319049108539,0.7363152955896153,0.6340319049108539,0.7363152955896153,15 aligned seed-block vectors; 2 measurement replicates retained within each block
frangieh_melanoma_coculture,frangieh_melanoma_control,frangieh_melanoma_coculture->frangieh_melanoma_control,frangieh_melanoma_coculture<->frangieh_melanoma_control,delta_cosine,10,1,kendall_distance,0.42680638098217083,0.12516942967365238,0.3016369513085184,0.43269732040454595,0.42091544155979566,0.1215723073714941,0.12876655197581066,0.42680638098217083,0.12516942967365238,0.3016369513085184,0.08888541340840371,0.20566155771035344,0.08888541340840371,0.20566155771035344,15 aligned seed-block vectors; 2 measurement replicates retained within each block
frangieh_melanoma_coculture,frangieh_melanoma_control,frangieh_melanoma_coculture->frangieh_melanoma_control,frangieh_melanoma_coculture<->frangieh_melanoma_control,delta_cosine,10,1,spearman_distance,0.3901671209616158,0.04440770365074409,0.34575941731087173,0.4012913892488494,0.37904285267438226,0.040629608114750526,0.048185799186737654,0.3901671209616158,0.04440770365074409,0.34575941731087173,0.08888541340840371,0.20566155771035344,0.08888541340840371,0.20566155771035344,15 aligned seed-block vectors; 2 measurement replicates retained within each block
frangieh_melanoma_coculture,frangieh_melanoma_control,frangieh_melanoma_coculture->frangieh_melanoma_control,frangieh_melanoma_coculture<->frangieh_melanoma_control,delta_cosine,10,1,top10_jaccard_distance,0.79004329004329,0.4227941176470588,0.36724917239623117,0.7619047619047619,0.8181818181818181,0.47058823529411764,0.375,0.79004329004329,0.4227941176470588,0.36724917239623117,0.08888541340840371,0.20566155771035344,0.08888541340840371,0.20566155771035344,15 aligned seed-block vectors; 2 measurement replicates retained within each block
frangieh_melanoma_coculture,frangieh_melanoma_control,frangieh_melanoma_coculture->frangieh_melanoma_control,frangieh_melanoma_coculture<->frangieh_melanoma_control,delta_cosine,10,1,stable_pair_inversion_fraction,0.2709634190158967,0.0,0.2709634190158967,0.25408942202835333,0.26015228426395937,0.0,0.0,0.25712085314615635,0.0,0.25712085314615635,0.08888541340840371,0.20566155771035344,0.08888541340840371,0.20566155771035344,15 aligned seed-block vectors; 2 measurement replicates retained within each block
frangieh_melanoma_coculture,frangieh_melanoma_control,frangieh_melanoma_coculture->frangieh_melanoma_control,frangieh_melanoma_coculture<->frangieh_melanoma_control,delta_cosine,10,1,d_adj,0.04113285483557183,-0.009163371951114746,0.050296226786686576,0.021016230493865785,0.013752476279845693,-0.0028290411149341278,-0.0010495951065234562,0.01738435338685574,-0.001939318110728792,0.019323671497584533,0.08888541340840371,0.20566155771035344,0.08888541340840371,0.20566155771035344,15 aligned seed-block vectors; 2 measurement replicates retained within each block
frangieh_melanoma_coculture,frangieh_melanoma_control,frangieh_melanoma_coculture->frangieh_melanoma_control,frangieh_melanoma_coculture<->frangieh_melanoma_control,delta_cosine,20,2,kendall_distance,0.4238348451673444,0.09112709832134297,0.3327077468460014,0.42696277760400375,0.42070691273068506,0.07694713794182051,0.10530705870086543,0.4238348451673444,0.09112709832134297,0.3327077468460014,0.14424981753727453,0.2964758627880304,0.14424981753727453,0.2964758627880304,15 aligned seed-block vectors; 2 measurement replicates retained within each block
frangieh_melanoma_coculture,frangieh_melanoma_control,frangieh_melanoma_coculture->frangieh_melanoma_control,frangieh_melanoma_coculture<->frangieh_melanoma_control,delta_cosine,20,2,spearman_distance,0.3865912239152777,0.024003530095178582,0.36258769382009914,0.38894722731131864,0.3842352205192368,0.016406005630278442,0.03160105456007872,0.3865912239152777,0.024003530095178582,0.36258769382009914,0.14424981753727453,0.2964758627880304,0.14424981753727453,0.2964758627880304,15 aligned seed-block vectors; 2 measurement replicates retained within each block
frangieh_melanoma_coculture,frangieh_melanoma_control,frangieh_melanoma_coculture->frangieh_melanoma_control,frangieh_melanoma_coculture<->frangieh_melanoma_control,delta_cosine,20,2,top10_jaccard_distance,0.96,0.34920634920634924,0.6107936507936507,0.96,0.96,0.1428571428571429,0.5555555555555556,0.96,0.34920634920634924,0.6107936507936507,0.14424981753727453,0.2964758627880304,0.14424981753727453,0.2964758627880304,15 aligned seed-block vectors; 2 measurement replicates retained within each block
frangieh_melanoma_coculture,frangieh_melanoma_control,frangieh_melanoma_coculture->frangieh_melanoma_control,frangieh_melanoma_coculture<->frangieh_melanoma_control,delta_cosine,20,2,stable_pair_inversion_fraction,0.289065707557033,0.0,0.289065707557033,0.3211267605633803,0.3207126948775056,0.0,0.0,0.32091972772044297,0.0,0.32091972772044297,0.14424981753727453,0.2964758627880304,0.14424981753727453,0.2964758627880304,15 aligned seed-block vectors; 2 measurement replicates retained within each block
frangieh_melanoma_coculture,frangieh_melanoma_control,frangieh_melanoma_coculture->frangieh_melanoma_control,frangieh_melanoma_coculture<->frangieh_melanoma_control,delta_cosine,20,2,d_adj,0.058070740808652405,-0.009238078802325467,0.06730881961097787,0.03722934695721684,0.02640322524589025,0.002154797900809798,-0.014541410349980874,0.03181628610155354,-0.006193306224585538,0.03800959232613908,0.14424981753727453,0.2964758627880304,0.14424981753727453,0.2964758627880304,15 aligned seed-block vectors; 2 measurement replicates retained within each block
frangieh_melanoma_coculture,frangieh_melanoma_control,frangieh_melanoma_coculture->frangieh_melanoma_control,frangieh_melanoma_coculture<->frangieh_melanoma_control,delta_cosine,40,3,kendall_distance,0.40538004379105413,0.06954436450839332,0.3358356792826608,0.4068397455948285,0.4039203419872798,0.07152538838494427,0.06756334063184238,0.40538004379105413,0.06954436450839332,0.3358356792826608,0.22317797935564593,0.39286831404441663,0.22317797935564593,0.39286831404441663,15 aligned seed-block vectors; 2 measurement replicates retained within each block
frangieh_melanoma_coculture,frangieh_melanoma_control,frangieh_melanoma_coculture->frangieh_melanoma_control,frangieh_melanoma_coculture<->frangieh_melanoma_control,delta_cosine,40,3,spearman_distance,0.3594005540908888,0.015023012645784067,0.3443775414451047,0.3635327762634613,0.3552683319183163,0.016155771035345712,0.013890254256222423,0.3594005540908888,0.015023012645784067,0.3443775414451047,0.22317797935564593,0.39286831404441663,0.22317797935564593,0.39286831404441663,15 aligned seed-block vectors; 2 measurement replicates retained within each block
frangieh_melanoma_coculture,frangieh_melanoma_control,frangieh_melanoma_coculture->frangieh_melanoma_control,frangieh_melanoma_coculture<->frangieh_melanoma_control,delta_cosine,40,3,top10_jaccard_distance,0.8438735177865613,0.25892857142857145,0.5849449463579899,0.8695652173913043,0.8181818181818181,0.1428571428571429,0.375,0.8438735177865613,0.25892857142857145,0.5849449463579899,0.22317797935564593,0.39286831404441663,0.22317797935564593,0.39286831404441663,15 aligned seed-block vectors; 2 measurement replicates retained within each block
frangieh_melanoma_coculture,frangieh_melanoma_control,frangieh_melanoma_coculture->frangieh_melanoma_control,frangieh_melanoma_coculture<->frangieh_melanoma_control,delta_cosine,40,3,stable_pair_inversion_fraction,0.2466293056314926,0.0,0.2466293056314926,0.2856489945155393,0.2603917821309126,0.0,0.0,0.27302038832322595,0.0,0.27302038832322595,0.22317797935564593,0.39286831404441663,0.22317797935564593,0.39286831404441663,15 aligned seed-block vectors; 2 measurement replicates retained within each block
frangieh_melanoma_coculture,frangieh_melanoma_control,frangieh_melanoma_coculture->frangieh_melanoma_control,frangieh_melanoma_coculture<->frangieh_melanoma_control,delta_cosine,40,3,d_adj,0.07428115678371841,-0.008218524630570434,0.08249968141428884,0.06877280784068397,0.06104333924165017,0.004660619330622454,0.01717930003823028,0.06490807354116707,0.010919959684426368,0.053988113856740697,0.22317797935564593,0.39286831404441663,0.22317797935564593,0.39286831404441663,15 aligned seed-block vectors; 2 measurement replicates retained within each block
frangieh_melanoma_coculture,frangieh_melanoma_control,frangieh_melanoma_coculture->frangieh_melanoma_control,frangieh_melanoma_coculture<->frangieh_melanoma_control,delta_cosine,80,4,kendall_distance,0.37743718069023047,0.04931706808466271,0.3281201126055677,0.3742049838390158,0.38066937754144514,0.05223647169221146,0.046397664477113965,0.37743718069023047,0.04931706808466271,0.3281201126055677,0.3794182045667813,0.5436346574913982,0.3794182045667813,0.5436346574913982,15 aligned seed-block vectors; 2 measurement replicates retained within each block
frangieh_melanoma_coculture,frangieh_melanoma_control,frangieh_melanoma_coculture->frangieh_melanoma_control,frangieh_melanoma_coculture<->frangieh_melanoma_control,delta_cosine,80,4,spearman_distance,0.3204510925421154,0.007166316636132181,0.31328477590598325,0.3145962732919255,0.3263059117923053,0.007750569730551049,0.006582063541713312,0.3204510925421154,0.007166316636132181,0.31328477590598325,0.3794182045667813,0.5436346574913982,0.3794182045667813,0.5436346574913982,15 aligned seed-block vectors; 2 measurement replicates retained within each block
frangieh_melanoma_coculture,frangieh_melanoma_control,frangieh_melanoma_coculture->frangieh_melanoma_control,frangieh_melanoma_coculture<->frangieh_melanoma_control,delta_cosine,80,4,top10_jaccard_distance,0.8438735177865613,0.1428571428571429,0.7010163749294184,0.8695652173913043,0.8181818181818181,0.1428571428571429,0.1428571428571429,0.8438735177865613,0.1428571428571429,0.7010163749294184,0.3794182045667813,0.5436346574913982,0.3794182045667813,0.5436346574913982,15 aligned seed-block vectors; 2 measurement replicates retained within each block
frangieh_melanoma_coculture,frangieh_melanoma_control,frangieh_melanoma_coculture->frangieh_melanoma_control,frangieh_melanoma_coculture<->frangieh_melanoma_control,delta_cosine,80,4,stable_pair_inversion_fraction,0.2364549012838147,0.0,0.2364549012838147,0.2662154540327129,0.2867095391211147,0.0,0.0,0.2764624965769138,0.0,0.2764624965769138,0.3794182045667813,0.5436346574913982,0.3794182045667813,0.5436346574913982,15 aligned seed-block vectors; 2 measurement replicates retained within each block
frangieh_melanoma_coculture,frangieh_melanoma_control,frangieh_melanoma_coculture->frangieh_melanoma_control,frangieh_melanoma_coculture<->frangieh_melanoma_control,delta_cosine,80,4,d_adj,0.10413088020338354,-0.007438530934372939,0.11156941113775648,0.08160428179195776,0.08726583950231119,0.003913391026309387,-0.007785076286796666,0.08443506064713448,-0.0019358426302436395,0.08637090327737812,0.3794182045667813,0.5436346574913982,0.3794182045667813,0.5436346574913982,15 aligned seed-block vectors; 2 measurement replicates retained within each block
frangieh_melanoma_coculture,frangieh_melanoma_control,frangieh_melanoma_coculture->frangieh_melanoma_control,frangieh_melanoma_coculture<->frangieh_melanoma_control,delta_cosine,160,5,kendall_distance,0.39693462621207387,0.03993327077468467,0.3570013554373892,0.4006881451360651,0.3931811072880826,0.043061203211344046,0.036805338338025295,0.39693462621207387,0.03993327077468467,0.3570013554373892,0.4559482848503805,0.610833072672297,0.4559482848503805,0.610833072672297,15 aligned seed-block vectors; 2 measurement replicates retained within each block
frangieh_melanoma_coculture,frangieh_melanoma_control,frangieh_melanoma_coculture->frangieh_melanoma_control,frangieh_melanoma_coculture<->frangieh_melanoma_control,delta_cosine,160,5,spearman_distance,0.34632803074310736,0.0052381697126771265,0.34108986103043026,0.35173153402743645,0.3409245274587783,0.005967648241655188,0.004508691183699065,0.34632803074310736,0.0052381697126771265,0.34108986103043026,0.4559482848503805,0.610833072672297,0.4559482848503805,0.610833072672297,15 aligned seed-block vectors; 2 measurement replicates retained within each block
frangieh_melanoma_coculture,frangieh_melanoma_control,frangieh_melanoma_coculture->frangieh_melanoma_control,frangieh_melanoma_coculture<->frangieh_melanoma_control,delta_cosine,160,5,top10_jaccard_distance,0.8695652173913043,0.07142857142857145,0.7981366459627328,0.8695652173913043,0.8695652173913043,0.1428571428571429,0.0,0.8695652173913043,0.07142857142857145,0.7981366459627328,0.4559482848503805,0.610833072672297,0.4559482848503805,0.610833072672297,15 aligned seed-block vectors; 2 measurement replicates retained within each block
frangieh_melanoma_coculture,frangieh_melanoma_control,frangieh_melanoma_coculture->frangieh_melanoma_control,frangieh_melanoma_coculture<->frangieh_melanoma_control,delta_cosine,160,5,stable_pair_inversion_fraction,0.2962318010170824,0.0,0.2962318010170824,0.327545753167527,0.3155664585191793,0.0,0.0,0.32155610584335315,0.0,0.32155610584335315,0.4559482848503805,0.610833072672297,0.4559482848503805,0.610833072672297,15 aligned seed-block vectors; 2 measurement replicates retained within each block
frangieh_melanoma_coculture,frangieh_melanoma_control,frangieh_melanoma_coculture->frangieh_melanoma_control,frangieh_melanoma_coculture<->frangieh_melanoma_control,delta_cosine,160,5,d_adj,0.1417019068403448,-0.0062546264837206045,0.14795653332406541,0.13091787439613528,0.12572898203176588,0.00036492545094359843,0.00027456295832899066,0.1283234282139506,0.0003197442046362945,0.1280036840093143,0.4559482848503805,0.610833072672297,0.4559482848503805,0.610833072672297,15 aligned seed-block vectors; 2 measurement replicates retained within each block
frangieh_melanoma_coculture,frangieh_melanoma_control,frangieh_melanoma_coculture->frangieh_melanoma_control,frangieh_melanoma_coculture<->frangieh_melanoma_control,delta_cosine,full,6,kendall_distance,0.3578876029611094,0.03299968720675636,0.32488791575435305,0.3595037013867167,0.35627150453550205,0.03273902617036811,0.03326034824314461,0.3578876029611094,0.03299968720675636,0.32488791575435305,0.5778855176728183,0.7063914086122407,0.5778855176728183,0.7063914086122407,15 aligned seed-block vectors; 2 measurement replicates retained within each block
frangieh_melanoma_coculture,frangieh_melanoma_control,frangieh_melanoma_coculture->frangieh_melanoma_control,frangieh_melanoma_coculture<->frangieh_melanoma_control,delta_cosine,full,6,spearman_distance,0.2921444211090755,0.003649626882345186,0.2884947942267303,0.293306224585549,0.290982617632602,0.0033290138075875997,0.0039702399571027724,0.2921444211090755,0.003649626882345186,0.2884947942267303,0.5778855176728183,0.7063914086122407,0.5778855176728183,0.7063914086122407,15 aligned seed-block vectors; 2 measurement replicates retained within each block
frangieh_melanoma_coculture,frangieh_melanoma_control,frangieh_melanoma_coculture->frangieh_melanoma_control,frangieh_melanoma_coculture<->frangieh_melanoma_control,delta_cosine,full,6,top10_jaccard_distance,0.7,0.07142857142857145,0.6285714285714286,0.7,0.7,0.0,0.1428571428571429,0.7,0.07142857142857145,0.6285714285714286,0.5778855176728183,0.7063914086122407,0.5778855176728183,0.7063914086122407,15 aligned seed-block vectors; 2 measurement replicates retained within each block
frangieh_melanoma_coculture,frangieh_melanoma_control,frangieh_melanoma_coculture->frangieh_melanoma_control,frangieh_melanoma_coculture<->frangieh_melanoma_control,delta_cosine,full,6,stable_pair_inversion_fraction,0.2585943618570281,0.0,0.2585943618570281,0.2769559793263233,0.2709170624771648,0.0,0.0,0.27393652090174403,0.0,0.27393652090174403,0.5778855176728183,0.7063914086122407,0.5778855176728183,0.7063914086122407,15 aligned seed-block vectors; 2 measurement replicates retained within each block
frangieh_melanoma_coculture,frangieh_melanoma_control,frangieh_melanoma_coculture->frangieh_melanoma_control,frangieh_melanoma_coculture<->frangieh_melanoma_control,delta_cosine,full,6,d_adj,0.1551152521261352,-0.004734607116905182,0.15984985924304038,0.141962951378028,0.1440134848642825,-0.0015118340110520268,0.005397421193479995,0.14298821812115525,0.0019427935912139844,0.14104542452994126,0.5778855176728183,0.7063914086122407,0.5778855176728183,0.7063914086122407,15 aligned seed-block vectors; 2 measurement replicates retained within each block
frangieh_melanoma_coculture,frangieh_melanoma_control,frangieh_melanoma_coculture->frangieh_melanoma_control,frangieh_melanoma_coculture<->frangieh_melanoma_control,systema_centroid_accuracy,10,1,kendall_distance,0.4489709493844564,0.14300919377345805,0.30596175561099836,0.4443024771080914,0.45378436173358966,0.12735996459427845,0.1583037744812571,0.44904341942084053,0.14283186953776777,0.30621154988307275,0.0625065165259097,0.1605671984151809,0.0625065165259097,0.1605671984151809,15 aligned seed-block vectors; 2 measurement replicates retained within each block
frangieh_melanoma_coculture,frangieh_melanoma_control,frangieh_melanoma_coculture->frangieh_melanoma_control,frangieh_melanoma_coculture<->frangieh_melanoma_control,systema_centroid_accuracy,10,1,spearman_distance,0.4265382804880965,0.05826851670133065,0.36826976378676585,0.4164969563861746,0.4364814533461038,0.04695347829082408,0.06931024890586357,0.42648920486613917,0.058131863598343825,0.36835734126779535,0.0625065165259097,0.1605671984151809,0.0625065165259097,0.1605671984151809,15 aligned seed-block vectors; 2 measurement replicates retained within each block
frangieh_melanoma_coculture,frangieh_melanoma_control,frangieh_melanoma_coculture->frangieh_melanoma_control,frangieh_melanoma_coculture<->frangieh_melanoma_control,systema_centroid_accuracy,10,1,top10_jaccard_distance,0.9383333333333332,0.4227941176470588,0.5155392156862744,0.9166666666666666,0.96,0.375,0.47058823529411764,0.9383333333333332,0.4227941176470588,0.5155392156862744,0.0625065165259097,0.1605671984151809,0.0625065165259097,0.1605671984151809,15 aligned seed-block vectors; 2 measurement replicates retained within each block
frangieh_melanoma_coculture,frangieh_melanoma_control,frangieh_melanoma_coculture->frangieh_melanoma_control,frangieh_melanoma_coculture<->frangieh_melanoma_control,systema_centroid_accuracy,10,1,stable_pair_inversion_fraction,0.38627801718296884,0.0,0.38627801718296884,0.3655737704918033,0.44142614601018676,0.0,0.0,0.40349995825099505,0.0,0.40349995825099505,0.0625065165259097,0.1605671984151809,0.0625065165259097,0.1605671984151809,15 aligned seed-block vectors; 2 measurement replicates retained within each block
frangieh_melanoma_coculture,frangieh_melanoma_control,frangieh_melanoma_coculture->frangieh_melanoma_control,frangieh_melanoma_coculture<->frangieh_melanoma_control,systema_centroid_accuracy,10,1,d_adj,0.03499772495846401,-0.009839275006781112,0.04483699996524512,0.006099468251485777,0.0031783269036944504,-0.005491259166579773,-0.002752580544260234,0.004638897577590114,-0.004121919855420003,0.008760817433010118,0.0625065165259097,0.1605671984151809,0.0625065165259097,0.1605671984151809,15 aligned seed-block vectors; 2 measurement replicates retained within each block
frangieh_melanoma_coculture,frangieh_melanoma_control,frangieh_melanoma_coculture->frangieh_melanoma_control,frangieh_melanoma_coculture<->frangieh_melanoma_control,systema_centroid_accuracy,20,2,kendall_distance,0.4546586649373073,0.1292790961882645,0.3253795687490428,0.46818442597247706,0.44122861910721733,0.1293418150275069,0.12930899558456338,0.4547065225398472,0.12932540530603515,0.3253811172338121,0.0795016160984256,0.2014388489208633,0.0795016160984256,0.2014388489208633,15 aligned seed-block vectors; 2 measurement replicates retained within each block
frangieh_melanoma_coculture,frangieh_melanoma_control,frangieh_melanoma_coculture->frangieh_melanoma_control,frangieh_melanoma_coculture<->frangieh_melanoma_control,systema_centroid_accuracy,20,2,spearman_distance,0.4314864306091535,0.046467067182222016,0.38501936342693144,0.4508194706814521,0.4120358061294481,0.04795163279419584,0.044888415723061625,0.4314276384054501,0.046420024258628734,0.3850076141468214,0.0795016160984256,0.2014388489208633,0.0795016160984256,0.2014388489208633,15 aligned seed-block vectors; 2 measurement replicates retained within each block
frangieh_melanoma_coculture,frangieh_melanoma_control,frangieh_melanoma_coculture->frangieh_melanoma_control,frangieh_melanoma_coculture<->frangieh_melanoma_control,systema_centroid_accuracy,20,2,top10_jaccard_distance,1.0,0.32083333333333336,0.6791666666666667,1.0,1.0,0.2666666666666667,0.375,1.0,0.32083333333333336,0.6791666666666667,0.0795016160984256,0.2014388489208633,0.0795016160984256,0.2014388489208633,15 aligned seed-block vectors; 2 measurement replicates retained within each block
frangieh_melanoma_coculture,frangieh_melanoma_control,frangieh_melanoma_coculture->frangieh_melanoma_control,frangieh_melanoma_coculture<->frangieh_melanoma_control,systema_centroid_accuracy,20,2,stable_pair_inversion_fraction,0.3908344555867593,0.0,0.3908344555867593,0.41448189762796506,0.3867403314917127,0.0,0.0,0.4006111145598389,0.0,0.4006111145598389,0.0795016160984256,0.2014388489208633,0.0795016160984256,0.2014388489208633,15 aligned seed-block vectors; 2 measurement replicates retained within each block
frangieh_melanoma_coculture,frangieh_melanoma_control,frangieh_melanoma_coculture->frangieh_melanoma_control,frangieh_melanoma_coculture<->frangieh_melanoma_control,systema_centroid_accuracy,20,2,d_adj,0.04906546127415909,-0.009128273593019626,0.058193734867178715,0.030552948945191664,0.02271400271087477,-0.005767559865151347,0.007428839537065986,0.026633475828033215,0.0008306398359573196,0.025802835992075897,0.0795016160984256,0.2014388489208633,0.0795016160984256,0.2014388489208633,15 aligned seed-block vectors; 2 measurement replicates retained within each block
frangieh_melanoma_coculture,frangieh_melanoma_control,frangieh_melanoma_coculture->frangieh_melanoma_control,frangieh_melanoma_coculture<->frangieh_melanoma_control,systema_centroid_accuracy,40,3,kendall_distance,0.42696927181596855,0.10793172434993328,0.3190375474660353,0.4375358464138666,0.41666232061678843,0.11331872964488365,0.10220043583872201,0.42709908351532755,0.10775958274180283,0.3193395007735247,0.13293712855802314,0.265769992701491,0.13293712855802314,0.265769992701491,15 aligned seed-block vectors; 2 measurement replicates retained within each block
frangieh_melanoma_coculture,frangieh_melanoma_control,frangieh_melanoma_coculture->frangieh_melanoma_control,frangieh_melanoma_coculture<->frangieh_melanoma_control,systema_centroid_accuracy,40,3,spearman_distance,0.3930039881081107,0.03451108458882518,0.35849290351928553,0.4085316877374013,0.3780018611342775,0.03958760168526454,0.029160280441563324,0.39326677443583935,0.03437394106341393,0.3588928333724254,0.13293712855802314,0.265769992701491,0.13293712855802314,0.265769992701491,15 aligned seed-block vectors; 2 measurement replicates retained within each block
frangieh_melanoma_coculture,frangieh_melanoma_control,frangieh_melanoma_coculture->frangieh_melanoma_control,frangieh_melanoma_coculture<->frangieh_melanoma_control,systema_centroid_accuracy,40,3,top10_jaccard_distance,0.8695652173913043,0.3686274509803922,0.5009377664109121,0.8695652173913043,0.8695652173913043,0.2666666666666667,0.47058823529411764,0.8695652173913043,0.3686274509803922,0.5009377664109121,0.13293712855802314,0.265769992701491,0.13293712855802314,0.265769992701491,15 aligned seed-block vectors; 2 measurement replicates retained within each block
frangieh_melanoma_coculture,frangieh_melanoma_control,frangieh_melanoma_coculture->frangieh_melanoma_control,frangieh_melanoma_coculture<->frangieh_melanoma_control,systema_centroid_accuracy,40,3,stable_pair_inversion_fraction,0.20550995490758217,0.0,0.20550995490758217,0.2645064054257724,0.18806214227309895,0.0,0.0,0.22628427384943567,0.0,0.22628427384943567,0.13293712855802314,0.265769992701491,0.13293712855802314,0.265769992701491,15 aligned seed-block vectors; 2 measurement replicates retained within each block
frangieh_melanoma_coculture,frangieh_melanoma_control,frangieh_melanoma_coculture->frangieh_melanoma_control,frangieh_melanoma_coculture<->frangieh_melanoma_control,systema_centroid_accuracy,40,3,d_adj,0.05536310182239018,-0.008827980094684856,0.06419108191707504,0.05012164181698119,0.04547318666805686,0.004141034998088485,0.032646925937510875,0.04779741424251903,0.018393980467799678,0.02940343377471935,0.13293712855802314,0.265769992701491,0.13293712855802314,0.265769992701491,15 aligned seed-block vectors; 2 measurement replicates retained within each block
frangieh_melanoma_coculture,frangieh_melanoma_control,frangieh_melanoma_coculture->frangieh_melanoma_control,frangieh_melanoma_coculture<->frangieh_melanoma_control,systema_centroid_accuracy,80,4,kendall_distance,0.3726534273089642,0.08312533143441303,0.2895280958745512,0.3730638768090238,0.3724247638175064,0.08899321633384416,0.07738032243750459,0.3727443203132651,0.08318676938567438,0.2895575509275907,0.25680325304973417,0.40652695235116254,0.25680325304973417,0.40652695235116254,15 aligned seed-block vectors; 2 measurement replicates retained within each block
frangieh_melanoma_coculture,frangieh_melanoma_control,frangieh_melanoma_coculture->frangieh_melanoma_control,frangieh_melanoma_coculture<->frangieh_melanoma_control,systema_centroid_accuracy,80,4,spearman_distance,0.31590401875835944,0.02076403417668654,0.2951399845816729,0.3146026433413347,0.31733472900091486,0.02488024326584931,0.016642909164078956,0.3159686861711248,0.020761576214964134,0.2952071099561606,0.25680325304973417,0.40652695235116254,0.25680325304973417,0.40652695235116254,15 aligned seed-block vectors; 2 measurement replicates retained within each block
frangieh_melanoma_coculture,frangieh_melanoma_control,frangieh_melanoma_coculture->frangieh_melanoma_control,frangieh_melanoma_coculture<->frangieh_melanoma_control,systema_centroid_accuracy,80,4,top10_jaccard_distance,0.8695652173913043,0.375,0.4945652173913043,0.8695652173913043,0.8695652173913043,0.375,0.375,0.8695652173913043,0.375,0.4945652173913043,0.25680325304973417,0.40652695235116254,0.25680325304973417,0.40652695235116254,15 aligned seed-block vectors; 2 measurement replicates retained within each block
frangieh_melanoma_coculture,frangieh_melanoma_control,frangieh_melanoma_coculture->frangieh_melanoma_control,frangieh_melanoma_coculture<->frangieh_melanoma_control,systema_centroid_accuracy,80,4,stable_pair_inversion_fraction,0.15981592518346055,0.0,0.15981592518346055,0.19250425894378195,0.21140418929402638,0.0,0.0,0.20195422411890418,0.0,0.20195422411890418,0.25680325304973417,0.40652695235116254,0.25680325304973417,0.40652695235116254,15 aligned seed-block vectors; 2 measurement replicates retained within each block
frangieh_melanoma_coculture,frangieh_melanoma_control,frangieh_melanoma_coculture->frangieh_melanoma_control,frangieh_melanoma_coculture<->frangieh_melanoma_control,systema_centroid_accuracy,80,4,d_adj,0.07152552620572206,-0.007875069259934336,0.07940059546565639,0.05387168526048726,0.05109998957355854,0.008666110589789036,-0.00196017099363988,0.052485837417022896,0.0033529697980745786,0.04913286761894832,0.25680325304973417,0.40652695235116254,0.25680325304973417,0.40652695235116254,15 aligned seed-block vectors; 2 measurement replicates retained within each block
frangieh_melanoma_coculture,frangieh_melanoma_control,frangieh_melanoma_coculture->frangieh_melanoma_control,frangieh_melanoma_coculture<->frangieh_melanoma_control,systema_centroid_accuracy,160,5,kendall_distance,0.3205451616146535,0.04871558388869329,0.2718295777259602,0.3172575589647799,0.3240846942006135,0.051459851576034776,0.04589547358575208,0.3206711265826967,0.04867766258089343,0.27199346400180324,0.42002919403607547,0.5598999061620269,0.42002919403607547,0.5598999061620269,15 aligned seed-block vectors; 2 measurement replicates retained within each block
frangieh_melanoma_coculture,frangieh_melanoma_control,frangieh_melanoma_coculture->frangieh_melanoma_control,frangieh_melanoma_coculture<->frangieh_melanoma_control,systema_centroid_accuracy,160,5,spearman_distance,0.25071985106936284,0.0077338479710548635,0.24298600309830798,0.24817183111745345,0.2534452249425757,0.009132465999190487,0.006368192212706236,0.2508085280300146,0.0077503291059483614,0.24305819892406622,0.42002919403607547,0.5598999061620269,0.42002919403607547,0.5598999061620269,15 aligned seed-block vectors; 2 measurement replicates retained within each block
frangieh_melanoma_coculture,frangieh_melanoma_control,frangieh_melanoma_coculture->frangieh_melanoma_control,frangieh_melanoma_coculture<->frangieh_melanoma_control,systema_centroid_accuracy,160,5,top10_jaccard_distance,0.7309523809523809,0.32083333333333336,0.41011904761904755,0.7,0.7619047619047619,0.375,0.2666666666666667,0.7309523809523809,0.32083333333333336,0.41011904761904755,0.42002919403607547,0.5598999061620269,0.42002919403607547,0.5598999061620269,15 aligned seed-block vectors; 2 measurement replicates retained within each block
frangieh_melanoma_coculture,frangieh_melanoma_control,frangieh_melanoma_coculture->frangieh_melanoma_control,frangieh_melanoma_coculture<->frangieh_melanoma_control,systema_centroid_accuracy,160,5,stable_pair_inversion_fraction,0.15992699869846985,0.0,0.15992699869846985,0.17872340425531916,0.1944854751354013,0.0,0.0,0.18660443969536022,0.0,0.18660443969536022,0.42002919403607547,0.5598999061620269,0.42002919403607547,0.5598999061620269,15 aligned seed-block vectors; 2 measurement replicates retained within each block
frangieh_melanoma_coculture,frangieh_melanoma_control,frangieh_melanoma_coculture->frangieh_melanoma_control,frangieh_melanoma_coculture<->frangieh_melanoma_control,systema_centroid_accuracy,160,5,d_adj,0.08912264890736088,-0.006764119938432067,0.09588676884579295,0.07408681750251969,0.0719511347443784,0.00025023459493274484,0.001447537622076219,0.07301897612344904,0.0008488861085044819,0.07217009001494457,0.42002919403607547,0.5598999061620269,0.42002919403607547,0.5598999061620269,15 aligned seed-block vectors; 2 measurement replicates retained within each block
frangieh_melanoma_coculture,frangieh_melanoma_control,frangieh_melanoma_coculture->frangieh_melanoma_control,frangieh_melanoma_coculture<->frangieh_melanoma_control,systema_centroid_accuracy,full,6,kendall_distance,0.20187304324497862,0.02496970648450808,0.17690333676047054,0.2026815461138613,0.20043316787464732,0.02611528276540631,0.02395115842204132,0.2015573569942543,0.025033220593723815,0.1765241364005305,0.6922114482327182,0.7825565634448963,0.6922114482327182,0.7825565634448963,15 aligned seed-block vectors; 2 measurement replicates retained within each block
frangieh_melanoma_coculture,frangieh_melanoma_control,frangieh_melanoma_coculture->frangieh_melanoma_control,frangieh_melanoma_coculture<->frangieh_melanoma_control,systema_centroid_accuracy,full,6,spearman_distance,0.11679399903701132,0.002424205033815685,0.11436979400319564,0.11710784285747361,0.11622801872570426,0.0027006888093982218,0.0021544116004199587,0.11666793079158894,0.0024275502049090902,0.11424038058667985,0.6922114482327182,0.7825565634448963,0.6922114482327182,0.7825565634448963,15 aligned seed-block vectors; 2 measurement replicates retained within each block
frangieh_melanoma_coculture,frangieh_melanoma_control,frangieh_melanoma_coculture->frangieh_melanoma_control,frangieh_melanoma_coculture<->frangieh_melanoma_control,systema_centroid_accuracy,full,6,top10_jaccard_distance,0.5130718954248366,0.1428571428571429,0.37021475256769365,0.5555555555555556,0.47058823529411764,0.1428571428571429,0.1428571428571429,0.5130718954248366,0.1428571428571429,0.37021475256769365,0.6922114482327182,0.7825565634448963,0.6922114482327182,0.7825565634448963,15 aligned seed-block vectors; 2 measurement replicates retained within each block
frangieh_melanoma_coculture,frangieh_melanoma_control,frangieh_melanoma_coculture->frangieh_melanoma_control,frangieh_melanoma_coculture<->frangieh_melanoma_control,systema_centroid_accuracy,full,6,stable_pair_inversion_fraction,0.08704548603664622,0.0,0.08704548603664622,0.10964912280701754,0.10516051605160516,0.0,0.0,0.10740481942931135,0.0,0.10740481942931135,0.6922114482327182,0.7825565634448963,0.6922114482327182,0.7825565634448963,15 aligned seed-block vectors; 2 measurement replicates retained within each block
frangieh_melanoma_coculture,frangieh_melanoma_control,frangieh_melanoma_coculture->frangieh_melanoma_control,frangieh_melanoma_coculture<->frangieh_melanoma_control,systema_centroid_accuracy,full,6,d_adj,0.08632046886229147,-0.004608758770095367,0.09092922763238684,0.0771226497063219,0.07119347999860981,-0.00360407326312863,-0.0012216313905397459,0.07415806485246586,-0.0024128523268341882,0.07657091717930005,0.6922114482327182,0.7825565634448963,0.6922114482327182,0.7825565634448963,15 aligned seed-block vectors; 2 measurement replicates retained within each block
frangieh_melanoma_control,frangieh_melanoma_coculture,frangieh_melanoma_control->frangieh_melanoma_coculture,frangieh_melanoma_coculture<->frangieh_melanoma_control,absolute_effect_rank_agreement,10,1,kendall_distance,0.1384110103221771,0.05155875299760193,0.08685225732457516,0.13867167135856534,0.13815034928578884,0.0568241059326452,0.046293400062558665,0.1384110103221771,0.05155875299760193,0.08685225732457516,0.5234594932749452,0.5925868001251173,0.5234594932749452,0.5925868001251173,15 aligned seed-block vectors; 2 measurement replicates retained within each block
frangieh_melanoma_control,frangieh_melanoma_coculture,frangieh_melanoma_control->frangieh_melanoma_coculture,frangieh_melanoma_coculture<->frangieh_melanoma_control,absolute_effect_rank_agreement,10,1,spearman_distance,0.05064681174315211,0.009164842039412008,0.0414819697037401,0.05123776754993531,0.05005585593636891,0.010360159077706821,0.007969525001117195,0.05064681174315211,0.009164842039412008,0.0414819697037401,0.5234594932749452,0.5925868001251173,0.5234594932749452,0.5925868001251173,15 aligned seed-block vectors; 2 measurement replicates retained within each block
frangieh_melanoma_control,frangieh_melanoma_coculture,frangieh_melanoma_control->frangieh_melanoma_coculture,frangieh_melanoma_coculture<->frangieh_melanoma_control,absolute_effect_rank_agreement,10,1,top10_jaccard_distance,0.79004329004329,0.5130718954248366,0.27697139461845344,0.8181818181818181,0.7619047619047619,0.5555555555555556,0.47058823529411764,0.79004329004329,0.5130718954248366,0.27697139461845344,0.5234594932749452,0.5925868001251173,0.5234594932749452,0.5925868001251173,15 aligned seed-block vectors; 2 measurement replicates retained within each block
frangieh_melanoma_control,frangieh_melanoma_coculture,frangieh_melanoma_control->frangieh_melanoma_coculture,frangieh_melanoma_coculture<->frangieh_melanoma_control,absolute_effect_rank_agreement,10,1,stable_pair_inversion_fraction,0.004051556962307469,0.0,0.004051556962307469,0.00852836176120587,0.005601120224044809,0.0,0.0,0.0070647409926253395,0.0,0.0070647409926253395,0.5234594932749452,0.5925868001251173,0.5234594932749452,0.5925868001251173,15 aligned seed-block vectors; 2 measurement replicates retained within each block
frangieh_melanoma_control,frangieh_melanoma_coculture,frangieh_melanoma_control->frangieh_melanoma_coculture,frangieh_melanoma_coculture<->frangieh_melanoma_control,absolute_effect_rank_agreement,10,1,d_adj,0.017031032844888466,-0.006141733290029705,0.02317276613491817,-0.002808188232023086,0.00034059708754736,-0.0032426232926702214,-0.001883710422965971,-0.0012337955722378632,-0.0025631668578180965,0.0013293712855802333,0.5234594932749452,0.5925868001251173,0.5234594932749452,0.5925868001251173,15 aligned seed-block vectors; 2 measurement replicates retained within each block
frangieh_melanoma_control,frangieh_melanoma_coculture,frangieh_melanoma_control->frangieh_melanoma_coculture,frangieh_melanoma_coculture<->frangieh_melanoma_control,absolute_effect_rank_agreement,20,2,kendall_distance,0.15045355020331563,0.051298091961213654,0.09915545824210198,0.15139192993431344,0.14951517047231783,0.05849233656553021,0.0441038473568971,0.15045355020331563,0.051298091961213654,0.09915545824210198,0.5187675946199563,0.5977478886456052,0.5187675946199563,0.5977478886456052,15 aligned seed-block vectors; 2 measurement replicates retained within each block
frangieh_melanoma_control,frangieh_melanoma_coculture,frangieh_melanoma_control->frangieh_melanoma_coculture,frangieh_melanoma_coculture<->frangieh_melanoma_control,absolute_effect_rank_agreement,20,2,spearman_distance,0.06543187810000453,0.009063184235220567,0.056368693864783964,0.06372492068457047,0.06713883551543859,0.010281960766790332,0.007844407703650802,0.06543187810000453,0.009063184235220567,0.056368693864783964,0.5187675946199563,0.5977478886456052,0.5187675946199563,0.5977478886456052,15 aligned seed-block vectors; 2 measurement replicates retained within each block
frangieh_melanoma_control,frangieh_melanoma_coculture,frangieh_melanoma_control->frangieh_melanoma_coculture,frangieh_melanoma_coculture<->frangieh_melanoma_control,absolute_effect_rank_agreement,20,2,top10_jaccard_distance,0.79004329004329,0.4227941176470588,0.36724917239623117,0.8181818181818181,0.7619047619047619,0.375,0.47058823529411764,0.79004329004329,0.4227941176470588,0.36724917239623117,0.5187675946199563,0.5977478886456052,0.5187675946199563,0.5977478886456052,15 aligned seed-block vectors; 2 measurement replicates retained within each block
frangieh_melanoma_control,frangieh_melanoma_coculture,frangieh_melanoma_control->frangieh_melanoma_coculture,frangieh_melanoma_coculture<->frangieh_melanoma_control,absolute_effect_rank_agreement,20,2,stable_pair_inversion_fraction,0.008686855102082662,0.0,0.008686855102082662,0.010105092966855295,0.01019388366979812,0.0,0.0,0.010149488318326707,0.0,0.010149488318326707,0.5187675946199563,0.5977478886456052,0.5187675946199563,0.5977478886456052,15 aligned seed-block vectors; 2 measurement replicates retained within each block
frangieh_melanoma_control,frangieh_melanoma_coculture,frangieh_melanoma_control->frangieh_melanoma_coculture,frangieh_melanoma_coculture<->frangieh_melanoma_control,absolute_effect_rank_agreement,20,2,d_adj,0.020864419908351195,-0.0062008843699652705,0.027065304278316465,0.004806589510999904,0.0060056302783859875,-0.0046988496159593995,0.0012198936502971658,0.005406109894692946,-0.001739477982831117,0.007145587877524062,0.5187675946199563,0.5977478886456052,0.5187675946199563,0.5977478886456052,15 aligned seed-block vectors; 2 measurement replicates retained within each block
frangieh_melanoma_control,frangieh_melanoma_coculture,frangieh_melanoma_control->frangieh_melanoma_coculture,frangieh_melanoma_coculture<->frangieh_melanoma_control,absolute_effect_rank_agreement,40,3,kendall_distance,0.1623918256698989,0.045511416953393835,0.11688040871650507,0.1595245542696278,0.16525909707017,0.05004691898654989,0.04097591492023778,0.1623918256698989,0.045511416953393835,0.11688040871650507,0.5176728182671254,0.6027004483369827,0.5176728182671254,0.6027004483369827,15 aligned seed-block vectors; 2 measurement replicates retained within each block
frangieh_melanoma_control,frangieh_melanoma_coculture,frangieh_melanoma_control->frangieh_melanoma_coculture,frangieh_melanoma_coculture<->frangieh_melanoma_control,absolute_effect_rank_agreement,40,3,spearman_distance,0.07537758612985396,0.006797667456097278,0.06857991867375668,0.07261495151704728,0.07814022074266064,0.007748335493096226,0.005846999419098331,0.07537758612985396,0.006797667456097278,0.06857991867375668,0.5176728182671254,0.6027004483369827,0.5176728182671254,0.6027004483369827,15 aligned seed-block vectors; 2 measurement replicates retained within each block
frangieh_melanoma_control,frangieh_melanoma_coculture,frangieh_melanoma_control->frangieh_melanoma_coculture,frangieh_melanoma_coculture<->frangieh_melanoma_control,absolute_effect_rank_agreement,40,3,top10_jaccard_distance,0.8181818181818181,0.32083333333333336,0.49734848484848476,0.8181818181818181,0.8181818181818181,0.375,0.2666666666666667,0.8181818181818181,0.32083333333333336,0.49734848484848476,0.5176728182671254,0.6027004483369827,0.5176728182671254,0.6027004483369827,15 aligned seed-block vectors; 2 measurement replicates retained within each block
frangieh_melanoma_control,frangieh_melanoma_coculture,frangieh_melanoma_control->frangieh_melanoma_coculture,frangieh_melanoma_coculture<->frangieh_melanoma_control,absolute_effect_rank_agreement,40,3,stable_pair_inversion_fraction,0.01367742886301257,0.0,0.01367742886301257,0.019429265330904676,0.02685908999799559,0.0,0.0,0.023144177664450136,0.0,0.023144177664450136,0.5176728182671254,0.6027004483369827,0.5176728182671254,0.6027004483369827,15 aligned seed-block vectors; 2 measurement replicates retained within each block
frangieh_melanoma_control,frangieh_melanoma_coculture,frangieh_melanoma_control->frangieh_melanoma_coculture,frangieh_melanoma_coculture<->frangieh_melanoma_control,absolute_effect_rank_agreement,40,3,d_adj,0.026137175217347347,-0.006329604981681863,0.03246678019902921,0.010461196260383014,0.010092795328954244,0.004135821777360719,-0.008313349320543565,0.01027699579466863,-0.002088763771591423,0.012365759566260053,0.5176728182671254,0.6027004483369827,0.5176728182671254,0.6027004483369827,15 aligned seed-block vectors; 2 measurement replicates retained within each block
frangieh_melanoma_control,frangieh_melanoma_coculture,frangieh_melanoma_control->frangieh_melanoma_coculture,frangieh_melanoma_coculture<->frangieh_melanoma_control,absolute_effect_rank_agreement,80,4,kendall_distance,0.2028985507246377,0.04055885726201652,0.16233969346262117,0.20070899801897613,0.20508810343029926,0.04087165050568248,0.04024606401835057,0.2028985507246377,0.04055885726201652,0.16233969346262117,0.5202794286310082,0.6345532269836305,0.5202794286310082,0.6345532269836305,15 aligned seed-block vectors; 2 measurement replicates retained within each block
frangieh_melanoma_control,frangieh_melanoma_coculture,frangieh_melanoma_control->frangieh_melanoma_coculture,frangieh_melanoma_coculture<->frangieh_melanoma_control,absolute_effect_rank_agreement,80,4,spearman_distance,0.10900174270521473,0.005294025649046047,0.10370771705616869,0.10822199383350467,0.1097814915769248,0.005418025827785056,0.005170025470307038,0.10900174270521473,0.005294025649046047,0.10370771705616869,0.5202794286310082,0.6345532269836305,0.5202794286310082,0.6345532269836305,15 aligned seed-block vectors; 2 measurement replicates retained within each block
frangieh_melanoma_control,frangieh_melanoma_coculture,frangieh_melanoma_control->frangieh_melanoma_coculture,frangieh_melanoma_coculture<->frangieh_melanoma_control,absolute_effect_rank_agreement,80,4,top10_jaccard_distance,0.8674242424242424,0.2666666666666667,0.6007575757575757,0.8181818181818181,0.9166666666666666,0.2666666666666667,0.2666666666666667,0.8674242424242424,0.2666666666666667,0.6007575757575757,0.5202794286310082,0.6345532269836305,0.5202794286310082,0.6345532269836305,15 aligned seed-block vectors; 2 measurement replicates retained within each block
frangieh_melanoma_control,frangieh_melanoma_coculture,frangieh_melanoma_control->frangieh_melanoma_coculture,frangieh_melanoma_coculture<->frangieh_melanoma_control,absolute_effect_rank_agreement,80,4,stable_pair_inversion_fraction,0.036849645445793014,0.0,0.036849645445793014,0.05002977963073258,0.05381347359902893,0.0,0.0,0.051921626614880756,0.0,0.051921626614880756,0.5202794286310082,0.6345532269836305,0.5202794286310082,0.6345532269836305,15 aligned seed-block vectors; 2 measurement replicates retained within each block
frangieh_melanoma_control,frangieh_melanoma_coculture,frangieh_melanoma_control->frangieh_melanoma_coculture,frangieh_melanoma_coculture<->frangieh_melanoma_control,absolute_effect_rank_agreement,80,4,d_adj,0.04593826987385605,-0.005940922424479161,0.05187919229833521,0.028808257741632773,0.03252354638028707,-0.0072289994091683275,-0.0005630278385987028,0.030665902060959923,-0.003896013623883515,0.03456191568484344,0.5202794286310082,0.6345532269836305,0.5202794286310082,0.6345532269836305,15 aligned seed-block vectors; 2 measurement replicates retained within each block
frangieh_melanoma_control,frangieh_melanoma_coculture,frangieh_melanoma_control->frangieh_melanoma_coculture,frangieh_melanoma_coculture<->frangieh_melanoma_control,absolute_effect_rank_agreement,160,5,kendall_distance,0.20274215410280474,0.03883849442185383,0.1639036596809509,0.2020644354081952,0.2034198727974143,0.03701386716713584,0.04066312167657182,0.20274215410280474,0.03883849442185383,0.1639036596809509,0.5417057658221249,0.6455009905119383,0.5417057658221249,0.6455009905119383,15 aligned seed-block vectors; 2 measurement replicates retained within each block
frangieh_melanoma_control,frangieh_melanoma_coculture,frangieh_melanoma_control->frangieh_melanoma_coculture,frangieh_melanoma_coculture<->frangieh_melanoma_control,absolute_effect_rank_agreement,160,5,spearman_distance,0.1103892041646187,0.004736583404084227,0.10565262076053447,0.11061933062245866,0.11015907770677874,0.004274096250949544,0.00519907055721891,0.1103892041646187,0.004736583404084227,0.10565262076053447,0.5417057658221249,0.6455009905119383,0.5417057658221249,0.6455009905119383,15 aligned seed-block vectors; 2 measurement replicates retained within each block
frangieh_melanoma_control,frangieh_melanoma_coculture,frangieh_melanoma_control->frangieh_melanoma_coculture,frangieh_melanoma_coculture<->frangieh_melanoma_control,absolute_effect_rank_agreement,160,5,top10_jaccard_distance,0.8181818181818181,0.2666666666666667,0.5515151515151514,0.8181818181818181,0.8181818181818181,0.2666666666666667,0.2666666666666667,0.8181818181818181,0.2666666666666667,0.5515151515151514,0.5417057658221249,0.6455009905119383,0.5417057658221249,0.6455009905119383,15 aligned seed-block vectors; 2 measurement replicates retained within each block
frangieh_melanoma_control,frangieh_melanoma_coculture,frangieh_melanoma_control->frangieh_melanoma_coculture,frangieh_melanoma_coculture<->frangieh_melanoma_control,absolute_effect_rank_agreement,160,5,stable_pair_inversion_fraction,0.04630171695466227,0.0,0.04630171695466227,0.06938853747364386,0.06571318129107073,0.0,0.0,0.0675508593823573,0.0,0.0675508593823573,0.5417057658221249,0.6455009905119383,0.5417057658221249,0.6455009905119383,15 aligned seed-block vectors; 2 measurement replicates retained within each block
frangieh_melanoma_control,frangieh_melanoma_coculture,frangieh_melanoma_control->frangieh_melanoma_coculture,frangieh_melanoma_coculture<->frangieh_melanoma_control,absolute_effect_rank_agreement,160,5,d_adj,0.05037391376254313,-0.005907901365064888,0.05628181512760802,0.028749174573384766,0.034348173635005044,-0.006276717756229796,-0.0020192541618878884,0.0315486741041949,-0.004147985959058843,0.03569666006325374,0.5417057658221249,0.6455009905119383,0.5417057658221249,0.6455009905119383,15 aligned seed-block vectors; 2 measurement replicates retained within each block
frangieh_melanoma_control,frangieh_melanoma_coculture,frangieh_melanoma_control->frangieh_melanoma_coculture,frangieh_melanoma_coculture<->frangieh_melanoma_control,absolute_effect_rank_agreement,full,6,kendall_distance,0.2731206339276405,0.031122927744760776,0.24199770618287975,0.2745282035241372,0.27171306433114384,0.03221770409759156,0.03002815139192999,0.2731206339276405,0.031122927744760776,0.24199770618287975,0.5898237931394015,0.7084766969033469,0.5898237931394015,0.7084766969033469,15 aligned seed-block vectors; 2 measurement replicates retained within each block
frangieh_melanoma_control,frangieh_melanoma_coculture,frangieh_melanoma_control->frangieh_melanoma_coculture,frangieh_melanoma_coculture<->frangieh_melanoma_control,absolute_effect_rank_agreement,full,6,spearman_distance,0.18313820992895127,0.003183788373028379,0.1799544215559229,0.18441172527816257,0.18186469457973997,0.0033647616068636643,0.0030028151391930935,0.18313820992895127,0.003183788373028379,0.1799544215559229,0.5898237931394015,0.7084766969033469,0.5898237931394015,0.7084766969033469,15 aligned seed-block vectors; 2 measurement replicates retained within each block
frangieh_melanoma_control,frangieh_melanoma_coculture,frangieh_melanoma_control->frangieh_melanoma_coculture,frangieh_melanoma_coculture<->frangieh_melanoma_control,absolute_effect_rank_agreement,full,6,top10_jaccard_distance,0.8181818181818181,0.2047619047619048,0.6134199134199133,0.8181818181818181,0.8181818181818181,0.1428571428571429,0.2666666666666667,0.8181818181818181,0.2047619047619048,0.6134199134199133,0.5898237931394015,0.7084766969033469,0.5898237931394015,0.7084766969033469,15 aligned seed-block vectors; 2 measurement replicates retained within each block
frangieh_melanoma_control,frangieh_melanoma_coculture,frangieh_melanoma_control->frangieh_melanoma_coculture,frangieh_melanoma_coculture<->frangieh_melanoma_control,absolute_effect_rank_agreement,full,6,stable_pair_inversion_fraction,0.13110599616124996,0.0,0.13110599616124996,0.1579132267697172,0.1492616972069027,0.0,0.0,0.15358746198830994,0.0,0.15358746198830994,0.5898237931394015,0.7084766969033469,0.5898237931394015,0.7084766969033469,15 aligned seed-block vectors; 2 measurement replicates retained within each block
frangieh_melanoma_control,frangieh_melanoma_coculture,frangieh_melanoma_control->frangieh_melanoma_coculture,frangieh_melanoma_coculture<->frangieh_melanoma_control,absolute_effect_rank_agreement,full,6,d_adj,0.09644768343246443,-0.004926289852675569,0.10137397328514,0.08434991137524764,0.08113856740694399,0.006269766795259444,-0.008170854620651301,0.08274423939109582,-0.0009505439126959287,0.08369478330379175,0.5898237931394015,0.7084766969033469,0.5898237931394015,0.7084766969033469,15 aligned seed-block vectors; 2 measurement replicates retained within each block
frangieh_melanoma_control,frangieh_melanoma_coculture,frangieh_melanoma_control->frangieh_melanoma_coculture,frangieh_melanoma_coculture<->frangieh_melanoma_control,delta_cosine,10,1,kendall_distance,0.4733083098738401,0.12099885309143993,0.35230945678240017,0.4748201438848921,0.47179647586278806,0.12365759566260037,0.11834011052027948,0.4733083098738401,0.12099885309143993,0.35230945678240017,0.09196121363778542,0.21473256177666564,0.09196121363778542,0.21473256177666564,15 aligned seed-block vectors; 2 measurement replicates retained within each block
frangieh_melanoma_control,frangieh_melanoma_coculture,frangieh_melanoma_control->frangieh_melanoma_coculture,frangieh_melanoma_coculture<->frangieh_melanoma_control,delta_cosine,10,1,spearman_distance,0.46260221636355514,0.04366593681576483,0.41893627954779034,0.4656307252334778,0.4595737074936324,0.046074444791992575,0.04125742883953709,0.46260221636355514,0.04366593681576483,0.41893627954779034,0.09196121363778542,0.21473256177666564,0.09196121363778542,0.21473256177666564,15 aligned seed-block vectors; 2 measurement replicates retained within each block
frangieh_melanoma_control,frangieh_melanoma_coculture,frangieh_melanoma_control->frangieh_melanoma_coculture,frangieh_melanoma_coculture<->frangieh_melanoma_control,delta_cosine,10,1,top10_jaccard_distance,0.8695652173913043,0.4227941176470588,0.4467710997442455,0.8695652173913043,0.8695652173913043,0.375,0.47058823529411764,0.8695652173913043,0.4227941176470588,0.4467710997442455,0.09196121363778542,0.21473256177666564,0.09196121363778542,0.21473256177666564,15 aligned seed-block vectors; 2 measurement replicates retained within each block
frangieh_melanoma_control,frangieh_melanoma_coculture,frangieh_melanoma_control->frangieh_melanoma_coculture,frangieh_melanoma_coculture<->frangieh_melanoma_control,delta_cosine,10,1,stable_pair_inversion_fraction,0.3458489633432258,0.0,0.3458489633432258,0.3904191616766467,0.3455328310010764,0.0,0.0,0.3679759963388616,0.0,0.3679759963388616,0.09196121363778542,0.21473256177666564,0.09196121363778542,0.21473256177666564,15 aligned seed-block vectors; 2 measurement replicates retained within each block
frangieh_melanoma_control,frangieh_melanoma_coculture,frangieh_melanoma_control->frangieh_melanoma_coculture,frangieh_melanoma_coculture<->frangieh_melanoma_control,delta_cosine,10,1,d_adj,0.0433714677433466,-0.009587903889781701,0.052959371633128305,0.014451047857366273,0.010374309248253574,-0.0001911514266847288,-0.013370173426476183,0.012412678552809923,-0.006780662426580456,0.019193340979390378,0.09196121363778542,0.21473256177666564,0.09196121363778542,0.21473256177666564,15 aligned seed-block vectors; 2 measurement replicates retained within each block
frangieh_melanoma_control,frangieh_melanoma_coculture,frangieh_melanoma_control->frangieh_melanoma_coculture,frangieh_melanoma_coculture<->frangieh_melanoma_control,delta_cosine,20,2,kendall_distance,0.41883015326868944,0.10071942446043167,0.31811072880825775,0.43175894067354814,0.4059013658638307,0.10343029923886982,0.09800854968199352,0.41883015326868944,0.10071942446043167,0.31811072880825775,0.14946303826504015,0.28896882494004794,0.14946303826504015,0.28896882494004794,15 aligned seed-block vectors; 2 measurement replicates retained within each block
frangieh_melanoma_control,frangieh_melanoma_coculture,frangieh_melanoma_control->frangieh_melanoma_coculture,frangieh_melanoma_coculture<->frangieh_melanoma_control,delta_cosine,20,2,spearman_distance,0.37939474507350646,0.028734527905625834,0.35066021716788065,0.39840028598239424,0.3603892041646186,0.030466061933062227,0.02700299387818944,0.37939474507350646,0.028734527905625834,0.35066021716788065,0.14946303826504015,0.28896882494004794,0.14946303826504015,0.28896882494004794,15 aligned seed-block vectors; 2 measurement replicates retained within each block
frangieh_melanoma_control,frangieh_melanoma_coculture,frangieh_melanoma_control->frangieh_melanoma_coculture,frangieh_melanoma_coculture<->frangieh_melanoma_control,delta_cosine,20,2,top10_jaccard_distance,0.9383333333333332,0.375,0.5633333333333332,0.9166666666666666,0.96,0.375,0.375,0.9383333333333332,0.375,0.5633333333333332,0.14946303826504015,0.28896882494004794,0.14946303826504015,0.28896882494004794,15 aligned seed-block vectors; 2 measurement replicates retained within each block
frangieh_melanoma_control,frangieh_melanoma_coculture,frangieh_melanoma_control->frangieh_melanoma_coculture,frangieh_melanoma_coculture<->frangieh_melanoma_control,delta_cosine,20,2,stable_pair_inversion_fraction,0.28458297202153177,0.0,0.28458297202153177,0.3140794223826715,0.2786774628879892,0.0,0.0,0.29637844263533036,0.0,0.29637844263533036,0.14946303826504015,0.28896882494004794,0.14946303826504015,0.28896882494004794,15 aligned seed-block vectors; 2 measurement replicates retained within each block
frangieh_melanoma_control,frangieh_melanoma_coculture,frangieh_melanoma_control->frangieh_melanoma_coculture,frangieh_melanoma_coculture<->frangieh_melanoma_control,delta_cosine,20,2,d_adj,0.05273032947954481,-0.009148631120091372,0.061878960599636185,0.030615507593924878,0.026789003579744883,-0.00916831751989711,0.0050116428596253355,0.028702255586834882,-0.0020783373301358874,0.03078059291697077,0.14946303826504015,0.28896882494004794,0.14946303826504015,0.28896882494004794,15 aligned seed-block vectors; 2 measurement replicates retained within each block
frangieh_melanoma_control,frangieh_melanoma_coculture,frangieh_melanoma_control->frangieh_melanoma_coculture,frangieh_melanoma_coculture<->frangieh_melanoma_control,delta_cosine,40,3,kendall_distance,0.4162235429048066,0.08414138254613701,0.3320821603586696,0.4044416640600563,0.4280054217495569,0.08038786362214578,0.08789490147012824,0.4162235429048066,0.08414138254613701,0.3320821603586696,0.21389844646022313,0.3775414451047857,0.21389844646022313,0.3775414451047857,15 aligned seed-block vectors; 2 measurement replicates retained within each block
frangieh_melanoma_control,frangieh_melanoma_coculture,frangieh_melanoma_control->frangieh_melanoma_coculture,frangieh_melanoma_coculture<->frangieh_melanoma_control,delta_cosine,40,3,spearman_distance,0.3781223468430225,0.02150118414585106,0.3566211626971714,0.3611332052370526,0.39511148844899235,0.019482550605478377,0.023519817686223743,0.3781223468430225,0.02150118414585106,0.3566211626971714,0.21389844646022313,0.3775414451047857,0.21389844646022313,0.3775414451047857,15 aligned seed-block vectors; 2 measurement replicates retained within each block
frangieh_melanoma_control,frangieh_melanoma_coculture,frangieh_melanoma_control->frangieh_melanoma_coculture,frangieh_melanoma_coculture<->frangieh_melanoma_control,delta_cosine,40,3,top10_jaccard_distance,0.8695652173913043,0.2666666666666667,0.6028985507246376,0.8695652173913043,0.8695652173913043,0.2666666666666667,0.2666666666666667,0.8695652173913043,0.2666666666666667,0.6028985507246376,0.21389844646022313,0.3775414451047857,0.21389844646022313,0.3775414451047857,15 aligned seed-block vectors; 2 measurement replicates retained within each block
frangieh_melanoma_control,frangieh_melanoma_coculture,frangieh_melanoma_control->frangieh_melanoma_coculture,frangieh_melanoma_coculture<->frangieh_melanoma_control,delta_cosine,40,3,stable_pair_inversion_fraction,0.24325240743252408,0.0,0.24325240743252408,0.2506047411707789,0.30157170923379173,0.0,0.0,0.2760882252022853,0.0,0.2760882252022853,0.21389844646022313,0.3775414451047857,0.21389844646022313,0.3775414451047857,15 aligned seed-block vectors; 2 measurement replicates retained within each block
frangieh_melanoma_control,frangieh_melanoma_coculture,frangieh_melanoma_control->frangieh_melanoma_coculture,frangieh_melanoma_coculture<->frangieh_melanoma_control,delta_cosine,40,3,d_adj,0.07156629518973526,-0.007984904430278827,0.07955119962001408,0.05894067354811802,0.06648246620095227,0.012275397073645422,0.018315782156883197,0.06271156987453515,0.01529558961526431,0.04741598025927084,0.21389844646022313,0.3775414451047857,0.21389844646022313,0.3775414451047857,15 aligned seed-block vectors; 2 measurement replicates retained within each block
frangieh_melanoma_control,frangieh_melanoma_coculture,frangieh_melanoma_control->frangieh_melanoma_coculture,frangieh_melanoma_coculture<->frangieh_melanoma_control,delta_cosine,80,4,kendall_distance,0.3802001876759462,0.05458242101970598,0.3256177666562402,0.377958502763007,0.3824418725888854,0.04827442393910958,0.06089041810030238,0.3802001876759462,0.05458242101970598,0.3256177666562402,0.34662704618913565,0.5144927536231884,0.34662704618913565,0.5144927536231884,15 aligned seed-block vectors; 2 measurement replicates retained within each block
frangieh_melanoma_control,frangieh_melanoma_coculture,frangieh_melanoma_control->frangieh_melanoma_coculture,frangieh_melanoma_coculture<->frangieh_melanoma_control,delta_cosine,80,4,spearman_distance,0.33019907055721887,0.00894588676884589,0.321253183788373,0.3266723267348854,0.3337258143795523,0.006825595424281794,0.011066178113409986,0.33019907055721887,0.00894588676884589,0.321253183788373,0.34662704618913565,0.5144927536231884,0.34662704618913565,0.5144927536231884,15 aligned seed-block vectors; 2 measurement replicates retained within each block
frangieh_melanoma_control,frangieh_melanoma_coculture,frangieh_melanoma_control->frangieh_melanoma_coculture,frangieh_melanoma_coculture<->frangieh_melanoma_control,delta_cosine,80,4,top10_jaccard_distance,0.8438735177865613,0.32083333333333336,0.523040184453228,0.8695652173913043,0.8181818181818181,0.375,0.2666666666666667,0.8438735177865613,0.32083333333333336,0.523040184453228,0.34662704618913565,0.5144927536231884,0.34662704618913565,0.5144927536231884,15 aligned seed-block vectors; 2 measurement replicates retained within each block
frangieh_melanoma_control,frangieh_melanoma_coculture,frangieh_melanoma_control->frangieh_melanoma_coculture,frangieh_melanoma_coculture<->frangieh_melanoma_control,delta_cosine,80,4,stable_pair_inversion_fraction,0.21897688933770892,0.0,0.21897688933770892,0.2532526475037821,0.2607655502392344,0.0,0.0,0.25700909887150825,0.0,0.25700909887150825,0.34662704618913565,0.5144927536231884,0.34662704618913565,0.5144927536231884,15 aligned seed-block vectors; 2 measurement replicates retained within each block
frangieh_melanoma_control,frangieh_melanoma_coculture,frangieh_melanoma_control->frangieh_melanoma_coculture,frangieh_melanoma_coculture<->frangieh_melanoma_control,delta_cosine,80,4,d_adj,0.09404223947179083,-0.007463222825038307,0.10150546229682914,0.07601223369130782,0.07079206200257188,-0.011754075000868868,0.006766760504639775,0.07340214784693985,-0.0024936572481145465,0.0758958050950544,0.34662704618913565,0.5144927536231884,0.34662704618913565,0.5144927536231884,15 aligned seed-block vectors; 2 measurement replicates retained within each block
frangieh_melanoma_control,frangieh_melanoma_coculture,frangieh_melanoma_control->frangieh_melanoma_coculture,frangieh_melanoma_coculture<->frangieh_melanoma_control,delta_cosine,160,5,kendall_distance,0.381138567406944,0.044155979564174774,0.33698258784276924,0.37785423834845167,0.38442289646543637,0.03753518923991245,0.0507767698884371,0.381138567406944,0.044155979564174774,0.33698258784276924,0.4361901782921489,0.5930038577833385,0.4361901782921489,0.5930038577833385,15 aligned seed-block vectors; 2 measurement replicates retained within each block
frangieh_melanoma_control,frangieh_melanoma_coculture,frangieh_melanoma_control->frangieh_melanoma_coculture,frangieh_melanoma_coculture<->frangieh_melanoma_control,delta_cosine,160,5,spearman_distance,0.3251139461101926,0.006240225211135542,0.3188737208990571,0.3217100853478708,0.3285178068725144,0.0042472854014926065,0.008233165020778477,0.3251139461101926,0.006240225211135542,0.3188737208990571,0.4361901782921489,0.5930038577833385,0.4361901782921489,0.5930038577833385,15 aligned seed-block vectors; 2 measurement replicates retained within each block
frangieh_melanoma_control,frangieh_melanoma_coculture,frangieh_melanoma_control->frangieh_melanoma_coculture,frangieh_melanoma_coculture<->frangieh_melanoma_control,delta_cosine,160,5,top10_jaccard_distance,0.9166666666666666,0.1428571428571429,0.7738095238095237,0.9166666666666666,0.9166666666666666,0.1428571428571429,0.1428571428571429,0.9166666666666666,0.1428571428571429,0.7738095238095237,0.4361901782921489,0.5930038577833385,0.4361901782921489,0.5930038577833385,15 aligned seed-block vectors; 2 measurement replicates retained within each block
frangieh_melanoma_control,frangieh_melanoma_coculture,frangieh_melanoma_control->frangieh_melanoma_coculture,frangieh_melanoma_coculture<->frangieh_melanoma_control,delta_cosine,160,5,stable_pair_inversion_fraction,0.2518187283351856,0.0,0.2518187283351856,0.27871148459383754,0.28777859417095275,0.0,0.0,0.28324503938239515,0.0,0.28324503938239515,0.4361901782921489,0.5930038577833385,0.4361901782921489,0.5930038577833385,15 aligned seed-block vectors; 2 measurement replicates retained within each block
frangieh_melanoma_control,frangieh_melanoma_coculture,frangieh_melanoma_control->frangieh_melanoma_coculture,frangieh_melanoma_coculture<->frangieh_melanoma_control,delta_cosine,160,5,d_adj,0.12439460525532597,-0.006385292565547818,0.1307798978208738,0.10522364716922114,0.10688840232162096,-0.0003823028533694872,-0.004337399645500983,0.10605602474542106,-0.002359851249435235,0.10841587599485629,0.4361901782921489,0.5930038577833385,0.4361901782921489,0.5930038577833385,15 aligned seed-block vectors; 2 measurement replicates retained within each block
frangieh_melanoma_control,frangieh_melanoma_coculture,frangieh_melanoma_control->frangieh_melanoma_coculture,frangieh_melanoma_coculture<->frangieh_melanoma_control,delta_cosine,full,6,kendall_distance,0.4107496611406527,0.03466791783964135,0.37608174330101135,0.41163590866437283,0.40986341361693257,0.03576269419247213,0.033573141486810565,0.4107496611406527,0.03466791783964135,0.37608174330101135,0.5355541653633615,0.6771452403294755,0.5355541653633615,0.6771452403294755,15 aligned seed-block vectors; 2 measurement replicates retained within each block
frangieh_melanoma_control,frangieh_melanoma_coculture,frangieh_melanoma_control->frangieh_melanoma_coculture,frangieh_melanoma_coculture<->frangieh_melanoma_control,delta_cosine,full,6,spearman_distance,0.36896867599088434,0.003953483176192041,0.3650151928146923,0.37053934492157825,0.3673980070601904,0.004017158943652621,0.0038898074087314605,0.36896867599088434,0.003953483176192041,0.3650151928146923,0.5355541653633615,0.6771452403294755,0.5355541653633615,0.6771452403294755,15 aligned seed-block vectors; 2 measurement replicates retained within each block
frangieh_melanoma_control,frangieh_melanoma_coculture,frangieh_melanoma_control->frangieh_melanoma_coculture,frangieh_melanoma_coculture<->frangieh_melanoma_control,delta_cosine,full,6,top10_jaccard_distance,0.8695652173913043,0.13333333333333336,0.7362318840579709,0.8695652173913043,0.8695652173913043,0.0,0.2666666666666667,0.8695652173913043,0.13333333333333336,0.7362318840579709,0.5355541653633615,0.6771452403294755,0.5355541653633615,0.6771452403294755,15 aligned seed-block vectors; 2 measurement replicates retained within each block
frangieh_melanoma_control,frangieh_melanoma_coculture,frangieh_melanoma_control->frangieh_melanoma_coculture,frangieh_melanoma_coculture<->frangieh_melanoma_control,delta_cosine,full,6,stable_pair_inversion_fraction,0.33625141745206844,0.0,0.33625141745206844,0.35454189506656225,0.3454017424975799,0.0,0.0,0.34997181878207106,0.0,0.34997181878207106,0.5355541653633615,0.6771452403294755,0.5355541653633615,0.6771452403294755,15 aligned seed-block vectors; 2 measurement replicates retained within each block
frangieh_melanoma_control,frangieh_melanoma_coculture,frangieh_melanoma_control->frangieh_melanoma_coculture,frangieh_melanoma_coculture<->frangieh_melanoma_control,delta_cosine,full,6,d_adj,0.17612077254737937,-0.00527903514270045,0.18139980769007982,0.16174191081917075,0.1607479234004101,0.005491259166579778,-0.004445139540541476,0.16124491710979044,0.0005230598130191509,0.1607218572967713,0.5355541653633615,0.6771452403294755,0.5355541653633615,0.6771452403294755,15 aligned seed-block vectors; 2 measurement replicates retained within each block
frangieh_melanoma_control,frangieh_melanoma_coculture,frangieh_melanoma_control->frangieh_melanoma_coculture,frangieh_melanoma_coculture<->frangieh_melanoma_control,systema_centroid_accuracy,10,1,kendall_distance,0.45094780348943664,0.1471936895255649,0.30375411396387175,0.450396411163437,0.45145479194910837,0.16004380290694487,0.13466151285956046,0.4509256015562727,0.14735265788325266,0.30357294367302,0.05901365863830675,0.15952455426962778,0.05901365863830675,0.15952455426962778,15 aligned seed-block vectors; 2 measurement replicates retained within each block
frangieh_melanoma_control,frangieh_melanoma_coculture,frangieh_melanoma_control->frangieh_melanoma_coculture,frangieh_melanoma_coculture<->frangieh_melanoma_control,systema_centroid_accuracy,10,1,spearman_distance,0.42806134113812605,0.061018417117325585,0.36704292402080047,0.4283974752832933,0.42777013168654404,0.07013206666008265,0.05213695550699482,0.4280838034849187,0.061134511083538734,0.36694929240137997,0.05901365863830675,0.15952455426962778,0.05901365863830675,0.15952455426962778,15 aligned seed-block vectors; 2 measurement replicates retained within each block
frangieh_melanoma_control,frangieh_melanoma_coculture,frangieh_melanoma_control->frangieh_melanoma_coculture,frangieh_melanoma_coculture<->frangieh_melanoma_control,systema_centroid_accuracy,10,1,top10_jaccard_distance,0.9383333333333332,0.5032894736842105,0.43504385964912273,0.96,0.9166666666666666,0.631578947368421,0.375,0.9383333333333332,0.5032894736842105,0.43504385964912273,0.05901365863830675,0.15952455426962778,0.05901365863830675,0.15952455426962778,15 aligned seed-block vectors; 2 measurement replicates retained within each block
frangieh_melanoma_control,frangieh_melanoma_coculture,frangieh_melanoma_control->frangieh_melanoma_coculture,frangieh_melanoma_coculture<->frangieh_melanoma_control,systema_centroid_accuracy,10,1,stable_pair_inversion_fraction,0.3563317634746206,0.0,0.3563317634746206,0.3971631205673759,0.38380281690140844,0.0,0.0,0.39048296873439214,0.0,0.39048296873439214,0.05901365863830675,0.15952455426962778,0.05901365863830675,0.15952455426962778,15 aligned seed-block vectors; 2 measurement replicates retained within each block
frangieh_melanoma_control,frangieh_melanoma_coculture,frangieh_melanoma_control->frangieh_melanoma_coculture,frangieh_melanoma_coculture<->frangieh_melanoma_control,systema_centroid_accuracy,10,1,d_adj,0.03456998319385479,-0.009731213529925675,0.04430119672378047,0.003664894171619215,0.006780662426580475,0.00023807041323463672,-0.004676258992805741,0.005222778299099845,-0.0022190942897855523,0.0074418725888853975,0.05901365863830675,0.15952455426962778,0.05901365863830675,0.15952455426962778,15 aligned seed-block vectors; 2 measurement replicates retained within each block
frangieh_melanoma_control,frangieh_melanoma_coculture,frangieh_melanoma_control->frangieh_melanoma_coculture,frangieh_melanoma_coculture<->frangieh_melanoma_control,systema_centroid_accuracy,20,2,kendall_distance,0.4474049279395522,0.13954836784044536,0.3078565600991069,0.43695901553863803,0.45776190222134483,0.13487511031340338,0.14433204713734488,0.44736045887999143,0.13960357872537413,0.30775688015461733,0.07647794807632155,0.20044833698258785,0.07647794807632155,0.20044833698258785,15 aligned seed-block vectors; 2 measurement replicates retained within each block
frangieh_melanoma_control,frangieh_melanoma_coculture,frangieh_melanoma_control->frangieh_melanoma_coculture,frangieh_melanoma_coculture<->frangieh_melanoma_control,systema_centroid_accuracy,20,2,spearman_distance,0.4203973561444375,0.05389395247455736,0.36650340366988016,0.4035609435673782,0.4367796638570579,0.047903994280038054,0.05977282172045989,0.4201703037122181,0.05383840800024897,0.3663318957119691,0.07647794807632155,0.20044833698258785,0.07647794807632155,0.20044833698258785,15 aligned seed-block vectors; 2 measurement replicates retained within each block
frangieh_melanoma_control,frangieh_melanoma_coculture,frangieh_melanoma_control->frangieh_melanoma_coculture,frangieh_melanoma_coculture<->frangieh_melanoma_control,systema_centroid_accuracy,20,2,top10_jaccard_distance,0.98,0.3067226890756303,0.6732773109243697,1.0,0.96,0.47058823529411764,0.1428571428571429,0.98,0.3067226890756303,0.6732773109243697,0.07647794807632155,0.20044833698258785,0.07647794807632155,0.20044833698258785,15 aligned seed-block vectors; 2 measurement replicates retained within each block
frangieh_melanoma_control,frangieh_melanoma_coculture,frangieh_melanoma_control->frangieh_melanoma_coculture,frangieh_melanoma_coculture<->frangieh_melanoma_control,systema_centroid_accuracy,20,2,stable_pair_inversion_fraction,0.33481699327583475,0.0,0.33481699327583475,0.341991341991342,0.3708010335917313,0.0,0.0,0.35639618779153664,0.0,0.35639618779153664,0.07647794807632155,0.20044833698258785,0.07647794807632155,0.20044833698258785,15 aligned seed-block vectors; 2 measurement replicates retained within each block
frangieh_melanoma_control,frangieh_melanoma_coculture,frangieh_melanoma_control->frangieh_melanoma_coculture,frangieh_melanoma_coculture<->frangieh_melanoma_control,systema_centroid_accuracy,20,2,d_adj,0.047110459558390244,-0.009092404237529522,0.056202863795919766,0.022422062350119887,0.02977096583602683,0.008775588225072106,-0.00480485177075732,0.02609651409307336,0.001985368227157393,0.024111145865915964,0.07647794807632155,0.20044833698258785,0.07647794807632155,0.20044833698258785,15 aligned seed-block vectors; 2 measurement replicates retained within each block
frangieh_melanoma_control,frangieh_melanoma_coculture,frangieh_melanoma_control->frangieh_melanoma_coculture,frangieh_melanoma_coculture<->frangieh_melanoma_control,systema_centroid_accuracy,40,3,kendall_distance,0.43283936387697985,0.11283762538977768,0.32000173848720215,0.4261055482005125,0.4395108723169877,0.11127333402857437,0.11376792646303835,0.4328082102587501,0.11252063024580636,0.3202875800129438,0.1274111145865916,0.2595662600354499,0.1274111145865916,0.2595662600354499,15 aligned seed-block vectors; 2 measurement replicates retained within each block
frangieh_melanoma_control,frangieh_melanoma_coculture,frangieh_melanoma_control->frangieh_melanoma_coculture,frangieh_melanoma_coculture<->frangieh_melanoma_control,systema_centroid_accuracy,40,3,spearman_distance,0.40235024957250676,0.035670877477755686,0.3666793720947511,0.39219732023736603,0.4122755277018516,0.03265631912203021,0.03847722121217517,0.4022364239696088,0.03556677016710269,0.3666696538025061,0.1274111145865916,0.2595662600354499,0.1274111145865916,0.2595662600354499,15 aligned seed-block vectors; 2 measurement replicates retained within each block
frangieh_melanoma_control,frangieh_melanoma_coculture,frangieh_melanoma_control->frangieh_melanoma_coculture,frangieh_melanoma_coculture<->frangieh_melanoma_control,systema_centroid_accuracy,40,3,top10_jaccard_distance,0.8181818181818181,0.3686274509803922,0.44955436720142594,0.8181818181818181,0.8181818181818181,0.2666666666666667,0.47058823529411764,0.8181818181818181,0.3686274509803922,0.44955436720142594,0.1274111145865916,0.2595662600354499,0.1274111145865916,0.2595662600354499,15 aligned seed-block vectors; 2 measurement replicates retained within each block
frangieh_melanoma_control,frangieh_melanoma_coculture,frangieh_melanoma_control->frangieh_melanoma_coculture,frangieh_melanoma_coculture<->frangieh_melanoma_control,systema_centroid_accuracy,40,3,stable_pair_inversion_fraction,0.20686700751355924,0.0,0.20686700751355924,0.21397756686798963,0.27626459143968873,0.0,0.0,0.24512107915383918,0.0,0.24512107915383918,0.1274111145865916,0.2595662600354499,0.1274111145865916,0.2595662600354499,15 aligned seed-block vectors; 2 measurement replicates retained within each block
frangieh_melanoma_control,frangieh_melanoma_coculture,frangieh_melanoma_control->frangieh_melanoma_coculture,frangieh_melanoma_coculture<->frangieh_melanoma_control,systema_centroid_accuracy,40,3,d_adj,0.054253764404768035,-0.008799676900159092,0.06305344130492713,0.046952003614499714,0.050340597087547366,0.032172522851284205,0.010624543843186311,0.04864630035102354,0.02139853334723526,0.02724776700378828,0.1274111145865916,0.2595662600354499,0.1274111145865916,0.2595662600354499,15 aligned seed-block vectors; 2 measurement replicates retained within each block
frangieh_melanoma_control,frangieh_melanoma_coculture,frangieh_melanoma_control->frangieh_melanoma_coculture,frangieh_melanoma_coculture<->frangieh_melanoma_control,systema_centroid_accuracy,80,4,kendall_distance,0.3540062931008047,0.08663402314116617,0.2673722699596386,0.3551835619991695,0.35259151030489805,0.08804817767810352,0.08533660057300535,0.3538875361520338,0.08669238912555444,0.26719514702647934,0.26206860598477744,0.40120946720884165,0.26206860598477744,0.40120946720884165,15 aligned seed-block vectors; 2 measurement replicates retained within each block
frangieh_melanoma_control,frangieh_melanoma_coculture,frangieh_melanoma_control->frangieh_melanoma_coculture,frangieh_melanoma_coculture<->frangieh_melanoma_control,systema_centroid_accuracy,80,4,spearman_distance,0.2953320228687168,0.02195238069071423,0.2733796421780026,0.2987363068249154,0.2913961365388088,0.022659204269205147,0.02122146443882078,0.29506622168186214,0.021940334354012964,0.27312588732784915,0.26206860598477744,0.40120946720884165,0.26206860598477744,0.40120946720884165,15 aligned seed-block vectors; 2 measurement replicates retained within each block
frangieh_melanoma_control,frangieh_melanoma_coculture,frangieh_melanoma_control->frangieh_melanoma_coculture,frangieh_melanoma_coculture<->frangieh_melanoma_control,systema_centroid_accuracy,80,4,top10_jaccard_distance,0.9147826086956521,0.4227941176470588,0.49198849104859327,0.8695652173913043,0.96,0.47058823529411764,0.375,0.9147826086956521,0.4227941176470588,0.49198849104859327,0.26206860598477744,0.40120946720884165,0.26206860598477744,0.40120946720884165,15 aligned seed-block vectors; 2 measurement replicates retained within each block
frangieh_melanoma_control,frangieh_melanoma_coculture,frangieh_melanoma_control->frangieh_melanoma_coculture,frangieh_melanoma_coculture<->frangieh_melanoma_control,systema_centroid_accuracy,80,4,stable_pair_inversion_fraction,0.13704726193909927,0.0,0.13704726193909927,0.18282022044849866,0.1773789649415693,0.0,0.0,0.18009959269503398,0.0,0.18009959269503398,0.26206860598477744,0.40120946720884165,0.26206860598477744,0.40120946720884165,15 aligned seed-block vectors; 2 measurement replicates retained within each block
frangieh_melanoma_control,frangieh_melanoma_coculture,frangieh_melanoma_control->frangieh_melanoma_coculture,frangieh_melanoma_coculture<->frangieh_melanoma_control,systema_centroid_accuracy,80,4,d_adj,0.06525049825207302,-0.007833295582424599,0.07308379383449762,0.04575991380808396,0.047429882181211566,-0.000830639835957329,0.008810343029923895,0.04659489799464776,0.003989851596983283,0.04260504639766448,0.26206860598477744,0.40120946720884165,0.26206860598477744,0.40120946720884165,15 aligned seed-block vectors; 2 measurement replicates retained within each block
frangieh_melanoma_control,frangieh_melanoma_coculture,frangieh_melanoma_control->frangieh_melanoma_coculture,frangieh_melanoma_coculture<->frangieh_melanoma_control,systema_centroid_accuracy,160,5,kendall_distance,0.3260635712064555,0.04811887709068852,0.277944694115767,0.331273788810745,0.3209928042548754,0.04502320184257119,0.051517363645844194,0.3261332965328102,0.04827028274420769,0.2778630137886025,0.4090814305077677,0.5530184548013763,0.4090814305077677,0.5530184548013763,15 aligned seed-block vectors; 2 measurement replicates retained within each block
frangieh_melanoma_control,frangieh_melanoma_coculture,frangieh_melanoma_control->frangieh_melanoma_coculture,frangieh_melanoma_coculture<->frangieh_melanoma_control,systema_centroid_accuracy,160,5,spearman_distance,0.2545792444832361,0.007821276410342276,0.24675796807289382,0.25853956345073004,0.25075294138675275,0.0063134176459819225,0.0093676409474997,0.2546462524187414,0.007840529296740811,0.24680572312200058,0.4090814305077677,0.5530184548013763,0.4090814305077677,0.5530184548013763,15 aligned seed-block vectors; 2 measurement replicates retained within each block
frangieh_melanoma_control,frangieh_melanoma_coculture,frangieh_melanoma_control->frangieh_melanoma_coculture,frangieh_melanoma_coculture<->frangieh_melanoma_control,systema_centroid_accuracy,160,5,top10_jaccard_distance,0.8438735177865613,0.25892857142857145,0.5849449463579899,0.8181818181818181,0.8695652173913043,0.1428571428571429,0.375,0.8438735177865613,0.25892857142857145,0.5849449463579899,0.4090814305077677,0.5530184548013763,0.4090814305077677,0.5530184548013763,15 aligned seed-block vectors; 2 measurement replicates retained within each block
frangieh_melanoma_control,frangieh_melanoma_coculture,frangieh_melanoma_control->frangieh_melanoma_coculture,frangieh_melanoma_coculture<->frangieh_melanoma_control,systema_centroid_accuracy,160,5,stable_pair_inversion_fraction,0.14820372819854893,0.0,0.14820372819854893,0.18337964132356654,0.17026748971193414,0.0,0.0,0.17682356551775036,0.0,0.17682356551775036,0.4090814305077677,0.5530184548013763,0.4090814305077677,0.5530184548013763,15 aligned seed-block vectors; 2 measurement replicates retained within each block
frangieh_melanoma_control,frangieh_melanoma_coculture,frangieh_melanoma_control->frangieh_melanoma_coculture,frangieh_melanoma_coculture<->frangieh_melanoma_control,systema_centroid_accuracy,160,5,d_adj,0.08581841573218185,-0.006867261812738695,0.09268567754492055,0.06702637889688251,0.0711170194279359,0.0005786675007819745,-0.002439787300594287,0.06907169916240921,-0.0009305598999061562,0.07000225906231537,0.4090814305077677,0.5530184548013763,0.4090814305077677,0.5530184548013763,15 aligned seed-block vectors; 2 measurement replicates retained within each block
frangieh_melanoma_control,frangieh_melanoma_coculture,frangieh_melanoma_control->frangieh_melanoma_coculture,frangieh_melanoma_coculture<->frangieh_melanoma_control,systema_centroid_accuracy,full,6,kendall_distance,0.19126446589144208,0.022758709009474853,0.16850575688196723,0.19000416687288363,0.19276918361280537,0.022609919550954927,0.022308614910823032,0.1913866752428445,0.02245926723088898,0.16892740801195552,0.7105098529871755,0.7965279949953081,0.7105098529871755,0.7965279949953081,15 aligned seed-block vectors; 2 measurement replicates retained within each block
frangieh_melanoma_control,frangieh_melanoma_coculture,frangieh_melanoma_control->frangieh_melanoma_coculture,frangieh_melanoma_coculture<->frangieh_melanoma_control,systema_centroid_accuracy,full,6,spearman_distance,0.10600483618186662,0.0021722725357815054,0.10383256364608512,0.10540571034945528,0.10694971204580522,0.002182871939730824,0.0021236901477842407,0.10617771119763025,0.0021532810437575323,0.10402443015387272,0.7105098529871755,0.7965279949953081,0.7105098529871755,0.7965279949953081,15 aligned seed-block vectors; 2 measurement replicates retained within each block
frangieh_melanoma_control,frangieh_melanoma_coculture,frangieh_melanoma_control->frangieh_melanoma_coculture,frangieh_melanoma_coculture<->frangieh_melanoma_control,systema_centroid_accuracy,full,6,top10_jaccard_distance,0.5935672514619883,0.1428571428571429,0.4507101086048454,0.631578947368421,0.5555555555555556,0.1428571428571429,0.1428571428571429,0.5935672514619883,0.1428571428571429,0.4507101086048454,0.7105098529871755,0.7965279949953081,0.7105098529871755,0.7965279949953081,15 aligned seed-block vectors; 2 measurement replicates retained within each block
frangieh_melanoma_control,frangieh_melanoma_coculture,frangieh_melanoma_control->frangieh_melanoma_coculture,frangieh_melanoma_coculture<->frangieh_melanoma_control,systema_centroid_accuracy,full,6,stable_pair_inversion_fraction,0.08209801451486763,0.0,0.08209801451486763,0.09978118161925602,0.09964570416297608,0.0,0.0,0.09971344289111606,0.0,0.09971344289111606,0.7105098529871755,0.7965279949953081,0.7105098529871755,0.7965279949953081,15 aligned seed-block vectors; 2 measurement replicates retained within each block
frangieh_melanoma_control,frangieh_melanoma_coculture,frangieh_melanoma_control->frangieh_melanoma_coculture,frangieh_melanoma_coculture<->frangieh_melanoma_control,systema_centroid_accuracy,full,6,d_adj,0.0831937268775684,-0.004540723243494166,0.08773445012106257,0.07147673165815176,0.07285475967052447,0.00030758002293817345,-0.0019480068119417512,0.07216574566433812,-0.0008202133945017889,0.07298595905883991,0.7105098529871755,0.7965279949953081,0.7105098529871755,0.7965279949953081,15 aligned seed-block vectors; 2 measurement replicates retained within each block
frangieh_melanoma_control,frangieh_melanoma_ifng,frangieh_melanoma_control->frangieh_melanoma_ifng,frangieh_melanoma_control<->frangieh_melanoma_ifng,absolute_effect_rank_agreement,10,1,kendall_distance,0.14706495673026798,0.05228860389948911,0.09477635283077887,0.14628297362110315,0.1478469398394328,0.0568241059326452,0.047753101866333025,0.14706495673026798,0.05228860389948911,0.09477635283077887,0.5139192993431342,0.580335731414868,0.5139192993431342,0.580335731414868,15 aligned seed-block vectors; 2 measurement replicates retained within each block
frangieh_melanoma_control,frangieh_melanoma_ifng,frangieh_melanoma_control->frangieh_melanoma_ifng,frangieh_melanoma_control<->frangieh_melanoma_ifng,absolute_effect_rank_agreement,10,1,spearman_distance,0.05830354350060324,0.008686715224094088,0.04961682827650915,0.057728227356003414,0.05887885964520306,0.010360159077706821,0.007013271370481355,0.05830354350060324,0.008686715224094088,0.04961682827650915,0.5139192993431342,0.580335731414868,0.5139192993431342,0.580335731414868,15 aligned seed-block vectors; 2 measurement replicates retained within each block
frangieh_melanoma_control,frangieh_melanoma_ifng,frangieh_melanoma_control->frangieh_melanoma_ifng,frangieh_melanoma_control<->frangieh_melanoma_ifng,absolute_effect_rank_agreement,10,1,top10_jaccard_distance,0.8181818181818181,0.5555555555555556,0.26262626262626254,0.8181818181818181,0.8181818181818181,0.5555555555555556,0.5555555555555556,0.8181818181818181,0.5555555555555556,0.26262626262626254,0.5139192993431342,0.580335731414868,0.5139192993431342,0.580335731414868,15 aligned seed-block vectors; 2 measurement replicates retained within each block
frangieh_melanoma_control,frangieh_melanoma_ifng,frangieh_melanoma_control->frangieh_melanoma_ifng,frangieh_melanoma_control<->frangieh_melanoma_ifng,absolute_effect_rank_agreement,10,1,stable_pair_inversion_fraction,0.003499237599633156,0.0,0.003499237599633156,0.006834170854271356,0.0071677247593692405,0.0,0.0,0.0070009478068202985,0.0,0.0070009478068202985,0.5139192993431342,0.580335731414868,0.5139192993431342,0.580335731414868,15 aligned seed-block vectors; 2 measurement replicates retained within each block
frangieh_melanoma_control,frangieh_melanoma_ifng,frangieh_melanoma_control->frangieh_melanoma_ifng,frangieh_melanoma_control<->frangieh_melanoma_ifng,absolute_effect_rank_agreement,10,1,d_adj,0.016372429292947438,-0.00626337510701086,0.022635804399958298,-0.004785736628088832,0.0003579744899732377,-0.0032426232926702214,-0.0037465679630209045,-0.0022138810690577972,-0.003494595627845563,0.0012807145587877657,0.5139192993431342,0.580335731414868,0.5139192993431342,0.580335731414868,15 aligned seed-block vectors; 2 measurement replicates retained within each block
frangieh_melanoma_control,frangieh_melanoma_ifng,frangieh_melanoma_control->frangieh_melanoma_ifng,frangieh_melanoma_control<->frangieh_melanoma_ifng,absolute_effect_rank_agreement,20,2,kendall_distance,0.15785632363674285,0.05515587529976024,0.10270044833698261,0.15431133354186222,0.16140131373162347,0.05849233656553021,0.05181941403399026,0.15785632363674285,0.05515587529976024,0.10270044833698261,0.4941090605776248,0.5697528933375039,0.4941090605776248,0.5697528933375039,15 aligned seed-block vectors; 2 measurement replicates retained within each block
frangieh_melanoma_control,frangieh_melanoma_ifng,frangieh_melanoma_control->frangieh_melanoma_ifng,frangieh_melanoma_control<->frangieh_melanoma_ifng,absolute_effect_rank_agreement,20,2,spearman_distance,0.07017292997899824,0.009257562893784405,0.060915367085213834,0.06631663613208816,0.07402922382590832,0.010281960766790332,0.008233165020778477,0.07017292997899824,0.009257562893784405,0.060915367085213834,0.4941090605776248,0.5697528933375039,0.4941090605776248,0.5697528933375039,15 aligned seed-block vectors; 2 measurement replicates retained within each block
frangieh_melanoma_control,frangieh_melanoma_ifng,frangieh_melanoma_control->frangieh_melanoma_ifng,frangieh_melanoma_control<->frangieh_melanoma_ifng,absolute_effect_rank_agreement,20,2,top10_jaccard_distance,0.7847826086956522,0.32083333333333336,0.46394927536231884,0.8695652173913043,0.7,0.375,0.2666666666666667,0.7847826086956522,0.32083333333333336,0.46394927536231884,0.4941090605776248,0.5697528933375039,0.4941090605776248,0.5697528933375039,15 aligned seed-block vectors; 2 measurement replicates retained within each block
frangieh_melanoma_control,frangieh_melanoma_ifng,frangieh_melanoma_control->frangieh_melanoma_ifng,frangieh_melanoma_control<->frangieh_melanoma_ifng,absolute_effect_rank_agreement,20,2,stable_pair_inversion_fraction,0.004966096260302302,0.0,0.004966096260302302,0.014465408805031447,0.011045029736618521,0.0,0.0,0.012755219270824984,0.0,0.012755219270824984,0.4941090605776248,0.5697528933375039,0.4941090605776248,0.5697528933375039,15 aligned seed-block vectors; 2 measurement replicates retained within each block
frangieh_melanoma_control,frangieh_melanoma_ifng,frangieh_melanoma_control->frangieh_melanoma_ifng,frangieh_melanoma_control<->frangieh_melanoma_ifng,absolute_effect_rank_agreement,20,2,d_adj,0.018821117019427958,-0.006268840000463405,0.025089957019891362,-0.0015917700622111064,0.004021130921349869,-0.0046988496159593995,-0.013144267194939685,0.0012146804295693815,-0.008921558405449542,0.010136238835018923,0.4941090605776248,0.5697528933375039,0.4941090605776248,0.5697528933375039,15 aligned seed-block vectors; 2 measurement replicates retained within each block
frangieh_melanoma_control,frangieh_melanoma_ifng,frangieh_melanoma_control->frangieh_melanoma_ifng,frangieh_melanoma_control<->frangieh_melanoma_ifng,absolute_effect_rank_agreement,40,3,kendall_distance,0.15822124908768642,0.04290480658951101,0.11531644249817541,0.15879470336774065,0.1576477948076322,0.05004691898654989,0.03576269419247213,0.15822124908768642,0.04290480658951101,0.11531644249817541,0.5072985090188719,0.5948284850380565,0.5072985090188719,0.5948284850380565,15 aligned seed-block vectors; 2 measurement replicates retained within each block
frangieh_melanoma_control,frangieh_melanoma_ifng,frangieh_melanoma_control->frangieh_melanoma_ifng,frangieh_melanoma_control<->frangieh_melanoma_ifng,absolute_effect_rank_agreement,40,3,spearman_distance,0.07026453371464328,0.0060100987532955286,0.06425443496134775,0.07140399481656923,0.06912507261271733,0.007748335493096226,0.0042718620134948315,0.07026453371464328,0.0060100987532955286,0.06425443496134775,0.5072985090188719,0.5948284850380565,0.5072985090188719,0.5948284850380565,15 aligned seed-block vectors; 2 measurement replicates retained within each block
frangieh_melanoma_control,frangieh_melanoma_ifng,frangieh_melanoma_control->frangieh_melanoma_ifng,frangieh_melanoma_control<->frangieh_melanoma_ifng,absolute_effect_rank_agreement,40,3,top10_jaccard_distance,0.7,0.32083333333333336,0.3791666666666666,0.7,0.7,0.375,0.2666666666666667,0.7,0.32083333333333336,0.3791666666666666,0.5072985090188719,0.5948284850380565,0.5072985090188719,0.5948284850380565,15 aligned seed-block vectors; 2 measurement replicates retained within each block
frangieh_melanoma_control,frangieh_melanoma_ifng,frangieh_melanoma_control->frangieh_melanoma_ifng,frangieh_melanoma_control<->frangieh_melanoma_ifng,absolute_effect_rank_agreement,40,3,stable_pair_inversion_fraction,0.007906828588794448,0.0,0.007906828588794448,0.013382746551369158,0.013746409519901519,0.0,0.0,0.01356457803563534,0.0,0.01356457803563534,0.5072985090188719,0.5948284850380565,0.5072985090188719,0.5948284850380565,15 aligned seed-block vectors; 2 measurement replicates retained within each block
frangieh_melanoma_control,frangieh_melanoma_ifng,frangieh_melanoma_control->frangieh_melanoma_ifng,frangieh_melanoma_control<->frangieh_melanoma_ifng,absolute_effect_rank_agreement,40,3,d_adj,0.022480993715772002,-0.006499763707275064,0.028980757423047065,0.006311472561081566,0.00901887185903451,0.004135821777360719,-0.0060438605637229545,0.007665172210058038,-0.0009540193931811178,0.008619191603239157,0.5072985090188719,0.5948284850380565,0.5072985090188719,0.5948284850380565,15 aligned seed-block vectors; 2 measurement replicates retained within each block
frangieh_melanoma_control,frangieh_melanoma_ifng,frangieh_melanoma_control->frangieh_melanoma_ifng,frangieh_melanoma_control<->frangieh_melanoma_ifng,absolute_effect_rank_agreement,80,4,kendall_distance,0.18767594619956213,0.04014179960379527,0.14753414659576686,0.1860077155666771,0.18934417683244714,0.04087165050568248,0.03941194870190806,0.18767594619956213,0.04014179960379527,0.14753414659576686,0.5249713272859973,0.6292878740485872,0.5249713272859973,0.6292878740485872,15 aligned seed-block vectors; 2 measurement replicates retained within each block
frangieh_melanoma_control,frangieh_melanoma_ifng,frangieh_melanoma_control->frangieh_melanoma_ifng,frangieh_melanoma_control<->frangieh_melanoma_ifng,absolute_effect_rank_agreement,80,4,spearman_distance,0.09197908753742351,0.005396800571964844,0.08658228696545867,0.0905223647169221,0.09343581035792492,0.005418025827785056,0.005375575316144632,0.09197908753742351,0.005396800571964844,0.08658228696545867,0.5249713272859973,0.6292878740485872,0.5249713272859973,0.6292878740485872,15 aligned seed-block vectors; 2 measurement replicates retained within each block
frangieh_melanoma_control,frangieh_melanoma_ifng,frangieh_melanoma_control->frangieh_melanoma_ifng,frangieh_melanoma_control<->frangieh_melanoma_ifng,absolute_effect_rank_agreement,80,4,top10_jaccard_distance,0.8181818181818181,0.2666666666666667,0.5515151515151514,0.8181818181818181,0.8181818181818181,0.2666666666666667,0.2666666666666667,0.8181818181818181,0.2666666666666667,0.5515151515151514,0.5249713272859973,0.6292878740485872,0.5249713272859973,0.6292878740485872,15 aligned seed-block vectors; 2 measurement replicates retained within each block
frangieh_melanoma_control,frangieh_melanoma_ifng,frangieh_melanoma_control->frangieh_melanoma_ifng,frangieh_melanoma_control<->frangieh_melanoma_ifng,absolute_effect_rank_agreement,80,4,stable_pair_inversion_fraction,0.02519088575619317,0.0,0.02519088575619317,0.039721946375372394,0.045084409136047665,0.0,0.0,0.04240317775571003,0.0,0.04240317775571003,0.5249713272859973,0.6292878740485872,0.5249713272859973,0.6292878740485872,15 aligned seed-block vectors; 2 measurement replicates retained within each block
frangieh_melanoma_control,frangieh_melanoma_ifng,frangieh_melanoma_control->frangieh_melanoma_ifng,frangieh_melanoma_control<->frangieh_melanoma_ifng,absolute_effect_rank_agreement,80,4,d_adj,0.0369489755521919,-0.006237113257919424,0.04318608881011132,0.014478851701247696,0.01930976957564385,-0.0072289994091683275,-0.008574010356931857,0.01689431063844577,-0.007901504883050092,0.024795815521495863,0.5249713272859973,0.6292878740485872,0.5249713272859973,0.6292878740485872,15 aligned seed-block vectors; 2 measurement replicates retained within each block
frangieh_melanoma_control,frangieh_melanoma_ifng,frangieh_melanoma_control->frangieh_melanoma_ifng,frangieh_melanoma_control<->frangieh_melanoma_ifng,absolute_effect_rank_agreement,160,5,kendall_distance,0.224377020123032,0.039411948701908034,0.18496507142112398,0.22990303409446355,0.21885100615160047,0.03701386716713584,0.04181003023668023,0.224377020123032,0.039411948701908034,0.18496507142112398,0.5267438223334376,0.637055572932958,0.5267438223334376,0.637055572932958,15 aligned seed-block vectors; 2 measurement replicates retained within each block
frangieh_melanoma_control,frangieh_melanoma_ifng,frangieh_melanoma_control->frangieh_melanoma_ifng,frangieh_melanoma_control<->frangieh_melanoma_ifng,absolute_effect_rank_agreement,160,5,spearman_distance,0.12965615085571297,0.005135394789758274,0.1245207560659547,0.13650967424817917,0.12280262746324677,0.004274096250949544,0.005996693328567004,0.12965615085571297,0.005135394789758274,0.1245207560659547,0.5267438223334376,0.637055572932958,0.5267438223334376,0.637055572932958,15 aligned seed-block vectors; 2 measurement replicates retained within each block
frangieh_melanoma_control,frangieh_melanoma_ifng,frangieh_melanoma_control->frangieh_melanoma_ifng,frangieh_melanoma_control<->frangieh_melanoma_ifng,absolute_effect_rank_agreement,160,5,top10_jaccard_distance,0.79004329004329,0.2047619047619048,0.5852813852813852,0.8181818181818181,0.7619047619047619,0.2666666666666667,0.1428571428571429,0.79004329004329,0.2047619047619048,0.5852813852813852,0.5267438223334376,0.637055572932958,0.5267438223334376,0.637055572932958,15 aligned seed-block vectors; 2 measurement replicates retained within each block
frangieh_melanoma_control,frangieh_melanoma_ifng,frangieh_melanoma_control->frangieh_melanoma_ifng,frangieh_melanoma_control<->frangieh_melanoma_ifng,absolute_effect_rank_agreement,160,5,stable_pair_inversion_fraction,0.06217380991222509,0.0,0.06217380991222509,0.0889970788704966,0.07023545985107668,0.0,0.0,0.07961626936078664,0.0,0.07961626936078664,0.5267438223334376,0.637055572932958,0.5267438223334376,0.637055572932958,15 aligned seed-block vectors; 2 measurement replicates retained within each block
frangieh_melanoma_control,frangieh_melanoma_ifng,frangieh_melanoma_control->frangieh_melanoma_ifng,frangieh_melanoma_control<->frangieh_melanoma_ifng,absolute_effect_rank_agreement,160,5,d_adj,0.0577216547601499,-0.005704589751487188,0.06342624451163709,0.04310985993813644,0.03718069023042436,-0.006276717756229796,0.00324957425364056,0.040145275084280396,-0.0015135717512946181,0.04165884683557501,0.5267438223334376,0.637055572932958,0.5267438223334376,0.637055572932958,15 aligned seed-block vectors; 2 measurement replicates retained within each block
frangieh_melanoma_control,frangieh_melanoma_ifng,frangieh_melanoma_control->frangieh_melanoma_ifng,frangieh_melanoma_control<->frangieh_melanoma_ifng,absolute_effect_rank_agreement,full,6,kendall_distance,0.2876655197581066,0.03524137211969558,0.25242414763841103,0.289125221561881,0.2862058179543322,0.03169638202481495,0.03878636221457621,0.2876655197581066,0.03524137211969558,0.25242414763841103,0.5737670732978835,0.6942446043165468,0.5737670732978835,0.6942446043165468,15 aligned seed-block vectors; 2 measurement replicates retained within each block
frangieh_melanoma_control,frangieh_melanoma_ifng,frangieh_melanoma_control->frangieh_melanoma_ifng,frangieh_melanoma_control<->frangieh_melanoma_ifng,absolute_effect_rank_agreement,full,6,spearman_distance,0.19985365744671346,0.003864113678001768,0.1959895437687117,0.20489074578846245,0.19481656910496448,0.0032619866839448397,0.004466240672058697,0.19985365744671346,0.003864113678001768,0.1959895437687117,0.5737670732978835,0.6942446043165468,0.5737670732978835,0.6942446043165468,15 aligned seed-block vectors; 2 measurement replicates retained within each block
frangieh_melanoma_control,frangieh_melanoma_ifng,frangieh_melanoma_control->frangieh_melanoma_ifng,frangieh_melanoma_control<->frangieh_melanoma_ifng,absolute_effect_rank_agreement,full,6,top10_jaccard_distance,0.9583333333333333,0.3067226890756303,0.651610644257703,1.0,0.9166666666666666,0.1428571428571429,0.47058823529411764,0.9583333333333333,0.3067226890756303,0.651610644257703,0.5737670732978835,0.6942446043165468,0.5737670732978835,0.6942446043165468,15 aligned seed-block vectors; 2 measurement replicates retained within each block
frangieh_melanoma_control,frangieh_melanoma_ifng,frangieh_melanoma_control->frangieh_melanoma_ifng,frangieh_melanoma_control<->frangieh_melanoma_ifng,absolute_effect_rank_agreement,full,6,stable_pair_inversion_fraction,0.14987001431480196,0.0,0.14987001431480196,0.18089171974522292,0.16911631282888767,0.0,0.0,0.1750040162870553,0.0,0.1750040162870553,0.5737670732978835,0.6942446043165468,0.5737670732978835,0.6942446043165468,15 aligned seed-block vectors; 2 measurement replicates retained within each block
frangieh_melanoma_control,frangieh_melanoma_ifng,frangieh_melanoma_control->frangieh_melanoma_ifng,frangieh_melanoma_control<->frangieh_melanoma_ifng,absolute_effect_rank_agreement,full,6,d_adj,0.1039092603977787,-0.004924715899444376,0.10883397629722308,0.09062662913147741,0.08770722552392868,0.006874500399680254,-0.011149341396448064,0.08916692732770304,-0.002137420498383905,0.09130434782608694,0.5737670732978835,0.6942446043165468,0.5737670732978835,0.6942446043165468,15 aligned seed-block vectors; 2 measurement replicates retained within each block
frangieh_melanoma_control,frangieh_melanoma_ifng,frangieh_melanoma_control->frangieh_melanoma_ifng,frangieh_melanoma_control<->frangieh_melanoma_ifng,delta_cosine,10,1,kendall_distance,0.46340319049108536,0.11578563236367431,0.347617558127411,0.4562610780940465,0.4705453028881243,0.12365759566260037,0.10791366906474825,0.46340319049108536,0.11578563236367431,0.347617558127411,0.08935460327390261,0.21019705974350955,0.08935460327390261,0.21019705974350955,15 aligned seed-block vectors; 2 measurement replicates retained within each block
frangieh_melanoma_control,frangieh_melanoma_ifng,frangieh_melanoma_control->frangieh_melanoma_ifng,frangieh_melanoma_control<->frangieh_melanoma_ifng,delta_cosine,10,1,spearman_distance,0.44710777961481746,0.03852830778855182,0.40857947182626564,0.4347178158094642,0.4594977434201707,0.046074444791992575,0.030982170785111063,0.44710777961481746,0.03852830778855182,0.40857947182626564,0.08935460327390261,0.21019705974350955,0.08935460327390261,0.21019705974350955,15 aligned seed-block vectors; 2 measurement replicates retained within each block
frangieh_melanoma_control,frangieh_melanoma_ifng,frangieh_melanoma_control->frangieh_melanoma_ifng,frangieh_melanoma_control<->frangieh_melanoma_ifng,delta_cosine,10,1,top10_jaccard_distance,0.9383333333333332,0.375,0.5633333333333332,0.9166666666666666,0.96,0.375,0.375,0.9383333333333332,0.375,0.5633333333333332,0.08935460327390261,0.21019705974350955,0.08935460327390261,0.21019705974350955,15 aligned seed-block vectors; 2 measurement replicates retained within each block
frangieh_melanoma_control,frangieh_melanoma_ifng,frangieh_melanoma_control->frangieh_melanoma_ifng,frangieh_melanoma_control<->frangieh_melanoma_ifng,delta_cosine,10,1,stable_pair_inversion_fraction,0.3841726168107228,0.0,0.3841726168107228,0.30493827160493825,0.4092920353982301,0.0,0.0,0.3571151535015842,0.0,0.3571151535015842,0.08935460327390261,0.21019705974350955,0.08935460327390261,0.21019705974350955,15 aligned seed-block vectors; 2 measurement replicates retained within each block
frangieh_melanoma_control,frangieh_melanoma_ifng,frangieh_melanoma_control->frangieh_melanoma_ifng,frangieh_melanoma_control<->frangieh_melanoma_ifng,delta_cosine,10,1,d_adj,0.044503879155546155,-0.009742810449291761,0.05424668960483792,0.017307892816181832,0.026309387272790453,-0.0001911514266847288,0.00018072498522919329,0.02180864004448614,-5.2132207277677615e-06,0.021813853265213907,0.08935460327390261,0.21019705974350955,0.08935460327390261,0.21019705974350955,15 aligned seed-block vectors; 2 measurement replicates retained within each block
frangieh_melanoma_control,frangieh_melanoma_ifng,frangieh_melanoma_control->frangieh_melanoma_ifng,frangieh_melanoma_control<->frangieh_melanoma_ifng,delta_cosine,20,2,kendall_distance,0.3754561568136795,0.09102283390678767,0.28443332290689183,0.386299655927432,0.364612657699927,0.10343029923886982,0.07861536857470552,0.3754561568136795,0.09102283390678767,0.28443332290689183,0.16228756125534355,0.3018976123449067,0.16228756125534355,0.3018976123449067,15 aligned seed-block vectors; 2 measurement replicates retained within each block
frangieh_melanoma_control,frangieh_melanoma_ifng,frangieh_melanoma_control->frangieh_melanoma_ifng,frangieh_melanoma_control<->frangieh_melanoma_ifng,delta_cosine,20,2,spearman_distance,0.3096988247910988,0.024741945573975632,0.28495687921712315,0.3233388444523884,0.2960588051298092,0.030466061933062227,0.019017829214889037,0.3096988247910988,0.024741945573975632,0.28495687921712315,0.16228756125534355,0.3018976123449067,0.16228756125534355,0.3018976123449067,15 aligned seed-block vectors; 2 measurement replicates retained within each block
frangieh_melanoma_control,frangieh_melanoma_ifng,frangieh_melanoma_control->frangieh_melanoma_ifng,frangieh_melanoma_control<->frangieh_melanoma_ifng,delta_cosine,20,2,top10_jaccard_distance,0.8931159420289855,0.25892857142857145,0.634187370600414,0.9166666666666666,0.8695652173913043,0.375,0.1428571428571429,0.8931159420289855,0.25892857142857145,0.634187370600414,0.16228756125534355,0.3018976123449067,0.16228756125534355,0.3018976123449067,15 aligned seed-block vectors; 2 measurement replicates retained within each block
frangieh_melanoma_control,frangieh_melanoma_ifng,frangieh_melanoma_control->frangieh_melanoma_ifng,frangieh_melanoma_control<->frangieh_melanoma_ifng,delta_cosine,20,2,stable_pair_inversion_fraction,0.17121458050722307,0.0,0.17121458050722307,0.17548559946416611,0.1808641975308642,0.0,0.0,0.17817489849751517,0.0,0.17817489849751517,0.16228756125534355,0.3018976123449067,0.16228756125534355,0.3018976123449067,15 aligned seed-block vectors; 2 measurement replicates retained within each block
frangieh_melanoma_control,frangieh_melanoma_ifng,frangieh_melanoma_control->frangieh_melanoma_ifng,frangieh_melanoma_control<->frangieh_melanoma_ifng,delta_cosine,20,2,d_adj,0.044753270846591114,-0.008872350395545597,0.05362562124213671,0.016393841448580287,0.01913599555138498,-0.00916831751989711,-0.00893893580787544,0.017764918499982633,-0.009053626663886274,0.026818545163868907,0.16228756125534355,0.3018976123449067,0.16228756125534355,0.3018976123449067,15 aligned seed-block vectors; 2 measurement replicates retained within each block
frangieh_melanoma_control,frangieh_melanoma_ifng,frangieh_melanoma_control->frangieh_melanoma_ifng,frangieh_melanoma_control<->frangieh_melanoma_ifng,delta_cosine,40,3,kendall_distance,0.3650297153581483,0.08622667083724325,0.2788030445209051,0.36398707121259516,0.3660723595037014,0.08038786362214578,0.09206547805234072,0.3650297153581483,0.08622667083724325,0.2788030445209051,0.22458554895214264,0.38416223542904804,0.22458554895214264,0.38416223542904804,15 aligned seed-block vectors; 2 measurement replicates retained within each block
frangieh_melanoma_control,frangieh_melanoma_ifng,frangieh_melanoma_control->frangieh_melanoma_ifng,frangieh_melanoma_control<->frangieh_melanoma_ifng,delta_cosine,40,3,spearman_distance,0.3012143080566603,0.02225523928683143,0.27895906876982884,0.29748648286339874,0.3049421332499218,0.019482550605478377,0.025027927968184482,0.3012143080566603,0.02225523928683143,0.27895906876982884,0.22458554895214264,0.38416223542904804,0.22458554895214264,0.38416223542904804,15 aligned seed-block vectors; 2 measurement replicates retained within each block
frangieh_melanoma_control,frangieh_melanoma_ifng,frangieh_melanoma_control->frangieh_melanoma_ifng,frangieh_melanoma_control<->frangieh_melanoma_ifng,delta_cosine,40,3,top10_jaccard_distance,0.9147826086956521,0.32083333333333336,0.5939492753623188,0.96,0.8695652173913043,0.2666666666666667,0.375,0.9147826086956521,0.32083333333333336,0.5939492753623188,0.22458554895214264,0.38416223542904804,0.22458554895214264,0.38416223542904804,15 aligned seed-block vectors; 2 measurement replicates retained within each block
frangieh_melanoma_control,frangieh_melanoma_ifng,frangieh_melanoma_control->frangieh_melanoma_ifng,frangieh_melanoma_control<->frangieh_melanoma_ifng,delta_cosine,40,3,stable_pair_inversion_fraction,0.14176009085497393,0.0,0.14176009085497393,0.17348927875243664,0.16843971631205673,0.0,0.0,0.17096449753224668,0.0,0.17096449753224668,0.22458554895214264,0.38416223542904804,0.22458554895214264,0.38416223542904804,15 aligned seed-block vectors; 2 measurement replicates retained within each block
frangieh_melanoma_control,frangieh_melanoma_ifng,frangieh_melanoma_control->frangieh_melanoma_ifng,frangieh_melanoma_control<->frangieh_melanoma_ifng,delta_cosine,40,3,d_adj,0.05779318574126205,-0.0077897102607768776,0.06558289600203893,0.0521982414068745,0.04179265283425433,0.012275397073645422,0.008382858930247098,0.046995447120564415,0.010329128001946259,0.03666631911861816,0.22458554895214264,0.38416223542904804,0.22458554895214264,0.38416223542904804,15 aligned seed-block vectors; 2 measurement replicates retained within each block
frangieh_melanoma_control,frangieh_melanoma_ifng,frangieh_melanoma_control->frangieh_melanoma_ifng,frangieh_melanoma_control<->frangieh_melanoma_ifng,delta_cosine,80,4,kendall_distance,0.34360337816703157,0.0570847669690335,0.28651861119799804,0.35345636534250857,0.33375039099155457,0.04827442393910958,0.06589510999895742,0.34360337816703157,0.0570847669690335,0.28651861119799804,0.3700865394640809,0.5253362527369408,0.3700865394640809,0.5253362527369408,15 aligned seed-block vectors; 2 measurement replicates retained within each block
frangieh_melanoma_control,frangieh_melanoma_ifng,frangieh_melanoma_control->frangieh_melanoma_ifng,frangieh_melanoma_control<->frangieh_melanoma_ifng,delta_cosine,80,4,spearman_distance,0.2752513517136601,0.010076410920952766,0.2651749407927073,0.28741007194244605,0.2630926314848742,0.006825595424281794,0.013327226417623739,0.2752513517136601,0.010076410920952766,0.2651749407927073,0.3700865394640809,0.5253362527369408,0.3700865394640809,0.5253362527369408,15 aligned seed-block vectors; 2 measurement replicates retained within each block
frangieh_melanoma_control,frangieh_melanoma_ifng,frangieh_melanoma_control->frangieh_melanoma_ifng,frangieh_melanoma_control<->frangieh_melanoma_ifng,delta_cosine,80,4,top10_jaccard_distance,0.8438735177865613,0.32083333333333336,0.523040184453228,0.8181818181818181,0.8695652173913043,0.375,0.2666666666666667,0.8438735177865613,0.32083333333333336,0.523040184453228,0.3700865394640809,0.5253362527369408,0.3700865394640809,0.5253362527369408,15 aligned seed-block vectors; 2 measurement replicates retained within each block
frangieh_melanoma_control,frangieh_melanoma_ifng,frangieh_melanoma_control->frangieh_melanoma_ifng,frangieh_melanoma_control<->frangieh_melanoma_ifng,delta_cosine,80,4,stable_pair_inversion_fraction,0.17474509074149813,0.0,0.17474509074149813,0.22665900603274922,0.19071310116086235,0.0,0.0,0.20868605359680578,0.0,0.20868605359680578,0.3700865394640809,0.5253362527369408,0.3700865394640809,0.5253362527369408,15 aligned seed-block vectors; 2 measurement replicates retained within each block
frangieh_melanoma_control,frangieh_melanoma_ifng,frangieh_melanoma_control->frangieh_melanoma_ifng,frangieh_melanoma_control<->frangieh_melanoma_ifng,delta_cosine,80,4,d_adj,0.08453436351368679,-0.0068341648520263976,0.09136852836571319,0.07400340597087546,0.06633997150106001,-0.011754075000868868,0.017245334167448643,0.07017168873596774,0.002745629583289887,0.06742605915267785,0.3700865394640809,0.5253362527369408,0.3700865394640809,0.5253362527369408,15 aligned seed-block vectors; 2 measurement replicates retained within each block
frangieh_melanoma_control,frangieh_melanoma_ifng,frangieh_melanoma_control->frangieh_melanoma_ifng,frangieh_melanoma_control<->frangieh_melanoma_ifng,delta_cosine,160,5,kendall_distance,0.3734230007298509,0.05114169533938068,0.32228130539047023,0.366280888332812,0.3805651131268898,0.03753518923991245,0.0647482014388489,0.3734230007298509,0.05114169533938068,0.32228130539047023,0.42727557084766965,0.5811698467313107,0.42727557084766965,0.5811698467313107,15 aligned seed-block vectors; 2 measurement replicates retained within each block
frangieh_melanoma_control,frangieh_melanoma_ifng,frangieh_melanoma_control->frangieh_melanoma_ifng,frangieh_melanoma_control<->frangieh_melanoma_ifng,delta_cosine,160,5,spearman_distance,0.3128658563832164,0.008777201841011772,0.30408865454220463,0.3010165780419143,0.3247151347245185,0.0042472854014926065,0.013307118280530938,0.3128658563832164,0.008777201841011772,0.30408865454220463,0.42727557084766965,0.5811698467313107,0.42727557084766965,0.5811698467313107,15 aligned seed-block vectors; 2 measurement replicates retained within each block
frangieh_melanoma_control,frangieh_melanoma_ifng,frangieh_melanoma_control->frangieh_melanoma_ifng,frangieh_melanoma_control<->frangieh_melanoma_ifng,delta_cosine,160,5,top10_jaccard_distance,0.9166666666666666,0.1428571428571429,0.7738095238095237,0.9166666666666666,0.9166666666666666,0.1428571428571429,0.1428571428571429,0.9166666666666666,0.1428571428571429,0.7738095238095237,0.42727557084766965,0.5811698467313107,0.42727557084766965,0.5811698467313107,15 aligned seed-block vectors; 2 measurement replicates retained within each block
frangieh_melanoma_control,frangieh_melanoma_ifng,frangieh_melanoma_control->frangieh_melanoma_ifng,frangieh_melanoma_control<->frangieh_melanoma_ifng,delta_cosine,160,5,stable_pair_inversion_fraction,0.24491908829031223,0.0,0.24491908829031223,0.26204604794683123,0.28496108460959074,0.0,0.0,0.273503566278211,0.0,0.273503566278211,0.42727557084766965,0.5811698467313107,0.42727557084766965,0.5811698467313107,15 aligned seed-block vectors; 2 measurement replicates retained within each block
frangieh_melanoma_control,frangieh_melanoma_ifng,frangieh_melanoma_control->frangieh_melanoma_ifng,frangieh_melanoma_control<->frangieh_melanoma_ifng,delta_cosine,160,5,d_adj,0.11989927897761751,-0.005916705915627346,0.12581598489324486,0.09970110867827478,0.10428526743822335,-0.0003823028533694872,0.003916866506794562,0.10199318805824906,0.0017672818267125373,0.10022590623153652,0.42727557084766965,0.5811698467313107,0.42727557084766965,0.5811698467313107,15 aligned seed-block vectors; 2 measurement replicates retained within each block
frangieh_melanoma_control,frangieh_melanoma_ifng,frangieh_melanoma_control->frangieh_melanoma_ifng,frangieh_melanoma_control<->frangieh_melanoma_ifng,delta_cosine,full,6,kendall_distance,0.36810551558753,0.038317172349077305,0.32978834323845274,0.36492545094359297,0.371285580231467,0.03638828067980404,0.04024606401835057,0.36810551558753,0.038317172349077305,0.32978834323845274,0.5544781566051507,0.6859034511521218,0.5544781566051507,0.6859034511521218,15 aligned seed-block vectors; 2 measurement replicates retained within each block
frangieh_melanoma_control,frangieh_melanoma_ifng,frangieh_melanoma_control->frangieh_melanoma_ifng,frangieh_melanoma_control<->frangieh_melanoma_ifng,delta_cosine,full,6,spearman_distance,0.30624134232986283,0.004497519996425281,0.30174382233343755,0.30309888734974755,0.3093837973099781,0.00413557352875471,0.004859466464095852,0.30624134232986283,0.004497519996425281,0.30174382233343755,0.5544781566051507,0.6859034511521218,0.5544781566051507,0.6859034511521218,15 aligned seed-block vectors; 2 measurement replicates retained within each block
frangieh_melanoma_control,frangieh_melanoma_ifng,frangieh_melanoma_control->frangieh_melanoma_ifng,frangieh_melanoma_control<->frangieh_melanoma_ifng,delta_cosine,full,6,top10_jaccard_distance,0.9147826086956521,0.1875,0.7272826086956521,0.8695652173913043,0.96,0.0,0.375,0.9147826086956521,0.1875,0.7272826086956521,0.5544781566051507,0.6859034511521218,0.5544781566051507,0.6859034511521218,15 aligned seed-block vectors; 2 measurement replicates retained within each block
frangieh_melanoma_control,frangieh_melanoma_ifng,frangieh_melanoma_control->frangieh_melanoma_ifng,frangieh_melanoma_control<->frangieh_melanoma_ifng,delta_cosine,full,6,stable_pair_inversion_fraction,0.26796360294670124,0.0,0.26796360294670124,0.28294427710843373,0.2986476333583772,0.0,0.0,0.29079595523340546,0.0,0.29079595523340546,0.5544781566051507,0.6859034511521218,0.5544781566051507,0.6859034511521218,15 aligned seed-block vectors; 2 measurement replicates retained within each block
frangieh_melanoma_control,frangieh_melanoma_ifng,frangieh_melanoma_control->frangieh_melanoma_ifng,frangieh_melanoma_control<->frangieh_melanoma_ifng,delta_cosine,full,6,d_adj,0.15131154247017178,-0.005119139071551329,0.15643068154172313,0.13584610572411634,0.13783755604212283,0.005981301914989747,-0.00796927675251103,0.13684183088311958,-0.0009939874187606416,0.13783581830188021,0.5544781566051507,0.6859034511521218,0.5544781566051507,0.6859034511521218,15 aligned seed-block vectors; 2 measurement replicates retained within each block
frangieh_melanoma_control,frangieh_melanoma_ifng,frangieh_melanoma_control->frangieh_melanoma_ifng,frangieh_melanoma_control<->frangieh_melanoma_ifng,systema_centroid_accuracy,10,1,kendall_distance,0.49647838406710443,0.14871094758933592,0.34776743647776853,0.4834654703878123,0.5094388819870905,0.16004380290694487,0.13764865231587436,0.4964521761874514,0.14884622761140961,0.34760594857604177,0.05494734647064957,0.15472839120008341,0.05494734647064957,0.15472839120008341,15 aligned seed-block vectors; 2 measurement replicates retained within each block
frangieh_melanoma_control,frangieh_melanoma_ifng,frangieh_melanoma_control->frangieh_melanoma_ifng,frangieh_melanoma_control<->frangieh_melanoma_ifng,systema_centroid_accuracy,10,1,spearman_distance,0.49368511186955755,0.05984972991728971,0.43383538195226784,0.47324638328765034,0.5140623847963942,0.07013206666008265,0.05006646930569708,0.4936543840420223,0.060099267982889865,0.43355511605913244,0.05494734647064957,0.15472839120008341,0.05494734647064957,0.15472839120008341,15 aligned seed-block vectors; 2 measurement replicates retained within each block
frangieh_melanoma_control,frangieh_melanoma_ifng,frangieh_melanoma_control->frangieh_melanoma_ifng,frangieh_melanoma_control<->frangieh_melanoma_ifng,systema_centroid_accuracy,10,1,top10_jaccard_distance,0.9147826086956521,0.5935672514619883,0.3212153572336638,0.96,0.8695652173913043,0.631578947368421,0.5555555555555556,0.9147826086956521,0.5935672514619883,0.3212153572336638,0.05494734647064957,0.15472839120008341,0.05494734647064957,0.15472839120008341,15 aligned seed-block vectors; 2 measurement replicates retained within each block
frangieh_melanoma_control,frangieh_melanoma_ifng,frangieh_melanoma_control->frangieh_melanoma_ifng,frangieh_melanoma_control<->frangieh_melanoma_ifng,systema_centroid_accuracy,10,1,stable_pair_inversion_fraction,0.37958630199954035,0.0,0.37958630199954035,0.4066543438077634,0.41130604288499023,0.0,0.0,0.4089801933463768,0.0,0.4089801933463768,0.05494734647064957,0.15472839120008341,0.05494734647064957,0.15472839120008341,15 aligned seed-block vectors; 2 measurement replicates retained within each block
frangieh_melanoma_control,frangieh_melanoma_ifng,frangieh_melanoma_control->frangieh_melanoma_ifng,frangieh_melanoma_control<->frangieh_melanoma_ifng,systema_centroid_accuracy,10,1,d_adj,0.03709479193257087,-0.009696354860139839,0.04679114679271071,-0.007899767142807509,0.008386334410732273,0.00023807041323463672,-0.017438223334375967,0.0002432836339623821,-0.008600076460570665,0.008843360094533046,0.05494734647064957,0.15472839120008341,0.05494734647064957,0.15472839120008341,15 aligned seed-block vectors; 2 measurement replicates retained within each block
frangieh_melanoma_control,frangieh_melanoma_ifng,frangieh_melanoma_control->frangieh_melanoma_ifng,frangieh_melanoma_control<->frangieh_melanoma_ifng,systema_centroid_accuracy,20,2,kendall_distance,0.4210599237692128,0.13261900789205214,0.2884409158771607,0.4288657096900216,0.41266033949794984,0.13487511031340338,0.1303191408934879,0.42076302459398573,0.13259712560344564,0.2881658989905401,0.0845063079970806,0.20649567302679595,0.0845063079970806,0.20649567302679595,15 aligned seed-block vectors; 2 measurement replicates retained within each block
frangieh_melanoma_control,frangieh_melanoma_ifng,frangieh_melanoma_control->frangieh_melanoma_ifng,frangieh_melanoma_control<->frangieh_melanoma_ifng,systema_centroid_accuracy,20,2,spearman_distance,0.3812593897184089,0.04871491816378368,0.3325444715546252,0.392188821351722,0.36956910303869783,0.047903994280038054,0.049494276957901984,0.3808789621952099,0.04869913561897002,0.3321798265762399,0.0845063079970806,0.20649567302679595,0.0845063079970806,0.20649567302679595,15 aligned seed-block vectors; 2 measurement replicates retained within each block
frangieh_melanoma_control,frangieh_melanoma_ifng,frangieh_melanoma_control->frangieh_melanoma_ifng,frangieh_melanoma_control<->frangieh_melanoma_ifng,systema_centroid_accuracy,20,2,top10_jaccard_distance,0.9166666666666666,0.47058823529411764,0.446078431372549,0.9166666666666666,0.9166666666666666,0.47058823529411764,0.47058823529411764,0.9166666666666666,0.47058823529411764,0.446078431372549,0.0845063079970806,0.20649567302679595,0.0845063079970806,0.20649567302679595,15 aligned seed-block vectors; 2 measurement replicates retained within each block
frangieh_melanoma_control,frangieh_melanoma_ifng,frangieh_melanoma_control->frangieh_melanoma_ifng,frangieh_melanoma_control<->frangieh_melanoma_ifng,systema_centroid_accuracy,20,2,stable_pair_inversion_fraction,0.27255441909257805,0.0,0.27255441909257805,0.3177914110429448,0.2531017369727047,0.0,0.0,0.28544657400782475,0.0,0.28544657400782475,0.0845063079970806,0.20649567302679595,0.0845063079970806,0.20649567302679595,15 aligned seed-block vectors; 2 measurement replicates retained within each block
frangieh_melanoma_control,frangieh_melanoma_ifng,frangieh_melanoma_control->frangieh_melanoma_ifng,frangieh_melanoma_control<->frangieh_melanoma_ifng,systema_centroid_accuracy,20,2,d_adj,0.04499627883899773,-0.008851773154190251,0.053848051993187984,0.017992562471761706,0.018592082855454783,0.008775588225072106,-0.010900844541757897,0.018292322663608244,-0.0010626281583428956,0.019354950821951142,0.0845063079970806,0.20649567302679595,0.0845063079970806,0.20649567302679595,15 aligned seed-block vectors; 2 measurement replicates retained within each block
frangieh_melanoma_control,frangieh_melanoma_ifng,frangieh_melanoma_control->frangieh_melanoma_ifng,frangieh_melanoma_control<->frangieh_melanoma_ifng,systema_centroid_accuracy,40,3,kendall_distance,0.337947274898253,0.10889526216168299,0.22905201273657,0.3334028574408176,0.34231110162635414,0.11127333402857437,0.10640350366260615,0.33785697953358584,0.10883841884559026,0.2290185606879956,0.14174747158794704,0.25940986341361694,0.14174747158794704,0.25940986341361694,15 aligned seed-block vectors; 2 measurement replicates retained within each block
frangieh_melanoma_control,frangieh_melanoma_ifng,frangieh_melanoma_control->frangieh_melanoma_ifng,frangieh_melanoma_control<->frangieh_melanoma_ifng,systema_centroid_accuracy,40,3,spearman_distance,0.26516073490361264,0.0334298890451217,0.23173084585849094,0.25918610834312683,0.27089777747973487,0.03265631912203021,0.034130960559612344,0.26504194291143085,0.033393639840821276,0.23164830307060957,0.14174747158794704,0.25940986341361694,0.14174747158794704,0.25940986341361694,15 aligned seed-block vectors; 2 measurement replicates retained within each block
frangieh_melanoma_control,frangieh_melanoma_ifng,frangieh_melanoma_control->frangieh_melanoma_ifng,frangieh_melanoma_control<->frangieh_melanoma_ifng,systema_centroid_accuracy,40,3,top10_jaccard_distance,0.7619047619047619,0.2666666666666667,0.49523809523809514,0.7619047619047619,0.7619047619047619,0.2666666666666667,0.2666666666666667,0.7619047619047619,0.2666666666666667,0.49523809523809514,0.14174747158794704,0.25940986341361694,0.14174747158794704,0.25940986341361694,15 aligned seed-block vectors; 2 measurement replicates retained within each block
frangieh_melanoma_control,frangieh_melanoma_ifng,frangieh_melanoma_control->frangieh_melanoma_ifng,frangieh_melanoma_control<->frangieh_melanoma_ifng,systema_centroid_accuracy,40,3,stable_pair_inversion_fraction,0.08037214430475625,0.0,0.08037214430475625,0.1100846805234796,0.12112676056338029,0.0,0.0,0.11560572054342994,0.0,0.11560572054342994,0.14174747158794704,0.25940986341361694,0.14174747158794704,0.25940986341361694,15 aligned seed-block vectors; 2 measurement replicates retained within each block
frangieh_melanoma_control,frangieh_melanoma_ifng,frangieh_melanoma_control->frangieh_melanoma_ifng,frangieh_melanoma_control<->frangieh_melanoma_ifng,systema_centroid_accuracy,40,3,d_adj,0.03962692714394195,-0.008730271155389574,0.04835719829933152,0.0190577972404685,0.021784311681089914,0.032172522851284205,-0.015104438188579568,0.020421054460779207,0.00853404233135232,0.011887012129426888,0.14174747158794704,0.25940986341361694,0.14174747158794704,0.25940986341361694,15 aligned seed-block vectors; 2 measurement replicates retained within each block
frangieh_melanoma_control,frangieh_melanoma_ifng,frangieh_melanoma_control->frangieh_melanoma_ifng,frangieh_melanoma_control<->frangieh_melanoma_ifng,systema_centroid_accuracy,80,4,kendall_distance,0.33751853409227384,0.07993667729918041,0.2575818567930934,0.336793239253832,0.33826059730869307,0.08804817767810352,0.07165952963819705,0.3375269182812625,0.07985385365815029,0.25767306462311224,0.26107809404650195,0.4007402773433427,0.26107809404650195,0.4007402773433427,15 aligned seed-block vectors; 2 measurement replicates retained within each block
frangieh_melanoma_control,frangieh_melanoma_ifng,frangieh_melanoma_control->frangieh_melanoma_ifng,frangieh_melanoma_control<->frangieh_melanoma_ifng,systema_centroid_accuracy,80,4,spearman_distance,0.26854697708140923,0.01889454373359578,0.24965243334781345,0.26676087806454657,0.26995878935189194,0.022659204269205147,0.014972876110052047,0.26835983370821925,0.018816040189628597,0.24954379351859066,0.26107809404650195,0.4007402773433427,0.26107809404650195,0.4007402773433427,15 aligned seed-block vectors; 2 measurement replicates retained within each block
frangieh_melanoma_control,frangieh_melanoma_ifng,frangieh_melanoma_control->frangieh_melanoma_ifng,frangieh_melanoma_control<->frangieh_melanoma_ifng,systema_centroid_accuracy,80,4,top10_jaccard_distance,0.79004329004329,0.47058823529411764,0.31945505474917235,0.8181818181818181,0.7619047619047619,0.47058823529411764,0.47058823529411764,0.79004329004329,0.47058823529411764,0.31945505474917235,0.26107809404650195,0.4007402773433427,0.26107809404650195,0.4007402773433427,15 aligned seed-block vectors; 2 measurement replicates retained within each block
frangieh_melanoma_control,frangieh_melanoma_ifng,frangieh_melanoma_control->frangieh_melanoma_ifng,frangieh_melanoma_control<->frangieh_melanoma_ifng,systema_centroid_accuracy,80,4,stable_pair_inversion_fraction,0.11486104838512803,0.0,0.11486104838512803,0.13663603675589292,0.1528942115768463,0.0,0.0,0.1447651241663696,0.0,0.1447651241663696,0.26107809404650195,0.4007402773433427,0.26107809404650195,0.4007402773433427,15 aligned seed-block vectors; 2 measurement replicates retained within each block
frangieh_melanoma_control,frangieh_melanoma_ifng,frangieh_melanoma_control->frangieh_melanoma_ifng,frangieh_melanoma_control<->frangieh_melanoma_ifng,systema_centroid_accuracy,80,4,d_adj,0.0581622038700873,-0.008301205112871218,0.06646340898295852,0.034568866645813774,0.03756299308379384,-0.000830639835957329,-0.009953776109547152,0.03606592986480381,-0.00539220797275224,0.04145813783755605,0.26107809404650195,0.4007402773433427,0.26107809404650195,0.4007402773433427,15 aligned seed-block vectors; 2 measurement replicates retained within each block
frangieh_melanoma_control,frangieh_melanoma_ifng,frangieh_melanoma_control->frangieh_melanoma_ifng,frangieh_melanoma_control<->frangieh_melanoma_ifng,systema_centroid_accuracy,160,5,kendall_distance,0.27264469140437303,0.05138968254720827,0.22125500885716476,0.27635832603385485,0.26922675812001146,0.04502320184257119,0.05829596172366158,0.27279254207693315,0.05165958178311639,0.22113296029381677,0.4316546762589928,0.5563549160671464,0.4316546762589928,0.5563549160671464,15 aligned seed-block vectors; 2 measurement replicates retained within each block
frangieh_melanoma_control,frangieh_melanoma_ifng,frangieh_melanoma_control->frangieh_melanoma_ifng,frangieh_melanoma_control<->frangieh_melanoma_ifng,systema_centroid_accuracy,160,5,spearman_distance,0.19283113884601208,0.008446023312869921,0.18438511553314216,0.19690422674854752,0.18901544645221596,0.0063134176459819225,0.010710982218637644,0.19295983660038174,0.008512199932309783,0.18444763666807196,0.4316546762589928,0.5563549160671464,0.4316546762589928,0.5563549160671464,15 aligned seed-block vectors; 2 measurement replicates retained within each block
frangieh_melanoma_control,frangieh_melanoma_ifng,frangieh_melanoma_control->frangieh_melanoma_ifng,frangieh_melanoma_control<->frangieh_melanoma_ifng,systema_centroid_accuracy,160,5,top10_jaccard_distance,0.7,0.25892857142857145,0.4410714285714285,0.7,0.7,0.1428571428571429,0.375,0.7,0.25892857142857145,0.4410714285714285,0.4316546762589928,0.5563549160671464,0.4316546762589928,0.5563549160671464,15 aligned seed-block vectors; 2 measurement replicates retained within each block
frangieh_melanoma_control,frangieh_melanoma_ifng,frangieh_melanoma_control->frangieh_melanoma_ifng,frangieh_melanoma_control<->frangieh_melanoma_ifng,systema_centroid_accuracy,160,5,stable_pair_inversion_fraction,0.09826931118825324,0.0,0.09826931118825324,0.12111415070877891,0.11857243484386006,0.0,0.0,0.11984329277631948,0.0,0.11984329277631948,0.4316546762589928,0.5563549160671464,0.4316546762589928,0.5563549160671464,15 aligned seed-block vectors; 2 measurement replicates retained within each block
frangieh_melanoma_control,frangieh_melanoma_ifng,frangieh_melanoma_control->frangieh_melanoma_ifng,frangieh_melanoma_control<->frangieh_melanoma_ifng,systema_centroid_accuracy,160,5,d_adj,0.06803639946613424,-0.006700101188414548,0.07473650065454879,0.054318284502832506,0.05064122614951517,0.0005786675007819745,0.0011729746637472616,0.05247975532617384,0.000875821082264618,0.05160393424390922,0.4316546762589928,0.5563549160671464,0.4316546762589928,0.5563549160671464,15 aligned seed-block vectors; 2 measurement replicates retained within each block
frangieh_melanoma_control,frangieh_melanoma_ifng,frangieh_melanoma_control->frangieh_melanoma_ifng,frangieh_melanoma_control<->frangieh_melanoma_ifng,systema_centroid_accuracy,full,6,kendall_distance,0.1691716901031872,0.022765796972180424,0.14640589313100677,0.16866741237657962,0.1703015739119007,0.022982203162021375,0.02234047151935925,0.16948449314424016,0.022661337340690313,0.14682315580354985,0.7159316025440516,0.7986132832864143,0.7159316025440516,0.7986132832864143,15 aligned seed-block vectors; 2 measurement replicates retained within each block
frangieh_melanoma_control,frangieh_melanoma_ifng,frangieh_melanoma_control->frangieh_melanoma_ifng,frangieh_melanoma_control<->frangieh_melanoma_ifng,systema_centroid_accuracy,full,6,spearman_distance,0.08734188796640022,0.0020038814272028693,0.08533800653919735,0.08770931241299723,0.08722684531736824,0.0022130517498315516,0.00175728266384384,0.08746807886518274,0.0019851672068376958,0.08548291165834504,0.7159316025440516,0.7986132832864143,0.7159316025440516,0.7986132832864143,15 aligned seed-block vectors; 2 measurement replicates retained within each block
frangieh_melanoma_control,frangieh_melanoma_ifng,frangieh_melanoma_control->frangieh_melanoma_ifng,frangieh_melanoma_control<->frangieh_melanoma_ifng,systema_centroid_accuracy,full,6,top10_jaccard_distance,0.5130718954248366,0.1428571428571429,0.37021475256769365,0.47058823529411764,0.5555555555555556,0.1428571428571429,0.1428571428571429,0.5130718954248366,0.1428571428571429,0.37021475256769365,0.7159316025440516,0.7986132832864143,0.7159316025440516,0.7986132832864143,15 aligned seed-block vectors; 2 measurement replicates retained within each block
frangieh_melanoma_control,frangieh_melanoma_ifng,frangieh_melanoma_control->frangieh_melanoma_ifng,frangieh_melanoma_control<->frangieh_melanoma_ifng,systema_centroid_accuracy,full,6,stable_pair_inversion_fraction,0.06355014907132964,0.0,0.06355014907132964,0.08197910621009867,0.07732787604151439,0.0,0.0,0.07965349112580652,0.0,0.07965349112580652,0.7159316025440516,0.7986132832864143,0.7159316025440516,0.7986132832864143,15 aligned seed-block vectors; 2 measurement replicates retained within each block
frangieh_melanoma_control,frangieh_melanoma_ifng,frangieh_melanoma_control->frangieh_melanoma_ifng,frangieh_melanoma_control<->frangieh_melanoma_ifng,systema_centroid_accuracy,full,6,d_adj,0.0702483270754711,-0.004350950024588046,0.07459927710005915,0.0591717930003823,0.060186633302053996,0.0010287422236124075,9.210023285719886e-05,0.059679213151218144,0.0005604212282348032,0.05911879192298334,0.7159316025440516,0.7986132832864143,0.7159316025440516,0.7986132832864143,15 aligned seed-block vectors; 2 measurement replicates retained within each block
frangieh_melanoma_ifng,frangieh_melanoma_coculture,frangieh_melanoma_ifng->frangieh_melanoma_coculture,frangieh_melanoma_coculture<->frangieh_melanoma_ifng,absolute_effect_rank_agreement,10,1,kendall_distance,0.07675094449288006,0.02740482417901785,0.04934612031386221,0.07712874164487077,0.07637314734088935,0.02778262133100856,0.02702702702702714,0.07675094449288006,0.02740482417901785,0.04934612031386221,0.7224643998837548,0.7662307468759082,0.7224643998837548,0.7662307468759082,15 aligned seed-block vectors; 2 measurement replicates retained within each block
frangieh_melanoma_ifng,frangieh_melanoma_coculture,frangieh_melanoma_ifng->frangieh_melanoma_coculture,frangieh_melanoma_coculture<->frangieh_melanoma_ifng,absolute_effect_rank_agreement,10,1,spearman_distance,0.016132762053065686,0.002348838401969394,0.013783923651096291,0.016541640830065873,0.015723883276065498,0.00227797229694765,0.0024197045069911383,0.016132762053065686,0.002348838401969394,0.013783923651096291,0.7224643998837548,0.7662307468759082,0.7224643998837548,0.7662307468759082,15 aligned seed-block vectors; 2 measurement replicates retained within each block
frangieh_melanoma_ifng,frangieh_melanoma_coculture,frangieh_melanoma_ifng->frangieh_melanoma_coculture,frangieh_melanoma_coculture<->frangieh_melanoma_ifng,absolute_effect_rank_agreement,10,1,top10_jaccard_distance,0.6648351648351649,0.24285714285714283,0.4219780219780221,0.7142857142857143,0.6153846153846154,0.2857142857142857,0.19999999999999996,0.6648351648351649,0.24285714285714283,0.4219780219780221,0.7224643998837548,0.7662307468759082,0.7224643998837548,0.7662307468759082,15 aligned seed-block vectors; 2 measurement replicates retained within each block
frangieh_melanoma_ifng,frangieh_melanoma_coculture,frangieh_melanoma_ifng->frangieh_melanoma_coculture,frangieh_melanoma_coculture<->frangieh_melanoma_ifng,absolute_effect_rank_agreement,10,1,stable_pair_inversion_fraction,0.001643340065360074,0.0,0.001643340065360074,0.0036266924564796904,0.004336652746546739,0.0,0.0,0.003981672601513215,0.0,0.003981672601513215,0.7224643998837548,0.7662307468759082,0.7224643998837548,0.7662307468759082,15 aligned seed-block vectors; 2 measurement replicates retained within each block
frangieh_melanoma_ifng,frangieh_melanoma_coculture,frangieh_melanoma_ifng->frangieh_melanoma_coculture,frangieh_melanoma_coculture<->frangieh_melanoma_ifng,absolute_effect_rank_agreement,10,1,d_adj,0.011648300135508119,-0.0038134842295020205,0.01546178436501014,0.0017378668991572274,4.649811101424446e-05,-7.94342729826536e-05,-0.00014530659691949037,0.000892182505085736,-0.00011237043495107198,0.0010045529400368079,0.7224643998837548,0.7662307468759082,0.7224643998837548,0.7662307468759082,15 aligned seed-block vectors; 2 measurement replicates retained within each block
frangieh_melanoma_ifng,frangieh_melanoma_coculture,frangieh_melanoma_ifng->frangieh_melanoma_coculture,frangieh_melanoma_coculture<->frangieh_melanoma_ifng,absolute_effect_rank_agreement,20,2,kendall_distance,0.08113920371984898,0.028712583551293303,0.052426620168555677,0.08224353385643718,0.08003487358326078,0.030572507991862896,0.02685265911072371,0.08113920371984898,0.028712583551293303,0.052426620168555677,0.7044754431851206,0.7524266201685557,0.7044754431851206,0.7524266201685557,15 aligned seed-block vectors; 2 measurement replicates retained within each block
frangieh_melanoma_ifng,frangieh_melanoma_coculture,frangieh_melanoma_ifng->frangieh_melanoma_coculture,frangieh_melanoma_coculture<->frangieh_melanoma_ifng,absolute_effect_rank_agreement,20,2,spearman_distance,0.01699387847395442,0.002696175561450742,0.01429770291250368,0.017301586561548676,0.016686170386360166,0.0030985271971989414,0.002293823925702543,0.01699387847395442,0.002696175561450742,0.01429770291250368,0.7044754431851206,0.7524266201685557,0.7044754431851206,0.7524266201685557,15 aligned seed-block vectors; 2 measurement replicates retained within each block
frangieh_melanoma_ifng,frangieh_melanoma_coculture,frangieh_melanoma_ifng->frangieh_melanoma_coculture,frangieh_melanoma_coculture<->frangieh_melanoma_ifng,absolute_effect_rank_agreement,20,2,top10_jaccard_distance,0.6410256410256411,0.23444976076555024,0.40657588026009084,0.6153846153846154,0.6666666666666667,0.10526315789473684,0.36363636363636365,0.6410256410256411,0.23444976076555024,0.40657588026009084,0.7044754431851206,0.7524266201685557,0.7044754431851206,0.7524266201685557,15 aligned seed-block vectors; 2 measurement replicates retained within each block
frangieh_melanoma_ifng,frangieh_melanoma_coculture,frangieh_melanoma_ifng->frangieh_melanoma_coculture,frangieh_melanoma_coculture<->frangieh_melanoma_ifng,absolute_effect_rank_agreement,20,2,stable_pair_inversion_fraction,0.002014186073187677,0.0,0.002014186073187677,0.0031564083395630867,0.0037698737911817733,0.0,0.0,0.00346314106537243,0.0,0.00346314106537243,0.7044754431851206,0.7524266201685557,0.7044754431851206,0.7524266201685557,15 aligned seed-block vectors; 2 measurement replicates retained within each block
frangieh_melanoma_ifng,frangieh_melanoma_coculture,frangieh_melanoma_ifng->frangieh_melanoma_coculture,frangieh_melanoma_coculture<->frangieh_melanoma_ifng,absolute_effect_rank_agreement,20,2,d_adj,0.012276855275742946,-0.003914109882964145,0.01619096515870709,0.002908069359682258,0.002361716555264946,0.0008873389518550767,-0.00024217766153250369,0.002634892957473602,0.00032258064516128653,0.0023123123123123153,0.7044754431851206,0.7524266201685557,0.7044754431851206,0.7524266201685557,15 aligned seed-block vectors; 2 measurement replicates retained within each block
frangieh_melanoma_ifng,frangieh_melanoma_coculture,frangieh_melanoma_ifng->frangieh_melanoma_coculture,frangieh_melanoma_coculture<->frangieh_melanoma_ifng,absolute_effect_rank_agreement,40,3,kendall_distance,0.08753269398430696,0.027201394943330515,0.06033129904097645,0.09107817494914278,0.08398721301947115,0.02749200813716951,0.02691078174949152,0.08753269398430696,0.027201394943330515,0.06033129904097645,0.7060447544318512,0.7550712002324905,0.7060447544318512,0.7550712002324905,15 aligned seed-block vectors; 2 measurement replicates retained within each block
frangieh_melanoma_ifng,frangieh_melanoma_coculture,frangieh_melanoma_ifng->frangieh_melanoma_coculture,frangieh_melanoma_coculture<->frangieh_melanoma_ifng,absolute_effect_rank_agreement,40,3,spearman_distance,0.02124677722400689,0.002361892684473399,0.018884884539533492,0.0229065359995152,0.019587018448498583,0.002470989188256778,0.00225279618069002,0.02124677722400689,0.002361892684473399,0.018884884539533492,0.7060447544318512,0.7550712002324905,0.7060447544318512,0.7550712002324905,15 aligned seed-block vectors; 2 measurement replicates retained within each block
frangieh_melanoma_ifng,frangieh_melanoma_coculture,frangieh_melanoma_ifng->frangieh_melanoma_coculture,frangieh_melanoma_coculture<->frangieh_melanoma_ifng,absolute_effect_rank_agreement,40,3,top10_jaccard_distance,0.5833333333333334,0.2857142857142857,0.29761904761904767,0.6666666666666667,0.5,0.2857142857142857,0.2857142857142857,0.5833333333333334,0.2857142857142857,0.29761904761904767,0.7060447544318512,0.7550712002324905,0.7060447544318512,0.7550712002324905,15 aligned seed-block vectors; 2 measurement replicates retained within each block
frangieh_melanoma_ifng,frangieh_melanoma_coculture,frangieh_melanoma_ifng->frangieh_melanoma_coculture,frangieh_melanoma_coculture<->frangieh_melanoma_ifng,absolute_effect_rank_agreement,40,3,stable_pair_inversion_fraction,0.003515472091563757,0.0,0.003515472091563757,0.0069866842018740756,0.00502926869486355,0.0,0.0,0.0060079764483688125,0.0,0.0060079764483688125,0.7060447544318512,0.7550712002324905,0.7060447544318512,0.7550712002324905,15 aligned seed-block vectors; 2 measurement replicates retained within each block
frangieh_melanoma_ifng,frangieh_melanoma_coculture,frangieh_melanoma_ifng->frangieh_melanoma_coculture,frangieh_melanoma_coculture<->frangieh_melanoma_ifng,absolute_effect_rank_agreement,40,3,d_adj,0.01411361082996232,-0.0041598238950853045,0.018273434725047624,0.002981691368788149,0.005258161387193655,0.0029235687300203485,-0.002007168458781359,0.004119926377990902,0.00045820013561949477,0.0036617262423714074,0.7060447544318512,0.7550712002324905,0.7060447544318512,0.7550712002324905,15 aligned seed-block vectors; 2 measurement replicates retained within each block
frangieh_melanoma_ifng,frangieh_melanoma_coculture,frangieh_melanoma_ifng->frangieh_melanoma_coculture,frangieh_melanoma_coculture<->frangieh_melanoma_ifng,absolute_effect_rank_agreement,80,4,kendall_distance,0.0992444056960187,0.02542865446091261,0.07381575123510609,0.10043591979075861,0.09805289160127878,0.023830281894798078,0.02702702702702714,0.0992444056960187,0.02542865446091261,0.07381575123510609,0.7151118860796281,0.7735832606800348,0.7151118860796281,0.7735832606800348,15 aligned seed-block vectors; 2 measurement replicates retained within each block
frangieh_melanoma_ifng,frangieh_melanoma_coculture,frangieh_melanoma_ifng->frangieh_melanoma_coculture,frangieh_melanoma_coculture<->frangieh_melanoma_ifng,absolute_effect_rank_agreement,80,4,spearman_distance,0.02668808190629826,0.00218239630004341,0.02450568560625485,0.027451291208407003,0.02592487260418952,0.0019982376718619688,0.002366554928224851,0.02668808190629826,0.00218239630004341,0.02450568560625485,0.7151118860796281,0.7735832606800348,0.7151118860796281,0.7735832606800348,15 aligned seed-block vectors; 2 measurement replicates retained within each block
frangieh_melanoma_ifng,frangieh_melanoma_coculture,frangieh_melanoma_ifng->frangieh_melanoma_coculture,frangieh_melanoma_coculture<->frangieh_melanoma_ifng,absolute_effect_rank_agreement,80,4,top10_jaccard_distance,0.6133333333333334,0.1526315789473684,0.460701754385965,0.6666666666666667,0.56,0.10526315789473684,0.19999999999999996,0.6133333333333334,0.1526315789473684,0.460701754385965,0.7151118860796281,0.7735832606800348,0.7151118860796281,0.7735832606800348,15 aligned seed-block vectors; 2 measurement replicates retained within each block
frangieh_melanoma_ifng,frangieh_melanoma_coculture,frangieh_melanoma_ifng->frangieh_melanoma_coculture,frangieh_melanoma_coculture<->frangieh_melanoma_ifng,absolute_effect_rank_agreement,80,4,stable_pair_inversion_fraction,0.008852821241791107,0.0,0.008852821241791107,0.013884351519111401,0.013912480789452399,0.0,0.0,0.0138984161542819,0.0,0.0138984161542819,0.7151118860796281,0.7735832606800348,0.7151118860796281,0.7735832606800348,15 aligned seed-block vectors; 2 measurement replicates retained within each block
frangieh_melanoma_ifng,frangieh_melanoma_coculture,frangieh_melanoma_ifng->frangieh_melanoma_coculture,frangieh_melanoma_coculture<->frangieh_melanoma_ifng,absolute_effect_rank_agreement,80,4,d_adj,0.020656935021784853,-0.003784667871430933,0.024441602893215786,0.013815751235106073,0.010099777196551387,0.002634892957473606,0.004880364235202946,0.011957764215828729,0.0037576285963382763,0.008200135619490453,0.7151118860796281,0.7735832606800348,0.7151118860796281,0.7735832606800348,15 aligned seed-block vectors; 2 measurement replicates retained within each block
frangieh_melanoma_ifng,frangieh_melanoma_coculture,frangieh_melanoma_ifng->frangieh_melanoma_coculture,frangieh_melanoma_coculture<->frangieh_melanoma_ifng,absolute_effect_rank_agreement,160,5,kendall_distance,0.12214472537053189,0.026416739319965243,0.09572798605056665,0.11961639058413259,0.12467306015693119,0.02429526300494056,0.028538215634989927,0.12214472537053189,0.026416739319965243,0.09572798605056665,0.7055216506829409,0.775588491717524,0.7055216506829409,0.775588491717524,15 aligned seed-block vectors; 2 measurement replicates retained within each block
frangieh_melanoma_ifng,frangieh_melanoma_coculture,frangieh_melanoma_ifng->frangieh_melanoma_coculture,frangieh_melanoma_coculture<->frangieh_melanoma_ifng,absolute_effect_rank_agreement,160,5,spearman_distance,0.039315769107040516,0.0023782105376033424,0.03693755856943717,0.03718139391763686,0.04145014429644417,0.002002899915613421,0.002753521159593264,0.039315769107040516,0.0023782105376033424,0.03693755856943717,0.7055216506829409,0.775588491717524,0.7055216506829409,0.775588491717524,15 aligned seed-block vectors; 2 measurement replicates retained within each block
frangieh_melanoma_ifng,frangieh_melanoma_coculture,frangieh_melanoma_ifng->frangieh_melanoma_coculture,frangieh_melanoma_coculture<->frangieh_melanoma_ifng,absolute_effect_rank_agreement,160,5,top10_jaccard_distance,0.7142857142857143,0.10526315789473684,0.6090225563909775,0.7142857142857143,0.7142857142857143,0.10526315789473684,0.10526315789473684,0.7142857142857143,0.10526315789473684,0.6090225563909775,0.7055216506829409,0.775588491717524,0.7055216506829409,0.775588491717524,15 aligned seed-block vectors; 2 measurement replicates retained within each block
frangieh_melanoma_ifng,frangieh_melanoma_coculture,frangieh_melanoma_ifng->frangieh_melanoma_coculture,frangieh_melanoma_coculture<->frangieh_melanoma_ifng,absolute_effect_rank_agreement,160,5,stable_pair_inversion_fraction,0.01771453859954923,0.0,0.01771453859954923,0.023477261533409947,0.02794543199669285,0.0,0.0,0.0257113467650514,0.0,0.0257113467650514,0.7055216506829409,0.775588491717524,0.7055216506829409,0.775588491717524,15 aligned seed-block vectors; 2 measurement replicates retained within each block
frangieh_melanoma_ifng,frangieh_melanoma_coculture,frangieh_melanoma_ifng->frangieh_melanoma_coculture,frangieh_melanoma_coculture<->frangieh_melanoma_ifng,absolute_effect_rank_agreement,160,5,d_adj,0.031586921738200935,-0.003852776024077492,0.03543969776227843,0.017824275888792016,0.0219664826116439,-0.0029468177855274612,-0.003570667441635187,0.01989537925021796,-0.003258742613581324,0.023154121863799282,0.7055216506829409,0.775588491717524,0.7055216506829409,0.775588491717524,15 aligned seed-block vectors; 2 measurement replicates retained within each block
frangieh_melanoma_ifng,frangieh_melanoma_coculture,frangieh_melanoma_ifng->frangieh_melanoma_coculture,frangieh_melanoma_coculture<->frangieh_melanoma_ifng,absolute_effect_rank_agreement,full,6,kendall_distance,0.20351641964545197,0.0203138622493462,0.18320255739610578,0.2036036036036037,0.20342923568730026,0.023365300784655707,0.01726242371403669,0.20351641964545197,0.0203138622493462,0.18320255739610578,0.6870095902353968,0.7826503923278116,0.6870095902353968,0.7826503923278116,15 aligned seed-block vectors; 2 measurement replicates retained within each block
frangieh_melanoma_ifng,frangieh_melanoma_coculture,frangieh_melanoma_ifng->frangieh_melanoma_coculture,frangieh_melanoma_coculture<->frangieh_melanoma_ifng,absolute_effect_rank_agreement,full,6,spearman_distance,0.10939395493475193,0.0014201194466849365,0.107973835488067,0.10915711295217939,0.10963079691732447,0.00176885527929177,0.001071383614078103,0.10939395493475193,0.0014201194466849365,0.107973835488067,0.6870095902353968,0.7826503923278116,0.6870095902353968,0.7826503923278116,15 aligned seed-block vectors; 2 measurement replicates retained within each block
frangieh_melanoma_ifng,frangieh_melanoma_coculture,frangieh_melanoma_ifng->frangieh_melanoma_coculture,frangieh_melanoma_coculture<->frangieh_melanoma_ifng,absolute_effect_rank_agreement,full,6,top10_jaccard_distance,0.7364532019704433,0.10526315789473684,0.6311900440757064,0.7142857142857143,0.7586206896551724,0.10526315789473684,0.10526315789473684,0.7364532019704433,0.10526315789473684,0.6311900440757064,0.6870095902353968,0.7826503923278116,0.6870095902353968,0.7826503923278116,15 aligned seed-block vectors; 2 measurement replicates retained within each block
frangieh_melanoma_ifng,frangieh_melanoma_coculture,frangieh_melanoma_ifng->frangieh_melanoma_coculture,frangieh_melanoma_coculture<->frangieh_melanoma_ifng,absolute_effect_rank_agreement,full,6,stable_pair_inversion_fraction,0.08576694668896047,0.0,0.08576694668896047,0.10099813906276434,0.10306312404806228,0.0,0.0,0.10203063155541331,0.0,0.10203063155541331,0.6870095902353968,0.7826503923278116,0.6870095902353968,0.7826503923278116,15 aligned seed-block vectors; 2 measurement replicates retained within each block
frangieh_melanoma_ifng,frangieh_melanoma_coculture,frangieh_melanoma_ifng->frangieh_melanoma_coculture,frangieh_melanoma_coculture<->frangieh_melanoma_ifng,absolute_effect_rank_agreement,full,6,d_adj,0.08087870963288092,-0.003835682178285102,0.08471439181116602,0.07194226484549066,0.07131841518938294,0.004155768671897705,-0.0017184926862346202,0.07163034001743679,0.0012186379928315423,0.07041170202460524,0.6870095902353968,0.7826503923278116,0.6870095902353968,0.7826503923278116,15 aligned seed-block vectors; 2 measurement replicates retained within each block
frangieh_melanoma_ifng,frangieh_melanoma_coculture,frangieh_melanoma_ifng->frangieh_melanoma_coculture,frangieh_melanoma_coculture<->frangieh_melanoma_ifng,delta_cosine,10,1,kendall_distance,0.4170880557977332,0.11758209822725957,0.29950595757047366,0.42510897994768965,0.40906713164777686,0.10020342923568737,0.13496076721883177,0.4170880557977332,0.11758209822725957,0.29950595757047366,0.08866608544027899,0.21272885789014823,0.08866608544027899,0.21272885789014823,15 aligned seed-block vectors; 2 measurement replicates retained within each block
frangieh_melanoma_ifng,frangieh_melanoma_coculture,frangieh_melanoma_ifng->frangieh_melanoma_coculture,frangieh_melanoma_coculture<->frangieh_melanoma_ifng,delta_cosine,10,1,spearman_distance,0.3791709598161211,0.0380159355491424,0.3411550242669787,0.39183920853750076,0.3665027110947414,0.0277272960384915,0.0483045750597933,0.3791709598161211,0.0380159355491424,0.3411550242669787,0.08866608544027899,0.21272885789014823,0.08866608544027899,0.21272885789014823,15 aligned seed-block vectors; 2 measurement replicates retained within each block
frangieh_melanoma_ifng,frangieh_melanoma_coculture,frangieh_melanoma_ifng->frangieh_melanoma_coculture,frangieh_melanoma_coculture<->frangieh_melanoma_ifng,delta_cosine,10,1,top10_jaccard_distance,0.9090909090909091,0.48951048951048953,0.41958041958041953,0.9090909090909091,0.9090909090909091,0.36363636363636365,0.6153846153846154,0.9090909090909091,0.48951048951048953,0.41958041958041953,0.08866608544027899,0.21272885789014823,0.08866608544027899,0.21272885789014823,15 aligned seed-block vectors; 2 measurement replicates retained within each block
frangieh_melanoma_ifng,frangieh_melanoma_coculture,frangieh_melanoma_ifng->frangieh_melanoma_coculture,frangieh_melanoma_coculture<->frangieh_melanoma_ifng,delta_cosine,10,1,stable_pair_inversion_fraction,0.2270075950664237,0.0,0.2270075950664237,0.2885572139303483,0.23562023562023562,0.0,0.0,0.26208872477529194,0.0,0.26208872477529194,0.08866608544027899,0.21272885789014823,0.08866608544027899,0.21272885789014823,15 aligned seed-block vectors; 2 measurement replicates retained within each block
frangieh_melanoma_ifng,frangieh_melanoma_coculture,frangieh_melanoma_ifng->frangieh_melanoma_coculture,frangieh_melanoma_coculture<->frangieh_melanoma_ifng,delta_cosine,10,1,d_adj,0.03880593385376474,-0.00962927554918655,0.04843520940295129,0.021278698052891582,0.02226872033323645,-9.493364332075297e-05,0.011733023345926559,0.02177370919306402,0.005819044851302903,0.015954664341761116,0.08866608544027899,0.21272885789014823,0.08866608544027899,0.21272885789014823,15 aligned seed-block vectors; 2 measurement replicates retained within each block
frangieh_melanoma_ifng,frangieh_melanoma_coculture,frangieh_melanoma_ifng->frangieh_melanoma_coculture,frangieh_melanoma_coculture<->frangieh_melanoma_ifng,delta_cosine,20,2,kendall_distance,0.3691078174949143,0.09104911362975887,0.2780587038651554,0.36466143562917763,0.373554199360651,0.07858180761406575,0.103516419645452,0.3691078174949143,0.09104911362975887,0.2780587038651554,0.17721592560302238,0.3241499564080209,0.17721592560302238,0.3241499564080209,15 aligned seed-block vectors; 2 measurement replicates retained within each block
frangieh_melanoma_ifng,frangieh_melanoma_coculture,frangieh_melanoma_ifng->frangieh_melanoma_coculture,frangieh_melanoma_coculture<->frangieh_melanoma_ifng,delta_cosine,20,2,spearman_distance,0.31027045676002035,0.02525117838210822,0.28501927837791213,0.30372186918676486,0.31681904433327585,0.01889700637328723,0.03160535039092921,0.31027045676002035,0.02525117838210822,0.28501927837791213,0.17721592560302238,0.3241499564080209,0.17721592560302238,0.3241499564080209,15 aligned seed-block vectors; 2 measurement replicates retained within each block
frangieh_melanoma_ifng,frangieh_melanoma_coculture,frangieh_melanoma_ifng->frangieh_melanoma_coculture,frangieh_melanoma_coculture<->frangieh_melanoma_ifng,delta_cosine,20,2,top10_jaccard_distance,0.8193548387096774,0.3246753246753247,0.49467951403435273,0.8,0.8387096774193549,0.36363636363636365,0.2857142857142857,0.8193548387096774,0.3246753246753247,0.49467951403435273,0.17721592560302238,0.3241499564080209,0.17721592560302238,0.3241499564080209,15 aligned seed-block vectors; 2 measurement replicates retained within each block
frangieh_melanoma_ifng,frangieh_melanoma_coculture,frangieh_melanoma_ifng->frangieh_melanoma_coculture,frangieh_melanoma_coculture<->frangieh_melanoma_ifng,delta_cosine,20,2,stable_pair_inversion_fraction,0.13383880428010583,0.0,0.13383880428010583,0.1441947565543071,0.19177608845888044,0.0,0.0,0.16798542250659376,0.0,0.16798542250659376,0.17721592560302238,0.3241499564080209,0.17721592560302238,0.3241499564080209,15 aligned seed-block vectors; 2 measurement replicates retained within each block
frangieh_melanoma_ifng,frangieh_melanoma_coculture,frangieh_melanoma_ifng->frangieh_melanoma_coculture,frangieh_melanoma_coculture<->frangieh_melanoma_ifng,delta_cosine,20,2,d_adj,0.04594203324570398,-0.008835389338170185,0.054777422583874164,0.02547515257192678,0.03568148793955246,-0.009603797345732837,0.016402208660273174,0.030578320255739623,0.0033992056572701686,0.027179114598469455,0.17721592560302238,0.3241499564080209,0.17721592560302238,0.3241499564080209,15 aligned seed-block vectors; 2 measurement replicates retained within each block
frangieh_melanoma_ifng,frangieh_melanoma_coculture,frangieh_melanoma_ifng->frangieh_melanoma_coculture,frangieh_melanoma_coculture<->frangieh_melanoma_ifng,delta_cosine,40,3,kendall_distance,0.38192385934321416,0.07550130775937239,0.3064225515838418,0.3814588782330718,0.3823888404533566,0.07346701540249939,0.07753560011624538,0.38192385934321416,0.07550130775937239,0.3064225515838418,0.24690496948561466,0.4155768671897704,0.24690496948561466,0.4155768671897704,15 aligned seed-block vectors; 2 measurement replicates retained within each block
frangieh_melanoma_ifng,frangieh_melanoma_coculture,frangieh_melanoma_ifng->frangieh_melanoma_coculture,frangieh_melanoma_coculture<->frangieh_melanoma_ifng,delta_cosine,40,3,spearman_distance,0.32597895463170606,0.017977611905505675,0.3080013427262004,0.32383199138417357,0.32812591787923856,0.01773983747418284,0.01821538633682851,0.32597895463170606,0.017977611905505675,0.3080013427262004,0.24690496948561466,0.4155768671897704,0.24690496948561466,0.4155768671897704,15 aligned seed-block vectors; 2 measurement replicates retained within each block
frangieh_melanoma_ifng,frangieh_melanoma_coculture,frangieh_melanoma_ifng->frangieh_melanoma_coculture,frangieh_melanoma_coculture<->frangieh_melanoma_ifng,delta_cosine,40,3,top10_jaccard_distance,0.8568548387096775,0.2857142857142857,0.5711405529953918,0.8387096774193549,0.875,0.2857142857142857,0.2857142857142857,0.8568548387096775,0.2857142857142857,0.5711405529953918,0.24690496948561466,0.4155768671897704,0.24690496948561466,0.4155768671897704,15 aligned seed-block vectors; 2 measurement replicates retained within each block
frangieh_melanoma_ifng,frangieh_melanoma_coculture,frangieh_melanoma_ifng->frangieh_melanoma_coculture,frangieh_melanoma_coculture<->frangieh_melanoma_ifng,delta_cosine,40,3,stable_pair_inversion_fraction,0.20326522560773058,0.0,0.20326522560773058,0.2413793103448276,0.2310660877954655,0.0,0.0,0.23622269907014654,0.0,0.23622269907014654,0.24690496948561466,0.4155768671897704,0.24690496948561466,0.4155768671897704,15 aligned seed-block vectors; 2 measurement replicates retained within each block
frangieh_melanoma_ifng,frangieh_melanoma_coculture,frangieh_melanoma_ifng->frangieh_melanoma_coculture,frangieh_melanoma_coculture<->frangieh_melanoma_ifng,delta_cosine,40,3,d_adj,0.07406564740491323,-0.007908778634028946,0.08197442603894217,0.04487261455003389,0.04871839581517,-0.01120410733313958,0.0005017921146953504,0.04679550518260195,-0.005351157609222115,0.05214666279182406,0.24690496948561466,0.4155768671897704,0.24690496948561466,0.4155768671897704,15 aligned seed-block vectors; 2 measurement replicates retained within each block
frangieh_melanoma_ifng,frangieh_melanoma_coculture,frangieh_melanoma_ifng->frangieh_melanoma_coculture,frangieh_melanoma_coculture<->frangieh_melanoma_ifng,delta_cosine,80,4,kendall_distance,0.3709677419354839,0.051932577739029456,0.3190351641964544,0.3713455390874746,0.37058994478349316,0.04643998837547236,0.05742516710258655,0.3709677419354839,0.051932577739029456,0.3190351641964544,0.36701540249927345,0.5332170880557977,0.36701540249927345,0.5332170880557977,15 aligned seed-block vectors; 2 measurement replicates retained within each block
frangieh_melanoma_ifng,frangieh_melanoma_coculture,frangieh_melanoma_ifng->frangieh_melanoma_coculture,frangieh_melanoma_coculture<->frangieh_melanoma_ifng,delta_cosine,80,4,spearman_distance,0.3083006587750421,0.008076871074973568,0.3002237877000685,0.3103292010312883,0.3062721165187958,0.006426436786968137,0.009727305362979,0.3083006587750421,0.008076871074973568,0.3002237877000685,0.36701540249927345,0.5332170880557977,0.36701540249927345,0.5332170880557977,15 aligned seed-block vectors; 2 measurement replicates retained within each block
frangieh_melanoma_ifng,frangieh_melanoma_coculture,frangieh_melanoma_ifng->frangieh_melanoma_coculture,frangieh_melanoma_coculture<->frangieh_melanoma_ifng,delta_cosine,80,4,top10_jaccard_distance,0.875,0.19999999999999996,0.675,0.875,0.875,0.19999999999999996,0.19999999999999996,0.875,0.19999999999999996,0.675,0.36701540249927345,0.5332170880557977,0.36701540249927345,0.5332170880557977,15 aligned seed-block vectors; 2 measurement replicates retained within each block
frangieh_melanoma_ifng,frangieh_melanoma_coculture,frangieh_melanoma_ifng->frangieh_melanoma_coculture,frangieh_melanoma_coculture<->frangieh_melanoma_ifng,delta_cosine,80,4,stable_pair_inversion_fraction,0.23289430936970007,0.0,0.23289430936970007,0.2713583282114321,0.25682078091815064,0.0,0.0,0.26408955456479133,0.0,0.26408955456479133,0.36701540249927345,0.5332170880557977,0.36701540249927345,0.5332170880557977,15 aligned seed-block vectors; 2 measurement replicates retained within each block
frangieh_melanoma_ifng,frangieh_melanoma_coculture,frangieh_melanoma_ifng->frangieh_melanoma_coculture,frangieh_melanoma_coculture<->frangieh_melanoma_ifng,delta_cosine,80,4,d_adj,0.1082773630137368,-0.006957484737239977,0.11523484775097678,0.09224062772449869,0.08823016564952049,0.005157415479996112,0.002795698924731175,0.09023539668700958,0.0039765572023636436,0.08625883948464594,0.36701540249927345,0.5332170880557977,0.36701540249927345,0.5332170880557977,15 aligned seed-block vectors; 2 measurement replicates retained within each block
frangieh_melanoma_ifng,frangieh_melanoma_coculture,frangieh_melanoma_ifng->frangieh_melanoma_coculture,frangieh_melanoma_coculture<->frangieh_melanoma_ifng,delta_cosine,160,5,kendall_distance,0.39383900029061325,0.04411508282476034,0.3497239174658529,0.3888985759953502,0.39877942458587623,0.04056960185992453,0.047660563789596155,0.39383900029061325,0.04411508282476034,0.3497239174658529,0.4535309503051439,0.6079337401918047,0.4535309503051439,0.6079337401918047,15 aligned seed-block vectors; 2 measurement replicates retained within each block
frangieh_melanoma_ifng,frangieh_melanoma_coculture,frangieh_melanoma_ifng->frangieh_melanoma_coculture,frangieh_melanoma_coculture<->frangieh_melanoma_ifng,delta_cosine,160,5,spearman_distance,0.34162404598837237,0.006070241364359047,0.3355538046240133,0.33432670206863757,0.34892138990810717,0.005139657511574081,0.007000825217144013,0.34162404598837237,0.006070241364359047,0.3355538046240133,0.4535309503051439,0.6079337401918047,0.4535309503051439,0.6079337401918047,15 aligned seed-block vectors; 2 measurement replicates retained within each block
frangieh_melanoma_ifng,frangieh_melanoma_coculture,frangieh_melanoma_ifng->frangieh_melanoma_coculture,frangieh_melanoma_coculture<->frangieh_melanoma_ifng,delta_cosine,160,5,top10_jaccard_distance,0.8568548387096775,0.2857142857142857,0.5711405529953918,0.8387096774193549,0.875,0.2857142857142857,0.2857142857142857,0.8568548387096775,0.2857142857142857,0.5711405529953918,0.4535309503051439,0.6079337401918047,0.4535309503051439,0.6079337401918047,15 aligned seed-block vectors; 2 measurement replicates retained within each block
frangieh_melanoma_ifng,frangieh_melanoma_coculture,frangieh_melanoma_ifng->frangieh_melanoma_coculture,frangieh_melanoma_coculture<->frangieh_melanoma_ifng,delta_cosine,160,5,stable_pair_inversion_fraction,0.2897070099186231,0.0,0.2897070099186231,0.3010424612255276,0.3184754521963824,0.0,0.0,0.309758956710955,0.0,0.309758956710955,0.4535309503051439,0.6079337401918047,0.4535309503051439,0.6079337401918047,15 aligned seed-block vectors; 2 measurement replicates retained within each block
frangieh_melanoma_ifng,frangieh_melanoma_coculture,frangieh_melanoma_ifng->frangieh_melanoma_coculture,frangieh_melanoma_coculture<->frangieh_melanoma_ifng,delta_cosine,160,5,d_adj,0.14101047209612283,-0.005911288374024715,0.14692176047014754,0.1228693209338371,0.1295476121282573,0.0062365591397849475,-0.0019219219219218987,0.1262084665310472,0.002157318608931524,0.12405114792211568,0.4535309503051439,0.6079337401918047,0.4535309503051439,0.6079337401918047,15 aligned seed-block vectors; 2 measurement replicates retained within each block
frangieh_melanoma_ifng,frangieh_melanoma_coculture,frangieh_melanoma_ifng->frangieh_melanoma_coculture,frangieh_melanoma_coculture<->frangieh_melanoma_ifng,delta_cosine,full,6,kendall_distance,0.3849171752397559,0.03135716361522825,0.35356001162452766,0.3838419064225516,0.3859924440569602,0.030804998546934137,0.031909328683522364,0.3849171752397559,0.03135716361522825,0.35356001162452766,0.5622202848009299,0.7019471083987212,0.5622202848009299,0.7019471083987212,15 aligned seed-block vectors; 2 measurement replicates retained within each block
frangieh_melanoma_ifng,frangieh_melanoma_coculture,frangieh_melanoma_ifng->frangieh_melanoma_coculture,frangieh_melanoma_coculture<->frangieh_melanoma_ifng,delta_cosine,full,6,spearman_distance,0.32897258134449786,0.003219745534736085,0.3257528358097618,0.32654634969625485,0.3313988129927409,0.003250516343495491,0.0031889747259766787,0.32897258134449786,0.003219745534736085,0.3257528358097618,0.5622202848009299,0.7019471083987212,0.5622202848009299,0.7019471083987212,15 aligned seed-block vectors; 2 measurement replicates retained within each block
frangieh_melanoma_ifng,frangieh_melanoma_coculture,frangieh_melanoma_ifng->frangieh_melanoma_coculture,frangieh_melanoma_coculture<->frangieh_melanoma_ifng,delta_cosine,full,6,top10_jaccard_distance,0.9090909090909091,0.05263157894736842,0.8564593301435406,0.9090909090909091,0.9090909090909091,0.10526315789473684,0.0,0.9090909090909091,0.05263157894736842,0.8564593301435406,0.5622202848009299,0.7019471083987212,0.5622202848009299,0.7019471083987212,15 aligned seed-block vectors; 2 measurement replicates retained within each block
frangieh_melanoma_ifng,frangieh_melanoma_coculture,frangieh_melanoma_ifng->frangieh_melanoma_coculture,frangieh_melanoma_coculture<->frangieh_melanoma_ifng,delta_cosine,full,6,stable_pair_inversion_fraction,0.30561525707731046,0.0,0.30561525707731046,0.3184924414992752,0.32462840627580514,0.0,0.0,0.32156042388754014,0.0,0.32156042388754014,0.5622202848009299,0.7019471083987212,0.5622202848009299,0.7019471083987212,15 aligned seed-block vectors; 2 measurement replicates retained within each block
frangieh_melanoma_ifng,frangieh_melanoma_coculture,frangieh_melanoma_ifng->frangieh_melanoma_coculture,frangieh_melanoma_coculture<->frangieh_melanoma_ifng,delta_cosine,full,6,d_adj,0.17576760297561184,-0.004982179064492762,0.1807497820401046,0.16564564564564563,0.1649869224062773,-0.003599728761019094,0.008402596144531623,0.16531628402596146,0.0024014336917562644,0.1629148503342052,0.5622202848009299,0.7019471083987212,0.5622202848009299,0.7019471083987212,15 aligned seed-block vectors; 2 measurement replicates retained within each block
frangieh_melanoma_ifng,frangieh_melanoma_coculture,frangieh_melanoma_ifng->frangieh_melanoma_coculture,frangieh_melanoma_coculture<->frangieh_melanoma_ifng,systema_centroid_accuracy,10,1,kendall_distance,0.4819166995807127,0.1362179773382211,0.3456987222424916,0.4877027732299852,0.47638642509252477,0.13313850219529633,0.1396964665889912,0.48204459916125497,0.13641748439214377,0.34562711476911123,0.08695146759662889,0.17881429816913685,0.08695146759662889,0.17881429816913685,15 aligned seed-block vectors; 2 measurement replicates retained within each block
frangieh_melanoma_ifng,frangieh_melanoma_coculture,frangieh_melanoma_ifng->frangieh_melanoma_coculture,frangieh_melanoma_coculture<->frangieh_melanoma_ifng,systema_centroid_accuracy,10,1,spearman_distance,0.47185909248676794,0.05165378352049815,0.4202053089662698,0.48053222607525303,0.46338627372817937,0.047976378965192246,0.055554286376412576,0.4719592499017162,0.05176533267080241,0.4201939172309138,0.08695146759662889,0.17881429816913685,0.08695146759662889,0.17881429816913685,15 aligned seed-block vectors; 2 measurement replicates retained within each block
frangieh_melanoma_ifng,frangieh_melanoma_coculture,frangieh_melanoma_ifng->frangieh_melanoma_coculture,frangieh_melanoma_coculture<->frangieh_melanoma_ifng,systema_centroid_accuracy,10,1,top10_jaccard_distance,0.9563025210084033,0.3173913043478261,0.6389112166605773,0.9411764705882353,0.9714285714285714,0.4347826086956522,0.19999999999999996,0.9563025210084033,0.3173913043478261,0.6389112166605773,0.08695146759662889,0.17881429816913685,0.08695146759662889,0.17881429816913685,15 aligned seed-block vectors; 2 measurement replicates retained within each block
frangieh_melanoma_ifng,frangieh_melanoma_coculture,frangieh_melanoma_ifng->frangieh_melanoma_coculture,frangieh_melanoma_coculture<->frangieh_melanoma_ifng,systema_centroid_accuracy,10,1,stable_pair_inversion_fraction,0.19782517734292138,0.0,0.19782517734292138,0.25799863852961197,0.23900196979645436,0.0,0.0,0.24850030416303315,0.0,0.24850030416303315,0.08695146759662889,0.17881429816913685,0.08695146759662889,0.17881429816913685,15 aligned seed-block vectors; 2 measurement replicates retained within each block
frangieh_melanoma_ifng,frangieh_melanoma_coculture,frangieh_melanoma_ifng->frangieh_melanoma_coculture,frangieh_melanoma_coculture<->frangieh_melanoma_ifng,systema_centroid_accuracy,10,1,d_adj,0.03486944118757246,-0.009666869316479948,0.04453631050405241,0.006974716652136,0.00945461590622882,-0.013052407245955614,0.0007710936743194674,0.00821466627918241,-0.006140656785818073,0.014355323065000484,0.08695146759662889,0.17881429816913685,0.08695146759662889,0.17881429816913685,15 aligned seed-block vectors; 2 measurement replicates retained within each block
frangieh_melanoma_ifng,frangieh_melanoma_coculture,frangieh_melanoma_ifng->frangieh_melanoma_coculture,frangieh_melanoma_coculture<->frangieh_melanoma_ifng,systema_centroid_accuracy,20,2,kendall_distance,0.3879969395775975,0.12762710306522254,0.260369836512375,0.39680532503418764,0.37912439309988766,0.13425199139484845,0.12086506534383323,0.38796485906703765,0.12755852836934084,0.2604063306976968,0.14254577157802967,0.24286544609125255,0.14254577157802967,0.24286544609125255,15 aligned seed-block vectors; 2 measurement replicates retained within each block
frangieh_melanoma_ifng,frangieh_melanoma_coculture,frangieh_melanoma_ifng->frangieh_melanoma_coculture,frangieh_melanoma_coculture<->frangieh_melanoma_ifng,systema_centroid_accuracy,20,2,spearman_distance,0.33807258960232633,0.046934188889484724,0.2911384007128416,0.35127007046063996,0.3248353403618382,0.05233281333483769,0.04148526585591772,0.3380527054112391,0.046909039595377705,0.2911436658158614,0.14254577157802967,0.24286544609125255,0.14254577157802967,0.24286544609125255,15 aligned seed-block vectors; 2 measurement replicates retained within each block
frangieh_melanoma_ifng,frangieh_melanoma_coculture,frangieh_melanoma_ifng->frangieh_melanoma_coculture,frangieh_melanoma_coculture<->frangieh_melanoma_ifng,systema_centroid_accuracy,20,2,top10_jaccard_distance,0.9080882352941176,0.36024844720496896,0.5478397880891487,0.875,0.9411764705882353,0.4347826086956522,0.2857142857142857,0.9080882352941176,0.36024844720496896,0.5478397880891487,0.14254577157802967,0.24286544609125255,0.14254577157802967,0.24286544609125255,15 aligned seed-block vectors; 2 measurement replicates retained within each block
frangieh_melanoma_ifng,frangieh_melanoma_coculture,frangieh_melanoma_ifng->frangieh_melanoma_coculture,frangieh_melanoma_coculture<->frangieh_melanoma_ifng,systema_centroid_accuracy,20,2,stable_pair_inversion_fraction,0.09278421623045255,0.0,0.09278421623045255,0.1460446247464503,0.12950819672131147,0.0,0.0,0.1377764107338809,0.0,0.1377764107338809,0.14254577157802967,0.24286544609125255,0.14254577157802967,0.24286544609125255,15 aligned seed-block vectors; 2 measurement replicates retained within each block
frangieh_melanoma_ifng,frangieh_melanoma_coculture,frangieh_melanoma_ifng->frangieh_melanoma_coculture,frangieh_melanoma_coculture<->frangieh_melanoma_ifng,systema_centroid_accuracy,20,2,d_adj,0.032870425486665744,-0.008969543514593531,0.041839969001259275,0.009068100358422919,0.004794148987697366,-0.011686525234912325,-0.005640802092414998,0.006931124673060143,-0.00866366366366366,0.015594788336723803,0.14254577157802967,0.24286544609125255,0.14254577157802967,0.24286544609125255,15 aligned seed-block vectors; 2 measurement replicates retained within each block
frangieh_melanoma_ifng,frangieh_melanoma_coculture,frangieh_melanoma_ifng->frangieh_melanoma_coculture,frangieh_melanoma_coculture<->frangieh_melanoma_ifng,systema_centroid_accuracy,40,3,kendall_distance,0.34211866836737664,0.10888027922854807,0.23323838913882858,0.3368990130889765,0.3470482224741173,0.10618478648222623,0.11134368014447216,0.3419736177815469,0.1087642333133492,0.2332093844681977,0.1877361232199942,0.2943039814007556,0.1877361232199942,0.2943039814007556,15 aligned seed-block vectors; 2 measurement replicates retained within each block
frangieh_melanoma_ifng,frangieh_melanoma_coculture,frangieh_melanoma_ifng->frangieh_melanoma_coculture,frangieh_melanoma_coculture<->frangieh_melanoma_ifng,systema_centroid_accuracy,40,3,spearman_distance,0.27588066769192066,0.03497581785003842,0.24090484984188223,0.2682710602572471,0.28302429549767955,0.0337824323607826,0.035962202027107204,0.27564767787746336,0.0348723171939449,0.24077536068351846,0.1877361232199942,0.2943039814007556,0.1877361232199942,0.2943039814007556,15 aligned seed-block vectors; 2 measurement replicates retained within each block
frangieh_melanoma_ifng,frangieh_melanoma_coculture,frangieh_melanoma_ifng->frangieh_melanoma_coculture,frangieh_melanoma_coculture<->frangieh_melanoma_ifng,systema_centroid_accuracy,40,3,top10_jaccard_distance,0.8920454545454546,0.46181818181818185,0.43022727272727274,0.875,0.9090909090909091,0.36363636363636365,0.56,0.8920454545454546,0.46181818181818185,0.43022727272727274,0.1877361232199942,0.2943039814007556,0.1877361232199942,0.2943039814007556,15 aligned seed-block vectors; 2 measurement replicates retained within each block
frangieh_melanoma_ifng,frangieh_melanoma_coculture,frangieh_melanoma_ifng->frangieh_melanoma_coculture,frangieh_melanoma_coculture<->frangieh_melanoma_ifng,systema_centroid_accuracy,40,3,stable_pair_inversion_fraction,0.06003075864182576,0.0,0.06003075864182576,0.07894736842105263,0.10495356037151703,0.0,0.0,0.09195046439628482,0.0,0.09195046439628482,0.1877361232199942,0.2943039814007556,0.1877361232199942,0.2943039814007556,15 aligned seed-block vectors; 2 measurement replicates retained within each block
frangieh_melanoma_ifng,frangieh_melanoma_coculture,frangieh_melanoma_ifng->frangieh_melanoma_coculture,frangieh_melanoma_coculture<->frangieh_melanoma_ifng,systema_centroid_accuracy,40,3,d_adj,0.0318189312783306,-0.00858524709358971,0.04040417837192031,0.004164487067712871,0.012261939358713551,-0.014524847428073225,0.004535503245180658,0.008213213213213211,-0.004994672091446283,0.013207885304659495,0.1877361232199942,0.2943039814007556,0.1877361232199942,0.2943039814007556,15 aligned seed-block vectors; 2 measurement replicates retained within each block
frangieh_melanoma_ifng,frangieh_melanoma_coculture,frangieh_melanoma_ifng->frangieh_melanoma_coculture,frangieh_melanoma_coculture<->frangieh_melanoma_ifng,systema_centroid_accuracy,80,4,kendall_distance,0.30424400968659243,0.07273297379560861,0.23151103589098382,0.31022703755452197,0.29815686924426565,0.06556114127181611,0.07992673069642592,0.3041919533993938,0.07274393598412102,0.2314480174152728,0.31955826794536474,0.4433304272013949,0.31955826794536474,0.4433304272013949,15 aligned seed-block vectors; 2 measurement replicates retained within each block
frangieh_melanoma_ifng,frangieh_melanoma_coculture,frangieh_melanoma_ifng->frangieh_melanoma_coculture,frangieh_melanoma_coculture<->frangieh_melanoma_ifng,systema_centroid_accuracy,80,4,spearman_distance,0.22439471735645408,0.015504250148998505,0.20889046720745558,0.2330823790045738,0.21565958530029905,0.012503012984380613,0.018513908042873894,0.22437098215243642,0.015508460513627254,0.20886252163880917,0.31955826794536474,0.4433304272013949,0.31955826794536474,0.4433304272013949,15 aligned seed-block vectors; 2 measurement replicates retained within each block
frangieh_melanoma_ifng,frangieh_melanoma_coculture,frangieh_melanoma_ifng->frangieh_melanoma_coculture,frangieh_melanoma_coculture<->frangieh_melanoma_ifng,systema_centroid_accuracy,80,4,top10_jaccard_distance,0.9251336898395721,0.39920948616600793,0.5259242036735642,0.9090909090909091,0.9411764705882353,0.36363636363636365,0.4347826086956522,0.9251336898395721,0.39920948616600793,0.5259242036735642,0.31955826794536474,0.4433304272013949,0.31955826794536474,0.4433304272013949,15 aligned seed-block vectors; 2 measurement replicates retained within each block
frangieh_melanoma_ifng,frangieh_melanoma_coculture,frangieh_melanoma_ifng->frangieh_melanoma_coculture,frangieh_melanoma_coculture<->frangieh_melanoma_ifng,systema_centroid_accuracy,80,4,stable_pair_inversion_fraction,0.0689636260310851,0.0,0.0689636260310851,0.10635984779851422,0.09019536242468505,0.0,0.0,0.09827760511159964,0.0,0.09827760511159964,0.31955826794536474,0.4433304272013949,0.31955826794536474,0.4433304272013949,15 aligned seed-block vectors; 2 measurement replicates retained within each block
frangieh_melanoma_ifng,frangieh_melanoma_coculture,frangieh_melanoma_ifng->frangieh_melanoma_coculture,frangieh_melanoma_coculture<->frangieh_melanoma_ifng,systema_centroid_accuracy,80,4,d_adj,0.047309019809576025,-0.0077238517716827215,0.05503287158125875,0.03534147050276082,0.025541993606509727,-0.00882107914365979,0.011924828053860323,0.030441732054635275,0.0015518744551002665,0.02888985759953501,0.31955826794536474,0.4433304272013949,0.31955826794536474,0.4433304272013949,15 aligned seed-block vectors; 2 measurement replicates retained within each block
frangieh_melanoma_ifng,frangieh_melanoma_coculture,frangieh_melanoma_ifng->frangieh_melanoma_coculture,frangieh_melanoma_coculture<->frangieh_melanoma_ifng,systema_centroid_accuracy,160,5,kendall_distance,0.2541016797582404,0.04876259747751485,0.20533908228072553,0.2530953903388944,0.25515958209010164,0.04795675172934949,0.04941572859772836,0.254127486214498,0.048686240163538924,0.20544124605095906,0.47547224643998837,0.5920953211275792,0.47547224643998837,0.5920953211275792,15 aligned seed-block vectors; 2 measurement replicates retained within each block
frangieh_melanoma_ifng,frangieh_melanoma_coculture,frangieh_melanoma_ifng->frangieh_melanoma_coculture,frangieh_melanoma_coculture<->frangieh_melanoma_ifng,systema_centroid_accuracy,160,5,spearman_distance,0.1664068234037379,0.007349922880100751,0.15905690052363716,0.16452109809099413,0.16821484818221355,0.006602681914097075,0.008083428364900891,0.16636797313660384,0.007343055139498983,0.15902491799710486,0.47547224643998837,0.5920953211275792,0.47547224643998837,0.5920953211275792,15 aligned seed-block vectors; 2 measurement replicates retained within each block
frangieh_melanoma_ifng,frangieh_melanoma_coculture,frangieh_melanoma_ifng->frangieh_melanoma_coculture,frangieh_melanoma_coculture<->frangieh_melanoma_ifng,systema_centroid_accuracy,160,5,top10_jaccard_distance,0.8,0.39920948616600793,0.4007905138339921,0.8,0.8,0.4347826086956522,0.36363636363636365,0.8,0.39920948616600793,0.4007905138339921,0.47547224643998837,0.5920953211275792,0.47547224643998837,0.5920953211275792,15 aligned seed-block vectors; 2 measurement replicates retained within each block
frangieh_melanoma_ifng,frangieh_melanoma_coculture,frangieh_melanoma_ifng->frangieh_melanoma_coculture,frangieh_melanoma_coculture<->frangieh_melanoma_ifng,systema_centroid_accuracy,160,5,stable_pair_inversion_fraction,0.06985802241499203,0.0,0.06985802241499203,0.09671532846715329,0.09237194447856528,0.0,0.0,0.0945436364728593,0.0,0.0945436364728593,0.47547224643998837,0.5920953211275792,0.47547224643998837,0.5920953211275792,15 aligned seed-block vectors; 2 measurement replicates retained within each block
frangieh_melanoma_ifng,frangieh_melanoma_coculture,frangieh_melanoma_ifng->frangieh_melanoma_coculture,frangieh_melanoma_coculture<->frangieh_melanoma_ifng,systema_centroid_accuracy,160,5,d_adj,0.058548502896667576,-0.006018612605931811,0.06456711550259939,0.041558655429623156,0.04662985566211373,0.006170686815848103,-0.0006887532693984195,0.04409425554586845,0.002740966773224842,0.041353288772643604,0.47547224643998837,0.5920953211275792,0.47547224643998837,0.5920953211275792,15 aligned seed-block vectors; 2 measurement replicates retained within each block
frangieh_melanoma_ifng,frangieh_melanoma_coculture,frangieh_melanoma_ifng->frangieh_melanoma_coculture,frangieh_melanoma_coculture<->frangieh_melanoma_ifng,systema_centroid_accuracy,full,6,kendall_distance,0.13801989545744542,0.018097728811660274,0.11992216664578514,0.13731820273747064,0.13871435903795293,0.014700322591198967,0.02116486757148689,0.13801628088771178,0.017932595081342928,0.12008368580636886,0.7568730020342924,0.8296134844521941,0.7568730020342924,0.8296134844521941,15 aligned seed-block vectors; 2 measurement replicates retained within each block
frangieh_melanoma_ifng,frangieh_melanoma_coculture,frangieh_melanoma_ifng->frangieh_melanoma_coculture,frangieh_melanoma_coculture<->frangieh_melanoma_ifng,systema_centroid_accuracy,full,6,spearman_distance,0.05315222818800222,0.001315004439675721,0.0518372237483265,0.05289704898072717,0.0535769484108608,0.0009145093444227759,0.0017318243528378074,0.053236998695793986,0.0013231668486302917,0.051913831847163694,0.7568730020342924,0.8296134844521941,0.7568730020342924,0.8296134844521941,15 aligned seed-block vectors; 2 measurement replicates retained within each block
frangieh_melanoma_ifng,frangieh_melanoma_coculture,frangieh_melanoma_ifng->frangieh_melanoma_coculture,frangieh_melanoma_coculture<->frangieh_melanoma_ifng,systema_centroid_accuracy,full,6,top10_jaccard_distance,0.56,0.09999999999999998,0.4600000000000001,0.56,0.5,0.0,0.19999999999999996,0.53,0.09999999999999998,0.43000000000000005,0.7568730020342924,0.8296134844521941,0.7568730020342924,0.8296134844521941,15 aligned seed-block vectors; 2 measurement replicates retained within each block
frangieh_melanoma_ifng,frangieh_melanoma_coculture,frangieh_melanoma_ifng->frangieh_melanoma_coculture,frangieh_melanoma_coculture<->frangieh_melanoma_ifng,systema_centroid_accuracy,full,6,stable_pair_inversion_fraction,0.035516539468476105,0.0,0.035516539468476105,0.05410162228344047,0.053329223181257705,0.0,0.0,0.05371542273234908,0.0,0.05371542273234908,0.7568730020342924,0.8296134844521941,0.7568730020342924,0.8296134844521941,15 aligned seed-block vectors; 2 measurement replicates retained within each block
frangieh_melanoma_ifng,frangieh_melanoma_coculture,frangieh_melanoma_ifng->frangieh_melanoma_coculture,frangieh_melanoma_coculture<->frangieh_melanoma_ifng,systema_centroid_accuracy,full,6,d_adj,0.05407675083314682,-0.003944689962487508,0.05802144079563433,0.04445316284025961,0.043961057832025564,-0.005697956020536669,0.003429235687300201,0.04420711033614259,-0.0011343601666182342,0.04534147050276082,0.7568730020342924,0.8296134844521941,0.7568730020342924,0.8296134844521941,15 aligned seed-block vectors; 2 measurement replicates retained within each block
frangieh_melanoma_ifng,frangieh_melanoma_control,frangieh_melanoma_ifng->frangieh_melanoma_control,frangieh_melanoma_control<->frangieh_melanoma_ifng,absolute_effect_rank_agreement,10,1,kendall_distance,0.10421228234803462,0.03247836513397978,0.07173391721405484,0.102179126264206,0.10624543843186324,0.029923886977374636,0.035032843290584925,0.10421228234803462,0.03247836513397978,0.07173391721405484,0.669950995725159,0.7210405588572619,0.669950995725159,0.7210405588572619,15 aligned seed-block vectors; 2 measurement replicates retained within each block
frangieh_melanoma_ifng,frangieh_melanoma_control,frangieh_melanoma_ifng->frangieh_melanoma_control,frangieh_melanoma_control<->frangieh_melanoma_ifng,absolute_effect_rank_agreement,10,1,spearman_distance,0.03094642298583497,0.003339067876133972,0.027607355109701,0.02971312391080927,0.03217972206086067,0.002768220206443628,0.003909915545824316,0.03094642298583497,0.003339067876133972,0.027607355109701,0.669950995725159,0.7210405588572619,0.669950995725159,0.7210405588572619,15 aligned seed-block vectors; 2 measurement replicates retained within each block
frangieh_melanoma_ifng,frangieh_melanoma_control,frangieh_melanoma_ifng->frangieh_melanoma_control,frangieh_melanoma_control<->frangieh_melanoma_ifng,absolute_effect_rank_agreement,10,1,top10_jaccard_distance,0.8674242424242424,0.32083333333333336,0.5465909090909091,0.9166666666666666,0.8181818181818181,0.2666666666666667,0.375,0.8674242424242424,0.32083333333333336,0.5465909090909091,0.669950995725159,0.7210405588572619,0.669950995725159,0.7210405588572619,15 aligned seed-block vectors; 2 measurement replicates retained within each block
frangieh_melanoma_ifng,frangieh_melanoma_control,frangieh_melanoma_ifng->frangieh_melanoma_control,frangieh_melanoma_control<->frangieh_melanoma_ifng,absolute_effect_rank_agreement,10,1,stable_pair_inversion_fraction,0.004651771706369348,0.0,0.004651771706369348,0.006363495266180351,0.009051186017478152,0.0,0.0,0.007707340641829251,0.0,0.007707340641829251,0.669950995725159,0.7210405588572619,0.669950995725159,0.7210405588572619,15 aligned seed-block vectors; 2 measurement replicates retained within each block
frangieh_melanoma_ifng,frangieh_melanoma_control,frangieh_melanoma_ifng->frangieh_melanoma_control,frangieh_melanoma_control<->frangieh_melanoma_ifng,absolute_effect_rank_agreement,10,1,d_adj,0.01712764321276608,-0.00426695125658598,0.02139459446935206,0.004135821777360712,0.00516456400097313,-0.001459701803774366,0.003687484794772879,0.0046501928891669216,0.0011138914954992565,0.003536301393667665,0.669950995725159,0.7210405588572619,0.669950995725159,0.7210405588572619,15 aligned seed-block vectors; 2 measurement replicates retained within each block
frangieh_melanoma_ifng,frangieh_melanoma_control,frangieh_melanoma_ifng->frangieh_melanoma_control,frangieh_melanoma_control<->frangieh_melanoma_ifng,absolute_effect_rank_agreement,20,2,kendall_distance,0.11109373370868528,0.03654467730163696,0.07454905640704831,0.10937337086852261,0.11281409654884794,0.03534563653425088,0.03774371806902305,0.11109373370868528,0.03654467730163696,0.07454905640704831,0.6665624022521113,0.7202064435408195,0.6665624022521113,0.7202064435408195,15 aligned seed-block vectors; 2 measurement replicates retained within each block
frangieh_melanoma_ifng,frangieh_melanoma_control,frangieh_melanoma_ifng->frangieh_melanoma_control,frangieh_melanoma_control<->frangieh_melanoma_ifng,absolute_effect_rank_agreement,20,2,spearman_distance,0.03342195808570542,0.004591357969525062,0.028830600116180355,0.032400911568881585,0.03444300460252925,0.004539970508065649,0.004642745430984474,0.03342195808570542,0.004591357969525062,0.028830600116180355,0.6665624022521113,0.7202064435408195,0.6665624022521113,0.7202064435408195,15 aligned seed-block vectors; 2 measurement replicates retained within each block
frangieh_melanoma_ifng,frangieh_melanoma_control,frangieh_melanoma_ifng->frangieh_melanoma_control,frangieh_melanoma_control<->frangieh_melanoma_ifng,absolute_effect_rank_agreement,20,2,top10_jaccard_distance,0.7,0.2047619047619048,0.49523809523809514,0.7,0.7,0.1428571428571429,0.2666666666666667,0.7,0.2047619047619048,0.49523809523809514,0.6665624022521113,0.7202064435408195,0.6665624022521113,0.7202064435408195,15 aligned seed-block vectors; 2 measurement replicates retained within each block
frangieh_melanoma_ifng,frangieh_melanoma_control,frangieh_melanoma_ifng->frangieh_melanoma_control,frangieh_melanoma_control<->frangieh_melanoma_ifng,absolute_effect_rank_agreement,20,2,stable_pair_inversion_fraction,0.0069244713311480965,0.0,0.0069244713311480965,0.011889862327909888,0.013450109477635284,0.0,0.0,0.012669985902772586,0.0,0.012669985902772586,0.6665624022521113,0.7202064435408195,0.6665624022521113,0.7202064435408195,15 aligned seed-block vectors; 2 measurement replicates retained within each block
frangieh_melanoma_ifng,frangieh_melanoma_control,frangieh_melanoma_ifng->frangieh_melanoma_control,frangieh_melanoma_control<->frangieh_melanoma_ifng,absolute_effect_rank_agreement,20,2,d_adj,0.01804945249197945,-0.00428363755771996,0.02233309004969941,0.004031557362805414,0.0031904910853925625,-0.001136482118652917,-0.005439126959302121,0.0036110242240989885,-0.003287804538977519,0.0068988287630765074,0.6665624022521113,0.7202064435408195,0.6665624022521113,0.7202064435408195,15 aligned seed-block vectors; 2 measurement replicates retained within each block
frangieh_melanoma_ifng,frangieh_melanoma_control,frangieh_melanoma_ifng->frangieh_melanoma_control,frangieh_melanoma_control<->frangieh_melanoma_ifng,absolute_effect_rank_agreement,40,3,kendall_distance,0.10468147221353352,0.03388593473047652,0.070795537483057,0.10655823167552914,0.10280471275153791,0.032009175268480905,0.03576269419247213,0.10468147221353352,0.03388593473047652,0.070795537483057,0.6626524867062871,0.7195808570534876,0.6626524867062871,0.7195808570534876,15 aligned seed-block vectors; 2 measurement replicates retained within each block
frangieh_melanoma_ifng,frangieh_melanoma_control,frangieh_melanoma_ifng->frangieh_melanoma_control,frangieh_melanoma_control<->frangieh_melanoma_ifng,absolute_effect_rank_agreement,40,3,spearman_distance,0.030949774342017122,0.003695428750167623,0.0272543455918495,0.032215469860136736,0.02968407882389751,0.0032463470217615753,0.004144510478573671,0.030949774342017122,0.003695428750167623,0.0272543455918495,0.6626524867062871,0.7195808570534876,0.6626524867062871,0.7195808570534876,15 aligned seed-block vectors; 2 measurement replicates retained within each block
frangieh_melanoma_ifng,frangieh_melanoma_control,frangieh_melanoma_ifng->frangieh_melanoma_control,frangieh_melanoma_control<->frangieh_melanoma_ifng,absolute_effect_rank_agreement,40,3,top10_jaccard_distance,0.6967418546365914,0.2047619047619048,0.49197994987468663,0.7619047619047619,0.631578947368421,0.2666666666666667,0.1428571428571429,0.6967418546365914,0.2047619047619048,0.49197994987468663,0.6626524867062871,0.7195808570534876,0.6626524867062871,0.7195808570534876,15 aligned seed-block vectors; 2 measurement replicates retained within each block
frangieh_melanoma_ifng,frangieh_melanoma_control,frangieh_melanoma_ifng->frangieh_melanoma_control,frangieh_melanoma_control<->frangieh_melanoma_ifng,absolute_effect_rank_agreement,40,3,stable_pair_inversion_fraction,0.008960327320498267,0.0,0.008960327320498267,0.01311680199875078,0.01379419692405264,0.0,0.0,0.013455499461401711,0.0,0.013455499461401711,0.6626524867062871,0.7195808570534876,0.6626524867062871,0.7195808570534876,15 aligned seed-block vectors; 2 measurement replicates retained within each block
frangieh_melanoma_ifng,frangieh_melanoma_control,frangieh_melanoma_ifng->frangieh_melanoma_control,frangieh_melanoma_control<->frangieh_melanoma_ifng,absolute_effect_rank_agreement,40,3,d_adj,0.018978859890598263,-0.00435366249728851,0.023332522387886773,0.010033712160706216,0.00898759253466792,0.004532026552670913,0.0012372710527230287,0.009510652347687068,0.002884648802696971,0.0066260035449900966,0.6626524867062871,0.7195808570534876,0.6626524867062871,0.7195808570534876,15 aligned seed-block vectors; 2 measurement replicates retained within each block
frangieh_melanoma_ifng,frangieh_melanoma_control,frangieh_melanoma_ifng->frangieh_melanoma_control,frangieh_melanoma_control<->frangieh_melanoma_ifng,absolute_effect_rank_agreement,80,4,kendall_distance,0.1278803044520905,0.029141903868209834,0.09873840058388067,0.13001772495047442,0.12574288395370659,0.026587425711604717,0.03169638202481495,0.1278803044520905,0.029141903868209834,0.09873840058388067,0.6774059013658638,0.7447607131685956,0.6774059013658638,0.7447607131685956,15 aligned seed-block vectors; 2 measurement replicates retained within each block
frangieh_melanoma_ifng,frangieh_melanoma_control,frangieh_melanoma_ifng->frangieh_melanoma_control,frangieh_melanoma_control<->frangieh_melanoma_ifng,absolute_effect_rank_agreement,80,4,spearman_distance,0.04414294651235537,0.002845301398632677,0.04129764511372269,0.04591581393270483,0.04237007909200591,0.002573841547879707,0.0031167612493856467,0.04414294651235537,0.002845301398632677,0.04129764511372269,0.6774059013658638,0.7447607131685956,0.6774059013658638,0.7447607131685956,15 aligned seed-block vectors; 2 measurement replicates retained within each block
frangieh_melanoma_ifng,frangieh_melanoma_control,frangieh_melanoma_ifng->frangieh_melanoma_control,frangieh_melanoma_control<->frangieh_melanoma_ifng,absolute_effect_rank_agreement,80,4,top10_jaccard_distance,0.79004329004329,0.2047619047619048,0.5852813852813852,0.7619047619047619,0.8181818181818181,0.1428571428571429,0.2666666666666667,0.79004329004329,0.2047619047619048,0.5852813852813852,0.6774059013658638,0.7447607131685956,0.6774059013658638,0.7447607131685956,15 aligned seed-block vectors; 2 measurement replicates retained within each block
frangieh_melanoma_ifng,frangieh_melanoma_control,frangieh_melanoma_ifng->frangieh_melanoma_control,frangieh_melanoma_control<->frangieh_melanoma_ifng,absolute_effect_rank_agreement,80,4,stable_pair_inversion_fraction,0.01873088683390256,0.0,0.01873088683390256,0.030125135176888616,0.02637632264990032,0.0,0.0,0.028250728913394467,0.0,0.028250728913394467,0.6774059013658638,0.7447607131685956,0.6774059013658638,0.7447607131685956,15 aligned seed-block vectors; 2 measurement replicates retained within each block
frangieh_melanoma_ifng,frangieh_melanoma_control,frangieh_melanoma_ifng->frangieh_melanoma_control,frangieh_melanoma_control<->frangieh_melanoma_ifng,absolute_effect_rank_agreement,80,4,d_adj,0.030708215037165712,-0.004390083135890066,0.03509829817305578,0.01889966287839293,0.014777743022972927,0.0017933479303513706,-0.008514927188683843,0.01683870295068293,-0.0033607896291662363,0.020199492579849165,0.6774059013658638,0.7447607131685956,0.6774059013658638,0.7447607131685956,15 aligned seed-block vectors; 2 measurement replicates retained within each block
frangieh_melanoma_ifng,frangieh_melanoma_control,frangieh_melanoma_ifng->frangieh_melanoma_control,frangieh_melanoma_control<->frangieh_melanoma_ifng,absolute_effect_rank_agreement,160,5,kendall_distance,0.15285163173808783,0.029194036075487484,0.12365759566260034,0.15024502137420503,0.15545824210197062,0.02763006985715777,0.0307580022938172,0.15285163173808783,0.029194036075487484,0.12365759566260034,0.6721926806380982,0.7523198832238557,0.6721926806380982,0.7523198832238557,15 aligned seed-block vectors; 2 measurement replicates retained within each block
frangieh_melanoma_ifng,frangieh_melanoma_control,frangieh_melanoma_ifng->frangieh_melanoma_control,frangieh_melanoma_control<->frangieh_melanoma_ifng,absolute_effect_rank_agreement,160,5,spearman_distance,0.062372089905715244,0.0029324366593682094,0.059439653246347035,0.059768086152196254,0.06497609365923424,0.0027570490191697883,0.0031078242995666305,0.062372089905715244,0.0029324366593682094,0.059439653246347035,0.6721926806380982,0.7523198832238557,0.6721926806380982,0.7523198832238557,15 aligned seed-block vectors; 2 measurement replicates retained within each block
frangieh_melanoma_ifng,frangieh_melanoma_control,frangieh_melanoma_ifng->frangieh_melanoma_control,frangieh_melanoma_control<->frangieh_melanoma_ifng,absolute_effect_rank_agreement,160,5,top10_jaccard_distance,0.8181818181818181,0.2666666666666667,0.5515151515151514,0.8181818181818181,0.8181818181818181,0.2666666666666667,0.2666666666666667,0.8181818181818181,0.2666666666666667,0.5515151515151514,0.6721926806380982,0.7523198832238557,0.6721926806380982,0.7523198832238557,15 aligned seed-block vectors; 2 measurement replicates retained within each block
frangieh_melanoma_ifng,frangieh_melanoma_control,frangieh_melanoma_ifng->frangieh_melanoma_control,frangieh_melanoma_control<->frangieh_melanoma_ifng,absolute_effect_rank_agreement,160,5,stable_pair_inversion_fraction,0.033189389439862035,0.0,0.033189389439862035,0.04749299283712239,0.04975278121137206,0.0,0.0,0.048622887024247226,0.0,0.048622887024247226,0.6721926806380982,0.7523198832238557,0.6721926806380982,0.7523198832238557,15 aligned seed-block vectors; 2 measurement replicates retained within each block
frangieh_melanoma_ifng,frangieh_melanoma_control,frangieh_melanoma_ifng->frangieh_melanoma_control,frangieh_melanoma_control<->frangieh_melanoma_ifng,absolute_effect_rank_agreement,160,5,d_adj,0.04287343538462582,-0.004161516364120113,0.04703495174874593,0.026924547318666805,0.03442810968616413,-0.0022173565495429742,-0.0021686998227505028,0.030676328502415466,-0.0021930281861467383,0.0328693566885622,0.6721926806380982,0.7523198832238557,0.6721926806380982,0.7523198832238557,15 aligned seed-block vectors; 2 measurement replicates retained within each block
frangieh_melanoma_ifng,frangieh_melanoma_control,frangieh_melanoma_ifng->frangieh_melanoma_control,frangieh_melanoma_control<->frangieh_melanoma_ifng,absolute_effect_rank_agreement,full,6,kendall_distance,0.22166614534459392,0.02596183922427281,0.1957043061203211,0.21916379939526642,0.2241684912939214,0.026587425711604717,0.0253362527369409,0.22166614534459392,0.02596183922427281,0.1957043061203211,0.6758940673548117,0.7726514440621416,0.6758940673548117,0.7726514440621416,15 aligned seed-block vectors; 2 measurement replicates retained within each block
frangieh_melanoma_ifng,frangieh_melanoma_control,frangieh_melanoma_ifng->frangieh_melanoma_control,frangieh_melanoma_control<->frangieh_melanoma_ifng,absolute_effect_rank_agreement,full,6,spearman_distance,0.12789668886009212,0.002299030340944669,0.12559765851914745,0.12471736896197333,0.1310760087582109,0.0024174449260467856,0.002180615755842552,0.12789668886009212,0.002299030340944669,0.12559765851914745,0.6758940673548117,0.7726514440621416,0.6758940673548117,0.7726514440621416,15 aligned seed-block vectors; 2 measurement replicates retained within each block
frangieh_melanoma_ifng,frangieh_melanoma_control,frangieh_melanoma_ifng->frangieh_melanoma_control,frangieh_melanoma_control<->frangieh_melanoma_ifng,absolute_effect_rank_agreement,full,6,top10_jaccard_distance,0.9383333333333332,0.07142857142857145,0.8669047619047618,0.96,0.9166666666666666,0.1428571428571429,0.0,0.9383333333333332,0.07142857142857145,0.8669047619047618,0.6758940673548117,0.7726514440621416,0.6758940673548117,0.7726514440621416,15 aligned seed-block vectors; 2 measurement replicates retained within each block
frangieh_melanoma_ifng,frangieh_melanoma_control,frangieh_melanoma_ifng->frangieh_melanoma_control,frangieh_melanoma_control<->frangieh_melanoma_ifng,absolute_effect_rank_agreement,full,6,stable_pair_inversion_fraction,0.10365081215062166,0.0,0.10365081215062166,0.12246153846153846,0.12451662799690642,0.0,0.0,0.12348908322922245,0.0,0.12348908322922245,0.6758940673548117,0.7726514440621416,0.6758940673548117,0.7726514440621416,15 aligned seed-block vectors; 2 measurement replicates retained within each block
frangieh_melanoma_ifng,frangieh_melanoma_control,frangieh_melanoma_ifng->frangieh_melanoma_control,frangieh_melanoma_control<->frangieh_melanoma_ifng,absolute_effect_rank_agreement,full,6,d_adj,0.08855465153114891,-0.003903903364065389,0.0924585548952143,0.07650922740068813,0.08018281027352032,-0.007006568658116985,0.006057762485663639,0.07834601883710424,-0.0004744030862266729,0.07882042192333091,0.6758940673548117,0.7726514440621416,0.6758940673548117,0.7726514440621416,15 aligned seed-block vectors; 2 measurement replicates retained within each block
frangieh_melanoma_ifng,frangieh_melanoma_control,frangieh_melanoma_ifng->frangieh_melanoma_control,frangieh_melanoma_control<->frangieh_melanoma_ifng,delta_cosine,10,1,kendall_distance,0.4404650192889167,0.1113022625377959,0.3291627567511208,0.4509435929517256,0.4299864456261078,0.11270983213429264,0.10989469294129917,0.4404650192889167,0.1113022625377959,0.3291627567511208,0.102335522886039,0.22020644354081953,0.102335522886039,0.22020644354081953,15 aligned seed-block vectors; 2 measurement replicates retained within each block
frangieh_melanoma_ifng,frangieh_melanoma_control,frangieh_melanoma_ifng->frangieh_melanoma_control,frangieh_melanoma_control<->frangieh_melanoma_ifng,delta_cosine,10,1,spearman_distance,0.4140768130836946,0.03348898520934812,0.3805878278743465,0.4302962598865008,0.39785736628088836,0.034778140220742715,0.03219983019795353,0.4140768130836946,0.03348898520934812,0.3805878278743465,0.102335522886039,0.22020644354081953,0.102335522886039,0.22020644354081953,15 aligned seed-block vectors; 2 measurement replicates retained within each block
frangieh_melanoma_ifng,frangieh_melanoma_control,frangieh_melanoma_ifng->frangieh_melanoma_control,frangieh_melanoma_control<->frangieh_melanoma_ifng,delta_cosine,10,1,top10_jaccard_distance,0.96,0.47058823529411764,0.4894117647058823,0.96,0.96,0.47058823529411764,0.47058823529411764,0.96,0.47058823529411764,0.4894117647058823,0.102335522886039,0.22020644354081953,0.102335522886039,0.22020644354081953,15 aligned seed-block vectors; 2 measurement replicates retained within each block
frangieh_melanoma_ifng,frangieh_melanoma_control,frangieh_melanoma_ifng->frangieh_melanoma_control,frangieh_melanoma_control<->frangieh_melanoma_ifng,delta_cosine,10,1,stable_pair_inversion_fraction,0.33551112994923243,0.0,0.33551112994923243,0.3639810426540284,0.368942731277533,0.0,0.0,0.36646188696578075,0.0,0.36646188696578075,0.102335522886039,0.22020644354081953,0.102335522886039,0.22020644354081953,15 aligned seed-block vectors; 2 measurement replicates retained within each block
frangieh_melanoma_ifng,frangieh_melanoma_control,frangieh_melanoma_ifng->frangieh_melanoma_control,frangieh_melanoma_control<->frangieh_melanoma_ifng,delta_cosine,10,1,d_adj,0.04430120271598814,-0.009725257275438992,0.054026459991427134,0.0299864456261078,0.025544781566051517,0.00011469085601082767,0.013856740694400993,0.02776561359607966,0.00698571577520591,0.02077989782087375,0.102335522886039,0.22020644354081953,0.102335522886039,0.22020644354081953,15 aligned seed-block vectors; 2 measurement replicates retained within each block
frangieh_melanoma_ifng,frangieh_melanoma_control,frangieh_melanoma_ifng->frangieh_melanoma_control,frangieh_melanoma_control<->frangieh_melanoma_ifng,delta_cosine,20,2,kendall_distance,0.4104890001042644,0.09654884787821921,0.3139401522260452,0.39964550099051194,0.4213324992180169,0.08518402669169017,0.10791366906474825,0.4104890001042644,0.09654884787821921,0.3139401522260452,0.13788968824940048,0.28505890939422374,0.13788968824940048,0.28505890939422374,15 aligned seed-block vectors; 2 measurement replicates retained within each block
frangieh_melanoma_ifng,frangieh_melanoma_control,frangieh_melanoma_ifng->frangieh_melanoma_control,frangieh_melanoma_control<->frangieh_melanoma_ifng,delta_cosine,20,2,spearman_distance,0.36472139058939185,0.026896867599088492,0.33782452299030336,0.3468944099378882,0.38254837124089547,0.023910809240806186,0.0298829259573708,0.36472139058939185,0.026896867599088492,0.33782452299030336,0.13788968824940048,0.28505890939422374,0.13788968824940048,0.28505890939422374,15 aligned seed-block vectors; 2 measurement replicates retained within each block
frangieh_melanoma_ifng,frangieh_melanoma_control,frangieh_melanoma_ifng->frangieh_melanoma_control,frangieh_melanoma_control<->frangieh_melanoma_ifng,delta_cosine,20,2,top10_jaccard_distance,0.9383333333333332,0.4227941176470588,0.5155392156862744,0.9166666666666666,0.96,0.375,0.47058823529411764,0.9383333333333332,0.4227941176470588,0.5155392156862744,0.13788968824940048,0.28505890939422374,0.13788968824940048,0.28505890939422374,15 aligned seed-block vectors; 2 measurement replicates retained within each block
frangieh_melanoma_ifng,frangieh_melanoma_control,frangieh_melanoma_ifng->frangieh_melanoma_control,frangieh_melanoma_control<->frangieh_melanoma_ifng,delta_cosine,20,2,stable_pair_inversion_fraction,0.28076189430149745,0.0,0.28076189430149745,0.2578184591914569,0.32908545727136435,0.0,0.0,0.2934519582314106,0.0,0.2934519582314106,0.13788968824940048,0.28505890939422374,0.13788968824940048,0.28505890939422374,15 aligned seed-block vectors; 2 measurement replicates retained within each block
frangieh_melanoma_ifng,frangieh_melanoma_control,frangieh_melanoma_ifng->frangieh_melanoma_control,frangieh_melanoma_control<->frangieh_melanoma_ifng,delta_cosine,20,2,d_adj,0.05284347035115536,-0.0088948491381807,0.06173831948933606,0.02983699996524519,0.028766551975810687,-0.002808188232023068,0.008042261842699764,0.029301775970527938,0.002617036805338348,0.02668473916518959,0.13788968824940048,0.28505890939422374,0.13788968824940048,0.28505890939422374,15 aligned seed-block vectors; 2 measurement replicates retained within each block
frangieh_melanoma_ifng,frangieh_melanoma_control,frangieh_melanoma_ifng->frangieh_melanoma_control,frangieh_melanoma_control<->frangieh_melanoma_ifng,delta_cosine,40,3,kendall_distance,0.36445626107809403,0.08106558231675531,0.2833906787613387,0.37003440725680325,0.3588781148993848,0.08466270461891362,0.07746846001459701,0.36445626107809403,0.08106558231675531,0.2833906787613387,0.25242414763841103,0.4050672505473882,0.25242414763841103,0.4050672505473882,15 aligned seed-block vectors; 2 measurement replicates retained within each block
frangieh_melanoma_ifng,frangieh_melanoma_control,frangieh_melanoma_ifng->frangieh_melanoma_control,frangieh_melanoma_control<->frangieh_melanoma_ifng,delta_cosine,40,3,spearman_distance,0.3057017739845391,0.021272174806738514,0.28442959917780064,0.3138053532329416,0.2975981947361366,0.024442557755038286,0.018101791858438743,0.3057017739845391,0.021272174806738514,0.28442959917780064,0.25242414763841103,0.4050672505473882,0.25242414763841103,0.4050672505473882,15 aligned seed-block vectors; 2 measurement replicates retained within each block
frangieh_melanoma_ifng,frangieh_melanoma_control,frangieh_melanoma_ifng->frangieh_melanoma_control,frangieh_melanoma_control<->frangieh_melanoma_ifng,delta_cosine,40,3,top10_jaccard_distance,0.8181818181818181,0.25892857142857145,0.5592532467532467,0.8181818181818181,0.8181818181818181,0.375,0.1428571428571429,0.8181818181818181,0.25892857142857145,0.5592532467532467,0.25242414763841103,0.4050672505473882,0.25242414763841103,0.4050672505473882,15 aligned seed-block vectors; 2 measurement replicates retained within each block
frangieh_melanoma_ifng,frangieh_melanoma_control,frangieh_melanoma_ifng->frangieh_melanoma_control,frangieh_melanoma_control<->frangieh_melanoma_ifng,delta_cosine,40,3,stable_pair_inversion_fraction,0.15077328646748683,0.0,0.15077328646748683,0.2023762376237624,0.2080276219249029,0.0,0.0,0.20520192977433266,0.0,0.20520192977433266,0.25242414763841103,0.4050672505473882,0.25242414763841103,0.4050672505473882,15 aligned seed-block vectors; 2 measurement replicates retained within each block
frangieh_melanoma_ifng,frangieh_melanoma_control,frangieh_melanoma_ifng->frangieh_melanoma_control,frangieh_melanoma_control<->frangieh_melanoma_ifng,delta_cosine,40,3,d_adj,0.06357254626084238,-0.007542967125549915,0.0711155133863923,0.0354151461439544,0.04401696034476766,-0.0040489347652313155,0.0018246272547179623,0.03971605324436103,-0.0011121537552566765,0.04082820699961771,0.25242414763841103,0.4050672505473882,0.25242414763841103,0.4050672505473882,15 aligned seed-block vectors; 2 measurement replicates retained within each block
frangieh_melanoma_ifng,frangieh_melanoma_control,frangieh_melanoma_ifng->frangieh_melanoma_control,frangieh_melanoma_control<->frangieh_melanoma_ifng,delta_cosine,80,4,kendall_distance,0.34230007298509024,0.049838390157439294,0.29246168282765095,0.3428213950578668,0.34177875091231363,0.05150662079032431,0.04817015952455428,0.34230007298509024,0.049838390157439294,0.29246168282765095,0.386299655927432,0.5429569387967886,0.386299655927432,0.5429569387967886,15 aligned seed-block vectors; 2 measurement replicates retained within each block
frangieh_melanoma_ifng,frangieh_melanoma_control,frangieh_melanoma_ifng->frangieh_melanoma_control,frangieh_melanoma_control<->frangieh_melanoma_ifng,delta_cosine,80,4,spearman_distance,0.2743219089324814,0.0075126234416194315,0.2668092854908619,0.27643773180213593,0.2722060860628268,0.007982930425845747,0.007042316457393116,0.2743219089324814,0.0075126234416194315,0.2668092854908619,0.386299655927432,0.5429569387967886,0.386299655927432,0.5429569387967886,15 aligned seed-block vectors; 2 measurement replicates retained within each block
frangieh_melanoma_ifng,frangieh_melanoma_control,frangieh_melanoma_ifng->frangieh_melanoma_control,frangieh_melanoma_control<->frangieh_melanoma_ifng,delta_cosine,80,4,top10_jaccard_distance,0.9383333333333332,0.2666666666666667,0.6716666666666665,0.96,0.9166666666666666,0.2666666666666667,0.2666666666666667,0.9383333333333332,0.2666666666666667,0.6716666666666665,0.386299655927432,0.5429569387967886,0.386299655927432,0.5429569387967886,15 aligned seed-block vectors; 2 measurement replicates retained within each block
frangieh_melanoma_ifng,frangieh_melanoma_control,frangieh_melanoma_ifng->frangieh_melanoma_control,frangieh_melanoma_control<->frangieh_melanoma_ifng,delta_cosine,80,4,stable_pair_inversion_fraction,0.18462187511498285,0.0,0.18462187511498285,0.22029372496662217,0.22264665757162347,0.0,0.0,0.22147019126912282,0.0,0.22147019126912282,0.386299655927432,0.5429569387967886,0.386299655927432,0.5429569387967886,15 aligned seed-block vectors; 2 measurement replicates retained within each block
frangieh_melanoma_ifng,frangieh_melanoma_control,frangieh_melanoma_ifng->frangieh_melanoma_control,frangieh_melanoma_control<->frangieh_melanoma_ifng,delta_cosine,80,4,d_adj,0.08982985325882223,-0.0072136713417871035,0.09704352460060933,0.06958954575470061,0.07533103951621313,0.009098807910193584,-0.014381538247662721,0.07246029263545686,-0.0026413651687345685,0.07510165780419144,0.386299655927432,0.5429569387967886,0.386299655927432,0.5429569387967886,15 aligned seed-block vectors; 2 measurement replicates retained within each block
frangieh_melanoma_ifng,frangieh_melanoma_control,frangieh_melanoma_ifng->frangieh_melanoma_control,frangieh_melanoma_control<->frangieh_melanoma_ifng,delta_cosine,160,5,kendall_distance,0.34240433739964554,0.04629340006255869,0.2961109373370868,0.34845167344385364,0.33635700135543745,0.049629861328328695,0.04295693879678869,0.34240433739964554,0.04629340006255869,0.2961109373370868,0.442237514336357,0.5949327494526118,0.442237514336357,0.5949327494526118,15 aligned seed-block vectors; 2 measurement replicates retained within each block
frangieh_melanoma_ifng,frangieh_melanoma_control,frangieh_melanoma_ifng->frangieh_melanoma_control,frangieh_melanoma_control<->frangieh_melanoma_ifng,delta_cosine,160,5,spearman_distance,0.2721524643639126,0.0071171634121275085,0.26503530095178507,0.2772308860985746,0.2670740426292506,0.0077237588810940006,0.006510567943161016,0.2721524643639126,0.0071171634121275085,0.26503530095178507,0.442237514336357,0.5949327494526118,0.442237514336357,0.5949327494526118,15 aligned seed-block vectors; 2 measurement replicates retained within each block
frangieh_melanoma_ifng,frangieh_melanoma_control,frangieh_melanoma_ifng->frangieh_melanoma_control,frangieh_melanoma_control<->frangieh_melanoma_ifng,delta_cosine,160,5,top10_jaccard_distance,0.8931159420289855,0.1428571428571429,0.7502587991718426,0.9166666666666666,0.8695652173913043,0.1428571428571429,0.1428571428571429,0.8931159420289855,0.1428571428571429,0.7502587991718426,0.442237514336357,0.5949327494526118,0.442237514336357,0.5949327494526118,15 aligned seed-block vectors; 2 measurement replicates retained within each block
frangieh_melanoma_ifng,frangieh_melanoma_control,frangieh_melanoma_ifng->frangieh_melanoma_control,frangieh_melanoma_control<->frangieh_melanoma_ifng,delta_cosine,160,5,stable_pair_inversion_fraction,0.20534507121611742,0.0,0.20534507121611742,0.23313925278990782,0.22173813345562945,0.0,0.0,0.22743869312276865,0.0,0.22743869312276865,0.442237514336357,0.5949327494526118,0.442237514336357,0.5949327494526118,15 aligned seed-block vectors; 2 measurement replicates retained within each block
frangieh_melanoma_ifng,frangieh_melanoma_control,frangieh_melanoma_ifng->frangieh_melanoma_control,frangieh_melanoma_control<->frangieh_melanoma_ifng,delta_cosine,160,5,d_adj,0.11042964928407101,-0.006021190044466163,0.11645083932853717,0.09968373127584888,0.09797379487714178,0.007990129635422106,0.005477357244639085,0.09882876307649532,0.006733743440030596,0.09209501963646473,0.442237514336357,0.5949327494526118,0.442237514336357,0.5949327494526118,15 aligned seed-block vectors; 2 measurement replicates retained within each block
frangieh_melanoma_ifng,frangieh_melanoma_control,frangieh_melanoma_ifng->frangieh_melanoma_control,frangieh_melanoma_control<->frangieh_melanoma_ifng,delta_cosine,full,6,kendall_distance,0.3420915441559796,0.03670107392346997,0.30539047023250965,0.3413616932540924,0.3428213950578668,0.03451152121780843,0.03889062662913151,0.3420915441559796,0.03670107392346997,0.30539047023250965,0.5590136586383068,0.693775414451048,0.5590136586383068,0.693775414451048,15 aligned seed-block vectors; 2 measurement replicates retained within each block
frangieh_melanoma_ifng,frangieh_melanoma_control,frangieh_melanoma_ifng->frangieh_melanoma_control,frangieh_melanoma_control<->frangieh_melanoma_ifng,delta_cosine,full,6,spearman_distance,0.2794740605031503,0.0042215916707628864,0.2752524688323874,0.27880378926672333,0.2801443317395773,0.003507752803968145,0.004935430537557628,0.2794740605031503,0.0042215916707628864,0.2752524688323874,0.5590136586383068,0.693775414451048,0.5590136586383068,0.693775414451048,15 aligned seed-block vectors; 2 measurement replicates retained within each block
frangieh_melanoma_ifng,frangieh_melanoma_control,frangieh_melanoma_ifng->frangieh_melanoma_control,frangieh_melanoma_control<->frangieh_melanoma_ifng,delta_cosine,full,6,top10_jaccard_distance,0.8674242424242424,0.13333333333333336,0.7340909090909091,0.9166666666666666,0.8181818181818181,0.2666666666666667,0.0,0.8674242424242424,0.13333333333333336,0.7340909090909091,0.5590136586383068,0.693775414451048,0.5590136586383068,0.693775414451048,15 aligned seed-block vectors; 2 measurement replicates retained within each block
frangieh_melanoma_ifng,frangieh_melanoma_control,frangieh_melanoma_ifng->frangieh_melanoma_control,frangieh_melanoma_control<->frangieh_melanoma_ifng,delta_cosine,full,6,stable_pair_inversion_fraction,0.23398489529376942,0.0,0.23398489529376942,0.2615979381443299,0.24683424683424685,0.0,0.0,0.2542160924892884,0.0,0.2542160924892884,0.5590136586383068,0.693775414451048,0.5590136586383068,0.693775414451048,15 aligned seed-block vectors; 2 measurement replicates retained within each block
frangieh_melanoma_ifng,frangieh_melanoma_control,frangieh_melanoma_ifng->frangieh_melanoma_control,frangieh_melanoma_control<->frangieh_melanoma_ifng,delta_cosine,full,6,d_adj,0.14136898776830606,-0.004946539520008203,0.14631552728831426,0.12802279915198278,0.12743196746950267,-0.006061237966148821,-0.001299829701456238,0.12772738331074274,-0.0036805338338025298,0.13140791714454528,0.5590136586383068,0.693775414451048,0.5590136586383068,0.693775414451048,15 aligned seed-block vectors; 2 measurement replicates retained within each block
frangieh_melanoma_ifng,frangieh_melanoma_control,frangieh_melanoma_ifng->frangieh_melanoma_control,frangieh_melanoma_control<->frangieh_melanoma_ifng,systema_centroid_accuracy,10,1,kendall_distance,0.5017188745928656,0.15002737953709763,0.3516914950557679,0.5124634961045007,0.49066151874116015,0.1383034046506333,0.16244263479316678,0.5015625074228305,0.15037301972190004,0.35118948770093045,0.0547909498488166,0.15352935043269733,0.0547909498488166,0.15352935043269733,15 aligned seed-block vectors; 2 measurement replicates retained within each block
frangieh_melanoma_ifng,frangieh_melanoma_control,frangieh_melanoma_ifng->frangieh_melanoma_control,frangieh_melanoma_control<->frangieh_melanoma_ifng,systema_centroid_accuracy,10,1,spearman_distance,0.500110230029473,0.06107880599296617,0.4390314240365068,0.5171266620045694,0.48287372436815407,0.05098447736144479,0.07126594976846679,0.5000001931863617,0.06112521356495579,0.43887497962140587,0.0547909498488166,0.15352935043269733,0.0547909498488166,0.15352935043269733,15 aligned seed-block vectors; 2 measurement replicates retained within each block
frangieh_melanoma_ifng,frangieh_melanoma_control,frangieh_melanoma_ifng->frangieh_melanoma_control,frangieh_melanoma_control<->frangieh_melanoma_ifng,systema_centroid_accuracy,10,1,top10_jaccard_distance,0.8931159420289855,0.47058823529411764,0.42252770673486784,0.8695652173913043,0.9166666666666666,0.47058823529411764,0.47058823529411764,0.8931159420289855,0.47058823529411764,0.42252770673486784,0.0547909498488166,0.15352935043269733,0.0547909498488166,0.15352935043269733,15 aligned seed-block vectors; 2 measurement replicates retained within each block
frangieh_melanoma_ifng,frangieh_melanoma_control,frangieh_melanoma_ifng->frangieh_melanoma_control,frangieh_melanoma_control<->frangieh_melanoma_ifng,systema_centroid_accuracy,10,1,stable_pair_inversion_fraction,0.4063395322185758,0.0,0.4063395322185758,0.43366336633663366,0.43040293040293043,0.0,0.0,0.432033148369782,0.0,0.432033148369782,0.0547909498488166,0.15352935043269733,0.0547909498488166,0.15352935043269733,15 aligned seed-block vectors; 2 measurement replicates retained within each block
frangieh_melanoma_ifng,frangieh_melanoma_control,frangieh_melanoma_ifng->frangieh_melanoma_control,frangieh_melanoma_control<->frangieh_melanoma_ifng,systema_centroid_accuracy,10,1,d_adj,0.03731094284991798,-0.009704314509411893,0.047015257359329876,0.006295832898898294,-0.007767698884370736,-0.016885621937232812,-0.0013189448441246884,-0.0007359329927362213,-0.00910228339067875,0.00836635039794253,0.0547909498488166,0.15352935043269733,0.0547909498488166,0.15352935043269733,15 aligned seed-block vectors; 2 measurement replicates retained within each block
frangieh_melanoma_ifng,frangieh_melanoma_control,frangieh_melanoma_ifng->frangieh_melanoma_control,frangieh_melanoma_control<->frangieh_melanoma_ifng,systema_centroid_accuracy,20,2,kendall_distance,0.41382707388928364,0.13218023587910893,0.2816468380101747,0.4041560190597917,0.42359445081881714,0.13507875247731305,0.12934765151088107,0.41387523493930445,0.13221320199409706,0.2816620329452074,0.08773850484829528,0.21170889375456156,0.08773850484829528,0.21170889375456156,15 aligned seed-block vectors; 2 measurement replicates retained within each block
frangieh_melanoma_ifng,frangieh_melanoma_control,frangieh_melanoma_ifng->frangieh_melanoma_control,frangieh_melanoma_control<->frangieh_melanoma_ifng,systema_centroid_accuracy,20,2,spearman_distance,0.37139762757740974,0.04811935430585229,0.32327827327155745,0.3563986125299843,0.38668851770425583,0.05246706704559678,0.043705838651078466,0.37154356511712006,0.048086452848337624,0.32345711226878243,0.08773850484829528,0.21170889375456156,0.08773850484829528,0.21170889375456156,15 aligned seed-block vectors; 2 measurement replicates retained within each block
frangieh_melanoma_ifng,frangieh_melanoma_control,frangieh_melanoma_ifng->frangieh_melanoma_control,frangieh_melanoma_control<->frangieh_melanoma_ifng,systema_centroid_accuracy,20,2,top10_jaccard_distance,0.9383333333333332,0.4227941176470588,0.5155392156862744,0.9166666666666666,0.96,0.375,0.47058823529411764,0.9383333333333332,0.4227941176470588,0.5155392156862744,0.08773850484829528,0.21170889375456156,0.08773850484829528,0.21170889375456156,15 aligned seed-block vectors; 2 measurement replicates retained within each block
frangieh_melanoma_ifng,frangieh_melanoma_control,frangieh_melanoma_ifng->frangieh_melanoma_control,frangieh_melanoma_control<->frangieh_melanoma_ifng,systema_centroid_accuracy,20,2,stable_pair_inversion_fraction,0.25749461953094016,0.0,0.25749461953094016,0.23854289071680376,0.3317307692307692,0.0,0.0,0.2851368299737865,0.0,0.2851368299737865,0.08773850484829528,0.21170889375456156,0.08773850484829528,0.21170889375456156,15 aligned seed-block vectors; 2 measurement replicates retained within each block
frangieh_melanoma_ifng,frangieh_melanoma_control,frangieh_melanoma_ifng->frangieh_melanoma_control,frangieh_melanoma_control<->frangieh_melanoma_ifng,systema_centroid_accuracy,20,2,d_adj,0.04457792486650353,-0.008863380060569248,0.053441304927072775,0.01703332985785283,0.014033990199145007,-0.015330344420116089,0.009498488165988946,0.01553366002849892,-0.0029159281270635714,0.01844958815556249,0.08773850484829528,0.21170889375456156,0.08773850484829528,0.21170889375456156,15 aligned seed-block vectors; 2 measurement replicates retained within each block
frangieh_melanoma_ifng,frangieh_melanoma_control,frangieh_melanoma_ifng->frangieh_melanoma_control,frangieh_melanoma_control<->frangieh_melanoma_ifng,systema_centroid_accuracy,40,3,kendall_distance,0.34317557205305593,0.10544945416624718,0.23772611788680875,0.343534931370415,0.34277221441393446,0.10985401247744603,0.10101167909817999,0.34315357289217474,0.105432845787813,0.23772072710436173,0.1495151704723178,0.2757272442915233,0.1495151704723178,0.2757272442915233,15 aligned seed-block vectors; 2 measurement replicates retained within each block
frangieh_melanoma_ifng,frangieh_melanoma_control,frangieh_melanoma_ifng->frangieh_melanoma_control,frangieh_melanoma_control<->frangieh_melanoma_ifng,systema_centroid_accuracy,40,3,spearman_distance,0.272638102312426,0.03316491527447554,0.23947318703795048,0.27462414456386075,0.2704713378921249,0.037155451885550805,0.028945857359680693,0.27254774122799286,0.03305065462261575,0.2394970866053771,0.1495151704723178,0.2757272442915233,0.1495151704723178,0.2757272442915233,15 aligned seed-block vectors; 2 measurement replicates retained within each block
frangieh_melanoma_ifng,frangieh_melanoma_control,frangieh_melanoma_ifng->frangieh_melanoma_control,frangieh_melanoma_control<->frangieh_melanoma_ifng,systema_centroid_accuracy,40,3,top10_jaccard_distance,0.759090909090909,0.32083333333333336,0.4382575757575757,0.7,0.8181818181818181,0.2666666666666667,0.375,0.759090909090909,0.32083333333333336,0.4382575757575757,0.1495151704723178,0.2757272442915233,0.1495151704723178,0.2757272442915233,15 aligned seed-block vectors; 2 measurement replicates retained within each block
frangieh_melanoma_ifng,frangieh_melanoma_control,frangieh_melanoma_ifng->frangieh_melanoma_control,frangieh_melanoma_control<->frangieh_melanoma_ifng,systema_centroid_accuracy,40,3,stable_pair_inversion_fraction,0.08726492720690013,0.0,0.08726492720690013,0.11970899470899471,0.11135693215339233,0.0,0.0,0.11553296343119351,0.0,0.11553296343119351,0.1495151704723178,0.2757272442915233,0.1495151704723178,0.2757272442915233,15 aligned seed-block vectors; 2 measurement replicates retained within each block
frangieh_melanoma_ifng,frangieh_melanoma_control,frangieh_melanoma_ifng->frangieh_melanoma_control,frangieh_melanoma_control<->frangieh_melanoma_ifng,systema_centroid_accuracy,40,3,d_adj,0.04292510019970033,-0.008678254797461343,0.05160335499716168,0.023162339693462604,0.026161679352170432,-0.013410141452055746,0.031246307301984487,0.024662009522816518,0.00891808292496437,0.015743926597852148,0.1495151704723178,0.2757272442915233,0.1495151704723178,0.2757272442915233,15 aligned seed-block vectors; 2 measurement replicates retained within each block
frangieh_melanoma_ifng,frangieh_melanoma_control,frangieh_melanoma_ifng->frangieh_melanoma_control,frangieh_melanoma_control<->frangieh_melanoma_ifng,systema_centroid_accuracy,80,4,kendall_distance,0.3371618037695794,0.0726579173582094,0.26450388641137,0.33996660557518155,0.3344982265804298,0.07131681352784264,0.07382094230639286,0.3372324160778057,0.07256887791711775,0.26466353816068794,0.27885517672818266,0.42070691273068506,0.27885517672818266,0.42070691273068506,15 aligned seed-block vectors; 2 measurement replicates retained within each block
frangieh_melanoma_ifng,frangieh_melanoma_control,frangieh_melanoma_ifng->frangieh_melanoma_control,frangieh_melanoma_control<->frangieh_melanoma_ifng,systema_centroid_accuracy,80,4,spearman_distance,0.2689996676981517,0.015526388600471619,0.2534732790976801,0.27314670517845757,0.26484388091381333,0.014849416800883253,0.016234781807299148,0.26899529304613545,0.0155420993040912,0.2534531937420442,0.27885517672818266,0.42070691273068506,0.27885517672818266,0.42070691273068506,15 aligned seed-block vectors; 2 measurement replicates retained within each block
frangieh_melanoma_ifng,frangieh_melanoma_control,frangieh_melanoma_ifng->frangieh_melanoma_control,frangieh_melanoma_control<->frangieh_melanoma_ifng,systema_centroid_accuracy,80,4,top10_jaccard_distance,0.7309523809523809,0.34920634920634924,0.38174603174603167,0.7,0.7619047619047619,0.5555555555555556,0.1428571428571429,0.7309523809523809,0.34920634920634924,0.38174603174603167,0.27885517672818266,0.42070691273068506,0.27885517672818266,0.42070691273068506,15 aligned seed-block vectors; 2 measurement replicates retained within each block
frangieh_melanoma_ifng,frangieh_melanoma_control,frangieh_melanoma_ifng->frangieh_melanoma_control,frangieh_melanoma_control<->frangieh_melanoma_ifng,systema_centroid_accuracy,80,4,stable_pair_inversion_fraction,0.12081275822452,0.0,0.12081275822452,0.16450537236013338,0.13962264150943396,0.0,0.0,0.15206400693478367,0.0,0.15206400693478367,0.27885517672818266,0.42070691273068506,0.27885517672818266,0.42070691273068506,15 aligned seed-block vectors; 2 measurement replicates retained within each block
frangieh_melanoma_ifng,frangieh_melanoma_control,frangieh_melanoma_ifng->frangieh_melanoma_control,frangieh_melanoma_control<->frangieh_melanoma_ifng,systema_centroid_accuracy,80,4,d_adj,0.0631921329503114,-0.008285177954587802,0.0714773109048992,0.03825461370034408,0.033976297223091104,-0.01279671914642199,-0.004424286657630417,0.03611545546171759,-0.008610502902026203,0.044725958363743795,0.27885517672818266,0.42070691273068506,0.27885517672818266,0.42070691273068506,15 aligned seed-block vectors; 2 measurement replicates retained within each block
frangieh_melanoma_ifng,frangieh_melanoma_control,frangieh_melanoma_ifng->frangieh_melanoma_control,frangieh_melanoma_control<->frangieh_melanoma_ifng,systema_centroid_accuracy,160,5,kendall_distance,0.30352440589756907,0.05035051613596758,0.2531738897616015,0.30382650401418,0.3033470619297095,0.054113231154207075,0.046426150262055155,0.30358678297194475,0.050269690708131115,0.2533170922638136,0.4255030758002294,0.5576582212490877,0.4255030758002294,0.5576582212490877,15 aligned seed-block vectors; 2 measurement replicates retained within each block
frangieh_melanoma_ifng,frangieh_melanoma_control,frangieh_melanoma_ifng->frangieh_melanoma_control,frangieh_melanoma_control<->frangieh_melanoma_ifng,systema_centroid_accuracy,160,5,spearman_distance,0.2243426720888947,0.007704500845633927,0.21663817124326076,0.22471066624960906,0.22402109569344203,0.008845346083381778,0.006532359055457626,0.22436588097152554,0.007688852569419702,0.21667702840210584,0.4255030758002294,0.5576582212490877,0.4255030758002294,0.5576582212490877,15 aligned seed-block vectors; 2 measurement replicates retained within each block
frangieh_melanoma_ifng,frangieh_melanoma_control,frangieh_melanoma_ifng->frangieh_melanoma_control,frangieh_melanoma_control<->frangieh_melanoma_ifng,systema_centroid_accuracy,160,5,top10_jaccard_distance,0.759090909090909,0.4227941176470588,0.3362967914438502,0.7,0.8181818181818181,0.47058823529411764,0.375,0.759090909090909,0.4227941176470588,0.3362967914438502,0.4255030758002294,0.5576582212490877,0.4255030758002294,0.5576582212490877,15 aligned seed-block vectors; 2 measurement replicates retained within each block
frangieh_melanoma_ifng,frangieh_melanoma_control,frangieh_melanoma_ifng->frangieh_melanoma_control,frangieh_melanoma_control<->frangieh_melanoma_ifng,systema_centroid_accuracy,160,5,stable_pair_inversion_fraction,0.13155405113139307,0.0,0.13155405113139307,0.1565196548418025,0.1593984962406015,0.0,0.0,0.157959075541202,0.0,0.157959075541202,0.4255030758002294,0.5576582212490877,0.4255030758002294,0.5576582212490877,15 aligned seed-block vectors; 2 measurement replicates retained within each block
frangieh_melanoma_ifng,frangieh_melanoma_control,frangieh_melanoma_ifng->frangieh_melanoma_control,frangieh_melanoma_control<->frangieh_melanoma_ifng,systema_centroid_accuracy,160,5,d_adj,0.08121415711009405,-0.006497528613790632,0.08771168572388469,0.06809856462655964,0.06682132554825707,0.007917144545233385,0.0012685503770896278,0.06745994508740835,0.004592847461161506,0.06286709762624684,0.4255030758002294,0.5576582212490877,0.4255030758002294,0.5576582212490877,15 aligned seed-block vectors; 2 measurement replicates retained within each block
frangieh_melanoma_ifng,frangieh_melanoma_control,frangieh_melanoma_ifng->frangieh_melanoma_control,frangieh_melanoma_control<->frangieh_melanoma_ifng,systema_centroid_accuracy,full,6,kendall_distance,0.17741430012804682,0.022564777999811325,0.1548495221282355,0.17793956079345796,0.17750182615047477,0.022648982397939166,0.02235846530334995,0.17772069347196637,0.022503723850644558,0.1552169696213218,0.7047231779793557,0.7905327911583777,0.7047231779793557,0.7905327911583777,15 aligned seed-block vectors; 2 measurement replicates retained within each block
frangieh_melanoma_ifng,frangieh_melanoma_control,frangieh_melanoma_ifng->frangieh_melanoma_control,frangieh_melanoma_control<->frangieh_melanoma_ifng,systema_centroid_accuracy,full,6,spearman_distance,0.09554988297657435,0.0018955031800724498,0.0936543797965019,0.09547735044274286,0.09616944312870329,0.002024822927753689,0.0017913338982952776,0.09582339678572308,0.0019080784130244832,0.09391531837269859,0.7047231779793557,0.7905327911583777,0.7047231779793557,0.7905327911583777,15 aligned seed-block vectors; 2 measurement replicates retained within each block
frangieh_melanoma_ifng,frangieh_melanoma_control,frangieh_melanoma_ifng->frangieh_melanoma_control,frangieh_melanoma_control<->frangieh_melanoma_ifng,systema_centroid_accuracy,full,6,top10_jaccard_distance,0.5510835913312693,0.2047619047619048,0.34632168656936446,0.631578947368421,0.5555555555555556,0.1428571428571429,0.2666666666666667,0.5935672514619883,0.2047619047619048,0.3888053467000835,0.7047231779793557,0.7905327911583777,0.7047231779793557,0.7905327911583777,15 aligned seed-block vectors; 2 measurement replicates retained within each block
frangieh_melanoma_ifng,frangieh_melanoma_control,frangieh_melanoma_ifng->frangieh_melanoma_control,frangieh_melanoma_control<->frangieh_melanoma_ifng,systema_centroid_accuracy,full,6,stable_pair_inversion_fraction,0.07091508581317349,0.0,0.07091508581317349,0.08694366405441373,0.08630643967431532,0.0,0.0,0.08662505186436453,0.0,0.08662505186436453,0.7047231779793557,0.7905327911583777,0.7047231779793557,0.7905327911583777,15 aligned seed-block vectors; 2 measurement replicates retained within each block
frangieh_melanoma_ifng,frangieh_melanoma_control,frangieh_melanoma_ifng->frangieh_melanoma_control,frangieh_melanoma_control<->frangieh_melanoma_ifng,systema_centroid_accuracy,full,6,d_adj,0.07555665812177845,-0.004664845834476836,0.08022150395625528,0.06603065373787925,0.06342751885448163,0.0004935182288951493,-0.0024102457164703163,0.06472908629618043,-0.0009583637437875834,0.06568745003996801,0.7047231779793557,0.7905327911583777,0.7047231779793557,0.7905327911583777,15 aligned seed-block vectors; 2 measurement replicates retained within each block
