split_seed,predictor,method,method_label,confidence_bin,confidence_bin_lower,confidence_bin_upper,n_rows,n_environments,global_mean_risk,between_environment_risk_variance,maximum_environment_risk_gap,contextual_grouping_loss,within_environment_risk_variance,risk_variance_reduction,matched_same_environment_risk_gap,matched_same_environment_pair_count,matched_different_environment_risk_gap,matched_different_environment_pair_count,bin_edges_fit_on,outcomes_used_for_bin_construction
20260907,mean_matching,ptl_rf,PTL,1,0.2622646456249377,0.4172367709310066,33,1,0.8246617412904513,1.232595164407831e-32,0.0,1.1102230246251565e-16,0.04167440745539655,1.3877787807814457e-17,0.237427796015309,528,,0,calibration_rows_only,0
20260907,mean_matching,ptl_rf,PTL,2,0.4172367709310066,0.6042256801684303,50,1,0.7543339736981407,0.0,0.0,0.0,0.009623192796258673,5.204170427930421e-18,0.10613371586490841,1225,,0,calibration_rows_only,0
20260907,mean_matching,ptl_rf,PTL,3,0.6042256801684303,0.6680669516680053,50,1,0.6417107256322275,0.0,0.0,0.0,0.03249030494282688,0.0,0.2001265198671296,1225,,0,calibration_rows_only,0
20260907,mean_matching,ptl_rf,PTL,4,0.6680669516680053,0.7587909169082047,50,1,0.7075348483582807,1.232595164407831e-32,0.0,1.1102230246251565e-16,0.02067473332276943,-6.938893903907228e-18,0.1638009985685472,1225,,0,calibration_rows_only,0
20260907,mean_matching,ptl_rf,PTL,5,0.7587909169082047,0.8334411658422971,17,1,0.35178015786772937,0.0,0.0,0.0,0.06473175424361298,0.0,0.28693550750630903,136,,0,calibration_rows_only,0
20260907,mean_matching,ptl_rf,PTL,6,0.8334411658422971,0.9116948011136704,61,2,0.5287441639798509,0.023777576254795877,0.31816903464075225,0.1494650557785635,0.0462115428090557,0.023403676812224848,0.19385283003888243,956,0.40925169760421104,874,calibration_rows_only,0
20260907,mean_matching,ptl_rf,PTL,7,0.9116948011136704,0.9951116673773436,28,2,0.4117104738563682,0.04173258514233758,0.4522053374269859,0.18457360711305545,0.013413180882035127,0.04278145196679323,0.1406182867434639,218,0.45220533742698593,160,calibration_rows_only,0
20260907,mean_matching,ptl_rf,PTL,8,0.9951116673773436,inf,38,1,0.49531657812777313,0.0,0.0,0.0,0.001992515717907283,0.0,0.04942350822741279,703,,0,calibration_rows_only,0
20260917,mean_matching,ptl_rf,PTL,1,0.235630865916341,0.2403071395159833,33,1,0.8098866379896269,0.0,0.0,0.0,0.045643749177159465,2.0816681711721685e-17,0.24701951588720225,528,,0,calibration_rows_only,0
20260917,mean_matching,ptl_rf,PTL,2,0.2403071395159833,0.6022883480987453,50,1,0.7851480917250042,1.232595164407831e-32,0.0,1.1102230246251565e-16,0.025005369824603715,1.3877787807814457e-17,0.17696162176424002,1225,,0,calibration_rows_only,0
20260917,mean_matching,ptl_rf,PTL,3,0.6022883480987453,0.6152713599390911,50,1,0.7004719547236695,1.232595164407831e-32,0.0,1.1102230246251565e-16,0.04378965164710138,-2.0816681711721685e-17,0.23149915957604356,1225,,0,calibration_rows_only,0
20260917,mean_matching,ptl_rf,PTL,4,0.6152713599390911,0.7815085192890591,62,2,0.6332791921548235,0.009716499724538375,0.2495002503042349,0.07788769520423573,0.02794586109162176,0.00941765773491405,0.18321970831416462,1291,0.2688770298801985,600,calibration_rows_only,0
20260917,mean_matching,ptl_rf,PTL,5,0.7815085192890591,0.830480596657751,6,1,0.1881304813608187,3.0814879110195774e-33,0.0,5.551115123125783e-17,0.012360248442124808,0.0,0.127548454977869,15,,0,calibration_rows_only,0
20260917,mean_matching,ptl_rf,PTL,6,0.830480596657751,0.9491987544727423,66,2,0.453901219156436,0.04682821281185493,0.43785157196027374,0.21389994149023475,0.015073989843374887,0.0473167393190623,0.13206517784009214,1081,0.4404041684436267,1064,calibration_rows_only,0
20260917,mean_matching,ptl_rf,PTL,7,0.9491987544727423,0.996959044138712,22,2,0.44741015976918436,0.007771174211383399,0.30664508467891527,0.050685137963457055,0.010745650626907733,0.007629532477310814,0.11410186699415716,191,0.3066450846789152,40,calibration_rows_only,0
20260917,mean_matching,ptl_rf,PTL,8,0.996959044138712,inf,38,1,0.48744045213398496,0.0,0.0,0.0,0.002744944569421612,-4.336808689942018e-19,0.05781668596477325,703,,0,calibration_rows_only,0
20260927,mean_matching,ptl_rf,PTL,1,0.1778590141410708,0.4526739423000743,33,1,0.8923877808904215,1.232595164407831e-32,0.0,1.1102230246251565e-16,0.02860475944854997,0.0,0.19488005127775632,528,,0,calibration_rows_only,0
20260927,mean_matching,ptl_rf,PTL,2,0.4526739423000743,0.6204585090611751,50,1,0.7999835226659839,0.0,0.0,0.0,0.028646576378922164,0.0,0.19061674483641677,1225,,0,calibration_rows_only,0
20260927,mean_matching,ptl_rf,PTL,3,0.6204585090611751,0.6912719066029382,50,1,0.658193413291486,0.0,0.0,0.0,0.03790728180492776,0.0,0.19114632448597219,1225,,0,calibration_rows_only,0
20260927,mean_matching,ptl_rf,PTL,4,0.6912719066029382,0.6997250859966745,38,1,0.6403529925974496,1.232595164407831e-32,0.0,1.1102230246251565e-16,0.016141127834117253,3.469446951953614e-18,0.1465286109121598,703,,0,calibration_rows_only,0
20260927,mean_matching,ptl_rf,PTL,5,0.6997250859966745,0.7750142900321229,54,2,0.6503102230572084,0.004990945249026323,0.26975541093887956,0.03700348572549773,0.02963496225769916,0.004525963796032498,0.197898772678209,1231,0.2840874514995653,200,calibration_rows_only,0
20260927,mean_matching,ptl_rf,PTL,6,0.7750142900321229,0.9382538638021144,29,1,0.17569137858233394,0.0,0.0,0.0,0.01816455645009932,0.0,0.13291515779183677,406,,0,calibration_rows_only,0
20260927,mean_matching,ptl_rf,PTL,7,0.9382538638021144,0.9989503457447688,35,2,0.38732913629223426,0.012776916189085224,0.22841280124392765,0.11187565775212782,0.01754012449886908,0.012636821827032758,0.13115499983224865,295,0.24940826888996384,300,calibration_rows_only,0
20260927,mean_matching,ptl_rf,PTL,8,0.9989503457447688,inf,38,1,0.5031187173349243,0.0,0.0,0.0,0.004731943674858805,0.0,0.07005354710222661,703,,0,calibration_rows_only,0
20261007,mean_matching,ptl_rf,PTL,1,0.2614458141514605,0.4031214337953084,33,1,0.8663258892046369,0.0,0.0,0.0,0.04592347137041556,-6.938893903907228e-18,0.24794401235565341,528,,0,calibration_rows_only,0
20261007,mean_matching,ptl_rf,PTL,2,0.4031214337953084,0.6862899394963327,50,1,0.775336959296516,0.0,0.0,0.0,0.02068569361836439,0.0,0.15803064927224175,1225,,0,calibration_rows_only,0
20261007,mean_matching,ptl_rf,PTL,3,0.6862899394963327,0.6931507500751909,50,1,0.6677749424403653,1.232595164407831e-32,0.0,1.1102230246251565e-16,0.04403878974773811,2.7755575615628914e-17,0.2282551849402793,1225,,0,calibration_rows_only,0
20261007,mean_matching,ptl_rf,PTL,4,0.6931507500751909,0.7150801841037561,38,1,0.6145267893252679,1.232595164407831e-32,0.0,1.1102230246251565e-16,0.012183207903826994,1.734723475976807e-18,0.12593442184739115,703,,0,calibration_rows_only,0
20261007,mean_matching,ptl_rf,PTL,5,0.7150801841037561,0.8601425084254573,53,2,0.6290002912145398,0.004806633290341105,0.3000203650039795,0.032042046814237606,0.026226608129070454,0.004394710697288626,0.16762706090335733,1228,0.3058451358967252,150,calibration_rows_only,0
20261007,mean_matching,ptl_rf,PTL,6,0.8601425084254573,0.9322076955537336,33,1,0.37191376425281264,0.0,0.0,0.0,0.10477157199390506,2.7755575615628914e-17,0.35249677731291923,528,,0,calibration_rows_only,0
20261007,mean_matching,ptl_rf,PTL,7,0.9322076955537336,0.9978196528714623,32,2,0.4073584124154609,0.03661229493167535,0.39523721785169497,0.185267445867982,0.023062992276499262,0.03704936921087454,0.17570161822052333,256,0.39823384280473845,240,calibration_rows_only,0
20261007,mean_matching,ptl_rf,PTL,8,0.9978196528714623,inf,38,1,0.48768649927984364,0.0,0.0,0.0,0.003965290406849092,8.673617379884035e-19,0.06083138777856641,703,,0,calibration_rows_only,0
20261017,mean_matching,ptl_rf,PTL,1,0.1097987446323505,0.3797050251321999,33,1,0.8625005821245101,1.232595164407831e-32,0.0,1.1102230246251565e-16,0.022752270062092884,3.469446951953614e-18,0.17559766576662475,528,,0,calibration_rows_only,0
20261017,mean_matching,ptl_rf,PTL,2,0.3797050251321999,0.6718241246759449,50,1,0.7974149491800873,1.232595164407831e-32,0.0,1.1102230246251565e-16,0.020048473388425064,-1.0408340855860843e-17,0.153214696438217,1225,,0,calibration_rows_only,0
20261017,mean_matching,ptl_rf,PTL,3,0.6718241246759449,0.7300257437655637,50,1,0.6856902758625384,1.232595164407831e-32,0.0,1.1102230246251565e-16,0.031006580462555514,-6.938893903907228e-18,0.20096048418210521,1225,,0,calibration_rows_only,0
20261017,mean_matching,ptl_rf,PTL,4,0.7300257437655637,0.7332405956093606,38,1,0.6190641591071576,1.232595164407831e-32,0.0,1.1102230246251565e-16,0.013832858962036823,0.0,0.13508949761577974,703,,0,calibration_rows_only,0
20261017,mean_matching,ptl_rf,PTL,5,0.7332405956093606,0.8776817044600497,61,2,0.6215299465709225,0.02146390352936702,0.38106831893500925,0.11265120957498256,0.041195914447423806,0.021135036680732744,0.2071491451525834,1280,0.43890234072788004,550,calibration_rows_only,0
20261017,mean_matching,ptl_rf,PTL,6,0.8776817044600497,0.954942845442116,26,1,0.3581015598694448,3.0814879110195774e-33,0.0,5.551115123125783e-17,0.07604772308227639,1.3877787807814457e-17,0.27891451889552865,325,,0,calibration_rows_only,0
20261017,mean_matching,ptl_rf,PTL,7,0.954942845442116,0.998374830440804,31,2,0.3606608549915911,0.029755139466581086,0.3605216487471782,0.16506714406738648,0.011536293219324293,0.030362434341489636,0.11960569171551991,245,0.3629722627045302,220,calibration_rows_only,0
20261017,mean_matching,ptl_rf,PTL,8,0.998374830440804,inf,38,1,0.4886231953891225,0.0,0.0,0.0,0.002895541423311641,-8.673617379884035e-19,0.06186619704073456,703,,0,calibration_rows_only,0
20260907,mean_matching,raw_normalized_uq,raw/native UQ,0,-inf,0.0977917981072554,22,1,0.3125524008572194,0.0,0.0,0.0,0.09477331754411004,-1.3877787807814457e-17,0.31289109898165635,231,,0,calibration_rows_only,0
20260907,mean_matching,raw_normalized_uq,raw/native UQ,1,0.0977917981072554,0.1813880126182965,20,1,0.5409119988355071,1.232595164407831e-32,0.0,1.1102230246251565e-16,0.017846226388108632,0.0,0.1549230987349609,190,,0,calibration_rows_only,0
20260907,mean_matching,raw_normalized_uq,raw/native UQ,2,0.1813880126182965,0.331230283911672,50,2,0.6124630017524288,0.08740788629590242,0.6241139398177131,0.2801023361901896,0.045894370025689885,0.08825510091366187,0.2338572237821669,664,0.6353142262411237,561,calibration_rows_only,0
20260907,mean_matching,raw_normalized_uq,raw/native UQ,3,0.331230283911672,0.4069400630914827,38,1,0.6487095376968558,0.0,0.0,0.0,0.015389173465873984,3.469446951953614e-18,0.14405751351836696,703,,0,calibration_rows_only,0
20260907,mean_matching,raw_normalized_uq,raw/native UQ,4,0.4069400630914827,0.4858044164037854,7,1,0.4163836056985651,3.0814879110195774e-33,0.0,5.551115123125783e-17,0.017456999290891704,0.0,0.13691881444233864,21,,0,calibration_rows_only,0
20260907,mean_matching,raw_normalized_uq,raw/native UQ,5,0.4858044164037854,0.6198738170347002,38,1,0.49531657812777313,0.0,0.0,0.0,0.001992515717907283,0.0,0.04942350822741279,703,,0,calibration_rows_only,0
20260907,mean_matching,raw_normalized_uq,raw/native UQ,6,0.6198738170347002,0.7728706624605678,50,1,0.6417107256322275,0.0,0.0,0.0,0.03249030494282688,0.0,0.2001265198671296,1225,,0,calibration_rows_only,0
20260907,mean_matching,raw_normalized_uq,raw/native UQ,7,0.7728706624605678,0.9242902208201892,50,1,0.7075348483582807,1.232595164407831e-32,0.0,1.1102230246251565e-16,0.02067473332276943,-6.938893903907228e-18,0.1638009985685472,1225,,0,calibration_rows_only,0
20260907,mean_matching,raw_normalized_uq,raw/native UQ,8,0.9242902208201892,inf,52,2,0.7463249143544549,0.001603625789267029,0.20823554293583135,0.015402037199395778,0.014925961050688686,0.0013424035292391601,0.10665179466759565,1226,0.3759276691737139,100,calibration_rows_only,0
20260917,mean_matching,raw_normalized_uq,raw/native UQ,0,-inf,0.10126182965299686,27,1,0.2085991678824145,0.0,0.0,0.0,0.01751452434441589,0.0,0.13798158870041596,351,,0,calibration_rows_only,0
20260917,mean_matching,raw_normalized_uq,raw/native UQ,1,0.10126182965299686,0.1593059936908517,5,1,0.15244242405133174,0.0,0.0,0.0,0.020851330961541063,0.0,0.15146545621400542,10,,0,calibration_rows_only,0
20260917,mean_matching,raw_normalized_uq,raw/native UQ,2,0.1593059936908517,0.334384858044164,53,2,0.6836226182384794,0.026305294428135024,0.3345996523405412,0.1572344396901083,0.03243725000962633,0.026187372205414033,0.211718362274674,718,0.3529879923457827,660,calibration_rows_only,0
20260917,mean_matching,raw_normalized_uq,raw/native UQ,3,0.334384858044164,0.4069400630914827,39,2,0.6253424769143403,0.007785793246954055,0.5582442289662605,0.027893860224481173,0.012457132426243106,0.0076628632685517145,0.12633249391051132,703,0.5582442289662606,38,calibration_rows_only,0
20260917,mean_matching,raw_normalized_uq,raw/native UQ,4,0.4069400630914827,0.4794952681388013,13,1,0.4086779880976473,0.0,0.0,0.0,0.0340669392185492,6.938893903907228e-18,0.21605767780344146,78,,0,calibration_rows_only,0
20260917,mean_matching,raw_normalized_uq,raw/native UQ,5,0.4794952681388013,0.61198738170347,38,1,0.48744045213398496,0.0,0.0,0.0,0.002744944569421612,-4.336808689942018e-19,0.05781668596477325,703,,0,calibration_rows_only,0
20260917,mean_matching,raw_normalized_uq,raw/native UQ,6,0.61198738170347,0.7649842271293376,50,1,0.6815695631814498,0.0,0.0,0.0,0.02761845776665013,-6.938893903907228e-18,0.18231280916778012,1225,,0,calibration_rows_only,0
20260917,mean_matching,raw_normalized_uq,raw/native UQ,7,0.7649842271293376,0.917981072555205,50,1,0.7004719547236695,1.232595164407831e-32,0.0,1.1102230246251565e-16,0.04378965164710138,-2.0816681711721685e-17,0.23149915957604356,1225,,0,calibration_rows_only,0
20260917,mean_matching,raw_normalized_uq,raw/native UQ,8,0.917981072555205,inf,52,2,0.7648119884076208,0.01033892745338232,0.5287386862519687,0.03910789099496803,0.024746008821583447,0.01005643566184896,0.17694383907462807,1226,0.5287386862519687,100,calibration_rows_only,0
20260927,mean_matching,raw_normalized_uq,raw/native UQ,0,-inf,0.10126182965299686,32,1,0.17830159147878727,7.703719777548943e-34,0.0,2.7755575615628914e-17,0.021176904235269696,-1.0408340855860843e-17,0.14659114257734124,496,,0,calibration_rows_only,0
20260927,mean_matching,raw_normalized_uq,raw/native UQ,1,0.10126182965299686,0.1656151419558359,5,1,0.2564639229489777,0.0,0.0,0.0,0.03597457320590972,0.0,0.21076707605112904,10,,0,calibration_rows_only,0
20260927,mean_matching,raw_normalized_uq,raw/native UQ,2,0.1656151419558359,0.2996845425867508,43,2,0.7650818591996118,0.05348243240190359,0.5474154632704812,0.19539978678124273,0.02771378149694284,0.05409597170916451,0.1943034661703346,573,0.5478415043118103,330,calibration_rows_only,0
20260927,mean_matching,raw_normalized_uq,raw/native UQ,3,0.2996845425867508,0.3911671924290221,38,1,0.6403529925974496,1.232595164407831e-32,0.0,1.1102230246251565e-16,0.016141127834117253,3.469446951953614e-18,0.1465286109121598,703,,0,calibration_rows_only,0
20260927,mean_matching,raw_normalized_uq,raw/native UQ,4,0.3911671924290221,0.5031545741324921,20,1,0.4852203368253461,0.0,0.0,0.0,0.006473085053235724,0.0,0.08800952559406662,190,,0,calibration_rows_only,0
20260927,mean_matching,raw_normalized_uq,raw/native UQ,5,0.5031545741324921,0.637223974763407,50,1,0.6702921053489773,4.930380657631324e-32,0.0,2.220446049250313e-16,0.029828165814251496,-6.938893903907228e-18,0.19788819056308082,1225,,0,calibration_rows_only,0
20260927,mean_matching,raw_normalized_uq,raw/native UQ,6,0.637223974763407,0.7697160883280757,38,1,0.5031187173349243,0.0,0.0,0.0,0.004731943674858805,0.0,0.07005354710222661,703,,0,calibration_rows_only,0
20260927,mean_matching,raw_normalized_uq,raw/native UQ,7,0.7697160883280757,0.9211356466876972,50,1,0.658193413291486,0.0,0.0,0.0,0.03790728180492776,0.0,0.19114632448597219,1225,,0,calibration_rows_only,0
20260927,mean_matching,raw_normalized_uq,raw/native UQ,8,0.9211356466876972,inf,51,2,0.7864861216722169,0.009108991679327128,0.6883674506821172,0.02646549214464124,0.028646576378922164,0.008718239985335226,0.19061674483641677,1225,0.6883674506821166,50,calibration_rows_only,0
20261007,mean_matching,raw_normalized_uq,raw/native UQ,0,-inf,0.1192429022082019,35,1,0.30305915828368835,3.0814879110195774e-33,0.0,5.551115123125783e-17,0.09020498259658032,-1.3877787807814457e-17,0.30252367548229836,595,,0,calibration_rows_only,0
20261007,mean_matching,raw_normalized_uq,raw/native UQ,1,0.1192429022082019,0.2223974763406939,23,2,0.5022118964645822,0.018982266939506654,0.4090969569470262,0.09280082199176402,0.02857462906093009,0.018546250479441945,0.1983370086670912,193,0.40940704661393534,60,calibration_rows_only,0
20261007,mean_matching,raw_normalized_uq,raw/native UQ,2,0.2223974763406939,0.334384858044164,34,2,0.8428124197032102,0.018245147183819654,0.799457963048516,0.045643793738063876,0.04592347137041556,0.017406410087256137,0.24794401235565341,528,0.7994579630485154,33,calibration_rows_only,0
20261007,mean_matching,raw_normalized_uq,raw/native UQ,3,0.334384858044164,0.4100946372239747,38,1,0.6145267893252679,1.232595164407831e-32,0.0,1.1102230246251565e-16,0.012183207903826994,1.734723475976807e-18,0.12593442184739115,703,,0,calibration_rows_only,0
20261007,mean_matching,raw_normalized_uq,raw/native UQ,4,0.4100946372239747,0.5047318611987381,7,1,0.4586810574672384,3.0814879110195774e-33,0.0,5.551115123125783e-17,0.06514700024627505,0.0,0.25599406055039653,21,,0,calibration_rows_only,0
20261007,mean_matching,raw_normalized_uq,raw/native UQ,5,0.5047318611987381,0.6577287066246057,50,1,0.775336959296516,0.0,0.0,0.0,0.02068569361836439,0.0,0.15803064927224175,1225,,0,calibration_rows_only,0
20261007,mean_matching,raw_normalized_uq,raw/native UQ,6,0.6577287066246057,0.7917981072555205,50,1,0.6677749424403653,1.232595164407831e-32,0.0,1.1102230246251565e-16,0.04403878974773811,2.7755575615628914e-17,0.2282551849402793,1225,,0,calibration_rows_only,0
20261007,mean_matching,raw_normalized_uq,raw/native UQ,7,0.7917981072555205,0.9242902208201892,38,1,0.48768649927984364,0.0,0.0,0.0,0.003965290406849092,8.673617379884035e-19,0.06083138777856641,703,,0,calibration_rows_only,0
20261007,mean_matching,raw_normalized_uq,raw/native UQ,8,0.9242902208201892,inf,52,2,0.638654987787825,0.001342338734737452,0.19051729419478092,0.014091515842809078,0.027706191469923657,0.0008254004458122313,0.16771341701751855,1226,0.2761021432970253,100,calibration_rows_only,0
20261017,mean_matching,raw_normalized_uq,raw/native UQ,0,-inf,0.13154574132492122,38,1,0.27406039330646675,0.0,0.0,0.0,0.05037756344528872,6.938893903907228e-18,0.23288435821089448,703,,0,calibration_rows_only,0
20261017,mean_matching,raw_normalized_uq,raw/native UQ,2,0.1529968454258675,0.305993690851735,41,2,0.77053680613002,0.03488651139255462,0.47131435197176186,0.14803924916186206,0.047238053468064485,0.03457772284066688,0.18649418787563155,556,0.5872164440450889,264,calibration_rows_only,0
20261017,mean_matching,raw_normalized_uq,raw/native UQ,3,0.305993690851735,0.3943217665615142,38,1,0.6190641591071576,1.232595164407831e-32,0.0,1.1102230246251565e-16,0.013832858962036823,0.0,0.13508949761577974,703,,0,calibration_rows_only,0
20261017,mean_matching,raw_normalized_uq,raw/native UQ,4,0.3943217665615142,0.4826498422712933,20,1,0.48858789164381566,0.0,0.0,0.0,0.012167583747354358,1.734723475976807e-18,0.12687861820931362,190,,0,calibration_rows_only,0
20261017,mean_matching,raw_normalized_uq,raw/native UQ,5,0.4826498422712933,0.6151419558359621,38,1,0.4886231953891225,0.0,0.0,0.0,0.002895541423311641,-8.673617379884035e-19,0.06186619704073456,703,,0,calibration_rows_only,0
20261017,mean_matching,raw_normalized_uq,raw/native UQ,6,0.6151419558359621,0.7681388012618297,50,1,0.6902471844116619,0.0,0.0,0.0,0.03569700098318474,0.0,0.20465128144942915,1225,,0,calibration_rows_only,0
20261017,mean_matching,raw_normalized_uq,raw/native UQ,7,0.7681388012618297,0.9211356466876972,50,1,0.6856902758625384,1.232595164407831e-32,0.0,1.1102230246251565e-16,0.031006580462555514,-6.938893903907228e-18,0.20096048418210521,1225,,0,calibration_rows_only,0
20261017,mean_matching,raw_normalized_uq,raw/native UQ,8,0.9211356466876972,inf,52,2,0.7778326811701615,0.009586630510314068,0.5091389682580704,0.03765820771139565,0.0202333777735206,0.009377870760055109,0.15328715452585717,1226,0.5091389682580708,100,calibration_rows_only,0
20260907,mean_matching,u_only_rf,U-only RF,0,-inf,0.2522617166104156,1,1,0.5254189039624667,0.0,0.0,0.0,0.0,0.0,,0,,0,calibration_rows_only,0
20260907,mean_matching,u_only_rf,U-only RF,1,0.2522617166104156,0.4196810893782848,40,2,0.7672526286928318,0.015537372129303256,0.3280520719863967,0.09472503578607203,0.04764049880369487,0.014714215035088074,0.24150442646889922,549,0.3827854780152129,231,calibration_rows_only,0
20260907,mean_matching,u_only_rf,U-only RF,2,0.4196810893782848,0.4839955835930852,60,2,0.6561100051129984,0.04823974002307512,0.5893438115108539,0.1637066143085705,0.009790231044427314,0.04889142661593357,0.1055902336768549,1270,0.589343811510854,500,calibration_rows_only,0
20260907,mean_matching,u_only_rf,U-only RF,3,0.4839955835930852,0.6115340812764661,15,1,0.26078934425801265,3.0814879110195774e-33,0.0,5.551115123125783e-17,0.11880831782175971,0.0,0.31850227658320407,105,,0,calibration_rows_only,0
20260907,mean_matching,u_only_rf,U-only RF,4,0.6115340812764661,0.6685431003039024,50,1,0.6417107256322275,0.0,0.0,0.0,0.03249030494282688,0.0,0.2001265198671296,1225,,0,calibration_rows_only,0
20260907,mean_matching,u_only_rf,U-only RF,5,0.6685431003039024,0.7572233794056151,56,2,0.6446210622674198,0.032984537335721785,0.5871953368480359,0.11234604659082326,0.020138531534033163,0.03321810107757067,0.16317799053758567,1240,0.587195336848036,300,calibration_rows_only,0
20260907,mean_matching,u_only_rf,U-only RF,6,0.7572233794056151,0.8274876492352147,7,1,0.4163836056985651,3.0814879110195774e-33,0.0,5.551115123125783e-17,0.017456999290891704,0.0,0.13691881444233864,21,,0,calibration_rows_only,0
20260907,mean_matching,u_only_rf,U-only RF,7,0.8274876492352147,0.9988128536766888,60,3,0.6093566545119212,0.0026757550220986664,0.1077975388613488,0.0498469853675837,0.020758584651388787,0.0020174259664939437,0.14703480882663764,894,0.19494571966845706,876,calibration_rows_only,0
20260907,mean_matching,u_only_rf,U-only RF,8,0.9988128536766888,inf,38,1,0.49531657812777313,0.0,0.0,0.0,0.001992515717907283,0.0,0.04942350822741279,703,,0,calibration_rows_only,0
20260917,mean_matching,u_only_rf,U-only RF,1,0.2363005513227282,0.2364741282412861,33,1,0.8098866379896269,0.0,0.0,0.0,0.045643749177159465,2.0816681711721685e-17,0.24701951588720225,528,,0,calibration_rows_only,0
20260917,mean_matching,u_only_rf,U-only RF,2,0.2364741282412861,0.43601315698352655,65,2,0.6507964805897153,0.0601678513821596,0.5821903149195852,0.20669478636198285,0.022333317994683393,0.0607590159663389,0.17337358585430135,1330,0.5823767639617019,750,calibration_rows_only,0
20260917,mean_matching,u_only_rf,U-only RF,3,0.43601315698352655,0.5879789151453583,7,1,0.16992108441999565,0.0,0.0,0.0,0.004599814844475555,0.0,0.08062823143090311,21,,0,calibration_rows_only,0
20260917,mean_matching,u_only_rf,U-only RF,4,0.5879789151453583,0.6209034445734328,50,1,0.7004719547236695,1.232595164407831e-32,0.0,1.1102230246251565e-16,0.04378965164710138,-2.0816681711721685e-17,0.23149915957604356,1225,,0,calibration_rows_only,0
20260917,mean_matching,u_only_rf,U-only RF,5,0.6209034445734328,0.8174979775417105,72,2,0.5729938577477641,0.026792463205505632,0.3553386723284258,0.150799590880119,0.03325374582785105,0.026701459224909206,0.19269500823576385,1456,0.3682787912207424,1100,calibration_rows_only,0
20260917,mean_matching,u_only_rf,U-only RF,6,0.8174979775417105,0.9983294308376756,62,3,0.5597294319379118,0.013546726887140204,0.41702126399159056,0.09797503172521488,0.011376515034575069,0.01339580388415644,0.12332123825420058,899,0.2283510616288682,992,calibration_rows_only,0
20260917,mean_matching,u_only_rf,U-only RF,7,0.9983294308376756,inf,38,1,0.48744045213398496,0.0,0.0,0.0,0.002744944569421612,-4.336808689942018e-19,0.05781668596477325,703,,0,calibration_rows_only,0
20260927,mean_matching,u_only_rf,U-only RF,1,0.1642743964749223,0.4683351556601389,44,2,0.7459003425125977,0.06437570880749022,0.5859497535112954,0.21973115756673575,0.028982993076930058,0.06519879521982876,0.19575208761780702,583,0.5863912849352703,363,calibration_rows_only,0
20260927,mean_matching,u_only_rf,U-only RF,2,0.4683351556601389,0.48472477669218844,50,1,0.7999835226659839,0.0,0.0,0.0,0.028646576378922164,0.0,0.19061674483641677,1225,,0,calibration_rows_only,0
20260927,mean_matching,u_only_rf,U-only RF,3,0.48472477669218844,0.6218449782770759,14,1,0.16895486000800014,0.0,0.0,0.0,0.019268276646963647,0.0,0.1302652504626549,91,,0,calibration_rows_only,0
20260927,mean_matching,u_only_rf,U-only RF,4,0.6218449782770759,0.6593394492566486,51,2,0.6465589939228932,0.006767985702214319,0.5933553877982308,0.02281258699724072,0.03790728180492776,0.006145199780160052,0.19114632448597219,1225,0.5933553877982308,50,calibration_rows_only,0
20260927,mean_matching,u_only_rf,U-only RF,5,0.6593394492566486,0.6670134618081212,1,1,0.1116160719838667,0.0,0.0,0.0,0.0,0.0,,0,,0,calibration_rows_only,0
20260927,mean_matching,u_only_rf,U-only RF,6,0.6670134618081212,0.700617368125966,39,2,0.627778462266547,0.006008514895626007,0.49040668290520173,0.024504212952528057,0.016141127834117253,0.005741867186718347,0.1465286109121598,703,0.49040668290520273,38,calibration_rows_only,0
20260927,mean_matching,u_only_rf,U-only RF,7,0.700617368125966,0.882851453327722,61,2,0.567869919310294,0.047683200877011944,0.5679775771236067,0.1679052230142347,0.02523959110808039,0.048057261039827485,0.19180716492017177,1280,0.5679775771236072,550,calibration_rows_only,0
20260927,mean_matching,u_only_rf,U-only RF,8,0.882851453327722,0.9964101527983504,29,2,0.4505403437181186,0.002672670937594108,0.11174664445662202,0.04783447325134831,0.01002932601485858,0.0024099332562632306,0.09998188131163055,226,0.14673909053334902,180,calibration_rows_only,0
20260927,mean_matching,u_only_rf,U-only RF,9,0.9964101527983504,inf,38,1,0.5031187173349243,0.0,0.0,0.0,0.004731943674858805,0.0,0.07005354710222661,703,,0,calibration_rows_only,0
20261007,mean_matching,u_only_rf,U-only RF,0,-inf,0.2365878738080037,2,1,0.3914903583714152,0.0,0.0,0.0,0.037794931238792226,0.0,0.2749361061730242,1,,0,calibration_rows_only,0
20261007,mean_matching,u_only_rf,U-only RF,1,0.2365878738080037,0.417051167208618,39,2,0.8063403818341245,0.01979043601973802,0.3899057979083319,0.10151393555009815,0.05078366415352079,0.018974824753059526,0.25059338454261776,543,0.41456842432539115,198,calibration_rows_only,0
20261007,mean_matching,u_only_rf,U-only RF,2,0.417051167208618,0.5672816108740156,56,2,0.7178405496667342,0.027548642669297307,0.5366331565446311,0.10267216005318194,0.026391360559322296,0.02756968416220593,0.1595197892427526,1240,0.5619831441968798,300,calibration_rows_only,0
20261007,mean_matching,u_only_rf,U-only RF,3,0.5672816108740156,0.6838874043603248,17,1,0.3478832295029412,3.0814879110195774e-33,0.0,5.551115123125783e-17,0.11531221098295899,2.7755575615628914e-17,0.34553689557329426,136,,0,calibration_rows_only,0
20261007,mean_matching,u_only_rf,U-only RF,4,0.6838874043603248,0.6953602621451448,38,1,0.6145267893252679,1.232595164407831e-32,0.0,1.1102230246251565e-16,0.012183207903826994,1.734723475976807e-18,0.12593442184739115,703,,0,calibration_rows_only,0
20261007,mean_matching,u_only_rf,U-only RF,5,0.6953602621451448,0.7073243667233342,52,2,0.6453903162525856,0.012526787239165884,0.5820002808822737,0.043047358053422455,0.04315916141129707,0.011926152451477039,0.2280777434754012,1226,0.5820002808822733,100,calibration_rows_only,0
20261007,mean_matching,u_only_rf,U-only RF,6,0.7073243667233342,0.8882674171897039,58,2,0.5717954441696969,0.034398315831732675,0.5378567059588193,0.1279088480282566,0.023007394528617272,0.03459815655634875,0.16475258275675347,1253,0.5378567059588195,400,calibration_rows_only,0
20261007,mean_matching,u_only_rf,U-only RF,7,0.8882674171897039,0.9986417357831608,27,2,0.5304523994247259,0.0018028939342325096,0.09689131164260806,0.0372147699038824,0.03893588593987597,0.00037470193401544644,0.20527085107134493,211,0.25163312168289503,140,calibration_rows_only,0
20261007,mean_matching,u_only_rf,U-only RF,8,0.9986417357831608,inf,38,1,0.48768649927984364,0.0,0.0,0.0,0.003965290406849092,8.673617379884035e-19,0.06083138777856641,703,,0,calibration_rows_only,0
20261017,mean_matching,u_only_rf,U-only RF,1,0.0866827732775761,0.3751406743468035,37,2,0.8200660180963625,0.014855710850136504,0.3925197172603666,0.07569408718534443,0.03249971981097589,0.014365599490113193,0.1785106936845296,534,0.4668054120309364,132,calibration_rows_only,0
20261017,mean_matching,u_only_rf,U-only RF,2,0.3751406743468035,0.5296810883572625,67,2,0.6793495834739997,0.04099832523327107,0.4653164413122269,0.176216963740429,0.029230622679365815,0.04117662375681509,0.1653165668153465,1361,0.474044993483706,850,calibration_rows_only,0
20261017,mean_matching,u_only_rf,U-only RF,3,0.5296810883572625,0.6677181497542237,10,1,0.20373258048467663,0.0,0.0,0.0,0.011021639564243449,0.0,0.1221310893572419,45,,0,calibration_rows_only,0
20261017,mean_matching,u_only_rf,U-only RF,4,0.6677181497542237,0.7148386394223345,52,2,0.6643861475871735,0.011346647039330098,0.5539073351594884,0.04096947745262492,0.030399312207928728,0.01097306536935757,0.20082582270979482,1226,0.5539073351594885,100,calibration_rows_only,0
20261017,mean_matching,u_only_rf,U-only RF,5,0.7148386394223345,0.7248169928084593,38,1,0.6190641591071576,1.232595164407831e-32,0.0,1.1102230246251565e-16,0.013832858962036823,0.0,0.13508949761577974,703,,0,calibration_rows_only,0
20261017,mean_matching,u_only_rf,U-only RF,6,0.7248169928084593,0.8623124806390138,57,2,0.6259073043615755,0.029568715463282203,0.5239104518364179,0.11287698254401125,0.033344927642565844,0.029501283102937842,0.20340822466146039,1246,0.5239104518364182,350,calibration_rows_only,0
20261017,mean_matching,u_only_rf,U-only RF,7,0.8623124806390138,0.9994753261792438,28,2,0.4607588455035106,0.0019361395226980636,0.09740166149106755,0.039755780200435756,0.0517459820948952,9.13305385426208e-05,0.16092724033872868,218,0.3174217389365813,160,calibration_rows_only,0
20261017,mean_matching,u_only_rf,U-only RF,8,0.9994753261792438,inf,38,1,0.4886231953891225,0.0,0.0,0.0,0.002895541423311641,-8.673617379884035e-19,0.06186619704073456,703,,0,calibration_rows_only,0
20260907,slim_string,ptl_rf,PTL,0,-inf,0.22053648915052373,153,5,0.898790535287225,0.0014183775952476495,0.09552395727440921,0.034256878670773205,0.01744318079138947,0.0009686779533377154,0.13489703471477088,2350,0.14827329852348298,9278,calibration_rows_only,0
20260907,slim_string,ptl_rf,PTL,1,0.22053648915052373,0.24712578135374444,13,5,0.8193261835296979,0.007394691724675277,0.3560982111138905,0.06161604296910908,0.01081289360165489,0.004406618167846585,0.13235906983775217,13,0.14525592175961058,65,calibration_rows_only,0
20260907,slim_string,ptl_rf,PTL,2,0.24712578135374444,0.29321180820399156,19,5,0.8843703707926158,0.0016548103447977288,0.11572303766737546,0.038829151776467424,0.010332314990341488,-0.0005493257450116164,0.11914290712892352,38,0.1113533693657949,133,calibration_rows_only,0
20260907,slim_string,ptl_rf,PTL,3,0.29321180820399156,0.34611354106177666,12,4,0.8545379979456148,0.011227010575240086,0.2822545049174935,0.09706751202264167,0.0037777173716780467,0.011217361344349717,0.07790982338218437,13,0.1598496333544027,53,calibration_rows_only,0
20260907,slim_string,ptl_rf,PTL,4,0.34611354106177666,0.4009765576167925,8,4,0.8726059019473738,0.00796133036332886,0.285142759376534,0.07382053927568424,0.0225587323003062,-0.0005693648563268178,0.18229188888753317,5,0.17277473977711355,23,calibration_rows_only,0
20260907,slim_string,ptl_rf,PTL,5,0.4009765576167925,0.5316118759898255,8,4,0.6831436924727283,0.019901799727182222,0.492988811938586,0.09069605879092174,0.005415920551381535,0.020423805166187595,0.0850243165020033,10,0.21182508099543107,18,calibration_rows_only,0
20260907,slim_string,ptl_rf,PTL,6,0.5316118759898255,0.6971628335101399,26,6,0.653882921192001,0.005768316152384236,0.1984885452969375,0.06856501403722648,0.0519352552222774,-0.004388002245975867,0.29543354417678563,93,0.23143079939308592,232,calibration_rows_only,0
20260907,slim_string,ptl_rf,PTL,7,0.6971628335101399,0.8509543890114338,43,3,0.466611690383965,0.022220215987199917,0.33588989187672014,0.14399497647312287,0.08082127839304612,0.018900636444369123,0.3076017199970389,389,0.3854973343154265,514,calibration_rows_only,0
20260907,slim_string,ptl_rf,PTL,8,0.8509543890114338,0.9128931959364749,27,5,0.5017246945494513,0.032261932127900274,0.4680413494084148,0.1625971496410357,0.027797388622865935,0.029226254344686283,0.15543754198563248,85,0.29739864141971684,266,calibration_rows_only,0
20260907,slim_string,ptl_rf,PTL,9,0.9128931959364749,inf,18,1,0.5759480146437471,1.232595164407831e-32,0.0,1.1102230246251565e-16,0.004044357848121209,8.673617379884035e-19,0.07185491804590632,153,,0,calibration_rows_only,0
20260917,slim_string,ptl_rf,PTL,0,-inf,0.1714091271154127,101,5,0.9201893830369473,0.00011731831721252468,0.033043197263559754,0.009497727082019953,0.02041349526576638,-0.0006980483102460022,0.14423966582028372,1327,0.14209112921302824,3723,calibration_rows_only,0
20260917,slim_string,ptl_rf,PTL,1,0.1714091271154127,0.21959353502713536,25,4,0.9115594583707923,0.003566342091010196,0.14235880346839402,0.057052014651043634,0.006980523089491032,0.0028423742919492434,0.10089479500004622,78,0.11795875350130124,222,calibration_rows_only,0
20260917,slim_string,ptl_rf,PTL,2,0.21959353502713536,0.26706022676149604,18,3,0.8245891654074051,0.0003197374589821928,0.041565086517247885,0.015969805096227356,0.012213361442906114,-0.001098320507301926,0.1200784900807998,46,0.12109095617795214,107,calibration_rows_only,0
20260917,slim_string,ptl_rf,PTL,3,0.26706022676149604,0.3206845014441527,23,5,0.8620763744945125,0.007336870381644599,0.3617233621035242,0.06851960748448171,0.016210434603024057,0.004723012743896797,0.1470107893416993,64,0.17001152961501595,189,calibration_rows_only,0
20260917,slim_string,ptl_rf,PTL,4,0.3206845014441527,0.4184418815934131,24,6,0.7427998474893487,0.008616567198489885,0.26665467251604236,0.08078007821856574,0.033790280918569504,0.0016454873117787011,0.11983063445860052,67,0.2218596700790658,209,calibration_rows_only,0
20260917,slim_string,ptl_rf,PTL,5,0.4184418815934131,0.5557470338940732,14,4,0.7945629329467235,0.003991538500150411,0.20858160594595276,0.04319450237058705,0.029539998916753157,-0.002518342903704132,0.21193213529671626,23,0.1771362907060031,68,calibration_rows_only,0
20260917,slim_string,ptl_rf,PTL,6,0.5557470338940732,0.7770744389516272,24,6,0.758343445968824,0.01020970574678734,0.47796061170449056,0.06730973494974563,0.03856257084615065,0.0022704384213975137,0.18137368171341425,48,0.2309330799748281,228,calibration_rows_only,0
20260917,slim_string,ptl_rf,PTL,7,0.7770744389516272,0.9067057420776484,32,6,0.5268870819851993,0.014029990230456427,0.2951858388733297,0.11027182350144055,0.01729536535943979,0.011692995502496993,0.16545130621157256,99,0.1940311350990993,397,calibration_rows_only,0
20260917,slim_string,ptl_rf,PTL,8,0.9067057420776484,0.9623416801296368,32,3,0.4804515877887641,0.04272760788669243,0.4244187886081688,0.20302432478612448,0.01733141460728793,0.042987762037405876,0.1192838733470619,159,0.35444981426529226,337,calibration_rows_only,0
20260917,slim_string,ptl_rf,PTL,9,0.9623416801296368,inf,34,3,0.4533371586091431,0.02890427472552703,0.37782398986773924,0.15481713939643207,0.011947590373947723,0.029056065452121922,0.10905911311458495,202,0.289405409232946,359,calibration_rows_only,0
20260927,slim_string,ptl_rf,PTL,0,-inf,0.1615883587825097,125,4,0.9274432918429503,0.0009631470746808657,0.08310631275286073,0.024107980887402007,0.010980494990205059,0.0007052572529394566,0.11773585448187268,1961,0.1225612195693091,5789,calibration_rows_only,0
20260927,slim_string,ptl_rf,PTL,1,0.1615883587825097,0.1973367002845544,11,4,0.8867079225935104,0.0033591535792056202,0.15965101047609076,0.05010452816807114,0.01334778565271566,-0.0003092667586885138,0.12595950279471804,22,0.1364588902314602,33,calibration_rows_only,0
20260927,slim_string,ptl_rf,PTL,2,0.1973367002845544,0.2353907904986047,18,4,0.8680281417913833,0.007163528112073668,0.29557307394680965,0.06443953102042639,0.039153570730219654,0.0006754584603921934,0.22401169707708837,46,0.20356300474294534,107,calibration_rows_only,0
20260927,slim_string,ptl_rf,PTL,3,0.2353907904986047,0.32039680725552827,28,5,0.8100689635491545,0.002604663958445786,0.1633923956082044,0.03477953831943324,0.01409587222123469,0.0006128556278349323,0.1184812628653739,83,0.1404364028051102,295,calibration_rows_only,0
20260927,slim_string,ptl_rf,PTL,4,0.32039680725552827,0.3704508315337437,14,5,0.725826812355539,0.008108040030301895,0.3592628986565445,0.0576899171325577,0.021633482965433597,0.0020752791201916997,0.1674046042059878,25,0.16834585551852038,66,calibration_rows_only,0
20260927,slim_string,ptl_rf,PTL,5,0.3704508315337437,0.512090270388529,11,3,0.7824954149439537,0.003682647648625105,0.24098840564024204,0.0343633824967737,0.00861677280245919,0.0023275578529957774,0.10664624391782068,36,0.14212188385576174,19,calibration_rows_only,0
20260927,slim_string,ptl_rf,PTL,6,0.512090270388529,0.8361571350673658,30,4,0.7029543891130051,0.0020618392117180886,0.1737955368830355,0.033787696543350475,0.09794295846237246,-0.007999093070192267,0.3967895361802618,162,0.28482890899942515,273,calibration_rows_only,0
20260927,slim_string,ptl_rf,PTL,7,0.8361571350673658,0.9264563664103789,43,5,0.4307609861493357,0.0355035280556254,0.4223947238371944,0.1868685035538415,0.02179985250625734,0.034272673723020564,0.18619605165610123,297,0.3075455742096335,606,calibration_rows_only,0
20260927,slim_string,ptl_rf,PTL,8,0.9264563664103789,0.9763590528157171,27,3,0.479180694346141,0.04086585075470573,0.46880738851339016,0.1836858020104195,0.007156125776449039,0.04188714303169831,0.09727996202455905,111,0.3125134484906338,240,calibration_rows_only,0
20260927,slim_string,ptl_rf,PTL,9,0.9763590528157171,inf,20,1,0.557723868871178,1.232595164407831e-32,0.0,1.1102230246251565e-16,0.002325516363846204,0.0,0.056238149056772165,190,,0,calibration_rows_only,0
20261007,slim_string,ptl_rf,PTL,0,-inf,0.20390065283338285,138,4,0.9150817353090628,0.0018782696926252108,0.12354400797078957,0.03710060579559768,0.01916210857433983,0.0014723714734252574,0.13668921066653197,2373,0.14741271425426333,7080,calibration_rows_only,0
20261007,slim_string,ptl_rf,PTL,1,0.20390065283338285,0.2245681174275863,4,3,0.9179285652046817,0.0004135265019356908,0.044673442408962316,0.02008431902761404,0.03344529383942171,-0.021745493890366882,0.25863214741954144,1,0.10525478070931041,5,calibration_rows_only,0
20261007,slim_string,ptl_rf,PTL,2,0.2245681174275863,0.2707678226158447,20,5,0.8574349810436596,0.001959321809783477,0.14517718937890955,0.03831287502613803,0.03836020609788849,-0.0060133888524149665,0.19702659701575914,35,0.18695328603138317,155,calibration_rows_only,0
20261007,slim_string,ptl_rf,PTL,3,0.2707678226158447,0.30789466112672725,13,5,0.7728191540096591,0.0036802561332165517,0.27308228531802825,0.037685854704951637,0.009930534070545104,0.000676766120802896,0.12366709129198745,19,0.11959644051128841,59,calibration_rows_only,0
20261007,slim_string,ptl_rf,PTL,4,0.30789466112672725,0.3654238419243366,8,3,0.8007485526358791,0.0012273996457032989,0.09441711464191982,0.03214513119309621,0.02793615072719439,-0.006579014898394624,0.16751202965497805,11,0.1574053966902549,17,calibration_rows_only,0
20261007,slim_string,ptl_rf,PTL,5,0.3654238419243366,0.5100523460339207,20,3,0.7588219344655861,0.003345451027430689,0.24578301181101392,0.040780362090515734,0.005363520051207765,0.0029569463392735912,0.08346949406192314,111,0.1380439575698718,79,calibration_rows_only,0
20261007,slim_string,ptl_rf,PTL,6,0.5100523460339207,0.7630942704532556,35,5,0.6605913701974062,0.002132108415004533,0.12799000414964679,0.042922868995231234,0.025147598534804774,-0.0007637235180605988,0.15393615492124552,122,0.17493739804274566,473,calibration_rows_only,0
20261007,slim_string,ptl_rf,PTL,7,0.7630942704532556,0.8905949974673965,35,4,0.5597476056033363,0.003246020256191143,0.1417369492509486,0.05072975842347428,0.08407738706790596,-0.004077101536383132,0.3255875340018456,200,0.29436245558859936,395,calibration_rows_only,0
20261007,slim_string,ptl_rf,PTL,8,0.8905949974673965,0.9456761132927668,33,3,0.4117240481768223,0.04286839094041117,0.42713980372060834,0.2060927655301475,0.03041442719715265,0.04230712645747697,0.16954248362586766,204,0.3978231085144451,324,calibration_rows_only,0
20261007,slim_string,ptl_rf,PTL,9,0.9456761132927668,inf,21,2,0.5071463468562284,0.00874867121975408,0.2381967799922981,0.07345751038311228,0.02756298112705671,0.0078079557243889534,0.10099344433794061,142,0.39937016673200637,68,calibration_rows_only,0
20261017,slim_string,ptl_rf,PTL,0,-inf,0.17087993868739035,110,5,0.924176548232154,0.0021026494301590285,0.13941002151080906,0.041250106039646246,0.012400820841519717,0.0016668637977194003,0.12513625106005322,1286,0.13331687271716908,4709,calibration_rows_only,0
20261017,slim_string,ptl_rf,PTL,1,0.17087993868739035,0.2209662299227784,33,5,0.87267024908983,0.005420919647856085,0.20183085727022165,0.06355819191125302,0.00732444681115147,0.004674767535457655,0.09121790285011949,101,0.13624858108337204,427,calibration_rows_only,0
20261017,slim_string,ptl_rf,PTL,2,0.2209662299227784,0.27961108636568316,14,4,0.8654929209170618,0.001416897332719454,0.10985546202385355,0.031394471920557394,0.014441684528380827,-0.0018068069943900124,0.1405010128669499,22,0.12738713309486527,69,calibration_rows_only,0
20261017,slim_string,ptl_rf,PTL,3,0.27961108636568316,0.3399443699239503,20,5,0.8902944462219674,0.000637290519717867,0.06914635834596528,0.02205904556322049,0.04518181143902671,-0.00884112817693418,0.21677556966418807,37,0.21414891301015382,153,calibration_rows_only,0
20261017,slim_string,ptl_rf,PTL,4,0.3399443699239503,0.4167742665216105,13,4,0.8318564024239544,0.004219364483258989,0.23545329870236098,0.0535605301596463,0.02330315744497878,-0.001254811171047452,0.18718249386363306,22,0.16791323894062263,56,calibration_rows_only,0
20261017,slim_string,ptl_rf,PTL,5,0.4167742665216105,0.5435474593931968,14,4,0.8309255546062145,0.031312812994168666,0.7158288614969748,0.09028798208291308,0.014448908794084156,0.030387127348931446,0.1389603433819457,24,0.23605248930330336,67,calibration_rows_only,0
20261017,slim_string,ptl_rf,PTL,6,0.5435474593931968,0.8318113638013221,36,5,0.6540085737867076,0.0012213513100157623,0.1007953916063461,0.0328022276111877,0.05017700897204998,-0.004478268249360921,0.18034630715999672,149,0.23232113691823386,481,calibration_rows_only,0
20261017,slim_string,ptl_rf,PTL,7,0.8318113638013221,0.9263510254378502,45,6,0.5554550818092978,0.013877196296610338,0.29178327839042284,0.10871773114482551,0.06765228602355214,0.00650482734612963,0.23847975176077096,203,0.2927926080178446,787,calibration_rows_only,0
20261017,slim_string,ptl_rf,PTL,8,0.9263510254378502,0.9770999521806668,25,3,0.4774172085322541,0.005722811712259211,0.15924292515394406,0.07471030722162653,0.05642746851962577,0.0012589731569678589,0.2594250972610487,117,0.2819482514806216,183,calibration_rows_only,0
20261017,slim_string,ptl_rf,PTL,9,0.9770999521806668,inf,17,3,0.34234042706964246,0.017775244186146504,0.30108105278638364,0.11844882461274565,0.04108265598826973,0.013750864949246946,0.1963059356125306,56,0.3135275250542243,80,calibration_rows_only,0
20260907,slim_string,raw_normalized_uq,raw/native UQ,0,-inf,0.10126182965299686,37,3,0.8889841352769396,0.007784259798734164,0.39890392971341904,0.039849499845296836,0.04075079660663746,0.005736556092774708,0.24527318890694327,400,0.2414304115564743,266,calibration_rows_only,0
20260907,slim_string,raw_normalized_uq,raw/native UQ,1,0.10126182965299686,0.2009463722397476,41,7,0.848373870061914,0.013664425999579514,0.36153234907149745,0.09889977155283598,0.04348747629316081,0.007482915205594895,0.18211492275428356,141,0.2535061130497064,679,calibration_rows_only,0
20260907,slim_string,raw_normalized_uq,raw/native UQ,2,0.2009463722397476,0.3006309148264984,26,5,0.7826795466232979,0.014725031145933256,0.3451917917795059,0.09515291820135582,0.020047001415146478,0.012106512165347142,0.16038766229466622,68,0.19947704198692442,257,calibration_rows_only,0
20260907,slim_string,raw_normalized_uq,raw/native UQ,3,0.3006309148264984,0.4003154574132492,22,6,0.8198254512134056,0.013130178651932861,0.4410113280334861,0.08302041299613344,0.0075474416647678694,0.011958415334223026,0.10710044681840289,53,0.1790606804538198,178,calibration_rows_only,0
20260907,slim_string,raw_normalized_uq,raw/native UQ,4,0.4003154574132492,0.5,49,7,0.8607823826150219,0.008721774917376643,0.3305540908137393,0.07399836140492032,0.033085768488542285,0.004767757500420869,0.13804346069273354,199,0.20241853590981115,977,calibration_rows_only,0
20260907,slim_string,raw_normalized_uq,raw/native UQ,5,0.5,0.5996845425867509,23,6,0.7510523886349967,0.04768813095999132,0.7635438663711092,0.1709699177859991,0.010351598895608246,0.047503137163716326,0.09252517151296817,40,0.2896600682845268,213,calibration_rows_only,0
20260907,slim_string,raw_normalized_uq,raw/native UQ,6,0.5996845425867509,0.6993690851735016,30,6,0.7341658043046351,0.0388583909309238,0.6676230004764837,0.1590068980888399,0.009361721768495694,0.0385842454856978,0.09924847082159374,69,0.2650983279126338,366,calibration_rows_only,0
20260907,slim_string,raw_normalized_uq,raw/native UQ,7,0.6993690851735016,0.7990536277602525,40,6,0.7259141188892203,0.037294652225338655,0.6290234801368575,0.16862349524814127,0.02270514687015039,0.03534000909391782,0.11276554220962103,126,0.29287013598948436,654,calibration_rows_only,0
20260907,slim_string,raw_normalized_uq,raw/native UQ,8,0.7990536277602525,0.8987381703470032,36,6,0.5578938561075804,0.06896062539777763,0.8080206658193682,0.22460111887306333,0.02437273790753671,0.06744910927949463,0.1556394812046854,128,0.3949754388431481,502,calibration_rows_only,0
20260907,slim_string,raw_normalized_uq,raw/native UQ,9,0.8987381703470032,inf,23,7,0.5212496741963867,0.026380257222544275,0.5091231918998376,0.12660042758580356,0.04171262962935127,0.016203188106473213,0.2043943764497051,40,0.27371432865095546,213,calibration_rows_only,0
20260917,slim_string,raw_normalized_uq,raw/native UQ,0,-inf,0.10126182965299686,35,4,0.9064512939657597,0.002268501497220423,0.18710865755098371,0.038020669230979666,0.03170458599323244,-0.00046224134049950225,0.20557059376175857,366,0.18129657621925743,229,calibration_rows_only,0
20260917,slim_string,raw_normalized_uq,raw/native UQ,1,0.10126182965299686,0.2009463722397476,28,6,0.8486130260395507,0.006838179536475761,0.26826630905321214,0.07093949971736623,0.030105050228640993,0.0015164361436339514,0.14613889793246626,112,0.19813164046155873,266,calibration_rows_only,0
20260917,slim_string,raw_normalized_uq,raw/native UQ,2,0.2009463722397476,0.3006309148264984,34,7,0.8764776255805404,0.011501937868208545,0.3373825397798006,0.09296230050489122,0.015527004322055627,0.00902738974505324,0.10518483986209397,95,0.18235569964263543,466,calibration_rows_only,0
20260917,slim_string,raw_normalized_uq,raw/native UQ,3,0.3006309148264984,0.4003154574132492,31,7,0.8502590327460393,0.017832491640504048,0.4935747044423363,0.09162202857716586,0.00823216864894416,0.016780474298732015,0.1099315597539978,79,0.1810911712091184,386,calibration_rows_only,0
20260917,slim_string,raw_normalized_uq,raw/native UQ,4,0.4003154574132492,0.5,29,7,0.8114414813957067,0.010346402958341243,0.3601980585002318,0.07317748494228801,0.039800685708554266,0.0021871989835918065,0.1846169001262337,84,0.22850334143033954,322,calibration_rows_only,0
20260917,slim_string,raw_normalized_uq,raw/native UQ,5,0.5,0.5996845425867509,28,7,0.8236380733933112,0.0395831351421964,0.639366199492365,0.15533577952580474,0.010714486796064201,0.03866818011870795,0.11656635178629499,63,0.25952435202809643,315,calibration_rows_only,0
20260917,slim_string,raw_normalized_uq,raw/native UQ,6,0.5996845425867509,0.6993690851735016,30,6,0.7576896020924149,0.020105991206346464,0.4214265370175958,0.12713588717784596,0.036434688389563145,0.014517458422157868,0.14794944529373547,65,0.26658880209369906,370,calibration_rows_only,0
20260917,slim_string,raw_normalized_uq,raw/native UQ,7,0.6993690851735016,0.7990536277602525,48,7,0.6529869392526505,0.023649829676931466,0.46196161049108503,0.12045218593359863,0.025709593594410638,0.02087094176438824,0.14398928377160183,179,0.256955833768738,949,calibration_rows_only,0
20260917,slim_string,raw_normalized_uq,raw/native UQ,8,0.7990536277602525,0.8987381703470032,29,6,0.4652487679077939,0.047812058917313396,0.6963090861264256,0.2053580987749934,0.025181288992692872,0.04502297370137946,0.14786399006308357,103,0.35402969097609027,303,calibration_rows_only,0
20260917,slim_string,raw_normalized_uq,raw/native UQ,9,0.8987381703470032,inf,35,7,0.5540835123413724,0.04304133145431561,0.64839755165303,0.16125830250630088,0.01689169120318492,0.041326366284762835,0.12824736323016436,90,0.29578145710248926,505,calibration_rows_only,0
20260927,slim_string,raw_normalized_uq,raw/native UQ,0,-inf,0.10126182965299686,28,4,0.9773112524937739,0.001446771583883245,0.15664287000100974,0.023073136453087163,0.020544009053257976,-0.0007823119559645618,0.1311026959049175,235,0.20301785320590812,143,calibration_rows_only,0
20260927,slim_string,raw_normalized_uq,raw/native UQ,1,0.10126182965299686,0.2009463722397476,48,7,0.8446294187738029,0.012517215200896825,0.37721492712830185,0.10144544337409898,0.043724935595517836,0.007201632256807228,0.15535670479758626,233,0.26163645870392455,895,calibration_rows_only,0
20260927,slim_string,raw_normalized_uq,raw/native UQ,2,0.2009463722397476,0.3006309148264984,31,6,0.9177738972929184,0.00442726780057942,0.16320301738226672,0.05809817149749204,0.01515484690976293,0.0020490355756382517,0.11683766644853655,78,0.15265301770214634,387,calibration_rows_only,0
20260927,slim_string,raw_normalized_uq,raw/native UQ,3,0.3006309148264984,0.4003154574132492,26,7,0.7912902892397417,0.03902688181465179,0.591832112524699,0.15366585895226123,0.0149246714249481,0.03700603594525032,0.12856246772025304,46,0.25093198628805324,279,calibration_rows_only,0
20260927,slim_string,raw_normalized_uq,raw/native UQ,4,0.4003154574132492,0.5,23,8,0.7958091034811896,0.00867398560753197,0.35527762437384747,0.06826696438851998,0.006689215523648937,0.0069398709230769386,0.09856464424566391,37,0.1421859739660574,216,calibration_rows_only,0
20260927,slim_string,raw_normalized_uq,raw/native UQ,5,0.5,0.5996845425867509,38,7,0.7640780805175393,0.0426847582099291,0.6264869945074141,0.169726286274842,0.018754831165442402,0.040797076350936524,0.14563274050389385,151,0.29798401837934946,552,calibration_rows_only,0
20260927,slim_string,raw_normalized_uq,raw/native UQ,6,0.5996845425867509,0.6993690851735016,43,7,0.6844047668355746,0.056818564476760806,0.671342953130881,0.19191862841345042,0.012995610016161814,0.05631487172389865,0.11270637669647364,153,0.32147640091588237,750,calibration_rows_only,0
20260927,slim_string,raw_normalized_uq,raw/native UQ,7,0.6993690851735016,0.7990536277602525,37,6,0.6521044235914881,0.04456311399272416,0.71580247936248,0.14821770788395727,0.018419893338253304,0.04324265975109798,0.13438773344319405,136,0.3062278426521331,530,calibration_rows_only,0
20260927,slim_string,raw_normalized_uq,raw/native UQ,8,0.7990536277602525,0.8987381703470032,33,6,0.5342812792730797,0.056770371131358466,0.7377260365023599,0.17760005145435273,0.010218412321036754,0.056947818304051455,0.09092113198729218,116,0.3529067376293776,412,calibration_rows_only,0
20260927,slim_string,raw_normalized_uq,raw/native UQ,9,0.8987381703470032,inf,20,5,0.5502389245309214,0.029762346133625772,0.5005897470818947,0.1320366540888203,0.012829041794647954,0.02862793449968019,0.11715930202115415,32,0.2392752216752711,158,calibration_rows_only,0
20261007,slim_string,raw_normalized_uq,raw/native UQ,0,-inf,0.10126182965299686,27,3,0.9106822687148286,0.03454878982181738,0.7100155579284397,0.10348089254234356,0.01999217789314082,0.03433972959241491,0.16386276964703164,255,0.4406307775662734,96,calibration_rows_only,0
20261007,slim_string,raw_normalized_uq,raw/native UQ,1,0.10126182965299686,0.2009463722397476,30,6,0.8929599389024808,0.008666298415027725,0.3339483799261015,0.08178261088256847,0.008525522865821675,0.007495218555921487,0.10624457303702325,97,0.15079576711229337,338,calibration_rows_only,0
20261007,slim_string,raw_normalized_uq,raw/native UQ,2,0.2009463722397476,0.3006309148264984,36,7,0.8825008537070649,0.007426543463206677,0.5091918124434783,0.06869585148598302,0.03387389818361738,0.0018317764449638785,0.15366083744917824,116,0.21462435395419904,514,calibration_rows_only,0
20261007,slim_string,raw_normalized_uq,raw/native UQ,3,0.3006309148264984,0.4003154574132492,39,7,0.7958641544362901,0.029799020936705174,0.5595065301236932,0.13905630082666576,0.012755748867969343,0.028569140087465406,0.10788237085509354,115,0.23309035336103842,626,calibration_rows_only,0
20261007,slim_string,raw_normalized_uq,raw/native UQ,4,0.4003154574132492,0.5,23,6,0.8272036790015511,0.013035917496257612,0.3153304127553477,0.10483185235129887,0.02931635593750839,0.006965651033017415,0.17460949933085126,56,0.20294199900127188,197,calibration_rows_only,0
20261007,slim_string,raw_normalized_uq,raw/native UQ,5,0.5,0.5996845425867509,38,7,0.7483235867612661,0.024411024123913664,0.4090558669341517,0.1422459287023159,0.03805761520366364,0.018899276364506425,0.20790599246349178,104,0.27420065632248997,599,calibration_rows_only,0
20261007,slim_string,raw_normalized_uq,raw/native UQ,6,0.5996845425867509,0.6993690851735016,47,7,0.7217563186779422,0.04561883483070867,0.6096840793141192,0.1835482006075084,0.027541673501955403,0.043018156435469045,0.14328471686683059,161,0.3221803710134837,920,calibration_rows_only,0
20261007,slim_string,raw_normalized_uq,raw/native UQ,7,0.6993690851735016,0.7990536277602525,25,6,0.6207511100038485,0.015545633798501062,0.4074028872768563,0.09818018375424514,0.03428367702822558,0.009050935825891601,0.16306111058816666,75,0.25810703758654197,225,calibration_rows_only,0
20261007,slim_string,raw_normalized_uq,raw/native UQ,8,0.7990536277602525,0.8987381703470032,30,6,0.5481869411370156,0.08320263746591625,0.7724228759532739,0.24842299912596255,0.010962208193794926,0.08418165803477633,0.1015673881452185,88,0.4208998455871269,347,calibration_rows_only,0
20261007,slim_string,raw_normalized_uq,raw/native UQ,9,0.8987381703470032,inf,32,7,0.5670229512134574,0.017595854599381316,0.37210256129509794,0.11377712353154197,0.04276131569610113,0.00988707912914824,0.19722085004837564,68,0.2604492186693434,428,calibration_rows_only,0
20261017,slim_string,raw_normalized_uq,raw/native UQ,0,-inf,0.10126182965299686,32,3,0.9564991647374406,0.011175223127928303,0.6241156380357966,0.05148210094415125,0.022378760158282315,0.010091923218617446,0.17405000853719527,297,0.2297945886644693,199,calibration_rows_only,0
20261017,slim_string,raw_normalized_uq,raw/native UQ,1,0.10126182965299686,0.2009463722397476,27,6,0.8694277733775827,0.015086343319005104,0.611233640126277,0.07523409191242199,0.010325586034630338,0.013680897670768705,0.09109642974645893,103,0.19036756413146796,248,calibration_rows_only,0
20261017,slim_string,raw_normalized_uq,raw/native UQ,2,0.2009463722397476,0.3006309148264984,25,6,0.8351099332250856,0.027044690898902126,0.5350103588274125,0.12276122093536551,0.03892669264105511,0.020061825386136573,0.14698160882497577,43,0.28157337175566777,257,calibration_rows_only,0
20261017,slim_string,raw_normalized_uq,raw/native UQ,3,0.3006309148264984,0.4003154574132492,21,6,0.8112602166616711,0.041271860444303615,0.6397809078816827,0.14405998504361475,0.02145535974112608,0.037971613531237264,0.13657927546413878,43,0.27843400137731034,167,calibration_rows_only,0
20261017,slim_string,raw_normalized_uq,raw/native UQ,4,0.4003154574132492,0.5,42,7,0.8067856231418405,0.04242317802127113,0.7027507846590495,0.1525087362758517,0.009482699214879618,0.04207017760010024,0.11215807451937065,143,0.26294871365043415,718,calibration_rows_only,0
20261017,slim_string,raw_normalized_uq,raw/native UQ,5,0.5,0.5996845425867509,34,7,0.7693110092183525,0.03714390662214412,0.5119168203713161,0.17949362304402638,0.02952557560470395,0.03290119307650535,0.14454805090536837,92,0.2970744825765099,469,calibration_rows_only,0
20261017,slim_string,raw_normalized_uq,raw/native UQ,6,0.5996845425867509,0.6993690851735016,31,7,0.745772833282331,0.024461877254802172,0.4148997967499023,0.14829339998105642,0.08203075336873762,0.008871122489548036,0.23330547147618955,64,0.33984770634626016,401,calibration_rows_only,0
20261017,slim_string,raw_normalized_uq,raw/native UQ,7,0.6993690851735016,0.7990536277602525,47,6,0.7276560979172148,0.024101828360729417,0.42063216608208454,0.1476826348547475,0.03652206114060758,0.020655991896766195,0.1842757683584006,174,0.2841329748601085,907,calibration_rows_only,0
20261017,slim_string,raw_normalized_uq,raw/native UQ,8,0.7990536277602525,0.8987381703470032,40,6,0.5770816272073727,0.057634955741122394,0.6418369149034657,0.19508898125625657,0.02123448988033319,0.05639040462162129,0.1501905101141174,131,0.35377897554513854,649,calibration_rows_only,0
20261017,slim_string,raw_normalized_uq,raw/native UQ,9,0.8987381703470032,inf,28,7,0.5957877896126961,0.03470582589847488,0.6259239842206614,0.14055629453663543,0.011686733871015181,0.03339417488634094,0.12844672873223112,51,0.25399740564318096,327,calibration_rows_only,0
20260907,slim_string,u_only_rf,U-only RF,0,-inf,0.16238568611477994,35,6,0.8697667177472485,0.008400742603903484,0.3274682892186578,0.06934810600896778,0.005580120115474475,0.007827217369389695,0.08914854622738577,124,0.1415102134668234,471,calibration_rows_only,0
20260907,slim_string,u_only_rf,U-only RF,1,0.16238568611477994,0.24280712498307555,40,6,0.880186902559128,0.002108928635959201,0.24950175362003935,0.02347232924155655,0.011465586465073013,0.0006930567464872566,0.11869608760772977,180,0.128783779799745,600,calibration_rows_only,0
20260907,slim_string,u_only_rf,U-only RF,2,0.24280712498307555,0.2989832768227547,29,8,0.8688529972825033,0.009035523909354384,0.38420852947823636,0.07056998309904529,0.01530994135913683,0.005530735852047124,0.14238470886162394,50,0.1723189831873906,356,calibration_rows_only,0
20260907,slim_string,u_only_rf,U-only RF,3,0.2989832768227547,0.3508447130637178,32,8,0.8283185521877456,0.0056358642228313775,0.29477373392762396,0.05117047150292382,0.015122927102899525,0.002402811787429267,0.1223388741612668,71,0.1547715362016302,425,calibration_rows_only,0
20260907,slim_string,u_only_rf,U-only RF,4,0.3508447130637178,0.4214859561976116,38,8,0.8744624834245699,0.018256848293904518,0.5658346853921674,0.09746512575967846,0.018505664840157223,0.015249204899655967,0.13922523634464695,99,0.21366360702541148,604,calibration_rows_only,0
20260907,slim_string,u_only_rf,U-only RF,5,0.4214859561976116,0.4950781389419342,37,8,0.8038415976307053,0.02273010273368278,0.4181568855689767,0.12210182399030838,0.05775134378943581,0.01213206651722814,0.23671828265972325,96,0.30226176752107276,570,calibration_rows_only,0
20260907,slim_string,u_only_rf,U-only RF,6,0.4950781389419342,0.6575788913321516,32,8,0.5662002921000062,0.0644259737942739,0.7188033048434508,0.24168756281494666,0.06286877545331465,0.05230805591108266,0.2949360071260373,122,0.4201827143844418,374,calibration_rows_only,0
20260907,slim_string,u_only_rf,U-only RF,7,0.6575788913321516,0.758676612064513,41,6,0.6328995722201702,0.0395091907542308,0.5341109966156352,0.16048799983004094,0.05960075089216583,0.03304682666156585,0.30169481354765076,169,0.3582230282296048,651,calibration_rows_only,0
20260907,slim_string,u_only_rf,U-only RF,8,0.758676612064513,0.8337014151616919,22,5,0.590733526963445,0.03581580840796582,0.6303625779559333,0.13367890105977712,0.02547727687688858,0.03266850845084254,0.1816009766078364,40,0.29488480836224396,191,calibration_rows_only,0
20260907,slim_string,u_only_rf,U-only RF,9,0.8337014151616919,inf,21,5,0.5362470007577406,0.024062047636152474,0.6748674728527998,0.09700203680869796,0.006339677728772263,0.02399721447220565,0.07986908796011954,84,0.2505451928295226,126,calibration_rows_only,0
20260917,slim_string,u_only_rf,U-only RF,0,-inf,0.16129478844558165,14,5,0.8384461628590653,0.0042759391866504385,0.29153648689800904,0.037258305386694515,0.009639395975740884,0.0016388895930878923,0.11710603727978511,25,0.12759331513827618,66,calibration_rows_only,0
20260917,slim_string,u_only_rf,U-only RF,1,0.16129478844558165,0.2572300230516245,33,5,0.9136747930772292,0.0038067149218849023,0.18899029915927978,0.05368881775790106,0.006169881157721602,0.003154439618478607,0.07561043483164419,158,0.11947432255226682,370,calibration_rows_only,0
20260917,slim_string,u_only_rf,U-only RF,2,0.2572300230516245,0.3248530437133384,26,8,0.8471899968184242,0.013356730342324655,0.45912450968844465,0.0991508741773272,0.011331873668158802,0.010718074928933171,0.13036022493535962,50,0.1771118178459502,275,calibration_rows_only,0
20260917,slim_string,u_only_rf,U-only RF,3,0.3248530437133384,0.3872522686537227,24,7,0.8092814203917129,0.01632746169955544,0.5825475325439926,0.09000354630652783,0.01578603085744957,0.012919256332375346,0.14885852784085682,48,0.1991357310036048,228,calibration_rows_only,0
20260917,slim_string,u_only_rf,U-only RF,4,0.3872522686537227,0.4410648171361626,31,7,0.8839766181403804,0.0026771390714648013,0.28832459401074484,0.04026504347014946,0.031573582530658874,-0.0035483394656181527,0.16861714904983616,72,0.17001381728366974,393,calibration_rows_only,0
20260917,slim_string,u_only_rf,U-only RF,5,0.4410648171361626,0.5406109706977319,57,8,0.8341591280702615,0.016587519691805747,0.7177262453855031,0.09607829692971488,0.015512778485299578,0.01494462808992556,0.12022005842467316,225,0.20018166368596638,1371,calibration_rows_only,0
20260917,slim_string,u_only_rf,U-only RF,6,0.5406109706977319,0.6463448438884755,29,7,0.8184527806929979,0.015243259156132425,0.35940142240508255,0.10560790647263779,0.022144658512611375,0.011042377301863276,0.17576448584929563,54,0.21576031354276204,352,calibration_rows_only,0
20260917,slim_string,u_only_rf,U-only RF,7,0.6463448438884755,0.8365071825811412,51,8,0.6516603612399845,0.03016254250679356,0.5051705059687207,0.1544557973179566,0.055391638531484114,0.02301096396252167,0.2679085647903452,209,0.3316603925859376,1066,calibration_rows_only,0
20260917,slim_string,u_only_rf,U-only RF,8,0.8365071825811412,0.8995683840846478,30,5,0.5217550848882133,0.0408310450388603,0.5802259880751097,0.17270560037181992,0.011282233900630292,0.04068284191597543,0.127351955757045,95,0.3034693955997764,340,calibration_rows_only,0
20260917,slim_string,u_only_rf,U-only RF,9,0.8995683840846478,inf,32,7,0.44644003549505257,0.04457049804202273,0.49362719183250015,0.2080162986880888,0.023280873760293815,0.04150228047686982,0.1443584709930688,103,0.32749474624083713,393,calibration_rows_only,0
20260927,slim_string,u_only_rf,U-only RF,0,-inf,0.13616023583531495,28,5,0.9006282861715759,0.0019797246787031314,0.17861892533899015,0.03670074248984539,0.010371176682008727,0.0005165771953945467,0.11252381082201197,90,0.12176159608196752,288,calibration_rows_only,0
20260927,slim_string,u_only_rf,U-only RF,1,0.13616023583531495,0.2306815902917727,34,7,0.8902857530322817,0.008094010429380037,0.40193911164761165,0.06274834077062397,0.010928826262164666,0.006352224152301007,0.11829315971508134,121,0.1562931371659574,440,calibration_rows_only,0
20260927,slim_string,u_only_rf,U-only RF,2,0.2306815902917727,0.2835261147809305,30,8,0.8760432858768091,0.010790021220541783,0.4357824550949245,0.07877619205313587,0.014741758144762756,0.007603735503548764,0.14430736825315932,58,0.17640053532490985,377,calibration_rows_only,0
20260927,slim_string,u_only_rf,U-only RF,3,0.2835261147809305,0.34373837602156926,42,7,0.9011657738437263,0.007536530825668712,0.5134103547936072,0.0632321173601796,0.01188364498811712,0.005981278652423977,0.11631525981630608,149,0.15880617081420884,712,calibration_rows_only,0
20260927,slim_string,u_only_rf,U-only RF,4,0.34373837602156926,0.4156707208983441,31,7,0.8598407938397885,0.007377984773316938,0.38989649771041157,0.06998625369594198,0.01743539801702973,0.004136837995688231,0.1345760718996721,68,0.16876081764976783,397,calibration_rows_only,0
20260927,slim_string,u_only_rf,U-only RF,5,0.4156707208983441,0.5123246682208035,37,8,0.8019364076837914,0.014931402790605614,0.2938948892098908,0.11828309448463682,0.06442135558505262,0.002819789282140009,0.25229609869804054,90,0.28859969241015576,576,calibration_rows_only,0
20260927,slim_string,u_only_rf,U-only RF,6,0.5123246682208035,0.6561553752706873,36,8,0.748438965835145,0.014988965067358785,0.3771363604784851,0.1002661126524032,0.031230145019684564,0.00917119220820355,0.1969327339441049,82,0.23594004414535708,548,calibration_rows_only,0
20260927,slim_string,u_only_rf,U-only RF,7,0.6561553752706873,0.818954648694703,33,7,0.6001620777788639,0.009393953463141199,0.36262583162265394,0.05849533918791076,0.01128229648847735,0.0075720839172748605,0.09523274554634334,162,0.1689780146648269,366,calibration_rows_only,0
20260927,slim_string,u_only_rf,U-only RF,8,0.818954648694703,0.9307264445167958,27,6,0.5535739295600092,0.03747939283295173,0.5266570226822023,0.170244449320939,0.027718716970604223,0.033590385447564444,0.20267829592975883,65,0.30227662974370295,286,calibration_rows_only,0
20260927,slim_string,u_only_rf,U-only RF,9,0.9307264445167958,inf,29,4,0.30425667167574033,0.035133604161712906,0.42432268907600645,0.17235460569281,0.0133277040774599,0.03496040744490338,0.12899165277671729,203,0.366589514037626,203,calibration_rows_only,0
20261007,slim_string,u_only_rf,U-only RF,0,-inf,0.16388401616387005,24,4,0.936445987436315,0.0023402474800102236,0.12625715411435146,0.03785961238079951,0.005696451524653562,0.001698981954186292,0.08904862540404705,65,0.1037808808072492,211,calibration_rows_only,0
20261007,slim_string,u_only_rf,U-only RF,1,0.16388401616387005,0.26790713145741407,38,7,0.9046375334598231,0.010267649025718365,0.5559544748628585,0.06255692368846884,0.012564540487898622,0.008507660001348819,0.12616869266301053,125,0.16415631005085662,578,calibration_rows_only,0
20261007,slim_string,u_only_rf,U-only RF,2,0.26790713145741407,0.3100324846095916,25,7,0.8544759161249289,0.008536296967578889,0.32236518046374774,0.07132664931644467,0.028419470063393484,0.001787108492046302,0.1383264768642102,42,0.19054359039872715,258,calibration_rows_only,0
20261007,slim_string,u_only_rf,U-only RF,3,0.3100324846095916,0.36661001851460917,42,7,0.8346896354561163,0.00897570571944246,0.6426020949809512,0.06037829995605627,0.028049161142653652,0.0050898700819673424,0.13107899946905704,173,0.21199750005010787,688,calibration_rows_only,0
20261007,slim_string,u_only_rf,U-only RF,4,0.36661001851460917,0.4444321937237167,37,8,0.790808991509807,0.02133035031297594,0.4113777893932784,0.12416453179521701,0.054957994845844085,0.011236583268311146,0.24258522907571645,75,0.29018347569170744,591,calibration_rows_only,0
20261007,slim_string,u_only_rf,U-only RF,5,0.4444321937237167,0.5200165271786107,31,8,0.7920286459809391,0.013036986241948741,0.42875550649396166,0.0950688997631306,0.02896696268633026,0.00671259448986997,0.16764322086367983,59,0.22239372652038486,406,calibration_rows_only,0
20261007,slim_string,u_only_rf,U-only RF,6,0.5200165271786107,0.5932942518984621,24,8,0.8256352042273615,0.012410493038310336,0.3363741558315999,0.10713773674793052,0.04469567619946413,-0.0006529521946435218,0.1752763913613847,40,0.24881282911675875,236,calibration_rows_only,0
20261007,slim_string,u_only_rf,U-only RF,7,0.5932942518984621,0.7117375955922631,39,8,0.6635700193038004,0.026572394858322627,0.5890476668026157,0.13123478759886167,0.01572976097936123,0.02437408085839614,0.13254925661590009,152,0.24363887974056828,589,calibration_rows_only,0
20261007,slim_string,u_only_rf,U-only RF,8,0.7117375955922631,0.8305853732307734,41,6,0.5750392387989185,0.03141031956582669,0.57118378786212,0.13785103234000598,0.0385310667531546,0.027379194210828073,0.19800801560052705,173,0.3111242757789486,647,calibration_rows_only,0
20261007,slim_string,u_only_rf,U-only RF,9,0.8305853732307734,inf,26,4,0.3586885682750522,0.044288567178916716,0.4872817723649423,0.2026795496544659,0.012715217759087544,0.04453428373498289,0.11793276307907281,136,0.38159011196316917,189,calibration_rows_only,0
20261017,slim_string,u_only_rf,U-only RF,0,-inf,0.15654885342007416,30,6,0.9078165104050459,0.005805012929121217,0.30727948500928326,0.05120902211043543,0.00722293990491232,0.004759851322381896,0.10616258024779388,95,0.13258415836231469,340,calibration_rows_only,0
20261017,slim_string,u_only_rf,U-only RF,1,0.15654885342007416,0.21571403977353568,23,7,0.888974765416699,0.009684638706962649,0.34944886359104443,0.08609713721111116,0.007447658920663043,0.008093669851643764,0.10303782842728526,40,0.15178441914406868,213,calibration_rows_only,0
20261017,slim_string,u_only_rf,U-only RF,2,0.21571403977353568,0.2694243282480273,23,7,0.9122379633891581,0.004665557857689702,0.3299167876379664,0.04987672017457781,0.011305443313986424,0.001794325947406578,0.11657711971624889,39,0.1347383290777456,214,calibration_rows_only,0
20261017,slim_string,u_only_rf,U-only RF,3,0.2694243282480273,0.3354134691998923,35,5,0.8991906176417128,0.003009094298255078,0.15103957535442147,0.05039910418154174,0.013524726971876004,0.001506452722100697,0.12994713225510818,119,0.1429242847506513,476,calibration_rows_only,0
20261017,slim_string,u_only_rf,U-only RF,4,0.3354134691998923,0.4231459697049103,27,6,0.8659939237048347,0.00628923141958365,0.21618871981575216,0.06921300490173214,0.01287684574414138,0.004054808446463535,0.12948428412511925,72,0.15477753536997643,279,calibration_rows_only,0
20261017,slim_string,u_only_rf,U-only RF,5,0.4231459697049103,0.5271349939216424,51,7,0.7763347629735358,0.013701283589270271,0.3839001941714226,0.10364658920017938,0.014028876755950636,0.012291844050341593,0.118976621398717,198,0.1987349999998999,1077,calibration_rows_only,0
20261017,slim_string,u_only_rf,U-only RF,6,0.5271349939216424,0.6316639654872156,29,7,0.8314589675379241,0.030893697372378983,0.4961268209001677,0.16775654108983662,0.023802017958976577,0.02689661128732612,0.12056655171862195,70,0.28217286660491087,336,calibration_rows_only,0
20261017,slim_string,u_only_rf,U-only RF,7,0.6316639654872156,0.8838867329493768,51,8,0.6880870654287317,0.012956474692914404,0.31398845472547987,0.1081493978276399,0.09244667746633595,0.0002730693414856461,0.34352723626964443,178,0.3307609817458002,1097,calibration_rows_only,0
20261017,slim_string,u_only_rf,U-only RF,8,0.8838867329493768,0.9591533949934014,34,6,0.4860283403168522,0.032499209558262535,0.5560506252830454,0.16016852480763652,0.056969381273948794,0.024852309654884344,0.2833848106994976,191,0.35677130329880824,370,calibration_rows_only,0
20261017,slim_string,u_only_rf,U-only RF,9,0.9591533949934014,inf,24,4,0.42848923499763,0.0281019253461435,0.3901450618337476,0.15276596011568896,0.05833641505025293,0.0217146505720298,0.25992754656373473,97,0.36236158568224364,179,calibration_rows_only,0
20260907,strong_linear,ptl_rf,PTL,0,-inf,0.25482618290112097,69,5,0.8475890766473914,0.0016696178045983833,0.08580505872915378,0.040681184713102884,0.011382632786097802,0.0010246043731308423,0.10666014903475379,718,0.13445303200908246,1628,calibration_rows_only,0
20260907,strong_linear,ptl_rf,PTL,1,0.25482618290112097,0.3218323236534385,29,5,0.840212178500745,0.004646380845197883,0.15503389351781716,0.06580360942743016,0.014717958414507923,0.0027097575304538147,0.1378366997303916,81,0.1517967704453079,325,calibration_rows_only,0
20260907,strong_linear,ptl_rf,PTL,2,0.3218323236534385,0.3926527926566842,23,5,0.7681852024798548,0.0016547728740270145,0.10967841959158375,0.035187442723848134,0.02012908197944146,-0.0019298432643247536,0.164897471154596,46,0.152327470521479,207,calibration_rows_only,0
20260907,strong_linear,ptl_rf,PTL,3,0.3926527926566842,0.4626474583116751,20,5,0.721865830830658,0.008924971971630748,0.23588640480080736,0.08947469214468118,0.016987920825892847,0.005818302954160193,0.13976548285153653,33,0.1725383129403545,157,calibration_rows_only,0
20260907,strong_linear,ptl_rf,PTL,4,0.4626474583116751,0.5356140343954696,28,5,0.7635055377864564,0.006594810176244105,0.2576232605596239,0.05943622270069609,0.02447652335925659,0.0032129107962151383,0.14600405143495906,72,0.19237581252447403,306,calibration_rows_only,0
20260907,strong_linear,ptl_rf,PTL,5,0.5356140343954696,0.643307488581959,36,3,0.6745643355820153,0.0004450680826370797,0.048798169528501134,0.018862566331330714,0.013793241904003547,-0.0003304009380877739,0.13701799914863935,205,0.13066292403430338,425,calibration_rows_only,0
20260907,strong_linear,ptl_rf,PTL,6,0.643307488581959,0.7916407244747901,47,5,0.6063961246528385,0.0022640673421667652,0.2839882710467362,0.024140130528653266,0.16715173384355403,-0.01222164718026908,0.4944440337546933,424,0.37653886301255524,657,calibration_rows_only,0
20260907,strong_linear,ptl_rf,PTL,7,0.7916407244747901,0.858266322829013,17,4,0.36998113668198296,0.04006644386470093,0.6685803877994003,0.18288817241023592,0.01796135842114411,0.03920284190228021,0.12983930022718926,45,0.342315320718496,91,calibration_rows_only,0
20260907,strong_linear,ptl_rf,PTL,8,0.858266322829013,0.9399069206835745,27,4,0.45416072944894775,0.026455766843371586,0.3888164524823102,0.15473654936638195,0.032252895296701,0.023751808418497278,0.18090682783876516,99,0.30377655526299524,252,calibration_rows_only,0
20260907,strong_linear,ptl_rf,PTL,9,0.9399069206835745,inf,31,2,0.516280872852787,0.000396306801367663,0.11267221427875407,0.007034685594927466,0.002043373984595941,0.00034140456192672045,0.046392735944662415,435,0.11427059340001738,30,calibration_rows_only,0
20260917,strong_linear,ptl_rf,PTL,0,-inf,0.18575050719368802,52,5,0.8986282121372267,0.0021550334147038422,0.14109723017376552,0.040993810198406345,0.0119720890763031,0.001258301593321319,0.10850945700207491,447,0.13500200110536714,879,calibration_rows_only,0
20260917,strong_linear,ptl_rf,PTL,1,0.18575050719368802,0.2717803564793076,28,5,0.8026114851249159,0.0016609820779045893,0.10661591485709421,0.033728556246892215,0.022372944522725667,-0.0015920103670212724,0.1760601260059455,73,0.15895888701669333,305,calibration_rows_only,0
20260917,strong_linear,ptl_rf,PTL,2,0.2717803564793076,0.37142261442147884,17,4,0.7797314863419689,0.00439115505786117,0.18091399219039528,0.06310028992006371,0.013229628596048482,0.0021850468872184076,0.13543715529489897,32,0.14915556993567103,104,calibration_rows_only,0
20260917,strong_linear,ptl_rf,PTL,3,0.37142261442147884,0.4694872258853585,38,6,0.7735448137472026,0.0011936703333143134,0.15086575316899553,0.022110593243040908,0.035095589635967574,-0.0035167155544295683,0.20183458921995584,154,0.19900356665665778,549,calibration_rows_only,0
20260917,strong_linear,ptl_rf,PTL,4,0.4694872258853585,0.5549131524429326,36,5,0.704804409627311,0.006727031295042067,0.31967678235388747,0.054096057819097286,0.023111151226804166,0.004277957763265658,0.16490179020454077,144,0.1792533564594194,486,calibration_rows_only,0
20260917,strong_linear,ptl_rf,PTL,5,0.5549131524429326,0.7001172553009728,29,5,0.6747437631707417,0.00895446429640602,0.5370118011035533,0.049532416032613,0.022352869587871183,0.006080999508724649,0.13914510146966316,156,0.2120491663975863,250,calibration_rows_only,0
20260917,strong_linear,ptl_rf,PTL,6,0.7001172553009728,0.8560016082010158,34,4,0.5034162945748547,0.015416564346393949,0.27687707921790866,0.12205166896005763,0.03506343279304024,0.012696148163584046,0.23026912245497946,188,0.26091723645729625,373,calibration_rows_only,0
20260917,strong_linear,ptl_rf,PTL,7,0.8560016082010158,0.9190397535024836,29,5,0.4508417399639638,0.030568657920026235,0.3826355423611883,0.1722408246349138,0.043757469050877906,0.025409328695616046,0.21158856926957584,122,0.33613075377978197,284,calibration_rows_only,0
20260917,strong_linear,ptl_rf,PTL,8,0.9190397535024836,0.9765092879283735,30,3,0.4894375214422514,0.00176684943130748,0.10389078626821957,0.03767276866777511,0.054756647848762205,-0.0019485452675275516,0.14658654327571524,138,0.24414002722031417,297,calibration_rows_only,0
20260917,strong_linear,ptl_rf,PTL,9,0.9765092879283735,inf,34,3,0.4736976772653783,0.004238426888177943,0.2785399986302921,0.030471495836653567,0.004346764362253733,0.004103423802228566,0.058323057893053955,341,0.14025382660884692,220,calibration_rows_only,0
20260927,strong_linear,ptl_rf,PTL,0,-inf,0.18661377599028844,78,5,0.8923658640396369,0.00032735260147376147,0.07190831874699721,0.013479953964261564,0.012328187303882208,-0.00030882138052695275,0.11361833085911106,1001,0.12947433041098677,2002,calibration_rows_only,0
20260927,strong_linear,ptl_rf,PTL,1,0.18661377599028844,0.2520402694568736,21,5,0.8039455767557409,0.009029649999147973,0.24480192882783813,0.08359035944461675,0.01750237900690876,0.005980656697723626,0.1491036093292901,41,0.18492292803296995,169,calibration_rows_only,0
20260927,strong_linear,ptl_rf,PTL,2,0.2520402694568736,0.3181971893805354,27,5,0.7939219279618288,0.0035571375726051557,0.20251648862524674,0.056776039605598294,0.036469971630738084,-0.0019168143101005036,0.2339583064262125,128,0.1945590979069208,223,calibration_rows_only,0
20260927,strong_linear,ptl_rf,PTL,3,0.3181971893805354,0.40296991351744155,27,5,0.7577753227068178,0.0023300944968155557,0.1477815198724779,0.03908310793283952,0.04205553041262073,-0.004050368086017803,0.23395630960912556,70,0.21209827707906287,281,calibration_rows_only,0
20260927,strong_linear,ptl_rf,PTL,4,0.40296991351744155,0.5404283652576632,16,4,0.6872065040980173,0.0032679354233549783,0.17400249288531955,0.03778534423054152,0.010729885433015422,0.0013398206983088936,0.12219239935312369,49,0.12545324051505508,71,calibration_rows_only,0
20260927,strong_linear,ptl_rf,PTL,5,0.5404283652576632,0.6659206642892109,25,4,0.6904207690356665,0.0014107473609620428,0.1721379796176037,0.017439223476580116,0.01663720650502316,-0.0006101223121257673,0.1448854493421841,175,0.15012516326040892,125,calibration_rows_only,0
20260927,strong_linear,ptl_rf,PTL,6,0.6659206642892109,0.8448731768733716,39,5,0.4998013922141918,0.021773245848451136,0.36258029261742225,0.13643605775028947,0.02968129417268027,0.01922187924733877,0.20619427767446996,185,0.26392071629251357,556,calibration_rows_only,0
20260927,strong_linear,ptl_rf,PTL,7,0.8448731768733716,0.9326523276350084,36,5,0.40859994655070936,0.026884995824911603,0.363886055781397,0.16218523902579984,0.011026971029426562,0.026392913302260332,0.12832029551112406,193,0.2645322515479388,437,calibration_rows_only,0
20260927,strong_linear,ptl_rf,PTL,8,0.9326523276350084,0.9839033859752288,24,3,0.49813145734525827,0.0031577386651155236,0.12483079247755441,0.05184585507532002,0.15141520958353027,-0.009871508313229915,0.376986431385091,100,0.37292238412551304,176,calibration_rows_only,0
20260927,strong_linear,ptl_rf,PTL,9,0.9839033859752288,inf,34,2,0.505944188306823,0.00020776833978268243,0.035648207713265934,0.011656593871638901,0.004068856746084964,9.076566080382532e-05,0.058883373330612984,372,0.0931882884924773,189,calibration_rows_only,0
20261007,strong_linear,ptl_rf,PTL,0,-inf,0.23842183594171681,60,4,0.8504330207764266,0.002727374410503333,0.20194870649061414,0.04190613389232277,0.01508755595214,0.002006437233453893,0.12995655485812857,553,0.15486829767887028,1217,calibration_rows_only,0
20261007,strong_linear,ptl_rf,PTL,1,0.23842183594171681,0.2750544250827389,16,3,0.84653689008685,0.0031218135011652024,0.23889696521709558,0.026234059521973427,0.020978014550516764,0.0005328657945073076,0.16472208886598555,49,0.16850948739544158,71,calibration_rows_only,0
20261007,strong_linear,ptl_rf,PTL,2,0.2750544250827389,0.3329445748070762,21,5,0.8467210551500212,0.002296207346962164,0.14863928267366222,0.042156915230501614,0.025733826938859655,-0.0027357476734616616,0.19983910988580483,59,0.1617245004499015,151,calibration_rows_only,0
20261007,strong_linear,ptl_rf,PTL,3,0.3329445748070762,0.43685093238466904,33,5,0.8188664030130085,0.006718539333883446,0.19704010914783165,0.07385697482622297,0.033484675769199536,0.0027429092169173608,0.19038189563295876,125,0.21427706123993595,403,calibration_rows_only,0
20261007,strong_linear,ptl_rf,PTL,4,0.43685093238466904,0.5710865548598031,26,3,0.7056641265849677,0.00021393474605742806,0.03674409454115701,0.011826955946286043,0.0150535830398245,-0.0009817945072862367,0.14532015054526723,102,0.13203194565839624,223,calibration_rows_only,0
20261007,strong_linear,ptl_rf,PTL,5,0.5710865548598031,0.6639887447730054,37,4,0.6896059055375057,0.01473194290621834,0.7658735539572722,0.03918146588554347,0.02659574468013276,0.012924851485824465,0.16728976448741142,223,0.21570284747637783,443,calibration_rows_only,0
20261007,strong_linear,ptl_rf,PTL,6,0.6639887447730054,0.8010307872122033,34,4,0.6302930604922883,0.0010940380730523989,0.17294353948602337,0.023758101806039295,0.022290888895297352,-0.0008992537030942625,0.139269878533491,222,0.16064570843016437,339,calibration_rows_only,0
20261007,strong_linear,ptl_rf,PTL,7,0.8010307872122033,0.9029808958569202,36,3,0.44407987241098223,0.004658548607186551,0.15680329159821982,0.06641176640238383,0.07736654222175512,0.0003707047261487101,0.3061002235074979,298,0.3053183240073591,332,calibration_rows_only,0
20261007,strong_linear,ptl_rf,PTL,8,0.9029808958569202,0.9555720429972694,29,3,0.528193688500262,3.7121241582315925e-06,0.0051791005798083045,0.001452402958400254,0.22654304229266622,-0.016177801178026502,0.5043090417177893,167,0.43663405644281167,239,calibration_rows_only,0
20261007,strong_linear,ptl_rf,PTL,9,0.9555720429972694,inf,35,2,0.49642948443264867,1.6264102464427559e-06,0.004008411067923878,0.0008114987304858125,0.03884243014357874,-0.0011407501701456851,0.07404559482107151,471,0.46426184946843924,124,calibration_rows_only,0
20261017,strong_linear,ptl_rf,PTL,0,-inf,0.18585291548077132,64,5,0.8828717541300559,0.0022205553911790843,0.16768765636800775,0.038398173853983156,0.01410744327638611,0.0013600916179351934,0.12330480363292876,571,0.14742232693394208,1445,calibration_rows_only,0
20261017,strong_linear,ptl_rf,PTL,1,0.18585291548077132,0.27956815623782727,33,5,0.8098375887742009,0.004638219141280489,0.18015853387694492,0.06528526916162292,0.027814213193599863,0.0013063868402455221,0.20388427961678982,134,0.19596474781869314,394,calibration_rows_only,0
20261017,strong_linear,ptl_rf,PTL,2,0.27956815623782727,0.37356340889062195,30,5,0.777890137903346,0.007150990068900481,0.21317110352449087,0.07765057994121713,0.022483988396703944,0.004296336154489606,0.1341451949303033,86,0.1914909223364078,349,calibration_rows_only,0
20261017,strong_linear,ptl_rf,PTL,3,0.37356340889062195,0.4227212915107247,16,4,0.7965485827656418,0.0019757573030622848,0.17653301026360557,0.03242845373780355,0.011024524860914016,-9.743051558303538e-05,0.12930841457817674,42,0.11338820879447543,78,calibration_rows_only,0
20261017,strong_linear,ptl_rf,PTL,4,0.4227212915107247,0.5631194411538465,28,6,0.7229978782119459,0.004896439417648645,0.19496618670182853,0.06640939314329906,0.04472016475023119,-0.0032037229650738602,0.15935633895618065,93,0.24274032995322992,285,calibration_rows_only,0
20261017,strong_linear,ptl_rf,PTL,5,0.5631194411538465,0.7564538287528867,35,6,0.6300403823588334,0.015930053577305012,0.46565509270951266,0.07542208679120498,0.015116815559972508,0.01417552345311213,0.1499529956497238,122,0.19528046919488434,473,calibration_rows_only,0
20261017,strong_linear,ptl_rf,PTL,6,0.7564538287528867,0.8721816910781097,21,6,0.693304317023407,0.007025258617166822,0.31910093020463265,0.061597634485603944,0.07020813446369119,-0.01017551206789763,0.33799371849253007,49,0.25415956947604085,161,calibration_rows_only,0
20261017,strong_linear,ptl_rf,PTL,7,0.8721816910781097,0.9196126100864295,21,5,0.42361590003189836,0.03898317691648557,0.45667037769836816,0.18277168161061294,0.010776420772214941,0.03877705160786687,0.08803896192100104,45,0.2997048314106416,165,calibration_rows_only,0
20261017,strong_linear,ptl_rf,PTL,8,0.9196126100864295,0.9736560325025079,44,4,0.5475978280977386,0.00331142685934441,0.17010493925895714,0.04537579416765483,0.0883527490751566,-0.002775708498007304,0.22891508182759843,247,0.3146735775251966,699,calibration_rows_only,0
20261017,strong_linear,ptl_rf,PTL,9,0.9736560325025079,inf,35,3,0.46083300457661297,0.0007748063144938447,0.05960198892989149,0.027123383902344207,0.08091522288231112,-0.003962124257568769,0.23227243428853983,211,0.28339929516778123,384,calibration_rows_only,0
20260907,strong_linear,raw_normalized_uq,raw/native UQ,0,-inf,0.10126182965299686,38,4,0.73746031650303,0.033648959326625004,0.5294873761831574,0.12879785092189813,0.02445586368510788,0.03257548279341692,0.18545896952500435,242,0.31753675693536865,461,calibration_rows_only,0
20260907,strong_linear,raw_normalized_uq,raw/native UQ,1,0.10126182965299686,0.2009463722397476,26,7,0.6798371008010542,0.005680050403627244,0.2913506940739101,0.06552713241385758,0.05435999561114897,-0.0071391465269034365,0.23270199123252255,62,0.23111529840758652,263,calibration_rows_only,0
20260907,strong_linear,raw_normalized_uq,raw/native UQ,2,0.2009463722397476,0.3006309148264984,50,8,0.7097318126424216,0.03890289485491231,0.6008850069878217,0.1598459732563661,0.02608947609972939,0.03596976347035734,0.1365447546672866,178,0.2999930586171379,1047,calibration_rows_only,0
20260907,strong_linear,raw_normalized_uq,raw/native UQ,3,0.3006309148264984,0.4003154574132492,38,7,0.7316265654561778,0.051063333847595836,0.7974763013642617,0.16880582220064644,0.013624568278115819,0.05023403450107961,0.145047111368775,143,0.3049695119096898,560,calibration_rows_only,0
20260907,strong_linear,raw_normalized_uq,raw/native UQ,4,0.4003154574132492,0.5,24,8,0.7304420946973416,0.02843348905958847,0.7206913215992472,0.13677540090127652,0.030999860646824355,0.020234987517493593,0.1785990956247613,36,0.2710053556660803,240,calibration_rows_only,0
20260907,strong_linear,raw_normalized_uq,raw/native UQ,5,0.5,0.5996845425867509,36,7,0.5935335797548068,0.046645744067135494,0.6694453428567021,0.17424757845811836,0.010819237255325747,0.04612375322528352,0.10287884378220444,94,0.29878412890745343,536,calibration_rows_only,0
20260907,strong_linear,raw_normalized_uq,raw/native UQ,6,0.5996845425867509,0.6993690851735016,26,6,0.6915599587546963,0.010493977859212144,0.2731799378914227,0.09292421392150754,0.10202120535243535,-0.009490504096906424,0.21246481549999632,50,0.3210829013933882,275,calibration_rows_only,0
20260907,strong_linear,raw_normalized_uq,raw/native UQ,7,0.6993690851735016,0.7990536277602525,30,5,0.6250602001516057,0.014552455114185618,0.3402478894678109,0.10452870829536175,0.09406124522890699,0.002080299052066928,0.29509686657244333,92,0.3388894583167345,343,calibration_rows_only,0
20260907,strong_linear,raw_normalized_uq,raw/native UQ,8,0.7990536277602525,0.8987381703470032,33,5,0.6298459545775412,0.012938100905914494,0.32159727389319864,0.09194004954376937,0.05275435434636966,0.006748122265928115,0.1115308055050109,98,0.2827833456723055,430,calibration_rows_only,0
20260907,strong_linear,raw_normalized_uq,raw/native UQ,9,0.8987381703470032,inf,26,4,0.7027859026581976,0.006664550901332241,0.2869052386759271,0.049180216227258496,0.013916043949436428,0.005261207663453154,0.1326207996551083,81,0.17186703018825744,244,calibration_rows_only,0
20260917,strong_linear,raw_normalized_uq,raw/native UQ,0,-inf,0.10126182965299686,37,5,0.8318017626726699,0.011259386921867192,0.36193277402685253,0.1013256748997158,0.022977086804418734,0.009019138024761432,0.13770328233479498,224,0.24315337406722023,442,calibration_rows_only,0
20260917,strong_linear,raw_normalized_uq,raw/native UQ,1,0.10126182965299686,0.2009463722397476,17,5,0.6155451086905481,0.034802081239464454,0.6615176899197848,0.1461547254182614,0.04966550018433246,0.02456083627084788,0.252931362748245,30,0.3334262278143826,106,calibration_rows_only,0
20260917,strong_linear,raw_normalized_uq,raw/native UQ,2,0.2009463722397476,0.3006309148264984,32,8,0.6398947902714688,0.048060498288992455,0.6526307364630394,0.18309990693640638,0.02659928154238926,0.04360454756293658,0.15963173678311343,95,0.33873526803381054,401,calibration_rows_only,0
20260917,strong_linear,raw_normalized_uq,raw/native UQ,3,0.3006309148264984,0.4003154574132492,28,6,0.7532761390905611,0.016547533920380046,0.5412377802721438,0.07861535460663537,0.021864170729607495,0.013111485041577914,0.1410915838297761,71,0.21947047580131532,307,calibration_rows_only,0
20260917,strong_linear,raw_normalized_uq,raw/native UQ,4,0.4003154574132492,0.5,38,8,0.6764335166672177,0.05419953470766361,0.7155965001168746,0.1891119762851681,0.028579355522040613,0.05025748189829549,0.2033188144687641,109,0.341593860695229,594,calibration_rows_only,0
20260917,strong_linear,raw_normalized_uq,raw/native UQ,5,0.5,0.5996845425867509,40,7,0.6485920203085112,0.016123578830844434,0.3614548588389299,0.11824952464131104,0.05322853726719854,0.008347998195656084,0.16292777460853838,114,0.2864132289142146,666,calibration_rows_only,0
20260917,strong_linear,raw_normalized_uq,raw/native UQ,6,0.5996845425867509,0.6993690851735016,29,7,0.6781803909102986,0.017089738712533487,0.34862268285247905,0.12435697196790721,0.014558529985148665,0.01458040152687783,0.12212060569557105,54,0.2053950835269605,352,calibration_rows_only,0
20260917,strong_linear,raw_normalized_uq,raw/native UQ,7,0.6993690851735016,0.7990536277602525,43,6,0.5482959383631004,0.03264545946064198,0.5702368903853043,0.16080420863813932,0.012457592602940234,0.03193968556649768,0.12227133412060218,148,0.2639499185636092,755,calibration_rows_only,0
20260917,strong_linear,raw_normalized_uq,raw/native UQ,8,0.7990536277602525,0.8987381703470032,24,5,0.6065982733621885,0.053846052243669486,0.5796897224927446,0.20867578636184148,0.025325371265373993,0.05178277255593788,0.14929827513552857,53,0.36328870425055393,223,calibration_rows_only,0
20260917,strong_linear,raw_normalized_uq,raw/native UQ,9,0.8987381703470032,inf,39,4,0.6541563816901456,0.008723167860561421,0.2927025146332832,0.06979042226902263,0.018287594967093812,0.007508967412121422,0.14602111050087987,181,0.18995309278590086,560,calibration_rows_only,0
20260927,strong_linear,raw_normalized_uq,raw/native UQ,0,-inf,0.10126182965299686,47,7,0.7362945605517888,0.04767335201847512,0.5893130915416657,0.17932458776590007,0.0308327515295099,0.044688065993288464,0.18249379156187412,225,0.3293254797274783,856,calibration_rows_only,0
20260927,strong_linear,raw_normalized_uq,raw/native UQ,1,0.10126182965299686,0.2009463722397476,29,6,0.7525434335229011,0.023402483358984736,0.45605389598609647,0.12048836113170208,0.04022758018001871,0.017054789875373712,0.20158343054379219,68,0.2698208810811678,338,calibration_rows_only,0
20260927,strong_linear,raw_normalized_uq,raw/native UQ,2,0.2009463722397476,0.3006309148264984,37,7,0.6642885110805868,0.06903738409952266,0.703207505182871,0.2196230326227541,0.022111125168683167,0.06726990168528443,0.15252625991411997,114,0.37883997274568076,552,calibration_rows_only,0
20260927,strong_linear,raw_normalized_uq,raw/native UQ,3,0.3006309148264984,0.3958990536277602,37,6,0.7551770609113332,0.041448558062206826,0.6618005635430082,0.15949065505222407,0.023317403804782682,0.03936137859104831,0.1825357233794375,114,0.30217977825296927,552,calibration_rows_only,0
20260927,strong_linear,raw_normalized_uq,raw/native UQ,4,0.3958990536277602,0.5,23,6,0.8033725275217093,0.008002416048863356,0.327145527583807,0.07698811118829264,0.0420444421148156,-0.00118939279319185,0.21636235714512875,48,0.22930617573214193,205,calibration_rows_only,0
20260927,strong_linear,raw_normalized_uq,raw/native UQ,5,0.5,0.5996845425867509,43,7,0.637666313811398,0.033504809846933215,0.5163695675614004,0.16070453206395993,0.06281331437999588,0.025329212789003658,0.20675796359578677,127,0.3439536375577707,776,calibration_rows_only,0
20260927,strong_linear,raw_normalized_uq,raw/native UQ,6,0.5996845425867509,0.6993690851735016,27,7,0.5730458868118926,0.02936950158382816,0.4649944469315187,0.14340191901225227,0.0125124330041333,0.027611613259175383,0.12830153847771142,57,0.25269048734177935,294,calibration_rows_only,0
20260927,strong_linear,raw_normalized_uq,raw/native UQ,7,0.6993690851735016,0.7990536277602525,27,6,0.585566028909651,0.008273122216517373,0.27796332595180984,0.07630550583246133,0.050892165479542575,-0.0011956356750670721,0.10661251456681467,82,0.2454557654960809,269,calibration_rows_only,0
20260927,strong_linear,raw_normalized_uq,raw/native UQ,8,0.7990536277602525,0.8987381703470032,27,6,0.5490361782796281,0.017321780965545496,0.7384458608772875,0.08805887120991886,0.006692247029423089,0.01670103272779281,0.06735452904495601,86,0.17997791997950588,265,calibration_rows_only,0
20260927,strong_linear,raw_normalized_uq,raw/native UQ,9,0.8987381703470032,inf,30,4,0.6348201690217512,0.00271503372432873,0.22423942436733518,0.030652664403470274,0.011884782635251738,0.001579195304279541,0.12174752708234154,122,0.13637594451244026,313,calibration_rows_only,0
20261007,strong_linear,raw_normalized_uq,raw/native UQ,0,-inf,0.10126182965299686,26,5,0.7881176485084042,0.03357233324429296,0.5735243299704709,0.12846298438437048,0.02225793514531229,0.0313539569508147,0.16881590329250634,112,0.28822185496567787,213,calibration_rows_only,0
20261007,strong_linear,raw_normalized_uq,raw/native UQ,1,0.10126182965299686,0.2009463722397476,32,7,0.720436205375044,0.010987163156692492,0.2682991151802928,0.09782859356209632,0.057230877637766187,0.00026464371572782613,0.21574008295192507,99,0.27228447892561264,397,calibration_rows_only,0
20261007,strong_linear,raw_normalized_uq,raw/native UQ,2,0.2009463722397476,0.3006309148264984,37,7,0.7713793212958346,0.028365407087971816,0.5964349239829394,0.14157484284389787,0.04328144175521627,0.021939761436768318,0.1818618126002917,142,0.30894906894275,524,calibration_rows_only,0
20261007,strong_linear,raw_normalized_uq,raw/native UQ,3,0.3006309148264984,0.4003154574132492,26,7,0.7548543879814011,0.022065112443397965,0.3988923557557791,0.12210032844533837,0.03023656945792875,0.01569094027123099,0.12138055334750981,55,0.2599461651356709,270,calibration_rows_only,0
20261007,strong_linear,raw_normalized_uq,raw/native UQ,4,0.4003154574132492,0.5,26,7,0.6551286703568197,0.0420122017842381,0.8255382150164333,0.14098092420679864,0.0075078920076053855,0.041890795773782345,0.10549773584267036,48,0.27030335494102053,277,calibration_rows_only,0
20261007,strong_linear,raw_normalized_uq,raw/native UQ,5,0.5,0.5996845425867509,16,7,0.7646811245226266,0.06472817837049416,0.8301321766708032,0.18301769800149034,0.03494728261551093,0.05506447721565605,0.17718417658928398,16,0.3524538056428542,104,calibration_rows_only,0
20261007,strong_linear,raw_normalized_uq,raw/native UQ,6,0.5996845425867509,0.6993690851735016,53,7,0.6439707449944061,0.023854697673698164,0.467956305633688,0.13242137108370933,0.058778104680511985,0.017531352858133266,0.20170637418275572,201,0.3253691075334053,1177,calibration_rows_only,0
20261007,strong_linear,raw_normalized_uq,raw/native UQ,7,0.6993690851735016,0.7990536277602525,53,7,0.5797360111523081,0.016420360819150742,0.3440919497679675,0.1116049201030063,0.07969591658838379,0.0075404543054748,0.22209020659543868,228,0.3228644373804094,1150,calibration_rows_only,0
20261007,strong_linear,raw_normalized_uq,raw/native UQ,8,0.7990536277602525,0.8987381703470032,27,5,0.6449145783654131,0.017146024095315977,0.5988987455252899,0.10110642786492514,0.109110850510884,0.0010192018665383107,0.23276121569121555,82,0.36488948586647435,269,calibration_rows_only,0
20261007,strong_linear,raw_normalized_uq,raw/native UQ,9,0.8987381703470032,inf,31,4,0.648284438866828,0.007926796374966644,0.2750692279852467,0.07722111642124777,0.00967761706520783,0.007223261214278078,0.11269765042186808,136,0.16347757363073384,329,calibration_rows_only,0
20261017,strong_linear,raw_normalized_uq,raw/native UQ,0,-inf,0.10126182965299686,44,5,0.7639824787852914,0.02187736474739596,0.4943778023392109,0.11713414809008257,0.04000631170164093,0.0186646233041595,0.22033576267366445,354,0.2977080249736495,592,calibration_rows_only,0
20261017,strong_linear,raw_normalized_uq,raw/native UQ,1,0.10126182965299686,0.2009463722397476,36,7,0.7236605114980419,0.020697015427383794,0.3718860394388309,0.133073052304651,0.048431185935777825,0.012985869707747143,0.20621646250690973,114,0.2882299372505828,516,calibration_rows_only,0
20261017,strong_linear,raw_normalized_uq,raw/native UQ,2,0.2009463722397476,0.3006309148264984,29,7,0.693849959562583,0.048261310237726084,0.7218391538137734,0.15487640767643443,0.009707703929902712,0.04790470618980859,0.11916422212616878,71,0.28224715617336504,335,calibration_rows_only,0
20261017,strong_linear,raw_normalized_uq,raw/native UQ,3,0.3006309148264984,0.4003154574132492,39,7,0.7460201602983995,0.037836237572035254,0.4906934979041998,0.17314378676040496,0.04516267343876273,0.03170097959675785,0.19763675394258842,130,0.3278378141033682,611,calibration_rows_only,0
20261017,strong_linear,raw_normalized_uq,raw/native UQ,4,0.4003154574132492,0.5,20,8,0.674404553884861,0.03615960409037988,0.7950023620497226,0.1457212864854272,0.04674160111089756,0.020842151264806028,0.25576935160686515,20,0.30842323399984184,170,calibration_rows_only,0
20261017,strong_linear,raw_normalized_uq,raw/native UQ,5,0.5,0.5996845425867509,45,7,0.7437591939318142,0.0354620130155549,0.574570976003419,0.16587158299927804,0.04268404426832434,0.030447416365682364,0.17658792861933006,158,0.3164176516146142,832,calibration_rows_only,0
20261017,strong_linear,raw_normalized_uq,raw/native UQ,6,0.5996845425867509,0.6993690851735016,30,7,0.6294072098022215,0.019587374759649404,0.38059918616669947,0.1127204838907871,0.04421554533982738,0.011114757612086822,0.11199622937099547,73,0.28861628959714025,362,calibration_rows_only,0
20261017,strong_linear,raw_normalized_uq,raw/native UQ,7,0.6993690851735016,0.7990536277602525,31,6,0.5316746639738907,0.021948937931173595,0.516775895211165,0.11995629951077016,0.02908060439704346,0.017833801796038804,0.14955274823019127,70,0.2624160956966857,395,calibration_rows_only,0
20261017,strong_linear,raw_normalized_uq,raw/native UQ,8,0.7990536277602525,0.8987381703470032,28,6,0.5987242768989712,0.024238593130738097,0.39564207625798375,0.14821112600530675,0.07390416965680315,0.011450361458394495,0.21972964691893507,62,0.3405795987100507,316,calibration_rows_only,0
20261017,strong_linear,raw_normalized_uq,raw/native UQ,9,0.8987381703470032,inf,25,4,0.6925977715147105,0.0048226660065825225,0.2749731270301021,0.05952280246171053,0.013874230375762877,0.003289331626553104,0.12342163516416864,91,0.1659847936343472,209,calibration_rows_only,0
20260907,strong_linear,u_only_rf,U-only RF,0,-inf,0.1743374366770881,31,4,0.8417157078200506,0.004305651265115932,0.20553603146841692,0.05952012374933138,0.008337481689627215,0.0036154248049904136,0.09337447232301244,139,0.1369949065863646,326,calibration_rows_only,0
20260907,strong_linear,u_only_rf,U-only RF,1,0.1743374366770881,0.25701046558629087,30,4,0.8591374825236792,0.0021247018722907796,0.11175370335696322,0.03935808708096009,0.01981277208653965,0.00014837034169325192,0.15063457707370564,106,0.16745954199534882,329,calibration_rows_only,0
20260907,strong_linear,u_only_rf,U-only RF,2,0.25701046558629087,0.3392273010074839,48,7,0.7695871204647954,0.004336653459199216,0.26624749604137743,0.046682473617844944,0.01747688363753416,0.002197831153539529,0.1491291346744662,176,0.16405473502434548,952,calibration_rows_only,0
20260907,strong_linear,u_only_rf,U-only RF,3,0.3392273010074839,0.3910290209666039,38,7,0.7315704015121384,0.013938856021093229,0.3742333682501272,0.08971738984476861,0.021953370668326876,0.010755575805177869,0.14716071089114915,117,0.2140444502515975,586,calibration_rows_only,0
20260907,strong_linear,u_only_rf,U-only RF,4,0.3910290209666039,0.4862328680850856,38,8,0.6876846443309482,0.020460495119944654,0.4626560715665097,0.11118496226163092,0.031724410495858106,0.01501156597532137,0.1769304249398646,105,0.26070513756980807,598,calibration_rows_only,0
20260907,strong_linear,u_only_rf,U-only RF,5,0.4862328680850856,0.5928729000214438,36,8,0.6453339386494501,0.02210948056096823,0.5029164258236176,0.127104218787257,0.029091935387125834,0.016922792928142156,0.168287640147839,109,0.24911519480259478,521,calibration_rows_only,0
20260907,strong_linear,u_only_rf,U-only RF,6,0.5928729000214438,0.7103338994247546,35,7,0.5846666922187134,0.01754201053929781,0.4855727228019174,0.10942694072964973,0.03444356201138097,0.011979676376680515,0.1669976435138369,101,0.2531393888735201,494,calibration_rows_only,0
20260907,strong_linear,u_only_rf,U-only RF,7,0.7103338994247546,0.7845927294455932,22,6,0.600240161581043,0.002879581549125271,0.21245331763148068,0.038857795167550724,0.2370768062634664,-0.05343015415412267,0.5447153219533233,67,0.3970227680061381,164,calibration_rows_only,0
20260907,strong_linear,u_only_rf,U-only RF,8,0.7845927294455932,0.8668019308660354,25,4,0.41287263484763526,0.006872502353704934,0.2716784283132994,0.07145306384961683,0.14244516381022004,-0.010646788857834877,0.3558008672183525,151,0.36437682654303805,149,calibration_rows_only,0
20260907,strong_linear,u_only_rf,U-only RF,9,0.8668019308660354,inf,24,3,0.5713979344233951,0.007165861180147917,0.19722983697584667,0.07277710328009819,0.0061813109217329475,0.006939915064351479,0.0629732445912184,97,0.16448005442594424,179,calibration_rows_only,0
20260917,strong_linear,u_only_rf,U-only RF,0,-inf,0.18751138922616725,33,3,0.8700066855150628,1.0277376846157082e-05,0.011137125547704296,0.0022236299380153047,0.0066546613208305185,-0.00040531778767930685,0.08615134327349828,258,0.09381902495599224,270,calibration_rows_only,0
20260917,strong_linear,u_only_rf,U-only RF,1,0.18751138922616725,0.2773494221325452,27,5,0.838609599931308,0.0027819809463253435,0.21601545988795934,0.02653558646326533,0.018197334189863076,8.939033812815217e-05,0.1591836262992648,73,0.15444886550274126,278,calibration_rows_only,0
20260917,strong_linear,u_only_rf,U-only RF,2,0.2773494221325452,0.3372283108093485,36,5,0.8161795434531202,0.005724144937163193,0.1611388198436201,0.07254324921922359,0.037106381478902446,0.0016469626234933005,0.23689173438770791,235,0.22356238644560783,395,calibration_rows_only,0
20260917,strong_linear,u_only_rf,U-only RF,3,0.3372283108093485,0.4177809308643543,28,8,0.7264588657915202,0.01815274788027201,0.37149067671339686,0.12026631127515179,0.050638101733686124,0.00569667513006715,0.1885938716271962,48,0.27646828371371607,330,calibration_rows_only,0
20260917,strong_linear,u_only_rf,U-only RF,4,0.4177809308643543,0.481639426548871,35,8,0.6578045516050551,0.021741730487056094,0.4735983354691957,0.12290579380385087,0.01779155649506907,0.018718225634749425,0.14693260404356825,70,0.22849120905802947,525,calibration_rows_only,0
20260917,strong_linear,u_only_rf,U-only RF,5,0.481639426548871,0.582324794912881,35,8,0.6978340366740934,0.005805439985252841,0.3517584842740225,0.05704266426532593,0.022902529359356216,0.0012609615873045814,0.14107772930417728,87,0.18036359809188973,508,calibration_rows_only,0
20260917,strong_linear,u_only_rf,U-only RF,6,0.582324794912881,0.6975244670481147,33,7,0.6598353362272295,0.021669581183204216,0.47168330285893917,0.12217582591940265,0.025739800558538806,0.017520542990453303,0.17580486760684222,72,0.24909983670687091,456,calibration_rows_only,0
20260917,strong_linear,u_only_rf,U-only RF,7,0.6975244670481147,0.8474079059942534,32,6,0.4320027771779331,0.028254580332105154,0.42720903441362756,0.15785453936370805,0.016614651574823426,0.02648623589526608,0.15100371362401993,125,0.2670992648356443,371,calibration_rows_only,0
20260917,strong_linear,u_only_rf,U-only RF,8,0.8474079059942534,0.9324205795955542,34,6,0.5284044399241574,0.007540900573680602,0.19451265325931727,0.08211860822495463,0.055499818841759634,-0.0006396507485956701,0.19826012492844525,140,0.2515865405073872,421,calibration_rows_only,0
20260917,strong_linear,u_only_rf,U-only RF,9,0.9324205795955542,inf,34,4,0.46129757909307234,0.017036511291791106,0.3507253700907704,0.10849726548315142,0.01790935110073965,0.01592464638238418,0.11629127217599002,138,0.21359887544384262,423,calibration_rows_only,0
20260927,strong_linear,u_only_rf,U-only RF,0,-inf,0.11165292747972184,25,3,0.8756288188967563,0.005108588705149298,0.17646545211854248,0.05983134087050862,0.012578561420508682,0.004273233116154795,0.1123102255809701,102,0.1666922046453973,198,calibration_rows_only,0
20260927,strong_linear,u_only_rf,U-only RF,1,0.11165292747972184,0.23180384992692246,48,6,0.835773140849985,0.004731630522859188,0.4294701629555248,0.04627399521318262,0.020111024685957126,0.0026928328014352194,0.138076742803363,259,0.1805032032560845,869,calibration_rows_only,0
20260927,strong_linear,u_only_rf,U-only RF,2,0.23180384992692246,0.28890944725261525,22,6,0.7568345257575618,0.0029391562096860164,0.22749098434052506,0.04335446991102299,0.046925563057986876,-0.008093637079849614,0.27121626908537044,40,0.20572461284039356,191,calibration_rows_only,0
20260927,strong_linear,u_only_rf,U-only RF,3,0.28890944725261525,0.37420050973719726,44,7,0.8163246677431936,0.0090074892110637,0.37621264182697645,0.08170850224473414,0.016175645758027792,0.00695989885438689,0.138883041840377,180,0.18321069582369728,766,calibration_rows_only,0
20260927,strong_linear,u_only_rf,U-only RF,4,0.37420050973719726,0.4505934999469976,27,8,0.6697454048913649,0.010858914827612717,0.3851267283226491,0.07967339807112252,0.0290235360662501,0.0034625364569920193,0.16770282675896822,43,0.20674079296829956,308,calibration_rows_only,0
20260927,strong_linear,u_only_rf,U-only RF,5,0.4505934999469976,0.5358704658298644,33,7,0.6921287655246252,0.04176157161880979,0.6777837337311244,0.16024587773805632,0.017684346447391888,0.03975080577301163,0.1290289626210841,79,0.2909692947691906,449,calibration_rows_only,0
20260927,strong_linear,u_only_rf,U-only RF,6,0.5358704658298644,0.7272299359916137,33,8,0.5739868149459699,0.029087715770550974,0.5211956556958273,0.13941793139157999,0.018485147814341473,0.025953080803993504,0.14046405640145168,63,0.24668454391905079,465,calibration_rows_only,0
20260927,strong_linear,u_only_rf,U-only RF,7,0.7272299359916137,0.8421184142735488,29,6,0.5164943562860046,0.018516096445118986,0.4519844328121366,0.08807337170494649,0.015557918909403988,0.016399185798622526,0.12584763503979576,93,0.22039806233893833,313,calibration_rows_only,0
20260927,strong_linear,u_only_rf,U-only RF,8,0.8421184142735488,0.9220449762759826,35,6,0.43212224301776214,0.023270547177619044,0.40258224165282863,0.14427328896564323,0.08502726294365405,0.011450965779364622,0.27474098109916634,180,0.3405793263257892,415,calibration_rows_only,0
20260927,strong_linear,u_only_rf,U-only RF,9,0.9220449762759826,inf,31,4,0.49852007133146764,0.006901174413507814,0.23859499149444124,0.06613572025953382,0.04937695260230473,0.0021935183003942912,0.17637297027415488,134,0.2367953448149679,331,calibration_rows_only,0
20261007,strong_linear,u_only_rf,U-only RF,0,-inf,0.19540337065972377,32,5,0.8172985645337276,0.010468109655217791,0.4779104460960729,0.08015653874416133,0.012004393625706045,0.009256836595617574,0.12868486483656888,128,0.17817045431903375,368,calibration_rows_only,0
20261007,strong_linear,u_only_rf,U-only RF,1,0.19540337065972377,0.27182041226895676,23,6,0.779445358746343,0.015027364923136555,0.41844134704915453,0.09839525526348689,0.022334379402592756,0.010634431646326239,0.1382127186352433,51,0.22616729299582802,202,calibration_rows_only,0
20261007,strong_linear,u_only_rf,U-only RF,2,0.27182041226895676,0.3142590743960811,37,6,0.8280384938981098,0.011952451461209483,0.2987481687587421,0.09207115109936806,0.022559466095980515,0.009151204821801345,0.17086418142437848,135,0.21397173199041972,531,calibration_rows_only,0
20261007,strong_linear,u_only_rf,U-only RF,3,0.3142590743960811,0.38884803622987946,41,6,0.7768651400380286,0.006992553564773917,0.3746552017424465,0.07490971882832198,0.020424975182199562,0.004614245506118324,0.15921501122270929,157,0.1843687817461267,663,calibration_rows_only,0
20261007,strong_linear,u_only_rf,U-only RF,4,0.38884803622987946,0.469460394097681,28,6,0.73109858110221,0.016822829303412726,0.534264643710371,0.0853772534070304,0.03816905856461599,0.010377552876758366,0.19388086082863107,69,0.2645131094860204,309,calibration_rows_only,0
20261007,strong_linear,u_only_rf,U-only RF,5,0.469460394097681,0.5647208080703853,34,8,0.6821937171573751,0.009639806566374668,0.2533416861525739,0.09553385458698796,0.041088697066831555,0.0012161376905732504,0.1512428565822762,78,0.22506907253355343,483,calibration_rows_only,0
20261007,strong_linear,u_only_rf,U-only RF,6,0.5647208080703853,0.6688710379765881,34,7,0.6700012063707683,0.015368349511596255,0.5331553211309138,0.08204788119467803,0.023531565934471723,0.011555590539013411,0.1557704832243443,125,0.21806700470128268,436,calibration_rows_only,0
20261007,strong_linear,u_only_rf,U-only RF,7,0.6688710379765881,0.7873800366391654,32,6,0.5574534277006441,0.02191364911037224,0.5981689965330491,0.12618142668137267,0.018001068161771955,0.019717142926550076,0.09184628122769792,136,0.24526589263895524,360,calibration_rows_only,0
20261007,strong_linear,u_only_rf,U-only RF,8,0.7873800366391654,0.8988353474014679,46,4,0.5586822970424496,0.0009267696032356698,0.07945491364013246,0.02837522419777415,0.1884097650265756,-0.011613286518464105,0.49485314059516977,407,0.39908720845067774,628,calibration_rows_only,0
20261007,strong_linear,u_only_rf,U-only RF,9,0.8988353474014679,inf,20,3,0.33967518868043933,0.017867862915543146,0.4301106774998047,0.12191751962869753,0.013812395713868397,0.017354340362269793,0.13548049559821568,93,0.27064392902741286,97,calibration_rows_only,0
20261017,strong_linear,u_only_rf,U-only RF,0,-inf,0.11309626877386939,26,5,0.8522391150068179,0.0028572099205742894,0.18053227339755473,0.04170321193946734,0.01668758259044529,0.0003014851029260156,0.1411908495073398,84,0.15447434118498787,241,calibration_rows_only,0
20261017,strong_linear,u_only_rf,U-only RF,1,0.11309626877386939,0.19590664960347,52,6,0.8184584931296212,0.002683249035348823,0.26549088259248177,0.03652078934890317,0.01968841938408387,0.0008056245670141106,0.16019189649842552,248,0.16400372112919775,1078,calibration_rows_only,0
20261017,strong_linear,u_only_rf,U-only RF,2,0.19590664960347,0.30079243064025724,50,8,0.7807337879817717,0.011280511843685432,0.3234652615251906,0.099331363938619,0.01709476009003536,0.009068617786816825,0.11013314227933726,210,0.1952880605670572,1015,calibration_rows_only,0
20261017,strong_linear,u_only_rf,U-only RF,3,0.30079243064025724,0.3644896253433767,26,7,0.7596805255400125,0.008929742249519554,0.3776004156915054,0.07791256408989258,0.04603054071514925,-0.0017603978321354824,0.21190391276135503,61,0.2405033510303399,264,calibration_rows_only,0
20261017,strong_linear,u_only_rf,U-only RF,4,0.3644896253433767,0.4792982961255353,28,7,0.7747362053935166,0.015024578333947233,0.5401967103278233,0.08895952410351647,0.04786811765518713,0.004943684719237049,0.21839675705459677,65,0.2748393920338539,313,calibration_rows_only,0
20261017,strong_linear,u_only_rf,U-only RF,5,0.4792982961255353,0.5639132983738999,23,5,0.6831721667328523,0.04111977582294779,0.6829981949042989,0.16048793159272554,0.01313924705659035,0.040599902531883544,0.11455222652702626,72,0.31185300821625206,181,calibration_rows_only,0
20261017,strong_linear,u_only_rf,U-only RF,6,0.5639132983738999,0.7615785626741196,39,7,0.4933742692547746,0.01617263047415746,0.4078007755424052,0.09272069791018497,0.015405923337415545,0.014165711801780216,0.09948625871603674,148,0.21155427915304817,593,calibration_rows_only,0
20261017,strong_linear,u_only_rf,U-only RF,7,0.7615785626741196,0.9002842175230131,20,6,0.6002019617294981,0.01139810472964135,0.44738760298784674,0.08362267066635645,0.08292753204321039,-0.009825029769643431,0.22267399552010586,42,0.3044377065647396,148,calibration_rows_only,0
20261017,strong_linear,u_only_rf,U-only RF,8,0.9002842175230131,0.965054468048715,36,5,0.4828630096075087,0.012472094559971789,0.5186774290642853,0.08382711562285422,0.12783502305538832,-0.00178127680178769,0.3748920907010462,278,0.3752181320658565,352,calibration_rows_only,0
20261017,strong_linear,u_only_rf,U-only RF,9,0.965054468048715,inf,27,4,0.5830864044089945,0.03533448528521973,0.5285960606424708,0.15550451920183647,0.041157967866508195,0.03194450765774646,0.11111315190687346,99,0.29929427814894805,252,calibration_rows_only,0
