aggregation_level,scenario,heldout_environment_id,heldout_predictor,environment_id,environment_key,predictor,method,n,aurc,optimal_aurc,excess_aurc,brier,mean_continuous_risk,risk_at_50,risk_at_80,ftr_at_50,ftr_at_80,log_loss,auroc,auprc
environment_macro,in_domain,,,environment_macro,environment_macro,identity_free_shared,best_scalar_uq,143.25,0.6531177194356563,0.5272804302245366,0.12583728921111964,0.2239595961456206,0.6826030114475956,0.6473026057622159,0.665926440109401,0.32167658730158727,0.3423170669129721,0.6725047638781037,0.6328437757508905,0.6998025761040677
environment_macro,in_domain,,,environment_macro,environment_macro,identity_free_shared,isotonic,143.25,0.6462547156129137,0.5272804302245366,0.11897428538837701,0.19647733923658992,0.6826030114475956,0.6382637191775902,0.6652901464869828,0.30584325396825396,0.3447174292318127,0.5966013564597769,0.6216100059276743,0.691449577522599
environment_macro,in_domain,,,environment_macro,environment_macro,identity_free_shared,platt_logistic,143.25,0.6531177194356563,0.5272804302245366,0.12583728921111964,0.20063201430991973,0.6826030114475956,0.6473026057622159,0.665926440109401,0.32167658730158727,0.3423170669129721,0.5875662410485856,0.6328437757508905,0.6998025761040677
environment_macro,in_domain,,,environment_macro,environment_macro,identity_free_shared,ptl_rf,143.25,0.6145115242595414,0.5272804302245366,0.08723109403500474,0.146972165230524,0.6826030114475956,0.6123911949831693,0.6527187564286566,0.2615972222222222,0.32695120073891626,0.4537300552823715,0.7137174810313947,0.7622496716935185
environment_macro,in_domain,,,environment_macro,environment_macro,identity_free_shared,raw_normalized_uq,143.25,0.6557220371721232,0.5272804302245366,0.1284416069475866,0.2479020919933877,0.6826030114475956,0.6539774780321845,0.6690199628342677,0.3036706349206349,0.347338105500821,0.7870234463695929,0.6582825293031523,0.7031188329266176
environment_macro,in_domain,,,environment_macro,environment_macro,identity_free_shared,u_only_rf,143.25,0.6418907262139295,0.5272804302245366,0.11461029598939287,0.18461951334316995,0.6826030114475956,0.6327051815796532,0.6661096456181603,0.288640873015873,0.35001795977011496,0.5470694970445195,0.6497044657570723,0.7160089825789275
environment_macro,in_domain,,,environment_macro,environment_macro,identity_free_shared,u_p_rf,143.25,0.618649813822855,0.5272804302245366,0.09136938359831835,0.16965289511272905,0.6826030114475956,0.6193278491990619,0.6565181228139504,0.26828373015873014,0.32743483169129717,0.5087963300927417,0.7053206289400742,0.7603699777384386
environment_macro,in_domain,,,environment_macro,environment_macro,identity_free_shared,u_ps_rf,143.25,0.616420933864587,0.5272804302245366,0.08914050364005033,0.1700707213724815,0.6826030114475956,0.6141478043436722,0.6551866686580647,0.26512896825396826,0.32750923645320196,0.5088797657542246,0.7071936619208419,0.7617173338083837
environment_macro,in_domain,,,environment_macro,environment_macro,identity_free_shared,u_psn_rf,143.25,0.618115105227006,0.5272804302245366,0.0908346750024693,0.17076170609393473,0.6826030114475956,0.6133051967886171,0.6555860217702012,0.2658829365079365,0.32806727216748766,0.510121904043469,0.7059586127917576,0.7554291442063908
environment_macro,leave_environment_out,,,environment_macro,environment_macro,identity_free_shared,best_scalar_uq,143.25,0.6517664035167989,0.5272804302245366,0.12448597329226231,0.22273039666987968,0.6826030114475956,0.6504200104130076,0.667554839252412,0.33959325396825396,0.3571236145320197,0.7319736726483387,0.5959413769512496,0.6435011142284497
environment_macro,leave_environment_out,,,environment_macro,environment_macro,identity_free_shared,isotonic,143.25,0.6481012235378917,0.5272804302245366,0.1208207933133551,0.21258963303570202,0.6826030114475956,0.6423035071860635,0.6666854656028852,0.328938492063492,0.3566027811986864,0.6691559637511294,0.5806372086751841,0.6141632545891758
environment_macro,leave_environment_out,,,environment_macro,environment_macro,identity_free_shared,platt_logistic,143.25,0.6517664035167989,0.5272804302245366,0.12448597329226231,0.20983562864842115,0.6826030114475956,0.6504200104130076,0.667554839252412,0.33959325396825396,0.3571236145320197,0.6128418181876539,0.5959413769512496,0.6435011142284497
environment_macro,leave_environment_out,,,environment_macro,environment_macro,identity_free_shared,ptl_rf,143.25,0.6426977518776545,0.5272804302245366,0.1154173216531179,0.2282860233790054,0.6826030114475956,0.6460733933197068,0.6641747662881068,0.3058531746031746,0.3477088464696223,0.6477374422130822,0.6466195854402202,0.670746964625134
environment_macro,leave_environment_out,,,environment_macro,environment_macro,identity_free_shared,raw_normalized_uq,143.25,0.65399493096904,0.5272804302245366,0.1267145007445034,0.25647185034436976,0.6826030114475956,0.6534281588243658,0.6733563996310331,0.3180753968253968,0.364375513136289,1.1248375173175276,0.6132888809596576,0.6473270427661566
environment_macro,leave_environment_out,,,environment_macro,environment_macro,identity_free_shared,u_only_rf,143.25,0.6562297694695597,0.5272804302245366,0.12894933924502305,0.25105876203042354,0.6826030114475956,0.6586060156140016,0.6707995683053386,0.34306547619047617,0.36857938218390807,0.705662501171883,0.5986530232760457,0.6371061613407599
environment_macro,leave_environment_out,,,environment_macro,environment_macro,identity_free_shared,u_p_rf,143.25,0.6431479940796321,0.5272804302245366,0.1158675638550955,0.27328150503169,0.6826030114475956,0.6472343836057204,0.6667549451429337,0.3138988095238095,0.3503502155172414,0.7545047000787546,0.6404539911136455,0.6649068538368857
environment_macro,leave_environment_out,,,environment_macro,environment_macro,identity_free_shared,u_ps_rf,143.25,0.6439138824746421,0.5272804302245366,0.11663345225010543,0.2669731027668487,0.6826030114475956,0.6471551470230629,0.6657612607791351,0.30973214285714284,0.3493085488505747,0.738666508291698,0.6452528773982564,0.6637963996915841
environment_macro,leave_environment_out,,,environment_macro,environment_macro,identity_free_shared,u_psn_rf,143.25,0.6420850608335013,0.5272804302245366,0.11480463060896458,0.26859690817123866,0.6826030114475956,0.6467727899405885,0.6643693085799899,0.3096130952380952,0.3481565578817734,0.7412416891933007,0.6436520662436527,0.6641109036577841
environment_macro,leave_predictor_out,,,environment_macro,environment_macro,identity_free_shared,best_scalar_uq,47.75,0.6515581658836499,0.5428781502975939,0.10868001558605604,0.24407681805278458,0.6826030114475956,0.6470043029992236,0.6725377763977015,0.3111772162205681,0.35762941135925,0.790992323411317,0.5898409052524816,0.7314902784319293
environment_macro,leave_predictor_out,,,environment_macro,environment_macro,identity_free_shared,isotonic,47.75,0.6611385990935773,0.5428781502975939,0.11826044879598345,0.20400994983565038,0.6826030114475956,0.6545941806852993,0.6712240817755871,0.32670469849007167,0.3561016335814723,0.6103778515895575,0.5870431923108773,0.6882163099024391
environment_macro,leave_predictor_out,,,environment_macro,environment_macro,identity_free_shared,platt_logistic,47.75,0.6515581658836499,0.5428781502975939,0.10868001558605604,0.20037002599372422,0.6826030114475956,0.6470043029992236,0.6725377763977015,0.3111772162205681,0.35762941135925,0.5887033591687305,0.5898409052524816,0.7314902784319293
environment_macro,leave_predictor_out,,,environment_macro,environment_macro,identity_free_shared,ptl_rf,47.75,0.6378907238350696,0.5428781502975939,0.09501257353747582,0.16200210138995286,0.6826030114475956,0.634986849651722,0.6691562436448398,0.3047930206983876,0.35813154811138675,0.4932870273139494,0.6193360075612919,0.7442144000166505
environment_macro,leave_predictor_out,,,environment_macro,environment_macro,identity_free_shared,raw_normalized_uq,47.75,0.65953693897896,0.5428781502975939,0.11665878868136621,0.27789190939974506,0.6826030114475956,0.6490008183464652,0.6725211439888078,0.3160105147882221,0.3590010779493306,1.1162244794016072,0.5991933126324525,0.7148227262006324
environment_macro,leave_predictor_out,,,environment_macro,environment_macro,identity_free_shared,u_only_rf,47.75,0.6629588703648835,0.5428781502975939,0.12008072006728973,0.2374717119254048,0.6826030114475956,0.6552243046221686,0.6786354082566071,0.3301968240637054,0.36792468906044173,0.6936159494025937,0.5769117324674304,0.6915640464792908
environment_macro,leave_predictor_out,,,environment_macro,environment_macro,identity_free_shared,u_p_rf,47.75,0.6483139492304656,0.5428781502975939,0.10543579893287179,0.20926094803680312,0.6826030114475956,0.6497399466593716,0.676053224367207,0.3206792847784877,0.36281044174861377,0.6081572820214566,0.5736532640864942,0.7126869728080182
environment_macro,leave_predictor_out,,,environment_macro,environment_macro,identity_free_shared,u_ps_rf,47.75,0.6446020569518027,0.5428781502975939,0.10172390665420883,0.2084383255784453,0.6826030114475956,0.6438849171640376,0.6714467392534967,0.3141148292090259,0.35967475798793,0.6069368699065072,0.5884195003619197,0.7288504156525061
environment_macro,leave_predictor_out,,,environment_macro,environment_macro,identity_free_shared,u_psn_rf,47.75,0.6426032470552365,0.5428781502975939,0.09972509675764264,0.20801691686515617,0.6826030114475956,0.6400420937435918,0.6713028900550609,0.3136851757313601,0.3586443686242073,0.6050197501551153,0.5928305401888306,0.7405347090975603
environment_predictor_test,in_domain,,,env__v~frangiehizar2021%5Frna__v~patient-derived%5Fmelanoma__v~rna__v~co-culture,frangieh_melanoma_coculture,identity_free_shared,best_scalar_uq,150.0,0.8596965926759391,0.7384547946655021,0.121241798010437,0.26789751477645446,0.8490473596482163,0.8521792534347341,0.830345225471735,0.6799999999999999,0.5916666666666667,0.737862975323267,0.4969,0.3780281171553704
environment_predictor_test,in_domain,,,env__v~frangiehizar2021%5Frna__v~patient-derived%5Fmelanoma__v~rna__v~control,frangieh_melanoma_control,identity_free_shared,best_scalar_uq,150.0,0.7570806047449182,0.6598725530921195,0.09720805165279878,0.24137504282596245,0.7888860225243175,0.7621635457715185,0.7730303326860812,0.42666666666666664,0.45833333333333337,0.6817425894658571,0.6769258139121153,0.6834672997800953
environment_predictor_test,in_domain,,,env__v~frangiehizar2021%5Frna__v~patient-derived%5Fmelanoma__v~rna__v~ifn%CE%B3,frangieh_melanoma_ifng,identity_free_shared,best_scalar_uq,150.0,0.658050864350632,0.5572860846641202,0.10076477968651176,0.2578305984613799,0.7211698056434744,0.644489035142606,0.6987342428924054,0.21333333333333337,0.30833333333333335,0.7316581023629969,0.694019996227127,0.7673121801801541
environment_predictor_test,in_domain,,,env__v~normanweissman2019%5Ffiltered__v~k562__v~rna__v~baseline,norman_k562,identity_free_shared,best_scalar_uq,144.0,0.38730774028801773,0.15396036889134213,0.2333473713966756,0.23589215214736767,0.3819881561267653,0.32584481681763644,0.37588333229588555,0.09722222222222221,0.1293103448275862,0.8367766999110936,0.5679442508710801,0.8591794166830672
environment_predictor_test,in_domain,,,env__v~replogleweissman2022%5Fk562%5Fessential__v~k562__v~rna__v~essential%5Fgene%5Fscreen,replogle_k562_essential,identity_free_shared,best_scalar_uq,279.0,0.6865368634635521,0.5452544987238894,0.1412823647396627,0.27732901810962113,0.7693404845219682,0.7210008173620542,0.7557527011933868,0.44285714285714284,0.5133928571428572,0.7574844050256239,0.6260723514211888,0.6091137732329088
environment_predictor_test,in_domain,,,env__v~replogleweissman2022%5Frpe1__v~rpe1__v~rna__v~baseline,replogle_rpe1,identity_free_shared,best_scalar_uq,99.0,0.8492519789989875,0.6756011572799809,0.1736508217190066,0.22986321247826752,0.8694694798346718,0.8528492672181511,0.8545472291250116,0.6799999999999999,0.675,0.734912540380466,0.6222334004024145,0.38731618867247153
environment_predictor_test,in_domain,,,env__v~tiankampmann2021%5Fcrispra__v~ipsc-induced%5Fneuron__v~rna__v~baseline,tian_neuron_crispra,identity_free_shared,best_scalar_uq,60.0,0.5135143909820681,0.4082545912481034,0.10525979973396465,0.18418107775278098,0.5429724515573561,0.5208443802968425,0.5142246497940084,0.033333333333333326,0.0625,0.5773390286176537,0.5379464285714286,0.9155157010139454
environment_predictor_test,in_domain,,,env__v~tiankampmann2021%5Fcrispri__v~ipsc-induced%5Fneuron__v~rna__v~baseline,tian_neuron_crispri,identity_free_shared,best_scalar_uq,114.0,0.5135027199811355,0.47955939323123536,0.03394332674990014,0.09730815261313086,0.5379503317239948,0.49904973005418374,0.5248938074166944,0.0,0.0,0.3222617699378709,0.8407079646017699,0.9984879321145288
environment_predictor_test,in_domain,,,env__v~frangiehizar2021%5Frna__v~patient-derived%5Fmelanoma__v~rna__v~co-culture,frangieh_melanoma_coculture,identity_free_shared,isotonic,150.0,0.8567837274584285,0.7384547946655021,0.11832893279292633,0.22971790519823637,0.8490473596482163,0.8428300230502511,0.8253810810611413,0.64,0.5916666666666667,0.6450257821197277,0.5034000000000001,0.3820647576180901
environment_predictor_test,in_domain,,,env__v~frangiehizar2021%5Frna__v~patient-derived%5Fmelanoma__v~rna__v~control,frangieh_melanoma_control,identity_free_shared,isotonic,150.0,0.7367973154601619,0.6598725530921195,0.07692476236804247,0.2196526789703629,0.7888860225243175,0.7197038562361784,0.7730303326860813,0.28,0.45833333333333337,0.6271584255204316,0.7213129336417007,0.6785651827793442
environment_predictor_test,in_domain,,,env__v~frangiehizar2021%5Frna__v~patient-derived%5Fmelanoma__v~rna__v~ifn%CE%B3,frangieh_melanoma_ifng,identity_free_shared,isotonic,150.0,0.6388723531652531,0.5572860846641202,0.08158626850113293,0.22209112978999201,0.7211698056434744,0.6357686477456734,0.6980986961168978,0.18666666666666665,0.31666666666666665,0.6380898395768707,0.7031692133559706,0.7618671313608109
environment_predictor_test,in_domain,,,env__v~normanweissman2019%5Ffiltered__v~k562__v~rna__v~baseline,norman_k562,identity_free_shared,isotonic,144.0,0.39324845944919956,0.15396036889134213,0.23928809055785744,0.18209283520961123,0.3819881561267653,0.32584481681763644,0.37211854490071467,0.09722222222222221,0.1293103448275862,0.7293894804841163,0.5571041424699961,0.8637219567940787
environment_predictor_test,in_domain,,,env__v~replogleweissman2022%5Fk562%5Fessential__v~k562__v~rna__v~essential%5Fgene%5Fscreen,replogle_k562_essential,identity_free_shared,isotonic,279.0,0.6876060615022787,0.5452544987238894,0.14235156277838923,0.2582994204350317,0.7693404845219682,0.7210008173620542,0.7557527011933877,0.44285714285714284,0.5133928571428572,0.7090949761348071,0.6020671834625323,0.5744458458744942
environment_predictor_test,in_domain,,,env__v~replogleweissman2022%5Frpe1__v~rpe1__v~rna__v~baseline,replogle_rpe1,identity_free_shared,isotonic,99.0,0.8417958546169457,0.6756011572799809,0.1661946973369648,0.20681488934626974,0.8694694798346718,0.8596581423808393,0.8535394946546042,0.7,0.675,0.6006599479609237,0.6202213279678068,0.3510123496955087
environment_predictor_test,in_domain,,,env__v~tiankampmann2021%5Fcrispra__v~ipsc-induced%5Fneuron__v~rna__v~baseline,tian_neuron_crispra,identity_free_shared,isotonic,60.0,0.5030514316589235,0.4082545912481034,0.0947968404108201,0.16715409900044828,0.5429724515573561,0.5013252143437984,0.522076234643598,0.09999999999999998,0.0625,0.5220811617632973,0.5133928571428572,0.923718949508961
environment_predictor_test,in_domain,,,env__v~tiankampmann2021%5Fcrispri__v~ipsc-induced%5Fneuron__v~rna__v~baseline,tian_neuron_crispri,identity_free_shared,isotonic,114.0,0.5118825215921182,0.47955939323123536,0.03232312836088286,0.0859957559427672,0.5379503317239948,0.49997823548429027,0.5223240866394377,0.0,0.010869565217391353,0.3013112381180401,0.752212389380531,0.996200446549504
environment_predictor_test,in_domain,,,env__v~frangiehizar2021%5Frna__v~patient-derived%5Fmelanoma__v~rna__v~co-culture,frangieh_melanoma_coculture,identity_free_shared,platt_logistic,150.0,0.8596965926759391,0.7384547946655021,0.121241798010437,0.24948650397616356,0.8490473596482163,0.8521792534347341,0.830345225471735,0.6799999999999999,0.5916666666666667,0.691567159837447,0.4969,0.3780281171553704
environment_predictor_test,in_domain,,,env__v~frangiehizar2021%5Frna__v~patient-derived%5Fmelanoma__v~rna__v~control,frangieh_melanoma_control,identity_free_shared,platt_logistic,150.0,0.7570806047449182,0.6598725530921195,0.09720805165279878,0.2241628481201053,0.7888860225243175,0.7621635457715185,0.7730303326860812,0.42666666666666664,0.45833333333333337,0.6390661345788866,0.6769258139121153,0.6834672997800953
environment_predictor_test,in_domain,,,env__v~frangiehizar2021%5Frna__v~patient-derived%5Fmelanoma__v~rna__v~ifn%CE%B3,frangieh_melanoma_ifng,identity_free_shared,platt_logistic,150.0,0.658050864350632,0.5572860846641202,0.10076477968651176,0.22294113007848076,0.7211698056434744,0.644489035142606,0.6987342428924054,0.21333333333333337,0.30833333333333335,0.6374128799821404,0.694019996227127,0.7673121801801541
environment_predictor_test,in_domain,,,env__v~normanweissman2019%5Ffiltered__v~k562__v~rna__v~baseline,norman_k562,identity_free_shared,platt_logistic,144.0,0.38730774028801773,0.15396036889134213,0.2333473713966756,0.17879543429846925,0.3819881561267653,0.32584481681763644,0.37588333229588555,0.09722222222222221,0.1293103448275862,0.5369353778428034,0.5679442508710801,0.8591794166830672
environment_predictor_test,in_domain,,,env__v~replogleweissman2022%5Fk562%5Fessential__v~k562__v~rna__v~essential%5Fgene%5Fscreen,replogle_k562_essential,identity_free_shared,platt_logistic,279.0,0.6865368634635521,0.5452544987238894,0.1412823647396627,0.27460990831046805,0.7693404845219682,0.7210008173620542,0.7557527011933868,0.44285714285714284,0.5133928571428572,0.7469549100903512,0.6260723514211888,0.6091137732329088
environment_predictor_test,in_domain,,,env__v~replogleweissman2022%5Frpe1__v~rpe1__v~rna__v~baseline,replogle_rpe1,identity_free_shared,platt_logistic,99.0,0.8492519789989875,0.6756011572799809,0.1736508217190066,0.20800698531402026,0.8694694798346718,0.8528492672181511,0.8545472291250116,0.6799999999999999,0.675,0.605733376558818,0.6222334004024145,0.38731618867247153
environment_predictor_test,in_domain,,,env__v~tiankampmann2021%5Fcrispra__v~ipsc-induced%5Fneuron__v~rna__v~baseline,tian_neuron_crispra,identity_free_shared,platt_logistic,60.0,0.5135143909820681,0.4082545912481034,0.10525979973396465,0.15199655920801272,0.5429724515573561,0.5208443802968425,0.5142246497940084,0.033333333333333326,0.0625,0.4883030455006713,0.5379464285714286,0.9155157010139454
environment_predictor_test,in_domain,,,env__v~tiankampmann2021%5Fcrispri__v~ipsc-induced%5Fneuron__v~rna__v~baseline,tian_neuron_crispri,identity_free_shared,platt_logistic,114.0,0.5135027199811355,0.47955939323123536,0.03394332674990014,0.09505674517363784,0.5379503317239948,0.49904973005418374,0.5248938074166944,0.0,0.0,0.3545570439975671,0.8407079646017699,0.9984879321145288
environment_predictor_test,in_domain,,,env__v~frangiehizar2021%5Frna__v~patient-derived%5Fmelanoma__v~rna__v~co-culture,frangieh_melanoma_coculture,identity_free_shared,ptl_rf,150.0,0.7797340643548994,0.7384547946655021,0.041279269689397324,0.14577930466283337,0.8490473596482163,0.7651438477663325,0.8197384509836241,0.3866666666666667,0.5833333333333333,0.44263636082756846,0.8554,0.6659585346406667
environment_predictor_test,in_domain,,,env__v~frangiehizar2021%5Frna__v~patient-derived%5Fmelanoma__v~rna__v~control,frangieh_melanoma_control,identity_free_shared,ptl_rf,150.0,0.7317939583408907,0.6598725530921195,0.07192140524877122,0.18715055147943432,0.7888860225243175,0.7181425875929883,0.7542273742335618,0.29333333333333333,0.4083333333333333,0.5504353999973626,0.7804661092332326,0.7258014086698014
environment_predictor_test,in_domain,,,env__v~frangiehizar2021%5Frna__v~patient-derived%5Fmelanoma__v~rna__v~ifn%CE%B3,frangieh_melanoma_ifng,identity_free_shared,ptl_rf,150.0,0.6455321816010214,0.5572860846641202,0.08824609693690122,0.19540140512660117,0.7211698056434744,0.6333812848042348,0.6842463121208033,0.17333333333333334,0.2833333333333333,0.5917526977539059,0.7582531597811732,0.792646636132668
environment_predictor_test,in_domain,,,env__v~normanweissman2019%5Ffiltered__v~k562__v~rna__v~baseline,norman_k562,identity_free_shared,ptl_rf,144.0,0.25940863942906733,0.15396036889134213,0.10544827053772521,0.1245635967513063,0.3819881561267653,0.2253508251130788,0.3263072945093655,0.06944444444444442,0.13793103448275867,0.41157165327941847,0.632210607820364,0.90484000570175
environment_predictor_test,in_domain,,,env__v~replogleweissman2022%5Fk562%5Fessential__v~k562__v~rna__v~essential%5Fgene%5Fscreen,replogle_k562_essential,identity_free_shared,ptl_rf,279.0,0.6792598266224582,0.5452544987238894,0.13400532789856878,0.23380942282096187,0.7693404845219682,0.7146135760098922,0.7382065249063793,0.44999999999999996,0.4776785714285714,0.6592438601484457,0.649250645994832,0.627576352299769
environment_predictor_test,in_domain,,,env__v~replogleweissman2022%5Frpe1__v~rpe1__v~rna__v~baseline,replogle_rpe1,identity_free_shared,ptl_rf,99.0,0.8069778335026676,0.6756011572799809,0.13137667622268667,0.18871032851771424,0.8694694798346718,0.8326426780918621,0.8569376560578906,0.62,0.6625,0.5589313643272745,0.710261569416499,0.4894836714970025
environment_predictor_test,in_domain,,,env__v~tiankampmann2021%5Fcrispra__v~ipsc-induced%5Fneuron__v~rna__v~baseline,tian_neuron_crispra,identity_free_shared,ptl_rf,60.0,0.5009826963759373,0.4082545912481034,0.09272810512783386,0.08151633588859662,0.5429724515573561,0.4967168626043464,0.5216096863401803,0.09999999999999998,0.0625,0.31982211126162574,0.3504464285714286,0.8919257208788381
environment_predictor_test,in_domain,,,env__v~tiankampmann2021%5Fcrispri__v~ipsc-induced%5Fneuron__v~rna__v~baseline,tian_neuron_crispri,identity_free_shared,ptl_rf,114.0,0.512402993849389,0.47955939323123536,0.03284360061815367,0.018846376596744086,0.5379503317239948,0.5131378978826191,0.5204767522774482,0.0,0.0,0.09544699466337025,0.9734513274336283,0.9997650437276526
environment_predictor_test,in_domain,,,env__v~frangiehizar2021%5Frna__v~patient-derived%5Fmelanoma__v~rna__v~co-culture,frangieh_melanoma_coculture,identity_free_shared,raw_normalized_uq,150.0,0.8043128301753706,0.7384547946655021,0.06585803550986846,0.2533026184332526,0.8490473596482163,0.7832572740623132,0.8217435782108072,0.45333333333333337,0.5833333333333333,0.7320322981220827,0.7309000000000001,0.5396283285469499
environment_predictor_test,in_domain,,,env__v~frangiehizar2021%5Frna__v~patient-derived%5Fmelanoma__v~rna__v~control,frangieh_melanoma_control,identity_free_shared,raw_normalized_uq,150.0,0.7550266979170055,0.6598725530921195,0.09515414482488604,0.23764325434189373,0.7888860225243175,0.7673728238925495,0.7703862400213919,0.43999999999999995,0.44999999999999996,0.673119721235299,0.660291763031489,0.6701629572411097
environment_predictor_test,in_domain,,,env__v~frangiehizar2021%5Frna__v~patient-derived%5Fmelanoma__v~rna__v~ifn%CE%B3,frangieh_melanoma_ifng,identity_free_shared,raw_normalized_uq,150.0,0.6480733634426938,0.5572860846641202,0.09078727877857362,0.20726979996981218,0.7211698056434744,0.6374714375396493,0.6948385390844948,0.18666666666666665,0.30833333333333335,0.6542417770168922,0.7181663837011883,0.7819775844351753
environment_predictor_test,in_domain,,,env__v~normanweissman2019%5Ffiltered__v~k562__v~rna__v~baseline,norman_k562,identity_free_shared,raw_normalized_uq,144.0,0.38505874552574615,0.15396036889134213,0.23109837663440402,0.47526163019372114,0.3819881561267653,0.39046917419327043,0.3809503931284061,0.13888888888888884,0.13793103448275867,1.7228013995642424,0.5027100271002711,0.8453978335000517
environment_predictor_test,in_domain,,,env__v~replogleweissman2022%5Fk562%5Fessential__v~k562__v~rna__v~essential%5Fgene%5Fscreen,replogle_k562_essential,identity_free_shared,raw_normalized_uq,279.0,0.7538730574208709,0.5452544987238894,0.20861855869698143,0.27926515478750014,0.7693404845219682,0.7762835267496576,0.7775403451915842,0.5571428571428572,0.5491071428571428,0.7751775237490229,0.4943410852713178,0.5151449873154945
environment_predictor_test,in_domain,,,env__v~replogleweissman2022%5Frpe1__v~rpe1__v~rna__v~baseline,replogle_rpe1,identity_free_shared,raw_normalized_uq,99.0,0.8399819921106988,0.6756011572799809,0.16438083483071786,0.2338024387075987,0.8694694798346718,0.8157813108615699,0.8511753702935018,0.62,0.6875,0.7721946413399249,0.5993460764587526,0.352778795193277
environment_predictor_test,in_domain,,,env__v~tiankampmann2021%5Fcrispra__v~ipsc-induced%5Fneuron__v~rna__v~baseline,tian_neuron_crispra,identity_free_shared,raw_normalized_uq,60.0,0.5334172839774977,0.4082545912481034,0.12516269272939423,0.23790831410657257,0.5429724515573561,0.5437293770829217,0.533050306083625,0.033333333333333326,0.0625,0.7238416147026108,0.5870535714285714,0.9200944464824553
environment_predictor_test,in_domain,,,env__v~tiankampmann2021%5Fcrispri__v~ipsc-induced%5Fneuron__v~rna__v~baseline,tian_neuron_crispri,identity_free_shared,raw_normalized_uq,114.0,0.5260323268071024,0.47955939323123536,0.04647293357586707,0.05876352540675049,0.5379503317239948,0.5174548998755443,0.5224749306603306,0.0,0.0,0.24277859522666795,0.9734513274336283,0.9997657306984276
environment_predictor_test,in_domain,,,env__v~frangiehizar2021%5Frna__v~patient-derived%5Fmelanoma__v~rna__v~co-culture,frangieh_melanoma_coculture,identity_free_shared,u_only_rf,150.0,0.8089050914960959,0.7384547946655021,0.07045029683059378,0.19384201006911753,0.8490473596482163,0.7841736973221323,0.8250137695889872,0.43999999999999995,0.5916666666666667,0.563554899910067,0.7465,0.54790201176606
environment_predictor_test,in_domain,,,env__v~frangiehizar2021%5Frna__v~patient-derived%5Fmelanoma__v~rna__v~control,frangieh_melanoma_control,identity_free_shared,u_only_rf,150.0,0.7325100655130501,0.6598725530921195,0.07263751242093064,0.19875771792568359,0.7888860225243175,0.7230336120718625,0.7658588188364692,0.30666666666666664,0.44166666666666665,0.5843070051334743,0.7726383205835261,0.7310236431829624
environment_predictor_test,in_domain,,,env__v~frangiehizar2021%5Frna__v~patient-derived%5Fmelanoma__v~rna__v~ifn%CE%B3,frangieh_melanoma_ifng,identity_free_shared,u_only_rf,150.0,0.6504867104685277,0.5572860846641202,0.09320062580440747,0.22197382933592488,0.7211698056434744,0.6391700926462578,0.7048734369623073,0.18666666666666665,0.35,0.6486179408828605,0.6976985474438785,0.7766413934171026
environment_predictor_test,in_domain,,,env__v~normanweissman2019%5Ffiltered__v~k562__v~rna__v~baseline,norman_k562,identity_free_shared,u_only_rf,144.0,0.3280219683703946,0.15396036889134213,0.17406159947905248,0.16979204947605997,0.3819881561267653,0.31557464892652864,0.3635385442469115,0.09722222222222221,0.1293103448275862,0.5272438391113093,0.5878823073945025,0.8694796983321512
environment_predictor_test,in_domain,,,env__v~replogleweissman2022%5Fk562%5Fessential__v~k562__v~rna__v~essential%5Fgene%5Fscreen,replogle_k562_essential,identity_free_shared,u_only_rf,279.0,0.7067898051491142,0.5452544987238894,0.16153530642522473,0.23886270089587258,0.7693404845219682,0.7305189386126955,0.7489374776059828,0.47857142857142854,0.5,0.6685594509170254,0.6091472868217054,0.5995118548962733
environment_predictor_test,in_domain,,,env__v~replogleweissman2022%5Frpe1__v~rpe1__v~rna__v~baseline,replogle_rpe1,identity_free_shared,u_only_rf,99.0,0.8779470218617677,0.6756011572799809,0.20234586458178672,0.21692717699138625,0.8694694798346718,0.8723032274402932,0.874974350104001,0.7,0.725,0.6238534566354185,0.5352112676056338,0.30945656870021043
environment_predictor_test,in_domain,,,env__v~tiankampmann2021%5Fcrispra__v~ipsc-induced%5Fneuron__v~rna__v~baseline,tian_neuron_crispra,identity_free_shared,u_only_rf,60.0,0.5186768018693254,0.4082545912481034,0.11042221062122198,0.16046185196973856,0.5429724515573561,0.4972426915138514,0.5193794748947432,0.09999999999999998,0.0625,0.5097435184066575,0.3370535714285714,0.8948654258609217
environment_predictor_test,in_domain,,,env__v~tiankampmann2021%5Fcrispri__v~ipsc-induced%5Fneuron__v~rna__v~baseline,tian_neuron_crispri,identity_free_shared,u_only_rf,114.0,0.5117883449831605,0.47955939323123536,0.03222895175192514,0.07633877008157626,0.5379503317239948,0.4996245441036038,0.5263012927058803,0.0,0.0,0.250675865359343,0.911504424778761,0.9991912644757388
environment_predictor_test,in_domain,,,env__v~frangiehizar2021%5Frna__v~patient-derived%5Fmelanoma__v~rna__v~co-culture,frangieh_melanoma_coculture,identity_free_shared,u_p_rf,150.0,0.7888814382707068,0.7384547946655021,0.05042664360520466,0.17123603943797464,0.8490473596482163,0.7767942148615525,0.8218021116822248,0.42666666666666664,0.5833333333333333,0.511173996799766,0.8194,0.6135217325799099
environment_predictor_test,in_domain,,,env__v~frangiehizar2021%5Frna__v~patient-derived%5Fmelanoma__v~rna__v~control,frangieh_melanoma_control,identity_free_shared,u_p_rf,150.0,0.7334143979543586,0.6598725530921195,0.07354184486223914,0.1860014971335306,0.7888860225243175,0.7203424882951415,0.7548492244102111,0.29333333333333333,0.4083333333333333,0.5506880146182213,0.7854474292830458,0.7255965913002599
environment_predictor_test,in_domain,,,env__v~frangiehizar2021%5Frna__v~patient-derived%5Fmelanoma__v~rna__v~ifn%CE%B3,frangieh_melanoma_ifng,identity_free_shared,u_p_rf,150.0,0.6417620760106755,0.5572860846641202,0.08447599134655526,0.1972375649030195,0.7211698056434744,0.6342361191272827,0.6879787858422991,0.17333333333333334,0.29166666666666663,0.6062168553875279,0.7535370684776457,0.7980588425503408
environment_predictor_test,in_domain,,,env__v~normanweissman2019%5Ffiltered__v~k562__v~rna__v~baseline,norman_k562,identity_free_shared,u_p_rf,144.0,0.2637567650365452,0.15396036889134213,0.10979639614520309,0.1398376182216473,0.3819881561267653,0.2685356109499967,0.35370441219884496,0.09722222222222221,0.13793103448275867,0.44756652961531074,0.6070460704607046,0.8997036484973431
environment_predictor_test,in_domain,,,env__v~replogleweissman2022%5Fk562%5Fessential__v~k562__v~rna__v~essential%5Fgene%5Fscreen,replogle_k562_essential,identity_free_shared,u_p_rf,279.0,0.673434531952007,0.5452544987238894,0.12818003322811755,0.22763095691201216,0.7693404845219682,0.7135477377400604,0.7385571125379524,0.4357142857142857,0.4732142857142857,0.6430611411457549,0.6592764857881136,0.6454137027863567
environment_predictor_test,in_domain,,,env__v~replogleweissman2022%5Frpe1__v~rpe1__v~rna__v~baseline,replogle_rpe1,identity_free_shared,u_p_rf,99.0,0.8193584958435088,0.6756011572799809,0.1437573385635279,0.17981975911318523,0.8694694798346718,0.8368340937870639,0.8568651680730868,0.62,0.6625,0.5378734980269045,0.7208249496981892,0.5074391288163551
environment_predictor_test,in_domain,,,env__v~tiankampmann2021%5Fcrispra__v~ipsc-induced%5Fneuron__v~rna__v~baseline,tian_neuron_crispra,identity_free_shared,u_p_rf,60.0,0.5189107450114889,0.4082545912481034,0.1106561537633855,0.2065639707296477,0.5429724515573561,0.49849619743446566,0.5190111838930483,0.09999999999999998,0.0625,0.6038659040691037,0.3147321428571429,0.8933821177428436
environment_predictor_test,in_domain,,,env__v~tiankampmann2021%5Fcrispri__v~ipsc-induced%5Fneuron__v~rna__v~baseline,tian_neuron_crispri,identity_free_shared,u_p_rf,114.0,0.5096800605035491,0.47955939323123536,0.030120667272313717,0.04889575445081517,0.5379503317239948,0.5058363313969325,0.5193769838739353,0.0,0.0,0.16992470107934507,0.9823008849557522,0.9998440576341001
environment_predictor_test,in_domain,,,env__v~frangiehizar2021%5Frna__v~patient-derived%5Fmelanoma__v~rna__v~co-culture,frangieh_melanoma_coculture,identity_free_shared,u_ps_rf,150.0,0.7873397538519713,0.7384547946655021,0.04888495918646918,0.17140704007475893,0.8490473596482163,0.7739844349574623,0.8227384734132603,0.41333333333333333,0.5833333333333333,0.5120017676150832,0.813,0.6159901670449887
environment_predictor_test,in_domain,,,env__v~frangiehizar2021%5Frna__v~patient-derived%5Fmelanoma__v~rna__v~control,frangieh_melanoma_control,identity_free_shared,u_ps_rf,150.0,0.7322650731536147,0.6598725530921195,0.07239252006149521,0.1862460335241215,0.7888860225243175,0.7167629382479317,0.7550153248295868,0.28,0.4083333333333333,0.5507079331489902,0.7847358121330724,0.7279480253591596
environment_predictor_test,in_domain,,,env__v~frangiehizar2021%5Frna__v~patient-derived%5Fmelanoma__v~rna__v~ifn%CE%B3,frangieh_melanoma_ifng,identity_free_shared,u_ps_rf,150.0,0.6422752079912428,0.5572860846641202,0.0849891233271226,0.1965176604459054,0.7211698056434744,0.6342361191272826,0.6860966535850963,0.17333333333333334,0.2833333333333333,0.597655273210787,0.755612148651198,0.7961981157597603
environment_predictor_test,in_domain,,,env__v~normanweissman2019%5Ffiltered__v~k562__v~rna__v~baseline,norman_k562,identity_free_shared,u_ps_rf,144.0,0.2473995565609798,0.15396036889134213,0.09343918766963769,0.13131454197383668,0.3819881561267653,0.23693153940640466,0.3365763880479054,0.09722222222222221,0.13793103448275867,0.42474356960701876,0.6349206349206349,0.9122654627650872
environment_predictor_test,in_domain,,,env__v~replogleweissman2022%5Fk562%5Fessential__v~k562__v~rna__v~essential%5Fgene%5Fscreen,replogle_k562_essential,identity_free_shared,u_ps_rf,279.0,0.680739413930684,0.5452544987238894,0.13548491520679462,0.2305566626735171,0.7693404845219682,0.7204362616484462,0.7418457034304755,0.4571428571428572,0.4821428571428571,0.6514449112234447,0.6456847545219637,0.6289090713515353
environment_predictor_test,in_domain,,,env__v~replogleweissman2022%5Frpe1__v~rpe1__v~rna__v~baseline,replogle_rpe1,identity_free_shared,u_ps_rf,99.0,0.811780767143389,0.6756011572799809,0.13617960986340805,0.1840634550447982,0.8694694798346718,0.8269231906504559,0.8573331292177153,0.6,0.6625,0.5478909636773203,0.7354124748490946,0.5192806667160419
environment_predictor_test,in_domain,,,env__v~tiankampmann2021%5Fcrispra__v~ipsc-induced%5Fneuron__v~rna__v~baseline,tian_neuron_crispra,identity_free_shared,u_ps_rf,60.0,0.5196396747775696,0.4082545912481034,0.11138508352946613,0.21216849372288674,0.5429724515573561,0.49849619743446566,0.5211826686677078,0.09999999999999998,0.0625,0.6149448535594958,0.3147321428571429,0.8933821177428436
environment_predictor_test,in_domain,,,env__v~tiankampmann2021%5Fcrispri__v~ipsc-induced%5Fneuron__v~rna__v~baseline,tian_neuron_crispri,identity_free_shared,u_ps_rf,114.0,0.5099280235072445,0.47955939323123536,0.030368630276009168,0.048291883520027334,0.5379503317239948,0.5054117532769288,0.5207050080727708,0.0,0.0,0.17164885399165647,0.9734513274336283,0.9997650437276526
environment_predictor_test,in_domain,,,env__v~frangiehizar2021%5Frna__v~patient-derived%5Fmelanoma__v~rna__v~co-culture,frangieh_melanoma_coculture,identity_free_shared,u_psn_rf,150.0,0.7888515661602243,0.7384547946655021,0.050396771494722215,0.17166957495283622,0.8490473596482163,0.7705901182861642,0.8227384734132601,0.4,0.5833333333333333,0.5121322240322127,0.8108,0.6074564499796713
environment_predictor_test,in_domain,,,env__v~frangiehizar2021%5Frna__v~patient-derived%5Fmelanoma__v~rna__v~control,frangieh_melanoma_control,identity_free_shared,u_psn_rf,150.0,0.732404049916114,0.6598725530921195,0.07253149682399451,0.1874964441230926,0.7888860225243175,0.7167629382479317,0.7555034696788334,0.28,0.4083333333333333,0.5533912550616287,0.7820672478206725,0.7266718448201145
environment_predictor_test,in_domain,,,env__v~frangiehizar2021%5Frna__v~patient-derived%5Fmelanoma__v~rna__v~ifn%CE%B3,frangieh_melanoma_ifng,identity_free_shared,u_psn_rf,150.0,0.6404020498861204,0.5572860846641202,0.08311596522200015,0.1948896245732343,0.7211698056434744,0.6342361191272826,0.6860966535850962,0.17333333333333334,0.2833333333333333,0.5940596828858128,0.7601395963025844,0.8045057793900592
environment_predictor_test,in_domain,,,env__v~normanweissman2019%5Ffiltered__v~k562__v~rna__v~baseline,norman_k562,identity_free_shared,u_psn_rf,144.0,0.24951815682769324,0.15396036889134213,0.09555778793635111,0.1311104407838812,0.3819881561267653,0.21833712760352683,0.33622726345316284,0.06944444444444442,0.13793103448275867,0.4226474076962425,0.6593108788230738,0.913488230832487
environment_predictor_test,in_domain,,,env__v~replogleweissman2022%5Fk562%5Fessential__v~k562__v~rna__v~essential%5Fgene%5Fscreen,replogle_k562_essential,identity_free_shared,u_psn_rf,279.0,0.6852482356962827,0.5452544987238894,0.13999373697239326,0.2327200606495494,0.7693404845219682,0.7258683087435975,0.7437884452606693,0.4642857142857143,0.4866071428571429,0.6566376935502135,0.6333850129198967,0.6138149550286534
environment_predictor_test,in_domain,,,env__v~replogleweissman2022%5Frpe1__v~rpe1__v~rna__v~baseline,replogle_rpe1,identity_free_shared,u_psn_rf,99.0,0.817681829344591,0.6756011572799809,0.14208067206461006,0.18611709965676848,0.8694694798346718,0.8363144334690357,0.8573331292177153,0.64,0.6625,0.5506645721363597,0.7137826961770624,0.4843487321296454
environment_predictor_test,in_domain,,,env__v~tiankampmann2021%5Fcrispra__v~ipsc-induced%5Fneuron__v~rna__v~baseline,tian_neuron_crispra,identity_free_shared,u_psn_rf,60.0,0.5194485461372077,0.4082545912481034,0.11119395488910427,0.21247378798042227,0.5429724515573561,0.49849619743446566,0.5222957314801019,0.09999999999999998,0.0625,0.6170782880412394,0.3147321428571429,0.8933821177428436
environment_predictor_test,in_domain,,,env__v~tiankampmann2021%5Fcrispri__v~ipsc-induced%5Fneuron__v~rna__v~baseline,tian_neuron_crispri,identity_free_shared,u_psn_rf,114.0,0.5113664078478142,0.47955939323123536,0.03180701461657881,0.049616616031693456,0.5379503317239948,0.5058363313969325,0.5207050080727708,0.0,0.0,0.17436410894404303,0.9734513274336283,0.9997650437276526
environment_predictor_test,leave_environment_out,env__v~frangiehizar2021%5Frna__v~patient-derived%5Fmelanoma__v~rna__v~co-culture,,env__v~frangiehizar2021%5Frna__v~patient-derived%5Fmelanoma__v~rna__v~co-culture,frangieh_melanoma_coculture,identity_free_shared,best_scalar_uq,150.0,0.8651277255682267,0.7384547946655021,0.12667293090272458,0.23664694280078896,0.8490473596482163,0.8637734045589959,0.8324545489988775,0.7866666666666666,0.6916666666666667,0.6814978598152505,0.4498729498729499,0.28624249041161615
environment_predictor_test,leave_environment_out,env__v~frangiehizar2021%5Frna__v~patient-derived%5Fmelanoma__v~rna__v~control,,env__v~frangiehizar2021%5Frna__v~patient-derived%5Fmelanoma__v~rna__v~control,frangieh_melanoma_control,identity_free_shared,best_scalar_uq,150.0,0.7572340011147325,0.6598725530921195,0.09736144802261304,0.24408078895463514,0.7888860225243175,0.7621635457715183,0.7710590427627733,0.42666666666666664,0.45833333333333337,0.688765476872224,0.6806445868945868,0.6797670191387777
environment_predictor_test,leave_environment_out,env__v~frangiehizar2021%5Frna__v~patient-derived%5Fmelanoma__v~rna__v~ifn%CE%B3,,env__v~frangiehizar2021%5Frna__v~patient-derived%5Fmelanoma__v~rna__v~ifn%CE%B3,frangieh_melanoma_ifng,identity_free_shared,best_scalar_uq,150.0,0.6546599454849795,0.5572860846641202,0.0973738608208593,0.26375209571711633,0.7211698056434744,0.6421443598518677,0.6987342428924054,0.19999999999999996,0.30833333333333335,0.7439228121591648,0.6945859271835504,0.7664025382265438
environment_predictor_test,leave_environment_out,env__v~normanweissman2019%5Ffiltered__v~k562__v~rna__v~baseline,,env__v~normanweissman2019%5Ffiltered__v~k562__v~rna__v~baseline,norman_k562,identity_free_shared,best_scalar_uq,144.0,0.36933014112255147,0.15396036889134213,0.21536977223120934,0.23342902233597218,0.3819881561267653,0.32584481681763644,0.379803840546764,0.09722222222222221,0.1293103448275862,1.1337746856755926,0.5818815331010453,0.8716116069821724
environment_predictor_test,leave_environment_out,env__v~replogleweissman2022%5Fk562%5Fessential__v~k562__v~rna__v~essential%5Fgene%5Fscreen,,env__v~replogleweissman2022%5Fk562%5Fessential__v~k562__v~rna__v~essential%5Fgene%5Fscreen,replogle_k562_essential,identity_free_shared,best_scalar_uq,279.0,0.6870706399209006,0.5452544987238894,0.14181614119701114,0.30424869697707946,0.7693404845219682,0.721635564307965,0.7557527011933866,0.4928571428571429,0.5401785714285714,0.8278505172964095,0.6324667852285805,0.5878098367764308
environment_predictor_test,leave_environment_out,env__v~replogleweissman2022%5Frpe1__v~rpe1__v~rna__v~baseline,,env__v~replogleweissman2022%5Frpe1__v~rpe1__v~rna__v~baseline,replogle_rpe1,identity_free_shared,best_scalar_uq,99.0,0.8518995930529251,0.6756011572799809,0.17629843577294413,0.24141615113068407,0.8694694798346718,0.860474394549577,0.8606104751727083,0.6799999999999999,0.6875,0.9418619839357678,0.6116700201207244,0.3831158925555568
environment_predictor_test,leave_environment_out,env__v~tiankampmann2021%5Fcrispra__v~ipsc-induced%5Fneuron__v~rna__v~baseline,,env__v~tiankampmann2021%5Fcrispra__v~ipsc-induced%5Fneuron__v~rna__v~baseline,tian_neuron_crispra,identity_free_shared,best_scalar_uq,60.0,0.5146266567252227,0.4082545912481034,0.10637206547711925,0.17430977430736683,0.5429724515573561,0.5282742673923163,0.5189363443109297,0.033333333333333326,0.04166666666666663,0.5574118093387007,0.52046783625731,0.9295584155080502
environment_predictor_test,leave_environment_out,env__v~tiankampmann2021%5Fcrispri__v~ipsc-induced%5Fneuron__v~rna__v~baseline,,env__v~tiankampmann2021%5Fcrispri__v~ipsc-induced%5Fneuron__v~rna__v~baseline,tian_neuron_crispri,identity_free_shared,best_scalar_uq,114.0,0.5141825251448531,0.47955939323123536,0.03462313191361771,0.08395970113539446,0.5379503317239948,0.4990497300541837,0.5230875181414509,0.0,0.0,0.28070423609360007,,
environment_predictor_test,leave_environment_out,env__v~frangiehizar2021%5Frna__v~patient-derived%5Fmelanoma__v~rna__v~co-culture,,env__v~frangiehizar2021%5Frna__v~patient-derived%5Fmelanoma__v~rna__v~co-culture,frangieh_melanoma_coculture,identity_free_shared,isotonic,150.0,0.8594635316900155,0.7384547946655021,0.12100873702451342,0.23172703245158824,0.8490473596482163,0.8481046701692906,0.82764103405236,0.7333333333333334,0.6833333333333333,0.6491052553259444,0.44236544236544234,0.2705549640884906
environment_predictor_test,leave_environment_out,env__v~frangiehizar2021%5Frna__v~patient-derived%5Fmelanoma__v~rna__v~control,,env__v~frangiehizar2021%5Frna__v~patient-derived%5Fmelanoma__v~rna__v~control,frangieh_melanoma_control,identity_free_shared,isotonic,150.0,0.7427557812550938,0.6598725530921195,0.08288322816297433,0.22398758393259602,0.7888860225243175,0.7250356548398477,0.7680820480150942,0.31999999999999995,0.44999999999999996,0.6374611888474216,0.6701388888888888,0.6260605622353566
environment_predictor_test,leave_environment_out,env__v~frangiehizar2021%5Frna__v~patient-derived%5Fmelanoma__v~rna__v~ifn%CE%B3,,env__v~frangiehizar2021%5Frna__v~patient-derived%5Fmelanoma__v~rna__v~ifn%CE%B3,frangieh_melanoma_ifng,identity_free_shared,isotonic,150.0,0.6384856559200701,0.5572860846641202,0.0811995712559499,0.22210644106744187,0.7211698056434744,0.6438608586909343,0.6958007324465098,0.19999999999999996,0.30833333333333335,0.6388228589798056,0.7013770986606301,0.7553343740506627
environment_predictor_test,leave_environment_out,env__v~normanweissman2019%5Ffiltered__v~k562__v~rna__v~baseline,,env__v~normanweissman2019%5Ffiltered__v~k562__v~rna__v~baseline,norman_k562,identity_free_shared,isotonic,144.0,0.36958651249013635,0.15396036889134213,0.21562614359879423,0.19942432248578626,0.3819881561267653,0.32282607394684404,0.3798038405467641,0.09722222222222221,0.1293103448275862,0.9956081744112244,0.5764614789005034,0.868309863687986
environment_predictor_test,leave_environment_out,env__v~replogleweissman2022%5Fk562%5Fessential__v~k562__v~rna__v~essential%5Fgene%5Fscreen,,env__v~replogleweissman2022%5Fk562%5Fessential__v~k562__v~rna__v~essential%5Fgene%5Fscreen,replogle_k562_essential,identity_free_shared,isotonic,279.0,0.7096015081259934,0.5452544987238894,0.164347009402104,0.3432377331923993,0.7693404845219682,0.7316649374617299,0.7557527011933864,0.5142857142857142,0.5401785714285714,0.9495052559157298,0.614604038079297,0.5244120250183661
environment_predictor_test,leave_environment_out,env__v~replogleweissman2022%5Frpe1__v~rpe1__v~rna__v~baseline,,env__v~replogleweissman2022%5Frpe1__v~rpe1__v~rna__v~baseline,replogle_rpe1,identity_free_shared,isotonic,99.0,0.8441265222714365,0.6756011572799809,0.16852536499145554,0.20694630369179076,0.8694694798346718,0.8542081775060859,0.8664635991598789,0.7,0.7,0.6028606762520655,0.55658953722334,0.31552669552669554
environment_predictor_test,leave_environment_out,env__v~tiankampmann2021%5Fcrispra__v~ipsc-induced%5Fneuron__v~rna__v~baseline,,env__v~tiankampmann2021%5Fcrispra__v~ipsc-induced%5Fneuron__v~rna__v~baseline,tian_neuron_crispra,identity_free_shared,isotonic,60.0,0.5088140656288455,0.4082545912481034,0.10055947438074203,0.18226088527172832,0.5429724515573561,0.5127494493894857,0.5176472485854683,0.06666666666666665,0.04166666666666663,0.554916537707232,0.5029239766081872,0.9389442975166727
environment_predictor_test,leave_environment_out,env__v~tiankampmann2021%5Fcrispri__v~ipsc-induced%5Fneuron__v~rna__v~baseline,,env__v~tiankampmann2021%5Fcrispri__v~ipsc-induced%5Fneuron__v~rna__v~baseline,tian_neuron_crispri,identity_free_shared,isotonic,114.0,0.5119762109215427,0.47955939323123536,0.0324168176903073,0.09102676219228543,0.5379503317239948,0.49997823548429027,0.5222925208236198,0.0,0.0,0.32496776256961146,,
environment_predictor_test,leave_environment_out,env__v~frangiehizar2021%5Frna__v~patient-derived%5Fmelanoma__v~rna__v~co-culture,,env__v~frangiehizar2021%5Frna__v~patient-derived%5Fmelanoma__v~rna__v~co-culture,frangieh_melanoma_coculture,identity_free_shared,platt_logistic,150.0,0.8651277255682267,0.7384547946655021,0.12667293090272458,0.24033752167324407,0.8490473596482163,0.8637734045589959,0.8324545489988775,0.7866666666666666,0.6916666666666667,0.6734129917297248,0.4498729498729499,0.28624249041161615
environment_predictor_test,leave_environment_out,env__v~frangiehizar2021%5Frna__v~patient-derived%5Fmelanoma__v~rna__v~control,,env__v~frangiehizar2021%5Frna__v~patient-derived%5Fmelanoma__v~rna__v~control,frangieh_melanoma_control,identity_free_shared,platt_logistic,150.0,0.7572340011147325,0.6598725530921195,0.09736144802261304,0.22398397820998373,0.7888860225243175,0.7621635457715183,0.7710590427627733,0.42666666666666664,0.45833333333333337,0.638439820414985,0.6806445868945868,0.6797670191387777
environment_predictor_test,leave_environment_out,env__v~frangiehizar2021%5Frna__v~patient-derived%5Fmelanoma__v~rna__v~ifn%CE%B3,,env__v~frangiehizar2021%5Frna__v~patient-derived%5Fmelanoma__v~rna__v~ifn%CE%B3,frangieh_melanoma_ifng,identity_free_shared,platt_logistic,150.0,0.6546599454849795,0.5572860846641202,0.0973738608208593,0.22487457170788236,0.7211698056434744,0.6421443598518677,0.6987342428924054,0.19999999999999996,0.30833333333333335,0.6412707586257358,0.6945859271835504,0.7664025382265438
environment_predictor_test,leave_environment_out,env__v~normanweissman2019%5Ffiltered__v~k562__v~rna__v~baseline,,env__v~normanweissman2019%5Ffiltered__v~k562__v~rna__v~baseline,norman_k562,identity_free_shared,platt_logistic,144.0,0.36933014112255147,0.15396036889134213,0.21536977223120934,0.18056798461950518,0.3819881561267653,0.32584481681763644,0.379803840546764,0.09722222222222221,0.1293103448275862,0.5407366299614442,0.5818815331010453,0.8716116069821724
environment_predictor_test,leave_environment_out,env__v~replogleweissman2022%5Fk562%5Fessential__v~k562__v~rna__v~essential%5Fgene%5Fscreen,,env__v~replogleweissman2022%5Fk562%5Fessential__v~k562__v~rna__v~essential%5Fgene%5Fscreen,replogle_k562_essential,identity_free_shared,platt_logistic,279.0,0.6870706399209006,0.5452544987238894,0.14181614119701114,0.33379451496348456,0.7693404845219682,0.721635564307965,0.7557527011933866,0.4928571428571429,0.5401785714285714,0.9071788089222463,0.6324667852285805,0.5878098367764308
environment_predictor_test,leave_environment_out,env__v~replogleweissman2022%5Frpe1__v~rpe1__v~rna__v~baseline,,env__v~replogleweissman2022%5Frpe1__v~rpe1__v~rna__v~baseline,replogle_rpe1,identity_free_shared,platt_logistic,99.0,0.8518995930529251,0.6756011572799809,0.17629843577294413,0.21197702872629212,0.8694694798346718,0.860474394549577,0.8606104751727083,0.6799999999999999,0.6875,0.6148922831136042,0.6116700201207244,0.3831158925555568
environment_predictor_test,leave_environment_out,env__v~tiankampmann2021%5Fcrispra__v~ipsc-induced%5Fneuron__v~rna__v~baseline,,env__v~tiankampmann2021%5Fcrispra__v~ipsc-induced%5Fneuron__v~rna__v~baseline,tian_neuron_crispra,identity_free_shared,platt_logistic,60.0,0.5146266567252227,0.4082545912481034,0.10637206547711925,0.15392395483794807,0.5429724515573561,0.5282742673923163,0.5189363443109297,0.033333333333333326,0.04166666666666663,0.4933578508859618,0.52046783625731,0.9295584155080502
environment_predictor_test,leave_environment_out,env__v~tiankampmann2021%5Fcrispri__v~ipsc-induced%5Fneuron__v~rna__v~baseline,,env__v~tiankampmann2021%5Fcrispri__v~ipsc-induced%5Fneuron__v~rna__v~baseline,tian_neuron_crispri,identity_free_shared,platt_logistic,114.0,0.5141825251448531,0.47955939323123536,0.03462313191361771,0.1092254744490291,0.5379503317239948,0.4990497300541837,0.5230875181414509,0.0,0.0,0.3934454018475294,,
environment_predictor_test,leave_environment_out,env__v~frangiehizar2021%5Frna__v~patient-derived%5Fmelanoma__v~rna__v~co-culture,,env__v~frangiehizar2021%5Frna__v~patient-derived%5Fmelanoma__v~rna__v~co-culture,frangieh_melanoma_coculture,identity_free_shared,ptl_rf,150.0,0.7807927064925472,0.7384547946655021,0.04233791182704505,0.16873662664908506,0.8490473596482163,0.7696828021738645,0.8223997641642599,0.5333333333333333,0.6833333333333333,0.5075393155075901,0.7848232848232849,0.4967562250507681
environment_predictor_test,leave_environment_out,env__v~frangiehizar2021%5Frna__v~patient-derived%5Fmelanoma__v~rna__v~control,,env__v~frangiehizar2021%5Frna__v~patient-derived%5Fmelanoma__v~rna__v~control,frangieh_melanoma_control,identity_free_shared,ptl_rf,150.0,0.7457647229473524,0.6598725530921195,0.08589216985523296,0.21924237070691846,0.7888860225243175,0.745312935806383,0.7554431562416384,0.3866666666666667,0.41666666666666663,0.6187479057891926,0.717948717948718,0.6992064636904152
environment_predictor_test,leave_environment_out,env__v~frangiehizar2021%5Frna__v~patient-derived%5Fmelanoma__v~rna__v~ifn%CE%B3,,env__v~frangiehizar2021%5Frna__v~patient-derived%5Fmelanoma__v~rna__v~ifn%CE%B3,frangieh_melanoma_ifng,identity_free_shared,ptl_rf,150.0,0.6462802655777129,0.5572860846641202,0.08899418091359268,0.2609012612043556,0.7211698056434744,0.6389304299087448,0.6853998785796128,0.18666666666666665,0.29166666666666663,0.7390865549902622,0.746085644218072,0.7935921464975276
environment_predictor_test,leave_environment_out,env__v~normanweissman2019%5Ffiltered__v~k562__v~rna__v~baseline,,env__v~normanweissman2019%5Ffiltered__v~k562__v~rna__v~baseline,norman_k562,identity_free_shared,ptl_rf,144.0,0.3595408558247466,0.15396036889134213,0.20558048693340447,0.22272944035457046,0.3819881561267653,0.3501803809701791,0.38912304088691113,0.11111111111111116,0.14655172413793105,0.6354176701234905,0.5400696864111498,0.8722807756486493
environment_predictor_test,leave_environment_out,env__v~replogleweissman2022%5Fk562%5Fessential__v~k562__v~rna__v~essential%5Fgene%5Fscreen,,env__v~replogleweissman2022%5Fk562%5Fessential__v~k562__v~rna__v~essential%5Fgene%5Fscreen,replogle_k562_essential,identity_free_shared,ptl_rf,279.0,0.7246717427253878,0.5452544987238894,0.1794172440014984,0.23708693272371184,0.7693404845219682,0.757542249510358,0.7485907083718704,0.5357142857142857,0.5267857142857143,0.6662576045937074,0.5886075949367089,0.5488629828964163
environment_predictor_test,leave_environment_out,env__v~replogleweissman2022%5Frpe1__v~rpe1__v~rna__v~baseline,,env__v~replogleweissman2022%5Frpe1__v~rpe1__v~rna__v~baseline,replogle_rpe1,identity_free_shared,ptl_rf,99.0,0.8426640514688741,0.6756011572799809,0.1670628941888932,0.2645976904913461,0.8694694798346718,0.8570681386276128,0.8565020446442911,0.6599999999999999,0.675,0.7226225998763752,0.5990945674044266,0.35648789539793285
environment_predictor_test,leave_environment_out,env__v~tiankampmann2021%5Fcrispra__v~ipsc-induced%5Fneuron__v~rna__v~baseline,,env__v~tiankampmann2021%5Fcrispra__v~ipsc-induced%5Fneuron__v~rna__v~baseline,tian_neuron_crispra,identity_free_shared,ptl_rf,60.0,0.5277584002994284,0.4082545912481034,0.11950380905132502,0.19052144327443987,0.5429724515573561,0.5476458838370062,0.5333678393913995,0.033333333333333326,0.04166666666666663,0.5708784223522514,0.5497076023391814,0.9280422631942279
environment_predictor_test,leave_environment_out,env__v~tiankampmann2021%5Fcrispri__v~ipsc-induced%5Fneuron__v~rna__v~baseline,,env__v~tiankampmann2021%5Fcrispri__v~ipsc-induced%5Fneuron__v~rna__v~baseline,tian_neuron_crispri,identity_free_shared,ptl_rf,114.0,0.5141092696851868,0.47955939323123536,0.03454987645395141,0.26247242162761564,0.5379503317239948,0.5022243257235063,0.5225716980248708,0.0,0.0,0.7213494644717874,,
environment_predictor_test,leave_environment_out,env__v~frangiehizar2021%5Frna__v~patient-derived%5Fmelanoma__v~rna__v~co-culture,,env__v~frangiehizar2021%5Frna__v~patient-derived%5Fmelanoma__v~rna__v~co-culture,frangieh_melanoma_coculture,identity_free_shared,raw_normalized_uq,150.0,0.7971680464447951,0.7384547946655021,0.058713251779292985,0.2969663747534517,0.8490473596482163,0.772136736106805,0.8217435782108071,0.56,0.675,0.858426619954809,0.7140217140217141,0.4302111693031896
environment_predictor_test,leave_environment_out,env__v~frangiehizar2021%5Frna__v~patient-derived%5Fmelanoma__v~rna__v~control,,env__v~frangiehizar2021%5Frna__v~patient-derived%5Fmelanoma__v~rna__v~control,frangieh_melanoma_control,identity_free_shared,raw_normalized_uq,150.0,0.7545686401625836,0.6598725530921195,0.09469608707046417,0.23966523076923077,0.7888860225243175,0.7636314947140762,0.772777684264909,0.43999999999999995,0.4666666666666667,0.6821914815253416,0.6731659544159544,0.6766754780359439
environment_predictor_test,leave_environment_out,env__v~frangiehizar2021%5Frna__v~patient-derived%5Fmelanoma__v~rna__v~ifn%CE%B3,,env__v~frangiehizar2021%5Frna__v~patient-derived%5Fmelanoma__v~rna__v~ifn%CE%B3,frangieh_melanoma_ifng,identity_free_shared,raw_normalized_uq,150.0,0.6351697666298001,0.5572860846641202,0.07788368196567985,0.21208339683991262,0.7211698056434744,0.6374714375396495,0.6948385390844949,0.18666666666666665,0.30833333333333335,1.1713652180611127,0.7359932088285228,0.786019633502288
environment_predictor_test,leave_environment_out,env__v~normanweissman2019%5Ffiltered__v~k562__v~rna__v~baseline,,env__v~normanweissman2019%5Ffiltered__v~k562__v~rna__v~baseline,norman_k562,identity_free_shared,raw_normalized_uq,144.0,0.390436726012748,0.15396036889134213,0.23647635712140586,0.5018396805383049,0.3819881561267653,0.39046917419327043,0.398829784881717,0.13888888888888884,0.14655172413793105,3.2833333351819105,0.4909020518776616,0.8444804727036314
environment_predictor_test,leave_environment_out,env__v~replogleweissman2022%5Fk562%5Fessential__v~k562__v~rna__v~essential%5Fgene%5Fscreen,,env__v~replogleweissman2022%5Fk562%5Fessential__v~k562__v~rna__v~essential%5Fgene%5Fscreen,replogle_k562_essential,identity_free_shared,raw_normalized_uq,279.0,0.7565612939173613,0.5452544987238894,0.21130679519347184,0.2685588761458801,0.7693404845219682,0.786073994235852,0.7869728884917304,0.5857142857142856,0.5892857142857143,0.7502023509935087,0.49819541793074584,0.5033158903337626
environment_predictor_test,leave_environment_out,env__v~replogleweissman2022%5Frpe1__v~rpe1__v~rna__v~baseline,,env__v~replogleweissman2022%5Frpe1__v~rpe1__v~rna__v~baseline,replogle_rpe1,identity_free_shared,raw_normalized_uq,99.0,0.8345856619465231,0.6756011572799809,0.15898450466654213,0.2506764880640313,0.8694694798346718,0.811414247983635,0.8545089907602943,0.6,0.6875,1.330072299255829,0.631036217303823,0.3619226095830131
environment_predictor_test,leave_environment_out,env__v~tiankampmann2021%5Fcrispra__v~ipsc-induced%5Fneuron__v~rna__v~baseline,,env__v~tiankampmann2021%5Fcrispra__v~ipsc-induced%5Fneuron__v~rna__v~baseline,tian_neuron_crispra,identity_free_shared,raw_normalized_uq,60.0,0.5342906416833667,0.4082545912481034,0.12603605043526328,0.2360402004135603,0.5429724515573561,0.5437293770829217,0.533050306083625,0.033333333333333326,0.04166666666666663,0.7196926970926231,0.5497076023391813,0.9286640459012678
environment_predictor_test,leave_environment_out,env__v~tiankampmann2021%5Fcrispri__v~ipsc-induced%5Fneuron__v~rna__v~baseline,,env__v~tiankampmann2021%5Fcrispri__v~ipsc-induced%5Fneuron__v~rna__v~baseline,tian_neuron_crispri,identity_free_shared,raw_normalized_uq,114.0,0.5291786709551426,0.47955939323123536,0.04961927772390723,0.045944555230586305,0.5379503317239948,0.5224988087387168,0.5241294252706868,0.0,0.0,0.20341613647508672,,
environment_predictor_test,leave_environment_out,env__v~frangiehizar2021%5Frna__v~patient-derived%5Fmelanoma__v~rna__v~co-culture,,env__v~frangiehizar2021%5Frna__v~patient-derived%5Fmelanoma__v~rna__v~co-culture,frangieh_melanoma_coculture,identity_free_shared,u_only_rf,150.0,0.8006933134483902,0.7384547946655021,0.06223851878288811,0.22887434490959085,0.8490473596482163,0.7790655810175894,0.8220954474493024,0.5733333333333333,0.675,0.6405753229898856,0.7443982443982444,0.45209706281508877
environment_predictor_test,leave_environment_out,env__v~frangiehizar2021%5Frna__v~patient-derived%5Fmelanoma__v~rna__v~control,,env__v~frangiehizar2021%5Frna__v~patient-derived%5Fmelanoma__v~rna__v~control,frangieh_melanoma_control,identity_free_shared,u_only_rf,150.0,0.7721823398113973,0.6598725530921195,0.11230978671927783,0.27601078107224236,0.7888860225243175,0.8066036719522135,0.7754232703179514,0.56,0.4916666666666667,0.7661108748707208,0.5584045584045584,0.6132090583262665
environment_predictor_test,leave_environment_out,env__v~frangiehizar2021%5Frna__v~patient-derived%5Fmelanoma__v~rna__v~ifn%CE%B3,,env__v~frangiehizar2021%5Frna__v~patient-derived%5Fmelanoma__v~rna__v~ifn%CE%B3,frangieh_melanoma_ifng,identity_free_shared,u_only_rf,150.0,0.6562676706988056,0.5572860846641202,0.09898158603468543,0.24317528041522327,0.7211698056434744,0.6437553123036206,0.6995340235795304,0.19999999999999996,0.32499999999999996,0.6971420153059155,0.7002452367477835,0.7815484285813946
environment_predictor_test,leave_environment_out,env__v~normanweissman2019%5Ffiltered__v~k562__v~rna__v~baseline,,env__v~normanweissman2019%5Ffiltered__v~k562__v~rna__v~baseline,norman_k562,identity_free_shared,u_only_rf,144.0,0.3782965585071133,0.15396036889134213,0.22433618961577118,0.28445079566789233,0.3819881561267653,0.37365493823012264,0.38905766492206967,0.125,0.14655172413793105,0.8118677194130883,0.5412311265969804,0.853907364897634
environment_predictor_test,leave_environment_out,env__v~replogleweissman2022%5Fk562%5Fessential__v~k562__v~rna__v~essential%5Fgene%5Fscreen,,env__v~replogleweissman2022%5Fk562%5Fessential__v~k562__v~rna__v~essential%5Fgene%5Fscreen,replogle_k562_essential,identity_free_shared,u_only_rf,279.0,0.7079863952961459,0.5452544987238894,0.1627318965722565,0.2617447738533115,0.7693404845219682,0.7272557126211855,0.7487186599328058,0.4928571428571429,0.53125,0.7211600612452455,0.6365728632702164,0.5764501232078455
environment_predictor_test,leave_environment_out,env__v~replogleweissman2022%5Frpe1__v~rpe1__v~rna__v~baseline,,env__v~replogleweissman2022%5Frpe1__v~rpe1__v~rna__v~baseline,replogle_rpe1,identity_free_shared,u_only_rf,99.0,0.8978303506329093,0.6756011572799809,0.22222919335292834,0.27087767566210785,0.8694694798346718,0.8999403483226688,0.8788004751512615,0.76,0.7375,0.736418829706627,0.4366197183098592,0.25323156161239596
environment_predictor_test,leave_environment_out,env__v~tiankampmann2021%5Fcrispra__v~ipsc-induced%5Fneuron__v~rna__v~baseline,,env__v~tiankampmann2021%5Fcrispra__v~ipsc-induced%5Fneuron__v~rna__v~baseline,tian_neuron_crispra,identity_free_shared,u_only_rf,60.0,0.5228305504543261,0.4082545912481034,0.11457595920622271,0.28222842500785156,0.5429724515573561,0.5325131972442824,0.528637579819101,0.033333333333333326,0.04166666666666663,0.7715936760342026,0.5730994152046784,0.9292995299446944
environment_predictor_test,leave_environment_out,env__v~tiankampmann2021%5Fcrispri__v~ipsc-induced%5Fneuron__v~rna__v~baseline,,env__v~tiankampmann2021%5Fcrispri__v~ipsc-induced%5Fneuron__v~rna__v~baseline,tian_neuron_crispri,identity_free_shared,u_only_rf,114.0,0.5137509769073896,0.47955939323123536,0.034191583676154214,0.16110801965516866,0.5379503317239948,0.5060593632203301,0.5241294252706868,0.0,0.0,0.5004315098093789,,
environment_predictor_test,leave_environment_out,env__v~frangiehizar2021%5Frna__v~patient-derived%5Fmelanoma__v~rna__v~co-culture,,env__v~frangiehizar2021%5Frna__v~patient-derived%5Fmelanoma__v~rna__v~co-culture,frangieh_melanoma_coculture,identity_free_shared,u_p_rf,150.0,0.8025573554076774,0.7384547946655021,0.06410256074217524,0.19482651182510483,0.8490473596482163,0.782061273256701,0.8242481430647116,0.5733333333333333,0.6833333333333333,0.5668957347301173,0.7267267267267268,0.43022557420350055
environment_predictor_test,leave_environment_out,env__v~frangiehizar2021%5Frna__v~patient-derived%5Fmelanoma__v~rna__v~control,,env__v~frangiehizar2021%5Frna__v~patient-derived%5Fmelanoma__v~rna__v~control,frangieh_melanoma_control,identity_free_shared,u_p_rf,150.0,0.7510644438076203,0.6598725530921195,0.09119189071550082,0.20952769107804134,0.7888860225243175,0.7532042088245596,0.7596662030563146,0.4,0.43333333333333335,0.6001625456235412,0.7168803418803419,0.6995617071753184
environment_predictor_test,leave_environment_out,env__v~frangiehizar2021%5Frna__v~patient-derived%5Fmelanoma__v~rna__v~ifn%CE%B3,,env__v~frangiehizar2021%5Frna__v~patient-derived%5Fmelanoma__v~rna__v~ifn%CE%B3,frangieh_melanoma_ifng,identity_free_shared,u_p_rf,150.0,0.657802445610983,0.5572860846641202,0.10051636094686278,0.25176917657550213,0.7211698056434744,0.6485661831291927,0.6885137993122223,0.22666666666666668,0.29166666666666663,0.7247359036009866,0.708356913789851,0.7665487190850402
environment_predictor_test,leave_environment_out,env__v~normanweissman2019%5Ffiltered__v~k562__v~rna__v~baseline,,env__v~normanweissman2019%5Ffiltered__v~k562__v~rna__v~baseline,norman_k562,identity_free_shared,u_p_rf,144.0,0.356048930096329,0.15396036889134213,0.20208856120498686,0.2536729362678722,0.3819881561267653,0.36552178749406367,0.3906352946961322,0.125,0.14655172413793105,0.7031420527184676,0.5385210994967092,0.8775250960317014
environment_predictor_test,leave_environment_out,env__v~replogleweissman2022%5Fk562%5Fessential__v~k562__v~rna__v~essential%5Fgene%5Fscreen,,env__v~replogleweissman2022%5Fk562%5Fessential__v~k562__v~rna__v~essential%5Fgene%5Fscreen,replogle_k562_essential,identity_free_shared,u_p_rf,279.0,0.6825481057072864,0.5452544987238894,0.137293606983397,0.22950618140219925,0.7693404845219682,0.7189328250109541,0.7475052704882242,0.4928571428571429,0.53125,0.649206003435447,0.6352128883774454,0.5896760800023217
environment_predictor_test,leave_environment_out,env__v~replogleweissman2022%5Frpe1__v~rpe1__v~rna__v~baseline,,env__v~replogleweissman2022%5Frpe1__v~rpe1__v~rna__v~baseline,replogle_rpe1,identity_free_shared,u_p_rf,99.0,0.844452857894624,0.6756011572799809,0.16885170061464305,0.25301306232594845,0.8694694798346718,0.8570681386276128,0.8621991336099557,0.6599999999999999,0.675,0.6994597280492123,0.596076458752515,0.35377021842936107
environment_predictor_test,leave_environment_out,env__v~tiankampmann2021%5Fcrispra__v~ipsc-induced%5Fneuron__v~rna__v~baseline,,env__v~tiankampmann2021%5Fcrispra__v~ipsc-induced%5Fneuron__v~rna__v~baseline,tian_neuron_crispra,identity_free_shared,u_p_rf,60.0,0.5343164163571416,0.4082545912481034,0.12606182510903813,0.4583687485571564,0.5429724515573561,0.5434809324931549,0.5383410913736789,0.033333333333333326,0.04166666666666663,1.1706337598646657,0.5614035087719298,0.9370405819309566
environment_predictor_test,leave_environment_out,env__v~tiankampmann2021%5Fcrispri__v~ipsc-induced%5Fneuron__v~rna__v~baseline,,env__v~tiankampmann2021%5Fcrispri__v~ipsc-induced%5Fneuron__v~rna__v~baseline,tian_neuron_crispri,identity_free_shared,u_p_rf,114.0,0.5163933977553955,0.47955939323123536,0.036834004524160135,0.3355677322216956,0.5379503317239948,0.5090397200095247,0.5229306255422298,0.0,0.0,0.9218018726075987,,
environment_predictor_test,leave_environment_out,env__v~frangiehizar2021%5Frna__v~patient-derived%5Fmelanoma__v~rna__v~co-culture,,env__v~frangiehizar2021%5Frna__v~patient-derived%5Fmelanoma__v~rna__v~co-culture,frangieh_melanoma_coculture,identity_free_shared,u_ps_rf,150.0,0.7968605268832676,0.7384547946655021,0.05840573221776546,0.19409552539582933,0.8490473596482163,0.7768617881787455,0.8204607449889436,0.56,0.6833333333333333,0.5662356122219877,0.7489027489027489,0.44650597263974307
environment_predictor_test,leave_environment_out,env__v~frangiehizar2021%5Frna__v~patient-derived%5Fmelanoma__v~rna__v~control,,env__v~frangiehizar2021%5Frna__v~patient-derived%5Fmelanoma__v~rna__v~control,frangieh_melanoma_control,identity_free_shared,u_ps_rf,150.0,0.7575712291147451,0.6598725530921195,0.09769867602262561,0.21517276715366146,0.7888860225243175,0.765125559345694,0.7560142874051632,0.43999999999999995,0.42500000000000004,0.6110807947592808,0.6897257834757834,0.6672601506772242
environment_predictor_test,leave_environment_out,env__v~frangiehizar2021%5Frna__v~patient-derived%5Fmelanoma__v~rna__v~ifn%CE%B3,,env__v~frangiehizar2021%5Frna__v~patient-derived%5Fmelanoma__v~rna__v~ifn%CE%B3,frangieh_melanoma_ifng,identity_free_shared,u_ps_rf,150.0,0.6490212511517611,0.5572860846641202,0.0917351664876409,0.24438939713691524,0.7211698056434744,0.6419091387784174,0.6891222185057145,0.18666666666666665,0.29166666666666663,0.6980484116410235,0.7482550462176948,0.7946005437805927
environment_predictor_test,leave_environment_out,env__v~normanweissman2019%5Ffiltered__v~k562__v~rna__v~baseline,,env__v~normanweissman2019%5Ffiltered__v~k562__v~rna__v~baseline,norman_k562,identity_free_shared,u_ps_rf,144.0,0.3671900036664914,0.15396036889134213,0.21322963477514928,0.2622979123289264,0.3819881561267653,0.36390634458611065,0.39063529469613223,0.125,0.14655172413793105,0.7236222284930691,0.5311653116531165,0.8592637597545347
environment_predictor_test,leave_environment_out,env__v~replogleweissman2022%5Fk562%5Fessential__v~k562__v~rna__v~essential%5Fgene%5Fscreen,,env__v~replogleweissman2022%5Fk562%5Fessential__v~k562__v~rna__v~essential%5Fgene%5Fscreen,replogle_k562_essential,identity_free_shared,u_ps_rf,279.0,0.6874834666188236,0.5452544987238894,0.14222896789493422,0.22971207334961707,0.7693404845219682,0.7217708900591653,0.7495878376767859,0.4928571428571429,0.53125,0.6506549566834501,0.6399204937754995,0.5884737527030439
environment_predictor_test,leave_environment_out,env__v~replogleweissman2022%5Frpe1__v~rpe1__v~rna__v~baseline,,env__v~replogleweissman2022%5Frpe1__v~rpe1__v~rna__v~baseline,replogle_rpe1,identity_free_shared,u_ps_rf,99.0,0.8440340615241233,0.6756011572799809,0.16843290424414237,0.2052548901564611,0.8694694798346718,0.8523377529480318,0.8563722602730482,0.64,0.675,0.5957918260167804,0.5915492957746479,0.35305773955767134
environment_predictor_test,leave_environment_out,env__v~tiankampmann2021%5Fcrispra__v~ipsc-induced%5Fneuron__v~rna__v~baseline,,env__v~tiankampmann2021%5Fcrispra__v~ipsc-induced%5Fneuron__v~rna__v~baseline,tian_neuron_crispra,identity_free_shared,u_ps_rf,60.0,0.531568771610519,0.4082545912481034,0.12331418036241554,0.46406152706459086,0.5429724515573561,0.5433717674578432,0.5399944396614659,0.033333333333333326,0.04166666666666663,1.183066408595584,0.5672514619883042,0.9374128787282784
environment_predictor_test,leave_environment_out,env__v~tiankampmann2021%5Fcrispri__v~ipsc-induced%5Fneuron__v~rna__v~baseline,,env__v~tiankampmann2021%5Fcrispri__v~ipsc-induced%5Fneuron__v~rna__v~baseline,tian_neuron_crispri,identity_free_shared,u_ps_rf,114.0,0.5175817492274054,0.47955939323123536,0.03802235599617004,0.32080072954878813,0.5379503317239948,0.5119579348304953,0.523903003025827,0.0,0.0,0.8808318279224088,,
environment_predictor_test,leave_environment_out,env__v~frangiehizar2021%5Frna__v~patient-derived%5Fmelanoma__v~rna__v~co-culture,,env__v~frangiehizar2021%5Frna__v~patient-derived%5Fmelanoma__v~rna__v~co-culture,frangieh_melanoma_coculture,identity_free_shared,u_psn_rf,150.0,0.7952280760567517,0.7384547946655021,0.0567732813912496,0.19556657973948632,0.8490473596482163,0.7738051616122138,0.8220080347134265,0.5466666666666666,0.6833333333333333,0.5687677334142422,0.7470547470547471,0.4453863135940714
environment_predictor_test,leave_environment_out,env__v~frangiehizar2021%5Frna__v~patient-derived%5Fmelanoma__v~rna__v~control,,env__v~frangiehizar2021%5Frna__v~patient-derived%5Fmelanoma__v~rna__v~control,frangieh_melanoma_control,identity_free_shared,u_psn_rf,150.0,0.7587933392749701,0.6598725530921195,0.0989207861828506,0.2211612469240501,0.7888860225243175,0.7725900426750395,0.7602248339990643,0.45333333333333337,0.43333333333333335,0.6240144445162616,0.6787749287749287,0.661411449537468
environment_predictor_test,leave_environment_out,env__v~frangiehizar2021%5Frna__v~patient-derived%5Fmelanoma__v~rna__v~ifn%CE%B3,,env__v~frangiehizar2021%5Frna__v~patient-derived%5Fmelanoma__v~rna__v~ifn%CE%B3,frangieh_melanoma_ifng,identity_free_shared,u_psn_rf,150.0,0.6552377464530644,0.5572860846641202,0.09795166178894421,0.2526201951553076,0.7211698056434744,0.6447845995530914,0.6891222185057145,0.19999999999999996,0.29166666666666663,0.7183129720002629,0.7319373703074891,0.7853972422459983
environment_predictor_test,leave_environment_out,env__v~normanweissman2019%5Ffiltered__v~k562__v~rna__v~baseline,,env__v~normanweissman2019%5Ffiltered__v~k562__v~rna__v~baseline,norman_k562,identity_free_shared,u_psn_rf,144.0,0.3463558003266014,0.15396036889134213,0.19239543143525928,0.26521295957279917,0.3819881561267653,0.3671289596694971,0.3839075739021449,0.125,0.13793103448275867,0.7303446934384774,0.5408439798683702,0.8752613154540981
environment_predictor_test,leave_environment_out,env__v~replogleweissman2022%5Fk562%5Fessential__v~k562__v~rna__v~essential%5Fgene%5Fscreen,,env__v~replogleweissman2022%5Fk562%5Fessential__v~k562__v~rna__v~essential%5Fgene%5Fscreen,replogle_k562_essential,identity_free_shared,u_psn_rf,279.0,0.6928970186639505,0.5452544987238894,0.14764251994006106,0.22777778004014881,0.7693404845219682,0.7199502390429808,0.7448201963735175,0.47857142857142854,0.5223214285714286,0.6463100220438273,0.6424312166544617,0.5872475542112869
environment_predictor_test,leave_environment_out,env__v~replogleweissman2022%5Frpe1__v~rpe1__v~rna__v~baseline,,env__v~replogleweissman2022%5Frpe1__v~rpe1__v~rna__v~baseline,replogle_rpe1,identity_free_shared,u_psn_rf,99.0,0.8428526837668523,0.6756011572799809,0.16725152648687136,0.19964511032175686,0.8694694798346718,0.8523377529480317,0.8547740835355752,0.64,0.675,0.5833916591830456,0.6031187122736419,0.35703186863060987
environment_predictor_test,leave_environment_out,env__v~tiankampmann2021%5Fcrispra__v~ipsc-induced%5Fneuron__v~rna__v~baseline,,env__v~tiankampmann2021%5Fcrispra__v~ipsc-induced%5Fneuron__v~rna__v~baseline,tian_neuron_crispra,identity_free_shared,u_psn_rf,60.0,0.5313949635796698,0.4082545912481034,0.12314037233156633,0.4639511301169064,0.5429724515573561,0.5434809324931549,0.5361945245846491,0.033333333333333326,0.04166666666666663,1.1827029871801344,0.5614035087719298,0.9370405819309566
environment_predictor_test,leave_environment_out,env__v~tiankampmann2021%5Fcrispri__v~ipsc-induced%5Fneuron__v~rna__v~baseline,,env__v~tiankampmann2021%5Fcrispri__v~ipsc-induced%5Fneuron__v~rna__v~baseline,tian_neuron_crispri,identity_free_shared,u_psn_rf,114.0,0.5139208585461496,0.47955939323123536,0.034361465314914186,0.32284026349945405,0.5379503317239948,0.500104631530699,0.5239030030258273,0.0,0.0,0.8760890017701546,,
environment_predictor_test,leave_predictor_out,,mean_matching,env__v~frangiehizar2021%5Frna__v~patient-derived%5Fmelanoma__v~rna__v~co-culture,frangieh_melanoma_coculture,mean_matching,best_scalar_uq,50.0,0.7397026551461781,0.6787211852723664,0.0609814698738117,0.16000869696468747,0.7550347183999443,0.7524479188775937,0.754750249792928,0.16000000000000003,0.19999999999999996,0.5004298043556541,0.5,0.8
environment_predictor_test,leave_predictor_out,,strong_linear,env__v~frangiehizar2021%5Frna__v~patient-derived%5Fmelanoma__v~rna__v~co-culture,frangieh_melanoma_coculture,strong_linear,best_scalar_uq,50.0,0.8029110051256001,0.7635040250906219,0.03940698003497822,0.182985610476608,0.8420348245147903,0.7992626998321244,0.8222509680863199,0.6,0.65,0.5422476975689491,0.7073412698412699,0.4769598544034634
environment_predictor_test,leave_predictor_out,,slim_string,env__v~frangiehizar2021%5Frna__v~patient-derived%5Fmelanoma__v~rna__v~co-culture,frangieh_melanoma_coculture,slim_string,best_scalar_uq,50.0,0.9247600493781505,0.8647232642119446,0.06003678516620592,0.03335300332784681,0.9500725360299139,0.9443776538032739,0.9466058010543806,0.96,0.95,0.1525738709228375,0.6666666666666667,0.5285714285714286
environment_predictor_test,leave_predictor_out,,mean_matching,env__v~frangiehizar2021%5Frna__v~patient-derived%5Fmelanoma__v~rna__v~control,frangieh_melanoma_control,mean_matching,best_scalar_uq,50.0,0.7456517950796271,0.6026487313721755,0.14300306370745164,0.21420437148258087,0.7171454210472811,0.7334673359555294,0.7243946453737513,0.28,0.275,0.7170306104133902,0.5,0.76
environment_predictor_test,leave_predictor_out,,strong_linear,env__v~frangiehizar2021%5Frna__v~patient-derived%5Fmelanoma__v~rna__v~control,frangieh_melanoma_control,strong_linear,best_scalar_uq,50.0,0.7427987465954043,0.6720626208819184,0.07073612571348598,0.22794428192540736,0.777104416378988,0.7455939438306199,0.7671974102457835,0.31999999999999995,0.44999999999999996,0.6468219003491004,0.736,0.730451580878803
environment_predictor_test,leave_predictor_out,,slim_string,env__v~frangiehizar2021%5Frna__v~patient-derived%5Fmelanoma__v~rna__v~control,frangieh_melanoma_control,slim_string,best_scalar_uq,50.0,0.8158333571734394,0.7526906450990157,0.06314271207442368,0.20652319070790415,0.8724082301466838,0.8302056080623679,0.8626549192742325,0.56,0.7,0.7508614846892476,0.8108108108108109,0.7351241753415666
environment_predictor_test,leave_predictor_out,,mean_matching,env__v~frangiehizar2021%5Frna__v~patient-derived%5Fmelanoma__v~rna__v~ifn%CE%B3,frangieh_melanoma_ifng,mean_matching,best_scalar_uq,50.0,0.5608431762150446,0.49741679541617256,0.06342638079887208,0.1671399923811714,0.6375559511946086,0.5546442620780124,0.6250904988531991,0.040000000000000036,0.17500000000000004,0.6120923345968435,0.5,0.82
environment_predictor_test,leave_predictor_out,,strong_linear,env__v~frangiehizar2021%5Frna__v~patient-derived%5Fmelanoma__v~rna__v~ifn%CE%B3,frangieh_melanoma_ifng,strong_linear,best_scalar_uq,50.0,0.6484279170558694,0.5717684312323943,0.07665948582347515,0.27477398673173814,0.6974066282979335,0.6318905435144447,0.6575138916190191,0.16000000000000003,0.19999999999999996,0.749039463245248,0.6914285714285714,0.7786612268595563
environment_predictor_test,leave_predictor_out,,slim_string,env__v~frangiehizar2021%5Frna__v~patient-derived%5Fmelanoma__v~rna__v~ifn%CE%B3,frangieh_melanoma_ifng,slim_string,best_scalar_uq,50.0,0.7564075939463057,0.6714314665909243,0.0849761273553814,0.20240701075979842,0.8285468374378812,0.8004705096951179,0.8244941624053659,0.6799999999999999,0.725,0.7988555600462689,0.6632016632016632,0.5230166083263847
environment_predictor_test,leave_predictor_out,,mean_matching,env__v~normanweissman2019%5Ffiltered__v~k562__v~rna__v~baseline,norman_k562,mean_matching,best_scalar_uq,48.0,0.29682672515740893,0.12084042900526777,0.17598629615214118,0.11108803849904286,0.2966633274257894,0.22977092769302,0.26959363064090225,0.04166666666666663,0.10256410256410253,0.5636272994369707,0.6651162790697674,0.9202952197904508
environment_predictor_test,leave_predictor_out,,strong_linear,env__v~normanweissman2019%5Ffiltered__v~k562__v~rna__v~baseline,norman_k562,strong_linear,best_scalar_uq,48.0,0.5313444301960212,0.18967289876892068,0.3416715314271005,0.21660357324257826,0.447306349696184,0.5127412170091261,0.45414387337345447,0.20833333333333337,0.17948717948717952,0.7136256483881875,0.443019943019943,0.781613568809097
environment_predictor_test,leave_predictor_out,,slim_string,env__v~normanweissman2019%5Ffiltered__v~k562__v~rna__v~baseline,norman_k562,slim_string,best_scalar_uq,48.0,0.25235899457519395,0.17436390373908395,0.07799509083611,0.44002036778816783,0.4019947912583226,0.20838713797777775,0.3537173278934985,0.04166666666666663,0.1282051282051282,1.3407464392692097,0.7453125,0.9161180168149253
environment_predictor_test,leave_predictor_out,,mean_matching,env__v~replogleweissman2022%5Fk562%5Fessential__v~k562__v~rna__v~essential%5Fgene%5Fscreen,replogle_k562_essential,mean_matching,best_scalar_uq,93.0,0.7915159927765815,0.5770056142740173,0.21451037850256416,0.48395466820187066,0.7793714046364927,0.7738077197275167,0.7801945505356191,0.4893617021276596,0.5066666666666666,1.789588878624421,0.5,0.4838709677419355
environment_predictor_test,leave_predictor_out,,strong_linear,env__v~replogleweissman2022%5Fk562%5Fessential__v~k562__v~rna__v~essential%5Fgene%5Fscreen,replogle_k562_essential,strong_linear,best_scalar_uq,93.0,0.6908377178108327,0.5376240737491409,0.1532136440616918,0.25028792803646216,0.757343897686017,0.7305055190629692,0.7539658813239425,0.5106382978723405,0.52,0.692215886783814,0.5249999999999999,0.5840665013206402
environment_predictor_test,leave_predictor_out,,slim_string,env__v~replogleweissman2022%5Fk562%5Fessential__v~k562__v~rna__v~essential%5Fgene%5Fscreen,replogle_k562_essential,slim_string,best_scalar_uq,93.0,0.6336168861163093,0.5321191892393498,0.10149769687695953,0.253694625634429,0.7713061512433951,0.629693945741835,0.7363112327996655,0.34042553191489366,0.5066666666666666,0.7642533294144332,0.7787274453941121,0.7328118737643431
environment_predictor_test,leave_predictor_out,,mean_matching,env__v~replogleweissman2022%5Frpe1__v~rpe1__v~rna__v~baseline,replogle_rpe1,mean_matching,best_scalar_uq,33.0,0.8873168748112927,0.7215386449312239,0.16577822988006885,0.2567636706026258,0.859642898564754,0.8497048259500148,0.8688327582564279,0.5882352941176471,0.6296296296296297,0.7066896810269402,0.5,0.3939393939393939
environment_predictor_test,leave_predictor_out,,strong_linear,env__v~replogleweissman2022%5Frpe1__v~rpe1__v~rna__v~baseline,replogle_rpe1,strong_linear,best_scalar_uq,33.0,0.7672871050591274,0.6007485958133527,0.16653850924577474,0.2143465286303947,0.8292160957791618,0.7558480465934435,0.8113145102502094,0.47058823529411764,0.5555555555555556,0.6028063584013207,0.7380952380952381,0.5630623908255488
environment_predictor_test,leave_predictor_out,,slim_string,env__v~replogleweissman2022%5Frpe1__v~rpe1__v~rna__v~baseline,replogle_rpe1,slim_string,best_scalar_uq,33.0,0.9039883463028194,0.7578722046654124,0.14611614163740705,0.16947461229027255,0.9195494451600995,0.9328459225949453,0.9152350651721554,0.7647058823529411,0.8148148148148149,0.7676283126306057,0.654320987654321,0.40743145743145737
environment_predictor_test,leave_predictor_out,,mean_matching,env__v~tiankampmann2021%5Fcrispra__v~ipsc-induced%5Fneuron__v~rna__v~baseline,tian_neuron_crispra,mean_matching,best_scalar_uq,20.0,0.5176521073908924,0.3804257653013967,0.1372263420894957,0.04762378799531371,0.5087434064837357,0.48323909583265684,0.5126015514615948,0.0,0.0625,0.2000387601347978,0.5,0.95
environment_predictor_test,leave_predictor_out,,strong_linear,env__v~tiankampmann2021%5Fcrispra__v~ipsc-induced%5Fneuron__v~rna__v~baseline,tian_neuron_crispra,strong_linear,best_scalar_uq,20.0,0.45548620060784284,0.3869144285229442,0.06857177208489862,0.21815473409569539,0.5047267864697625,0.4490150415996072,0.482288705999332,0.0,0.0625,0.6308068359225929,0.7894736842105263,0.9885783861097532
environment_predictor_test,leave_predictor_out,,slim_string,env__v~tiankampmann2021%5Fcrispra__v~ipsc-induced%5Fneuron__v~rna__v~baseline,tian_neuron_crispra,slim_string,best_scalar_uq,20.0,0.5904673820003659,0.5019118722424825,0.0885555097578834,0.6778364862825147,0.6154471617185702,0.6213749693417056,0.6041722660224511,0.19999999999999996,0.125,2.03776773346578,0.20833333333333334,0.8191444472662223
environment_predictor_test,leave_predictor_out,,mean_matching,env__v~tiankampmann2021%5Fcrispri__v~ipsc-induced%5Fneuron__v~rna__v~baseline,tian_neuron_crispri,mean_matching,best_scalar_uq,38.0,0.5054552172286039,0.4617328981043422,0.043722319124261666,0.0002587526683868932,0.4999293473009634,0.49915610201122607,0.5052995260493006,0.0,0.0,0.01621657158924528,,
environment_predictor_test,leave_predictor_out,,strong_linear,env__v~tiankampmann2021%5Fcrispri__v~ipsc-induced%5Fneuron__v~rna__v~baseline,tian_neuron_crispri,strong_linear,best_scalar_uq,38.0,0.5077711772631756,0.4737235613134159,0.034047615949759635,0.17139233902954887,0.510458638748987,0.49065430734609666,0.5123026048040089,0.0,0.0,0.5238819565627146,,
environment_predictor_test,leave_predictor_out,,slim_string,env__v~tiankampmann2021%5Fcrispri__v~ipsc-induced%5Fneuron__v~rna__v~baseline,tian_neuron_crispri,slim_string,best_scalar_uq,38.0,0.5681345281955106,0.5376143623043681,0.03052016589114248,0.6770033755117836,0.6034630091220339,0.568998017850342,0.5959806022572937,0.052631578947368474,0.06451612903225812,2.163969344033035,0.4444444444444444,0.9540165280571111
environment_predictor_test,leave_predictor_out,,mean_matching,env__v~frangiehizar2021%5Frna__v~patient-derived%5Fmelanoma__v~rna__v~co-culture,frangieh_melanoma_coculture,mean_matching,isotonic,50.0,0.7397026551461781,0.6787211852723664,0.0609814698738117,0.16033057851239668,0.7550347183999443,0.7524479188775937,0.754750249792928,0.16000000000000003,0.19999999999999996,0.501486174817406,0.5,0.8
environment_predictor_test,leave_predictor_out,,strong_linear,env__v~frangiehizar2021%5Frna__v~patient-derived%5Fmelanoma__v~rna__v~co-culture,frangieh_melanoma_coculture,strong_linear,isotonic,50.0,0.8135205730673389,0.7635040250906219,0.05001654797671706,0.22275212874898118,0.8420348245147903,0.7982907105588499,0.8241941840770203,0.6,0.65,0.6353450367500583,0.6428571428571428,0.3738095238095238
environment_predictor_test,leave_predictor_out,,slim_string,env__v~frangiehizar2021%5Frna__v~patient-derived%5Fmelanoma__v~rna__v~co-culture,frangieh_melanoma_coculture,slim_string,isotonic,50.0,0.9307127253545469,0.8647232642119446,0.06598946114260229,0.07970487860666362,0.9500725360299139,0.9463433480656392,0.9426357385264487,0.96,0.95,0.31886686971523387,0.7239583333333334,0.27
environment_predictor_test,leave_predictor_out,,mean_matching,env__v~frangiehizar2021%5Frna__v~patient-derived%5Fmelanoma__v~rna__v~control,frangieh_melanoma_control,mean_matching,isotonic,50.0,0.7456517950796271,0.6026487313721755,0.14300306370745164,0.19377777777777772,0.7171454210472811,0.7334673359555294,0.7243946453737513,0.28,0.275,0.5923333660970553,0.5,0.76
environment_predictor_test,leave_predictor_out,,strong_linear,env__v~frangiehizar2021%5Frna__v~patient-derived%5Fmelanoma__v~rna__v~control,frangieh_melanoma_control,strong_linear,isotonic,50.0,0.7467274401832352,0.6720626208819184,0.07466481930131685,0.23132592267443697,0.777104416378988,0.7585927477966831,0.7629772982286108,0.36,0.42500000000000004,0.6555432561465057,0.7112,0.6980952380952381
environment_predictor_test,leave_predictor_out,,slim_string,env__v~frangiehizar2021%5Frna__v~patient-derived%5Fmelanoma__v~rna__v~control,frangieh_melanoma_control,slim_string,isotonic,50.0,0.8548695388978111,0.7526906450990157,0.10217889379879541,0.16268919141727917,0.8724082301466838,0.8950711436042509,0.8652274586949676,0.76,0.725,0.506579451541704,0.6538461538461539,0.4876923076923077
environment_predictor_test,leave_predictor_out,,mean_matching,env__v~frangiehizar2021%5Frna__v~patient-derived%5Fmelanoma__v~rna__v~ifn%CE%B3,frangieh_melanoma_ifng,mean_matching,isotonic,50.0,0.5608431762150446,0.49741679541617256,0.06342638079887208,0.1593877551020408,0.6375559511946086,0.5546442620780124,0.6250904988531991,0.040000000000000036,0.17500000000000004,0.5357988564967985,0.5,0.82
environment_predictor_test,leave_predictor_out,,strong_linear,env__v~frangiehizar2021%5Frna__v~patient-derived%5Fmelanoma__v~rna__v~ifn%CE%B3,frangieh_melanoma_ifng,strong_linear,isotonic,50.0,0.6225026044810716,0.5717684312323943,0.05073417324867735,0.2292278902047078,0.6974066282979335,0.6278385988770188,0.6524117533614637,0.16000000000000003,0.19999999999999996,0.651594634887411,0.6866666666666668,0.787843137254902
environment_predictor_test,leave_predictor_out,,slim_string,env__v~frangiehizar2021%5Frna__v~patient-derived%5Fmelanoma__v~rna__v~ifn%CE%B3,frangieh_melanoma_ifng,slim_string,isotonic,50.0,0.7513964319273724,0.6714314665909243,0.07996496533644804,0.17026316199559882,0.8285468374378812,0.7531087915888954,0.8080493181423881,0.56,0.675,0.5233670515967489,0.6288981288981288,0.40435897435897433
environment_predictor_test,leave_predictor_out,,mean_matching,env__v~normanweissman2019%5Ffiltered__v~k562__v~rna__v~baseline,norman_k562,mean_matching,isotonic,48.0,0.2865150036754793,0.12084042900526777,0.16567457467021152,0.11163700307409945,0.2966633274257894,0.22873030175933842,0.2791516727389896,0.04166666666666663,0.10256410256410253,0.5396351653142906,0.6906976744186046,0.9337442239478883
environment_predictor_test,leave_predictor_out,,strong_linear,env__v~normanweissman2019%5Ffiltered__v~k562__v~rna__v~baseline,norman_k562,strong_linear,isotonic,48.0,0.5042147486210059,0.18967289876892068,0.3145418498520852,0.20910066296731578,0.447306349696184,0.5713888123357688,0.46403662017106395,0.29166666666666663,0.20512820512820518,0.6394616479471528,0.43162393162393164,0.7975375774969016
environment_predictor_test,leave_predictor_out,,slim_string,env__v~normanweissman2019%5Ffiltered__v~k562__v~rna__v~baseline,norman_k562,slim_string,isotonic,48.0,0.24831060943490538,0.17436390373908395,0.07394670569582143,0.24789697697710486,0.4019947912583226,0.23020793471221065,0.3312036411068128,0.08333333333333337,0.10256410256410253,0.6968884471846278,0.765625,0.9226406926406927
environment_predictor_test,leave_predictor_out,,mean_matching,env__v~replogleweissman2022%5Fk562%5Fessential__v~k562__v~rna__v~essential%5Fgene%5Fscreen,replogle_k562_essential,mean_matching,isotonic,93.0,0.7915159927765815,0.5770056142740173,0.21451037850256416,0.4474983541803819,0.7793714046364927,0.7738077197275167,0.7801945505356191,0.4893617021276596,0.5066666666666666,1.3979528018112894,0.5,0.4838709677419355
environment_predictor_test,leave_predictor_out,,strong_linear,env__v~replogleweissman2022%5Fk562%5Fessential__v~k562__v~rna__v~essential%5Fgene%5Fscreen,replogle_k562_essential,strong_linear,isotonic,93.0,0.7933025376596746,0.5376240737491409,0.2556784639105337,0.2556814432540553,0.757343897686017,0.801408861974898,0.7539658813239424,0.574468085106383,0.52,0.7044008911110987,0.4946759259259259,0.4811340769093578
environment_predictor_test,leave_predictor_out,,slim_string,env__v~replogleweissman2022%5Fk562%5Fessential__v~k562__v~rna__v~essential%5Fgene%5Fscreen,replogle_k562_essential,slim_string,isotonic,93.0,0.6891301700676455,0.5321191892393498,0.1570109808282958,0.19832353184535784,0.7713061512433951,0.6617316111734601,0.7334615522387127,0.4042553191489362,0.52,0.5828320892660874,0.7395536562203229,0.602925646747923
environment_predictor_test,leave_predictor_out,,mean_matching,env__v~replogleweissman2022%5Frpe1__v~rpe1__v~rna__v~baseline,replogle_rpe1,mean_matching,isotonic,33.0,0.8873168748112927,0.7215386449312239,0.16577822988006885,0.271341756176523,0.859642898564754,0.8497048259500148,0.8688327582564279,0.5882352941176471,0.6296296296296297,0.7361923068877527,0.5,0.3939393939393939
environment_predictor_test,leave_predictor_out,,strong_linear,env__v~replogleweissman2022%5Frpe1__v~rpe1__v~rna__v~baseline,replogle_rpe1,strong_linear,isotonic,33.0,0.8188579279602183,0.6007485958133527,0.21810933214686556,0.2040660204796206,0.8292160957791618,0.8034915007138403,0.8030217893292902,0.5294117647058824,0.5555555555555556,0.5910914332876508,0.6924603174603174,0.5218253968253967
environment_predictor_test,leave_predictor_out,,slim_string,env__v~replogleweissman2022%5Frpe1__v~rpe1__v~rna__v~baseline,replogle_rpe1,slim_string,isotonic,33.0,0.887712781997822,0.7578722046654124,0.1298405773324096,0.14029844799075566,0.9195494451600995,0.8724367961916923,0.9259016020642727,0.7058823529411764,0.8148148148148149,0.4558393573190438,0.5833333333333334,0.3181818181818182
environment_predictor_test,leave_predictor_out,,mean_matching,env__v~tiankampmann2021%5Fcrispra__v~ipsc-induced%5Fneuron__v~rna__v~baseline,tian_neuron_crispra,mean_matching,isotonic,20.0,0.5176521073908924,0.3804257653013967,0.1372263420894957,0.04795918367346937,0.5087434064837357,0.48323909583265684,0.5126015514615948,0.0,0.0625,0.20235544002679867,0.5,0.95
environment_predictor_test,leave_predictor_out,,strong_linear,env__v~tiankampmann2021%5Fcrispra__v~ipsc-induced%5Fneuron__v~rna__v~baseline,tian_neuron_crispra,strong_linear,isotonic,20.0,0.47213248726922874,0.3869144285229442,0.08521805874628452,0.1949745031597385,0.5047267864697625,0.42040628804027697,0.48228870599933205,0.0,0.0625,0.582200187782745,0.7894736842105263,0.9890581717451523
environment_predictor_test,leave_predictor_out,,slim_string,env__v~tiankampmann2021%5Fcrispra__v~ipsc-induced%5Fneuron__v~rna__v~baseline,tian_neuron_crispra,slim_string,isotonic,20.0,0.6156718700623106,0.5019118722424825,0.11375999781982815,0.40719417498680555,0.6154471617185702,0.6159978167735539,0.5947398808591517,0.19999999999999996,0.125,1.0528229405159384,0.20833333333333331,0.8477272727272728
environment_predictor_test,leave_predictor_out,,mean_matching,env__v~tiankampmann2021%5Fcrispri__v~ipsc-induced%5Fneuron__v~rna__v~baseline,tian_neuron_crispri,mean_matching,isotonic,38.0,0.5054552172286039,0.4617328981043422,0.043722319124261666,0.001275510204081632,0.4999293473009634,0.49915610201122607,0.5052995260493006,0.0,0.0,0.03636764417087485,,
environment_predictor_test,leave_predictor_out,,strong_linear,env__v~tiankampmann2021%5Fcrispri__v~ipsc-induced%5Fneuron__v~rna__v~baseline,tian_neuron_crispri,strong_linear,isotonic,38.0,0.5164778168138535,0.4737235613134159,0.0427542555004376,0.1635619330431544,0.510458638748987,0.5097497939979141,0.5174388249630477,0.0,0.0,0.5107102925530296,,
environment_predictor_test,leave_predictor_out,,slim_string,env__v~tiankampmann2021%5Fcrispri__v~ipsc-induced%5Fneuron__v~rna__v~baseline,tian_neuron_crispri,slim_string,isotonic,38.0,0.5671332921241149,0.5376143623043681,0.029518929819746798,0.3859700090032624,0.6034630091220339,0.5689980178503421,0.5975082604657554,0.052631578947368474,0.06451612903225812,0.9994030949220768,0.5486111111111112,0.9576023391812865
environment_predictor_test,leave_predictor_out,,mean_matching,env__v~frangiehizar2021%5Frna__v~patient-derived%5Fmelanoma__v~rna__v~co-culture,frangieh_melanoma_coculture,mean_matching,platt_logistic,50.0,0.7397026551461781,0.6787211852723664,0.0609814698738117,0.16046796628131083,0.7550347183999443,0.7524479188775937,0.754750249792928,0.16000000000000003,0.19999999999999996,0.5017921394287692,0.5,0.8
environment_predictor_test,leave_predictor_out,,strong_linear,env__v~frangiehizar2021%5Frna__v~patient-derived%5Fmelanoma__v~rna__v~co-culture,frangieh_melanoma_coculture,strong_linear,platt_logistic,50.0,0.8029110051256001,0.7635040250906219,0.03940698003497822,0.2223720450700093,0.8420348245147903,0.7992626998321244,0.8222509680863199,0.6,0.65,0.6368856424320017,0.7073412698412699,0.4769598544034634
environment_predictor_test,leave_predictor_out,,slim_string,env__v~frangiehizar2021%5Frna__v~patient-derived%5Fmelanoma__v~rna__v~co-culture,frangieh_melanoma_coculture,slim_string,platt_logistic,50.0,0.9247600493781505,0.8647232642119446,0.06003678516620592,0.16958035449216916,0.9500725360299139,0.9443776538032739,0.9466058010543806,0.96,0.95,0.5302253072029691,0.6666666666666667,0.5285714285714286
environment_predictor_test,leave_predictor_out,,mean_matching,env__v~frangiehizar2021%5Frna__v~patient-derived%5Fmelanoma__v~rna__v~control,frangieh_melanoma_control,mean_matching,platt_logistic,50.0,0.7456517950796271,0.6026487313721755,0.14300306370745164,0.19010178493671137,0.7171454210472811,0.7334673359555294,0.7243946453737513,0.28,0.275,0.5772710205063922,0.5,0.76
environment_predictor_test,leave_predictor_out,,strong_linear,env__v~frangiehizar2021%5Frna__v~patient-derived%5Fmelanoma__v~rna__v~control,frangieh_melanoma_control,strong_linear,platt_logistic,50.0,0.7427987465954043,0.6720626208819184,0.07073612571348598,0.22670542662511728,0.777104416378988,0.7455939438306199,0.7671974102457835,0.31999999999999995,0.44999999999999996,0.6459715354409724,0.736,0.730451580878803
environment_predictor_test,leave_predictor_out,,slim_string,env__v~frangiehizar2021%5Frna__v~patient-derived%5Fmelanoma__v~rna__v~control,frangieh_melanoma_control,slim_string,platt_logistic,50.0,0.8158333571734394,0.7526906450990157,0.06314271207442368,0.19845084128803736,0.8724082301466838,0.8302056080623679,0.8626549192742325,0.56,0.7,0.5885077947703291,0.8108108108108109,0.7351241753415666
environment_predictor_test,leave_predictor_out,,mean_matching,env__v~frangiehizar2021%5Frna__v~patient-derived%5Fmelanoma__v~rna__v~ifn%CE%B3,frangieh_melanoma_ifng,mean_matching,platt_logistic,50.0,0.5608431762150446,0.49741679541617256,0.06342638079887208,0.14896508425952656,0.6375559511946086,0.5546442620780124,0.6250904988531991,0.040000000000000036,0.17500000000000004,0.4766081787853991,0.5,0.82
environment_predictor_test,leave_predictor_out,,strong_linear,env__v~frangiehizar2021%5Frna__v~patient-derived%5Fmelanoma__v~rna__v~ifn%CE%B3,frangieh_melanoma_ifng,strong_linear,platt_logistic,50.0,0.6484279170558694,0.5717684312323943,0.07665948582347515,0.22869927354346825,0.6974066282979335,0.6318905435144447,0.6575138916190191,0.16000000000000003,0.19999999999999996,0.6502034007016786,0.6914285714285714,0.7786612268595563
environment_predictor_test,leave_predictor_out,,slim_string,env__v~frangiehizar2021%5Frna__v~patient-derived%5Fmelanoma__v~rna__v~ifn%CE%B3,frangieh_melanoma_ifng,slim_string,platt_logistic,50.0,0.7564075939463057,0.6714314665909243,0.0849761273553814,0.20175794508364472,0.8285468374378812,0.8004705096951179,0.8244941624053659,0.6799999999999999,0.725,0.5953588590504479,0.6632016632016632,0.5230166083263847
environment_predictor_test,leave_predictor_out,,mean_matching,env__v~normanweissman2019%5Ffiltered__v~k562__v~rna__v~baseline,norman_k562,mean_matching,platt_logistic,48.0,0.29682672515740893,0.12084042900526777,0.17598629615214118,0.10687469777374241,0.2966633274257894,0.22977092769302,0.26959363064090225,0.04166666666666663,0.10256410256410253,0.3671087977377163,0.6651162790697674,0.9202952197904508
environment_predictor_test,leave_predictor_out,,strong_linear,env__v~normanweissman2019%5Ffiltered__v~k562__v~rna__v~baseline,norman_k562,strong_linear,platt_logistic,48.0,0.5313444301960212,0.18967289876892068,0.3416715314271005,0.18782862343314846,0.447306349696184,0.5127412170091261,0.45414387337345447,0.20833333333333337,0.17948717948717952,0.5648510384395296,0.443019943019943,0.781613568809097
environment_predictor_test,leave_predictor_out,,slim_string,env__v~normanweissman2019%5Ffiltered__v~k562__v~rna__v~baseline,norman_k562,slim_string,platt_logistic,48.0,0.25235899457519395,0.17436390373908395,0.07799509083611,0.23076475576817124,0.4019947912583226,0.20838713797777775,0.3537173278934985,0.04166666666666663,0.1282051282051282,0.6528907950552342,0.7453125,0.9161180168149253
environment_predictor_test,leave_predictor_out,,mean_matching,env__v~replogleweissman2022%5Fk562%5Fessential__v~k562__v~rna__v~essential%5Fgene%5Fscreen,replogle_k562_essential,mean_matching,platt_logistic,93.0,0.7915159927765815,0.5770056142740173,0.21451037850256416,0.3914170554291947,0.7793714046364927,0.7738077197275167,0.7801945505356191,0.4893617021276596,0.5066666666666666,1.088595240345875,0.5,0.4838709677419355
environment_predictor_test,leave_predictor_out,,strong_linear,env__v~replogleweissman2022%5Fk562%5Fessential__v~k562__v~rna__v~essential%5Fgene%5Fscreen,replogle_k562_essential,strong_linear,platt_logistic,93.0,0.6908377178108327,0.5376240737491409,0.1532136440616918,0.2554596262831357,0.757343897686017,0.7305055190629692,0.7539658813239425,0.5106382978723405,0.52,0.7039583573370491,0.5249999999999999,0.5840665013206402
environment_predictor_test,leave_predictor_out,,slim_string,env__v~replogleweissman2022%5Fk562%5Fessential__v~k562__v~rna__v~essential%5Fgene%5Fscreen,replogle_k562_essential,slim_string,platt_logistic,93.0,0.6336168861163093,0.5321191892393498,0.10149769687695953,0.21756228319888501,0.7713061512433951,0.629693945741835,0.7363112327996655,0.34042553191489366,0.5066666666666666,0.6273497184120047,0.7787274453941121,0.7328118737643431
environment_predictor_test,leave_predictor_out,,mean_matching,env__v~replogleweissman2022%5Frpe1__v~rpe1__v~rna__v~baseline,replogle_rpe1,mean_matching,platt_logistic,33.0,0.8873168748112927,0.7215386449312239,0.16577822988006885,0.2731698829562609,0.859642898564754,0.8497048259500148,0.8688327582564279,0.5882352941176471,0.6296296296296297,0.7399373581044973,0.5,0.3939393939393939
environment_predictor_test,leave_predictor_out,,strong_linear,env__v~replogleweissman2022%5Frpe1__v~rpe1__v~rna__v~baseline,replogle_rpe1,strong_linear,platt_logistic,33.0,0.7672871050591274,0.6007485958133527,0.16653850924577474,0.21277175200933354,0.8292160957791618,0.7558480465934435,0.8113145102502094,0.47058823529411764,0.5555555555555556,0.6162746331142377,0.7380952380952381,0.5630623908255488
environment_predictor_test,leave_predictor_out,,slim_string,env__v~replogleweissman2022%5Frpe1__v~rpe1__v~rna__v~baseline,replogle_rpe1,slim_string,platt_logistic,33.0,0.9039883463028194,0.7578722046654124,0.14611614163740705,0.19287465755503894,0.9195494451600995,0.9328459225949453,0.9152350651721554,0.7647058823529411,0.8148148148148149,0.5772492181769787,0.654320987654321,0.40743145743145737
environment_predictor_test,leave_predictor_out,,mean_matching,env__v~tiankampmann2021%5Fcrispra__v~ipsc-induced%5Fneuron__v~rna__v~baseline,tian_neuron_crispra,mean_matching,platt_logistic,20.0,0.5176521073908924,0.3804257653013967,0.1372263420894957,0.056055209205684034,0.5087434064837357,0.48323909583265684,0.5126015514615948,0.0,0.0625,0.24346380005147736,0.5,0.95
environment_predictor_test,leave_predictor_out,,strong_linear,env__v~tiankampmann2021%5Fcrispra__v~ipsc-induced%5Fneuron__v~rna__v~baseline,tian_neuron_crispra,strong_linear,platt_logistic,20.0,0.45548620060784284,0.3869144285229442,0.06857177208489862,0.17939857532684855,0.5047267864697625,0.4490150415996072,0.482288705999332,0.0,0.0625,0.5493619068716529,0.7894736842105263,0.9885783861097532
environment_predictor_test,leave_predictor_out,,slim_string,env__v~tiankampmann2021%5Fcrispra__v~ipsc-induced%5Fneuron__v~rna__v~baseline,tian_neuron_crispra,slim_string,platt_logistic,20.0,0.5904673820003659,0.5019118722424825,0.0885555097578834,0.3024168449340307,0.6154471617185702,0.6213749693417056,0.6041722660224511,0.19999999999999996,0.125,0.7993759250410565,0.20833333333333334,0.8191444472662223
environment_predictor_test,leave_predictor_out,,mean_matching,env__v~tiankampmann2021%5Fcrispri__v~ipsc-induced%5Fneuron__v~rna__v~baseline,tian_neuron_crispri,mean_matching,platt_logistic,38.0,0.5054552172286039,0.4617328981043422,0.043722319124261666,0.017762057672477072,0.4999293473009634,0.49915610201122607,0.5052995260493006,0.0,0.0,0.14303281122517877,,
environment_predictor_test,leave_predictor_out,,strong_linear,env__v~tiankampmann2021%5Fcrispri__v~ipsc-induced%5Fneuron__v~rna__v~baseline,tian_neuron_crispri,strong_linear,platt_logistic,38.0,0.5077711772631756,0.4737235613134159,0.034047615949759635,0.14968095531105272,0.510458638748987,0.49065430734609666,0.5123026048040089,0.0,0.0,0.4863978166796398,,
environment_predictor_test,leave_predictor_out,,slim_string,env__v~tiankampmann2021%5Fcrispri__v~ipsc-induced%5Fneuron__v~rna__v~baseline,tian_neuron_crispri,slim_string,platt_logistic,38.0,0.5681345281955106,0.5376143623043681,0.03052016589114248,0.28774292541238194,0.6034630091220339,0.568998017850342,0.5959806022572937,0.052631578947368474,0.06451612903225812,0.766209325138445,0.4444444444444444,0.9540165280571111
environment_predictor_test,leave_predictor_out,,mean_matching,env__v~frangiehizar2021%5Frna__v~patient-derived%5Fmelanoma__v~rna__v~co-culture,frangieh_melanoma_coculture,mean_matching,ptl_rf,50.0,0.7397026551461781,0.6787211852723664,0.0609814698738117,0.1614091072950572,0.7550347183999443,0.7524479188775937,0.754750249792928,0.16000000000000003,0.19999999999999996,0.5052931661853044,0.5,0.8
environment_predictor_test,leave_predictor_out,,strong_linear,env__v~frangiehizar2021%5Frna__v~patient-derived%5Fmelanoma__v~rna__v~co-culture,frangieh_melanoma_coculture,strong_linear,ptl_rf,50.0,0.7945123224872965,0.7635040250906219,0.031008297396674656,0.16714823165605083,0.8420348245147903,0.7817760507127501,0.8236601199163651,0.48,0.675,0.5025561428345017,0.7708333333333334,0.5590298227883783
environment_predictor_test,leave_predictor_out,,slim_string,env__v~frangiehizar2021%5Frna__v~patient-derived%5Fmelanoma__v~rna__v~co-culture,frangieh_melanoma_coculture,slim_string,ptl_rf,50.0,0.9107152395995743,0.8647232642119446,0.04599197538762978,0.04309259954650671,0.9500725360299139,0.9306379632421147,0.9483890470180854,0.92,0.95,0.2057154607085346,0.9479166666666667,0.6428571428571428
environment_predictor_test,leave_predictor_out,,mean_matching,env__v~frangiehizar2021%5Frna__v~patient-derived%5Fmelanoma__v~rna__v~control,frangieh_melanoma_control,mean_matching,ptl_rf,50.0,0.7456517950796271,0.6026487313721755,0.14300306370745164,0.2024056813931579,0.7171454210472811,0.7334673359555294,0.7243946453737513,0.28,0.275,0.634962805631474,0.5,0.76
environment_predictor_test,leave_predictor_out,,strong_linear,env__v~frangiehizar2021%5Frna__v~patient-derived%5Fmelanoma__v~rna__v~control,frangieh_melanoma_control,strong_linear,ptl_rf,50.0,0.7280522683904981,0.6720626208819184,0.05598964750857971,0.20374282938449018,0.777104416378988,0.7334566101719909,0.7642251709486867,0.31999999999999995,0.42500000000000004,0.5946777437145682,0.764,0.783158856603829
environment_predictor_test,leave_predictor_out,,slim_string,env__v~frangiehizar2021%5Frna__v~patient-derived%5Fmelanoma__v~rna__v~control,frangieh_melanoma_control,slim_string,ptl_rf,50.0,0.8020104479422459,0.7526906450990157,0.04931980284323012,0.15674533918009,0.8724082301466838,0.7933224295834657,0.867230249785172,0.56,0.7,0.4861002123057166,0.8108108108108109,0.6751405859098166
environment_predictor_test,leave_predictor_out,,mean_matching,env__v~frangiehizar2021%5Frna__v~patient-derived%5Fmelanoma__v~rna__v~ifn%CE%B3,frangieh_melanoma_ifng,mean_matching,ptl_rf,50.0,0.5608431762150446,0.49741679541617256,0.06342638079887208,0.15206332136505146,0.6375559511946086,0.5546442620780124,0.6250904988531991,0.040000000000000036,0.17500000000000004,0.4906645836111509,0.5,0.82
environment_predictor_test,leave_predictor_out,,strong_linear,env__v~frangiehizar2021%5Frna__v~patient-derived%5Fmelanoma__v~rna__v~ifn%CE%B3,frangieh_melanoma_ifng,strong_linear,ptl_rf,50.0,0.6476741402302345,0.5717684312323943,0.07590570899784022,0.2618663809531572,0.6974066282979335,0.626590545437166,0.6657077826514107,0.16000000000000003,0.22499999999999998,0.717868145347554,0.6952380952380952,0.7999563830525439
environment_predictor_test,leave_predictor_out,,slim_string,env__v~frangiehizar2021%5Frna__v~patient-derived%5Fmelanoma__v~rna__v~ifn%CE%B3,frangieh_melanoma_ifng,slim_string,ptl_rf,50.0,0.7540062084028643,0.6714314665909243,0.08257474181193991,0.17036999705006242,0.8285468374378812,0.7962934329544678,0.8292403921763386,0.6799999999999999,0.75,0.5246122061543934,0.6268191268191269,0.4921571989311158
environment_predictor_test,leave_predictor_out,,mean_matching,env__v~normanweissman2019%5Ffiltered__v~k562__v~rna__v~baseline,norman_k562,mean_matching,ptl_rf,48.0,0.1596174804877627,0.12084042900526777,0.038777051482494926,0.09419560204989781,0.2966633274257894,0.16071985888230642,0.2386325656665322,0.04166666666666663,0.05128205128205132,0.33393264393074257,0.8186046511627907,0.976156447057493
environment_predictor_test,leave_predictor_out,,strong_linear,env__v~normanweissman2019%5Ffiltered__v~k562__v~rna__v~baseline,norman_k562,strong_linear,ptl_rf,48.0,0.3678852006715534,0.18967289876892068,0.1782123019026327,0.15916215676128334,0.447306349696184,0.3289205856769912,0.42915635042831496,0.125,0.20512820512820518,0.49885981138095986,0.5441595441595442,0.8465282084904526
environment_predictor_test,leave_predictor_out,,slim_string,env__v~normanweissman2019%5Ffiltered__v~k562__v~rna__v~baseline,norman_k562,slim_string,ptl_rf,48.0,0.244511271126287,0.17436390373908395,0.07014736738720306,0.12662954735596546,0.4019947912583226,0.21643031998115034,0.32624430215449346,0.04166666666666663,0.10256410256410253,0.4059572162432065,0.7718750000000001,0.9462335416409061
environment_predictor_test,leave_predictor_out,,mean_matching,env__v~replogleweissman2022%5Fk562%5Fessential__v~k562__v~rna__v~essential%5Fgene%5Fscreen,replogle_k562_essential,mean_matching,ptl_rf,93.0,0.7915159927765815,0.5770056142740173,0.21451037850256416,0.2726281888691792,0.7793714046364927,0.7738077197275167,0.7801945505356191,0.4893617021276596,0.5066666666666666,0.7400295076047546,0.5,0.4838709677419355
environment_predictor_test,leave_predictor_out,,strong_linear,env__v~replogleweissman2022%5Fk562%5Fessential__v~k562__v~rna__v~essential%5Fgene%5Fscreen,replogle_k562_essential,strong_linear,ptl_rf,93.0,0.6997317910669727,0.5376240737491409,0.1621077173178318,0.25827801524918603,0.757343897686017,0.7533389879971212,0.7662681362621441,0.5531914893617021,0.5466666666666666,0.7113612469519981,0.49629629629629635,0.5720195405380478
environment_predictor_test,leave_predictor_out,,slim_string,env__v~replogleweissman2022%5Fk562%5Fessential__v~k562__v~rna__v~essential%5Fgene%5Fscreen,replogle_k562_essential,slim_string,ptl_rf,93.0,0.6821209397405852,0.5321191892393498,0.15000175050123543,0.2471633865738956,0.7713061512433951,0.6710127932916375,0.7279864973229477,0.44680851063829785,0.4933333333333333,0.6865070106691221,0.7127255460588794,0.60516348205233
environment_predictor_test,leave_predictor_out,,mean_matching,env__v~replogleweissman2022%5Frpe1__v~rpe1__v~rna__v~baseline,replogle_rpe1,mean_matching,ptl_rf,33.0,0.8873168748112927,0.7215386449312239,0.16577822988006885,0.30527666410260057,0.859642898564754,0.8497048259500148,0.8688327582564279,0.5882352941176471,0.6296296296296297,0.8080673566653906,0.5,0.3939393939393939
environment_predictor_test,leave_predictor_out,,strong_linear,env__v~replogleweissman2022%5Frpe1__v~rpe1__v~rna__v~baseline,replogle_rpe1,strong_linear,ptl_rf,33.0,0.7539662877844419,0.6007485958133527,0.15321769197108914,0.22638539772991711,0.8292160957791618,0.775222424787631,0.7999510055852964,0.47058823529411764,0.5555555555555556,0.6422487781117492,0.7579365079365079,0.6314674908424909
environment_predictor_test,leave_predictor_out,,slim_string,env__v~replogleweissman2022%5Frpe1__v~rpe1__v~rna__v~baseline,replogle_rpe1,slim_string,ptl_rf,33.0,0.899284518812513,0.7578722046654124,0.14141231414710065,0.15116827920249534,0.9195494451600995,0.9144069518362097,0.9274945643998774,0.7058823529411764,0.8148148148148149,0.48169705245335137,0.734567901234568,0.4337962962962963
environment_predictor_test,leave_predictor_out,,mean_matching,env__v~tiankampmann2021%5Fcrispra__v~ipsc-induced%5Fneuron__v~rna__v~baseline,tian_neuron_crispra,mean_matching,ptl_rf,20.0,0.5176521073908924,0.3804257653013967,0.1372263420894957,0.05133069625327348,0.5087434064837357,0.48323909583265684,0.5126015514615948,0.0,0.0625,0.22224026897150534,0.5,0.95
environment_predictor_test,leave_predictor_out,,strong_linear,env__v~tiankampmann2021%5Fcrispra__v~ipsc-induced%5Fneuron__v~rna__v~baseline,tian_neuron_crispra,strong_linear,ptl_rf,20.0,0.4574756837091402,0.3869144285229442,0.07056125518619599,0.11437408327850299,0.5047267864697625,0.4408927557263736,0.4683157230203507,0.0,0.0625,0.4038281373092393,0.5789473684210527,0.973972159003526
environment_predictor_test,leave_predictor_out,,slim_string,env__v~tiankampmann2021%5Fcrispra__v~ipsc-induced%5Fneuron__v~rna__v~baseline,tian_neuron_crispra,slim_string,ptl_rf,20.0,0.5903708908756237,0.5019118722424825,0.0884590186331412,0.14391482272963546,0.6154471617185702,0.6078679735896825,0.6138212243424027,0.19999999999999996,0.125,0.4987683685382683,0.20833333333333334,0.8191444472662223
environment_predictor_test,leave_predictor_out,,mean_matching,env__v~tiankampmann2021%5Fcrispri__v~ipsc-induced%5Fneuron__v~rna__v~baseline,tian_neuron_crispri,mean_matching,ptl_rf,38.0,0.5054552172286039,0.4617328981043422,0.043722319124261666,0.00013949591869521515,0.4999293473009634,0.49915610201122607,0.5052995260493006,0.0,0.0,0.011881141092840709,,
environment_predictor_test,leave_predictor_out,,strong_linear,env__v~tiankampmann2021%5Fcrispri__v~ipsc-induced%5Fneuron__v~rna__v~baseline,tian_neuron_crispri,strong_linear,ptl_rf,38.0,0.5052136842917911,0.4737235613134159,0.03149012297837522,0.036107154526759326,0.510458638748987,0.4906543073460967,0.5004901770696546,0.0,0.0,0.1919094117857711,,
environment_predictor_test,leave_predictor_out,,slim_string,env__v~tiankampmann2021%5Fcrispri__v~ipsc-induced%5Fneuron__v~rna__v~baseline,tian_neuron_crispri,slim_string,ptl_rf,38.0,0.5640911777740674,0.5376143623043681,0.026476815469699266,0.1824534549339576,0.6034630091220339,0.5716731399916227,0.5917727584052623,0.052631578947368474,0.06451612903225812,0.5391502373326889,0.5416666666666666,0.9655178784625633
environment_predictor_test,leave_predictor_out,,mean_matching,env__v~frangiehizar2021%5Frna__v~patient-derived%5Fmelanoma__v~rna__v~co-culture,frangieh_melanoma_coculture,mean_matching,raw_normalized_uq,50.0,0.7397026551461781,0.6787211852723664,0.0609814698738117,0.2,0.7550347183999443,0.7524479188775937,0.754750249792928,0.16000000000000003,0.19999999999999996,2.302593093034956,0.5,0.8
environment_predictor_test,leave_predictor_out,,strong_linear,env__v~frangiehizar2021%5Frna__v~patient-derived%5Fmelanoma__v~rna__v~co-culture,frangieh_melanoma_coculture,strong_linear,raw_normalized_uq,50.0,0.8051167165950072,0.7635040250906219,0.04161269150438529,0.27172041774180794,0.8420348245147903,0.7949462039129171,0.818876419783051,0.6,0.65,0.7419204236560657,0.7371031746031746,0.45685530095774457
environment_predictor_test,leave_predictor_out,,slim_string,env__v~frangiehizar2021%5Frna__v~patient-derived%5Fmelanoma__v~rna__v~co-culture,frangieh_melanoma_coculture,slim_string,raw_normalized_uq,50.0,0.9184916014352108,0.8647232642119446,0.05376833722326624,0.022324209905914657,0.9500725360299139,0.9240765649556272,0.943129631300678,0.92,0.95,0.11226426170562787,0.7604166666666666,0.5384615384615384
environment_predictor_test,leave_predictor_out,,mean_matching,env__v~frangiehizar2021%5Frna__v~patient-derived%5Fmelanoma__v~rna__v~control,frangieh_melanoma_control,mean_matching,raw_normalized_uq,50.0,0.7456517950796271,0.6026487313721755,0.14300306370745164,0.23872032430334436,0.7171454210472811,0.7334673359555294,0.7243946453737513,0.28,0.275,1.4232190903962243,0.5,0.76
environment_predictor_test,leave_predictor_out,,strong_linear,env__v~frangiehizar2021%5Frna__v~patient-derived%5Fmelanoma__v~rna__v~control,frangieh_melanoma_control,strong_linear,raw_normalized_uq,50.0,0.7332311096124211,0.6720626208819184,0.061168488730502735,0.22491622882360976,0.777104416378988,0.7405940278774018,0.7663322354324793,0.36,0.44999999999999996,0.6394197019652708,0.6976,0.7448046627900398
environment_predictor_test,leave_predictor_out,,slim_string,env__v~frangiehizar2021%5Frna__v~patient-derived%5Fmelanoma__v~rna__v~control,frangieh_melanoma_control,slim_string,raw_normalized_uq,50.0,0.8048499096803508,0.7526906450990157,0.05215926458133502,0.18648365905023398,0.8724082301466838,0.8138337728224263,0.8586448862115861,0.56,0.7,0.6362119276824875,0.8056133056133056,0.7002192828626587
environment_predictor_test,leave_predictor_out,,mean_matching,env__v~frangiehizar2021%5Frna__v~patient-derived%5Fmelanoma__v~rna__v~ifn%CE%B3,frangieh_melanoma_ifng,mean_matching,raw_normalized_uq,50.0,0.5608431762150446,0.49741679541617256,0.06342638079887208,0.18,0.6375559511946086,0.5546442620780124,0.6250904988531991,0.040000000000000036,0.17500000000000004,2.0723347837364603,0.5,0.82
environment_predictor_test,leave_predictor_out,,strong_linear,env__v~frangiehizar2021%5Frna__v~patient-derived%5Fmelanoma__v~rna__v~ifn%CE%B3,frangieh_melanoma_ifng,strong_linear,raw_normalized_uq,50.0,0.6504246666372795,0.5717684312323943,0.0786562354048852,0.21058269663405904,0.6974066282979335,0.6374934401915937,0.6728926505042667,0.16000000000000003,0.25,0.6117249205965789,0.6447619047619048,0.7734943521902342
environment_predictor_test,leave_predictor_out,,slim_string,env__v~frangiehizar2021%5Frna__v~patient-derived%5Fmelanoma__v~rna__v~ifn%CE%B3,frangieh_melanoma_ifng,slim_string,raw_normalized_uq,50.0,0.7722947774643558,0.6714314665909243,0.10086331087343148,0.20396315649505134,0.8285468374378812,0.8231136154549012,0.8128357089712523,0.6799999999999999,0.7,0.805965013524501,0.6995841995841996,0.4945654008952327
environment_predictor_test,leave_predictor_out,,mean_matching,env__v~normanweissman2019%5Ffiltered__v~k562__v~rna__v~baseline,norman_k562,mean_matching,raw_normalized_uq,48.0,0.3297658471533935,0.12084042900526777,0.20892541814812576,0.24569400670121497,0.2966633274257894,0.25296135534225567,0.30883961790697534,0.04166666666666663,0.1282051282051282,0.9299123567035844,0.5744186046511628,0.9068988231996593
environment_predictor_test,leave_predictor_out,,strong_linear,env__v~normanweissman2019%5Ffiltered__v~k562__v~rna__v~baseline,norman_k562,strong_linear,raw_normalized_uq,48.0,0.5326221475037388,0.18967289876892068,0.34294924873481814,0.3012849510765789,0.447306349696184,0.5169647685329394,0.42446428608826847,0.20833333333333337,0.15384615384615385,0.822457024054983,0.44729344729344733,0.7794289683332405
environment_predictor_test,leave_predictor_out,,slim_string,env__v~normanweissman2019%5Ffiltered__v~k562__v~rna__v~baseline,norman_k562,slim_string,raw_normalized_uq,48.0,0.3008431332404007,0.17436390373908395,0.12647922950131674,0.7284191963932752,0.4019947912583226,0.26258423262923775,0.3431425231952359,0.125,0.15384615384615385,3.0586308345931026,0.5953125,0.865685393246685
environment_predictor_test,leave_predictor_out,,mean_matching,env__v~replogleweissman2022%5Fk562%5Fessential__v~k562__v~rna__v~essential%5Fgene%5Fscreen,replogle_k562_essential,mean_matching,raw_normalized_uq,93.0,0.7915159927765815,0.5770056142740173,0.21451037850256416,0.3947030245080049,0.7793714046364927,0.7738077197275167,0.7801945505356191,0.4893617021276596,0.5066666666666666,1.1024455027393496,0.5,0.4838709677419355
environment_predictor_test,leave_predictor_out,,strong_linear,env__v~replogleweissman2022%5Fk562%5Fessential__v~k562__v~rna__v~essential%5Fgene%5Fscreen,replogle_k562_essential,strong_linear,raw_normalized_uq,93.0,0.8164115829969277,0.5376240737491409,0.27878750924778684,0.26857371556697945,0.757343897686017,0.8384061915809615,0.7773734795898972,0.6808510638297872,0.56,0.7313370583042865,0.3293981481481481,0.4000704329723948
environment_predictor_test,leave_predictor_out,,slim_string,env__v~replogleweissman2022%5Fk562%5Fessential__v~k562__v~rna__v~essential%5Fgene%5Fscreen,replogle_k562_essential,slim_string,raw_normalized_uq,93.0,0.6891253307709739,0.5321191892393498,0.15700614153162418,0.3788664028595107,0.7713061512433951,0.6498281065235205,0.7232731445559373,0.36170212765957444,0.5066666666666666,1.3659158692947815,0.7578347578347578,0.6557339434262652
environment_predictor_test,leave_predictor_out,,mean_matching,env__v~replogleweissman2022%5Frpe1__v~rpe1__v~rna__v~baseline,replogle_rpe1,mean_matching,raw_normalized_uq,33.0,0.8873168748112927,0.7215386449312239,0.16577822988006885,0.37874469889182844,0.859642898564754,0.8497048259500148,0.8688327582564279,0.5882352941176471,0.6296296296296297,0.9896545030144518,0.5,0.3939393939393939
environment_predictor_test,leave_predictor_out,,strong_linear,env__v~replogleweissman2022%5Frpe1__v~rpe1__v~rna__v~baseline,replogle_rpe1,strong_linear,raw_normalized_uq,33.0,0.7326414417970516,0.6007485958133527,0.13189284598369888,0.1968135305865039,0.8292160957791618,0.6900217363861524,0.8246887829982668,0.3529411764705882,0.5925925925925926,0.5714431959126761,0.8333333333333333,0.7016241859991861
environment_predictor_test,leave_predictor_out,,slim_string,env__v~replogleweissman2022%5Frpe1__v~rpe1__v~rna__v~baseline,replogle_rpe1,slim_string,raw_normalized_uq,33.0,0.9053048087610843,0.7578722046654124,0.14743260409567194,0.18141758346352646,0.9195494451600995,0.910180399543001,0.9192502853446676,0.8235294117647058,0.8148148148148149,1.7430856469247262,0.5030864197530864,0.20216450216450216
environment_predictor_test,leave_predictor_out,,mean_matching,env__v~tiankampmann2021%5Fcrispra__v~ipsc-induced%5Fneuron__v~rna__v~baseline,tian_neuron_crispra,mean_matching,raw_normalized_uq,20.0,0.5176521073908924,0.3804257653013967,0.1372263420894957,0.04979012283564174,0.5087434064837357,0.48323909583265684,0.5126015514615948,0.0,0.0625,0.21404456498384983,0.5,0.95
environment_predictor_test,leave_predictor_out,,strong_linear,env__v~tiankampmann2021%5Fcrispra__v~ipsc-induced%5Fneuron__v~rna__v~baseline,tian_neuron_crispra,strong_linear,raw_normalized_uq,20.0,0.4248494393358639,0.3869144285229442,0.03793501081291967,0.21588831228572047,0.5047267864697625,0.4313237217199129,0.45455512149253163,0.0,0.0,0.6438293400653586,0.8421052631578947,0.9916743613419514
environment_predictor_test,leave_predictor_out,,slim_string,env__v~tiankampmann2021%5Fcrispra__v~ipsc-induced%5Fneuron__v~rna__v~baseline,tian_neuron_crispra,slim_string,raw_normalized_uq,20.0,0.5953589187562678,0.5019118722424825,0.09344704651378533,0.7916467810449295,0.6154471617185702,0.5934798679900322,0.6214709534756281,0.09999999999999998,0.125,2.7174362972105848,0.2777777777777778,0.8361053095702219
environment_predictor_test,leave_predictor_out,,mean_matching,env__v~tiankampmann2021%5Fcrispri__v~ipsc-induced%5Fneuron__v~rna__v~baseline,tian_neuron_crispri,mean_matching,raw_normalized_uq,38.0,0.5054552172286039,0.4617328981043422,0.043722319124261666,0.0,0.4999293473009634,0.49915610201122607,0.5052995260493006,0.0,0.0,1.0000050000287828e-05,,
environment_predictor_test,leave_predictor_out,,strong_linear,env__v~tiankampmann2021%5Fcrispri__v~ipsc-induced%5Fneuron__v~rna__v~baseline,tian_neuron_crispri,strong_linear,raw_normalized_uq,38.0,0.5072308274387494,0.4737235613134159,0.033507266125333446,0.11943346027598016,0.510458638748987,0.49065430734609666,0.5115538234468062,0.0,0.0,0.4145119420974461,,
environment_predictor_test,leave_predictor_out,,slim_string,env__v~tiankampmann2021%5Fcrispri__v~ipsc-induced%5Fneuron__v~rna__v~baseline,tian_neuron_crispri,slim_string,raw_normalized_uq,38.0,0.5621864576677446,0.5376143623043681,0.024572095363376456,0.6794193461501651,0.6034630091220339,0.5590900670736367,0.5880201251110386,0.052631578947368474,0.032258064516129004,2.1390201533912214,0.625,0.9667162029074303
environment_predictor_test,leave_predictor_out,,mean_matching,env__v~frangiehizar2021%5Frna__v~patient-derived%5Fmelanoma__v~rna__v~co-culture,frangieh_melanoma_coculture,mean_matching,u_only_rf,50.0,0.7397026551461781,0.6787211852723664,0.0609814698738117,0.1888317917118765,0.7550347183999443,0.7524479188775937,0.754750249792928,0.16000000000000003,0.19999999999999996,0.7245107636781963,0.5,0.8
environment_predictor_test,leave_predictor_out,,strong_linear,env__v~frangiehizar2021%5Frna__v~patient-derived%5Fmelanoma__v~rna__v~co-culture,frangieh_melanoma_coculture,strong_linear,u_only_rf,50.0,0.8114357262700316,0.7635040250906219,0.0479317011794097,0.18780490357586616,0.8420348245147903,0.8107210647199566,0.8252846226218337,0.6,0.675,0.557725936923347,0.6875,0.4336638564579741
environment_predictor_test,leave_predictor_out,,slim_string,env__v~frangiehizar2021%5Frna__v~patient-derived%5Fmelanoma__v~rna__v~co-culture,frangieh_melanoma_coculture,slim_string,u_only_rf,50.0,0.933196511796623,0.8647232642119446,0.06847324758467843,0.16010308562954137,0.9500725360299139,0.9267487288601731,0.9442037498367266,0.92,0.95,0.506191527686317,0.8125,0.1625
environment_predictor_test,leave_predictor_out,,mean_matching,env__v~frangiehizar2021%5Frna__v~patient-derived%5Fmelanoma__v~rna__v~control,frangieh_melanoma_control,mean_matching,u_only_rf,50.0,0.7456517950796271,0.6026487313721755,0.14300306370745164,0.23092112162127254,0.7171454210472811,0.7334673359555294,0.7243946453737513,0.28,0.275,0.9573504305145257,0.5,0.76
environment_predictor_test,leave_predictor_out,,strong_linear,env__v~frangiehizar2021%5Frna__v~patient-derived%5Fmelanoma__v~rna__v~control,frangieh_melanoma_control,strong_linear,u_only_rf,50.0,0.7308220140383803,0.6720626208819184,0.05875939315646195,0.2441453707509262,0.777104416378988,0.7451250129857888,0.7738417499062267,0.4,0.475,0.6907753459797153,0.6960000000000001,0.7495217184026097
environment_predictor_test,leave_predictor_out,,slim_string,env__v~frangiehizar2021%5Frna__v~patient-derived%5Fmelanoma__v~rna__v~control,frangieh_melanoma_control,slim_string,u_only_rf,50.0,0.8753885611249159,0.7526906450990157,0.12269791602590019,0.21013650298342168,0.8724082301466838,0.906567240505031,0.8931337339120751,0.8,0.8,0.6237762376088345,0.45322245322245325,0.44420168061326654
environment_predictor_test,leave_predictor_out,,mean_matching,env__v~frangiehizar2021%5Frna__v~patient-derived%5Fmelanoma__v~rna__v~ifn%CE%B3,frangieh_melanoma_ifng,mean_matching,u_only_rf,50.0,0.5608431762150446,0.49741679541617256,0.06342638079887208,0.1732881090924985,0.6375559511946086,0.5546442620780124,0.6250904988531991,0.040000000000000036,0.17500000000000004,0.7229933298682875,0.5,0.82
environment_predictor_test,leave_predictor_out,,strong_linear,env__v~frangiehizar2021%5Frna__v~patient-derived%5Fmelanoma__v~rna__v~ifn%CE%B3,frangieh_melanoma_ifng,strong_linear,u_only_rf,50.0,0.6524666347436738,0.5717684312323943,0.08069820351127954,0.3397887381013519,0.6974066282979335,0.6353675058760624,0.6607915682817322,0.16000000000000003,0.17500000000000004,0.8954447429743003,0.7085714285714286,0.7952648032597439
environment_predictor_test,leave_predictor_out,,slim_string,env__v~frangiehizar2021%5Frna__v~patient-derived%5Fmelanoma__v~rna__v~ifn%CE%B3,frangieh_melanoma_ifng,slim_string,u_only_rf,50.0,0.7640743241927168,0.6714314665909243,0.09264285760179247,0.19169067597073342,0.8285468374378812,0.7931961162706266,0.8206807707020566,0.6799999999999999,0.75,0.5736596771815398,0.6424116424116424,0.5684247489611314
environment_predictor_test,leave_predictor_out,,mean_matching,env__v~normanweissman2019%5Ffiltered__v~k562__v~rna__v~baseline,norman_k562,mean_matching,u_only_rf,48.0,0.2936227641821872,0.12084042900526777,0.17278233517691943,0.12651218248004728,0.2966633274257894,0.23873245184711803,0.28705272241690594,0.04166666666666663,0.10256410256410253,0.4462945238508751,0.5930232558139534,0.8997423180037271
environment_predictor_test,leave_predictor_out,,strong_linear,env__v~normanweissman2019%5Ffiltered__v~k562__v~rna__v~baseline,norman_k562,strong_linear,u_only_rf,48.0,0.5349637349949536,0.18967289876892068,0.34529083622603296,0.2716341511028653,0.447306349696184,0.46105652824171833,0.44356005883949023,0.16666666666666663,0.15384615384615385,0.7426501980985017,0.4643874643874644,0.7852581479124523
environment_predictor_test,leave_predictor_out,,slim_string,env__v~normanweissman2019%5Ffiltered__v~k562__v~rna__v~baseline,norman_k562,slim_string,u_only_rf,48.0,0.28032391281376673,0.17436390373908395,0.10596000907468278,0.20448447390740596,0.4019947912583226,0.30704207387027077,0.3774726948371527,0.08333333333333337,0.17948717948717952,0.5961942252209846,0.721875,0.9369387558339463
environment_predictor_test,leave_predictor_out,,mean_matching,env__v~replogleweissman2022%5Fk562%5Fessential__v~k562__v~rna__v~essential%5Fgene%5Fscreen,replogle_k562_essential,mean_matching,u_only_rf,93.0,0.7915159927765815,0.5770056142740173,0.21451037850256416,0.35082270771191854,0.7793714046364927,0.7738077197275167,0.7801945505356191,0.4893617021276596,0.5066666666666666,0.9422415569317912,0.5,0.4838709677419355
environment_predictor_test,leave_predictor_out,,strong_linear,env__v~replogleweissman2022%5Fk562%5Fessential__v~k562__v~rna__v~essential%5Fgene%5Fscreen,replogle_k562_essential,strong_linear,u_only_rf,93.0,0.6772046611606543,0.5376240737491409,0.13958058741151336,0.2666591836799501,0.757343897686017,0.6995503161438427,0.746304580662102,0.42553191489361697,0.5333333333333333,0.7345708150349595,0.6046296296296296,0.6359581821006168
environment_predictor_test,leave_predictor_out,,slim_string,env__v~replogleweissman2022%5Fk562%5Fessential__v~k562__v~rna__v~essential%5Fgene%5Fscreen,replogle_k562_essential,slim_string,u_only_rf,93.0,0.6964930097880078,0.5321191892393498,0.164373820548658,0.23602863919595068,0.7713061512433951,0.6742385966834361,0.755546583239981,0.42553191489361697,0.56,0.6661572465072491,0.6457739791073124,0.5519381305637869
environment_predictor_test,leave_predictor_out,,mean_matching,env__v~replogleweissman2022%5Frpe1__v~rpe1__v~rna__v~baseline,replogle_rpe1,mean_matching,u_only_rf,33.0,0.8873168748112927,0.7215386449312239,0.16577822988006885,0.3127426448410769,0.859642898564754,0.8497048259500148,0.8688327582564279,0.5882352941176471,0.6296296296296297,0.8246802715539194,0.5,0.3939393939393939
environment_predictor_test,leave_predictor_out,,strong_linear,env__v~replogleweissman2022%5Frpe1__v~rpe1__v~rna__v~baseline,replogle_rpe1,strong_linear,u_only_rf,33.0,0.8846444981912366,0.6007485958133527,0.28389590237788387,0.2765296681986639,0.8292160957791618,0.8301949339763075,0.8352175719298478,0.6470588235294117,0.6296296296296297,0.8078211620840449,0.46031746031746035,0.3496721618030764
environment_predictor_test,leave_predictor_out,,slim_string,env__v~replogleweissman2022%5Frpe1__v~rpe1__v~rna__v~baseline,replogle_rpe1,slim_string,u_only_rf,33.0,0.8983978026640779,0.7578722046654124,0.14052559799866549,0.19293570441645236,0.9195494451600995,0.8890069345752852,0.9088912747182277,0.7647058823529411,0.7777777777777778,0.5775793240834594,0.6049382716049382,0.36396993810786915
environment_predictor_test,leave_predictor_out,,mean_matching,env__v~tiankampmann2021%5Fcrispra__v~ipsc-induced%5Fneuron__v~rna__v~baseline,tian_neuron_crispra,mean_matching,u_only_rf,20.0,0.5176521073908924,0.3804257653013967,0.1372263420894957,0.06146866965693583,0.5087434064837357,0.48323909583265684,0.5126015514615948,0.0,0.0625,0.2640759796417823,0.5,0.95
environment_predictor_test,leave_predictor_out,,strong_linear,env__v~tiankampmann2021%5Fcrispra__v~ipsc-induced%5Fneuron__v~rna__v~baseline,tian_neuron_crispra,strong_linear,u_only_rf,20.0,0.44846816458780686,0.3869144285229442,0.06155373606486264,0.4220089024816659,0.5047267864697625,0.4490150415996072,0.5080055707251159,0.0,0.0625,1.0643793110673618,0.7368421052631579,0.9852889124255428
environment_predictor_test,leave_predictor_out,,slim_string,env__v~tiankampmann2021%5Fcrispra__v~ipsc-induced%5Fneuron__v~rna__v~baseline,tian_neuron_crispra,slim_string,u_only_rf,20.0,0.5817433059532272,0.5019118722424825,0.07983143371074475,0.3175984367573809,0.6154471617185702,0.6103134015897905,0.6147777803398584,0.19999999999999996,0.125,0.8357389488973734,0.18055555555555555,0.835568609523718
environment_predictor_test,leave_predictor_out,,mean_matching,env__v~tiankampmann2021%5Fcrispri__v~ipsc-induced%5Fneuron__v~rna__v~baseline,tian_neuron_crispri,mean_matching,u_only_rf,38.0,0.5054552172286039,0.4617328981043422,0.043722319124261666,0.0003863374169087203,0.4999293473009634,0.49915610201122607,0.5052995260493006,0.0,0.0,0.019851205696228995,,
environment_predictor_test,leave_predictor_out,,strong_linear,env__v~tiankampmann2021%5Fcrispri__v~ipsc-induced%5Fneuron__v~rna__v~baseline,tian_neuron_crispri,strong_linear,u_only_rf,38.0,0.507509923452756,0.4737235613134159,0.03378636213934011,0.32578016310426666,0.510458638748987,0.4906543073460967,0.5133218351192508,0.0,0.0,0.8507223937007025,,
environment_predictor_test,leave_predictor_out,,slim_string,env__v~tiankampmann2021%5Fcrispri__v~ipsc-induced%5Fneuron__v~rna__v~baseline,tian_neuron_crispri,slim_string,u_only_rf,38.0,0.5921195201539702,0.5376143623043681,0.05450515784960208,0.407018921820738,0.6034630091220339,0.6113857954083846,0.6079991497471642,0.052631578947368474,0.032258064516129004,1.021397630877951,0.6111111111111112,0.9639382632840625
environment_predictor_test,leave_predictor_out,,mean_matching,env__v~frangiehizar2021%5Frna__v~patient-derived%5Fmelanoma__v~rna__v~co-culture,frangieh_melanoma_coculture,mean_matching,u_p_rf,50.0,0.7397026551461781,0.6787211852723664,0.0609814698738117,0.1740482272616063,0.7550347183999443,0.7524479188775937,0.754750249792928,0.16000000000000003,0.19999999999999996,0.5694810809721016,0.5,0.8
environment_predictor_test,leave_predictor_out,,strong_linear,env__v~frangiehizar2021%5Frna__v~patient-derived%5Fmelanoma__v~rna__v~co-culture,frangieh_melanoma_coculture,strong_linear,u_p_rf,50.0,0.8039309848500354,0.7635040250906219,0.04042695975941357,0.17139559667999527,0.8420348245147903,0.7851091365087679,0.818954145028064,0.52,0.65,0.5103319118018894,0.7559523809523809,0.49285800039559435
environment_predictor_test,leave_predictor_out,,slim_string,env__v~frangiehizar2021%5Frna__v~patient-derived%5Fmelanoma__v~rna__v~co-culture,frangieh_melanoma_coculture,slim_string,u_p_rf,50.0,0.9343399017519157,0.8647232642119446,0.06961663753997116,0.09858843361014909,0.9500725360299139,0.9294816192505501,0.9441861568676979,0.92,0.95,0.3603457716653901,0.84375,0.16233766233766234
environment_predictor_test,leave_predictor_out,,mean_matching,env__v~frangiehizar2021%5Frna__v~patient-derived%5Fmelanoma__v~rna__v~control,frangieh_melanoma_control,mean_matching,u_p_rf,50.0,0.7456517950796271,0.6026487313721755,0.14300306370745164,0.21662447225299708,0.7171454210472811,0.7334673359555294,0.7243946453737513,0.28,0.275,0.7390896927618534,0.5,0.76
environment_predictor_test,leave_predictor_out,,strong_linear,env__v~frangiehizar2021%5Frna__v~patient-derived%5Fmelanoma__v~rna__v~control,frangieh_melanoma_control,strong_linear,u_p_rf,50.0,0.7276056112070396,0.6720626208819184,0.05554299032512122,0.19720798396034425,0.777104416378988,0.7266598211917119,0.764002460098756,0.31999999999999995,0.44999999999999996,0.5786396995472729,0.7488,0.7805774694537762
environment_predictor_test,leave_predictor_out,,slim_string,env__v~frangiehizar2021%5Frna__v~patient-derived%5Fmelanoma__v~rna__v~control,frangieh_melanoma_control,slim_string,u_p_rf,50.0,0.8357347971927096,0.7526906450990157,0.08304415209369387,0.17196256851207084,0.8724082301466838,0.8554921399585956,0.8794240344673604,0.6799999999999999,0.725,0.5296632807485739,0.6361746361746362,0.5208478334075854
environment_predictor_test,leave_predictor_out,,mean_matching,env__v~frangiehizar2021%5Frna__v~patient-derived%5Fmelanoma__v~rna__v~ifn%CE%B3,frangieh_melanoma_ifng,mean_matching,u_p_rf,50.0,0.5608431762150446,0.49741679541617256,0.06342638079887208,0.16034448361248665,0.6375559511946086,0.5546442620780124,0.6250904988531991,0.040000000000000036,0.17500000000000004,0.543222393446956,0.5,0.82
environment_predictor_test,leave_predictor_out,,strong_linear,env__v~frangiehizar2021%5Frna__v~patient-derived%5Fmelanoma__v~rna__v~ifn%CE%B3,frangieh_melanoma_ifng,strong_linear,u_p_rf,50.0,0.6557149768522745,0.5717684312323943,0.08394654561988024,0.2387150091580989,0.6974066282979335,0.6481388739306805,0.6603036911640212,0.19999999999999996,0.19999999999999996,0.6723430139236561,0.680952380952381,0.7471202751007305
environment_predictor_test,leave_predictor_out,,slim_string,env__v~frangiehizar2021%5Frna__v~patient-derived%5Fmelanoma__v~rna__v~ifn%CE%B3,frangieh_melanoma_ifng,slim_string,u_p_rf,50.0,0.7790684334282851,0.6714314665909243,0.10763696683736079,0.1915895344623315,0.8285468374378812,0.8107177055821579,0.8326755396626083,0.72,0.775,0.5750412506404783,0.5561330561330562,0.41399612182452145
environment_predictor_test,leave_predictor_out,,mean_matching,env__v~normanweissman2019%5Ffiltered__v~k562__v~rna__v~baseline,norman_k562,mean_matching,u_p_rf,48.0,0.192269888879509,0.12084042900526777,0.07142945987424122,0.11035280871739643,0.2966633274257894,0.2157224688887899,0.2508885446069134,0.04166666666666663,0.07692307692307687,0.3745663310913539,0.7116279069767442,0.9569737655620333
environment_predictor_test,leave_predictor_out,,strong_linear,env__v~normanweissman2019%5Ffiltered__v~k562__v~rna__v~baseline,norman_k562,strong_linear,u_p_rf,48.0,0.5240895943034618,0.18967289876892068,0.3344166955345411,0.18467791096351915,0.447306349696184,0.43723977945801673,0.4690458675181709,0.16666666666666663,0.20512820512820518,0.5603405550249438,0.45299145299145305,0.7904081167750626
environment_predictor_test,leave_predictor_out,,slim_string,env__v~normanweissman2019%5Ffiltered__v~k562__v~rna__v~baseline,norman_k562,slim_string,u_p_rf,48.0,0.2606318408118122,0.17436390373908395,0.08626793707272823,0.1505547972693281,0.4019947912583226,0.3087671526150954,0.3911619668784775,0.125,0.15384615384615385,0.4688553197681284,0.684375,0.9257390952697939
environment_predictor_test,leave_predictor_out,,mean_matching,env__v~replogleweissman2022%5Fk562%5Fessential__v~k562__v~rna__v~essential%5Fgene%5Fscreen,replogle_k562_essential,mean_matching,u_p_rf,93.0,0.7915159927765815,0.5770056142740173,0.21451037850256416,0.2970674177872388,0.7793714046364927,0.7738077197275167,0.7801945505356191,0.4893617021276596,0.5066666666666666,0.7954581640374142,0.5,0.4838709677419355
environment_predictor_test,leave_predictor_out,,strong_linear,env__v~replogleweissman2022%5Fk562%5Fessential__v~k562__v~rna__v~essential%5Fgene%5Fscreen,replogle_k562_essential,strong_linear,u_p_rf,93.0,0.6723281507538361,0.5376240737491409,0.13470407700469522,0.24626376495883107,0.757343897686017,0.7443692347566984,0.7444974111037828,0.5106382978723405,0.5066666666666666,0.6911254530786188,0.5643518518518519,0.64396271400659
environment_predictor_test,leave_predictor_out,,slim_string,env__v~replogleweissman2022%5Fk562%5Fessential__v~k562__v~rna__v~essential%5Fgene%5Fscreen,replogle_k562_essential,slim_string,u_p_rf,93.0,0.6337112331353439,0.5321191892393498,0.10159204389599419,0.20728947451479596,0.7713061512433951,0.6722860951637332,0.7301712472639728,0.44680851063829785,0.5066666666666666,0.6009838852235746,0.7321937321937321,0.6876036743781594
environment_predictor_test,leave_predictor_out,,mean_matching,env__v~replogleweissman2022%5Frpe1__v~rpe1__v~rna__v~baseline,replogle_rpe1,mean_matching,u_p_rf,33.0,0.8873168748112927,0.7215386449312239,0.16577822988006885,0.30609083606548143,0.859642898564754,0.8497048259500148,0.8688327582564279,0.5882352941176471,0.6296296296296297,0.8098630841772035,0.5,0.3939393939393939
environment_predictor_test,leave_predictor_out,,strong_linear,env__v~replogleweissman2022%5Frpe1__v~rpe1__v~rna__v~baseline,replogle_rpe1,strong_linear,u_p_rf,33.0,0.7937826882305243,0.6007485958133527,0.19303409241717162,0.23855618955901986,0.8292160957791618,0.7663751608584052,0.8396624609679789,0.5294117647058824,0.6296296296296297,0.6842492167546527,0.6547619047619049,0.522294895120982
environment_predictor_test,leave_predictor_out,,slim_string,env__v~replogleweissman2022%5Frpe1__v~rpe1__v~rna__v~baseline,replogle_rpe1,slim_string,u_p_rf,33.0,0.8592971541984006,0.7578722046654124,0.1014249495329882,0.22777952012167754,0.9195494451600995,0.9079082934172691,0.9079016239957354,0.7058823529411764,0.7777777777777778,0.6455183120606616,0.7777777777777778,0.5916305916305916
environment_predictor_test,leave_predictor_out,,mean_matching,env__v~tiankampmann2021%5Fcrispra__v~ipsc-induced%5Fneuron__v~rna__v~baseline,tian_neuron_crispra,mean_matching,u_p_rf,20.0,0.5176521073908924,0.3804257653013967,0.1372263420894957,0.07603875216166105,0.5087434064837357,0.48323909583265684,0.5126015514615948,0.0,0.0625,0.3106902557822511,0.5,0.95
environment_predictor_test,leave_predictor_out,,strong_linear,env__v~tiankampmann2021%5Fcrispra__v~ipsc-induced%5Fneuron__v~rna__v~baseline,tian_neuron_crispra,strong_linear,u_p_rf,20.0,0.4542385586474823,0.3869144285229442,0.06732413012453808,0.41324539863417586,0.5047267864697625,0.4408927557263736,0.490627547060353,0.0,0.0625,1.0832861590830605,0.5789473684210527,0.973972159003526
environment_predictor_test,leave_predictor_out,,slim_string,env__v~tiankampmann2021%5Fcrispra__v~ipsc-induced%5Fneuron__v~rna__v~baseline,tian_neuron_crispra,slim_string,u_p_rf,20.0,0.5892717018451201,0.5019118722424825,0.08735982960263766,0.43896373580752285,0.6154471617185702,0.6159978167735539,0.6155797148677462,0.19999999999999996,0.125,1.1136990374721545,0.18055555555555555,0.835568609523718
environment_predictor_test,leave_predictor_out,,mean_matching,env__v~tiankampmann2021%5Fcrispri__v~ipsc-induced%5Fneuron__v~rna__v~baseline,tian_neuron_crispri,mean_matching,u_p_rf,38.0,0.5054552172286039,0.4617328981043422,0.043722319124261666,0.0001230743990176693,0.4999293473009634,0.49915610201122607,0.5052995260493006,0.0,0.0,0.011155886310987684,,
environment_predictor_test,leave_predictor_out,,strong_linear,env__v~tiankampmann2021%5Fcrispri__v~ipsc-induced%5Fneuron__v~rna__v~baseline,tian_neuron_crispri,strong_linear,u_p_rf,38.0,0.5075630676273117,0.4737235613134159,0.03383950631389582,0.12168744623193482,0.510458638748987,0.49065430734609666,0.5092904858434466,0.0,0.0,0.4076208902209082,,
environment_predictor_test,leave_predictor_out,,slim_string,env__v~tiankampmann2021%5Fcrispri__v~ipsc-induced%5Fneuron__v~rna__v~baseline,tian_neuron_crispri,slim_string,u_p_rf,38.0,0.5878183791678929,0.5376143623043681,0.050204016863524825,0.38309531618159404,0.6034630091220339,0.5914790979658733,0.6057407070950614,0.052631578947368474,0.06451612903225812,0.9602041229208718,0.4027777777777778,0.9502620006402605
environment_predictor_test,leave_predictor_out,,mean_matching,env__v~frangiehizar2021%5Frna__v~patient-derived%5Fmelanoma__v~rna__v~co-culture,frangieh_melanoma_coculture,mean_matching,u_ps_rf,50.0,0.7397026551461781,0.6787211852723664,0.0609814698738117,0.17408241513967376,0.7550347183999443,0.7524479188775937,0.754750249792928,0.16000000000000003,0.19999999999999996,0.5697096820524059,0.5,0.8
environment_predictor_test,leave_predictor_out,,strong_linear,env__v~frangiehizar2021%5Frna__v~patient-derived%5Fmelanoma__v~rna__v~co-culture,frangieh_melanoma_coculture,strong_linear,u_ps_rf,50.0,0.8066624974799704,0.7635040250906219,0.04315847238934856,0.17545872198441187,0.8420348245147903,0.7851091365087679,0.8207731605378156,0.52,0.65,0.5237024508154284,0.7599206349206349,0.483409475568101
environment_predictor_test,leave_predictor_out,,slim_string,env__v~frangiehizar2021%5Frna__v~patient-derived%5Fmelanoma__v~rna__v~co-culture,frangieh_melanoma_coculture,slim_string,u_ps_rf,50.0,0.9204705084556806,0.8647232642119446,0.055747244243736005,0.07490246992989652,0.9500725360299139,0.934164661711638,0.946983979197723,0.92,0.95,0.3055342687767947,0.8854166666666667,0.5769230769230769
environment_predictor_test,leave_predictor_out,,mean_matching,env__v~frangiehizar2021%5Frna__v~patient-derived%5Fmelanoma__v~rna__v~control,frangieh_melanoma_control,mean_matching,u_ps_rf,50.0,0.7456517950796271,0.6026487313721755,0.14300306370745164,0.21703319023198198,0.7171454210472811,0.7334673359555294,0.7243946453737513,0.28,0.275,0.743059083958837,0.5,0.76
environment_predictor_test,leave_predictor_out,,strong_linear,env__v~frangiehizar2021%5Frna__v~patient-derived%5Fmelanoma__v~rna__v~control,frangieh_melanoma_control,strong_linear,u_ps_rf,50.0,0.7243726503519425,0.6720626208819184,0.052310029470024166,0.19920087821320567,0.777104416378988,0.7245418131983634,0.7661745620019077,0.28,0.44999999999999996,0.5848642061115384,0.776,0.7965055633014697
environment_predictor_test,leave_predictor_out,,slim_string,env__v~frangiehizar2021%5Frna__v~patient-derived%5Fmelanoma__v~rna__v~control,frangieh_melanoma_control,slim_string,u_ps_rf,50.0,0.8284044698805643,0.7526906450990157,0.07571382478154853,0.16980777684132484,0.8724082301466838,0.8270479241704429,0.8801964013661319,0.6,0.725,0.5219691381405299,0.6943866943866944,0.5723777625904755
environment_predictor_test,leave_predictor_out,,mean_matching,env__v~frangiehizar2021%5Frna__v~patient-derived%5Fmelanoma__v~rna__v~ifn%CE%B3,frangieh_melanoma_ifng,mean_matching,u_ps_rf,50.0,0.5608431762150446,0.49741679541617256,0.06342638079887208,0.1610938541363983,0.6375559511946086,0.5546442620780124,0.6250904988531991,0.040000000000000036,0.17500000000000004,0.5493479656167319,0.5,0.82
environment_predictor_test,leave_predictor_out,,strong_linear,env__v~frangiehizar2021%5Frna__v~patient-derived%5Fmelanoma__v~rna__v~ifn%CE%B3,frangieh_melanoma_ifng,strong_linear,u_ps_rf,50.0,0.6424976277475356,0.5717684312323943,0.07072919651514131,0.24388380564196951,0.6974066282979335,0.6433543156467184,0.6603036911640212,0.19999999999999996,0.19999999999999996,0.6804105205100871,0.700952380952381,0.8011586190155333
environment_predictor_test,leave_predictor_out,,slim_string,env__v~frangiehizar2021%5Frna__v~patient-derived%5Fmelanoma__v~rna__v~ifn%CE%B3,frangieh_melanoma_ifng,slim_string,u_ps_rf,50.0,0.7706881027932893,0.6714314665909243,0.09925663620236491,0.18219766207011223,0.8285468374378812,0.8169990293856862,0.8283990570410106,0.72,0.75,0.5541573758755465,0.5395010395010394,0.4166932399062549
environment_predictor_test,leave_predictor_out,,mean_matching,env__v~normanweissman2019%5Ffiltered__v~k562__v~rna__v~baseline,norman_k562,mean_matching,u_ps_rf,48.0,0.16760998069806265,0.12084042900526777,0.04676955169279488,0.10349607884791971,0.2966633274257894,0.14295205712708137,0.2466479414413896,0.04166666666666663,0.07692307692307687,0.3614172328314485,0.7395348837209302,0.9609047653344667
environment_predictor_test,leave_predictor_out,,strong_linear,env__v~normanweissman2019%5Ffiltered__v~k562__v~rna__v~baseline,norman_k562,strong_linear,u_ps_rf,48.0,0.46421919286452024,0.18967289876892068,0.27454629409559955,0.17280774630964624,0.447306349696184,0.47411652957485356,0.42098011585971956,0.20833333333333337,0.17948717948717952,0.5315959946948848,0.4245014245014245,0.7907238766972664
environment_predictor_test,leave_predictor_out,,slim_string,env__v~normanweissman2019%5Ffiltered__v~k562__v~rna__v~baseline,norman_k562,slim_string,u_ps_rf,48.0,0.24525542598145855,0.17436390373908395,0.0708915222423746,0.13640078632636832,0.4019947912583226,0.25745332284385564,0.32213707927762963,0.08333333333333337,0.10256410256410253,0.4293210887811396,0.753125,0.9418216693319199
environment_predictor_test,leave_predictor_out,,mean_matching,env__v~replogleweissman2022%5Fk562%5Fessential__v~k562__v~rna__v~essential%5Fgene%5Fscreen,replogle_k562_essential,mean_matching,u_ps_rf,93.0,0.7915159927765815,0.5770056142740173,0.21451037850256416,0.30057924339214653,0.7793714046364927,0.7738077197275167,0.7801945505356191,0.4893617021276596,0.5066666666666666,0.803908240482767,0.5,0.4838709677419355
environment_predictor_test,leave_predictor_out,,strong_linear,env__v~replogleweissman2022%5Fk562%5Fessential__v~k562__v~rna__v~essential%5Fgene%5Fscreen,replogle_k562_essential,strong_linear,u_ps_rf,93.0,0.6894895939418716,0.5376240737491409,0.1518655201927307,0.2550526624147119,0.757343897686017,0.7548318135131136,0.7589269260054863,0.574468085106383,0.5333333333333333,0.7088894139813635,0.5208333333333334,0.5979177662266776
environment_predictor_test,leave_predictor_out,,slim_string,env__v~replogleweissman2022%5Fk562%5Fessential__v~k562__v~rna__v~essential%5Fgene%5Fscreen,replogle_k562_essential,slim_string,u_ps_rf,93.0,0.6482772291690551,0.5321191892393498,0.1161580399297053,0.21437122709515527,0.7713061512433951,0.6561809186721557,0.72793598575426,0.4042553191489362,0.5066666666666666,0.6166164678555219,0.738366571699905,0.6836834856864671
environment_predictor_test,leave_predictor_out,,mean_matching,env__v~replogleweissman2022%5Frpe1__v~rpe1__v~rna__v~baseline,replogle_rpe1,mean_matching,u_ps_rf,33.0,0.8873168748112927,0.7215386449312239,0.16577822988006885,0.30937445186376417,0.859642898564754,0.8497048259500148,0.8688327582564279,0.5882352941176471,0.6296296296296297,0.8171445025494468,0.5,0.3939393939393939
environment_predictor_test,leave_predictor_out,,strong_linear,env__v~replogleweissman2022%5Frpe1__v~rpe1__v~rna__v~baseline,replogle_rpe1,strong_linear,u_ps_rf,33.0,0.7863918555852882,0.6007485958133527,0.18564325977193552,0.2415804411890561,0.8292160957791618,0.7525111008736152,0.8217767740981877,0.47058823529411764,0.5925925925925926,0.6854516697638442,0.7142857142857143,0.5667795127924438
environment_predictor_test,leave_predictor_out,,slim_string,env__v~replogleweissman2022%5Frpe1__v~rpe1__v~rna__v~baseline,replogle_rpe1,slim_string,u_ps_rf,33.0,0.8890778302904391,0.7578722046654124,0.1312056256250267,0.1799333212421748,0.9195494451600995,0.9119216520323243,0.9274945643998774,0.7058823529411764,0.8148148148148149,0.547722677214654,0.7407407407407408,0.4396494708994709
environment_predictor_test,leave_predictor_out,,mean_matching,env__v~tiankampmann2021%5Fcrispra__v~ipsc-induced%5Fneuron__v~rna__v~baseline,tian_neuron_crispra,mean_matching,u_ps_rf,20.0,0.5176521073908924,0.3804257653013967,0.1372263420894957,0.08578419140897164,0.5087434064837357,0.48323909583265684,0.5126015514615948,0.0,0.0625,0.33801047884013596,0.5,0.95
environment_predictor_test,leave_predictor_out,,strong_linear,env__v~tiankampmann2021%5Fcrispra__v~ipsc-induced%5Fneuron__v~rna__v~baseline,tian_neuron_crispra,strong_linear,u_ps_rf,20.0,0.4628352541389531,0.3869144285229442,0.07592082561600888,0.39665067932115217,0.5047267864697625,0.45352333038901715,0.48772978677131607,0.0,0.0625,1.0373528892192962,0.5789473684210527,0.973972159003526
environment_predictor_test,leave_predictor_out,,slim_string,env__v~tiankampmann2021%5Fcrispra__v~ipsc-induced%5Fneuron__v~rna__v~baseline,tian_neuron_crispra,slim_string,u_ps_rf,20.0,0.588599075865068,0.5019118722424825,0.08668720362258553,0.4862282513521851,0.6154471617185702,0.5985150115203246,0.6109032935030815,0.19999999999999996,0.125,1.2308781820241435,0.18055555555555555,0.8137432126983212
environment_predictor_test,leave_predictor_out,,mean_matching,env__v~tiankampmann2021%5Fcrispri__v~ipsc-induced%5Fneuron__v~rna__v~baseline,tian_neuron_crispri,mean_matching,u_ps_rf,38.0,0.5054552172286039,0.4617328981043422,0.043722319124261666,0.0002052897808341636,0.4999293473009634,0.49915610201122607,0.5052995260493006,0.0,0.0,0.014431573083619054,,
environment_predictor_test,leave_predictor_out,,strong_linear,env__v~tiankampmann2021%5Fcrispri__v~ipsc-induced%5Fneuron__v~rna__v~baseline,tian_neuron_crispri,strong_linear,u_ps_rf,38.0,0.506712505437082,0.4737235613134159,0.0329889441236661,0.12965708874323706,0.510458638748987,0.49065430734609666,0.5113737177172839,0.0,0.0,0.42804899473670127,,
environment_predictor_test,leave_predictor_out,,slim_string,env__v~tiankampmann2021%5Fcrispri__v~ipsc-induced%5Fneuron__v~rna__v~baseline,tian_neuron_crispri,slim_string,u_ps_rf,38.0,0.580747747514263,0.5376143623043681,0.04313338520989485,0.392737580406389,0.6034630091220339,0.5828938269902982,0.6048209256242595,0.052631578947368474,0.06451612903225812,0.9829407798393068,0.4583333333333333,0.9561119860011154
environment_predictor_test,leave_predictor_out,,mean_matching,env__v~frangiehizar2021%5Frna__v~patient-derived%5Fmelanoma__v~rna__v~co-culture,frangieh_melanoma_coculture,mean_matching,u_psn_rf,50.0,0.7397026551461781,0.6787211852723664,0.0609814698738117,0.17063668375550312,0.7550347183999443,0.7524479188775937,0.754750249792928,0.16000000000000003,0.19999999999999996,0.5483931668457147,0.5,0.8
environment_predictor_test,leave_predictor_out,,strong_linear,env__v~frangiehizar2021%5Frna__v~patient-derived%5Fmelanoma__v~rna__v~co-culture,frangieh_melanoma_coculture,strong_linear,u_psn_rf,50.0,0.806194987201945,0.7635040250906219,0.04269096211132317,0.17349736683407443,0.8420348245147903,0.7851091365087679,0.8186600643848372,0.52,0.65,0.5199251893502292,0.7599206349206349,0.4870321686644783
environment_predictor_test,leave_predictor_out,,slim_string,env__v~frangiehizar2021%5Frna__v~patient-derived%5Fmelanoma__v~rna__v~co-culture,frangieh_melanoma_coculture,slim_string,u_psn_rf,50.0,0.9180895765560082,0.8647232642119446,0.05336631234406364,0.0653165637454447,0.9500725360299139,0.9341659056560551,0.9452340436630136,0.92,0.95,0.28129744210673097,0.9166666666666667,0.6
environment_predictor_test,leave_predictor_out,,mean_matching,env__v~frangiehizar2021%5Frna__v~patient-derived%5Fmelanoma__v~rna__v~control,frangieh_melanoma_control,mean_matching,u_psn_rf,50.0,0.7456517950796271,0.6026487313721755,0.14300306370745164,0.21715766447882737,0.7171454210472811,0.7334673359555294,0.7243946453737513,0.28,0.275,0.7442831265184696,0.5,0.76
environment_predictor_test,leave_predictor_out,,strong_linear,env__v~frangiehizar2021%5Frna__v~patient-derived%5Fmelanoma__v~rna__v~control,frangieh_melanoma_control,strong_linear,u_psn_rf,50.0,0.7266417977006436,0.6720626208819184,0.05457917681872526,0.20060367837999718,0.777104416378988,0.7245418131983634,0.7661745620019077,0.28,0.44999999999999996,0.5880712474033288,0.7728,0.792640590580887
environment_predictor_test,leave_predictor_out,,slim_string,env__v~frangiehizar2021%5Frna__v~patient-derived%5Fmelanoma__v~rna__v~control,frangieh_melanoma_control,slim_string,u_psn_rf,50.0,0.8236366510512925,0.7526906450990157,0.07094600595227674,0.16759210652733414,0.8724082301466838,0.8319688105373113,0.8794240344673605,0.6,0.725,0.5155537874101185,0.7380457380457381,0.6208869547955209
environment_predictor_test,leave_predictor_out,,mean_matching,env__v~frangiehizar2021%5Frna__v~patient-derived%5Fmelanoma__v~rna__v~ifn%CE%B3,frangieh_melanoma_ifng,mean_matching,u_psn_rf,50.0,0.5608431762150446,0.49741679541617256,0.06342638079887208,0.16000760368431863,0.6375559511946086,0.5546442620780124,0.6250904988531991,0.040000000000000036,0.17500000000000004,0.5405593437526721,0.5,0.82
environment_predictor_test,leave_predictor_out,,strong_linear,env__v~frangiehizar2021%5Frna__v~patient-derived%5Fmelanoma__v~rna__v~ifn%CE%B3,frangieh_melanoma_ifng,strong_linear,u_psn_rf,50.0,0.6536050844395378,0.5717684312323943,0.0818366532071435,0.24337408257937498,0.6974066282979335,0.6433543156467184,0.6603036911640212,0.19999999999999996,0.19999999999999996,0.6788345882600682,0.6933333333333334,0.7841518162944447
environment_predictor_test,leave_predictor_out,,slim_string,env__v~frangiehizar2021%5Frna__v~patient-derived%5Fmelanoma__v~rna__v~ifn%CE%B3,frangieh_melanoma_ifng,slim_string,u_psn_rf,50.0,0.7674681214231366,0.6714314665909243,0.09603665483221224,0.17771443752453298,0.8285468374378812,0.8079694139366773,0.8291110607537219,0.72,0.75,0.5429463308116117,0.5686070686070686,0.4541948120232116
environment_predictor_test,leave_predictor_out,,mean_matching,env__v~normanweissman2019%5Ffiltered__v~k562__v~rna__v~baseline,norman_k562,mean_matching,u_psn_rf,48.0,0.17352278714773742,0.12084042900526777,0.052682358142469646,0.0983080201848725,0.2966633274257894,0.13797157005758245,0.2552177321299259,0.04166666666666663,0.07692307692307687,0.34624109439587514,0.6883720930232557,0.9536212854296127
environment_predictor_test,leave_predictor_out,,strong_linear,env__v~normanweissman2019%5Ffiltered__v~k562__v~rna__v~baseline,norman_k562,strong_linear,u_psn_rf,48.0,0.4443894243709939,0.18967289876892068,0.2547165256020732,0.17278082190998623,0.447306349696184,0.4591023059817192,0.4209801158597196,0.20833333333333337,0.17948717948717952,0.5320701577455282,0.452991452991453,0.7955743741135002
environment_predictor_test,leave_predictor_out,,slim_string,env__v~normanweissman2019%5Ffiltered__v~k562__v~rna__v~baseline,norman_k562,slim_string,u_psn_rf,48.0,0.23425768524661986,0.17436390373908395,0.05989378150753591,0.14376175419252726,0.4019947912583226,0.1857489482568809,0.336736891848732,0.04166666666666663,0.1282051282051282,0.44500831374385746,0.759375,0.9402497055816132
environment_predictor_test,leave_predictor_out,,mean_matching,env__v~replogleweissman2022%5Fk562%5Fessential__v~k562__v~rna__v~essential%5Fgene%5Fscreen,replogle_k562_essential,mean_matching,u_psn_rf,93.0,0.7915159927765815,0.5770056142740173,0.21451037850256416,0.29779770662034644,0.7793714046364927,0.7738077197275167,0.7801945505356191,0.4893617021276596,0.5066666666666666,0.7972045004939138,0.5,0.4838709677419355
environment_predictor_test,leave_predictor_out,,strong_linear,env__v~replogleweissman2022%5Fk562%5Fessential__v~k562__v~rna__v~essential%5Fgene%5Fscreen,replogle_k562_essential,strong_linear,u_psn_rf,93.0,0.684130557174395,0.5376240737491409,0.14650648342525407,0.25336602543049674,0.757343897686017,0.7419710762142516,0.7501367175312432,0.5531914893617021,0.52,0.7052204415352283,0.55,0.6112610298353401
environment_predictor_test,leave_predictor_out,,slim_string,env__v~replogleweissman2022%5Fk562%5Fessential__v~k562__v~rna__v~essential%5Fgene%5Fscreen,replogle_k562_essential,slim_string,u_psn_rf,93.0,0.6432996619125927,0.5321191892393498,0.11118047267324294,0.22183040308408936,0.7713061512433951,0.652211399048411,0.7260572302338744,0.4042553191489362,0.5066666666666666,0.6312645894276429,0.7412155745489079,0.688359517419463
environment_predictor_test,leave_predictor_out,,mean_matching,env__v~replogleweissman2022%5Frpe1__v~rpe1__v~rna__v~baseline,replogle_rpe1,mean_matching,u_psn_rf,33.0,0.8873168748112927,0.7215386449312239,0.16577822988006885,0.30257703466934943,0.859642898564754,0.8497048259500148,0.8688327582564279,0.5882352941176471,0.6296296296296297,0.8021400226055581,0.5,0.3939393939393939
environment_predictor_test,leave_predictor_out,,strong_linear,env__v~replogleweissman2022%5Frpe1__v~rpe1__v~rna__v~baseline,replogle_rpe1,strong_linear,u_psn_rf,33.0,0.7911391641374683,0.6007485958133527,0.1903905683241156,0.24224985175219915,0.8292160957791618,0.7706000772520688,0.8225524915244362,0.47058823529411764,0.5925925925925926,0.6872971171062765,0.6865079365079365,0.549326903364571
environment_predictor_test,leave_predictor_out,,slim_string,env__v~replogleweissman2022%5Frpe1__v~rpe1__v~rna__v~baseline,replogle_rpe1,slim_string,u_psn_rf,33.0,0.866835604973027,0.7578722046654124,0.10896340030761464,0.15728896904249395,0.9195494451600995,0.9190917484624066,0.9137694403491052,0.7058823529411764,0.7777777777777778,0.4973292589413668,0.7685185185185185,0.6175925925925926
environment_predictor_test,leave_predictor_out,,mean_matching,env__v~tiankampmann2021%5Fcrispra__v~ipsc-induced%5Fneuron__v~rna__v~baseline,tian_neuron_crispra,mean_matching,u_psn_rf,20.0,0.5176521073908924,0.3804257653013967,0.1372263420894957,0.07619285024902606,0.5087434064837357,0.48323909583265684,0.5126015514615948,0.0,0.0625,0.3111404927750086,0.5,0.95
environment_predictor_test,leave_predictor_out,,strong_linear,env__v~tiankampmann2021%5Fcrispra__v~ipsc-induced%5Fneuron__v~rna__v~baseline,tian_neuron_crispra,strong_linear,u_psn_rf,20.0,0.4734185759769165,0.3869144285229442,0.08650414745397228,0.3774054306033233,0.5047267864697625,0.45352333038901715,0.48772978677131607,0.0,0.0625,0.9859179584028567,0.631578947368421,0.9780207419994773
environment_predictor_test,leave_predictor_out,,slim_string,env__v~tiankampmann2021%5Fcrispra__v~ipsc-induced%5Fneuron__v~rna__v~baseline,tian_neuron_crispra,slim_string,u_psn_rf,20.0,0.587393487862397,0.5019118722424825,0.08548161561991452,0.5124112466071142,0.6154471617185702,0.5985150115203246,0.6109032935030815,0.19999999999999996,0.125,1.2970071660982618,0.20833333333333334,0.8191444472662223
environment_predictor_test,leave_predictor_out,,mean_matching,env__v~tiankampmann2021%5Fcrispri__v~ipsc-induced%5Fneuron__v~rna__v~baseline,tian_neuron_crispri,mean_matching,u_psn_rf,38.0,0.5054552172286039,0.4617328981043422,0.043722319124261666,0.00038105901587045106,0.4999293473009634,0.49915610201122607,0.5052995260493006,0.0,0.0,0.01971377887753516,,
environment_predictor_test,leave_predictor_out,,strong_linear,env__v~tiankampmann2021%5Fcrispri__v~ipsc-induced%5Fneuron__v~rna__v~baseline,tian_neuron_crispri,strong_linear,u_psn_rf,38.0,0.5062913396323222,0.4737235613134159,0.03256777831890628,0.12480353695572019,0.510458638748987,0.4906543073460967,0.511373717717284,0.0,0.0,0.41782782637553817,,
environment_predictor_test,leave_predictor_out,,slim_string,env__v~tiankampmann2021%5Fcrispri__v~ipsc-induced%5Fneuron__v~rna__v~baseline,tian_neuron_crispri,slim_string,u_psn_rf,38.0,0.574025603870422,0.5376143623043681,0.03641124156605391,0.4353511069369247,0.6034630091220339,0.5780438194009999,0.6057407070950611,0.10526315789473684,0.06451612903225812,1.0852270627393787,0.4305555555555556,0.9576552388997268
