candidate_id,estimand,analysis_label,source_context_id,left_target_context_id,right_target_context_id,metric,split_seed,member_pair,n_perturbations,eligibility_min_cells,cross_d,measurement_left_d,measurement_right_d,measurement_floor_max_d,joint_left_d,joint_right_d,joint_floor_max_d,delta_meas,delta_joint,raw_split_contract,budget_contract,refit_per_metric
nadig_hepg2_vs_jurkat,matched_budget_source_frozen_replication,primary_min20,nadig_hepg2,nadig_hepg2,nadig_jurkat,absolute_effect_rank_agreement,20260908,"0,1",2086,20,0.3171490420319545,0.2375825130882829,0.1886460151150412,0.2375825130882829,0.2675033511062674,0.2420950679533075,0.2675033511062674,0.0795665289436715,0.049645690925687,raw cells; independent full-size with-replacement pseudo-replicates within context×perturbation; controls resampled independently,"min(n_left,n_right) cells per full-size pseudo-replicate",0
nadig_hepg2_vs_jurkat,matched_budget_source_frozen_replication,primary_min20,nadig_hepg2,nadig_hepg2,nadig_jurkat,absolute_effect_rank_agreement,20260908,"0,2",2086,20,0.3171490420319545,0.2375825130882829,0.1886460151150412,0.2375825130882829,0.2703772552427856,0.2612251138686366,0.2703772552427856,0.0795665289436715,0.0467717867891688,raw cells; independent full-size with-replacement pseudo-replicates within context×perturbation; controls resampled independently,"min(n_left,n_right) cells per full-size pseudo-replicate",0
nadig_hepg2_vs_jurkat,matched_budget_source_frozen_replication,primary_min20,nadig_hepg2,nadig_hepg2,nadig_jurkat,absolute_effect_rank_agreement,20260908,"1,2",2086,20,0.3171490420319545,0.2375825130882829,0.1886460151150412,0.2375825130882829,0.2668088731316002,0.2491398635645654,0.2668088731316002,0.0795665289436715,0.0503401689003543,raw cells; independent full-size with-replacement pseudo-replicates within context×perturbation; controls resampled independently,"min(n_left,n_right) cells per full-size pseudo-replicate",0
nadig_hepg2_vs_jurkat,matched_budget_source_frozen_replication,primary_min20,nadig_hepg2,nadig_hepg2,nadig_jurkat,delta_cosine,20260908,"0,1",2086,20,0.299393007166654,0.1786191372884434,0.1659840296506802,0.1786191372884434,0.1936243909953532,0.2005991755014013,0.2005991755014013,0.1207738698782105,0.0987938316652526,raw cells; independent full-size with-replacement pseudo-replicates within context×perturbation; controls resampled independently,"min(n_left,n_right) cells per full-size pseudo-replicate",0
nadig_hepg2_vs_jurkat,matched_budget_source_frozen_replication,primary_min20,nadig_hepg2,nadig_hepg2,nadig_jurkat,delta_cosine,20260908,"0,2",2086,20,0.299393007166654,0.1786191372884434,0.1659840296506802,0.1786191372884434,0.1879031386587757,0.1909339642380055,0.1909339642380055,0.1207738698782105,0.1084590429286484,raw cells; independent full-size with-replacement pseudo-replicates within context×perturbation; controls resampled independently,"min(n_left,n_right) cells per full-size pseudo-replicate",0
nadig_hepg2_vs_jurkat,matched_budget_source_frozen_replication,primary_min20,nadig_hepg2,nadig_hepg2,nadig_jurkat,delta_cosine,20260908,"1,2",2086,20,0.299393007166654,0.1786191372884434,0.1659840296506802,0.1786191372884434,0.1906303528605686,0.1955734357863661,0.1955734357863661,0.1207738698782105,0.1038195713802879,raw cells; independent full-size with-replacement pseudo-replicates within context×perturbation; controls resampled independently,"min(n_left,n_right) cells per full-size pseudo-replicate",0
nadig_hepg2_vs_jurkat,matched_budget_source_frozen_replication,primary_min20,nadig_hepg2,nadig_hepg2,nadig_jurkat,systema_centroid_accuracy,20260908,"0,1",2086,20,0.3288706714398375,0.2354630964451833,0.2071758508820939,0.2354630964451833,0.2481630419537811,0.2555040914535869,0.2555040914535869,0.0934075749946542,0.0733665799862506,raw cells; independent full-size with-replacement pseudo-replicates within context×perturbation; controls resampled independently,"min(n_left,n_right) cells per full-size pseudo-replicate",0
nadig_hepg2_vs_jurkat,matched_budget_source_frozen_replication,primary_min20,nadig_hepg2,nadig_hepg2,nadig_jurkat,systema_centroid_accuracy,20260908,"0,2",2086,20,0.3288706714398375,0.2354630964451833,0.2071758508820939,0.2354630964451833,0.2438075234922321,0.2374676672851556,0.2438075234922321,0.0934075749946542,0.0850631479476054,raw cells; independent full-size with-replacement pseudo-replicates within context×perturbation; controls resampled independently,"min(n_left,n_right) cells per full-size pseudo-replicate",0
nadig_hepg2_vs_jurkat,matched_budget_source_frozen_replication,primary_min20,nadig_hepg2,nadig_hepg2,nadig_jurkat,systema_centroid_accuracy,20260908,"1,2",2086,20,0.3288706714398375,0.2354630964451833,0.2071758508820939,0.2354630964451833,0.2411235345376623,0.2262718684113112,0.2411235345376623,0.0934075749946542,0.0877471369021752,raw cells; independent full-size with-replacement pseudo-replicates within context×perturbation; controls resampled independently,"min(n_left,n_right) cells per full-size pseudo-replicate",0
nadig_hepg2_vs_jurkat,matched_budget_source_frozen_replication,primary_min20,nadig_jurkat,nadig_hepg2,nadig_jurkat,absolute_effect_rank_agreement,20260908,"0,1",2086,20,0.2781260705721137,0.2205982098309846,0.1597255656644387,0.2205982098309846,0.2514895466177393,0.2310336582124521,0.2514895466177393,0.057527860741129,0.0266365239543743,raw cells; independent full-size with-replacement pseudo-replicates within context×perturbation; controls resampled independently,"min(n_left,n_right) cells per full-size pseudo-replicate",0
nadig_hepg2_vs_jurkat,matched_budget_source_frozen_replication,primary_min20,nadig_jurkat,nadig_hepg2,nadig_jurkat,absolute_effect_rank_agreement,20260908,"0,2",2086,20,0.2781260705721137,0.2205982098309846,0.1597255656644387,0.2205982098309846,0.2642811158551586,0.2286318979332353,0.2642811158551586,0.057527860741129,0.013844954716955,raw cells; independent full-size with-replacement pseudo-replicates within context×perturbation; controls resampled independently,"min(n_left,n_right) cells per full-size pseudo-replicate",0
nadig_hepg2_vs_jurkat,matched_budget_source_frozen_replication,primary_min20,nadig_jurkat,nadig_hepg2,nadig_jurkat,absolute_effect_rank_agreement,20260908,"1,2",2086,20,0.2781260705721137,0.2205982098309846,0.1597255656644387,0.2205982098309846,0.2691672932028299,0.2370342652052854,0.2691672932028299,0.057527860741129,0.0089587773692837,raw cells; independent full-size with-replacement pseudo-replicates within context×perturbation; controls resampled independently,"min(n_left,n_right) cells per full-size pseudo-replicate",0
nadig_hepg2_vs_jurkat,matched_budget_source_frozen_replication,primary_min20,nadig_jurkat,nadig_hepg2,nadig_jurkat,delta_cosine,20260908,"0,1",2086,20,0.2995982121302,0.182199015476018,0.1665981500513874,0.182199015476018,0.1973748709565425,0.2059618652154019,0.2059618652154019,0.1173991966541819,0.093636346914798,raw cells; independent full-size with-replacement pseudo-replicates within context×perturbation; controls resampled independently,"min(n_left,n_right) cells per full-size pseudo-replicate",0
nadig_hepg2_vs_jurkat,matched_budget_source_frozen_replication,primary_min20,nadig_jurkat,nadig_hepg2,nadig_jurkat,delta_cosine,20260908,"0,2",2086,20,0.2995982121302,0.182199015476018,0.1665981500513874,0.182199015476018,0.1962535436655469,0.2034750339709057,0.2034750339709057,0.1173991966541819,0.0961231781592942,raw cells; independent full-size with-replacement pseudo-replicates within context×perturbation; controls resampled independently,"min(n_left,n_right) cells per full-size pseudo-replicate",0
nadig_hepg2_vs_jurkat,matched_budget_source_frozen_replication,primary_min20,nadig_jurkat,nadig_hepg2,nadig_jurkat,delta_cosine,20260908,"1,2",2086,20,0.2995982121302,0.182199015476018,0.1665981500513874,0.182199015476018,0.1929125539453384,0.1978766746909279,0.1978766746909279,0.1173991966541819,0.101721537439272,raw cells; independent full-size with-replacement pseudo-replicates within context×perturbation; controls resampled independently,"min(n_left,n_right) cells per full-size pseudo-replicate",0
nadig_hepg2_vs_jurkat,matched_budget_source_frozen_replication,primary_min20,nadig_jurkat,nadig_hepg2,nadig_jurkat,systema_centroid_accuracy,20260908,"0,1",2086,20,0.3327258806569317,0.2353685986972646,0.2066244990584713,0.2353685986972646,0.2453946717985151,0.2362560957945053,0.2453946717985151,0.0973572819596671,0.0873312088584166,raw cells; independent full-size with-replacement pseudo-replicates within context×perturbation; controls resampled independently,"min(n_left,n_right) cells per full-size pseudo-replicate",0
nadig_hepg2_vs_jurkat,matched_budget_source_frozen_replication,primary_min20,nadig_jurkat,nadig_hepg2,nadig_jurkat,systema_centroid_accuracy,20260908,"0,2",2086,20,0.3327258806569317,0.2353685986972646,0.2066244990584713,0.2353685986972646,0.2551382863028848,0.27704084096098,0.27704084096098,0.0973572819596671,0.0556850396959517,raw cells; independent full-size with-replacement pseudo-replicates within context×perturbation; controls resampled independently,"min(n_left,n_right) cells per full-size pseudo-replicate",0
nadig_hepg2_vs_jurkat,matched_budget_source_frozen_replication,primary_min20,nadig_jurkat,nadig_hepg2,nadig_jurkat,systema_centroid_accuracy,20260908,"1,2",2086,20,0.3327258806569317,0.2353685986972646,0.2066244990584713,0.2353685986972646,0.2457210454072025,0.2425437598147752,0.2457210454072025,0.0973572819596671,0.0870048352497292,raw cells; independent full-size with-replacement pseudo-replicates within context×perturbation; controls resampled independently,"min(n_left,n_right) cells per full-size pseudo-replicate",0
nadig_hepg2_vs_jurkat,matched_budget_source_frozen_replication,primary_min20,nadig_hepg2,nadig_hepg2,nadig_jurkat,absolute_effect_rank_agreement,20260909,"0,1",2086,20,0.3152720776399015,0.2360291632465839,0.1889922769358818,0.2360291632465839,0.2639480745221656,0.2403869809234108,0.2639480745221656,0.0792429143933175,0.0513240031177358,raw cells; independent full-size with-replacement pseudo-replicates within context×perturbation; controls resampled independently,"min(n_left,n_right) cells per full-size pseudo-replicate",0
nadig_hepg2_vs_jurkat,matched_budget_source_frozen_replication,primary_min20,nadig_hepg2,nadig_hepg2,nadig_jurkat,absolute_effect_rank_agreement,20260909,"0,2",2086,20,0.3152720776399015,0.2360291632465839,0.1889922769358818,0.2360291632465839,0.2687036564420563,0.2624800255672739,0.2687036564420563,0.0792429143933175,0.0465684211978451,raw cells; independent full-size with-replacement pseudo-replicates within context×perturbation; controls resampled independently,"min(n_left,n_right) cells per full-size pseudo-replicate",0
nadig_hepg2_vs_jurkat,matched_budget_source_frozen_replication,primary_min20,nadig_hepg2,nadig_hepg2,nadig_jurkat,absolute_effect_rank_agreement,20260909,"1,2",2086,20,0.3152720776399015,0.2360291632465839,0.1889922769358818,0.2360291632465839,0.2656245473419921,0.2544680650493986,0.2656245473419921,0.0792429143933175,0.0496475302979093,raw cells; independent full-size with-replacement pseudo-replicates within context×perturbation; controls resampled independently,"min(n_left,n_right) cells per full-size pseudo-replicate",0
nadig_hepg2_vs_jurkat,matched_budget_source_frozen_replication,primary_min20,nadig_hepg2,nadig_hepg2,nadig_jurkat,delta_cosine,20260909,"0,1",2086,20,0.2961388128231834,0.1908511924880038,0.1556846948136601,0.1908511924880038,0.2017308492611471,0.1907478427612655,0.2017308492611471,0.1052876203351796,0.0944079635620362,raw cells; independent full-size with-replacement pseudo-replicates within context×perturbation; controls resampled independently,"min(n_left,n_right) cells per full-size pseudo-replicate",0
nadig_hepg2_vs_jurkat,matched_budget_source_frozen_replication,primary_min20,nadig_hepg2,nadig_hepg2,nadig_jurkat,delta_cosine,20260909,"0,2",2086,20,0.2961388128231834,0.1908511924880038,0.1556846948136601,0.1908511924880038,0.1967630497711131,0.1811674725416215,0.1967630497711131,0.1052876203351796,0.0993757630520703,raw cells; independent full-size with-replacement pseudo-replicates within context×perturbation; controls resampled independently,"min(n_left,n_right) cells per full-size pseudo-replicate",0
nadig_hepg2_vs_jurkat,matched_budget_source_frozen_replication,primary_min20,nadig_hepg2,nadig_hepg2,nadig_jurkat,delta_cosine,20260909,"1,2",2086,20,0.2961388128231834,0.1908511924880038,0.1556846948136601,0.1908511924880038,0.1998861888437476,0.1847437869455154,0.1998861888437476,0.1052876203351796,0.0962526239794358,raw cells; independent full-size with-replacement pseudo-replicates within context×perturbation; controls resampled independently,"min(n_left,n_right) cells per full-size pseudo-replicate",0
nadig_hepg2_vs_jurkat,matched_budget_source_frozen_replication,primary_min20,nadig_hepg2,nadig_hepg2,nadig_jurkat,systema_centroid_accuracy,20260909,"0,1",2086,20,0.3202666629879223,0.2514228693746824,0.183140084289232,0.2514228693746824,0.2579860943459997,0.2400127836369447,0.2579860943459997,0.0688437936132398,0.0622805686419225,raw cells; independent full-size with-replacement pseudo-replicates within context×perturbation; controls resampled independently,"min(n_left,n_right) cells per full-size pseudo-replicate",0
nadig_hepg2_vs_jurkat,matched_budget_source_frozen_replication,primary_min20,nadig_hepg2,nadig_hepg2,nadig_jurkat,systema_centroid_accuracy,20260909,"0,2",2086,20,0.3202666629879223,0.2514228693746824,0.183140084289232,0.2514228693746824,0.2544101248243974,0.220307014216048,0.2544101248243974,0.0688437936132398,0.0658565381635248,raw cells; independent full-size with-replacement pseudo-replicates within context×perturbation; controls resampled independently,"min(n_left,n_right) cells per full-size pseudo-replicate",0
nadig_hepg2_vs_jurkat,matched_budget_source_frozen_replication,primary_min20,nadig_hepg2,nadig_hepg2,nadig_jurkat,systema_centroid_accuracy,20260909,"1,2",2086,20,0.3202666629879223,0.2514228693746824,0.183140084289232,0.2514228693746824,0.2535962026160471,0.2101694291738229,0.2535962026160471,0.0688437936132398,0.0666704603718751,raw cells; independent full-size with-replacement pseudo-replicates within context×perturbation; controls resampled independently,"min(n_left,n_right) cells per full-size pseudo-replicate",0
nadig_hepg2_vs_jurkat,matched_budget_source_frozen_replication,primary_min20,nadig_jurkat,nadig_hepg2,nadig_jurkat,absolute_effect_rank_agreement,20260909,"0,1",2086,20,0.2765689270252063,0.2203770253212578,0.156558166697706,0.2203770253212578,0.2512633038344013,0.2297916221193706,0.2512633038344013,0.0561919017039484,0.0253056231908049,raw cells; independent full-size with-replacement pseudo-replicates within context×perturbation; controls resampled independently,"min(n_left,n_right) cells per full-size pseudo-replicate",0
nadig_hepg2_vs_jurkat,matched_budget_source_frozen_replication,primary_min20,nadig_jurkat,nadig_hepg2,nadig_jurkat,absolute_effect_rank_agreement,20260909,"0,2",2086,20,0.2765689270252063,0.2203770253212578,0.156558166697706,0.2203770253212578,0.2626084367405404,0.2297434535593002,0.2626084367405404,0.0561919017039484,0.0139604902846658,raw cells; independent full-size with-replacement pseudo-replicates within context×perturbation; controls resampled independently,"min(n_left,n_right) cells per full-size pseudo-replicate",0
nadig_hepg2_vs_jurkat,matched_budget_source_frozen_replication,primary_min20,nadig_jurkat,nadig_hepg2,nadig_jurkat,absolute_effect_rank_agreement,20260909,"1,2",2086,20,0.2765689270252063,0.2203770253212578,0.156558166697706,0.2203770253212578,0.2641071802193911,0.2353361797618473,0.2641071802193911,0.0561919017039484,0.0124617468058151,raw cells; independent full-size with-replacement pseudo-replicates within context×perturbation; controls resampled independently,"min(n_left,n_right) cells per full-size pseudo-replicate",0
nadig_hepg2_vs_jurkat,matched_budget_source_frozen_replication,primary_min20,nadig_jurkat,nadig_hepg2,nadig_jurkat,delta_cosine,20260909,"0,1",2086,20,0.2984758501923293,0.1902097114254904,0.1561518953581142,0.1902097114254904,0.2029627688070061,0.1989909893753262,0.2029627688070061,0.1082661387668389,0.0955130813853232,raw cells; independent full-size with-replacement pseudo-replicates within context×perturbation; controls resampled independently,"min(n_left,n_right) cells per full-size pseudo-replicate",0
nadig_hepg2_vs_jurkat,matched_budget_source_frozen_replication,primary_min20,nadig_jurkat,nadig_hepg2,nadig_jurkat,delta_cosine,20260909,"0,2",2086,20,0.2984758501923293,0.1902097114254904,0.1561518953581142,0.1902097114254904,0.2009983192736319,0.1953338575544166,0.2009983192736319,0.1082661387668389,0.0974775309186974,raw cells; independent full-size with-replacement pseudo-replicates within context×perturbation; controls resampled independently,"min(n_left,n_right) cells per full-size pseudo-replicate",0
nadig_hepg2_vs_jurkat,matched_budget_source_frozen_replication,primary_min20,nadig_jurkat,nadig_hepg2,nadig_jurkat,delta_cosine,20260909,"1,2",2086,20,0.2984758501923293,0.1902097114254904,0.1561518953581142,0.1902097114254904,0.2001115119409745,0.190615178039735,0.2001115119409745,0.1082661387668389,0.0983643382513548,raw cells; independent full-size with-replacement pseudo-replicates within context×perturbation; controls resampled independently,"min(n_left,n_right) cells per full-size pseudo-replicate",0
nadig_hepg2_vs_jurkat,matched_budget_source_frozen_replication,primary_min20,nadig_jurkat,nadig_hepg2,nadig_jurkat,systema_centroid_accuracy,20260909,"0,1",2086,20,0.3220960336237242,0.2506130857538322,0.1816524920044788,0.2506130857538322,0.2559346195143597,0.221752530861217,0.2559346195143597,0.0714829478698919,0.0661614141093644,raw cells; independent full-size with-replacement pseudo-replicates within context×perturbation; controls resampled independently,"min(n_left,n_right) cells per full-size pseudo-replicate",0
nadig_hepg2_vs_jurkat,matched_budget_source_frozen_replication,primary_min20,nadig_jurkat,nadig_hepg2,nadig_jurkat,systema_centroid_accuracy,20260909,"0,2",2086,20,0.3220960336237242,0.2506130857538322,0.1816524920044788,0.2506130857538322,0.2622902253460893,0.2635529543766712,0.2635529543766712,0.0714829478698919,0.0585430792470529,raw cells; independent full-size with-replacement pseudo-replicates within context×perturbation; controls resampled independently,"min(n_left,n_right) cells per full-size pseudo-replicate",0
nadig_hepg2_vs_jurkat,matched_budget_source_frozen_replication,primary_min20,nadig_jurkat,nadig_hepg2,nadig_jurkat,systema_centroid_accuracy,20260909,"1,2",2086,20,0.3220960336237242,0.2506130857538322,0.1816524920044788,0.2506130857538322,0.2555046662574063,0.2254963430981006,0.2555046662574063,0.0714829478698919,0.0665913673663178,raw cells; independent full-size with-replacement pseudo-replicates within context×perturbation; controls resampled independently,"min(n_left,n_right) cells per full-size pseudo-replicate",0
nadig_hepg2_vs_jurkat,matched_budget_source_frozen_replication,primary_min20,nadig_hepg2,nadig_hepg2,nadig_jurkat,absolute_effect_rank_agreement,20260910,"0,1",2086,20,0.3150575608544804,0.2489341987579639,0.1817157204246191,0.2489341987579639,0.2722511156942135,0.2406457576029301,0.2722511156942135,0.0661233620965164,0.0428064451602668,raw cells; independent full-size with-replacement pseudo-replicates within context×perturbation; controls resampled independently,"min(n_left,n_right) cells per full-size pseudo-replicate",0
nadig_hepg2_vs_jurkat,matched_budget_source_frozen_replication,primary_min20,nadig_hepg2,nadig_hepg2,nadig_jurkat,absolute_effect_rank_agreement,20260910,"0,2",2086,20,0.3150575608544804,0.2489341987579639,0.1817157204246191,0.2489341987579639,0.2743488047529378,0.2633746502318758,0.2743488047529378,0.0661233620965164,0.0407087561015425,raw cells; independent full-size with-replacement pseudo-replicates within context×perturbation; controls resampled independently,"min(n_left,n_right) cells per full-size pseudo-replicate",0
nadig_hepg2_vs_jurkat,matched_budget_source_frozen_replication,primary_min20,nadig_hepg2,nadig_hepg2,nadig_jurkat,absolute_effect_rank_agreement,20260910,"1,2",2086,20,0.3150575608544804,0.2489341987579639,0.1817157204246191,0.2489341987579639,0.2722396196178244,0.2528865498205462,0.2722396196178244,0.0661233620965164,0.042817941236656,raw cells; independent full-size with-replacement pseudo-replicates within context×perturbation; controls resampled independently,"min(n_left,n_right) cells per full-size pseudo-replicate",0
nadig_hepg2_vs_jurkat,matched_budget_source_frozen_replication,primary_min20,nadig_hepg2,nadig_hepg2,nadig_jurkat,delta_cosine,20260910,"0,1",2086,20,0.3039105053445259,0.1938302857234825,0.1593620597290145,0.1938302857234825,0.2041299654427943,0.1917278832734388,0.2041299654427943,0.1100802196210433,0.0997805399017315,raw cells; independent full-size with-replacement pseudo-replicates within context×perturbation; controls resampled independently,"min(n_left,n_right) cells per full-size pseudo-replicate",0
nadig_hepg2_vs_jurkat,matched_budget_source_frozen_replication,primary_min20,nadig_hepg2,nadig_hepg2,nadig_jurkat,delta_cosine,20260910,"0,2",2086,20,0.3039105053445259,0.1938302857234825,0.1593620597290145,0.1938302857234825,0.20045466982119,0.1817732008065647,0.20045466982119,0.1100802196210433,0.1034558355233358,raw cells; independent full-size with-replacement pseudo-replicates within context×perturbation; controls resampled independently,"min(n_left,n_right) cells per full-size pseudo-replicate",0
nadig_hepg2_vs_jurkat,matched_budget_source_frozen_replication,primary_min20,nadig_hepg2,nadig_hepg2,nadig_jurkat,delta_cosine,20260910,"1,2",2086,20,0.3039105053445259,0.1938302857234825,0.1593620597290145,0.1938302857234825,0.2034888292625726,0.1860458325573482,0.2034888292625726,0.1100802196210433,0.1004216760819532,raw cells; independent full-size with-replacement pseudo-replicates within context×perturbation; controls resampled independently,"min(n_left,n_right) cells per full-size pseudo-replicate",0
nadig_hepg2_vs_jurkat,matched_budget_source_frozen_replication,primary_min20,nadig_hepg2,nadig_hepg2,nadig_jurkat,systema_centroid_accuracy,20260910,"0,1",2086,20,0.3163371891173542,0.2442132200280044,0.198266851523575,0.2442132200280044,0.252683759033042,0.2464849596832601,0.252683759033042,0.0721239690893498,0.0636534300843122,raw cells; independent full-size with-replacement pseudo-replicates within context×perturbation; controls resampled independently,"min(n_left,n_right) cells per full-size pseudo-replicate",0
nadig_hepg2_vs_jurkat,matched_budget_source_frozen_replication,primary_min20,nadig_hepg2,nadig_hepg2,nadig_jurkat,systema_centroid_accuracy,20260910,"0,2",2086,20,0.3163371891173542,0.2442132200280044,0.198266851523575,0.2442132200280044,0.2488877546093518,0.2299792380860412,0.2488877546093518,0.0721239690893498,0.0674494345080024,raw cells; independent full-size with-replacement pseudo-replicates within context×perturbation; controls resampled independently,"min(n_left,n_right) cells per full-size pseudo-replicate",0
nadig_hepg2_vs_jurkat,matched_budget_source_frozen_replication,primary_min20,nadig_hepg2,nadig_hepg2,nadig_jurkat,systema_centroid_accuracy,20260910,"1,2",2086,20,0.3163371891173542,0.2442132200280044,0.198266851523575,0.2442132200280044,0.2476256003825894,0.2169577473208394,0.2476256003825894,0.0721239690893498,0.0687115887347648,raw cells; independent full-size with-replacement pseudo-replicates within context×perturbation; controls resampled independently,"min(n_left,n_right) cells per full-size pseudo-replicate",0
nadig_hepg2_vs_jurkat,matched_budget_source_frozen_replication,primary_min20,nadig_jurkat,nadig_hepg2,nadig_jurkat,absolute_effect_rank_agreement,20260910,"0,1",2086,20,0.2847702279212105,0.2243355842650903,0.1674679431909889,0.2243355842650903,0.2548669789001013,0.2395390303289487,0.2548669789001013,0.0604346436561202,0.0299032490211091,raw cells; independent full-size with-replacement pseudo-replicates within context×perturbation; controls resampled independently,"min(n_left,n_right) cells per full-size pseudo-replicate",0
nadig_hepg2_vs_jurkat,matched_budget_source_frozen_replication,primary_min20,nadig_jurkat,nadig_hepg2,nadig_jurkat,absolute_effect_rank_agreement,20260910,"0,2",2086,20,0.2847702279212105,0.2243355842650903,0.1674679431909889,0.2243355842650903,0.2646139272666239,0.2383486116188544,0.2646139272666239,0.0604346436561202,0.0201563006545866,raw cells; independent full-size with-replacement pseudo-replicates within context×perturbation; controls resampled independently,"min(n_left,n_right) cells per full-size pseudo-replicate",0
nadig_hepg2_vs_jurkat,matched_budget_source_frozen_replication,primary_min20,nadig_jurkat,nadig_hepg2,nadig_jurkat,absolute_effect_rank_agreement,20260910,"1,2",2086,20,0.2847702279212105,0.2243355842650903,0.1674679431909889,0.2243355842650903,0.2681871377298928,0.2427450561123488,0.2681871377298928,0.0604346436561202,0.0165830901913177,raw cells; independent full-size with-replacement pseudo-replicates within context×perturbation; controls resampled independently,"min(n_left,n_right) cells per full-size pseudo-replicate",0
nadig_hepg2_vs_jurkat,matched_budget_source_frozen_replication,primary_min20,nadig_jurkat,nadig_hepg2,nadig_jurkat,delta_cosine,20260910,"0,1",2086,20,0.3032037265681223,0.1946350110707215,0.1592535367679011,0.1946350110707215,0.2065788596352065,0.1971218423152178,0.2065788596352065,0.1085687154974007,0.0966248669329158,raw cells; independent full-size with-replacement pseudo-replicates within context×perturbation; controls resampled independently,"min(n_left,n_right) cells per full-size pseudo-replicate",0
nadig_hepg2_vs_jurkat,matched_budget_source_frozen_replication,primary_min20,nadig_jurkat,nadig_hepg2,nadig_jurkat,delta_cosine,20260910,"0,2",2086,20,0.3032037265681223,0.1946350110707215,0.1592535367679011,0.1946350110707215,0.2048126024587808,0.1955956232137971,0.2048126024587808,0.1085687154974007,0.0983911241093415,raw cells; independent full-size with-replacement pseudo-replicates within context×perturbation; controls resampled independently,"min(n_left,n_right) cells per full-size pseudo-replicate",0
nadig_hepg2_vs_jurkat,matched_budget_source_frozen_replication,primary_min20,nadig_jurkat,nadig_hepg2,nadig_jurkat,delta_cosine,20260910,"1,2",2086,20,0.3032037265681223,0.1946350110707215,0.1592535367679011,0.1946350110707215,0.2029941530955485,0.1908578602123095,0.2029941530955485,0.1085687154974007,0.1002095734725738,raw cells; independent full-size with-replacement pseudo-replicates within context×perturbation; controls resampled independently,"min(n_left,n_right) cells per full-size pseudo-replicate",0
nadig_hepg2_vs_jurkat,matched_budget_source_frozen_replication,primary_min20,nadig_jurkat,nadig_hepg2,nadig_jurkat,systema_centroid_accuracy,20260910,"0,1",2086,20,0.3135135228346565,0.2398718417404139,0.2013958535951679,0.2398718417404139,0.2493913977159595,0.2355654115250465,0.2493913977159595,0.0736416810942425,0.0641221251186969,raw cells; independent full-size with-replacement pseudo-replicates within context×perturbation; controls resampled independently,"min(n_left,n_right) cells per full-size pseudo-replicate",0
nadig_hepg2_vs_jurkat,matched_budget_source_frozen_replication,primary_min20,nadig_jurkat,nadig_hepg2,nadig_jurkat,systema_centroid_accuracy,20260910,"0,2",2086,20,0.3135135228346565,0.2398718417404139,0.2013958535951679,0.2398718417404139,0.2563725050640216,0.2747651926397521,0.2747651926397521,0.0736416810942425,0.0387483301949044,raw cells; independent full-size with-replacement pseudo-replicates within context×perturbation; controls resampled independently,"min(n_left,n_right) cells per full-size pseudo-replicate",0
nadig_hepg2_vs_jurkat,matched_budget_source_frozen_replication,primary_min20,nadig_jurkat,nadig_hepg2,nadig_jurkat,systema_centroid_accuracy,20260910,"1,2",2086,20,0.3135135228346565,0.2398718417404139,0.2013958535951679,0.2398718417404139,0.2471297746079263,0.2392661134754708,0.2471297746079263,0.0736416810942425,0.0663837482267302,raw cells; independent full-size with-replacement pseudo-replicates within context×perturbation; controls resampled independently,"min(n_left,n_right) cells per full-size pseudo-replicate",0
nadig_hepg2_vs_jurkat,matched_budget_source_frozen_replication,primary_min20,nadig_hepg2,nadig_hepg2,nadig_jurkat,absolute_effect_rank_agreement,20260911,"0,1",2086,20,0.3171263947614679,0.2376737919348126,0.1806146262280683,0.2376737919348126,0.2644169994780782,0.2346995270514173,0.2644169994780782,0.0794526028266552,0.0527093952833897,raw cells; independent full-size with-replacement pseudo-replicates within context×perturbation; controls resampled independently,"min(n_left,n_right) cells per full-size pseudo-replicate",0
nadig_hepg2_vs_jurkat,matched_budget_source_frozen_replication,primary_min20,nadig_hepg2,nadig_hepg2,nadig_jurkat,absolute_effect_rank_agreement,20260911,"0,2",2086,20,0.3171263947614679,0.2376737919348126,0.1806146262280683,0.2376737919348126,0.2686584768618471,0.2537378342771612,0.2686584768618471,0.0794526028266552,0.0484679178996208,raw cells; independent full-size with-replacement pseudo-replicates within context×perturbation; controls resampled independently,"min(n_left,n_right) cells per full-size pseudo-replicate",0
nadig_hepg2_vs_jurkat,matched_budget_source_frozen_replication,primary_min20,nadig_hepg2,nadig_hepg2,nadig_jurkat,absolute_effect_rank_agreement,20260911,"1,2",2086,20,0.3171263947614679,0.2376737919348126,0.1806146262280683,0.2376737919348126,0.2678471987510663,0.2440312371387645,0.2678471987510663,0.0794526028266552,0.0492791960104016,raw cells; independent full-size with-replacement pseudo-replicates within context×perturbation; controls resampled independently,"min(n_left,n_right) cells per full-size pseudo-replicate",0
nadig_hepg2_vs_jurkat,matched_budget_source_frozen_replication,primary_min20,nadig_hepg2,nadig_hepg2,nadig_jurkat,delta_cosine,20260911,"0,1",2086,20,0.3014424127045438,0.1876945998330769,0.159539099305407,0.1876945998330769,0.2013204393340552,0.1958654361266499,0.2013204393340552,0.1137478128714669,0.1001219733704885,raw cells; independent full-size with-replacement pseudo-replicates within context×perturbation; controls resampled independently,"min(n_left,n_right) cells per full-size pseudo-replicate",0
nadig_hepg2_vs_jurkat,matched_budget_source_frozen_replication,primary_min20,nadig_hepg2,nadig_hepg2,nadig_jurkat,delta_cosine,20260911,"0,2",2086,20,0.3014424127045438,0.1876945998330769,0.159539099305407,0.1876945998330769,0.196504043170066,0.1856488730396315,0.196504043170066,0.1137478128714669,0.1049383695344778,raw cells; independent full-size with-replacement pseudo-replicates within context×perturbation; controls resampled independently,"min(n_left,n_right) cells per full-size pseudo-replicate",0
nadig_hepg2_vs_jurkat,matched_budget_source_frozen_replication,primary_min20,nadig_hepg2,nadig_hepg2,nadig_jurkat,delta_cosine,20260911,"1,2",2086,20,0.3014424127045438,0.1876945998330769,0.159539099305407,0.1876945998330769,0.199104340688523,0.1917457021918419,0.199104340688523,0.1137478128714669,0.1023380720160208,raw cells; independent full-size with-replacement pseudo-replicates within context×perturbation; controls resampled independently,"min(n_left,n_right) cells per full-size pseudo-replicate",0
nadig_hepg2_vs_jurkat,matched_budget_source_frozen_replication,primary_min20,nadig_hepg2,nadig_hepg2,nadig_jurkat,systema_centroid_accuracy,20260911,"0,1",2086,20,0.3415970579241305,0.2372109598993863,0.1890559651990775,0.2372109598993863,0.247620657069742,0.2406941560845283,0.247620657069742,0.1043860980247441,0.0939764008543884,raw cells; independent full-size with-replacement pseudo-replicates within context×perturbation; controls resampled independently,"min(n_left,n_right) cells per full-size pseudo-replicate",0
nadig_hepg2_vs_jurkat,matched_budget_source_frozen_replication,primary_min20,nadig_hepg2,nadig_hepg2,nadig_jurkat,systema_centroid_accuracy,20260911,"0,2",2086,20,0.3415970579241305,0.2372109598993863,0.1890559651990775,0.2372109598993863,0.2432005306588861,0.2229945669542985,0.2432005306588861,0.1043860980247441,0.0983965272652443,raw cells; independent full-size with-replacement pseudo-replicates within context×perturbation; controls resampled independently,"min(n_left,n_right) cells per full-size pseudo-replicate",0
nadig_hepg2_vs_jurkat,matched_budget_source_frozen_replication,primary_min20,nadig_hepg2,nadig_hepg2,nadig_jurkat,systema_centroid_accuracy,20260911,"1,2",2086,20,0.3415970579241305,0.2372109598993863,0.1890559651990775,0.2372109598993863,0.2415494641678795,0.2125394602822056,0.2415494641678795,0.1043860980247441,0.1000475937562509,raw cells; independent full-size with-replacement pseudo-replicates within context×perturbation; controls resampled independently,"min(n_left,n_right) cells per full-size pseudo-replicate",0
nadig_hepg2_vs_jurkat,matched_budget_source_frozen_replication,primary_min20,nadig_jurkat,nadig_hepg2,nadig_jurkat,absolute_effect_rank_agreement,20260911,"0,1",2086,20,0.2762869282713809,0.2273530743957087,0.1565271272914554,0.2273530743957087,0.2574549756168219,0.2268847242436156,0.2574549756168219,0.0489338538756722,0.018831952654559,raw cells; independent full-size with-replacement pseudo-replicates within context×perturbation; controls resampled independently,"min(n_left,n_right) cells per full-size pseudo-replicate",0
nadig_hepg2_vs_jurkat,matched_budget_source_frozen_replication,primary_min20,nadig_jurkat,nadig_hepg2,nadig_jurkat,absolute_effect_rank_agreement,20260911,"0,2",2086,20,0.2762869282713809,0.2273530743957087,0.1565271272914554,0.2273530743957087,0.2683175032361455,0.2272954790529992,0.2683175032361455,0.0489338538756722,0.0079694250352354,raw cells; independent full-size with-replacement pseudo-replicates within context×perturbation; controls resampled independently,"min(n_left,n_right) cells per full-size pseudo-replicate",0
nadig_hepg2_vs_jurkat,matched_budget_source_frozen_replication,primary_min20,nadig_jurkat,nadig_hepg2,nadig_jurkat,absolute_effect_rank_agreement,20260911,"1,2",2086,20,0.2762869282713809,0.2273530743957087,0.1565271272914554,0.2273530743957087,0.2715284723323929,0.235512989416712,0.2715284723323929,0.0489338538756722,0.0047584559389879,raw cells; independent full-size with-replacement pseudo-replicates within context×perturbation; controls resampled independently,"min(n_left,n_right) cells per full-size pseudo-replicate",0
nadig_hepg2_vs_jurkat,matched_budget_source_frozen_replication,primary_min20,nadig_jurkat,nadig_hepg2,nadig_jurkat,delta_cosine,20260911,"0,1",2086,20,0.3030929043917311,0.1895758177733939,0.1605158059554274,0.1895758177733939,0.204459213070579,0.2010632721052305,0.204459213070579,0.1135170866183371,0.098633691321152,raw cells; independent full-size with-replacement pseudo-replicates within context×perturbation; controls resampled independently,"min(n_left,n_right) cells per full-size pseudo-replicate",0
nadig_hepg2_vs_jurkat,matched_budget_source_frozen_replication,primary_min20,nadig_jurkat,nadig_hepg2,nadig_jurkat,delta_cosine,20260911,"0,2",2086,20,0.3030929043917311,0.1895758177733939,0.1605158059554274,0.1895758177733939,0.2019792794719162,0.1988879845308796,0.2019792794719162,0.1135170866183371,0.1011136249198148,raw cells; independent full-size with-replacement pseudo-replicates within context×perturbation; controls resampled independently,"min(n_left,n_right) cells per full-size pseudo-replicate",0
nadig_hepg2_vs_jurkat,matched_budget_source_frozen_replication,primary_min20,nadig_jurkat,nadig_hepg2,nadig_jurkat,delta_cosine,20260911,"1,2",2086,20,0.3030929043917311,0.1895758177733939,0.1605158059554274,0.1895758177733939,0.201004527154882,0.1934485010265996,0.201004527154882,0.1135170866183371,0.102088377236849,raw cells; independent full-size with-replacement pseudo-replicates within context×perturbation; controls resampled independently,"min(n_left,n_right) cells per full-size pseudo-replicate",0
nadig_hepg2_vs_jurkat,matched_budget_source_frozen_replication,primary_min20,nadig_jurkat,nadig_hepg2,nadig_jurkat,systema_centroid_accuracy,20260911,"0,1",2086,20,0.3410838730741198,0.2369099926195189,0.1879360174372486,0.2369099926195189,0.2450347296467715,0.2221050005633077,0.2450347296467715,0.1041738804546008,0.0960491434273482,raw cells; independent full-size with-replacement pseudo-replicates within context×perturbation; controls resampled independently,"min(n_left,n_right) cells per full-size pseudo-replicate",0
nadig_hepg2_vs_jurkat,matched_budget_source_frozen_replication,primary_min20,nadig_jurkat,nadig_hepg2,nadig_jurkat,systema_centroid_accuracy,20260911,"0,2",2086,20,0.3410838730741198,0.2369099926195189,0.1879360174372486,0.2369099926195189,0.2535643584844492,0.2671687003225799,0.2671687003225799,0.1041738804546008,0.0739151727515399,raw cells; independent full-size with-replacement pseudo-replicates within context×perturbation; controls resampled independently,"min(n_left,n_right) cells per full-size pseudo-replicate",0
nadig_hepg2_vs_jurkat,matched_budget_source_frozen_replication,primary_min20,nadig_jurkat,nadig_hepg2,nadig_jurkat,systema_centroid_accuracy,20260911,"1,2",2086,20,0.3410838730741198,0.2369099926195189,0.1879360174372486,0.2369099926195189,0.245646550832201,0.2292505018037343,0.245646550832201,0.1041738804546008,0.0954373222419188,raw cells; independent full-size with-replacement pseudo-replicates within context×perturbation; controls resampled independently,"min(n_left,n_right) cells per full-size pseudo-replicate",0
nadig_hepg2_vs_jurkat,matched_budget_source_frozen_replication,primary_min20,nadig_hepg2,nadig_hepg2,nadig_jurkat,absolute_effect_rank_agreement,20260912,"0,1",2086,20,0.3091693854887327,0.2310014691985625,0.1658058404666487,0.2310014691985625,0.2592513525133871,0.2272482301790399,0.2592513525133871,0.0781679162901701,0.0499180329753455,raw cells; independent full-size with-replacement pseudo-replicates within context×perturbation; controls resampled independently,"min(n_left,n_right) cells per full-size pseudo-replicate",0
nadig_hepg2_vs_jurkat,matched_budget_source_frozen_replication,primary_min20,nadig_hepg2,nadig_hepg2,nadig_jurkat,absolute_effect_rank_agreement,20260912,"0,2",2086,20,0.3091693854887327,0.2310014691985625,0.1658058404666487,0.2310014691985625,0.2634060345204182,0.2493341472555416,0.2634060345204182,0.0781679162901701,0.0457633509683144,raw cells; independent full-size with-replacement pseudo-replicates within context×perturbation; controls resampled independently,"min(n_left,n_right) cells per full-size pseudo-replicate",0
nadig_hepg2_vs_jurkat,matched_budget_source_frozen_replication,primary_min20,nadig_hepg2,nadig_hepg2,nadig_jurkat,absolute_effect_rank_agreement,20260912,"1,2",2086,20,0.3091693854887327,0.2310014691985625,0.1658058404666487,0.2310014691985625,0.2622678079971305,0.2373779978893203,0.2622678079971305,0.0781679162901701,0.0469015774916021,raw cells; independent full-size with-replacement pseudo-replicates within context×perturbation; controls resampled independently,"min(n_left,n_right) cells per full-size pseudo-replicate",0
nadig_hepg2_vs_jurkat,matched_budget_source_frozen_replication,primary_min20,nadig_hepg2,nadig_hepg2,nadig_jurkat,delta_cosine,20260912,"0,1",2086,20,0.2982122451607266,0.1822477588399079,0.1638740397902195,0.1822477588399079,0.1950726666988556,0.1975607625117547,0.1975607625117547,0.1159644863208187,0.1006514826489719,raw cells; independent full-size with-replacement pseudo-replicates within context×perturbation; controls resampled independently,"min(n_left,n_right) cells per full-size pseudo-replicate",0
nadig_hepg2_vs_jurkat,matched_budget_source_frozen_replication,primary_min20,nadig_hepg2,nadig_hepg2,nadig_jurkat,delta_cosine,20260912,"0,2",2086,20,0.2982122451607266,0.1822477588399079,0.1638740397902195,0.1822477588399079,0.1896670966199236,0.1868128507740308,0.1896670966199236,0.1159644863208187,0.108545148540803,raw cells; independent full-size with-replacement pseudo-replicates within context×perturbation; controls resampled independently,"min(n_left,n_right) cells per full-size pseudo-replicate",0
nadig_hepg2_vs_jurkat,matched_budget_source_frozen_replication,primary_min20,nadig_hepg2,nadig_hepg2,nadig_jurkat,delta_cosine,20260912,"1,2",2086,20,0.2982122451607266,0.1822477588399079,0.1638740397902195,0.1822477588399079,0.1929888878925622,0.1935090853491703,0.1935090853491703,0.1159644863208187,0.1047031598115563,raw cells; independent full-size with-replacement pseudo-replicates within context×perturbation; controls resampled independently,"min(n_left,n_right) cells per full-size pseudo-replicate",0
nadig_hepg2_vs_jurkat,matched_budget_source_frozen_replication,primary_min20,nadig_hepg2,nadig_hepg2,nadig_jurkat,systema_centroid_accuracy,20260912,"0,1",2086,20,0.3329962683736041,0.2363754250674244,0.1908157845727253,0.2363754250674244,0.2463519500794378,0.2485081541669828,0.2485081541669828,0.0966208433061796,0.0844881142066212,raw cells; independent full-size with-replacement pseudo-replicates within context×perturbation; controls resampled independently,"min(n_left,n_right) cells per full-size pseudo-replicate",0
nadig_hepg2_vs_jurkat,matched_budget_source_frozen_replication,primary_min20,nadig_hepg2,nadig_hepg2,nadig_jurkat,systema_centroid_accuracy,20260912,"0,2",2086,20,0.3329962683736041,0.2363754250674244,0.1908157845727253,0.2363754250674244,0.2424089108387307,0.2262364604960327,0.2424089108387307,0.0966208433061796,0.0905873575348733,raw cells; independent full-size with-replacement pseudo-replicates within context×perturbation; controls resampled independently,"min(n_left,n_right) cells per full-size pseudo-replicate",0
nadig_hepg2_vs_jurkat,matched_budget_source_frozen_replication,primary_min20,nadig_hepg2,nadig_hepg2,nadig_jurkat,systema_centroid_accuracy,20260912,"1,2",2086,20,0.3329962683736041,0.2363754250674244,0.1908157845727253,0.2363754250674244,0.2408463641359204,0.2175877323069636,0.2408463641359204,0.0966208433061796,0.0921499042376836,raw cells; independent full-size with-replacement pseudo-replicates within context×perturbation; controls resampled independently,"min(n_left,n_right) cells per full-size pseudo-replicate",0
nadig_hepg2_vs_jurkat,matched_budget_source_frozen_replication,primary_min20,nadig_jurkat,nadig_hepg2,nadig_jurkat,absolute_effect_rank_agreement,20260912,"0,1",2086,20,0.272514950647344,0.2170302875628548,0.1475337467322403,0.2170302875628548,0.2492936810666519,0.2217932269716346,0.2492936810666519,0.0554846630844891,0.023221269580692,raw cells; independent full-size with-replacement pseudo-replicates within context×perturbation; controls resampled independently,"min(n_left,n_right) cells per full-size pseudo-replicate",0
nadig_hepg2_vs_jurkat,matched_budget_source_frozen_replication,primary_min20,nadig_jurkat,nadig_hepg2,nadig_jurkat,absolute_effect_rank_agreement,20260912,"0,2",2086,20,0.272514950647344,0.2170302875628548,0.1475337467322403,0.2170302875628548,0.2608806914200183,0.2217393103733695,0.2608806914200183,0.0554846630844891,0.0116342592273256,raw cells; independent full-size with-replacement pseudo-replicates within context×perturbation; controls resampled independently,"min(n_left,n_right) cells per full-size pseudo-replicate",0
nadig_hepg2_vs_jurkat,matched_budget_source_frozen_replication,primary_min20,nadig_jurkat,nadig_hepg2,nadig_jurkat,absolute_effect_rank_agreement,20260912,"1,2",2086,20,0.272514950647344,0.2170302875628548,0.1475337467322403,0.2170302875628548,0.2654518762746274,0.2285937309596235,0.2654518762746274,0.0554846630844891,0.0070630743727165,raw cells; independent full-size with-replacement pseudo-replicates within context×perturbation; controls resampled independently,"min(n_left,n_right) cells per full-size pseudo-replicate",0
nadig_hepg2_vs_jurkat,matched_budget_source_frozen_replication,primary_min20,nadig_jurkat,nadig_hepg2,nadig_jurkat,delta_cosine,20260912,"0,1",2086,20,0.2992029770239417,0.1843814306177301,0.1630256293527019,0.1843814306177301,0.1974062552450848,0.2032170620167336,0.2032170620167336,0.1148215464062115,0.095985915007208,raw cells; independent full-size with-replacement pseudo-replicates within context×perturbation; controls resampled independently,"min(n_left,n_right) cells per full-size pseudo-replicate",0
nadig_hepg2_vs_jurkat,matched_budget_source_frozen_replication,primary_min20,nadig_jurkat,nadig_hepg2,nadig_jurkat,delta_cosine,20260912,"0,2",2086,20,0.2992029770239417,0.1843814306177301,0.1630256293527019,0.1843814306177301,0.1961531829186698,0.199880440805553,0.199880440805553,0.1148215464062115,0.0993225362183886,raw cells; independent full-size with-replacement pseudo-replicates within context×perturbation; controls resampled independently,"min(n_left,n_right) cells per full-size pseudo-replicate",0
nadig_hepg2_vs_jurkat,matched_budget_source_frozen_replication,primary_min20,nadig_jurkat,nadig_hepg2,nadig_jurkat,delta_cosine,20260912,"1,2",2086,20,0.2992029770239417,0.1843814306177301,0.1630256293527019,0.1843814306177301,0.1942698956846028,0.1968139773895169,0.1968139773895169,0.1148215464062115,0.1023889996344247,raw cells; independent full-size with-replacement pseudo-replicates within context×perturbation; controls resampled independently,"min(n_left,n_right) cells per full-size pseudo-replicate",0
nadig_hepg2_vs_jurkat,matched_budget_source_frozen_replication,primary_min20,nadig_jurkat,nadig_hepg2,nadig_jurkat,systema_centroid_accuracy,20260912,"0,1",2086,20,0.3378810661921086,0.2371681944952187,0.1825174567919968,0.2371681944952187,0.2451442872547599,0.2220508540435149,0.2451442872547599,0.1007128716968899,0.0927367789373487,raw cells; independent full-size with-replacement pseudo-replicates within context×perturbation; controls resampled independently,"min(n_left,n_right) cells per full-size pseudo-replicate",0
nadig_hepg2_vs_jurkat,matched_budget_source_frozen_replication,primary_min20,nadig_jurkat,nadig_hepg2,nadig_jurkat,systema_centroid_accuracy,20260912,"0,2",2086,20,0.3378810661921086,0.2371681944952187,0.1825174567919968,0.2371681944952187,0.2529109215024911,0.2618673996564973,0.2618673996564973,0.1007128716968899,0.0760136665356113,raw cells; independent full-size with-replacement pseudo-replicates within context×perturbation; controls resampled independently,"min(n_left,n_right) cells per full-size pseudo-replicate",0
nadig_hepg2_vs_jurkat,matched_budget_source_frozen_replication,primary_min20,nadig_jurkat,nadig_hepg2,nadig_jurkat,systema_centroid_accuracy,20260912,"1,2",2086,20,0.3378810661921086,0.2371681944952187,0.1825174567919968,0.2371681944952187,0.2438125817658433,0.2238107883779266,0.2438125817658433,0.1007128716968899,0.0940684844262653,raw cells; independent full-size with-replacement pseudo-replicates within context×perturbation; controls resampled independently,"min(n_left,n_right) cells per full-size pseudo-replicate",0
nadig_hepg2_vs_jurkat,matched_budget_source_frozen_replication,primary_min20,nadig_hepg2,nadig_hepg2,nadig_jurkat,absolute_effect_rank_agreement,20260913,"0,1",2086,20,0.3103358923599375,0.251118683193426,0.1723974607466471,0.251118683193426,0.2735421250727127,0.2375682579535604,0.2735421250727127,0.0592172091665114,0.0367937672872248,raw cells; independent full-size with-replacement pseudo-replicates within context×perturbation; controls resampled independently,"min(n_left,n_right) cells per full-size pseudo-replicate",0
nadig_hepg2_vs_jurkat,matched_budget_source_frozen_replication,primary_min20,nadig_hepg2,nadig_hepg2,nadig_jurkat,absolute_effect_rank_agreement,20260913,"0,2",2086,20,0.3103358923599375,0.251118683193426,0.1723974607466471,0.251118683193426,0.2778770655575252,0.2636987246252854,0.2778770655575252,0.0592172091665114,0.0324588268024123,raw cells; independent full-size with-replacement pseudo-replicates within context×perturbation; controls resampled independently,"min(n_left,n_right) cells per full-size pseudo-replicate",0
nadig_hepg2_vs_jurkat,matched_budget_source_frozen_replication,primary_min20,nadig_hepg2,nadig_hepg2,nadig_jurkat,absolute_effect_rank_agreement,20260913,"1,2",2086,20,0.3103358923599375,0.251118683193426,0.1723974607466471,0.251118683193426,0.2749313109435749,0.2514208000809323,0.2749313109435749,0.0592172091665114,0.0354045814163626,raw cells; independent full-size with-replacement pseudo-replicates within context×perturbation; controls resampled independently,"min(n_left,n_right) cells per full-size pseudo-replicate",0
nadig_hepg2_vs_jurkat,matched_budget_source_frozen_replication,primary_min20,nadig_hepg2,nadig_hepg2,nadig_jurkat,delta_cosine,20260913,"0,1",2086,20,0.3000472488739594,0.1968211049568782,0.1593390675762362,0.1968211049568782,0.2098562760529831,0.1943864658991886,0.2098562760529831,0.1032261439170811,0.0901909728209762,raw cells; independent full-size with-replacement pseudo-replicates within context×perturbation; controls resampled independently,"min(n_left,n_right) cells per full-size pseudo-replicate",0
nadig_hepg2_vs_jurkat,matched_budget_source_frozen_replication,primary_min20,nadig_hepg2,nadig_hepg2,nadig_jurkat,delta_cosine,20260913,"0,2",2086,20,0.3000472488739594,0.1968211049568782,0.1593390675762362,0.1968211049568782,0.2050275790872575,0.1847166562052371,0.2050275790872575,0.1032261439170811,0.0950196697867019,raw cells; independent full-size with-replacement pseudo-replicates within context×perturbation; controls resampled independently,"min(n_left,n_right) cells per full-size pseudo-replicate",0
nadig_hepg2_vs_jurkat,matched_budget_source_frozen_replication,primary_min20,nadig_hepg2,nadig_hepg2,nadig_jurkat,delta_cosine,20260913,"1,2",2086,20,0.3000472488739594,0.1968211049568782,0.1593390675762362,0.1968211049568782,0.207193669800497,0.1893539434990837,0.207193669800497,0.1032261439170811,0.0928535790734623,raw cells; independent full-size with-replacement pseudo-replicates within context×perturbation; controls resampled independently,"min(n_left,n_right) cells per full-size pseudo-replicate",0
nadig_hepg2_vs_jurkat,matched_budget_source_frozen_replication,primary_min20,nadig_hepg2,nadig_hepg2,nadig_jurkat,systema_centroid_accuracy,20260913,"0,1",2086,20,0.3243736362779383,0.2491041107669951,0.1751898577015664,0.2491041107669951,0.2571048051300091,0.2413459836157919,0.2571048051300091,0.0752695255109431,0.0672688311479292,raw cells; independent full-size with-replacement pseudo-replicates within context×perturbation; controls resampled independently,"min(n_left,n_right) cells per full-size pseudo-replicate",0
nadig_hepg2_vs_jurkat,matched_budget_source_frozen_replication,primary_min20,nadig_hepg2,nadig_hepg2,nadig_jurkat,systema_centroid_accuracy,20260913,"0,2",2086,20,0.3243736362779383,0.2491041107669951,0.1751898577015664,0.2491041107669951,0.2532401691302758,0.2210961048993978,0.2532401691302758,0.0752695255109431,0.0711334671476624,raw cells; independent full-size with-replacement pseudo-replicates within context×perturbation; controls resampled independently,"min(n_left,n_right) cells per full-size pseudo-replicate",0
nadig_hepg2_vs_jurkat,matched_budget_source_frozen_replication,primary_min20,nadig_hepg2,nadig_hepg2,nadig_jurkat,systema_centroid_accuracy,20260913,"1,2",2086,20,0.3243736362779383,0.2491041107669951,0.1751898577015664,0.2491041107669951,0.2510065964486321,0.2056549199758122,0.2510065964486321,0.0752695255109431,0.0733670398293062,raw cells; independent full-size with-replacement pseudo-replicates within context×perturbation; controls resampled independently,"min(n_left,n_right) cells per full-size pseudo-replicate",0
nadig_hepg2_vs_jurkat,matched_budget_source_frozen_replication,primary_min20,nadig_jurkat,nadig_hepg2,nadig_jurkat,absolute_effect_rank_agreement,20260913,"0,1",2086,20,0.2758035182592181,0.2298582993624276,0.1615470040075322,0.2298582993624276,0.260098498382502,0.2263221062651317,0.260098498382502,0.0459452188967905,0.015705019876716,raw cells; independent full-size with-replacement pseudo-replicates within context×perturbation; controls resampled independently,"min(n_left,n_right) cells per full-size pseudo-replicate",0
nadig_hepg2_vs_jurkat,matched_budget_source_frozen_replication,primary_min20,nadig_jurkat,nadig_hepg2,nadig_jurkat,absolute_effect_rank_agreement,20260913,"0,2",2086,20,0.2758035182592181,0.2298582993624276,0.1615470040075322,0.2298582993624276,0.2684584451326762,0.2297312677183277,0.2684584451326762,0.0459452188967905,0.0073450731265418,raw cells; independent full-size with-replacement pseudo-replicates within context×perturbation; controls resampled independently,"min(n_left,n_right) cells per full-size pseudo-replicate",0
nadig_hepg2_vs_jurkat,matched_budget_source_frozen_replication,primary_min20,nadig_jurkat,nadig_hepg2,nadig_jurkat,absolute_effect_rank_agreement,20260913,"1,2",2086,20,0.2758035182592181,0.2298582993624276,0.1615470040075322,0.2298582993624276,0.2746178129404434,0.2348402390264203,0.2746178129404434,0.0459452188967905,0.0011857053187747,raw cells; independent full-size with-replacement pseudo-replicates within context×perturbation; controls resampled independently,"min(n_left,n_right) cells per full-size pseudo-replicate",0
nadig_hepg2_vs_jurkat,matched_budget_source_frozen_replication,primary_min20,nadig_jurkat,nadig_hepg2,nadig_jurkat,delta_cosine,20260913,"0,1",2086,20,0.3003279830593818,0.1981659159728785,0.1591808815651218,0.1981659159728785,0.2121345684717805,0.2031795848077051,0.2121345684717805,0.1021620670865033,0.0881934145876012,raw cells; independent full-size with-replacement pseudo-replicates within context×perturbation; controls resampled independently,"min(n_left,n_right) cells per full-size pseudo-replicate",0
nadig_hepg2_vs_jurkat,matched_budget_source_frozen_replication,primary_min20,nadig_jurkat,nadig_hepg2,nadig_jurkat,delta_cosine,20260913,"0,2",2086,20,0.3003279830593818,0.1981659159728785,0.1591808815651218,0.1981659159728785,0.2112244241040533,0.2004375406673702,0.2112244241040533,0.1021620670865033,0.0891035589553285,raw cells; independent full-size with-replacement pseudo-replicates within context×perturbation; controls resampled independently,"min(n_left,n_right) cells per full-size pseudo-replicate",0
nadig_hepg2_vs_jurkat,matched_budget_source_frozen_replication,primary_min20,nadig_jurkat,nadig_hepg2,nadig_jurkat,delta_cosine,20260913,"1,2",2086,20,0.3003279830593818,0.1981659159728785,0.1591808815651218,0.1981659159728785,0.2081249669487803,0.1926546969519303,0.2081249669487803,0.1021620670865033,0.0922030161106014,raw cells; independent full-size with-replacement pseudo-replicates within context×perturbation; controls resampled independently,"min(n_left,n_right) cells per full-size pseudo-replicate",0
nadig_hepg2_vs_jurkat,matched_budget_source_frozen_replication,primary_min20,nadig_jurkat,nadig_hepg2,nadig_jurkat,systema_centroid_accuracy,20260913,"0,1",2086,20,0.3258145544925517,0.249025017761438,0.1779776562259301,0.249025017761438,0.2547719063483633,0.2280798563450294,0.2547719063483633,0.0767895367311136,0.0710426481441884,raw cells; independent full-size with-replacement pseudo-replicates within context×perturbation; controls resampled independently,"min(n_left,n_right) cells per full-size pseudo-replicate",0
nadig_hepg2_vs_jurkat,matched_budget_source_frozen_replication,primary_min20,nadig_jurkat,nadig_hepg2,nadig_jurkat,systema_centroid_accuracy,20260913,"0,2",2086,20,0.3258145544925517,0.249025017761438,0.1779776562259301,0.249025017761438,0.2621200834155303,0.277086365423481,0.277086365423481,0.0767895367311136,0.0487281890690707,raw cells; independent full-size with-replacement pseudo-replicates within context×perturbation; controls resampled independently,"min(n_left,n_right) cells per full-size pseudo-replicate",0
nadig_hepg2_vs_jurkat,matched_budget_source_frozen_replication,primary_min20,nadig_jurkat,nadig_hepg2,nadig_jurkat,systema_centroid_accuracy,20260913,"1,2",2086,20,0.3258145544925517,0.249025017761438,0.1779776562259301,0.249025017761438,0.2547553519983629,0.2315294839871151,0.2547553519983629,0.0767895367311136,0.0710592024941887,raw cells; independent full-size with-replacement pseudo-replicates within context×perturbation; controls resampled independently,"min(n_left,n_right) cells per full-size pseudo-replicate",0
nadig_hepg2_vs_jurkat,matched_budget_source_frozen_replication,primary_min20,nadig_hepg2,nadig_hepg2,nadig_jurkat,absolute_effect_rank_agreement,20260914,"0,1",2086,20,0.3133142958308329,0.2519017959170535,0.1694307832736687,0.2519017959170535,0.2750492606873274,0.2358272921451908,0.2750492606873274,0.0614124999137793,0.0382650351435054,raw cells; independent full-size with-replacement pseudo-replicates within context×perturbation; controls resampled independently,"min(n_left,n_right) cells per full-size pseudo-replicate",0
nadig_hepg2_vs_jurkat,matched_budget_source_frozen_replication,primary_min20,nadig_hepg2,nadig_hepg2,nadig_jurkat,absolute_effect_rank_agreement,20260914,"0,2",2086,20,0.3133142958308329,0.2519017959170535,0.1694307832736687,0.2519017959170535,0.277660479478354,0.2582087733456571,0.277660479478354,0.0614124999137793,0.0356538163524788,raw cells; independent full-size with-replacement pseudo-replicates within context×perturbation; controls resampled independently,"min(n_left,n_right) cells per full-size pseudo-replicate",0
nadig_hepg2_vs_jurkat,matched_budget_source_frozen_replication,primary_min20,nadig_hepg2,nadig_hepg2,nadig_jurkat,absolute_effect_rank_agreement,20260914,"1,2",2086,20,0.3133142958308329,0.2519017959170535,0.1694307832736687,0.2519017959170535,0.2785684395915674,0.2453300638492082,0.2785684395915674,0.0614124999137793,0.0347458562392655,raw cells; independent full-size with-replacement pseudo-replicates within context×perturbation; controls resampled independently,"min(n_left,n_right) cells per full-size pseudo-replicate",0
nadig_hepg2_vs_jurkat,matched_budget_source_frozen_replication,primary_min20,nadig_hepg2,nadig_hepg2,nadig_jurkat,delta_cosine,20260914,"0,1",2086,20,0.2949037893366993,0.1909946635213401,0.1493744984836675,0.1909946635213401,0.2030877311573559,0.1911114636574537,0.2030877311573559,0.1039091258153591,0.0918160581793433,raw cells; independent full-size with-replacement pseudo-replicates within context×perturbation; controls resampled independently,"min(n_left,n_right) cells per full-size pseudo-replicate",0
nadig_hepg2_vs_jurkat,matched_budget_source_frozen_replication,primary_min20,nadig_hepg2,nadig_hepg2,nadig_jurkat,delta_cosine,20260914,"0,2",2086,20,0.2949037893366993,0.1909946635213401,0.1493744984836675,0.1909946635213401,0.1987137040128204,0.1796730975717987,0.1987137040128204,0.1039091258153591,0.0961900853238789,raw cells; independent full-size with-replacement pseudo-replicates within context×perturbation; controls resampled independently,"min(n_left,n_right) cells per full-size pseudo-replicate",0
nadig_hepg2_vs_jurkat,matched_budget_source_frozen_replication,primary_min20,nadig_hepg2,nadig_hepg2,nadig_jurkat,delta_cosine,20260914,"1,2",2086,20,0.2949037893366993,0.1909946635213401,0.1493744984836675,0.1909946635213401,0.2012599699722484,0.1847453963962099,0.2012599699722484,0.1039091258153591,0.0936438193644509,raw cells; independent full-size with-replacement pseudo-replicates within context×perturbation; controls resampled independently,"min(n_left,n_right) cells per full-size pseudo-replicate",0
nadig_hepg2_vs_jurkat,matched_budget_source_frozen_replication,primary_min20,nadig_hepg2,nadig_hepg2,nadig_jurkat,systema_centroid_accuracy,20260914,"0,1",2086,20,0.3296118234846447,0.2538303776920937,0.1717939167362179,0.2538303776920937,0.2612292524561367,0.2349911825094095,0.2612292524561367,0.0757814457925509,0.0683825710285079,raw cells; independent full-size with-replacement pseudo-replicates within context×perturbation; controls resampled independently,"min(n_left,n_right) cells per full-size pseudo-replicate",0
nadig_hepg2_vs_jurkat,matched_budget_source_frozen_replication,primary_min20,nadig_hepg2,nadig_hepg2,nadig_jurkat,systema_centroid_accuracy,20260914,"0,2",2086,20,0.3296118234846447,0.2538303776920937,0.1717939167362179,0.2538303776920937,0.2576961632994659,0.2153673801131673,0.2576961632994659,0.0757814457925509,0.0719156601851788,raw cells; independent full-size with-replacement pseudo-replicates within context×perturbation; controls resampled independently,"min(n_left,n_right) cells per full-size pseudo-replicate",0
nadig_hepg2_vs_jurkat,matched_budget_source_frozen_replication,primary_min20,nadig_hepg2,nadig_hepg2,nadig_jurkat,systema_centroid_accuracy,20260914,"1,2",2086,20,0.3296118234846447,0.2538303776920937,0.1717939167362179,0.2538303776920937,0.2552056533105251,0.2050731035497584,0.2552056533105251,0.0757814457925509,0.0744061701741195,raw cells; independent full-size with-replacement pseudo-replicates within context×perturbation; controls resampled independently,"min(n_left,n_right) cells per full-size pseudo-replicate",0
nadig_hepg2_vs_jurkat,matched_budget_source_frozen_replication,primary_min20,nadig_jurkat,nadig_hepg2,nadig_jurkat,absolute_effect_rank_agreement,20260914,"0,1",2086,20,0.2758815766179002,0.2210509253191885,0.1461477797627669,0.2210509253191885,0.2534323835275021,0.2338626126902888,0.2534323835275021,0.0548306512987116,0.0224491930903981,raw cells; independent full-size with-replacement pseudo-replicates within context×perturbation; controls resampled independently,"min(n_left,n_right) cells per full-size pseudo-replicate",0
nadig_hepg2_vs_jurkat,matched_budget_source_frozen_replication,primary_min20,nadig_jurkat,nadig_hepg2,nadig_jurkat,absolute_effect_rank_agreement,20260914,"0,2",2086,20,0.2758815766179002,0.2210509253191885,0.1461477797627669,0.2210509253191885,0.2636226205995893,0.2314295830832936,0.2636226205995893,0.0548306512987116,0.0122589560183108,raw cells; independent full-size with-replacement pseudo-replicates within context×perturbation; controls resampled independently,"min(n_left,n_right) cells per full-size pseudo-replicate",0
nadig_hepg2_vs_jurkat,matched_budget_source_frozen_replication,primary_min20,nadig_jurkat,nadig_hepg2,nadig_jurkat,absolute_effect_rank_agreement,20260914,"1,2",2086,20,0.2758815766179002,0.2210509253191885,0.1461477797627669,0.2210509253191885,0.2685854767767761,0.2341448413656419,0.2685854767767761,0.0548306512987116,0.0072960998411241,raw cells; independent full-size with-replacement pseudo-replicates within context×perturbation; controls resampled independently,"min(n_left,n_right) cells per full-size pseudo-replicate",0
nadig_hepg2_vs_jurkat,matched_budget_source_frozen_replication,primary_min20,nadig_jurkat,nadig_hepg2,nadig_jurkat,delta_cosine,20260914,"0,1",2086,20,0.2950954289301061,0.19162924693802,0.149233326665609,0.19162924693802,0.2059525533935267,0.1996450011611037,0.2059525533935267,0.1034661819920861,0.0891428755365793,raw cells; independent full-size with-replacement pseudo-replicates within context×perturbation; controls resampled independently,"min(n_left,n_right) cells per full-size pseudo-replicate",0
nadig_hepg2_vs_jurkat,matched_budget_source_frozen_replication,primary_min20,nadig_jurkat,nadig_hepg2,nadig_jurkat,delta_cosine,20260914,"0,2",2086,20,0.2950954289301061,0.19162924693802,0.149233326665609,0.19162924693802,0.2041814678650176,0.1964822006249267,0.2041814678650176,0.1034661819920861,0.0909139610650884,raw cells; independent full-size with-replacement pseudo-replicates within context×perturbation; controls resampled independently,"min(n_left,n_right) cells per full-size pseudo-replicate",0
nadig_hepg2_vs_jurkat,matched_budget_source_frozen_replication,primary_min20,nadig_jurkat,nadig_hepg2,nadig_jurkat,delta_cosine,20260914,"1,2",2086,20,0.2950954289301061,0.19162924693802,0.149233326665609,0.19162924693802,0.2024011854753972,0.1888251239851838,0.2024011854753972,0.1034661819920861,0.0926942434547088,raw cells; independent full-size with-replacement pseudo-replicates within context×perturbation; controls resampled independently,"min(n_left,n_right) cells per full-size pseudo-replicate",0
nadig_hepg2_vs_jurkat,matched_budget_source_frozen_replication,primary_min20,nadig_jurkat,nadig_hepg2,nadig_jurkat,systema_centroid_accuracy,20260914,"0,1",2086,20,0.3288375627398369,0.2545757832851648,0.1745957404737763,0.2545757832851648,0.2585773375546926,0.2243954788230777,0.2585773375546926,0.0742617794546721,0.0702602251851443,raw cells; independent full-size with-replacement pseudo-replicates within context×perturbation; controls resampled independently,"min(n_left,n_right) cells per full-size pseudo-replicate",0
nadig_hepg2_vs_jurkat,matched_budget_source_frozen_replication,primary_min20,nadig_jurkat,nadig_hepg2,nadig_jurkat,systema_centroid_accuracy,20260914,"0,2",2086,20,0.3288375627398369,0.2545757832851648,0.1745957404737763,0.2545757832851648,0.266261315013186,0.2700298438143061,0.2700298438143061,0.0742617794546721,0.0588077189255307,raw cells; independent full-size with-replacement pseudo-replicates within context×perturbation; controls resampled independently,"min(n_left,n_right) cells per full-size pseudo-replicate",0
nadig_hepg2_vs_jurkat,matched_budget_source_frozen_replication,primary_min20,nadig_jurkat,nadig_hepg2,nadig_jurkat,systema_centroid_accuracy,20260914,"1,2",2086,20,0.3288375627398369,0.2545757832851648,0.1745957404737763,0.2545757832851648,0.2600927503443075,0.2220997123681687,0.2600927503443075,0.0742617794546721,0.0687448123955293,raw cells; independent full-size with-replacement pseudo-replicates within context×perturbation; controls resampled independently,"min(n_left,n_right) cells per full-size pseudo-replicate",0
nadig_hepg2_vs_jurkat,matched_budget_source_frozen_replication,primary_min20,nadig_hepg2,nadig_hepg2,nadig_jurkat,absolute_effect_rank_agreement,20260915,"0,1",2086,20,0.3129115882749218,0.2387912105598359,0.1838303087156353,0.2387912105598359,0.2639416367193876,0.2393878569244317,0.2639416367193876,0.0741203777150859,0.0489699515555341,raw cells; independent full-size with-replacement pseudo-replicates within context×perturbation; controls resampled independently,"min(n_left,n_right) cells per full-size pseudo-replicate",0
nadig_hepg2_vs_jurkat,matched_budget_source_frozen_replication,primary_min20,nadig_hepg2,nadig_hepg2,nadig_jurkat,absolute_effect_rank_agreement,20260915,"0,2",2086,20,0.3129115882749218,0.2387912105598359,0.1838303087156353,0.2387912105598359,0.2717743734063564,0.2680991927455159,0.2717743734063564,0.0741203777150859,0.0411372148685654,raw cells; independent full-size with-replacement pseudo-replicates within context×perturbation; controls resampled independently,"min(n_left,n_right) cells per full-size pseudo-replicate",0
nadig_hepg2_vs_jurkat,matched_budget_source_frozen_replication,primary_min20,nadig_hepg2,nadig_hepg2,nadig_jurkat,absolute_effect_rank_agreement,20260915,"1,2",2086,20,0.3129115882749218,0.2387912105598359,0.1838303087156353,0.2387912105598359,0.2687902218972665,0.256057972414015,0.2687902218972665,0.0741203777150859,0.0441213663776553,raw cells; independent full-size with-replacement pseudo-replicates within context×perturbation; controls resampled independently,"min(n_left,n_right) cells per full-size pseudo-replicate",0
nadig_hepg2_vs_jurkat,matched_budget_source_frozen_replication,primary_min20,nadig_hepg2,nadig_hepg2,nadig_jurkat,delta_cosine,20260915,"0,1",2086,20,0.2886186544532351,0.1829460305197836,0.156093955133113,0.1829460305197836,0.1960399465662369,0.1952380952380952,0.1960399465662369,0.1056726239334514,0.0925787078869981,raw cells; independent full-size with-replacement pseudo-replicates within context×perturbation; controls resampled independently,"min(n_left,n_right) cells per full-size pseudo-replicate",0
nadig_hepg2_vs_jurkat,matched_budget_source_frozen_replication,primary_min20,nadig_hepg2,nadig_hepg2,nadig_jurkat,delta_cosine,20260915,"0,2",2086,20,0.2886186544532351,0.1829460305197836,0.156093955133113,0.1829460305197836,0.1912895378807213,0.1851650031844131,0.1912895378807213,0.1056726239334514,0.0973291165725137,raw cells; independent full-size with-replacement pseudo-replicates within context×perturbation; controls resampled independently,"min(n_left,n_right) cells per full-size pseudo-replicate",0
nadig_hepg2_vs_jurkat,matched_budget_source_frozen_replication,primary_min20,nadig_hepg2,nadig_hepg2,nadig_jurkat,delta_cosine,20260915,"1,2",2086,20,0.2886186544532351,0.1829460305197836,0.156093955133113,0.1829460305197836,0.1944334848516201,0.1909192492602275,0.1944334848516201,0.1056726239334514,0.0941851696016149,raw cells; independent full-size with-replacement pseudo-replicates within context×perturbation; controls resampled independently,"min(n_left,n_right) cells per full-size pseudo-replicate",0
nadig_hepg2_vs_jurkat,matched_budget_source_frozen_replication,primary_min20,nadig_hepg2,nadig_hepg2,nadig_jurkat,systema_centroid_accuracy,20260915,"0,1",2086,20,0.3273499704550836,0.2426458449731106,0.1842379595843938,0.2426458449731106,0.25213390169935,0.2454490482398357,0.25213390169935,0.0847041254819729,0.0752160687557336,raw cells; independent full-size with-replacement pseudo-replicates within context×perturbation; controls resampled independently,"min(n_left,n_right) cells per full-size pseudo-replicate",0
nadig_hepg2_vs_jurkat,matched_budget_source_frozen_replication,primary_min20,nadig_hepg2,nadig_hepg2,nadig_jurkat,systema_centroid_accuracy,20260915,"0,2",2086,20,0.3273499704550836,0.2426458449731106,0.1842379595843938,0.2426458449731106,0.2473787796225148,0.2257337370755361,0.2473787796225148,0.0847041254819729,0.0799711908325687,raw cells; independent full-size with-replacement pseudo-replicates within context×perturbation; controls resampled independently,"min(n_left,n_right) cells per full-size pseudo-replicate",0
nadig_hepg2_vs_jurkat,matched_budget_source_frozen_replication,primary_min20,nadig_hepg2,nadig_hepg2,nadig_jurkat,systema_centroid_accuracy,20260915,"1,2",2086,20,0.3273499704550836,0.2426458449731106,0.1842379595843938,0.2426458449731106,0.2460617891113763,0.2141435078207807,0.2460617891113763,0.0847041254819729,0.0812881813437073,raw cells; independent full-size with-replacement pseudo-replicates within context×perturbation; controls resampled independently,"min(n_left,n_right) cells per full-size pseudo-replicate",0
nadig_hepg2_vs_jurkat,matched_budget_source_frozen_replication,primary_min20,nadig_jurkat,nadig_hepg2,nadig_jurkat,absolute_effect_rank_agreement,20260915,"0,1",2086,20,0.2758888191460255,0.2227286627074179,0.1534224969018074,0.2227286627074179,0.2547097125750981,0.2298571497547887,0.2547097125750981,0.0531601564386075,0.0211791065709273,raw cells; independent full-size with-replacement pseudo-replicates within context×perturbation; controls resampled independently,"min(n_left,n_right) cells per full-size pseudo-replicate",0
nadig_hepg2_vs_jurkat,matched_budget_source_frozen_replication,primary_min20,nadig_jurkat,nadig_hepg2,nadig_jurkat,absolute_effect_rank_agreement,20260915,"0,2",2086,20,0.2758888191460255,0.2227286627074179,0.1534224969018074,0.2227286627074179,0.268229213369477,0.2211156482292593,0.268229213369477,0.0531601564386075,0.0076596057765484,raw cells; independent full-size with-replacement pseudo-replicates within context×perturbation; controls resampled independently,"min(n_left,n_right) cells per full-size pseudo-replicate",0
nadig_hepg2_vs_jurkat,matched_budget_source_frozen_replication,primary_min20,nadig_jurkat,nadig_hepg2,nadig_jurkat,absolute_effect_rank_agreement,20260915,"1,2",2086,20,0.2758888191460255,0.2227286627074179,0.1534224969018074,0.2227286627074179,0.2710601221802998,0.2335606107635464,0.2710601221802998,0.0531601564386075,0.0048286969657256,raw cells; independent full-size with-replacement pseudo-replicates within context×perturbation; controls resampled independently,"min(n_left,n_right) cells per full-size pseudo-replicate",0
nadig_hepg2_vs_jurkat,matched_budget_source_frozen_replication,primary_min20,nadig_jurkat,nadig_hepg2,nadig_jurkat,delta_cosine,20260915,"0,1",2086,20,0.2918119195918433,0.1855349469226153,0.1576109773734224,0.1855349469226153,0.1992917267336658,0.2037343854542444,0.2037343854542444,0.106276972669228,0.0880775341375988,raw cells; independent full-size with-replacement pseudo-replicates within context×perturbation; controls resampled independently,"min(n_left,n_right) cells per full-size pseudo-replicate",0
nadig_hepg2_vs_jurkat,matched_budget_source_frozen_replication,primary_min20,nadig_jurkat,nadig_hepg2,nadig_jurkat,delta_cosine,20260915,"0,2",2086,20,0.2918119195918433,0.1855349469226153,0.1576109773734224,0.1855349469226153,0.1970603383065359,0.1996939744465214,0.1996939744465214,0.106276972669228,0.0921179451453219,raw cells; independent full-size with-replacement pseudo-replicates within context×perturbation; controls resampled independently,"min(n_left,n_right) cells per full-size pseudo-replicate",0
nadig_hepg2_vs_jurkat,matched_budget_source_frozen_replication,primary_min20,nadig_jurkat,nadig_hepg2,nadig_jurkat,delta_cosine,20260915,"1,2",2086,20,0.2918119195918433,0.1855349469226153,0.1576109773734224,0.1855349469226153,0.1959854551641524,0.1935861090609775,0.1959854551641524,0.106276972669228,0.0958264644276908,raw cells; independent full-size with-replacement pseudo-replicates within context×perturbation; controls resampled independently,"min(n_left,n_right) cells per full-size pseudo-replicate",0
nadig_hepg2_vs_jurkat,matched_budget_source_frozen_replication,primary_min20,nadig_jurkat,nadig_hepg2,nadig_jurkat,systema_centroid_accuracy,20260915,"0,1",2086,20,0.3277764748891203,0.2418137589640655,0.1804033283440361,0.2418137589640655,0.2476713547666181,0.2325371150826223,0.2476713547666181,0.0859627159250547,0.0801051201225021,raw cells; independent full-size with-replacement pseudo-replicates within context×perturbation; controls resampled independently,"min(n_left,n_right) cells per full-size pseudo-replicate",0
nadig_hepg2_vs_jurkat,matched_budget_source_frozen_replication,primary_min20,nadig_jurkat,nadig_hepg2,nadig_jurkat,systema_centroid_accuracy,20260915,"0,2",2086,20,0.3277764748891203,0.2418137589640655,0.1804033283440361,0.2418137589640655,0.2564373429348563,0.2787039783321952,0.2787039783321952,0.0859627159250547,0.0490724965569251,raw cells; independent full-size with-replacement pseudo-replicates within context×perturbation; controls resampled independently,"min(n_left,n_right) cells per full-size pseudo-replicate",0
nadig_hepg2_vs_jurkat,matched_budget_source_frozen_replication,primary_min20,nadig_jurkat,nadig_hepg2,nadig_jurkat,systema_centroid_accuracy,20260915,"1,2",2086,20,0.3277764748891203,0.2418137589640655,0.1804033283440361,0.2418137589640655,0.2489514428725476,0.231485224093017,0.2489514428725476,0.0859627159250547,0.0788250320165727,raw cells; independent full-size with-replacement pseudo-replicates within context×perturbation; controls resampled independently,"min(n_left,n_right) cells per full-size pseudo-replicate",0
nadig_hepg2_vs_jurkat,matched_budget_source_frozen_replication,primary_min20,nadig_hepg2,nadig_hepg2,nadig_jurkat,absolute_effect_rank_agreement,20260916,"0,1",2086,20,0.3147191163655844,0.2389937714258123,0.1915621098519075,0.2389937714258123,0.2686761808194863,0.2407645120720298,0.2686761808194863,0.075725344939772,0.0460429355460981,raw cells; independent full-size with-replacement pseudo-replicates within context×perturbation; controls resampled independently,"min(n_left,n_right) cells per full-size pseudo-replicate",0
nadig_hepg2_vs_jurkat,matched_budget_source_frozen_replication,primary_min20,nadig_hepg2,nadig_hepg2,nadig_jurkat,absolute_effect_rank_agreement,20260916,"0,2",2086,20,0.3147191163655844,0.2389937714258123,0.1915621098519075,0.2389937714258123,0.2743178803074511,0.265634204046159,0.2743178803074511,0.075725344939772,0.0404012360581333,raw cells; independent full-size with-replacement pseudo-replicates within context×perturbation; controls resampled independently,"min(n_left,n_right) cells per full-size pseudo-replicate",0
nadig_hepg2_vs_jurkat,matched_budget_source_frozen_replication,primary_min20,nadig_hepg2,nadig_hepg2,nadig_jurkat,absolute_effect_rank_agreement,20260916,"1,2",2086,20,0.3147191163655844,0.2389937714258123,0.1915621098519075,0.2389937714258123,0.2705748727959147,0.2560268180470005,0.2705748727959147,0.075725344939772,0.0441442435696696,raw cells; independent full-size with-replacement pseudo-replicates within context×perturbation; controls resampled independently,"min(n_left,n_right) cells per full-size pseudo-replicate",0
nadig_hepg2_vs_jurkat,matched_budget_source_frozen_replication,primary_min20,nadig_hepg2,nadig_hepg2,nadig_jurkat,delta_cosine,20260916,"0,1",2086,20,0.3041452552243919,0.1960041937686667,0.1480910765155852,0.1960041937686667,0.2080561054512095,0.1889005382462965,0.2080561054512095,0.1081410614557252,0.0960891497731824,raw cells; independent full-size with-replacement pseudo-replicates within context×perturbation; controls resampled independently,"min(n_left,n_right) cells per full-size pseudo-replicate",0
nadig_hepg2_vs_jurkat,matched_budget_source_frozen_replication,primary_min20,nadig_hepg2,nadig_hepg2,nadig_jurkat,delta_cosine,20260916,"0,2",2086,20,0.3041452552243919,0.1960041937686667,0.1480910765155852,0.1960041937686667,0.2031365894820097,0.1773198507349441,0.2031365894820097,0.1081410614557252,0.1010086657423821,raw cells; independent full-size with-replacement pseudo-replicates within context×perturbation; controls resampled independently,"min(n_left,n_right) cells per full-size pseudo-replicate",0
nadig_hepg2_vs_jurkat,matched_budget_source_frozen_replication,primary_min20,nadig_hepg2,nadig_hepg2,nadig_jurkat,delta_cosine,20260916,"1,2",2086,20,0.3041452552243919,0.1960041937686667,0.1480910765155852,0.1960041937686667,0.2052440502056648,0.1837698393538285,0.2052440502056648,0.1081410614557252,0.0989012050187271,raw cells; independent full-size with-replacement pseudo-replicates within context×perturbation; controls resampled independently,"min(n_left,n_right) cells per full-size pseudo-replicate",0
nadig_hepg2_vs_jurkat,matched_budget_source_frozen_replication,primary_min20,nadig_hepg2,nadig_hepg2,nadig_jurkat,systema_centroid_accuracy,20260916,"0,1",2086,20,0.324624595625513,0.2400723333126404,0.2040555858285567,0.2400723333126404,0.2501846269868094,0.25349377257542,0.25349377257542,0.0845522623128726,0.071130823050093,raw cells; independent full-size with-replacement pseudo-replicates within context×perturbation; controls resampled independently,"min(n_left,n_right) cells per full-size pseudo-replicate",0
nadig_hepg2_vs_jurkat,matched_budget_source_frozen_replication,primary_min20,nadig_hepg2,nadig_hepg2,nadig_jurkat,systema_centroid_accuracy,20260916,"0,2",2086,20,0.324624595625513,0.2400723333126404,0.2040555858285567,0.2400723333126404,0.2461631845051284,0.2348897871156574,0.2461631845051284,0.0845522623128726,0.0784614111203846,raw cells; independent full-size with-replacement pseudo-replicates within context×perturbation; controls resampled independently,"min(n_left,n_right) cells per full-size pseudo-replicate",0
nadig_hepg2_vs_jurkat,matched_budget_source_frozen_replication,primary_min20,nadig_hepg2,nadig_hepg2,nadig_jurkat,systema_centroid_accuracy,20260916,"1,2",2086,20,0.324624595625513,0.2400723333126404,0.2040555858285567,0.2400723333126404,0.2447641120085714,0.2294823776645031,0.2447641120085714,0.0845522623128726,0.0798604836169415,raw cells; independent full-size with-replacement pseudo-replicates within context×perturbation; controls resampled independently,"min(n_left,n_right) cells per full-size pseudo-replicate",0
nadig_hepg2_vs_jurkat,matched_budget_source_frozen_replication,primary_min20,nadig_jurkat,nadig_hepg2,nadig_jurkat,absolute_effect_rank_agreement,20260916,"0,1",2086,20,0.2693184666073469,0.2175772708774495,0.1665388302972195,0.2175772708774495,0.2485885117409428,0.233982976610083,0.2485885117409428,0.0517411957298974,0.0207299548664041,raw cells; independent full-size with-replacement pseudo-replicates within context×perturbation; controls resampled independently,"min(n_left,n_right) cells per full-size pseudo-replicate",0
nadig_hepg2_vs_jurkat,matched_budget_source_frozen_replication,primary_min20,nadig_jurkat,nadig_hepg2,nadig_jurkat,absolute_effect_rank_agreement,20260916,"0,2",2086,20,0.2693184666073469,0.2175772708774495,0.1665388302972195,0.2175772708774495,0.2635261685186845,0.2293014294221382,0.2635261685186845,0.0517411957298974,0.0057922980886623,raw cells; independent full-size with-replacement pseudo-replicates within context×perturbation; controls resampled independently,"min(n_left,n_right) cells per full-size pseudo-replicate",0
nadig_hepg2_vs_jurkat,matched_budget_source_frozen_replication,primary_min20,nadig_jurkat,nadig_hepg2,nadig_jurkat,absolute_effect_rank_agreement,20260916,"1,2",2086,20,0.2693184666073469,0.2175772708774495,0.1665388302972195,0.2175772708774495,0.2670124686444517,0.2386214135115685,0.2670124686444517,0.0517411957298974,0.0023059979628952,raw cells; independent full-size with-replacement pseudo-replicates within context×perturbation; controls resampled independently,"min(n_left,n_right) cells per full-size pseudo-replicate",0
nadig_hepg2_vs_jurkat,matched_budget_source_frozen_replication,primary_min20,nadig_jurkat,nadig_hepg2,nadig_jurkat,delta_cosine,20260916,"0,1",2086,20,0.3040137401105003,0.1995445254534627,0.1491431974267182,0.1995445254534627,0.2119117745113592,0.1973165858492496,0.2119117745113592,0.1044692146570375,0.092101965599141,raw cells; independent full-size with-replacement pseudo-replicates within context×perturbation; controls resampled independently,"min(n_left,n_right) cells per full-size pseudo-replicate",0
nadig_hepg2_vs_jurkat,matched_budget_source_frozen_replication,primary_min20,nadig_jurkat,nadig_hepg2,nadig_jurkat,delta_cosine,20260916,"0,2",2086,20,0.3040137401105003,0.1995445254534627,0.1491431974267182,0.1995445254534627,0.2105501792238309,0.1944319903616895,0.2105501792238309,0.1044692146570375,0.0934635608866694,raw cells; independent full-size with-replacement pseudo-replicates within context×perturbation; controls resampled independently,"min(n_left,n_right) cells per full-size pseudo-replicate",0
nadig_hepg2_vs_jurkat,matched_budget_source_frozen_replication,primary_min20,nadig_jurkat,nadig_hepg2,nadig_jurkat,delta_cosine,20260916,"1,2",2086,20,0.3040137401105003,0.1995445254534627,0.1491431974267182,0.1995445254534627,0.209200769777275,0.1880139608351669,0.209200769777275,0.1044692146570375,0.0948129703332253,raw cells; independent full-size with-replacement pseudo-replicates within context×perturbation; controls resampled independently,"min(n_left,n_right) cells per full-size pseudo-replicate",0
nadig_hepg2_vs_jurkat,matched_budget_source_frozen_replication,primary_min20,nadig_jurkat,nadig_hepg2,nadig_jurkat,systema_centroid_accuracy,20260916,"0,1",2086,20,0.3256401590137286,0.2408241767084894,0.2103837160377163,0.2408241767084894,0.2499227463666651,0.2438441959759134,0.2499227463666651,0.0848159823052392,0.0757174126470635,raw cells; independent full-size with-replacement pseudo-replicates within context×perturbation; controls resampled independently,"min(n_left,n_right) cells per full-size pseudo-replicate",0
nadig_hepg2_vs_jurkat,matched_budget_source_frozen_replication,primary_min20,nadig_jurkat,nadig_hepg2,nadig_jurkat,systema_centroid_accuracy,20260916,"0,2",2086,20,0.3256401590137286,0.2408241767084894,0.2103837160377163,0.2408241767084894,0.2569507577063948,0.2852955986121936,0.2852955986121936,0.0848159823052392,0.0403445604015349,raw cells; independent full-size with-replacement pseudo-replicates within context×perturbation; controls resampled independently,"min(n_left,n_right) cells per full-size pseudo-replicate",0
nadig_hepg2_vs_jurkat,matched_budget_source_frozen_replication,primary_min20,nadig_jurkat,nadig_hepg2,nadig_jurkat,systema_centroid_accuracy,20260916,"1,2",2086,20,0.3256401590137286,0.2408241767084894,0.2103837160377163,0.2408241767084894,0.2487335922249736,0.2488339529718506,0.2488339529718506,0.0848159823052392,0.0768062060418779,raw cells; independent full-size with-replacement pseudo-replicates within context×perturbation; controls resampled independently,"min(n_left,n_right) cells per full-size pseudo-replicate",0
nadig_hepg2_vs_jurkat,matched_budget_source_frozen_replication,primary_min20,nadig_hepg2,nadig_hepg2,nadig_jurkat,absolute_effect_rank_agreement,20260917,"0,1",2086,20,0.3158766562972058,0.2372118795854975,0.1858501693372052,0.2372118795854975,0.26731021702293,0.2443952029172443,0.26731021702293,0.0786647767117083,0.0485664392742757,raw cells; independent full-size with-replacement pseudo-replicates within context×perturbation; controls resampled independently,"min(n_left,n_right) cells per full-size pseudo-replicate",0
nadig_hepg2_vs_jurkat,matched_budget_source_frozen_replication,primary_min20,nadig_hepg2,nadig_hepg2,nadig_jurkat,absolute_effect_rank_agreement,20260917,"0,2",2086,20,0.3158766562972058,0.2372118795854975,0.1858501693372052,0.2372118795854975,0.2700643320434736,0.2638774886131363,0.2700643320434736,0.0786647767117083,0.0458123242537322,raw cells; independent full-size with-replacement pseudo-replicates within context×perturbation; controls resampled independently,"min(n_left,n_right) cells per full-size pseudo-replicate",0
nadig_hepg2_vs_jurkat,matched_budget_source_frozen_replication,primary_min20,nadig_hepg2,nadig_hepg2,nadig_jurkat,absolute_effect_rank_agreement,20260917,"1,2",2086,20,0.3158766562972058,0.2372118795854975,0.1858501693372052,0.2372118795854975,0.2665085956163161,0.2524441808010925,0.2665085956163161,0.0786647767117083,0.0493680606808896,raw cells; independent full-size with-replacement pseudo-replicates within context×perturbation; controls resampled independently,"min(n_left,n_right) cells per full-size pseudo-replicate",0
nadig_hepg2_vs_jurkat,matched_budget_source_frozen_replication,primary_min20,nadig_hepg2,nadig_hepg2,nadig_jurkat,delta_cosine,20260917,"0,1",2086,20,0.2968396136398648,0.1785437230273308,0.1580264455741255,0.1785437230273308,0.1935873736293802,0.1975918019180053,0.1975918019180053,0.1182958906125339,0.0992478117218594,raw cells; independent full-size with-replacement pseudo-replicates within context×perturbation; controls resampled independently,"min(n_left,n_right) cells per full-size pseudo-replicate",0
nadig_hepg2_vs_jurkat,matched_budget_source_frozen_replication,primary_min20,nadig_hepg2,nadig_hepg2,nadig_jurkat,delta_cosine,20260917,"0,2",2086,20,0.2968396136398648,0.1785437230273308,0.1580264455741255,0.1785437230273308,0.1878603732546082,0.1862546013045747,0.1878603732546082,0.1182958906125339,0.1089792403852565,raw cells; independent full-size with-replacement pseudo-replicates within context×perturbation; controls resampled independently,"min(n_left,n_right) cells per full-size pseudo-replicate",0
nadig_hepg2_vs_jurkat,matched_budget_source_frozen_replication,primary_min20,nadig_hepg2,nadig_hepg2,nadig_jurkat,delta_cosine,20260917,"1,2",2086,20,0.2968396136398648,0.1785437230273308,0.1580264455741255,0.1785437230273308,0.1905917260439012,0.1915925744543387,0.1915925744543387,0.1182958906125339,0.105247039185526,raw cells; independent full-size with-replacement pseudo-replicates within context×perturbation; controls resampled independently,"min(n_left,n_right) cells per full-size pseudo-replicate",0
nadig_hepg2_vs_jurkat,matched_budget_source_frozen_replication,primary_min20,nadig_hepg2,nadig_hepg2,nadig_jurkat,systema_centroid_accuracy,20260917,"0,1",2086,20,0.3305561111992476,0.2355596634868519,0.1950233485311463,0.2355596634868519,0.2483198484357289,0.253946258142096,0.253946258142096,0.0949964477123957,0.0766098530571516,raw cells; independent full-size with-replacement pseudo-replicates within context×perturbation; controls resampled independently,"min(n_left,n_right) cells per full-size pseudo-replicate",0
nadig_hepg2_vs_jurkat,matched_budget_source_frozen_replication,primary_min20,nadig_hepg2,nadig_hepg2,nadig_jurkat,systema_centroid_accuracy,20260917,"0,2",2086,20,0.3305561111992476,0.2355596634868519,0.1950233485311463,0.2355596634868519,0.2437595848536894,0.2354304475882381,0.2437595848536894,0.0949964477123957,0.0867965263455582,raw cells; independent full-size with-replacement pseudo-replicates within context×perturbation; controls resampled independently,"min(n_left,n_right) cells per full-size pseudo-replicate",0
nadig_hepg2_vs_jurkat,matched_budget_source_frozen_replication,primary_min20,nadig_hepg2,nadig_hepg2,nadig_jurkat,systema_centroid_accuracy,20260917,"1,2",2086,20,0.3305561111992476,0.2355596634868519,0.1950233485311463,0.2355596634868519,0.2413279347758609,0.219318351646583,0.2413279347758609,0.0949964477123957,0.0892281764233866,raw cells; independent full-size with-replacement pseudo-replicates within context×perturbation; controls resampled independently,"min(n_left,n_right) cells per full-size pseudo-replicate",0
nadig_hepg2_vs_jurkat,matched_budget_source_frozen_replication,primary_min20,nadig_jurkat,nadig_hepg2,nadig_jurkat,absolute_effect_rank_agreement,20260917,"0,1",2086,20,0.2765282309147888,0.2203558725407018,0.1551354122837875,0.2203558725407018,0.2514033260448208,0.2337898425267456,0.2514033260448208,0.0561723583740869,0.0251249048699679,raw cells; independent full-size with-replacement pseudo-replicates within context×perturbation; controls resampled independently,"min(n_left,n_right) cells per full-size pseudo-replicate",0
nadig_hepg2_vs_jurkat,matched_budget_source_frozen_replication,primary_min20,nadig_jurkat,nadig_hepg2,nadig_jurkat,absolute_effect_rank_agreement,20260917,"0,2",2086,20,0.2765282309147888,0.2203558725407018,0.1551354122837875,0.2203558725407018,0.2641544290933504,0.2288792934971294,0.2641544290933504,0.0561723583740869,0.0123738018214384,raw cells; independent full-size with-replacement pseudo-replicates within context×perturbation; controls resampled independently,"min(n_left,n_right) cells per full-size pseudo-replicate",0
nadig_hepg2_vs_jurkat,matched_budget_source_frozen_replication,primary_min20,nadig_jurkat,nadig_hepg2,nadig_jurkat,absolute_effect_rank_agreement,20260917,"1,2",2086,20,0.2765282309147888,0.2203558725407018,0.1551354122837875,0.2203558725407018,0.2690578505556054,0.2373215521542497,0.2690578505556054,0.0561723583740869,0.0074703803591834,raw cells; independent full-size with-replacement pseudo-replicates within context×perturbation; controls resampled independently,"min(n_left,n_right) cells per full-size pseudo-replicate",0
nadig_hepg2_vs_jurkat,matched_budget_source_frozen_replication,primary_min20,nadig_jurkat,nadig_hepg2,nadig_jurkat,delta_cosine,20260917,"0,1",2086,20,0.2974013119322375,0.1820081806079585,0.1567669354449326,0.1820081806079585,0.1972817527377906,0.202130682797961,0.202130682797961,0.115393131324279,0.0952706291342764,raw cells; independent full-size with-replacement pseudo-replicates within context×perturbation; controls resampled independently,"min(n_left,n_right) cells per full-size pseudo-replicate",0
nadig_hepg2_vs_jurkat,matched_budget_source_frozen_replication,primary_min20,nadig_jurkat,nadig_hepg2,nadig_jurkat,delta_cosine,20260917,"0,2",2086,20,0.2974013119322375,0.1820081806079585,0.1567669354449326,0.1820081806079585,0.1961323750204055,0.1991925155944276,0.1991925155944276,0.115393131324279,0.0982087963378098,raw cells; independent full-size with-replacement pseudo-replicates within context×perturbation; controls resampled independently,"min(n_left,n_right) cells per full-size pseudo-replicate",0
nadig_hepg2_vs_jurkat,matched_budget_source_frozen_replication,primary_min20,nadig_jurkat,nadig_hepg2,nadig_jurkat,delta_cosine,20260917,"1,2",2086,20,0.2974013119322375,0.1820081806079585,0.1567669354449326,0.1820081806079585,0.1928056404349195,0.1923937360178971,0.1928056404349195,0.115393131324279,0.1045956714973179,raw cells; independent full-size with-replacement pseudo-replicates within context×perturbation; controls resampled independently,"min(n_left,n_right) cells per full-size pseudo-replicate",0
nadig_hepg2_vs_jurkat,matched_budget_source_frozen_replication,primary_min20,nadig_jurkat,nadig_hepg2,nadig_jurkat,systema_centroid_accuracy,20260917,"0,1",2086,20,0.3315369564367681,0.2354217105701824,0.1972724409159154,0.2354217105701824,0.2453922576224734,0.2307368295200847,0.2453922576224734,0.0961152458665857,0.0861446988142946,raw cells; independent full-size with-replacement pseudo-replicates within context×perturbation; controls resampled independently,"min(n_left,n_right) cells per full-size pseudo-replicate",0
nadig_hepg2_vs_jurkat,matched_budget_source_frozen_replication,primary_min20,nadig_jurkat,nadig_hepg2,nadig_jurkat,systema_centroid_accuracy,20260917,"0,2",2086,20,0.3315369564367681,0.2354217105701824,0.1972724409159154,0.2354217105701824,0.2553457904817086,0.2674006911441124,0.2674006911441124,0.0961152458665857,0.0641362652926556,raw cells; independent full-size with-replacement pseudo-replicates within context×perturbation; controls resampled independently,"min(n_left,n_right) cells per full-size pseudo-replicate",0
nadig_hepg2_vs_jurkat,matched_budget_source_frozen_replication,primary_min20,nadig_jurkat,nadig_hepg2,nadig_jurkat,systema_centroid_accuracy,20260917,"1,2",2086,20,0.3315369564367681,0.2354217105701824,0.1972724409159154,0.2354217105701824,0.2459547606401935,0.2312312757655812,0.2459547606401935,0.0961152458665857,0.0855821957965746,raw cells; independent full-size with-replacement pseudo-replicates within context×perturbation; controls resampled independently,"min(n_left,n_right) cells per full-size pseudo-replicate",0
nadig_hepg2_vs_jurkat,matched_budget_source_frozen_replication,primary_min20,nadig_hepg2,nadig_hepg2,nadig_jurkat,absolute_effect_rank_agreement,20260918,"0,1",2086,20,0.3140978683975159,0.2361579193021421,0.1842607218156443,0.2361579193021421,0.2640076241978613,0.237209120527164,0.2640076241978613,0.0779399490953737,0.0500902441996546,raw cells; independent full-size with-replacement pseudo-replicates within context×perturbation; controls resampled independently,"min(n_left,n_right) cells per full-size pseudo-replicate",0
nadig_hepg2_vs_jurkat,matched_budget_source_frozen_replication,primary_min20,nadig_hepg2,nadig_hepg2,nadig_jurkat,absolute_effect_rank_agreement,20260918,"0,2",2086,20,0.3140978683975159,0.2361579193021421,0.1842607218156443,0.2361579193021421,0.268779070703169,0.262562452434984,0.268779070703169,0.0779399490953737,0.0453187976943469,raw cells; independent full-size with-replacement pseudo-replicates within context×perturbation; controls resampled independently,"min(n_left,n_right) cells per full-size pseudo-replicate",0
nadig_hepg2_vs_jurkat,matched_budget_source_frozen_replication,primary_min20,nadig_hepg2,nadig_hepg2,nadig_jurkat,absolute_effect_rank_agreement,20260918,"1,2",2086,20,0.3140978683975159,0.2361579193021421,0.1842607218156443,0.2361579193021421,0.2657990577815791,0.2537277177299388,0.2657990577815791,0.0779399490953737,0.0482988106159368,raw cells; independent full-size with-replacement pseudo-replicates within context×perturbation; controls resampled independently,"min(n_left,n_right) cells per full-size pseudo-replicate",0
nadig_hepg2_vs_jurkat,matched_budget_source_frozen_replication,primary_min20,nadig_hepg2,nadig_hepg2,nadig_jurkat,delta_cosine,20260918,"0,1",2086,20,0.2948060726873918,0.1907192175310566,0.1517728099399674,0.1907192175310566,0.2016306034750339,0.1914578404390581,0.2016306034750339,0.1040868551563351,0.0931754692123578,raw cells; independent full-size with-replacement pseudo-replicates within context×perturbation; controls resampled independently,"min(n_left,n_right) cells per full-size pseudo-replicate",0
nadig_hepg2_vs_jurkat,matched_budget_source_frozen_replication,primary_min20,nadig_hepg2,nadig_hepg2,nadig_jurkat,delta_cosine,20260918,"0,2",2086,20,0.2948060726873918,0.1907192175310566,0.1517728099399674,0.1907192175310566,0.1966740701398612,0.1798408253263161,0.1966740701398612,0.1040868551563351,0.0981320025475305,raw cells; independent full-size with-replacement pseudo-replicates within context×perturbation; controls resampled independently,"min(n_left,n_right) cells per full-size pseudo-replicate",0
nadig_hepg2_vs_jurkat,matched_budget_source_frozen_replication,primary_min20,nadig_hepg2,nadig_hepg2,nadig_jurkat,delta_cosine,20260918,"1,2",2086,20,0.2948060726873918,0.1907192175310566,0.1517728099399674,0.1907192175310566,0.1997562831805505,0.1839496379885545,0.1997562831805505,0.1040868551563351,0.0950497895068412,raw cells; independent full-size with-replacement pseudo-replicates within context×perturbation; controls resampled independently,"min(n_left,n_right) cells per full-size pseudo-replicate",0
nadig_hepg2_vs_jurkat,matched_budget_source_frozen_replication,primary_min20,nadig_hepg2,nadig_hepg2,nadig_jurkat,systema_centroid_accuracy,20260918,"0,1",2086,20,0.3227437225674877,0.251728894928161,0.1758626080918582,0.251728894928161,0.2582484348091995,0.2373882293973067,0.2582484348091995,0.0710148276393267,0.0644952877582881,raw cells; independent full-size with-replacement pseudo-replicates within context×perturbation; controls resampled independently,"min(n_left,n_right) cells per full-size pseudo-replicate",0
nadig_hepg2_vs_jurkat,matched_budget_source_frozen_replication,primary_min20,nadig_hepg2,nadig_hepg2,nadig_jurkat,systema_centroid_accuracy,20260918,"0,2",2086,20,0.3227437225674877,0.251728894928161,0.1758626080918582,0.251728894928161,0.2546761440320418,0.2167671423743076,0.2546761440320418,0.0710148276393267,0.0680675785354458,raw cells; independent full-size with-replacement pseudo-replicates within context×perturbation; controls resampled independently,"min(n_left,n_right) cells per full-size pseudo-replicate",0
nadig_hepg2_vs_jurkat,matched_budget_source_frozen_replication,primary_min20,nadig_hepg2,nadig_hepg2,nadig_jurkat,systema_centroid_accuracy,20260918,"1,2",2086,20,0.3227437225674877,0.251728894928161,0.1758626080918582,0.251728894928161,0.2538726832532056,0.2041961828427957,0.2538726832532056,0.0710148276393267,0.068871039314282,raw cells; independent full-size with-replacement pseudo-replicates within context×perturbation; controls resampled independently,"min(n_left,n_right) cells per full-size pseudo-replicate",0
nadig_hepg2_vs_jurkat,matched_budget_source_frozen_replication,primary_min20,nadig_jurkat,nadig_hepg2,nadig_jurkat,absolute_effect_rank_agreement,20260918,"0,1",2086,20,0.2756338361717146,0.2201995259018097,0.151785915467051,0.2201995259018097,0.2511750139677328,0.2317002007214937,0.2511750139677328,0.0554343102699048,0.0244588222039818,raw cells; independent full-size with-replacement pseudo-replicates within context×perturbation; controls resampled independently,"min(n_left,n_right) cells per full-size pseudo-replicate",0
nadig_hepg2_vs_jurkat,matched_budget_source_frozen_replication,primary_min20,nadig_jurkat,nadig_hepg2,nadig_jurkat,absolute_effect_rank_agreement,20260918,"0,2",2086,20,0.2756338361717146,0.2201995259018097,0.151785915467051,0.2201995259018097,0.2625304933426222,0.229161982015538,0.2625304933426222,0.0554343102699048,0.0131033428290924,raw cells; independent full-size with-replacement pseudo-replicates within context×perturbation; controls resampled independently,"min(n_left,n_right) cells per full-size pseudo-replicate",0
nadig_hepg2_vs_jurkat,matched_budget_source_frozen_replication,primary_min20,nadig_jurkat,nadig_hepg2,nadig_jurkat,absolute_effect_rank_agreement,20260918,"1,2",2086,20,0.2756338361717146,0.2201995259018097,0.151785915467051,0.2201995259018097,0.2640142919221669,0.2375889508910608,0.2640142919221669,0.0554343102699048,0.0116195442495476,raw cells; independent full-size with-replacement pseudo-replicates within context×perturbation; controls resampled independently,"min(n_left,n_right) cells per full-size pseudo-replicate",0
nadig_hepg2_vs_jurkat,matched_budget_source_frozen_replication,primary_min20,nadig_jurkat,nadig_hepg2,nadig_jurkat,delta_cosine,20260918,"0,1",2086,20,0.2977722903173146,0.1901228010879886,0.1518921392128866,0.1901228010879886,0.2028864348597823,0.1992767818343599,0.2028864348597823,0.107649489229326,0.0948858554575323,raw cells; independent full-size with-replacement pseudo-replicates within context×perturbation; controls resampled independently,"min(n_left,n_right) cells per full-size pseudo-replicate",0
nadig_hepg2_vs_jurkat,matched_budget_source_frozen_replication,primary_min20,nadig_jurkat,nadig_hepg2,nadig_jurkat,delta_cosine,20260918,"0,2",2086,20,0.2977722903173146,0.1901228010879886,0.1518921392128866,0.1901228010879886,0.2009288829722415,0.195661265809979,0.2009288829722415,0.107649489229326,0.0968434073450731,raw cells; independent full-size with-replacement pseudo-replicates within context×perturbation; controls resampled independently,"min(n_left,n_right) cells per full-size pseudo-replicate",0
nadig_hepg2_vs_jurkat,matched_budget_source_frozen_replication,primary_min20,nadig_jurkat,nadig_hepg2,nadig_jurkat,delta_cosine,20260918,"1,2",2086,20,0.2977722903173146,0.1901228010879886,0.1518921392128866,0.1901228010879886,0.2000062078812501,0.189926792985554,0.2000062078812501,0.107649489229326,0.0977660824360645,raw cells; independent full-size with-replacement pseudo-replicates within context×perturbation; controls resampled independently,"min(n_left,n_right) cells per full-size pseudo-replicate",0
nadig_hepg2_vs_jurkat,matched_budget_source_frozen_replication,primary_min20,nadig_jurkat,nadig_hepg2,nadig_jurkat,systema_centroid_accuracy,20260918,"0,1",2086,20,0.3229946819150624,0.2508255332455033,0.1734955659633367,0.2508255332455033,0.2561351110865861,0.2224061977647029,0.2561351110865861,0.0721691486695591,0.0668595708284762,raw cells; independent full-size with-replacement pseudo-replicates within context×perturbation; controls resampled independently,"min(n_left,n_right) cells per full-size pseudo-replicate",0
nadig_hepg2_vs_jurkat,matched_budget_source_frozen_replication,primary_min20,nadig_jurkat,nadig_hepg2,nadig_jurkat,systema_centroid_accuracy,20260918,"0,2",2086,20,0.3229946819150624,0.2508255332455033,0.1734955659633367,0.2508255332455033,0.2624886476245657,0.2725059837077606,0.2725059837077606,0.0721691486695591,0.0504886982073018,raw cells; independent full-size with-replacement pseudo-replicates within context×perturbation; controls resampled independently,"min(n_left,n_right) cells per full-size pseudo-replicate",0
nadig_hepg2_vs_jurkat,matched_budget_source_frozen_replication,primary_min20,nadig_jurkat,nadig_hepg2,nadig_jurkat,systema_centroid_accuracy,20260918,"1,2",2086,20,0.3229946819150624,0.2508255332455033,0.1734955659633367,0.2508255332455033,0.2557647075053284,0.2254576013206692,0.2557647075053284,0.0721691486695591,0.067229974409734,raw cells; independent full-size with-replacement pseudo-replicates within context×perturbation; controls resampled independently,"min(n_left,n_right) cells per full-size pseudo-replicate",0
nadig_hepg2_vs_jurkat,matched_budget_source_frozen_replication,primary_min20,nadig_hepg2,nadig_hepg2,nadig_jurkat,absolute_effect_rank_agreement,20260919,"0,1",2086,20,0.3148666110256569,0.2501674978329896,0.1815432792787821,0.2501674978329896,0.2776492133234927,0.2359878923323469,0.2776492133234927,0.0646991131926673,0.0372173977021642,raw cells; independent full-size with-replacement pseudo-replicates within context×perturbation; controls resampled independently,"min(n_left,n_right) cells per full-size pseudo-replicate",0
nadig_hepg2_vs_jurkat,matched_budget_source_frozen_replication,primary_min20,nadig_hepg2,nadig_hepg2,nadig_jurkat,absolute_effect_rank_agreement,20260919,"0,2",2086,20,0.3148666110256569,0.2501674978329896,0.1815432792787821,0.2501674978329896,0.2812143765332892,0.2600111282019446,0.2812143765332892,0.0646991131926673,0.0336522344923677,raw cells; independent full-size with-replacement pseudo-replicates within context×perturbation; controls resampled independently,"min(n_left,n_right) cells per full-size pseudo-replicate",0
nadig_hepg2_vs_jurkat,matched_budget_source_frozen_replication,primary_min20,nadig_hepg2,nadig_hepg2,nadig_jurkat,absolute_effect_rank_agreement,20260919,"1,2",2086,20,0.3148666110256569,0.2501674978329896,0.1815432792787821,0.2501674978329896,0.2802612368398666,0.2437764840859814,0.2802612368398666,0.0646991131926673,0.0346053741857903,raw cells; independent full-size with-replacement pseudo-replicates within context×perturbation; controls resampled independently,"min(n_left,n_right) cells per full-size pseudo-replicate",0
nadig_hepg2_vs_jurkat,matched_budget_source_frozen_replication,primary_min20,nadig_hepg2,nadig_hepg2,nadig_jurkat,delta_cosine,20260919,"0,1",2086,20,0.2950440414686467,0.1938829377533447,0.1549632010594784,0.1938829377533447,0.2064782689668016,0.1920313796901117,0.2064782689668016,0.1011611037153019,0.088565772501845,raw cells; independent full-size with-replacement pseudo-replicates within context×perturbation; controls resampled independently,"min(n_left,n_right) cells per full-size pseudo-replicate",0
nadig_hepg2_vs_jurkat,matched_budget_source_frozen_replication,primary_min20,nadig_hepg2,nadig_hepg2,nadig_jurkat,delta_cosine,20260919,"0,2",2086,20,0.2950440414686467,0.1938829377533447,0.1549632010594784,0.1938829377533447,0.2009957901368263,0.1807309665211263,0.2009957901368263,0.1011611037153019,0.0940482513318204,raw cells; independent full-size with-replacement pseudo-replicates within context×perturbation; controls resampled independently,"min(n_left,n_right) cells per full-size pseudo-replicate",0
nadig_hepg2_vs_jurkat,matched_budget_source_frozen_replication,primary_min20,nadig_hepg2,nadig_hepg2,nadig_jurkat,delta_cosine,20260919,"1,2",2086,20,0.2950440414686467,0.1938829377533447,0.1549632010594784,0.1938829377533447,0.2047708717014882,0.1856312840427562,0.2047708717014882,0.1011611037153019,0.0902731697671584,raw cells; independent full-size with-replacement pseudo-replicates within context×perturbation; controls resampled independently,"min(n_left,n_right) cells per full-size pseudo-replicate",0
nadig_hepg2_vs_jurkat,matched_budget_source_frozen_replication,primary_min20,nadig_hepg2,nadig_hepg2,nadig_jurkat,systema_centroid_accuracy,20260919,"0,1",2086,20,0.333110539372912,0.250742301652446,0.191051913981758,0.250742301652446,0.256823611101531,0.2443018547769646,0.256823611101531,0.082368237720466,0.0762869282713809,raw cells; independent full-size with-replacement pseudo-replicates within context×perturbation; controls resampled independently,"min(n_left,n_right) cells per full-size pseudo-replicate",0
nadig_hepg2_vs_jurkat,matched_budget_source_frozen_replication,primary_min20,nadig_hepg2,nadig_hepg2,nadig_jurkat,systema_centroid_accuracy,20260919,"0,2",2086,20,0.333110539372912,0.250742301652446,0.191051913981758,0.250742301652446,0.2534453740938217,0.2221659297681701,0.2534453740938217,0.082368237720466,0.0796651652790902,raw cells; independent full-size with-replacement pseudo-replicates within context×perturbation; controls resampled independently,"min(n_left,n_right) cells per full-size pseudo-replicate",0
nadig_hepg2_vs_jurkat,matched_budget_source_frozen_replication,primary_min20,nadig_hepg2,nadig_hepg2,nadig_jurkat,systema_centroid_accuracy,20260919,"1,2",2086,20,0.333110539372912,0.250742301652446,0.191051913981758,0.250742301652446,0.2517603941774672,0.21341672587146,0.2517603941774672,0.082368237720466,0.0813501451954448,raw cells; independent full-size with-replacement pseudo-replicates within context×perturbation; controls resampled independently,"min(n_left,n_right) cells per full-size pseudo-replicate",0
nadig_hepg2_vs_jurkat,matched_budget_source_frozen_replication,primary_min20,nadig_jurkat,nadig_hepg2,nadig_jurkat,absolute_effect_rank_agreement,20260919,"0,1",2086,20,0.2819692089089993,0.2271220032602872,0.1472562314482067,0.2271220032602872,0.2535128560622259,0.229163131623177,0.2535128560622259,0.054847205648712,0.0284563528467733,raw cells; independent full-size with-replacement pseudo-replicates within context×perturbation; controls resampled independently,"min(n_left,n_right) cells per full-size pseudo-replicate",0
nadig_hepg2_vs_jurkat,matched_budget_source_frozen_replication,primary_min20,nadig_jurkat,nadig_hepg2,nadig_jurkat,absolute_effect_rank_agreement,20260919,"0,2",2086,20,0.2819692089089993,0.2271220032602872,0.1472562314482067,0.2271220032602872,0.2681502353246837,0.2220632698060152,0.2681502353246837,0.054847205648712,0.0138189735843156,raw cells; independent full-size with-replacement pseudo-replicates within context×perturbation; controls resampled independently,"min(n_left,n_right) cells per full-size pseudo-replicate",0
nadig_hepg2_vs_jurkat,matched_budget_source_frozen_replication,primary_min20,nadig_jurkat,nadig_hepg2,nadig_jurkat,absolute_effect_rank_agreement,20260919,"1,2",2086,20,0.2819692089089993,0.2271220032602872,0.1472562314482067,0.2271220032602872,0.2698429176122189,0.2294704217450584,0.2698429176122189,0.054847205648712,0.0121262912967803,raw cells; independent full-size with-replacement pseudo-replicates within context×perturbation; controls resampled independently,"min(n_left,n_right) cells per full-size pseudo-replicate",0
nadig_hepg2_vs_jurkat,matched_budget_source_frozen_replication,primary_min20,nadig_jurkat,nadig_hepg2,nadig_jurkat,delta_cosine,20260919,"0,1",2086,20,0.2970426343488968,0.1936741690061182,0.1519806590010829,0.1936741690061182,0.2071325106741069,0.1977327438145361,0.2071325106741069,0.1033684653427785,0.0899101236747898,raw cells; independent full-size with-replacement pseudo-replicates within context×perturbation; controls resampled independently,"min(n_left,n_right) cells per full-size pseudo-replicate",0
nadig_hepg2_vs_jurkat,matched_budget_source_frozen_replication,primary_min20,nadig_jurkat,nadig_hepg2,nadig_jurkat,delta_cosine,20260919,"0,2",2086,20,0.2970426343488968,0.1936741690061182,0.1519806590010829,0.1936741690061182,0.2061492512605447,0.19541490489296,0.2061492512605447,0.1033684653427785,0.0908933830883519,raw cells; independent full-size with-replacement pseudo-replicates within context×perturbation; controls resampled independently,"min(n_left,n_right) cells per full-size pseudo-replicate",0
nadig_hepg2_vs_jurkat,matched_budget_source_frozen_replication,primary_min20,nadig_jurkat,nadig_hepg2,nadig_jurkat,delta_cosine,20260919,"1,2",2086,20,0.2970426343488968,0.1936741690061182,0.1519806590010829,0.1936741690061182,0.2039681006872354,0.1871929110594554,0.2039681006872354,0.1033684653427785,0.0930745336616613,raw cells; independent full-size with-replacement pseudo-replicates within context×perturbation; controls resampled independently,"min(n_left,n_right) cells per full-size pseudo-replicate",0
nadig_hepg2_vs_jurkat,matched_budget_source_frozen_replication,primary_min20,nadig_jurkat,nadig_hepg2,nadig_jurkat,systema_centroid_accuracy,20260919,"0,1",2086,20,0.3282043588523237,0.2528481529254066,0.1888471964518509,0.2528481529254066,0.2558627690369276,0.2275931124707137,0.2558627690369276,0.0753562059269171,0.072341589815396,raw cells; independent full-size with-replacement pseudo-replicates within context×perturbation; controls resampled independently,"min(n_left,n_right) cells per full-size pseudo-replicate",0
nadig_hepg2_vs_jurkat,matched_budget_source_frozen_replication,primary_min20,nadig_jurkat,nadig_hepg2,nadig_jurkat,systema_centroid_accuracy,20260919,"0,2",2086,20,0.3282043588523237,0.2528481529254066,0.1888471964518509,0.2528481529254066,0.2613561691394727,0.2691184348781761,0.2691184348781761,0.0753562059269171,0.0590859239741475,raw cells; independent full-size with-replacement pseudo-replicates within context×perturbation; controls resampled independently,"min(n_left,n_right) cells per full-size pseudo-replicate",0
nadig_hepg2_vs_jurkat,matched_budget_source_frozen_replication,primary_min20,nadig_jurkat,nadig_hepg2,nadig_jurkat,systema_centroid_accuracy,20260919,"1,2",2086,20,0.3282043588523237,0.2528481529254066,0.1888471964518509,0.2528481529254066,0.2560342904966535,0.2343324573323125,0.2560342904966535,0.0753562059269171,0.0721700683556701,raw cells; independent full-size with-replacement pseudo-replicates within context×perturbation; controls resampled independently,"min(n_left,n_right) cells per full-size pseudo-replicate",0
nadig_hepg2_vs_jurkat,matched_budget_source_frozen_replication,primary_min20,nadig_hepg2,nadig_hepg2,nadig_jurkat,absolute_effect_rank_agreement,20260920,"0,1",2086,20,0.3171268546045235,0.2376742517778681,0.1806146262280683,0.2376742517778681,0.264416999478078,0.2346997569729451,0.264416999478078,0.0794526028266553,0.0527098551264454,raw cells; independent full-size with-replacement pseudo-replicates within context×perturbation; controls resampled independently,"min(n_left,n_right) cells per full-size pseudo-replicate",0
nadig_hepg2_vs_jurkat,matched_budget_source_frozen_replication,primary_min20,nadig_hepg2,nadig_hepg2,nadig_jurkat,absolute_effect_rank_agreement,20260920,"0,2",2086,20,0.3171268546045235,0.2376742517778681,0.1806146262280683,0.2376742517778681,0.2686577870972637,0.2537378342771612,0.2686577870972637,0.0794526028266553,0.0484690675072597,raw cells; independent full-size with-replacement pseudo-replicates within context×perturbation; controls resampled independently,"min(n_left,n_right) cells per full-size pseudo-replicate",0
nadig_hepg2_vs_jurkat,matched_budget_source_frozen_replication,primary_min20,nadig_hepg2,nadig_hepg2,nadig_jurkat,absolute_effect_rank_agreement,20260920,"1,2",2086,20,0.3171268546045235,0.2376742517778681,0.1806146262280683,0.2376742517778681,0.2678471987510663,0.2440314670602923,0.2678471987510663,0.0794526028266553,0.0492796558534571,raw cells; independent full-size with-replacement pseudo-replicates within context×perturbation; controls resampled independently,"min(n_left,n_right) cells per full-size pseudo-replicate",0
nadig_hepg2_vs_jurkat,matched_budget_source_frozen_replication,primary_min20,nadig_hepg2,nadig_hepg2,nadig_jurkat,delta_cosine,20260920,"0,1",2086,20,0.3014424127045438,0.1876945998330769,0.159539099305407,0.1876945998330769,0.2013204393340552,0.1958654361266499,0.2013204393340552,0.1137478128714669,0.1001219733704885,raw cells; independent full-size with-replacement pseudo-replicates within context×perturbation; controls resampled independently,"min(n_left,n_right) cells per full-size pseudo-replicate",0
nadig_hepg2_vs_jurkat,matched_budget_source_frozen_replication,primary_min20,nadig_hepg2,nadig_hepg2,nadig_jurkat,delta_cosine,20260920,"0,2",2086,20,0.3014424127045438,0.1876945998330769,0.159539099305407,0.1876945998330769,0.196504043170066,0.1856488730396315,0.196504043170066,0.1137478128714669,0.1049383695344778,raw cells; independent full-size with-replacement pseudo-replicates within context×perturbation; controls resampled independently,"min(n_left,n_right) cells per full-size pseudo-replicate",0
nadig_hepg2_vs_jurkat,matched_budget_source_frozen_replication,primary_min20,nadig_hepg2,nadig_hepg2,nadig_jurkat,delta_cosine,20260920,"1,2",2086,20,0.3014424127045438,0.1876945998330769,0.159539099305407,0.1876945998330769,0.199104340688523,0.1917457021918419,0.199104340688523,0.1137478128714669,0.1023380720160208,raw cells; independent full-size with-replacement pseudo-replicates within context×perturbation; controls resampled independently,"min(n_left,n_right) cells per full-size pseudo-replicate",0
nadig_hepg2_vs_jurkat,matched_budget_source_frozen_replication,primary_min20,nadig_hepg2,nadig_hepg2,nadig_jurkat,systema_centroid_accuracy,20260920,"0,1",2086,20,0.3415970579241305,0.2372109598993863,0.1890559651990775,0.2372109598993863,0.247620657069742,0.2406941560845283,0.247620657069742,0.1043860980247441,0.0939764008543884,raw cells; independent full-size with-replacement pseudo-replicates within context×perturbation; controls resampled independently,"min(n_left,n_right) cells per full-size pseudo-replicate",0
nadig_hepg2_vs_jurkat,matched_budget_source_frozen_replication,primary_min20,nadig_hepg2,nadig_hepg2,nadig_jurkat,systema_centroid_accuracy,20260920,"0,2",2086,20,0.3415970579241305,0.2372109598993863,0.1890559651990775,0.2372109598993863,0.2432005306588861,0.2229945669542985,0.2432005306588861,0.1043860980247441,0.0983965272652443,raw cells; independent full-size with-replacement pseudo-replicates within context×perturbation; controls resampled independently,"min(n_left,n_right) cells per full-size pseudo-replicate",0
nadig_hepg2_vs_jurkat,matched_budget_source_frozen_replication,primary_min20,nadig_hepg2,nadig_hepg2,nadig_jurkat,systema_centroid_accuracy,20260920,"1,2",2086,20,0.3415970579241305,0.2372109598993863,0.1890559651990775,0.2372109598993863,0.2415494641678795,0.2125394602822056,0.2415494641678795,0.1043860980247441,0.1000475937562509,raw cells; independent full-size with-replacement pseudo-replicates within context×perturbation; controls resampled independently,"min(n_left,n_right) cells per full-size pseudo-replicate",0
nadig_hepg2_vs_jurkat,matched_budget_source_frozen_replication,primary_min20,nadig_jurkat,nadig_hepg2,nadig_jurkat,absolute_effect_rank_agreement,20260920,"0,1",2086,20,0.276286928271381,0.227354913767931,0.1565271272914554,0.227354913767931,0.2574545157737664,0.2268849541651434,0.2574545157737664,0.04893201450345,0.0188324124976145,raw cells; independent full-size with-replacement pseudo-replicates within context×perturbation; controls resampled independently,"min(n_left,n_right) cells per full-size pseudo-replicate",0
nadig_hepg2_vs_jurkat,matched_budget_source_frozen_replication,primary_min20,nadig_jurkat,nadig_hepg2,nadig_jurkat,absolute_effect_rank_agreement,20260920,"0,2",2086,20,0.276286928271381,0.227354913767931,0.1565271272914554,0.227354913767931,0.2683170433930899,0.2272954790529992,0.2683170433930899,0.04893201450345,0.007969884878291,raw cells; independent full-size with-replacement pseudo-replicates within context×perturbation; controls resampled independently,"min(n_left,n_right) cells per full-size pseudo-replicate",0
nadig_hepg2_vs_jurkat,matched_budget_source_frozen_replication,primary_min20,nadig_jurkat,nadig_hepg2,nadig_jurkat,absolute_effect_rank_agreement,20260920,"1,2",2086,20,0.276286928271381,0.227354913767931,0.1565271272914554,0.227354913767931,0.2715282424108651,0.2355125295736565,0.2715282424108651,0.04893201450345,0.0047586858605158,raw cells; independent full-size with-replacement pseudo-replicates within context×perturbation; controls resampled independently,"min(n_left,n_right) cells per full-size pseudo-replicate",0
nadig_hepg2_vs_jurkat,matched_budget_source_frozen_replication,primary_min20,nadig_jurkat,nadig_hepg2,nadig_jurkat,delta_cosine,20260920,"0,1",2086,20,0.3030929043917311,0.1895758177733939,0.1605158059554274,0.1895758177733939,0.204459213070579,0.2010632721052305,0.204459213070579,0.1135170866183371,0.098633691321152,raw cells; independent full-size with-replacement pseudo-replicates within context×perturbation; controls resampled independently,"min(n_left,n_right) cells per full-size pseudo-replicate",0
nadig_hepg2_vs_jurkat,matched_budget_source_frozen_replication,primary_min20,nadig_jurkat,nadig_hepg2,nadig_jurkat,delta_cosine,20260920,"0,2",2086,20,0.3030929043917311,0.1895758177733939,0.1605158059554274,0.1895758177733939,0.2019792794719162,0.1988879845308796,0.2019792794719162,0.1135170866183371,0.1011136249198148,raw cells; independent full-size with-replacement pseudo-replicates within context×perturbation; controls resampled independently,"min(n_left,n_right) cells per full-size pseudo-replicate",0
nadig_hepg2_vs_jurkat,matched_budget_source_frozen_replication,primary_min20,nadig_jurkat,nadig_hepg2,nadig_jurkat,delta_cosine,20260920,"1,2",2086,20,0.3030929043917311,0.1895758177733939,0.1605158059554274,0.1895758177733939,0.201004527154882,0.1934485010265996,0.201004527154882,0.1135170866183371,0.102088377236849,raw cells; independent full-size with-replacement pseudo-replicates within context×perturbation; controls resampled independently,"min(n_left,n_right) cells per full-size pseudo-replicate",0
nadig_hepg2_vs_jurkat,matched_budget_source_frozen_replication,primary_min20,nadig_jurkat,nadig_hepg2,nadig_jurkat,systema_centroid_accuracy,20260920,"0,1",2086,20,0.3410838730741198,0.2369099926195189,0.1879360174372486,0.2369099926195189,0.2450347296467715,0.2221050005633077,0.2450347296467715,0.1041738804546008,0.0960491434273482,raw cells; independent full-size with-replacement pseudo-replicates within context×perturbation; controls resampled independently,"min(n_left,n_right) cells per full-size pseudo-replicate",0
nadig_hepg2_vs_jurkat,matched_budget_source_frozen_replication,primary_min20,nadig_jurkat,nadig_hepg2,nadig_jurkat,systema_centroid_accuracy,20260920,"0,2",2086,20,0.3410838730741198,0.2369099926195189,0.1879360174372486,0.2369099926195189,0.2535643584844492,0.2671687003225799,0.2671687003225799,0.1041738804546008,0.0739151727515399,raw cells; independent full-size with-replacement pseudo-replicates within context×perturbation; controls resampled independently,"min(n_left,n_right) cells per full-size pseudo-replicate",0
nadig_hepg2_vs_jurkat,matched_budget_source_frozen_replication,primary_min20,nadig_jurkat,nadig_hepg2,nadig_jurkat,systema_centroid_accuracy,20260920,"1,2",2086,20,0.3410838730741198,0.2369099926195189,0.1879360174372486,0.2369099926195189,0.245646550832201,0.2292505018037343,0.245646550832201,0.1041738804546008,0.0954373222419188,raw cells; independent full-size with-replacement pseudo-replicates within context×perturbation; controls resampled independently,"min(n_left,n_right) cells per full-size pseudo-replicate",0
nadig_hepg2_vs_jurkat,matched_budget_source_frozen_replication,primary_min20,nadig_hepg2,nadig_hepg2,nadig_jurkat,absolute_effect_rank_agreement,20260921,"0,1",2086,20,0.3091696154102604,0.2309941117096735,0.1658076798388709,0.2309941117096735,0.259250432827276,0.2272475404144565,0.259250432827276,0.0781755037005869,0.0499191825829844,raw cells; independent full-size with-replacement pseudo-replicates within context×perturbation; controls resampled independently,"min(n_left,n_right) cells per full-size pseudo-replicate",0
nadig_hepg2_vs_jurkat,matched_budget_source_frozen_replication,primary_min20,nadig_hepg2,nadig_hepg2,nadig_jurkat,absolute_effect_rank_agreement,20260921,"0,2",2086,20,0.3091696154102604,0.2309941117096735,0.1658076798388709,0.2309941117096735,0.2634053447558347,0.2493336874124861,0.2634053447558347,0.0781755037005869,0.0457642706544256,raw cells; independent full-size with-replacement pseudo-replicates within context×perturbation; controls resampled independently,"min(n_left,n_right) cells per full-size pseudo-replicate",0
nadig_hepg2_vs_jurkat,matched_budget_source_frozen_replication,primary_min20,nadig_hepg2,nadig_hepg2,nadig_jurkat,absolute_effect_rank_agreement,20260921,"1,2",2086,20,0.3091696154102604,0.2309941117096735,0.1658076798388709,0.2309941117096735,0.262267348154075,0.2373777679677925,0.262267348154075,0.0781755037005869,0.0469022672561854,raw cells; independent full-size with-replacement pseudo-replicates within context×perturbation; controls resampled independently,"min(n_left,n_right) cells per full-size pseudo-replicate",0
nadig_hepg2_vs_jurkat,matched_budget_source_frozen_replication,primary_min20,nadig_hepg2,nadig_hepg2,nadig_jurkat,delta_cosine,20260921,"0,1",2086,20,0.2982122451607266,0.1822477588399079,0.1638740397902195,0.1822477588399079,0.1950726666988556,0.1975607625117547,0.1975607625117547,0.1159644863208187,0.1006514826489719,raw cells; independent full-size with-replacement pseudo-replicates within context×perturbation; controls resampled independently,"min(n_left,n_right) cells per full-size pseudo-replicate",0
nadig_hepg2_vs_jurkat,matched_budget_source_frozen_replication,primary_min20,nadig_hepg2,nadig_hepg2,nadig_jurkat,delta_cosine,20260921,"0,2",2086,20,0.2982122451607266,0.1822477588399079,0.1638740397902195,0.1822477588399079,0.1896670966199236,0.1868128507740308,0.1896670966199236,0.1159644863208187,0.108545148540803,raw cells; independent full-size with-replacement pseudo-replicates within context×perturbation; controls resampled independently,"min(n_left,n_right) cells per full-size pseudo-replicate",0
nadig_hepg2_vs_jurkat,matched_budget_source_frozen_replication,primary_min20,nadig_hepg2,nadig_hepg2,nadig_jurkat,delta_cosine,20260921,"1,2",2086,20,0.2982122451607266,0.1822477588399079,0.1638740397902195,0.1822477588399079,0.1929888878925622,0.1935090853491703,0.1935090853491703,0.1159644863208187,0.1047031598115563,raw cells; independent full-size with-replacement pseudo-replicates within context×perturbation; controls resampled independently,"min(n_left,n_right) cells per full-size pseudo-replicate",0
nadig_hepg2_vs_jurkat,matched_budget_source_frozen_replication,primary_min20,nadig_hepg2,nadig_hepg2,nadig_jurkat,systema_centroid_accuracy,20260921,"0,1",2086,20,0.3329962683736041,0.2363754250674244,0.1908157845727253,0.2363754250674244,0.2463519500794378,0.2485081541669828,0.2485081541669828,0.0966208433061796,0.0844881142066212,raw cells; independent full-size with-replacement pseudo-replicates within context×perturbation; controls resampled independently,"min(n_left,n_right) cells per full-size pseudo-replicate",0
nadig_hepg2_vs_jurkat,matched_budget_source_frozen_replication,primary_min20,nadig_hepg2,nadig_hepg2,nadig_jurkat,systema_centroid_accuracy,20260921,"0,2",2086,20,0.3329962683736041,0.2363754250674244,0.1908157845727253,0.2363754250674244,0.2424089108387307,0.2262364604960327,0.2424089108387307,0.0966208433061796,0.0905873575348733,raw cells; independent full-size with-replacement pseudo-replicates within context×perturbation; controls resampled independently,"min(n_left,n_right) cells per full-size pseudo-replicate",0
nadig_hepg2_vs_jurkat,matched_budget_source_frozen_replication,primary_min20,nadig_hepg2,nadig_hepg2,nadig_jurkat,systema_centroid_accuracy,20260921,"1,2",2086,20,0.3329962683736041,0.2363754250674244,0.1908157845727253,0.2363754250674244,0.2408463641359204,0.2175877323069636,0.2408463641359204,0.0966208433061796,0.0921499042376836,raw cells; independent full-size with-replacement pseudo-replicates within context×perturbation; controls resampled independently,"min(n_left,n_right) cells per full-size pseudo-replicate",0
nadig_hepg2_vs_jurkat,matched_budget_source_frozen_replication,primary_min20,nadig_jurkat,nadig_hepg2,nadig_jurkat,absolute_effect_rank_agreement,20260921,"0,1",2086,20,0.2725158703334551,0.2170293678767436,0.1475332868891847,0.2170293678767436,0.2492932212235964,0.2217939167362179,0.2492932212235964,0.0554865024567114,0.0232226491098587,raw cells; independent full-size with-replacement pseudo-replicates within context×perturbation; controls resampled independently,"min(n_left,n_right) cells per full-size pseudo-replicate",0
nadig_hepg2_vs_jurkat,matched_budget_source_frozen_replication,primary_min20,nadig_jurkat,nadig_hepg2,nadig_jurkat,absolute_effect_rank_agreement,20260921,"0,2",2086,20,0.2725158703334551,0.2170293678767436,0.1475332868891847,0.2170293678767436,0.260880001655435,0.2217390804518418,0.260880001655435,0.0554865024567114,0.0116358686780201,raw cells; independent full-size with-replacement pseudo-replicates within context×perturbation; controls resampled independently,"min(n_left,n_right) cells per full-size pseudo-replicate",0
nadig_hepg2_vs_jurkat,matched_budget_source_frozen_replication,primary_min20,nadig_jurkat,nadig_hepg2,nadig_jurkat,absolute_effect_rank_agreement,20260921,"1,2",2086,20,0.2725158703334551,0.2170293678767436,0.1475332868891847,0.2170293678767436,0.2654518762746274,0.2285930411950401,0.2654518762746274,0.0554865024567114,0.0070639940588277,raw cells; independent full-size with-replacement pseudo-replicates within context×perturbation; controls resampled independently,"min(n_left,n_right) cells per full-size pseudo-replicate",0
nadig_hepg2_vs_jurkat,matched_budget_source_frozen_replication,primary_min20,nadig_jurkat,nadig_hepg2,nadig_jurkat,delta_cosine,20260921,"0,1",2086,20,0.2992029770239417,0.1843814306177301,0.1630256293527019,0.1843814306177301,0.1974062552450848,0.2032170620167336,0.2032170620167336,0.1148215464062115,0.095985915007208,raw cells; independent full-size with-replacement pseudo-replicates within context×perturbation; controls resampled independently,"min(n_left,n_right) cells per full-size pseudo-replicate",0
nadig_hepg2_vs_jurkat,matched_budget_source_frozen_replication,primary_min20,nadig_jurkat,nadig_hepg2,nadig_jurkat,delta_cosine,20260921,"0,2",2086,20,0.2992029770239417,0.1843814306177301,0.1630256293527019,0.1843814306177301,0.1961531829186698,0.199880440805553,0.199880440805553,0.1148215464062115,0.0993225362183886,raw cells; independent full-size with-replacement pseudo-replicates within context×perturbation; controls resampled independently,"min(n_left,n_right) cells per full-size pseudo-replicate",0
nadig_hepg2_vs_jurkat,matched_budget_source_frozen_replication,primary_min20,nadig_jurkat,nadig_hepg2,nadig_jurkat,delta_cosine,20260921,"1,2",2086,20,0.2992029770239417,0.1843814306177301,0.1630256293527019,0.1843814306177301,0.1942698956846028,0.1968139773895169,0.1968139773895169,0.1148215464062115,0.1023889996344247,raw cells; independent full-size with-replacement pseudo-replicates within context×perturbation; controls resampled independently,"min(n_left,n_right) cells per full-size pseudo-replicate",0
nadig_hepg2_vs_jurkat,matched_budget_source_frozen_replication,primary_min20,nadig_jurkat,nadig_hepg2,nadig_jurkat,systema_centroid_accuracy,20260921,"0,1",2086,20,0.3378810661921086,0.2371681944952187,0.1825174567919968,0.2371681944952187,0.2451442872547599,0.2220508540435149,0.2451442872547599,0.1007128716968899,0.0927367789373487,raw cells; independent full-size with-replacement pseudo-replicates within context×perturbation; controls resampled independently,"min(n_left,n_right) cells per full-size pseudo-replicate",0
nadig_hepg2_vs_jurkat,matched_budget_source_frozen_replication,primary_min20,nadig_jurkat,nadig_hepg2,nadig_jurkat,systema_centroid_accuracy,20260921,"0,2",2086,20,0.3378810661921086,0.2371681944952187,0.1825174567919968,0.2371681944952187,0.2529105766201995,0.261865560284275,0.261865560284275,0.1007128716968899,0.0760155059078336,raw cells; independent full-size with-replacement pseudo-replicates within context×perturbation; controls resampled independently,"min(n_left,n_right) cells per full-size pseudo-replicate",0
nadig_hepg2_vs_jurkat,matched_budget_source_frozen_replication,primary_min20,nadig_jurkat,nadig_hepg2,nadig_jurkat,systema_centroid_accuracy,20260921,"1,2",2086,20,0.3378810661921086,0.2371681944952187,0.1825174567919968,0.2371681944952187,0.2438122368835516,0.2238180309060518,0.2438122368835516,0.1007128716968899,0.094068829308557,raw cells; independent full-size with-replacement pseudo-replicates within context×perturbation; controls resampled independently,"min(n_left,n_right) cells per full-size pseudo-replicate",0
nadig_hepg2_vs_jurkat,matched_budget_source_frozen_replication,primary_min20,nadig_hepg2,nadig_hepg2,nadig_jurkat,absolute_effect_rank_agreement,20260922,"0,1",2086,20,0.310337501810632,0.2511182233503705,0.1723979205897027,0.2511182233503705,0.2735425849157682,0.2375675681889771,0.2735425849157682,0.0592192784602615,0.0367949168948638,raw cells; independent full-size with-replacement pseudo-replicates within context×perturbation; controls resampled independently,"min(n_left,n_right) cells per full-size pseudo-replicate",0
nadig_hepg2_vs_jurkat,matched_budget_source_frozen_replication,primary_min20,nadig_hepg2,nadig_hepg2,nadig_jurkat,absolute_effect_rank_agreement,20260922,"0,2",2086,20,0.310337501810632,0.2511182233503705,0.1723979205897027,0.2511182233503705,0.2778777553221085,0.2636989545468132,0.2778777553221085,0.0592192784602615,0.0324597464885234,raw cells; independent full-size with-replacement pseudo-replicates within context×perturbation; controls resampled independently,"min(n_left,n_right) cells per full-size pseudo-replicate",0
nadig_hepg2_vs_jurkat,matched_budget_source_frozen_replication,primary_min20,nadig_hepg2,nadig_hepg2,nadig_jurkat,absolute_effect_rank_agreement,20260922,"1,2",2086,20,0.310337501810632,0.2511182233503705,0.1723979205897027,0.2511182233503705,0.2749310810220472,0.2514208000809323,0.2749310810220472,0.0592192784602615,0.0354064207885848,raw cells; independent full-size with-replacement pseudo-replicates within context×perturbation; controls resampled independently,"min(n_left,n_right) cells per full-size pseudo-replicate",0
nadig_hepg2_vs_jurkat,matched_budget_source_frozen_replication,primary_min20,nadig_hepg2,nadig_hepg2,nadig_jurkat,delta_cosine,20260922,"0,1",2086,20,0.3000474787954871,0.1968211049568782,0.1593390675762362,0.1968211049568782,0.2098562760529831,0.1943864658991886,0.2098562760529831,0.1032263738386089,0.090191202742504,raw cells; independent full-size with-replacement pseudo-replicates within context×perturbation; controls resampled independently,"min(n_left,n_right) cells per full-size pseudo-replicate",0
nadig_hepg2_vs_jurkat,matched_budget_source_frozen_replication,primary_min20,nadig_hepg2,nadig_hepg2,nadig_jurkat,delta_cosine,20260922,"0,2",2086,20,0.3000474787954871,0.1968211049568782,0.1593390675762362,0.1968211049568782,0.2050275790872575,0.1847166562052371,0.2050275790872575,0.1032263738386089,0.0950198997082296,raw cells; independent full-size with-replacement pseudo-replicates within context×perturbation; controls resampled independently,"min(n_left,n_right) cells per full-size pseudo-replicate",0
nadig_hepg2_vs_jurkat,matched_budget_source_frozen_replication,primary_min20,nadig_hepg2,nadig_hepg2,nadig_jurkat,delta_cosine,20260922,"1,2",2086,20,0.3000474787954871,0.1968211049568782,0.1593390675762362,0.1968211049568782,0.207193669800497,0.1893539434990837,0.207193669800497,0.1032263738386089,0.09285380899499,raw cells; independent full-size with-replacement pseudo-replicates within context×perturbation; controls resampled independently,"min(n_left,n_right) cells per full-size pseudo-replicate",0
nadig_hepg2_vs_jurkat,matched_budget_source_frozen_replication,primary_min20,nadig_hepg2,nadig_hepg2,nadig_jurkat,systema_centroid_accuracy,20260922,"0,1",2086,20,0.3243736362779383,0.2491041107669951,0.1751898577015664,0.2491041107669951,0.2571048051300091,0.2413459836157919,0.2571048051300091,0.0752695255109431,0.0672688311479292,raw cells; independent full-size with-replacement pseudo-replicates within context×perturbation; controls resampled independently,"min(n_left,n_right) cells per full-size pseudo-replicate",0
nadig_hepg2_vs_jurkat,matched_budget_source_frozen_replication,primary_min20,nadig_hepg2,nadig_hepg2,nadig_jurkat,systema_centroid_accuracy,20260922,"0,2",2086,20,0.3243736362779383,0.2491041107669951,0.1751898577015664,0.2491041107669951,0.2532401691302758,0.2210961048993978,0.2532401691302758,0.0752695255109431,0.0711334671476624,raw cells; independent full-size with-replacement pseudo-replicates within context×perturbation; controls resampled independently,"min(n_left,n_right) cells per full-size pseudo-replicate",0
nadig_hepg2_vs_jurkat,matched_budget_source_frozen_replication,primary_min20,nadig_hepg2,nadig_hepg2,nadig_jurkat,systema_centroid_accuracy,20260922,"1,2",2086,20,0.3243736362779383,0.2491041107669951,0.1751898577015664,0.2491041107669951,0.2510065964486321,0.2056549199758122,0.2510065964486321,0.0752695255109431,0.0733670398293062,raw cells; independent full-size with-replacement pseudo-replicates within context×perturbation; controls resampled independently,"min(n_left,n_right) cells per full-size pseudo-replicate",0
nadig_hepg2_vs_jurkat,matched_budget_source_frozen_replication,primary_min20,nadig_jurkat,nadig_hepg2,nadig_jurkat,absolute_effect_rank_agreement,20260922,"0,1",2086,20,0.2758035182592181,0.229857839519372,0.16154930322281,0.229857839519372,0.2600989582255576,0.2263216464220761,0.2600989582255576,0.045945678739846,0.0157045600336604,raw cells; independent full-size with-replacement pseudo-replicates within context×perturbation; controls resampled independently,"min(n_left,n_right) cells per full-size pseudo-replicate",0
nadig_hepg2_vs_jurkat,matched_budget_source_frozen_replication,primary_min20,nadig_jurkat,nadig_hepg2,nadig_jurkat,absolute_effect_rank_agreement,20260922,"0,2",2086,20,0.2758035182592181,0.229857839519372,0.16154930322281,0.229857839519372,0.2684582152111484,0.2297310377967999,0.2684582152111484,0.045945678739846,0.0073453030480696,raw cells; independent full-size with-replacement pseudo-replicates within context×perturbation; controls resampled independently,"min(n_left,n_right) cells per full-size pseudo-replicate",0
nadig_hepg2_vs_jurkat,matched_budget_source_frozen_replication,primary_min20,nadig_jurkat,nadig_hepg2,nadig_jurkat,absolute_effect_rank_agreement,20260922,"1,2",2086,20,0.2758035182592181,0.229857839519372,0.16154930322281,0.229857839519372,0.2746173530973879,0.2348406988694758,0.2746173530973879,0.045945678739846,0.0011861651618302,raw cells; independent full-size with-replacement pseudo-replicates within context×perturbation; controls resampled independently,"min(n_left,n_right) cells per full-size pseudo-replicate",0
nadig_hepg2_vs_jurkat,matched_budget_source_frozen_replication,primary_min20,nadig_jurkat,nadig_hepg2,nadig_jurkat,delta_cosine,20260922,"0,1",2086,20,0.3003279830593818,0.1981659159728785,0.1591808815651218,0.1981659159728785,0.2121345684717805,0.2031795848077051,0.2121345684717805,0.1021620670865033,0.0881934145876012,raw cells; independent full-size with-replacement pseudo-replicates within context×perturbation; controls resampled independently,"min(n_left,n_right) cells per full-size pseudo-replicate",0
nadig_hepg2_vs_jurkat,matched_budget_source_frozen_replication,primary_min20,nadig_jurkat,nadig_hepg2,nadig_jurkat,delta_cosine,20260922,"0,2",2086,20,0.3003279830593818,0.1981659159728785,0.1591808815651218,0.1981659159728785,0.2112244241040533,0.2004375406673702,0.2112244241040533,0.1021620670865033,0.0891035589553285,raw cells; independent full-size with-replacement pseudo-replicates within context×perturbation; controls resampled independently,"min(n_left,n_right) cells per full-size pseudo-replicate",0
nadig_hepg2_vs_jurkat,matched_budget_source_frozen_replication,primary_min20,nadig_jurkat,nadig_hepg2,nadig_jurkat,delta_cosine,20260922,"1,2",2086,20,0.3003279830593818,0.1981659159728785,0.1591808815651218,0.1981659159728785,0.2081249669487803,0.1926546969519303,0.2081249669487803,0.1021620670865033,0.0922030161106014,raw cells; independent full-size with-replacement pseudo-replicates within context×perturbation; controls resampled independently,"min(n_left,n_right) cells per full-size pseudo-replicate",0
nadig_hepg2_vs_jurkat,matched_budget_source_frozen_replication,primary_min20,nadig_jurkat,nadig_hepg2,nadig_jurkat,systema_centroid_accuracy,20260922,"0,1",2086,20,0.3258145544925517,0.249025017761438,0.1779776562259301,0.249025017761438,0.2547719063483633,0.2280798563450294,0.2547719063483633,0.0767895367311136,0.0710426481441884,raw cells; independent full-size with-replacement pseudo-replicates within context×perturbation; controls resampled independently,"min(n_left,n_right) cells per full-size pseudo-replicate",0
nadig_hepg2_vs_jurkat,matched_budget_source_frozen_replication,primary_min20,nadig_jurkat,nadig_hepg2,nadig_jurkat,systema_centroid_accuracy,20260922,"0,2",2086,20,0.3258145544925517,0.249025017761438,0.1779776562259301,0.249025017761438,0.2621211180624053,0.277086365423481,0.277086365423481,0.0767895367311136,0.0487281890690707,raw cells; independent full-size with-replacement pseudo-replicates within context×perturbation; controls resampled independently,"min(n_left,n_right) cells per full-size pseudo-replicate",0
nadig_hepg2_vs_jurkat,matched_budget_source_frozen_replication,primary_min20,nadig_jurkat,nadig_hepg2,nadig_jurkat,systema_centroid_accuracy,20260922,"1,2",2086,20,0.3258145544925517,0.249025017761438,0.1779776562259301,0.249025017761438,0.25474787954871,0.2315294839871151,0.25474787954871,0.0767895367311136,0.0710666749438417,raw cells; independent full-size with-replacement pseudo-replicates within context×perturbation; controls resampled independently,"min(n_left,n_right) cells per full-size pseudo-replicate",0
nadig_hepg2_vs_jurkat,matched_budget_source_frozen_replication,primary_min20,nadig_hepg2,nadig_hepg2,nadig_jurkat,absolute_effect_rank_agreement,20260923,"0,1",2086,20,0.3133142958308329,0.2519017959170535,0.169429403744502,0.2519017959170535,0.2750490307657996,0.2358275220667186,0.2750490307657996,0.0614124999137793,0.0382652650650333,raw cells; independent full-size with-replacement pseudo-replicates within context×perturbation; controls resampled independently,"min(n_left,n_right) cells per full-size pseudo-replicate",0
nadig_hepg2_vs_jurkat,matched_budget_source_frozen_replication,primary_min20,nadig_hepg2,nadig_hepg2,nadig_jurkat,absolute_effect_rank_agreement,20260923,"0,2",2086,20,0.3133142958308329,0.2519017959170535,0.169429403744502,0.2519017959170535,0.2776597897137707,0.2582090032671849,0.2776597897137707,0.0614124999137793,0.0356545061170622,raw cells; independent full-size with-replacement pseudo-replicates within context×perturbation; controls resampled independently,"min(n_left,n_right) cells per full-size pseudo-replicate",0
nadig_hepg2_vs_jurkat,matched_budget_source_frozen_replication,primary_min20,nadig_hepg2,nadig_hepg2,nadig_jurkat,absolute_effect_rank_agreement,20260923,"1,2",2086,20,0.3133142958308329,0.2519017959170535,0.169429403744502,0.2519017959170535,0.2785682096700396,0.2453305236922638,0.2785682096700396,0.0614124999137793,0.0347460861607933,raw cells; independent full-size with-replacement pseudo-replicates within context×perturbation; controls resampled independently,"min(n_left,n_right) cells per full-size pseudo-replicate",0
nadig_hepg2_vs_jurkat,matched_budget_source_frozen_replication,primary_min20,nadig_hepg2,nadig_hepg2,nadig_jurkat,delta_cosine,20260923,"0,1",2086,20,0.2949037893366993,0.1909946635213401,0.1493744984836675,0.1909946635213401,0.2030877311573559,0.1911114636574537,0.2030877311573559,0.1039091258153591,0.0918160581793433,raw cells; independent full-size with-replacement pseudo-replicates within context×perturbation; controls resampled independently,"min(n_left,n_right) cells per full-size pseudo-replicate",0
nadig_hepg2_vs_jurkat,matched_budget_source_frozen_replication,primary_min20,nadig_hepg2,nadig_hepg2,nadig_jurkat,delta_cosine,20260923,"0,2",2086,20,0.2949037893366993,0.1909946635213401,0.1493744984836675,0.1909946635213401,0.1987137040128204,0.1796730975717987,0.1987137040128204,0.1039091258153591,0.0961900853238789,raw cells; independent full-size with-replacement pseudo-replicates within context×perturbation; controls resampled independently,"min(n_left,n_right) cells per full-size pseudo-replicate",0
nadig_hepg2_vs_jurkat,matched_budget_source_frozen_replication,primary_min20,nadig_hepg2,nadig_hepg2,nadig_jurkat,delta_cosine,20260923,"1,2",2086,20,0.2949037893366993,0.1909946635213401,0.1493744984836675,0.1909946635213401,0.2012599699722484,0.1847453963962099,0.2012599699722484,0.1039091258153591,0.0936438193644509,raw cells; independent full-size with-replacement pseudo-replicates within context×perturbation; controls resampled independently,"min(n_left,n_right) cells per full-size pseudo-replicate",0
nadig_hepg2_vs_jurkat,matched_budget_source_frozen_replication,primary_min20,nadig_hepg2,nadig_hepg2,nadig_jurkat,systema_centroid_accuracy,20260923,"0,1",2086,20,0.3296118234846447,0.2538303776920937,0.1717939167362179,0.2538303776920937,0.2612292524561367,0.2349911825094095,0.2612292524561367,0.0757814457925509,0.0683825710285079,raw cells; independent full-size with-replacement pseudo-replicates within context×perturbation; controls resampled independently,"min(n_left,n_right) cells per full-size pseudo-replicate",0
nadig_hepg2_vs_jurkat,matched_budget_source_frozen_replication,primary_min20,nadig_hepg2,nadig_hepg2,nadig_jurkat,systema_centroid_accuracy,20260923,"0,2",2086,20,0.3296118234846447,0.2538303776920937,0.1717939167362179,0.2538303776920937,0.2576961632994659,0.2153673801131673,0.2576961632994659,0.0757814457925509,0.0719156601851788,raw cells; independent full-size with-replacement pseudo-replicates within context×perturbation; controls resampled independently,"min(n_left,n_right) cells per full-size pseudo-replicate",0
nadig_hepg2_vs_jurkat,matched_budget_source_frozen_replication,primary_min20,nadig_hepg2,nadig_hepg2,nadig_jurkat,systema_centroid_accuracy,20260923,"1,2",2086,20,0.3296118234846447,0.2538303776920937,0.1717939167362179,0.2538303776920937,0.2552056533105251,0.2050731035497584,0.2552056533105251,0.0757814457925509,0.0744061701741195,raw cells; independent full-size with-replacement pseudo-replicates within context×perturbation; controls resampled independently,"min(n_left,n_right) cells per full-size pseudo-replicate",0
nadig_hepg2_vs_jurkat,matched_budget_source_frozen_replication,primary_min20,nadig_jurkat,nadig_hepg2,nadig_jurkat,absolute_effect_rank_agreement,20260923,"0,1",2086,20,0.2758815766179003,0.2210500056330774,0.1461468600766558,0.2210500056330774,0.2534326134490298,0.2338630725333443,0.2534326134490298,0.0548315709848228,0.0224489631688704,raw cells; independent full-size with-replacement pseudo-replicates within context×perturbation; controls resampled independently,"min(n_left,n_right) cells per full-size pseudo-replicate",0
nadig_hepg2_vs_jurkat,matched_budget_source_frozen_replication,primary_min20,nadig_jurkat,nadig_hepg2,nadig_jurkat,absolute_effect_rank_agreement,20260923,"0,2",2086,20,0.2758815766179003,0.2210500056330774,0.1461468600766558,0.2210500056330774,0.2636230804426449,0.2314298130048214,0.2636230804426449,0.0548315709848228,0.0122584961752553,raw cells; independent full-size with-replacement pseudo-replicates within context×perturbation; controls resampled independently,"min(n_left,n_right) cells per full-size pseudo-replicate",0
nadig_hepg2_vs_jurkat,matched_budget_source_frozen_replication,primary_min20,nadig_jurkat,nadig_hepg2,nadig_jurkat,absolute_effect_rank_agreement,20260923,"1,2",2086,20,0.2758815766179003,0.2210500056330774,0.1461468600766558,0.2210500056330774,0.2685854767767761,0.2341453012086974,0.2685854767767761,0.0548315709848228,0.0072960998411241,raw cells; independent full-size with-replacement pseudo-replicates within context×perturbation; controls resampled independently,"min(n_left,n_right) cells per full-size pseudo-replicate",0
nadig_hepg2_vs_jurkat,matched_budget_source_frozen_replication,primary_min20,nadig_jurkat,nadig_hepg2,nadig_jurkat,delta_cosine,20260923,"0,1",2086,20,0.2950954289301061,0.19162924693802,0.149233326665609,0.19162924693802,0.2059525533935267,0.1996450011611037,0.2059525533935267,0.1034661819920861,0.0891428755365793,raw cells; independent full-size with-replacement pseudo-replicates within context×perturbation; controls resampled independently,"min(n_left,n_right) cells per full-size pseudo-replicate",0
nadig_hepg2_vs_jurkat,matched_budget_source_frozen_replication,primary_min20,nadig_jurkat,nadig_hepg2,nadig_jurkat,delta_cosine,20260923,"0,2",2086,20,0.2950954289301061,0.19162924693802,0.149233326665609,0.19162924693802,0.2041814678650176,0.1964822006249267,0.2041814678650176,0.1034661819920861,0.0909139610650884,raw cells; independent full-size with-replacement pseudo-replicates within context×perturbation; controls resampled independently,"min(n_left,n_right) cells per full-size pseudo-replicate",0
nadig_hepg2_vs_jurkat,matched_budget_source_frozen_replication,primary_min20,nadig_jurkat,nadig_hepg2,nadig_jurkat,delta_cosine,20260923,"1,2",2086,20,0.2950954289301061,0.19162924693802,0.149233326665609,0.19162924693802,0.2024011854753972,0.1888251239851838,0.2024011854753972,0.1034661819920861,0.0926942434547088,raw cells; independent full-size with-replacement pseudo-replicates within context×perturbation; controls resampled independently,"min(n_left,n_right) cells per full-size pseudo-replicate",0
nadig_hepg2_vs_jurkat,matched_budget_source_frozen_replication,primary_min20,nadig_jurkat,nadig_hepg2,nadig_jurkat,systema_centroid_accuracy,20260923,"0,1",2086,20,0.3288375627398369,0.2545757832851648,0.1745957404737763,0.2545757832851648,0.2585773375546926,0.2243954788230777,0.2585773375546926,0.0742617794546721,0.0702602251851443,raw cells; independent full-size with-replacement pseudo-replicates within context×perturbation; controls resampled independently,"min(n_left,n_right) cells per full-size pseudo-replicate",0
nadig_hepg2_vs_jurkat,matched_budget_source_frozen_replication,primary_min20,nadig_jurkat,nadig_hepg2,nadig_jurkat,systema_centroid_accuracy,20260923,"0,2",2086,20,0.3288375627398369,0.2545757832851648,0.1745957404737763,0.2545757832851648,0.266261315013186,0.2700298438143061,0.2700298438143061,0.0742617794546721,0.0588077189255307,raw cells; independent full-size with-replacement pseudo-replicates within context×perturbation; controls resampled independently,"min(n_left,n_right) cells per full-size pseudo-replicate",0
nadig_hepg2_vs_jurkat,matched_budget_source_frozen_replication,primary_min20,nadig_jurkat,nadig_hepg2,nadig_jurkat,systema_centroid_accuracy,20260923,"1,2",2086,20,0.3288375627398369,0.2545757832851648,0.1745957404737763,0.2545757832851648,0.2600927503443075,0.2220997123681687,0.2600927503443075,0.0742617794546721,0.0687448123955293,raw cells; independent full-size with-replacement pseudo-replicates within context×perturbation; controls resampled independently,"min(n_left,n_right) cells per full-size pseudo-replicate",0
nadig_hepg2_vs_jurkat,matched_budget_source_frozen_replication,primary_min20,nadig_hepg2,nadig_hepg2,nadig_jurkat,absolute_effect_rank_agreement,20260924,"0,1",2086,20,0.3129118181964495,0.2387921302459471,0.1838298488725798,0.2387921302459471,0.2639416367193876,0.2393878569244317,0.2639416367193876,0.0741196879505024,0.0489701814770618,raw cells; independent full-size with-replacement pseudo-replicates within context×perturbation; controls resampled independently,"min(n_left,n_right) cells per full-size pseudo-replicate",0
nadig_hepg2_vs_jurkat,matched_budget_source_frozen_replication,primary_min20,nadig_hepg2,nadig_hepg2,nadig_jurkat,absolute_effect_rank_agreement,20260924,"0,2",2086,20,0.3129118181964495,0.2387921302459471,0.1838298488725798,0.2387921302459471,0.271774833249412,0.2680991927455159,0.271774833249412,0.0741196879505024,0.0411369849470375,raw cells; independent full-size with-replacement pseudo-replicates within context×perturbation; controls resampled independently,"min(n_left,n_right) cells per full-size pseudo-replicate",0
nadig_hepg2_vs_jurkat,matched_budget_source_frozen_replication,primary_min20,nadig_hepg2,nadig_hepg2,nadig_jurkat,absolute_effect_rank_agreement,20260924,"1,2",2086,20,0.3129118181964495,0.2387921302459471,0.1838298488725798,0.2387921302459471,0.2687909116618498,0.256057972414015,0.2687909116618498,0.0741196879505024,0.0441209065345997,raw cells; independent full-size with-replacement pseudo-replicates within context×perturbation; controls resampled independently,"min(n_left,n_right) cells per full-size pseudo-replicate",0
nadig_hepg2_vs_jurkat,matched_budget_source_frozen_replication,primary_min20,nadig_hepg2,nadig_hepg2,nadig_jurkat,delta_cosine,20260924,"0,1",2086,20,0.2886186544532351,0.1829460305197836,0.156093955133113,0.1829460305197836,0.1960399465662369,0.1952380952380952,0.1960399465662369,0.1056726239334514,0.0925787078869981,raw cells; independent full-size with-replacement pseudo-replicates within context×perturbation; controls resampled independently,"min(n_left,n_right) cells per full-size pseudo-replicate",0
nadig_hepg2_vs_jurkat,matched_budget_source_frozen_replication,primary_min20,nadig_hepg2,nadig_hepg2,nadig_jurkat,delta_cosine,20260924,"0,2",2086,20,0.2886186544532351,0.1829460305197836,0.156093955133113,0.1829460305197836,0.1912895378807213,0.1851650031844131,0.1912895378807213,0.1056726239334514,0.0973291165725137,raw cells; independent full-size with-replacement pseudo-replicates within context×perturbation; controls resampled independently,"min(n_left,n_right) cells per full-size pseudo-replicate",0
nadig_hepg2_vs_jurkat,matched_budget_source_frozen_replication,primary_min20,nadig_hepg2,nadig_hepg2,nadig_jurkat,delta_cosine,20260924,"1,2",2086,20,0.2886186544532351,0.1829460305197836,0.156093955133113,0.1829460305197836,0.1944334848516201,0.1909192492602275,0.1944334848516201,0.1056726239334514,0.0941851696016149,raw cells; independent full-size with-replacement pseudo-replicates within context×perturbation; controls resampled independently,"min(n_left,n_right) cells per full-size pseudo-replicate",0
nadig_hepg2_vs_jurkat,matched_budget_source_frozen_replication,primary_min20,nadig_hepg2,nadig_hepg2,nadig_jurkat,systema_centroid_accuracy,20260924,"0,1",2086,20,0.3273499704550836,0.2426458449731106,0.1842379595843938,0.2426458449731106,0.25213390169935,0.2454490482398357,0.25213390169935,0.0847041254819729,0.0752160687557336,raw cells; independent full-size with-replacement pseudo-replicates within context×perturbation; controls resampled independently,"min(n_left,n_right) cells per full-size pseudo-replicate",0
nadig_hepg2_vs_jurkat,matched_budget_source_frozen_replication,primary_min20,nadig_hepg2,nadig_hepg2,nadig_jurkat,systema_centroid_accuracy,20260924,"0,2",2086,20,0.3273499704550836,0.2426458449731106,0.1842379595843938,0.2426458449731106,0.2473787796225148,0.2257337370755361,0.2473787796225148,0.0847041254819729,0.0799711908325687,raw cells; independent full-size with-replacement pseudo-replicates within context×perturbation; controls resampled independently,"min(n_left,n_right) cells per full-size pseudo-replicate",0
nadig_hepg2_vs_jurkat,matched_budget_source_frozen_replication,primary_min20,nadig_hepg2,nadig_hepg2,nadig_jurkat,systema_centroid_accuracy,20260924,"1,2",2086,20,0.3273499704550836,0.2426458449731106,0.1842379595843938,0.2426458449731106,0.2460617891113763,0.2141435078207807,0.2460617891113763,0.0847041254819729,0.0812881813437073,raw cells; independent full-size with-replacement pseudo-replicates within context×perturbation; controls resampled independently,"min(n_left,n_right) cells per full-size pseudo-replicate",0
nadig_hepg2_vs_jurkat,matched_budget_source_frozen_replication,primary_min20,nadig_jurkat,nadig_hepg2,nadig_jurkat,absolute_effect_rank_agreement,20260924,"0,1",2086,20,0.2758885892244976,0.2227282028643624,0.1534224969018074,0.2227282028643624,0.2547090228105148,0.2298571497547887,0.2547090228105148,0.0531603863601352,0.0211795664139828,raw cells; independent full-size with-replacement pseudo-replicates within context×perturbation; controls resampled independently,"min(n_left,n_right) cells per full-size pseudo-replicate",0
nadig_hepg2_vs_jurkat,matched_budget_source_frozen_replication,primary_min20,nadig_jurkat,nadig_hepg2,nadig_jurkat,absolute_effect_rank_agreement,20260924,"0,2",2086,20,0.2758885892244976,0.2227282028643624,0.1534224969018074,0.2227282028643624,0.2682296732125325,0.2211158781507871,0.2682296732125325,0.0531603863601352,0.0076589160119651,raw cells; independent full-size with-replacement pseudo-replicates within context×perturbation; controls resampled independently,"min(n_left,n_right) cells per full-size pseudo-replicate",0
nadig_hepg2_vs_jurkat,matched_budget_source_frozen_replication,primary_min20,nadig_jurkat,nadig_hepg2,nadig_jurkat,absolute_effect_rank_agreement,20260924,"1,2",2086,20,0.2758885892244976,0.2227282028643624,0.1534224969018074,0.2227282028643624,0.2710596623372443,0.2335608406850742,0.2710596623372443,0.0531603863601352,0.0048289268872533,raw cells; independent full-size with-replacement pseudo-replicates within context×perturbation; controls resampled independently,"min(n_left,n_right) cells per full-size pseudo-replicate",0
nadig_hepg2_vs_jurkat,matched_budget_source_frozen_replication,primary_min20,nadig_jurkat,nadig_hepg2,nadig_jurkat,delta_cosine,20260924,"0,1",2086,20,0.2918119195918433,0.1855349469226153,0.1576109773734224,0.1855349469226153,0.1992917267336658,0.2037343854542444,0.2037343854542444,0.106276972669228,0.0880775341375988,raw cells; independent full-size with-replacement pseudo-replicates within context×perturbation; controls resampled independently,"min(n_left,n_right) cells per full-size pseudo-replicate",0
nadig_hepg2_vs_jurkat,matched_budget_source_frozen_replication,primary_min20,nadig_jurkat,nadig_hepg2,nadig_jurkat,delta_cosine,20260924,"0,2",2086,20,0.2918119195918433,0.1855349469226153,0.1576109773734224,0.1855349469226153,0.1970603383065359,0.1996939744465214,0.1996939744465214,0.106276972669228,0.0921179451453219,raw cells; independent full-size with-replacement pseudo-replicates within context×perturbation; controls resampled independently,"min(n_left,n_right) cells per full-size pseudo-replicate",0
nadig_hepg2_vs_jurkat,matched_budget_source_frozen_replication,primary_min20,nadig_jurkat,nadig_hepg2,nadig_jurkat,delta_cosine,20260924,"1,2",2086,20,0.2918119195918433,0.1855349469226153,0.1576109773734224,0.1855349469226153,0.1959854551641524,0.1935861090609775,0.1959854551641524,0.106276972669228,0.0958264644276908,raw cells; independent full-size with-replacement pseudo-replicates within context×perturbation; controls resampled independently,"min(n_left,n_right) cells per full-size pseudo-replicate",0
nadig_hepg2_vs_jurkat,matched_budget_source_frozen_replication,primary_min20,nadig_jurkat,nadig_hepg2,nadig_jurkat,systema_centroid_accuracy,20260924,"0,1",2086,20,0.3277764748891203,0.2418137589640655,0.1804033283440361,0.2418137589640655,0.2476713547666181,0.2325371150826223,0.2476713547666181,0.0859627159250547,0.0801051201225021,raw cells; independent full-size with-replacement pseudo-replicates within context×perturbation; controls resampled independently,"min(n_left,n_right) cells per full-size pseudo-replicate",0
nadig_hepg2_vs_jurkat,matched_budget_source_frozen_replication,primary_min20,nadig_jurkat,nadig_hepg2,nadig_jurkat,systema_centroid_accuracy,20260924,"0,2",2086,20,0.3277764748891203,0.2418137589640655,0.1804033283440361,0.2418137589640655,0.2564373429348563,0.2787039783321952,0.2787039783321952,0.0859627159250547,0.0490724965569251,raw cells; independent full-size with-replacement pseudo-replicates within context×perturbation; controls resampled independently,"min(n_left,n_right) cells per full-size pseudo-replicate",0
nadig_hepg2_vs_jurkat,matched_budget_source_frozen_replication,primary_min20,nadig_jurkat,nadig_hepg2,nadig_jurkat,systema_centroid_accuracy,20260924,"1,2",2086,20,0.3277764748891203,0.2418137589640655,0.1804033283440361,0.2418137589640655,0.2489514428725476,0.231485224093017,0.2489514428725476,0.0859627159250547,0.0788250320165727,raw cells; independent full-size with-replacement pseudo-replicates within context×perturbation; controls resampled independently,"min(n_left,n_right) cells per full-size pseudo-replicate",0
nadig_hepg2_vs_jurkat,matched_budget_source_frozen_replication,primary_min20,nadig_hepg2,nadig_hepg2,nadig_jurkat,absolute_effect_rank_agreement,20260925,"0,1",2086,20,0.3147188864440566,0.2389937714258123,0.1915616500088519,0.2389937714258123,0.2686761808194863,0.2407645120720298,0.2686761808194863,0.0757251150182443,0.0460427056245703,raw cells; independent full-size with-replacement pseudo-replicates within context×perturbation; controls resampled independently,"min(n_left,n_right) cells per full-size pseudo-replicate",0
nadig_hepg2_vs_jurkat,matched_budget_source_frozen_replication,primary_min20,nadig_hepg2,nadig_hepg2,nadig_jurkat,absolute_effect_rank_agreement,20260925,"0,2",2086,20,0.3147188864440566,0.2389937714258123,0.1915616500088519,0.2389937714258123,0.2743176503859232,0.2656342040461591,0.2743176503859232,0.0757251150182443,0.0404012360581333,raw cells; independent full-size with-replacement pseudo-replicates within context×perturbation; controls resampled independently,"min(n_left,n_right) cells per full-size pseudo-replicate",0
nadig_hepg2_vs_jurkat,matched_budget_source_frozen_replication,primary_min20,nadig_hepg2,nadig_hepg2,nadig_jurkat,absolute_effect_rank_agreement,20260925,"1,2",2086,20,0.3147188864440566,0.2389937714258123,0.1915616500088519,0.2389937714258123,0.2705748727959147,0.2560265881254728,0.2705748727959147,0.0757251150182443,0.0441440136481419,raw cells; independent full-size with-replacement pseudo-replicates within context×perturbation; controls resampled independently,"min(n_left,n_right) cells per full-size pseudo-replicate",0
nadig_hepg2_vs_jurkat,matched_budget_source_frozen_replication,primary_min20,nadig_hepg2,nadig_hepg2,nadig_jurkat,delta_cosine,20260925,"0,1",2086,20,0.3041452552243919,0.1960041937686667,0.1480910765155852,0.1960041937686667,0.2080561054512095,0.1889005382462965,0.2080561054512095,0.1081410614557252,0.0960891497731824,raw cells; independent full-size with-replacement pseudo-replicates within context×perturbation; controls resampled independently,"min(n_left,n_right) cells per full-size pseudo-replicate",0
nadig_hepg2_vs_jurkat,matched_budget_source_frozen_replication,primary_min20,nadig_hepg2,nadig_hepg2,nadig_jurkat,delta_cosine,20260925,"0,2",2086,20,0.3041452552243919,0.1960041937686667,0.1480910765155852,0.1960041937686667,0.2031365894820097,0.1773198507349441,0.2031365894820097,0.1081410614557252,0.1010086657423821,raw cells; independent full-size with-replacement pseudo-replicates within context×perturbation; controls resampled independently,"min(n_left,n_right) cells per full-size pseudo-replicate",0
nadig_hepg2_vs_jurkat,matched_budget_source_frozen_replication,primary_min20,nadig_hepg2,nadig_hepg2,nadig_jurkat,delta_cosine,20260925,"1,2",2086,20,0.3041452552243919,0.1960041937686667,0.1480910765155852,0.1960041937686667,0.2052440502056648,0.1837698393538285,0.2052440502056648,0.1081410614557252,0.0989012050187271,raw cells; independent full-size with-replacement pseudo-replicates within context×perturbation; controls resampled independently,"min(n_left,n_right) cells per full-size pseudo-replicate",0
nadig_hepg2_vs_jurkat,matched_budget_source_frozen_replication,primary_min20,nadig_hepg2,nadig_hepg2,nadig_jurkat,systema_centroid_accuracy,20260925,"0,1",2086,20,0.324624595625513,0.2400723333126404,0.2040555858285567,0.2400723333126404,0.2501846269868094,0.25349377257542,0.25349377257542,0.0845522623128726,0.071130823050093,raw cells; independent full-size with-replacement pseudo-replicates within context×perturbation; controls resampled independently,"min(n_left,n_right) cells per full-size pseudo-replicate",0
nadig_hepg2_vs_jurkat,matched_budget_source_frozen_replication,primary_min20,nadig_hepg2,nadig_hepg2,nadig_jurkat,systema_centroid_accuracy,20260925,"0,2",2086,20,0.324624595625513,0.2400723333126404,0.2040555858285567,0.2400723333126404,0.2461637593089478,0.2348897871156574,0.2461637593089478,0.0845522623128726,0.0784608363165652,raw cells; independent full-size with-replacement pseudo-replicates within context×perturbation; controls resampled independently,"min(n_left,n_right) cells per full-size pseudo-replicate",0
nadig_hepg2_vs_jurkat,matched_budget_source_frozen_replication,primary_min20,nadig_hepg2,nadig_hepg2,nadig_jurkat,systema_centroid_accuracy,20260925,"1,2",2086,20,0.324624595625513,0.2400723333126404,0.2040555858285567,0.2400723333126404,0.2447643419300992,0.2294823776645031,0.2447643419300992,0.0845522623128726,0.0798602536954138,raw cells; independent full-size with-replacement pseudo-replicates within context×perturbation; controls resampled independently,"min(n_left,n_right) cells per full-size pseudo-replicate",0
nadig_hepg2_vs_jurkat,matched_budget_source_frozen_replication,primary_min20,nadig_jurkat,nadig_hepg2,nadig_jurkat,absolute_effect_rank_agreement,20260925,"0,1",2086,20,0.2693189264504024,0.2175781905635606,0.1665392901402751,0.2175781905635606,0.2485889715839984,0.2339827466885551,0.2485889715839984,0.0517407358868417,0.020729954866404,raw cells; independent full-size with-replacement pseudo-replicates within context×perturbation; controls resampled independently,"min(n_left,n_right) cells per full-size pseudo-replicate",0
nadig_hepg2_vs_jurkat,matched_budget_source_frozen_replication,primary_min20,nadig_jurkat,nadig_hepg2,nadig_jurkat,absolute_effect_rank_agreement,20260925,"0,2",2086,20,0.2693189264504024,0.2175781905635606,0.1665392901402751,0.2175781905635606,0.2635263984402123,0.2293011995006104,0.2635263984402123,0.0517407358868417,0.0057925280101901,raw cells; independent full-size with-replacement pseudo-replicates within context×perturbation; controls resampled independently,"min(n_left,n_right) cells per full-size pseudo-replicate",0
nadig_hepg2_vs_jurkat,matched_budget_source_frozen_replication,primary_min20,nadig_jurkat,nadig_hepg2,nadig_jurkat,absolute_effect_rank_agreement,20260925,"1,2",2086,20,0.2693189264504024,0.2175781905635606,0.1665392901402751,0.2175781905635606,0.2670124686444516,0.2386209536685129,0.2670124686444516,0.0517407358868417,0.0023064578059508,raw cells; independent full-size with-replacement pseudo-replicates within context×perturbation; controls resampled independently,"min(n_left,n_right) cells per full-size pseudo-replicate",0
nadig_hepg2_vs_jurkat,matched_budget_source_frozen_replication,primary_min20,nadig_jurkat,nadig_hepg2,nadig_jurkat,delta_cosine,20260925,"0,1",2086,20,0.3040137401105003,0.1995445254534627,0.1491431974267182,0.1995445254534627,0.2119117745113592,0.1973165858492496,0.2119117745113592,0.1044692146570375,0.092101965599141,raw cells; independent full-size with-replacement pseudo-replicates within context×perturbation; controls resampled independently,"min(n_left,n_right) cells per full-size pseudo-replicate",0
nadig_hepg2_vs_jurkat,matched_budget_source_frozen_replication,primary_min20,nadig_jurkat,nadig_hepg2,nadig_jurkat,delta_cosine,20260925,"0,2",2086,20,0.3040137401105003,0.1995445254534627,0.1491431974267182,0.1995445254534627,0.2105501792238309,0.1944319903616895,0.2105501792238309,0.1044692146570375,0.0934635608866694,raw cells; independent full-size with-replacement pseudo-replicates within context×perturbation; controls resampled independently,"min(n_left,n_right) cells per full-size pseudo-replicate",0
nadig_hepg2_vs_jurkat,matched_budget_source_frozen_replication,primary_min20,nadig_jurkat,nadig_hepg2,nadig_jurkat,delta_cosine,20260925,"1,2",2086,20,0.3040137401105003,0.1995445254534627,0.1491431974267182,0.1995445254534627,0.209200769777275,0.1880139608351669,0.209200769777275,0.1044692146570375,0.0948129703332253,raw cells; independent full-size with-replacement pseudo-replicates within context×perturbation; controls resampled independently,"min(n_left,n_right) cells per full-size pseudo-replicate",0
nadig_hepg2_vs_jurkat,matched_budget_source_frozen_replication,primary_min20,nadig_jurkat,nadig_hepg2,nadig_jurkat,systema_centroid_accuracy,20260925,"0,1",2086,20,0.3256399290922008,0.2408241767084894,0.2103837160377163,0.2408241767084894,0.2499227463666651,0.2438441959759134,0.2499227463666651,0.0848157523837114,0.0757171827255357,raw cells; independent full-size with-replacement pseudo-replicates within context×perturbation; controls resampled independently,"min(n_left,n_right) cells per full-size pseudo-replicate",0
nadig_hepg2_vs_jurkat,matched_budget_source_frozen_replication,primary_min20,nadig_jurkat,nadig_hepg2,nadig_jurkat,systema_centroid_accuracy,20260925,"0,2",2086,20,0.3256399290922008,0.2408241767084894,0.2103837160377163,0.2408241767084894,0.2569507577063948,0.2852955986121936,0.2852955986121936,0.0848157523837114,0.0403443304800071,raw cells; independent full-size with-replacement pseudo-replicates within context×perturbation; controls resampled independently,"min(n_left,n_right) cells per full-size pseudo-replicate",0
nadig_hepg2_vs_jurkat,matched_budget_source_frozen_replication,primary_min20,nadig_jurkat,nadig_hepg2,nadig_jurkat,systema_centroid_accuracy,20260925,"1,2",2086,20,0.3256399290922008,0.2408241767084894,0.2103837160377163,0.2408241767084894,0.2487335922249736,0.2488340679326146,0.2488340679326146,0.0848157523837114,0.0768058611595862,raw cells; independent full-size with-replacement pseudo-replicates within context×perturbation; controls resampled independently,"min(n_left,n_right) cells per full-size pseudo-replicate",0
nadig_hepg2_vs_jurkat,matched_budget_source_frozen_replication,primary_min20,nadig_hepg2,nadig_hepg2,nadig_jurkat,absolute_effect_rank_agreement,20260926,"0,1",2086,20,0.3158759665326224,0.237212339428553,0.1858497094941496,0.237212339428553,0.2673104469444579,0.2443954328387721,0.2673104469444579,0.0786636271040693,0.0485655195881645,raw cells; independent full-size with-replacement pseudo-replicates within context×perturbation; controls resampled independently,"min(n_left,n_right) cells per full-size pseudo-replicate",0
nadig_hepg2_vs_jurkat,matched_budget_source_frozen_replication,primary_min20,nadig_hepg2,nadig_hepg2,nadig_jurkat,absolute_effect_rank_agreement,20260926,"0,2",2086,20,0.3158759665326224,0.237212339428553,0.1858497094941496,0.237212339428553,0.2700647918865291,0.2638774886131363,0.2700647918865291,0.0786636271040693,0.0458111746460933,raw cells; independent full-size with-replacement pseudo-replicates within context×perturbation; controls resampled independently,"min(n_left,n_right) cells per full-size pseudo-replicate",0
nadig_hepg2_vs_jurkat,matched_budget_source_frozen_replication,primary_min20,nadig_hepg2,nadig_hepg2,nadig_jurkat,absolute_effect_rank_agreement,20260926,"1,2",2086,20,0.3158759665326224,0.237212339428553,0.1858497094941496,0.237212339428553,0.2665092853808994,0.2524444107226203,0.2665092853808994,0.0786636271040693,0.0493666811517229,raw cells; independent full-size with-replacement pseudo-replicates within context×perturbation; controls resampled independently,"min(n_left,n_right) cells per full-size pseudo-replicate",0
nadig_hepg2_vs_jurkat,matched_budget_source_frozen_replication,primary_min20,nadig_hepg2,nadig_hepg2,nadig_jurkat,delta_cosine,20260926,"0,1",2086,20,0.2968396136398648,0.1785437230273308,0.1580264455741255,0.1785437230273308,0.1935873736293802,0.1975918019180053,0.1975918019180053,0.1182958906125339,0.0992478117218594,raw cells; independent full-size with-replacement pseudo-replicates within context×perturbation; controls resampled independently,"min(n_left,n_right) cells per full-size pseudo-replicate",0
nadig_hepg2_vs_jurkat,matched_budget_source_frozen_replication,primary_min20,nadig_hepg2,nadig_hepg2,nadig_jurkat,delta_cosine,20260926,"0,2",2086,20,0.2968396136398648,0.1785437230273308,0.1580264455741255,0.1785437230273308,0.1878603732546082,0.1862546013045747,0.1878603732546082,0.1182958906125339,0.1089792403852565,raw cells; independent full-size with-replacement pseudo-replicates within context×perturbation; controls resampled independently,"min(n_left,n_right) cells per full-size pseudo-replicate",0
nadig_hepg2_vs_jurkat,matched_budget_source_frozen_replication,primary_min20,nadig_hepg2,nadig_hepg2,nadig_jurkat,delta_cosine,20260926,"1,2",2086,20,0.2968396136398648,0.1785437230273308,0.1580264455741255,0.1785437230273308,0.1905917260439012,0.1915925744543387,0.1915925744543387,0.1182958906125339,0.105247039185526,raw cells; independent full-size with-replacement pseudo-replicates within context×perturbation; controls resampled independently,"min(n_left,n_right) cells per full-size pseudo-replicate",0
nadig_hepg2_vs_jurkat,matched_budget_source_frozen_replication,primary_min20,nadig_hepg2,nadig_hepg2,nadig_jurkat,systema_centroid_accuracy,20260926,"0,1",2086,20,0.3305561111992476,0.2355596634868519,0.1950233485311463,0.2355596634868519,0.2483198484357289,0.253946258142096,0.253946258142096,0.0949964477123957,0.0766098530571516,raw cells; independent full-size with-replacement pseudo-replicates within context×perturbation; controls resampled independently,"min(n_left,n_right) cells per full-size pseudo-replicate",0
nadig_hepg2_vs_jurkat,matched_budget_source_frozen_replication,primary_min20,nadig_hepg2,nadig_hepg2,nadig_jurkat,systema_centroid_accuracy,20260926,"0,2",2086,20,0.3305561111992476,0.2355596634868519,0.1950233485311463,0.2355596634868519,0.2437595848536894,0.2354304475882381,0.2437595848536894,0.0949964477123957,0.0867965263455582,raw cells; independent full-size with-replacement pseudo-replicates within context×perturbation; controls resampled independently,"min(n_left,n_right) cells per full-size pseudo-replicate",0
nadig_hepg2_vs_jurkat,matched_budget_source_frozen_replication,primary_min20,nadig_hepg2,nadig_hepg2,nadig_jurkat,systema_centroid_accuracy,20260926,"1,2",2086,20,0.3305561111992476,0.2355596634868519,0.1950233485311463,0.2355596634868519,0.2413279347758609,0.219318351646583,0.2413279347758609,0.0949964477123957,0.0892281764233866,raw cells; independent full-size with-replacement pseudo-replicates within context×perturbation; controls resampled independently,"min(n_left,n_right) cells per full-size pseudo-replicate",0
nadig_hepg2_vs_jurkat,matched_budget_source_frozen_replication,primary_min20,nadig_jurkat,nadig_hepg2,nadig_jurkat,absolute_effect_rank_agreement,20260926,"0,1",2086,20,0.276528000993261,0.2203544930115351,0.1551354122837875,0.2203544930115351,0.2514033260448209,0.2337898425267456,0.2514033260448209,0.0561735079817258,0.0251246749484401,raw cells; independent full-size with-replacement pseudo-replicates within context×perturbation; controls resampled independently,"min(n_left,n_right) cells per full-size pseudo-replicate",0
nadig_hepg2_vs_jurkat,matched_budget_source_frozen_replication,primary_min20,nadig_jurkat,nadig_hepg2,nadig_jurkat,absolute_effect_rank_agreement,20260926,"0,2",2086,20,0.276528000993261,0.2203544930115351,0.1551354122837875,0.2203544930115351,0.2641532794857115,0.2288790635756016,0.2641532794857115,0.0561735079817258,0.0123747215075494,raw cells; independent full-size with-replacement pseudo-replicates within context×perturbation; controls resampled independently,"min(n_left,n_right) cells per full-size pseudo-replicate",0
nadig_hepg2_vs_jurkat,matched_budget_source_frozen_replication,primary_min20,nadig_jurkat,nadig_hepg2,nadig_jurkat,absolute_effect_rank_agreement,20260926,"1,2",2086,20,0.276528000993261,0.2203544930115351,0.1551354122837875,0.2203544930115351,0.2690567009479664,0.2373215521542497,0.2690567009479664,0.0561735079817258,0.0074713000452945,raw cells; independent full-size with-replacement pseudo-replicates within context×perturbation; controls resampled independently,"min(n_left,n_right) cells per full-size pseudo-replicate",0
nadig_hepg2_vs_jurkat,matched_budget_source_frozen_replication,primary_min20,nadig_jurkat,nadig_hepg2,nadig_jurkat,delta_cosine,20260926,"0,1",2086,20,0.2974013119322375,0.1820081806079585,0.1567669354449326,0.1820081806079585,0.1972817527377906,0.202130682797961,0.202130682797961,0.115393131324279,0.0952706291342764,raw cells; independent full-size with-replacement pseudo-replicates within context×perturbation; controls resampled independently,"min(n_left,n_right) cells per full-size pseudo-replicate",0
nadig_hepg2_vs_jurkat,matched_budget_source_frozen_replication,primary_min20,nadig_jurkat,nadig_hepg2,nadig_jurkat,delta_cosine,20260926,"0,2",2086,20,0.2974013119322375,0.1820081806079585,0.1567669354449326,0.1820081806079585,0.1961323750204055,0.1991925155944276,0.1991925155944276,0.115393131324279,0.0982087963378098,raw cells; independent full-size with-replacement pseudo-replicates within context×perturbation; controls resampled independently,"min(n_left,n_right) cells per full-size pseudo-replicate",0
nadig_hepg2_vs_jurkat,matched_budget_source_frozen_replication,primary_min20,nadig_jurkat,nadig_hepg2,nadig_jurkat,delta_cosine,20260926,"1,2",2086,20,0.2974013119322375,0.1820081806079585,0.1567669354449326,0.1820081806079585,0.1928056404349195,0.1923937360178971,0.1928056404349195,0.115393131324279,0.1045956714973179,raw cells; independent full-size with-replacement pseudo-replicates within context×perturbation; controls resampled independently,"min(n_left,n_right) cells per full-size pseudo-replicate",0
nadig_hepg2_vs_jurkat,matched_budget_source_frozen_replication,primary_min20,nadig_jurkat,nadig_hepg2,nadig_jurkat,systema_centroid_accuracy,20260926,"0,1",2086,20,0.3315369564367681,0.2354217105701824,0.1972724409159154,0.2354217105701824,0.2453921426617095,0.2307368295200847,0.2453921426617095,0.0961152458665857,0.0861448137750585,raw cells; independent full-size with-replacement pseudo-replicates within context×perturbation; controls resampled independently,"min(n_left,n_right) cells per full-size pseudo-replicate",0
nadig_hepg2_vs_jurkat,matched_budget_source_frozen_replication,primary_min20,nadig_jurkat,nadig_hepg2,nadig_jurkat,systema_centroid_accuracy,20260926,"0,2",2086,20,0.3315369564367681,0.2354217105701824,0.1972724409159154,0.2354217105701824,0.2553456755209448,0.2674006911441124,0.2674006911441124,0.0961152458665857,0.0641362652926556,raw cells; independent full-size with-replacement pseudo-replicates within context×perturbation; controls resampled independently,"min(n_left,n_right) cells per full-size pseudo-replicate",0
nadig_hepg2_vs_jurkat,matched_budget_source_frozen_replication,primary_min20,nadig_jurkat,nadig_hepg2,nadig_jurkat,systema_centroid_accuracy,20260926,"1,2",2086,20,0.3315369564367681,0.2354217105701824,0.1972724409159154,0.2354217105701824,0.2459547606401935,0.2312312757655812,0.2459547606401935,0.0961152458665857,0.0855821957965746,raw cells; independent full-size with-replacement pseudo-replicates within context×perturbation; controls resampled independently,"min(n_left,n_right) cells per full-size pseudo-replicate",0
nadig_hepg2_vs_jurkat,matched_budget_source_frozen_replication,primary_min20,nadig_hepg2,nadig_hepg2,nadig_jurkat,absolute_effect_rank_agreement,20260927,"0,1",2086,20,0.3140976384759881,0.2361583791451977,0.1842602619725887,0.2361583791451977,0.2640076241978613,0.2372086606841085,0.2640076241978613,0.0779392593307903,0.0500900142781268,raw cells; independent full-size with-replacement pseudo-replicates within context×perturbation; controls resampled independently,"min(n_left,n_right) cells per full-size pseudo-replicate",0
nadig_hepg2_vs_jurkat,matched_budget_source_frozen_replication,primary_min20,nadig_hepg2,nadig_hepg2,nadig_jurkat,absolute_effect_rank_agreement,20260927,"0,2",2086,20,0.3140976384759881,0.2361583791451977,0.1842602619725887,0.2361583791451977,0.2687776911740023,0.2625622225134562,0.2687776911740023,0.0779392593307903,0.0453199473019858,raw cells; independent full-size with-replacement pseudo-replicates within context×perturbation; controls resampled independently,"min(n_left,n_right) cells per full-size pseudo-replicate",0
nadig_hepg2_vs_jurkat,matched_budget_source_frozen_replication,primary_min20,nadig_hepg2,nadig_hepg2,nadig_jurkat,absolute_effect_rank_agreement,20260927,"1,2",2086,20,0.3140976384759881,0.2361583791451977,0.1842602619725887,0.2361583791451977,0.265796988487829,0.2537270279653554,0.265796988487829,0.0779392593307903,0.048300649988159,raw cells; independent full-size with-replacement pseudo-replicates within context×perturbation; controls resampled independently,"min(n_left,n_right) cells per full-size pseudo-replicate",0
nadig_hepg2_vs_jurkat,matched_budget_source_frozen_replication,primary_min20,nadig_hepg2,nadig_hepg2,nadig_jurkat,delta_cosine,20260927,"0,1",2086,20,0.2948060726873918,0.1907192175310566,0.1517728099399674,0.1907192175310566,0.2016306034750339,0.1914578404390581,0.2016306034750339,0.1040868551563351,0.0931754692123578,raw cells; independent full-size with-replacement pseudo-replicates within context×perturbation; controls resampled independently,"min(n_left,n_right) cells per full-size pseudo-replicate",0
nadig_hepg2_vs_jurkat,matched_budget_source_frozen_replication,primary_min20,nadig_hepg2,nadig_hepg2,nadig_jurkat,delta_cosine,20260927,"0,2",2086,20,0.2948060726873918,0.1907192175310566,0.1517728099399674,0.1907192175310566,0.1966740701398612,0.1798408253263161,0.1966740701398612,0.1040868551563351,0.0981320025475305,raw cells; independent full-size with-replacement pseudo-replicates within context×perturbation; controls resampled independently,"min(n_left,n_right) cells per full-size pseudo-replicate",0
nadig_hepg2_vs_jurkat,matched_budget_source_frozen_replication,primary_min20,nadig_hepg2,nadig_hepg2,nadig_jurkat,delta_cosine,20260927,"1,2",2086,20,0.2948060726873918,0.1907192175310566,0.1517728099399674,0.1907192175310566,0.1997562831805505,0.1839496379885545,0.1997562831805505,0.1040868551563351,0.0950497895068412,raw cells; independent full-size with-replacement pseudo-replicates within context×perturbation; controls resampled independently,"min(n_left,n_right) cells per full-size pseudo-replicate",0
nadig_hepg2_vs_jurkat,matched_budget_source_frozen_replication,primary_min20,nadig_hepg2,nadig_hepg2,nadig_jurkat,systema_centroid_accuracy,20260927,"0,1",2086,20,0.3227437225674877,0.251728894928161,0.1758626080918582,0.251728894928161,0.2582484348091995,0.2373882293973067,0.2582484348091995,0.0710148276393267,0.0644952877582881,raw cells; independent full-size with-replacement pseudo-replicates within context×perturbation; controls resampled independently,"min(n_left,n_right) cells per full-size pseudo-replicate",0
nadig_hepg2_vs_jurkat,matched_budget_source_frozen_replication,primary_min20,nadig_hepg2,nadig_hepg2,nadig_jurkat,systema_centroid_accuracy,20260927,"0,2",2086,20,0.3227437225674877,0.251728894928161,0.1758626080918582,0.251728894928161,0.2546761440320418,0.2167671423743076,0.2546761440320418,0.0710148276393267,0.0680675785354458,raw cells; independent full-size with-replacement pseudo-replicates within context×perturbation; controls resampled independently,"min(n_left,n_right) cells per full-size pseudo-replicate",0
nadig_hepg2_vs_jurkat,matched_budget_source_frozen_replication,primary_min20,nadig_hepg2,nadig_hepg2,nadig_jurkat,systema_centroid_accuracy,20260927,"1,2",2086,20,0.3227437225674877,0.251728894928161,0.1758626080918582,0.251728894928161,0.2538726832532056,0.2041961828427957,0.2538726832532056,0.0710148276393267,0.068871039314282,raw cells; independent full-size with-replacement pseudo-replicates within context×perturbation; controls resampled independently,"min(n_left,n_right) cells per full-size pseudo-replicate",0
nadig_hepg2_vs_jurkat,matched_budget_source_frozen_replication,primary_min20,nadig_jurkat,nadig_hepg2,nadig_jurkat,absolute_effect_rank_agreement,20260927,"0,1",2086,20,0.2756331464071312,0.2201999857448653,0.151785915467051,0.2201999857448653,0.2511752438892606,0.2316997408784382,0.2511752438892606,0.0554331606622659,0.0244579025178706,raw cells; independent full-size with-replacement pseudo-replicates within context×perturbation; controls resampled independently,"min(n_left,n_right) cells per full-size pseudo-replicate",0
nadig_hepg2_vs_jurkat,matched_budget_source_frozen_replication,primary_min20,nadig_jurkat,nadig_hepg2,nadig_jurkat,absolute_effect_rank_agreement,20260927,"0,2",2086,20,0.2756331464071312,0.2201999857448653,0.151785915467051,0.2201999857448653,0.2625300334995666,0.2291622119370658,0.2625300334995666,0.0554331606622659,0.0131031129075646,raw cells; independent full-size with-replacement pseudo-replicates within context×perturbation; controls resampled independently,"min(n_left,n_right) cells per full-size pseudo-replicate",0
nadig_hepg2_vs_jurkat,matched_budget_source_frozen_replication,primary_min20,nadig_jurkat,nadig_hepg2,nadig_jurkat,absolute_effect_rank_agreement,20260927,"1,2",2086,20,0.2756331464071312,0.2201999857448653,0.151785915467051,0.2201999857448653,0.2640142919221669,0.2375891808125886,0.2640142919221669,0.0554331606622659,0.0116188544849642,raw cells; independent full-size with-replacement pseudo-replicates within context×perturbation; controls resampled independently,"min(n_left,n_right) cells per full-size pseudo-replicate",0
nadig_hepg2_vs_jurkat,matched_budget_source_frozen_replication,primary_min20,nadig_jurkat,nadig_hepg2,nadig_jurkat,delta_cosine,20260927,"0,1",2086,20,0.2977722903173146,0.1901228010879886,0.1518921392128866,0.1901228010879886,0.2028864348597823,0.1992767818343599,0.2028864348597823,0.107649489229326,0.0948858554575323,raw cells; independent full-size with-replacement pseudo-replicates within context×perturbation; controls resampled independently,"min(n_left,n_right) cells per full-size pseudo-replicate",0
nadig_hepg2_vs_jurkat,matched_budget_source_frozen_replication,primary_min20,nadig_jurkat,nadig_hepg2,nadig_jurkat,delta_cosine,20260927,"0,2",2086,20,0.2977722903173146,0.1901228010879886,0.1518921392128866,0.1901228010879886,0.2009288829722415,0.195661265809979,0.2009288829722415,0.107649489229326,0.0968434073450731,raw cells; independent full-size with-replacement pseudo-replicates within context×perturbation; controls resampled independently,"min(n_left,n_right) cells per full-size pseudo-replicate",0
nadig_hepg2_vs_jurkat,matched_budget_source_frozen_replication,primary_min20,nadig_jurkat,nadig_hepg2,nadig_jurkat,delta_cosine,20260927,"1,2",2086,20,0.2977722903173146,0.1901228010879886,0.1518921392128866,0.1901228010879886,0.2000062078812501,0.189926792985554,0.2000062078812501,0.107649489229326,0.0977660824360645,raw cells; independent full-size with-replacement pseudo-replicates within context×perturbation; controls resampled independently,"min(n_left,n_right) cells per full-size pseudo-replicate",0
nadig_hepg2_vs_jurkat,matched_budget_source_frozen_replication,primary_min20,nadig_jurkat,nadig_hepg2,nadig_jurkat,systema_centroid_accuracy,20260927,"0,1",2086,20,0.3229967512088124,0.2508255332455033,0.1735095911765314,0.2508255332455033,0.2561351110865861,0.2224061977647029,0.2561351110865861,0.0721712179633091,0.0668616401222262,raw cells; independent full-size with-replacement pseudo-replicates within context×perturbation; controls resampled independently,"min(n_left,n_right) cells per full-size pseudo-replicate",0
nadig_hepg2_vs_jurkat,matched_budget_source_frozen_replication,primary_min20,nadig_jurkat,nadig_hepg2,nadig_jurkat,systema_centroid_accuracy,20260927,"0,2",2086,20,0.3229967512088124,0.2508255332455033,0.1735095911765314,0.2508255332455033,0.2624886476245657,0.2725059837077606,0.2725059837077606,0.0721712179633091,0.0504907675010518,raw cells; independent full-size with-replacement pseudo-replicates within context×perturbation; controls resampled independently,"min(n_left,n_right) cells per full-size pseudo-replicate",0
nadig_hepg2_vs_jurkat,matched_budget_source_frozen_replication,primary_min20,nadig_jurkat,nadig_hepg2,nadig_jurkat,systema_centroid_accuracy,20260927,"1,2",2086,20,0.3229967512088124,0.2508255332455033,0.1735095911765314,0.2508255332455033,0.2557647075053284,0.2254576013206692,0.2557647075053284,0.0721712179633091,0.067232043703484,raw cells; independent full-size with-replacement pseudo-replicates within context×perturbation; controls resampled independently,"min(n_left,n_right) cells per full-size pseudo-replicate",0
nadig_hepg2_vs_jurkat,matched_budget_source_frozen_replication,primary_min20,nadig_hepg2,nadig_hepg2,nadig_jurkat,absolute_effect_rank_agreement,20260928,"0,1",2086,20,0.3148670708687125,0.2501665781468785,0.1815418997496154,0.2501665781468785,0.2776489834019648,0.2359883521754025,0.2776489834019648,0.064700492721834,0.0372180874667476,raw cells; independent full-size with-replacement pseudo-replicates within context×perturbation; controls resampled independently,"min(n_left,n_right) cells per full-size pseudo-replicate",0
nadig_hepg2_vs_jurkat,matched_budget_source_frozen_replication,primary_min20,nadig_hepg2,nadig_hepg2,nadig_jurkat,absolute_effect_rank_agreement,20260928,"0,2",2086,20,0.3148670708687125,0.2501665781468785,0.1815418997496154,0.2501665781468785,0.2812180552777337,0.2600111282019446,0.2812180552777337,0.064700492721834,0.0336490155909788,raw cells; independent full-size with-replacement pseudo-replicates within context×perturbation; controls resampled independently,"min(n_left,n_right) cells per full-size pseudo-replicate",0
nadig_hepg2_vs_jurkat,matched_budget_source_frozen_replication,primary_min20,nadig_hepg2,nadig_hepg2,nadig_jurkat,absolute_effect_rank_agreement,20260928,"1,2",2086,20,0.3148670708687125,0.2501665781468785,0.1815418997496154,0.2501665781468785,0.2802619266044499,0.2437764840859814,0.2802619266044499,0.064700492721834,0.0346051442642625,raw cells; independent full-size with-replacement pseudo-replicates within context×perturbation; controls resampled independently,"min(n_left,n_right) cells per full-size pseudo-replicate",0
nadig_hepg2_vs_jurkat,matched_budget_source_frozen_replication,primary_min20,nadig_hepg2,nadig_hepg2,nadig_jurkat,delta_cosine,20260928,"0,1",2086,20,0.2950440414686467,0.1938829377533447,0.1549632010594784,0.1938829377533447,0.2064782689668016,0.1920313796901117,0.2064782689668016,0.1011611037153019,0.088565772501845,raw cells; independent full-size with-replacement pseudo-replicates within context×perturbation; controls resampled independently,"min(n_left,n_right) cells per full-size pseudo-replicate",0
nadig_hepg2_vs_jurkat,matched_budget_source_frozen_replication,primary_min20,nadig_hepg2,nadig_hepg2,nadig_jurkat,delta_cosine,20260928,"0,2",2086,20,0.2950440414686467,0.1938829377533447,0.1549632010594784,0.1938829377533447,0.2009957901368263,0.1807309665211263,0.2009957901368263,0.1011611037153019,0.0940482513318204,raw cells; independent full-size with-replacement pseudo-replicates within context×perturbation; controls resampled independently,"min(n_left,n_right) cells per full-size pseudo-replicate",0
nadig_hepg2_vs_jurkat,matched_budget_source_frozen_replication,primary_min20,nadig_hepg2,nadig_hepg2,nadig_jurkat,delta_cosine,20260928,"1,2",2086,20,0.2950440414686467,0.1938829377533447,0.1549632010594784,0.1938829377533447,0.2047708717014882,0.1856312840427562,0.2047708717014882,0.1011611037153019,0.0902731697671584,raw cells; independent full-size with-replacement pseudo-replicates within context×perturbation; controls resampled independently,"min(n_left,n_right) cells per full-size pseudo-replicate",0
nadig_hepg2_vs_jurkat,matched_budget_source_frozen_replication,primary_min20,nadig_hepg2,nadig_hepg2,nadig_jurkat,systema_centroid_accuracy,20260928,"0,1",2086,20,0.3331121488236065,0.2507400024371682,0.191051913981758,0.2507400024371682,0.256823611101531,0.2443018547769646,0.256823611101531,0.0823721463864383,0.0762885377220754,raw cells; independent full-size with-replacement pseudo-replicates within context×perturbation; controls resampled independently,"min(n_left,n_right) cells per full-size pseudo-replicate",0
nadig_hepg2_vs_jurkat,matched_budget_source_frozen_replication,primary_min20,nadig_hepg2,nadig_hepg2,nadig_jurkat,systema_centroid_accuracy,20260928,"0,2",2086,20,0.3331121488236065,0.2507400024371682,0.191051913981758,0.2507400024371682,0.2534453740938217,0.2221659297681701,0.2534453740938217,0.0823721463864383,0.0796667747297847,raw cells; independent full-size with-replacement pseudo-replicates within context×perturbation; controls resampled independently,"min(n_left,n_right) cells per full-size pseudo-replicate",0
nadig_hepg2_vs_jurkat,matched_budget_source_frozen_replication,primary_min20,nadig_hepg2,nadig_hepg2,nadig_jurkat,systema_centroid_accuracy,20260928,"1,2",2086,20,0.3331121488236065,0.2507400024371682,0.191051913981758,0.2507400024371682,0.2517603941774672,0.21341672587146,0.2517603941774672,0.0823721463864383,0.0813517546461393,raw cells; independent full-size with-replacement pseudo-replicates within context×perturbation; controls resampled independently,"min(n_left,n_right) cells per full-size pseudo-replicate",0
nadig_hepg2_vs_jurkat,matched_budget_source_frozen_replication,primary_min20,nadig_jurkat,nadig_hepg2,nadig_jurkat,absolute_effect_rank_agreement,20260928,"0,1",2086,20,0.2819692089089993,0.2271210835741761,0.1472553117620955,0.2271210835741761,0.2535130859837537,0.2291638213877603,0.2535130859837537,0.0548481253348231,0.0284561229252455,raw cells; independent full-size with-replacement pseudo-replicates within context×perturbation; controls resampled independently,"min(n_left,n_right) cells per full-size pseudo-replicate",0
nadig_hepg2_vs_jurkat,matched_budget_source_frozen_replication,primary_min20,nadig_jurkat,nadig_hepg2,nadig_jurkat,absolute_effect_rank_agreement,20260928,"0,2",2086,20,0.2819692089089993,0.2271210835741761,0.1472553117620955,0.2271210835741761,0.2681506951677392,0.2220630398844874,0.2681506951677392,0.0548481253348231,0.01381851374126,raw cells; independent full-size with-replacement pseudo-replicates within context×perturbation; controls resampled independently,"min(n_left,n_right) cells per full-size pseudo-replicate",0
nadig_hepg2_vs_jurkat,matched_budget_source_frozen_replication,primary_min20,nadig_jurkat,nadig_hepg2,nadig_jurkat,absolute_effect_rank_agreement,20260928,"1,2",2086,20,0.2819692089089993,0.2271210835741761,0.1472553117620955,0.2271210835741761,0.2698484357288857,0.2294699619020028,0.2698484357288857,0.0548481253348231,0.0121207731801136,raw cells; independent full-size with-replacement pseudo-replicates within context×perturbation; controls resampled independently,"min(n_left,n_right) cells per full-size pseudo-replicate",0
nadig_hepg2_vs_jurkat,matched_budget_source_frozen_replication,primary_min20,nadig_jurkat,nadig_hepg2,nadig_jurkat,delta_cosine,20260928,"0,1",2086,20,0.2970426343488968,0.1936741690061182,0.1519806590010829,0.1936741690061182,0.2071325106741069,0.1977327438145361,0.2071325106741069,0.1033684653427785,0.0899101236747898,raw cells; independent full-size with-replacement pseudo-replicates within context×perturbation; controls resampled independently,"min(n_left,n_right) cells per full-size pseudo-replicate",0
nadig_hepg2_vs_jurkat,matched_budget_source_frozen_replication,primary_min20,nadig_jurkat,nadig_hepg2,nadig_jurkat,delta_cosine,20260928,"0,2",2086,20,0.2970426343488968,0.1936741690061182,0.1519806590010829,0.1936741690061182,0.2061492512605447,0.19541490489296,0.2061492512605447,0.1033684653427785,0.0908933830883519,raw cells; independent full-size with-replacement pseudo-replicates within context×perturbation; controls resampled independently,"min(n_left,n_right) cells per full-size pseudo-replicate",0
nadig_hepg2_vs_jurkat,matched_budget_source_frozen_replication,primary_min20,nadig_jurkat,nadig_hepg2,nadig_jurkat,delta_cosine,20260928,"1,2",2086,20,0.2970426343488968,0.1936741690061182,0.1519806590010829,0.1936741690061182,0.2039681006872354,0.1871929110594554,0.2039681006872354,0.1033684653427785,0.0930745336616613,raw cells; independent full-size with-replacement pseudo-replicates within context×perturbation; controls resampled independently,"min(n_left,n_right) cells per full-size pseudo-replicate",0
nadig_hepg2_vs_jurkat,matched_budget_source_frozen_replication,primary_min20,nadig_jurkat,nadig_hepg2,nadig_jurkat,systema_centroid_accuracy,20260928,"0,1",2086,20,0.3282043588523237,0.2528481529254066,0.1888471964518509,0.2528481529254066,0.2558627690369276,0.2275931124707137,0.2558627690369276,0.0753562059269171,0.072341589815396,raw cells; independent full-size with-replacement pseudo-replicates within context×perturbation; controls resampled independently,"min(n_left,n_right) cells per full-size pseudo-replicate",0
nadig_hepg2_vs_jurkat,matched_budget_source_frozen_replication,primary_min20,nadig_jurkat,nadig_hepg2,nadig_jurkat,systema_centroid_accuracy,20260928,"0,2",2086,20,0.3282043588523237,0.2528481529254066,0.1888471964518509,0.2528481529254066,0.2613561691394727,0.2691184348781761,0.2691184348781761,0.0753562059269171,0.0590859239741475,raw cells; independent full-size with-replacement pseudo-replicates within context×perturbation; controls resampled independently,"min(n_left,n_right) cells per full-size pseudo-replicate",0
nadig_hepg2_vs_jurkat,matched_budget_source_frozen_replication,primary_min20,nadig_jurkat,nadig_hepg2,nadig_jurkat,systema_centroid_accuracy,20260928,"1,2",2086,20,0.3282043588523237,0.2528481529254066,0.1888471964518509,0.2528481529254066,0.2560342904966535,0.2343324573323125,0.2560342904966535,0.0753562059269171,0.0721700683556701,raw cells; independent full-size with-replacement pseudo-replicates within context×perturbation; controls resampled independently,"min(n_left,n_right) cells per full-size pseudo-replicate",0
nadig_hepg2_vs_jurkat,matched_budget_source_frozen_replication,primary_min20,nadig_hepg2,nadig_hepg2,nadig_jurkat,absolute_effect_rank_agreement,20260929,"0,1",2086,20,0.3139195642527205,0.2341914004750178,0.192101965599141,0.2341914004750178,0.2665274491815943,0.2369654037077145,0.2665274491815943,0.0797281637777026,0.0473921150711262,raw cells; independent full-size with-replacement pseudo-replicates within context×perturbation; controls resampled independently,"min(n_left,n_right) cells per full-size pseudo-replicate",0
nadig_hepg2_vs_jurkat,matched_budget_source_frozen_replication,primary_min20,nadig_hepg2,nadig_hepg2,nadig_jurkat,absolute_effect_rank_agreement,20260929,"0,2",2086,20,0.3139195642527205,0.2341914004750178,0.192101965599141,0.2341914004750178,0.2687484911399739,0.2640161312943892,0.2687484911399739,0.0797281637777026,0.0451710731127466,raw cells; independent full-size with-replacement pseudo-replicates within context×perturbation; controls resampled independently,"min(n_left,n_right) cells per full-size pseudo-replicate",0
nadig_hepg2_vs_jurkat,matched_budget_source_frozen_replication,primary_min20,nadig_hepg2,nadig_hepg2,nadig_jurkat,absolute_effect_rank_agreement,20260929,"1,2",2086,20,0.3139195642527205,0.2341914004750178,0.192101965599141,0.2341914004750178,0.2675235842007123,0.2530270318740213,0.2675235842007123,0.0797281637777026,0.0463959800520082,raw cells; independent full-size with-replacement pseudo-replicates within context×perturbation; controls resampled independently,"min(n_left,n_right) cells per full-size pseudo-replicate",0
nadig_hepg2_vs_jurkat,matched_budget_source_frozen_replication,primary_min20,nadig_hepg2,nadig_hepg2,nadig_jurkat,delta_cosine,20260929,"0,1",2086,20,0.3037495602750781,0.1926333142498465,0.1630320671554798,0.1926333142498465,0.2052875053744157,0.1976533059266872,0.2052875053744157,0.1111162460252316,0.0984620549006624,raw cells; independent full-size with-replacement pseudo-replicates within context×perturbation; controls resampled independently,"min(n_left,n_right) cells per full-size pseudo-replicate",0
nadig_hepg2_vs_jurkat,matched_budget_source_frozen_replication,primary_min20,nadig_hepg2,nadig_hepg2,nadig_jurkat,delta_cosine,20260929,"0,2",2086,20,0.3037495602750781,0.1926333142498465,0.1630320671554798,0.1926333142498465,0.200298208221534,0.1882945800598255,0.200298208221534,0.1111162460252316,0.1034513520535441,raw cells; independent full-size with-replacement pseudo-replicates within context×perturbation; controls resampled independently,"min(n_left,n_right) cells per full-size pseudo-replicate",0
nadig_hepg2_vs_jurkat,matched_budget_source_frozen_replication,primary_min20,nadig_hepg2,nadig_hepg2,nadig_jurkat,delta_cosine,20260929,"1,2",2086,20,0.3037495602750781,0.1926333142498465,0.1630320671554798,0.1926333142498465,0.2037474909813281,0.1927919601040165,0.2037474909813281,0.1111162460252316,0.10000206929375,raw cells; independent full-size with-replacement pseudo-replicates within context×perturbation; controls resampled independently,"min(n_left,n_right) cells per full-size pseudo-replicate",0
nadig_hepg2_vs_jurkat,matched_budget_source_frozen_replication,primary_min20,nadig_hepg2,nadig_hepg2,nadig_jurkat,systema_centroid_accuracy,20260929,"0,1",2086,20,0.3206650020348055,0.2503581027795213,0.2208490542177955,0.2503581027795213,0.2569786931720204,0.2610852066189809,0.2610852066189809,0.0703068992552841,0.0595797954158245,raw cells; independent full-size with-replacement pseudo-replicates within context×perturbation; controls resampled independently,"min(n_left,n_right) cells per full-size pseudo-replicate",0
nadig_hepg2_vs_jurkat,matched_budget_source_frozen_replication,primary_min20,nadig_hepg2,nadig_hepg2,nadig_jurkat,systema_centroid_accuracy,20260929,"0,2",2086,20,0.3206650020348055,0.2503581027795213,0.2208490542177955,0.2503581027795213,0.253429279586877,0.2425887094734567,0.253429279586877,0.0703068992552841,0.0672357224479285,raw cells; independent full-size with-replacement pseudo-replicates within context×perturbation; controls resampled independently,"min(n_left,n_right) cells per full-size pseudo-replicate",0
nadig_hepg2_vs_jurkat,matched_budget_source_frozen_replication,primary_min20,nadig_hepg2,nadig_hepg2,nadig_jurkat,systema_centroid_accuracy,20260929,"1,2",2086,20,0.3206650020348055,0.2503581027795213,0.2208490542177955,0.2503581027795213,0.2520391740299036,0.2362117209396433,0.2520391740299036,0.0703068992552841,0.0686258280049019,raw cells; independent full-size with-replacement pseudo-replicates within context×perturbation; controls resampled independently,"min(n_left,n_right) cells per full-size pseudo-replicate",0
nadig_hepg2_vs_jurkat,matched_budget_source_frozen_replication,primary_min20,nadig_jurkat,nadig_hepg2,nadig_jurkat,absolute_effect_rank_agreement,20260929,"0,1",2086,20,0.2726032405140125,0.2209453913379364,0.1666944871715283,0.2209453913379364,0.2549184813223247,0.229006670023521,0.2549184813223247,0.0516578491760761,0.0176847591916878,raw cells; independent full-size with-replacement pseudo-replicates within context×perturbation; controls resampled independently,"min(n_left,n_right) cells per full-size pseudo-replicate",0
nadig_hepg2_vs_jurkat,matched_budget_source_frozen_replication,primary_min20,nadig_jurkat,nadig_hepg2,nadig_jurkat,absolute_effect_rank_agreement,20260929,"0,2",2086,20,0.2726032405140125,0.2209453913379364,0.1666944871715283,0.2209453913379364,0.2677114300889106,0.2246735689109307,0.2677114300889106,0.0516578491760761,0.0048918104251018,raw cells; independent full-size with-replacement pseudo-replicates within context×perturbation; controls resampled independently,"min(n_left,n_right) cells per full-size pseudo-replicate",0
nadig_hepg2_vs_jurkat,matched_budget_source_frozen_replication,primary_min20,nadig_jurkat,nadig_hepg2,nadig_jurkat,absolute_effect_rank_agreement,20260929,"1,2",2086,20,0.2726032405140125,0.2209453913379364,0.1666944871715283,0.2209453913379364,0.2708562967459206,0.2348070153656556,0.2708562967459206,0.0516578491760761,0.0017469437680919,raw cells; independent full-size with-replacement pseudo-replicates within context×perturbation; controls resampled independently,"min(n_left,n_right) cells per full-size pseudo-replicate",0
nadig_hepg2_vs_jurkat,matched_budget_source_frozen_replication,primary_min20,nadig_jurkat,nadig_hepg2,nadig_jurkat,delta_cosine,20260929,"0,1",2086,20,0.3062778923553391,0.1959906283985276,0.1645881760555122,0.1959906283985276,0.2096652112633958,0.2047175299070427,0.2096652112633958,0.1102872639568115,0.0966126810919433,raw cells; independent full-size with-replacement pseudo-replicates within context×perturbation; controls resampled independently,"min(n_left,n_right) cells per full-size pseudo-replicate",0
nadig_hepg2_vs_jurkat,matched_budget_source_frozen_replication,primary_min20,nadig_jurkat,nadig_hepg2,nadig_jurkat,delta_cosine,20260929,"0,2",2086,20,0.3062778923553391,0.1959906283985276,0.1645881760555122,0.1959906283985276,0.2077993980654402,0.202207936431296,0.2077993980654402,0.1102872639568115,0.0984784942898989,raw cells; independent full-size with-replacement pseudo-replicates within context×perturbation; controls resampled independently,"min(n_left,n_right) cells per full-size pseudo-replicate",0
nadig_hepg2_vs_jurkat,matched_budget_source_frozen_replication,primary_min20,nadig_jurkat,nadig_hepg2,nadig_jurkat,delta_cosine,20260929,"1,2",2086,20,0.3062778923553391,0.1959906283985276,0.1645881760555122,0.1959906283985276,0.2064805681820794,0.1972878456582768,0.2064805681820794,0.1102872639568115,0.0997973241732596,raw cells; independent full-size with-replacement pseudo-replicates within context×perturbation; controls resampled independently,"min(n_left,n_right) cells per full-size pseudo-replicate",0
nadig_hepg2_vs_jurkat,matched_budget_source_frozen_replication,primary_min20,nadig_jurkat,nadig_hepg2,nadig_jurkat,systema_centroid_accuracy,20260929,"0,1",2086,20,0.3167438053392377,0.2481264844308637,0.2164957200107603,0.2481264844308637,0.2536341396681312,0.2459385511724848,0.2536341396681312,0.068617320908374,0.0631096656711064,raw cells; independent full-size with-replacement pseudo-replicates within context×perturbation; controls resampled independently,"min(n_left,n_right) cells per full-size pseudo-replicate",0
nadig_hepg2_vs_jurkat,matched_budget_source_frozen_replication,primary_min20,nadig_jurkat,nadig_hepg2,nadig_jurkat,systema_centroid_accuracy,20260929,"0,2",2086,20,0.3167438053392377,0.2481264844308637,0.2164957200107603,0.2481264844308637,0.2609350678613389,0.2851406315024682,0.2851406315024682,0.068617320908374,0.0316031738367695,raw cells; independent full-size with-replacement pseudo-replicates within context×perturbation; controls resampled independently,"min(n_left,n_right) cells per full-size pseudo-replicate",0
nadig_hepg2_vs_jurkat,matched_budget_source_frozen_replication,primary_min20,nadig_jurkat,nadig_hepg2,nadig_jurkat,systema_centroid_accuracy,20260929,"1,2",2086,20,0.3167438053392377,0.2481264844308637,0.2164957200107603,0.2481264844308637,0.2529778286670759,0.2495014151670035,0.2529778286670759,0.068617320908374,0.0637659766721618,raw cells; independent full-size with-replacement pseudo-replicates within context×perturbation; controls resampled independently,"min(n_left,n_right) cells per full-size pseudo-replicate",0
nadig_hepg2_vs_jurkat,matched_budget_source_frozen_replication,primary_min20,nadig_hepg2,nadig_hepg2,nadig_jurkat,absolute_effect_rank_agreement,20260930,"0,1",2086,20,0.3101737976828508,0.2307701681416133,0.170499458534802,0.2307701681416133,0.2589483159397697,0.2283726614106605,0.2589483159397697,0.0794036295412375,0.051225481743081,raw cells; independent full-size with-replacement pseudo-replicates within context×perturbation; controls resampled independently,"min(n_left,n_right) cells per full-size pseudo-replicate",0
nadig_hepg2_vs_jurkat,matched_budget_source_frozen_replication,primary_min20,nadig_hepg2,nadig_hepg2,nadig_jurkat,absolute_effect_rank_agreement,20260930,"0,2",2086,20,0.3101737976828508,0.2307701681416133,0.170499458534802,0.2307701681416133,0.2632441697648592,0.2519277770496929,0.2632441697648592,0.0794036295412375,0.0469296279179916,raw cells; independent full-size with-replacement pseudo-replicates within context×perturbation; controls resampled independently,"min(n_left,n_right) cells per full-size pseudo-replicate",0
nadig_hepg2_vs_jurkat,matched_budget_source_frozen_replication,primary_min20,nadig_hepg2,nadig_hepg2,nadig_jurkat,absolute_effect_rank_agreement,20260930,"1,2",2086,20,0.3101737976828508,0.2307701681416133,0.170499458534802,0.2307701681416133,0.2619397099769848,0.2405977040036235,0.2619397099769848,0.0794036295412375,0.0482340877058659,raw cells; independent full-size with-replacement pseudo-replicates within context×perturbation; controls resampled independently,"min(n_left,n_right) cells per full-size pseudo-replicate",0
nadig_hepg2_vs_jurkat,matched_budget_source_frozen_replication,primary_min20,nadig_hepg2,nadig_hepg2,nadig_jurkat,delta_cosine,20260930,"0,1",2086,20,0.2986146078343461,0.1817092826218412,0.1692850130250545,0.1817092826218412,0.1944393478505786,0.2010077460562709,0.2010077460562709,0.1169053252125049,0.0976068617780751,raw cells; independent full-size with-replacement pseudo-replicates within context×perturbation; controls resampled independently,"min(n_left,n_right) cells per full-size pseudo-replicate",0
nadig_hepg2_vs_jurkat,matched_budget_source_frozen_replication,primary_min20,nadig_hepg2,nadig_hepg2,nadig_jurkat,delta_cosine,20260930,"0,2",2086,20,0.2986146078343461,0.1817092826218412,0.1692850130250545,0.1817092826218412,0.1891227574028984,0.1910972085227311,0.1910972085227311,0.1169053252125049,0.1075173993116149,raw cells; independent full-size with-replacement pseudo-replicates within context×perturbation; controls resampled independently,"min(n_left,n_right) cells per full-size pseudo-replicate",0
nadig_hepg2_vs_jurkat,matched_budget_source_frozen_replication,primary_min20,nadig_hepg2,nadig_hepg2,nadig_jurkat,delta_cosine,20260930,"1,2",2086,20,0.2986146078343461,0.1817092826218412,0.1692850130250545,0.1817092826218412,0.1923612021217158,0.1969548043252837,0.1969548043252837,0.1169053252125049,0.1016598035090623,raw cells; independent full-size with-replacement pseudo-replicates within context×perturbation; controls resampled independently,"min(n_left,n_right) cells per full-size pseudo-replicate",0
nadig_hepg2_vs_jurkat,matched_budget_source_frozen_replication,primary_min20,nadig_hepg2,nadig_hepg2,nadig_jurkat,systema_centroid_accuracy,20260930,"0,1",2086,20,0.3323945637353971,0.2366881183452087,0.1920810427401128,0.2366881183452087,0.2464043721877723,0.2438061439630653,0.2464043721877723,0.0957064453901883,0.0859901915476248,raw cells; independent full-size with-replacement pseudo-replicates within context×perturbation; controls resampled independently,"min(n_left,n_right) cells per full-size pseudo-replicate",0
nadig_hepg2_vs_jurkat,matched_budget_source_frozen_replication,primary_min20,nadig_hepg2,nadig_hepg2,nadig_jurkat,systema_centroid_accuracy,20260930,"0,2",2086,20,0.3323945637353971,0.2366881183452087,0.1920810427401128,0.2366881183452087,0.2424952463724131,0.2269743936394508,0.2424952463724131,0.0957064453901883,0.089899317362984,raw cells; independent full-size with-replacement pseudo-replicates within context×perturbation; controls resampled independently,"min(n_left,n_right) cells per full-size pseudo-replicate",0
nadig_hepg2_vs_jurkat,matched_budget_source_frozen_replication,primary_min20,nadig_hepg2,nadig_hepg2,nadig_jurkat,systema_centroid_accuracy,20260930,"1,2",2086,20,0.3323945637353971,0.2366881183452087,0.1920810427401128,0.2366881183452087,0.2409898351692567,0.2141846637742538,0.2409898351692567,0.0957064453901883,0.0914047285661403,raw cells; independent full-size with-replacement pseudo-replicates within context×perturbation; controls resampled independently,"min(n_left,n_right) cells per full-size pseudo-replicate",0
nadig_hepg2_vs_jurkat,matched_budget_source_frozen_replication,primary_min20,nadig_jurkat,nadig_hepg2,nadig_jurkat,absolute_effect_rank_agreement,20260930,"0,1",2086,20,0.2727521147032518,0.2164382396288147,0.15371150826223,0.2164382396288147,0.2489508680687281,0.2231089529143703,0.2489508680687281,0.056313875074437,0.0238012466345236,raw cells; independent full-size with-replacement pseudo-replicates within context×perturbation; controls resampled independently,"min(n_left,n_right) cells per full-size pseudo-replicate",0
nadig_hepg2_vs_jurkat,matched_budget_source_frozen_replication,primary_min20,nadig_jurkat,nadig_hepg2,nadig_jurkat,absolute_effect_rank_agreement,20260930,"0,2",2086,20,0.2727521147032518,0.2164382396288147,0.15371150826223,0.2164382396288147,0.2601109141450023,0.224201540014393,0.2601109141450023,0.056313875074437,0.0126412005582494,raw cells; independent full-size with-replacement pseudo-replicates within context×perturbation; controls resampled independently,"min(n_left,n_right) cells per full-size pseudo-replicate",0
nadig_hepg2_vs_jurkat,matched_budget_source_frozen_replication,primary_min20,nadig_jurkat,nadig_hepg2,nadig_jurkat,absolute_effect_rank_agreement,20260930,"1,2",2086,20,0.2727521147032518,0.2164382396288147,0.15371150826223,0.2164382396288147,0.2649899639253123,0.2299839514773607,0.2649899639253123,0.056313875074437,0.0077621507779394,raw cells; independent full-size with-replacement pseudo-replicates within context×perturbation; controls resampled independently,"min(n_left,n_right) cells per full-size pseudo-replicate",0
nadig_hepg2_vs_jurkat,matched_budget_source_frozen_replication,primary_min20,nadig_jurkat,nadig_hepg2,nadig_jurkat,delta_cosine,20260930,"0,1",2086,20,0.2992555140930401,0.1839569954774435,0.1670584529500081,0.1839569954774435,0.1969852689277149,0.2053670582230284,0.2053670582230284,0.1152985186155965,0.0938884558700116,raw cells; independent full-size with-replacement pseudo-replicates within context×perturbation; controls resampled independently,"min(n_left,n_right) cells per full-size pseudo-replicate",0
nadig_hepg2_vs_jurkat,matched_budget_source_frozen_replication,primary_min20,nadig_jurkat,nadig_hepg2,nadig_jurkat,delta_cosine,20260930,"0,2",2086,20,0.2992555140930401,0.1839569954774435,0.1670584529500081,0.1839569954774435,0.1957646155367173,0.2015135734173926,0.2015135734173926,0.1152985186155965,0.0977419406756474,raw cells; independent full-size with-replacement pseudo-replicates within context×perturbation; controls resampled independently,"min(n_left,n_right) cells per full-size pseudo-replicate",0
nadig_hepg2_vs_jurkat,matched_budget_source_frozen_replication,primary_min20,nadig_jurkat,nadig_hepg2,nadig_jurkat,delta_cosine,20260930,"1,2",2086,20,0.2992555140930401,0.1839569954774435,0.1670584529500081,0.1839569954774435,0.1938971928880672,0.1994831364055447,0.1994831364055447,0.1152985186155965,0.0997723776874953,raw cells; independent full-size with-replacement pseudo-replicates within context×perturbation; controls resampled independently,"min(n_left,n_right) cells per full-size pseudo-replicate",0
nadig_hepg2_vs_jurkat,matched_budget_source_frozen_replication,primary_min20,nadig_jurkat,nadig_hepg2,nadig_jurkat,systema_centroid_accuracy,20260930,"0,1",2086,20,0.3354224003347657,0.2373468435223058,0.1842844037330059,0.2373468435223058,0.2450645044846194,0.217490015657656,0.2450645044846194,0.0980755568124598,0.0903578958501463,raw cells; independent full-size with-replacement pseudo-replicates within context×perturbation; controls resampled independently,"min(n_left,n_right) cells per full-size pseudo-replicate",0
nadig_hepg2_vs_jurkat,matched_budget_source_frozen_replication,primary_min20,nadig_jurkat,nadig_hepg2,nadig_jurkat,systema_centroid_accuracy,20260930,"0,2",2086,20,0.3354224003347657,0.2373468435223058,0.1842844037330059,0.2373468435223058,0.2528112505201975,0.2556955011254659,0.2556955011254659,0.0980755568124598,0.0797268992092998,raw cells; independent full-size with-replacement pseudo-replicates within context×perturbation; controls resampled independently,"min(n_left,n_right) cells per full-size pseudo-replicate",0
nadig_hepg2_vs_jurkat,matched_budget_source_frozen_replication,primary_min20,nadig_jurkat,nadig_hepg2,nadig_jurkat,systema_centroid_accuracy,20260930,"1,2",2086,20,0.3354224003347657,0.2373468435223058,0.1842844037330059,0.2373468435223058,0.2438046494731348,0.2258489277609552,0.2438046494731348,0.0980755568124598,0.0916177508616309,raw cells; independent full-size with-replacement pseudo-replicates within context×perturbation; controls resampled independently,"min(n_left,n_right) cells per full-size pseudo-replicate",0
nadig_hepg2_vs_jurkat,matched_budget_source_frozen_replication,primary_min20,nadig_hepg2,nadig_hepg2,nadig_jurkat,absolute_effect_rank_agreement,20260931,"0,1",2086,20,0.3119231556269844,0.2519365140677487,0.1821751036371286,0.2519365140677487,0.2740901430341824,0.2410647895873138,0.2740901430341824,0.0599866415592357,0.037833012592802,raw cells; independent full-size with-replacement pseudo-replicates within context×perturbation; controls resampled independently,"min(n_left,n_right) cells per full-size pseudo-replicate",0
nadig_hepg2_vs_jurkat,matched_budget_source_frozen_replication,primary_min20,nadig_hepg2,nadig_hepg2,nadig_jurkat,absolute_effect_rank_agreement,20260931,"0,2",2086,20,0.3119231556269844,0.2519365140677487,0.1821751036371286,0.2519365140677487,0.2783893307214248,0.2659513807937351,0.2783893307214248,0.0599866415592357,0.0335338249055596,raw cells; independent full-size with-replacement pseudo-replicates within context×perturbation; controls resampled independently,"min(n_left,n_right) cells per full-size pseudo-replicate",0
nadig_hepg2_vs_jurkat,matched_budget_source_frozen_replication,primary_min20,nadig_hepg2,nadig_hepg2,nadig_jurkat,absolute_effect_rank_agreement,20260931,"1,2",2086,20,0.3119231556269844,0.2519365140677487,0.1821751036371286,0.2519365140677487,0.2758034032984542,0.2538719934886223,0.2758034032984542,0.0599866415592357,0.0361197523285302,raw cells; independent full-size with-replacement pseudo-replicates within context×perturbation; controls resampled independently,"min(n_left,n_right) cells per full-size pseudo-replicate",0
nadig_hepg2_vs_jurkat,matched_budget_source_frozen_replication,primary_min20,nadig_hepg2,nadig_hepg2,nadig_jurkat,delta_cosine,20260931,"0,1",2086,20,0.301866388001775,0.1970119398249377,0.1656228229305338,0.1970119398249377,0.2098590351113164,0.1981394749971834,0.2098590351113164,0.1048544481768372,0.0920073528904585,raw cells; independent full-size with-replacement pseudo-replicates within context×perturbation; controls resampled independently,"min(n_left,n_right) cells per full-size pseudo-replicate",0
nadig_hepg2_vs_jurkat,matched_budget_source_frozen_replication,primary_min20,nadig_hepg2,nadig_hepg2,nadig_jurkat,delta_cosine,20260931,"0,2",2086,20,0.301866388001775,0.1970119398249377,0.1656228229305338,0.1970119398249377,0.2052308297178173,0.1898714968581223,0.2052308297178173,0.1048544481768372,0.0966355582839577,raw cells; independent full-size with-replacement pseudo-replicates within context×perturbation; controls resampled independently,"min(n_left,n_right) cells per full-size pseudo-replicate",0
nadig_hepg2_vs_jurkat,matched_budget_source_frozen_replication,primary_min20,nadig_hepg2,nadig_hepg2,nadig_jurkat,delta_cosine,20260931,"1,2",2086,20,0.301866388001775,0.1970119398249377,0.1656228229305338,0.1970119398249377,0.2072208005407754,0.1936587642637567,0.2072208005407754,0.1048544481768372,0.0946455874609996,raw cells; independent full-size with-replacement pseudo-replicates within context×perturbation; controls resampled independently,"min(n_left,n_right) cells per full-size pseudo-replicate",0
nadig_hepg2_vs_jurkat,matched_budget_source_frozen_replication,primary_min20,nadig_hepg2,nadig_hepg2,nadig_jurkat,systema_centroid_accuracy,20260931,"0,1",2086,20,0.326996466106118,0.248958340518381,0.1835355493170181,0.248958340518381,0.2567772819136829,0.2394687893022111,0.2567772819136829,0.0780381255877369,0.0702191841924351,raw cells; independent full-size with-replacement pseudo-replicates within context×perturbation; controls resampled independently,"min(n_left,n_right) cells per full-size pseudo-replicate",0
nadig_hepg2_vs_jurkat,matched_budget_source_frozen_replication,primary_min20,nadig_hepg2,nadig_hepg2,nadig_jurkat,systema_centroid_accuracy,20260931,"0,2",2086,20,0.326996466106118,0.248958340518381,0.1835355493170181,0.248958340518381,0.2530134665038822,0.2183055473167008,0.2530134665038822,0.0780381255877369,0.0739829996022357,raw cells; independent full-size with-replacement pseudo-replicates within context×perturbation; controls resampled independently,"min(n_left,n_right) cells per full-size pseudo-replicate",0
nadig_hepg2_vs_jurkat,matched_budget_source_frozen_replication,primary_min20,nadig_hepg2,nadig_hepg2,nadig_jurkat,systema_centroid_accuracy,20260931,"1,2",2086,20,0.326996466106118,0.248958340518381,0.1835355493170181,0.248958340518381,0.2508097836208501,0.212152042507892,0.2508097836208501,0.0780381255877369,0.0761866824852678,raw cells; independent full-size with-replacement pseudo-replicates within context×perturbation; controls resampled independently,"min(n_left,n_right) cells per full-size pseudo-replicate",0
nadig_hepg2_vs_jurkat,matched_budget_source_frozen_replication,primary_min20,nadig_jurkat,nadig_hepg2,nadig_jurkat,absolute_effect_rank_agreement,20260931,"0,1",2086,20,0.2789027454929632,0.2297994394513152,0.1698159018327045,0.2297994394513152,0.259832019331802,0.2295623903561714,0.259832019331802,0.0491033060416479,0.0190707261611611,raw cells; independent full-size with-replacement pseudo-replicates within context×perturbation; controls resampled independently,"min(n_left,n_right) cells per full-size pseudo-replicate",0
nadig_hepg2_vs_jurkat,matched_budget_source_frozen_replication,primary_min20,nadig_jurkat,nadig_hepg2,nadig_jurkat,absolute_effect_rank_agreement,20260931,"0,2",2086,20,0.2789027454929632,0.2297994394513152,0.1698159018327045,0.2297994394513152,0.2681259786035026,0.2314749925850307,0.2681259786035026,0.0491033060416479,0.0107767668894606,raw cells; independent full-size with-replacement pseudo-replicates within context×perturbation; controls resampled independently,"min(n_left,n_right) cells per full-size pseudo-replicate",0
nadig_hepg2_vs_jurkat,matched_budget_source_frozen_replication,primary_min20,nadig_jurkat,nadig_hepg2,nadig_jurkat,absolute_effect_rank_agreement,20260931,"1,2",2086,20,0.2789027454929632,0.2297994394513152,0.1698159018327045,0.2297994394513152,0.2744945750015519,0.2366901876389588,0.2744945750015519,0.0491033060416479,0.0044081704914112,raw cells; independent full-size with-replacement pseudo-replicates within context×perturbation; controls resampled independently,"min(n_left,n_right) cells per full-size pseudo-replicate",0
nadig_hepg2_vs_jurkat,matched_budget_source_frozen_replication,primary_min20,nadig_jurkat,nadig_hepg2,nadig_jurkat,delta_cosine,20260931,"0,1",2086,20,0.3018330493802464,0.1982916830485755,0.1672750390291793,0.1982916830485755,0.2122048094985181,0.2078214705321074,0.2122048094985181,0.1035413663316709,0.0896282398817283,raw cells; independent full-size with-replacement pseudo-replicates within context×perturbation; controls resampled independently,"min(n_left,n_right) cells per full-size pseudo-replicate",0
nadig_hepg2_vs_jurkat,matched_budget_source_frozen_replication,primary_min20,nadig_jurkat,nadig_hepg2,nadig_jurkat,delta_cosine,20260931,"0,2",2086,20,0.3018330493802464,0.1982916830485755,0.1672750390291793,0.1982916830485755,0.2113104147554439,0.205182431236219,0.2113104147554439,0.1035413663316709,0.0905226346248025,raw cells; independent full-size with-replacement pseudo-replicates within context×perturbation; controls resampled independently,"min(n_left,n_right) cells per full-size pseudo-replicate",0
nadig_hepg2_vs_jurkat,matched_budget_source_frozen_replication,primary_min20,nadig_jurkat,nadig_hepg2,nadig_jurkat,delta_cosine,20260931,"1,2",2086,20,0.3018330493802464,0.1982916830485755,0.1672750390291793,0.1982916830485755,0.2082294662831575,0.1984728612124681,0.2082294662831575,0.1035413663316709,0.0936035830970889,raw cells; independent full-size with-replacement pseudo-replicates within context×perturbation; controls resampled independently,"min(n_left,n_right) cells per full-size pseudo-replicate",0
nadig_hepg2_vs_jurkat,matched_budget_source_frozen_replication,primary_min20,nadig_jurkat,nadig_hepg2,nadig_jurkat,systema_centroid_accuracy,20260931,"0,1",2086,20,0.3276527771071733,0.2487051969162924,0.1821716548142119,0.2487051969162924,0.254450705974051,0.2301812241481982,0.254450705974051,0.0789475801908808,0.0732020711331222,raw cells; independent full-size with-replacement pseudo-replicates within context×perturbation; controls resampled independently,"min(n_left,n_right) cells per full-size pseudo-replicate",0
nadig_hepg2_vs_jurkat,matched_budget_source_frozen_replication,primary_min20,nadig_jurkat,nadig_hepg2,nadig_jurkat,systema_centroid_accuracy,20260931,"0,2",2086,20,0.3276527771071733,0.2487051969162924,0.1821716548142119,0.2487051969162924,0.2616808183367016,0.2734677454584751,0.2734677454584751,0.0789475801908808,0.0541850316486982,raw cells; independent full-size with-replacement pseudo-replicates within context×perturbation; controls resampled independently,"min(n_left,n_right) cells per full-size pseudo-replicate",0
nadig_hepg2_vs_jurkat,matched_budget_source_frozen_replication,primary_min20,nadig_jurkat,nadig_hepg2,nadig_jurkat,systema_centroid_accuracy,20260931,"1,2",2086,20,0.3276527771071733,0.2487051969162924,0.1821716548142119,0.2487051969162924,0.2543395389153682,0.2331227252138845,0.2543395389153682,0.0789475801908808,0.0733132381918051,raw cells; independent full-size with-replacement pseudo-replicates within context×perturbation; controls resampled independently,"min(n_left,n_right) cells per full-size pseudo-replicate",0
nadig_hepg2_vs_jurkat,matched_budget_source_frozen_replication,primary_min20,nadig_hepg2,nadig_hepg2,nadig_jurkat,absolute_effect_rank_agreement,20260932,"0,1",2086,20,0.3133145257523607,0.251902255760109,0.1694317029597798,0.251902255760109,0.2750494906088552,0.235827062223663,0.2750494906088552,0.0614122699922516,0.0382650351435055,raw cells; independent full-size with-replacement pseudo-replicates within context×perturbation; controls resampled independently,"min(n_left,n_right) cells per full-size pseudo-replicate",0
nadig_hepg2_vs_jurkat,matched_budget_source_frozen_replication,primary_min20,nadig_hepg2,nadig_hepg2,nadig_jurkat,absolute_effect_rank_agreement,20260932,"0,2",2086,20,0.3133145257523607,0.251902255760109,0.1694317029597798,0.251902255760109,0.2776602495568263,0.2582087733456571,0.2776602495568263,0.0614122699922516,0.0356542761955344,raw cells; independent full-size with-replacement pseudo-replicates within context×perturbation; controls resampled independently,"min(n_left,n_right) cells per full-size pseudo-replicate",0
nadig_hepg2_vs_jurkat,matched_budget_source_frozen_replication,primary_min20,nadig_hepg2,nadig_hepg2,nadig_jurkat,absolute_effect_rank_agreement,20260932,"1,2",2086,20,0.3133145257523607,0.251902255760109,0.1694317029597798,0.251902255760109,0.2785686695130951,0.2453213268311525,0.2785686695130951,0.0614122699922516,0.0347458562392655,raw cells; independent full-size with-replacement pseudo-replicates within context×perturbation; controls resampled independently,"min(n_left,n_right) cells per full-size pseudo-replicate",0
nadig_hepg2_vs_jurkat,matched_budget_source_frozen_replication,primary_min20,nadig_hepg2,nadig_hepg2,nadig_jurkat,delta_cosine,20260932,"0,1",2086,20,0.2949037893366993,0.1909946635213401,0.1493744984836675,0.1909946635213401,0.2030877311573559,0.1911114636574537,0.2030877311573559,0.1039091258153591,0.0918160581793433,raw cells; independent full-size with-replacement pseudo-replicates within context×perturbation; controls resampled independently,"min(n_left,n_right) cells per full-size pseudo-replicate",0
nadig_hepg2_vs_jurkat,matched_budget_source_frozen_replication,primary_min20,nadig_hepg2,nadig_hepg2,nadig_jurkat,delta_cosine,20260932,"0,2",2086,20,0.2949037893366993,0.1909946635213401,0.1493744984836675,0.1909946635213401,0.1987137040128204,0.1796730975717987,0.1987137040128204,0.1039091258153591,0.0961900853238789,raw cells; independent full-size with-replacement pseudo-replicates within context×perturbation; controls resampled independently,"min(n_left,n_right) cells per full-size pseudo-replicate",0
nadig_hepg2_vs_jurkat,matched_budget_source_frozen_replication,primary_min20,nadig_hepg2,nadig_hepg2,nadig_jurkat,delta_cosine,20260932,"1,2",2086,20,0.2949037893366993,0.1909946635213401,0.1493744984836675,0.1909946635213401,0.2012599699722484,0.1847453963962099,0.2012599699722484,0.1039091258153591,0.0936438193644509,raw cells; independent full-size with-replacement pseudo-replicates within context×perturbation; controls resampled independently,"min(n_left,n_right) cells per full-size pseudo-replicate",0
nadig_hepg2_vs_jurkat,matched_budget_source_frozen_replication,primary_min20,nadig_hepg2,nadig_hepg2,nadig_jurkat,systema_centroid_accuracy,20260932,"0,1",2086,20,0.3296118234846447,0.2538303776920937,0.1717939167362179,0.2538303776920937,0.2612292524561367,0.2349911825094095,0.2612292524561367,0.0757814457925509,0.0683825710285079,raw cells; independent full-size with-replacement pseudo-replicates within context×perturbation; controls resampled independently,"min(n_left,n_right) cells per full-size pseudo-replicate",0
nadig_hepg2_vs_jurkat,matched_budget_source_frozen_replication,primary_min20,nadig_hepg2,nadig_hepg2,nadig_jurkat,systema_centroid_accuracy,20260932,"0,2",2086,20,0.3296118234846447,0.2538303776920937,0.1717939167362179,0.2538303776920937,0.2576961632994659,0.2153673801131673,0.2576961632994659,0.0757814457925509,0.0719156601851788,raw cells; independent full-size with-replacement pseudo-replicates within context×perturbation; controls resampled independently,"min(n_left,n_right) cells per full-size pseudo-replicate",0
nadig_hepg2_vs_jurkat,matched_budget_source_frozen_replication,primary_min20,nadig_hepg2,nadig_hepg2,nadig_jurkat,systema_centroid_accuracy,20260932,"1,2",2086,20,0.3296118234846447,0.2538303776920937,0.1717939167362179,0.2538303776920937,0.2552056533105251,0.2050731035497584,0.2552056533105251,0.0757814457925509,0.0744061701741195,raw cells; independent full-size with-replacement pseudo-replicates within context×perturbation; controls resampled independently,"min(n_left,n_right) cells per full-size pseudo-replicate",0
nadig_hepg2_vs_jurkat,matched_budget_source_frozen_replication,primary_min20,nadig_jurkat,nadig_hepg2,nadig_jurkat,absolute_effect_rank_agreement,20260932,"0,1",2086,20,0.2758813466963725,0.2210490859469663,0.1461473199197114,0.2210490859469663,0.2534321536059742,0.2338626126902888,0.2534321536059742,0.0548322607494062,0.0224491930903982,raw cells; independent full-size with-replacement pseudo-replicates within context×perturbation; controls resampled independently,"min(n_left,n_right) cells per full-size pseudo-replicate",0
nadig_hepg2_vs_jurkat,matched_budget_source_frozen_replication,primary_min20,nadig_jurkat,nadig_hepg2,nadig_jurkat,absolute_effect_rank_agreement,20260932,"0,2",2086,20,0.2758813466963725,0.2210490859469663,0.1461473199197114,0.2210490859469663,0.2636228505211171,0.2314295830832936,0.2636228505211171,0.0548322607494062,0.0122584961752554,raw cells; independent full-size with-replacement pseudo-replicates within context×perturbation; controls resampled independently,"min(n_left,n_right) cells per full-size pseudo-replicate",0
nadig_hepg2_vs_jurkat,matched_budget_source_frozen_replication,primary_min20,nadig_jurkat,nadig_hepg2,nadig_jurkat,absolute_effect_rank_agreement,20260932,"1,2",2086,20,0.2758813466963725,0.2210490859469663,0.1461473199197114,0.2210490859469663,0.2685854767767761,0.2341450712871697,0.2685854767767761,0.0548322607494062,0.0072958699195964,raw cells; independent full-size with-replacement pseudo-replicates within context×perturbation; controls resampled independently,"min(n_left,n_right) cells per full-size pseudo-replicate",0
nadig_hepg2_vs_jurkat,matched_budget_source_frozen_replication,primary_min20,nadig_jurkat,nadig_hepg2,nadig_jurkat,delta_cosine,20260932,"0,1",2086,20,0.2950954289301061,0.19162924693802,0.149233326665609,0.19162924693802,0.2059525533935267,0.1996450011611037,0.2059525533935267,0.1034661819920861,0.0891428755365793,raw cells; independent full-size with-replacement pseudo-replicates within context×perturbation; controls resampled independently,"min(n_left,n_right) cells per full-size pseudo-replicate",0
nadig_hepg2_vs_jurkat,matched_budget_source_frozen_replication,primary_min20,nadig_jurkat,nadig_hepg2,nadig_jurkat,delta_cosine,20260932,"0,2",2086,20,0.2950954289301061,0.19162924693802,0.149233326665609,0.19162924693802,0.2041814678650176,0.1964822006249267,0.2041814678650176,0.1034661819920861,0.0909139610650884,raw cells; independent full-size with-replacement pseudo-replicates within context×perturbation; controls resampled independently,"min(n_left,n_right) cells per full-size pseudo-replicate",0
nadig_hepg2_vs_jurkat,matched_budget_source_frozen_replication,primary_min20,nadig_jurkat,nadig_hepg2,nadig_jurkat,delta_cosine,20260932,"1,2",2086,20,0.2950954289301061,0.19162924693802,0.149233326665609,0.19162924693802,0.2024011854753972,0.1888251239851838,0.2024011854753972,0.1034661819920861,0.0926942434547088,raw cells; independent full-size with-replacement pseudo-replicates within context×perturbation; controls resampled independently,"min(n_left,n_right) cells per full-size pseudo-replicate",0
nadig_hepg2_vs_jurkat,matched_budget_source_frozen_replication,primary_min20,nadig_jurkat,nadig_hepg2,nadig_jurkat,systema_centroid_accuracy,20260932,"0,1",2086,20,0.3288375627398369,0.2545757832851648,0.1745957404737763,0.2545757832851648,0.2585773375546926,0.2243954788230777,0.2585773375546926,0.0742617794546721,0.0702602251851443,raw cells; independent full-size with-replacement pseudo-replicates within context×perturbation; controls resampled independently,"min(n_left,n_right) cells per full-size pseudo-replicate",0
nadig_hepg2_vs_jurkat,matched_budget_source_frozen_replication,primary_min20,nadig_jurkat,nadig_hepg2,nadig_jurkat,systema_centroid_accuracy,20260932,"0,2",2086,20,0.3288375627398369,0.2545757832851648,0.1745957404737763,0.2545757832851648,0.266261315013186,0.2700298438143061,0.2700298438143061,0.0742617794546721,0.0588077189255307,raw cells; independent full-size with-replacement pseudo-replicates within context×perturbation; controls resampled independently,"min(n_left,n_right) cells per full-size pseudo-replicate",0
nadig_hepg2_vs_jurkat,matched_budget_source_frozen_replication,primary_min20,nadig_jurkat,nadig_hepg2,nadig_jurkat,systema_centroid_accuracy,20260932,"1,2",2086,20,0.3288375627398369,0.2545757832851648,0.1745957404737763,0.2545757832851648,0.2600927503443075,0.2220997123681687,0.2600927503443075,0.0742617794546721,0.0687448123955293,raw cells; independent full-size with-replacement pseudo-replicates within context×perturbation; controls resampled independently,"min(n_left,n_right) cells per full-size pseudo-replicate",0
nadig_hepg2_vs_jurkat,matched_budget_source_frozen_replication,primary_min20,nadig_hepg2,nadig_hepg2,nadig_jurkat,absolute_effect_rank_agreement,20260933,"0,1",2086,20,0.3129122780395051,0.2387902908737247,0.1838303087156353,0.2387902908737247,0.2639416367193876,0.2393878569244317,0.2639416367193876,0.0741219871657803,0.0489706413201175,raw cells; independent full-size with-replacement pseudo-replicates within context×perturbation; controls resampled independently,"min(n_left,n_right) cells per full-size pseudo-replicate",0
nadig_hepg2_vs_jurkat,matched_budget_source_frozen_replication,primary_min20,nadig_hepg2,nadig_hepg2,nadig_jurkat,absolute_effect_rank_agreement,20260933,"0,2",2086,20,0.3129122780395051,0.2387902908737247,0.1838303087156353,0.2387902908737247,0.2717736836417731,0.2680994226670438,0.2717736836417731,0.0741219871657803,0.041138594397732,raw cells; independent full-size with-replacement pseudo-replicates within context×perturbation; controls resampled independently,"min(n_left,n_right) cells per full-size pseudo-replicate",0
nadig_hepg2_vs_jurkat,matched_budget_source_frozen_replication,primary_min20,nadig_hepg2,nadig_hepg2,nadig_jurkat,absolute_effect_rank_agreement,20260933,"1,2",2086,20,0.3129122780395051,0.2387902908737247,0.1838303087156353,0.2387902908737247,0.268790681740322,0.256057972414015,0.268790681740322,0.0741219871657803,0.0441215962991831,raw cells; independent full-size with-replacement pseudo-replicates within context×perturbation; controls resampled independently,"min(n_left,n_right) cells per full-size pseudo-replicate",0
nadig_hepg2_vs_jurkat,matched_budget_source_frozen_replication,primary_min20,nadig_hepg2,nadig_hepg2,nadig_jurkat,delta_cosine,20260933,"0,1",2086,20,0.2886186544532351,0.1829460305197836,0.156093955133113,0.1829460305197836,0.1960399465662369,0.1952380952380952,0.1960399465662369,0.1056726239334514,0.0925787078869981,raw cells; independent full-size with-replacement pseudo-replicates within context×perturbation; controls resampled independently,"min(n_left,n_right) cells per full-size pseudo-replicate",0
nadig_hepg2_vs_jurkat,matched_budget_source_frozen_replication,primary_min20,nadig_hepg2,nadig_hepg2,nadig_jurkat,delta_cosine,20260933,"0,2",2086,20,0.2886186544532351,0.1829460305197836,0.156093955133113,0.1829460305197836,0.1912895378807213,0.1851650031844131,0.1912895378807213,0.1056726239334514,0.0973291165725137,raw cells; independent full-size with-replacement pseudo-replicates within context×perturbation; controls resampled independently,"min(n_left,n_right) cells per full-size pseudo-replicate",0
nadig_hepg2_vs_jurkat,matched_budget_source_frozen_replication,primary_min20,nadig_hepg2,nadig_hepg2,nadig_jurkat,delta_cosine,20260933,"1,2",2086,20,0.2886186544532351,0.1829460305197836,0.156093955133113,0.1829460305197836,0.1944334848516201,0.1909192492602275,0.1944334848516201,0.1056726239334514,0.0941851696016149,raw cells; independent full-size with-replacement pseudo-replicates within context×perturbation; controls resampled independently,"min(n_left,n_right) cells per full-size pseudo-replicate",0
nadig_hepg2_vs_jurkat,matched_budget_source_frozen_replication,primary_min20,nadig_hepg2,nadig_hepg2,nadig_jurkat,systema_centroid_accuracy,20260933,"0,1",2086,20,0.3273499704550836,0.2426458449731106,0.1842379595843938,0.2426458449731106,0.25213390169935,0.2454490482398357,0.25213390169935,0.0847041254819729,0.0752160687557336,raw cells; independent full-size with-replacement pseudo-replicates within context×perturbation; controls resampled independently,"min(n_left,n_right) cells per full-size pseudo-replicate",0
nadig_hepg2_vs_jurkat,matched_budget_source_frozen_replication,primary_min20,nadig_hepg2,nadig_hepg2,nadig_jurkat,systema_centroid_accuracy,20260933,"0,2",2086,20,0.3273499704550836,0.2426458449731106,0.1842379595843938,0.2426458449731106,0.2473703874867507,0.2257337370755361,0.2473703874867507,0.0847041254819729,0.0799795829683328,raw cells; independent full-size with-replacement pseudo-replicates within context×perturbation; controls resampled independently,"min(n_left,n_right) cells per full-size pseudo-replicate",0
nadig_hepg2_vs_jurkat,matched_budget_source_frozen_replication,primary_min20,nadig_hepg2,nadig_hepg2,nadig_jurkat,systema_centroid_accuracy,20260933,"1,2",2086,20,0.3273499704550836,0.2426458449731106,0.1842379595843938,0.2426458449731106,0.2460565009162372,0.2141435078207807,0.2460565009162372,0.0847041254819729,0.0812934695388463,raw cells; independent full-size with-replacement pseudo-replicates within context×perturbation; controls resampled independently,"min(n_left,n_right) cells per full-size pseudo-replicate",0
nadig_hepg2_vs_jurkat,matched_budget_source_frozen_replication,primary_min20,nadig_jurkat,nadig_hepg2,nadig_jurkat,absolute_effect_rank_agreement,20260933,"0,1",2086,20,0.2758895089106088,0.2227268233351957,0.1534220370587518,0.2227268233351957,0.2547094826535703,0.2298573796763164,0.2547094826535703,0.0531626855754131,0.0211800262570385,raw cells; independent full-size with-replacement pseudo-replicates within context×perturbation; controls resampled independently,"min(n_left,n_right) cells per full-size pseudo-replicate",0
nadig_hepg2_vs_jurkat,matched_budget_source_frozen_replication,primary_min20,nadig_jurkat,nadig_hepg2,nadig_jurkat,absolute_effect_rank_agreement,20260933,"0,2",2086,20,0.2758895089106088,0.2227268233351957,0.1534220370587518,0.2227268233351957,0.2682299031340603,0.2211156482292593,0.2682299031340603,0.0531626855754131,0.0076596057765484,raw cells; independent full-size with-replacement pseudo-replicates within context×perturbation; controls resampled independently,"min(n_left,n_right) cells per full-size pseudo-replicate",0
nadig_hepg2_vs_jurkat,matched_budget_source_frozen_replication,primary_min20,nadig_jurkat,nadig_hepg2,nadig_jurkat,absolute_effect_rank_agreement,20260933,"1,2",2086,20,0.2758895089106088,0.2227268233351957,0.1534220370587518,0.2227268233351957,0.2710598922587721,0.2335608406850741,0.2710598922587721,0.0531626855754131,0.0048296166518367,raw cells; independent full-size with-replacement pseudo-replicates within context×perturbation; controls resampled independently,"min(n_left,n_right) cells per full-size pseudo-replicate",0
nadig_hepg2_vs_jurkat,matched_budget_source_frozen_replication,primary_min20,nadig_jurkat,nadig_hepg2,nadig_jurkat,delta_cosine,20260933,"0,1",2086,20,0.2918119195918433,0.1855349469226153,0.1576109773734224,0.1855349469226153,0.1992917267336658,0.2037343854542444,0.2037343854542444,0.106276972669228,0.0880775341375988,raw cells; independent full-size with-replacement pseudo-replicates within context×perturbation; controls resampled independently,"min(n_left,n_right) cells per full-size pseudo-replicate",0
nadig_hepg2_vs_jurkat,matched_budget_source_frozen_replication,primary_min20,nadig_jurkat,nadig_hepg2,nadig_jurkat,delta_cosine,20260933,"0,2",2086,20,0.2918119195918433,0.1855349469226153,0.1576109773734224,0.1855349469226153,0.1970603383065359,0.1996939744465214,0.1996939744465214,0.106276972669228,0.0921179451453219,raw cells; independent full-size with-replacement pseudo-replicates within context×perturbation; controls resampled independently,"min(n_left,n_right) cells per full-size pseudo-replicate",0
nadig_hepg2_vs_jurkat,matched_budget_source_frozen_replication,primary_min20,nadig_jurkat,nadig_hepg2,nadig_jurkat,delta_cosine,20260933,"1,2",2086,20,0.2918119195918433,0.1855349469226153,0.1576109773734224,0.1855349469226153,0.1959854551641524,0.1935861090609775,0.1959854551641524,0.106276972669228,0.0958264644276908,raw cells; independent full-size with-replacement pseudo-replicates within context×perturbation; controls resampled independently,"min(n_left,n_right) cells per full-size pseudo-replicate",0
nadig_hepg2_vs_jurkat,matched_budget_source_frozen_replication,primary_min20,nadig_jurkat,nadig_hepg2,nadig_jurkat,systema_centroid_accuracy,20260933,"0,1",2086,20,0.3277764748891203,0.2418137589640655,0.1804033283440361,0.2418137589640655,0.2476713547666181,0.2325371150826223,0.2476713547666181,0.0859627159250547,0.0801051201225021,raw cells; independent full-size with-replacement pseudo-replicates within context×perturbation; controls resampled independently,"min(n_left,n_right) cells per full-size pseudo-replicate",0
nadig_hepg2_vs_jurkat,matched_budget_source_frozen_replication,primary_min20,nadig_jurkat,nadig_hepg2,nadig_jurkat,systema_centroid_accuracy,20260933,"0,2",2086,20,0.3277764748891203,0.2418137589640655,0.1804033283440361,0.2418137589640655,0.2564373429348563,0.2787039783321952,0.2787039783321952,0.0859627159250547,0.0490724965569251,raw cells; independent full-size with-replacement pseudo-replicates within context×perturbation; controls resampled independently,"min(n_left,n_right) cells per full-size pseudo-replicate",0
nadig_hepg2_vs_jurkat,matched_budget_source_frozen_replication,primary_min20,nadig_jurkat,nadig_hepg2,nadig_jurkat,systema_centroid_accuracy,20260933,"1,2",2086,20,0.3277764748891203,0.2418137589640655,0.1804033283440361,0.2418137589640655,0.2489514428725476,0.231485224093017,0.2489514428725476,0.0859627159250547,0.0788250320165727,raw cells; independent full-size with-replacement pseudo-replicates within context×perturbation; controls resampled independently,"min(n_left,n_right) cells per full-size pseudo-replicate",0
nadig_hepg2_vs_jurkat,matched_budget_source_frozen_replication,primary_min20,nadig_hepg2,nadig_hepg2,nadig_jurkat,absolute_effect_rank_agreement,20260934,"0,1",2086,20,0.3147186565225288,0.2389937714258123,0.1915616500088519,0.2389937714258123,0.2686759508979585,0.2407645120720298,0.2686759508979585,0.0757248850967164,0.0460427056245703,raw cells; independent full-size with-replacement pseudo-replicates within context×perturbation; controls resampled independently,"min(n_left,n_right) cells per full-size pseudo-replicate",0
nadig_hepg2_vs_jurkat,matched_budget_source_frozen_replication,primary_min20,nadig_hepg2,nadig_hepg2,nadig_jurkat,absolute_effect_rank_agreement,20260934,"0,2",2086,20,0.3147186565225288,0.2389937714258123,0.1915616500088519,0.2389937714258123,0.2743176503859232,0.2656344339676869,0.2743176503859232,0.0757248850967164,0.0404010061366055,raw cells; independent full-size with-replacement pseudo-replicates within context×perturbation; controls resampled independently,"min(n_left,n_right) cells per full-size pseudo-replicate",0
nadig_hepg2_vs_jurkat,matched_budget_source_frozen_replication,primary_min20,nadig_hepg2,nadig_hepg2,nadig_jurkat,absolute_effect_rank_agreement,20260934,"1,2",2086,20,0.3147186565225288,0.2389937714258123,0.1915616500088519,0.2389937714258123,0.2705748727959147,0.2560270479685284,0.2705748727959147,0.0757248850967164,0.044143783726614,raw cells; independent full-size with-replacement pseudo-replicates within context×perturbation; controls resampled independently,"min(n_left,n_right) cells per full-size pseudo-replicate",0
nadig_hepg2_vs_jurkat,matched_budget_source_frozen_replication,primary_min20,nadig_hepg2,nadig_hepg2,nadig_jurkat,delta_cosine,20260934,"0,1",2086,20,0.3041452552243919,0.1960041937686667,0.1480910765155852,0.1960041937686667,0.2080561054512095,0.1889005382462965,0.2080561054512095,0.1081410614557252,0.0960891497731824,raw cells; independent full-size with-replacement pseudo-replicates within context×perturbation; controls resampled independently,"min(n_left,n_right) cells per full-size pseudo-replicate",0
nadig_hepg2_vs_jurkat,matched_budget_source_frozen_replication,primary_min20,nadig_hepg2,nadig_hepg2,nadig_jurkat,delta_cosine,20260934,"0,2",2086,20,0.3041452552243919,0.1960041937686667,0.1480910765155852,0.1960041937686667,0.2031365894820097,0.1773198507349441,0.2031365894820097,0.1081410614557252,0.1010086657423821,raw cells; independent full-size with-replacement pseudo-replicates within context×perturbation; controls resampled independently,"min(n_left,n_right) cells per full-size pseudo-replicate",0
nadig_hepg2_vs_jurkat,matched_budget_source_frozen_replication,primary_min20,nadig_hepg2,nadig_hepg2,nadig_jurkat,delta_cosine,20260934,"1,2",2086,20,0.3041452552243919,0.1960041937686667,0.1480910765155852,0.1960041937686667,0.2052440502056648,0.1837698393538285,0.2052440502056648,0.1081410614557252,0.0989012050187271,raw cells; independent full-size with-replacement pseudo-replicates within context×perturbation; controls resampled independently,"min(n_left,n_right) cells per full-size pseudo-replicate",0
nadig_hepg2_vs_jurkat,matched_budget_source_frozen_replication,primary_min20,nadig_hepg2,nadig_hepg2,nadig_jurkat,systema_centroid_accuracy,20260934,"0,1",2086,20,0.324624595625513,0.2400723333126404,0.2040555858285567,0.2400723333126404,0.2501846269868094,0.25349377257542,0.25349377257542,0.0845522623128726,0.071130823050093,raw cells; independent full-size with-replacement pseudo-replicates within context×perturbation; controls resampled independently,"min(n_left,n_right) cells per full-size pseudo-replicate",0
nadig_hepg2_vs_jurkat,matched_budget_source_frozen_replication,primary_min20,nadig_hepg2,nadig_hepg2,nadig_jurkat,systema_centroid_accuracy,20260934,"0,2",2086,20,0.324624595625513,0.2400723333126404,0.2040555858285567,0.2400723333126404,0.2461637593089478,0.2348897871156574,0.2461637593089478,0.0845522623128726,0.0784608363165652,raw cells; independent full-size with-replacement pseudo-replicates within context×perturbation; controls resampled independently,"min(n_left,n_right) cells per full-size pseudo-replicate",0
nadig_hepg2_vs_jurkat,matched_budget_source_frozen_replication,primary_min20,nadig_hepg2,nadig_hepg2,nadig_jurkat,systema_centroid_accuracy,20260934,"1,2",2086,20,0.324624595625513,0.2400723333126404,0.2040555858285567,0.2400723333126404,0.2447643419300992,0.2294823776645031,0.2447643419300992,0.0845522623128726,0.0798602536954138,raw cells; independent full-size with-replacement pseudo-replicates within context×perturbation; controls resampled independently,"min(n_left,n_right) cells per full-size pseudo-replicate",0
nadig_hepg2_vs_jurkat,matched_budget_source_frozen_replication,primary_min20,nadig_jurkat,nadig_hepg2,nadig_jurkat,absolute_effect_rank_agreement,20260934,"0,1",2086,20,0.2693186965288747,0.2175772708774495,0.1665388302972195,0.2175772708774495,0.2485892015055261,0.2339829766100829,0.2485892015055261,0.0517414256514251,0.0207294950233485,raw cells; independent full-size with-replacement pseudo-replicates within context×perturbation; controls resampled independently,"min(n_left,n_right) cells per full-size pseudo-replicate",0
nadig_hepg2_vs_jurkat,matched_budget_source_frozen_replication,primary_min20,nadig_jurkat,nadig_hepg2,nadig_jurkat,absolute_effect_rank_agreement,20260934,"0,2",2086,20,0.2693186965288747,0.2175772708774495,0.1665388302972195,0.2175772708774495,0.2635261685186845,0.2293011995006104,0.2635261685186845,0.0517414256514251,0.0057925280101901,raw cells; independent full-size with-replacement pseudo-replicates within context×perturbation; controls resampled independently,"min(n_left,n_right) cells per full-size pseudo-replicate",0
nadig_hepg2_vs_jurkat,matched_budget_source_frozen_replication,primary_min20,nadig_jurkat,nadig_hepg2,nadig_jurkat,absolute_effect_rank_agreement,20260934,"1,2",2086,20,0.2693186965288747,0.2175772708774495,0.1665388302972195,0.2175772708774495,0.2670124686444516,0.2386211835900407,0.2670124686444516,0.0517414256514251,0.002306227884423,raw cells; independent full-size with-replacement pseudo-replicates within context×perturbation; controls resampled independently,"min(n_left,n_right) cells per full-size pseudo-replicate",0
nadig_hepg2_vs_jurkat,matched_budget_source_frozen_replication,primary_min20,nadig_jurkat,nadig_hepg2,nadig_jurkat,delta_cosine,20260934,"0,1",2086,20,0.3040137401105003,0.1995445254534627,0.1491431974267182,0.1995445254534627,0.2119117745113592,0.1973165858492496,0.2119117745113592,0.1044692146570375,0.092101965599141,raw cells; independent full-size with-replacement pseudo-replicates within context×perturbation; controls resampled independently,"min(n_left,n_right) cells per full-size pseudo-replicate",0
nadig_hepg2_vs_jurkat,matched_budget_source_frozen_replication,primary_min20,nadig_jurkat,nadig_hepg2,nadig_jurkat,delta_cosine,20260934,"0,2",2086,20,0.3040137401105003,0.1995445254534627,0.1491431974267182,0.1995445254534627,0.2105501792238309,0.1944319903616895,0.2105501792238309,0.1044692146570375,0.0934635608866694,raw cells; independent full-size with-replacement pseudo-replicates within context×perturbation; controls resampled independently,"min(n_left,n_right) cells per full-size pseudo-replicate",0
nadig_hepg2_vs_jurkat,matched_budget_source_frozen_replication,primary_min20,nadig_jurkat,nadig_hepg2,nadig_jurkat,delta_cosine,20260934,"1,2",2086,20,0.3040137401105003,0.1995445254534627,0.1491431974267182,0.1995445254534627,0.209200769777275,0.1880139608351669,0.209200769777275,0.1044692146570375,0.0948129703332253,raw cells; independent full-size with-replacement pseudo-replicates within context×perturbation; controls resampled independently,"min(n_left,n_right) cells per full-size pseudo-replicate",0
nadig_hepg2_vs_jurkat,matched_budget_source_frozen_replication,primary_min20,nadig_jurkat,nadig_hepg2,nadig_jurkat,systema_centroid_accuracy,20260934,"0,1",2086,20,0.3256399290922008,0.2408241767084894,0.2103837160377163,0.2408241767084894,0.2499227463666651,0.2438441959759134,0.2499227463666651,0.0848157523837114,0.0757171827255357,raw cells; independent full-size with-replacement pseudo-replicates within context×perturbation; controls resampled independently,"min(n_left,n_right) cells per full-size pseudo-replicate",0
nadig_hepg2_vs_jurkat,matched_budget_source_frozen_replication,primary_min20,nadig_jurkat,nadig_hepg2,nadig_jurkat,systema_centroid_accuracy,20260934,"0,2",2086,20,0.3256399290922008,0.2408241767084894,0.2103837160377163,0.2408241767084894,0.2569507577063948,0.2852955986121936,0.2852955986121936,0.0848157523837114,0.0403443304800071,raw cells; independent full-size with-replacement pseudo-replicates within context×perturbation; controls resampled independently,"min(n_left,n_right) cells per full-size pseudo-replicate",0
nadig_hepg2_vs_jurkat,matched_budget_source_frozen_replication,primary_min20,nadig_jurkat,nadig_hepg2,nadig_jurkat,systema_centroid_accuracy,20260934,"1,2",2086,20,0.3256399290922008,0.2408241767084894,0.2103837160377163,0.2408241767084894,0.2487335922249736,0.2488340679326146,0.2488340679326146,0.0848157523837114,0.0768058611595862,raw cells; independent full-size with-replacement pseudo-replicates within context×perturbation; controls resampled independently,"min(n_left,n_right) cells per full-size pseudo-replicate",0
nadig_hepg2_vs_jurkat,matched_budget_source_frozen_replication,primary_min20,nadig_hepg2,nadig_hepg2,nadig_jurkat,absolute_effect_rank_agreement,20260935,"0,1",2086,20,0.3158761964541502,0.2372118795854974,0.1858492496510941,0.2372118795854974,0.2673106768659856,0.2443952029172443,0.2673106768659856,0.0786643168686527,0.0485655195881645,raw cells; independent full-size with-replacement pseudo-replicates within context×perturbation; controls resampled independently,"min(n_left,n_right) cells per full-size pseudo-replicate",0
nadig_hepg2_vs_jurkat,matched_budget_source_frozen_replication,primary_min20,nadig_hepg2,nadig_hepg2,nadig_jurkat,absolute_effect_rank_agreement,20260935,"0,2",2086,20,0.3158761964541502,0.2372118795854974,0.1858492496510941,0.2372118795854974,0.2700643320434736,0.2638777185346641,0.2700643320434736,0.0786643168686527,0.0458118644106766,raw cells; independent full-size with-replacement pseudo-replicates within context×perturbation; controls resampled independently,"min(n_left,n_right) cells per full-size pseudo-replicate",0
nadig_hepg2_vs_jurkat,matched_budget_source_frozen_replication,primary_min20,nadig_hepg2,nadig_hepg2,nadig_jurkat,absolute_effect_rank_agreement,20260935,"1,2",2086,20,0.3158761964541502,0.2372118795854974,0.1858492496510941,0.2372118795854974,0.2665095153024273,0.2524444107226203,0.2665095153024273,0.0786643168686527,0.0493666811517229,raw cells; independent full-size with-replacement pseudo-replicates within context×perturbation; controls resampled independently,"min(n_left,n_right) cells per full-size pseudo-replicate",0
nadig_hepg2_vs_jurkat,matched_budget_source_frozen_replication,primary_min20,nadig_hepg2,nadig_hepg2,nadig_jurkat,delta_cosine,20260935,"0,1",2086,20,0.2968396136398648,0.1785437230273308,0.1580264455741255,0.1785437230273308,0.1935873736293802,0.1975918019180053,0.1975918019180053,0.1182958906125339,0.0992478117218594,raw cells; independent full-size with-replacement pseudo-replicates within context×perturbation; controls resampled independently,"min(n_left,n_right) cells per full-size pseudo-replicate",0
nadig_hepg2_vs_jurkat,matched_budget_source_frozen_replication,primary_min20,nadig_hepg2,nadig_hepg2,nadig_jurkat,delta_cosine,20260935,"0,2",2086,20,0.2968396136398648,0.1785437230273308,0.1580264455741255,0.1785437230273308,0.1878603732546082,0.1862546013045747,0.1878603732546082,0.1182958906125339,0.1089792403852565,raw cells; independent full-size with-replacement pseudo-replicates within context×perturbation; controls resampled independently,"min(n_left,n_right) cells per full-size pseudo-replicate",0
nadig_hepg2_vs_jurkat,matched_budget_source_frozen_replication,primary_min20,nadig_hepg2,nadig_hepg2,nadig_jurkat,delta_cosine,20260935,"1,2",2086,20,0.2968396136398648,0.1785437230273308,0.1580264455741255,0.1785437230273308,0.1905917260439012,0.1915925744543387,0.1915925744543387,0.1182958906125339,0.105247039185526,raw cells; independent full-size with-replacement pseudo-replicates within context×perturbation; controls resampled independently,"min(n_left,n_right) cells per full-size pseudo-replicate",0
nadig_hepg2_vs_jurkat,matched_budget_source_frozen_replication,primary_min20,nadig_hepg2,nadig_hepg2,nadig_jurkat,systema_centroid_accuracy,20260935,"0,1",2086,20,0.3305561111992476,0.2355596634868519,0.1950233485311463,0.2355596634868519,0.2483198484357289,0.253946258142096,0.253946258142096,0.0949964477123957,0.0766098530571516,raw cells; independent full-size with-replacement pseudo-replicates within context×perturbation; controls resampled independently,"min(n_left,n_right) cells per full-size pseudo-replicate",0
nadig_hepg2_vs_jurkat,matched_budget_source_frozen_replication,primary_min20,nadig_hepg2,nadig_hepg2,nadig_jurkat,systema_centroid_accuracy,20260935,"0,2",2086,20,0.3305561111992476,0.2355596634868519,0.1950233485311463,0.2355596634868519,0.2437595848536894,0.2354304475882381,0.2437595848536894,0.0949964477123957,0.0867965263455582,raw cells; independent full-size with-replacement pseudo-replicates within context×perturbation; controls resampled independently,"min(n_left,n_right) cells per full-size pseudo-replicate",0
nadig_hepg2_vs_jurkat,matched_budget_source_frozen_replication,primary_min20,nadig_hepg2,nadig_hepg2,nadig_jurkat,systema_centroid_accuracy,20260935,"1,2",2086,20,0.3305561111992476,0.2355596634868519,0.1950233485311463,0.2355596634868519,0.2413279347758609,0.219318351646583,0.2413279347758609,0.0949964477123957,0.0892281764233866,raw cells; independent full-size with-replacement pseudo-replicates within context×perturbation; controls resampled independently,"min(n_left,n_right) cells per full-size pseudo-replicate",0
nadig_hepg2_vs_jurkat,matched_budget_source_frozen_replication,primary_min20,nadig_jurkat,nadig_hepg2,nadig_jurkat,absolute_effect_rank_agreement,20260935,"0,1",2086,20,0.276528000993261,0.2203563323837574,0.1551354122837875,0.2203563323837574,0.2514035559663486,0.2337900724482734,0.2514035559663486,0.0561716686095035,0.0251244450269123,raw cells; independent full-size with-replacement pseudo-replicates within context×perturbation; controls resampled independently,"min(n_left,n_right) cells per full-size pseudo-replicate",0
nadig_hepg2_vs_jurkat,matched_budget_source_frozen_replication,primary_min20,nadig_jurkat,nadig_hepg2,nadig_jurkat,absolute_effect_rank_agreement,20260935,"0,2",2086,20,0.276528000993261,0.2203563323837574,0.1551354122837875,0.2203563323837574,0.2641541991718226,0.2288792934971294,0.2641541991718226,0.0561716686095035,0.0123738018214383,raw cells; independent full-size with-replacement pseudo-replicates within context×perturbation; controls resampled independently,"min(n_left,n_right) cells per full-size pseudo-replicate",0
nadig_hepg2_vs_jurkat,matched_budget_source_frozen_replication,primary_min20,nadig_jurkat,nadig_hepg2,nadig_jurkat,absolute_effect_rank_agreement,20260935,"1,2",2086,20,0.276528000993261,0.2203563323837574,0.1551354122837875,0.2203563323837574,0.2690569308694943,0.2373213222327219,0.2690569308694943,0.0561716686095035,0.0074710701237667,raw cells; independent full-size with-replacement pseudo-replicates within context×perturbation; controls resampled independently,"min(n_left,n_right) cells per full-size pseudo-replicate",0
nadig_hepg2_vs_jurkat,matched_budget_source_frozen_replication,primary_min20,nadig_jurkat,nadig_hepg2,nadig_jurkat,delta_cosine,20260935,"0,1",2086,20,0.2974013119322375,0.1820081806079585,0.1567669354449326,0.1820081806079585,0.1972817527377906,0.202130682797961,0.202130682797961,0.115393131324279,0.0952706291342764,raw cells; independent full-size with-replacement pseudo-replicates within context×perturbation; controls resampled independently,"min(n_left,n_right) cells per full-size pseudo-replicate",0
nadig_hepg2_vs_jurkat,matched_budget_source_frozen_replication,primary_min20,nadig_jurkat,nadig_hepg2,nadig_jurkat,delta_cosine,20260935,"0,2",2086,20,0.2974013119322375,0.1820081806079585,0.1567669354449326,0.1820081806079585,0.1961323750204055,0.1991925155944276,0.1991925155944276,0.115393131324279,0.0982087963378098,raw cells; independent full-size with-replacement pseudo-replicates within context×perturbation; controls resampled independently,"min(n_left,n_right) cells per full-size pseudo-replicate",0
nadig_hepg2_vs_jurkat,matched_budget_source_frozen_replication,primary_min20,nadig_jurkat,nadig_hepg2,nadig_jurkat,delta_cosine,20260935,"1,2",2086,20,0.2974013119322375,0.1820081806079585,0.1567669354449326,0.1820081806079585,0.1928056404349195,0.1923937360178971,0.1928056404349195,0.115393131324279,0.1045956714973179,raw cells; independent full-size with-replacement pseudo-replicates within context×perturbation; controls resampled independently,"min(n_left,n_right) cells per full-size pseudo-replicate",0
nadig_hepg2_vs_jurkat,matched_budget_source_frozen_replication,primary_min20,nadig_jurkat,nadig_hepg2,nadig_jurkat,systema_centroid_accuracy,20260935,"0,1",2086,20,0.331540175338157,0.2354217105701824,0.1972434708034148,0.2354217105701824,0.2453922576224734,0.2307368295200847,0.2453922576224734,0.0961184647679746,0.0861479177156836,raw cells; independent full-size with-replacement pseudo-replicates within context×perturbation; controls resampled independently,"min(n_left,n_right) cells per full-size pseudo-replicate",0
nadig_hepg2_vs_jurkat,matched_budget_source_frozen_replication,primary_min20,nadig_jurkat,nadig_hepg2,nadig_jurkat,systema_centroid_accuracy,20260935,"0,2",2086,20,0.331540175338157,0.2354217105701824,0.1972434708034148,0.2354217105701824,0.2553457904817086,0.2674006911441124,0.2674006911441124,0.0961184647679746,0.0641394841940445,raw cells; independent full-size with-replacement pseudo-replicates within context×perturbation; controls resampled independently,"min(n_left,n_right) cells per full-size pseudo-replicate",0
nadig_hepg2_vs_jurkat,matched_budget_source_frozen_replication,primary_min20,nadig_jurkat,nadig_hepg2,nadig_jurkat,systema_centroid_accuracy,20260935,"1,2",2086,20,0.331540175338157,0.2354217105701824,0.1972434708034148,0.2354217105701824,0.2459547606401935,0.2312312757655812,0.2459547606401935,0.0961184647679746,0.0855854146979635,raw cells; independent full-size with-replacement pseudo-replicates within context×perturbation; controls resampled independently,"min(n_left,n_right) cells per full-size pseudo-replicate",0
nadig_hepg2_vs_jurkat,matched_budget_source_frozen_replication,primary_min20,nadig_hepg2,nadig_hepg2,nadig_jurkat,absolute_effect_rank_agreement,20260936,"0,1",2086,20,0.3140969487114048,0.2361583791451977,0.1842607218156443,0.2361583791451977,0.2640073942763334,0.2372082008410529,0.2640073942763334,0.077938569566207,0.0500895544350713,raw cells; independent full-size with-replacement pseudo-replicates within context×perturbation; controls resampled independently,"min(n_left,n_right) cells per full-size pseudo-replicate",0
nadig_hepg2_vs_jurkat,matched_budget_source_frozen_replication,primary_min20,nadig_hepg2,nadig_hepg2,nadig_jurkat,absolute_effect_rank_agreement,20260936,"0,2",2086,20,0.3140969487114048,0.2361583791451977,0.1842607218156443,0.2361583791451977,0.2687781510170579,0.2625619925919283,0.2687781510170579,0.077938569566207,0.0453187976943468,raw cells; independent full-size with-replacement pseudo-replicates within context×perturbation; controls resampled independently,"min(n_left,n_right) cells per full-size pseudo-replicate",0
nadig_hepg2_vs_jurkat,matched_budget_source_frozen_replication,primary_min20,nadig_hepg2,nadig_hepg2,nadig_jurkat,absolute_effect_rank_agreement,20260936,"1,2",2086,20,0.3140969487114048,0.2361583791451977,0.1842607218156443,0.2361583791451977,0.2657972184093569,0.2537267980438277,0.2657972184093569,0.077938569566207,0.0482997303020479,raw cells; independent full-size with-replacement pseudo-replicates within context×perturbation; controls resampled independently,"min(n_left,n_right) cells per full-size pseudo-replicate",0
nadig_hepg2_vs_jurkat,matched_budget_source_frozen_replication,primary_min20,nadig_hepg2,nadig_hepg2,nadig_jurkat,delta_cosine,20260936,"0,1",2086,20,0.2948060726873918,0.1907192175310566,0.1517728099399674,0.1907192175310566,0.2016306034750339,0.1914578404390581,0.2016306034750339,0.1040868551563351,0.0931754692123578,raw cells; independent full-size with-replacement pseudo-replicates within context×perturbation; controls resampled independently,"min(n_left,n_right) cells per full-size pseudo-replicate",0
nadig_hepg2_vs_jurkat,matched_budget_source_frozen_replication,primary_min20,nadig_hepg2,nadig_hepg2,nadig_jurkat,delta_cosine,20260936,"0,2",2086,20,0.2948060726873918,0.1907192175310566,0.1517728099399674,0.1907192175310566,0.1966740701398612,0.1798408253263161,0.1966740701398612,0.1040868551563351,0.0981320025475305,raw cells; independent full-size with-replacement pseudo-replicates within context×perturbation; controls resampled independently,"min(n_left,n_right) cells per full-size pseudo-replicate",0
nadig_hepg2_vs_jurkat,matched_budget_source_frozen_replication,primary_min20,nadig_hepg2,nadig_hepg2,nadig_jurkat,delta_cosine,20260936,"1,2",2086,20,0.2948060726873918,0.1907192175310566,0.1517728099399674,0.1907192175310566,0.1997562831805505,0.1839496379885545,0.1997562831805505,0.1040868551563351,0.0950497895068412,raw cells; independent full-size with-replacement pseudo-replicates within context×perturbation; controls resampled independently,"min(n_left,n_right) cells per full-size pseudo-replicate",0
nadig_hepg2_vs_jurkat,matched_budget_source_frozen_replication,primary_min20,nadig_hepg2,nadig_hepg2,nadig_jurkat,systema_centroid_accuracy,20260936,"0,1",2086,20,0.322739124136932,0.2517247563406609,0.1758626080918582,0.2517247563406609,0.2582484348091995,0.2373882293973067,0.2582484348091995,0.0710143677962711,0.0644906893277325,raw cells; independent full-size with-replacement pseudo-replicates within context×perturbation; controls resampled independently,"min(n_left,n_right) cells per full-size pseudo-replicate",0
nadig_hepg2_vs_jurkat,matched_budget_source_frozen_replication,primary_min20,nadig_hepg2,nadig_hepg2,nadig_jurkat,systema_centroid_accuracy,20260936,"0,2",2086,20,0.322739124136932,0.2517247563406609,0.1758626080918582,0.2517247563406609,0.2546761440320418,0.2167671423743076,0.2546761440320418,0.0710143677962711,0.0680629801048902,raw cells; independent full-size with-replacement pseudo-replicates within context×perturbation; controls resampled independently,"min(n_left,n_right) cells per full-size pseudo-replicate",0
nadig_hepg2_vs_jurkat,matched_budget_source_frozen_replication,primary_min20,nadig_hepg2,nadig_hepg2,nadig_jurkat,systema_centroid_accuracy,20260936,"1,2",2086,20,0.322739124136932,0.2517247563406609,0.1758626080918582,0.2517247563406609,0.2538726832532056,0.2041961828427957,0.2538726832532056,0.0710143677962711,0.0688664408837264,raw cells; independent full-size with-replacement pseudo-replicates within context×perturbation; controls resampled independently,"min(n_left,n_right) cells per full-size pseudo-replicate",0
nadig_hepg2_vs_jurkat,matched_budget_source_frozen_replication,primary_min20,nadig_jurkat,nadig_hepg2,nadig_jurkat,absolute_effect_rank_agreement,20260936,"0,1",2086,20,0.275633376328659,0.2201990660587541,0.151785915467051,0.2201990660587541,0.2511750139677328,0.2316997408784382,0.2511750139677328,0.0554343102699048,0.0244583623609262,raw cells; independent full-size with-replacement pseudo-replicates within context×perturbation; controls resampled independently,"min(n_left,n_right) cells per full-size pseudo-replicate",0
nadig_hepg2_vs_jurkat,matched_budget_source_frozen_replication,primary_min20,nadig_jurkat,nadig_hepg2,nadig_jurkat,absolute_effect_rank_agreement,20260936,"0,2",2086,20,0.275633376328659,0.2201990660587541,0.151785915467051,0.2201990660587541,0.2625291138134554,0.2291622119370658,0.2625291138134554,0.0554343102699048,0.0131042625152035,raw cells; independent full-size with-replacement pseudo-replicates within context×perturbation; controls resampled independently,"min(n_left,n_right) cells per full-size pseudo-replicate",0
nadig_hepg2_vs_jurkat,matched_budget_source_frozen_replication,primary_min20,nadig_jurkat,nadig_hepg2,nadig_jurkat,absolute_effect_rank_agreement,20260936,"1,2",2086,20,0.275633376328659,0.2201990660587541,0.151785915467051,0.2201990660587541,0.2640133722360558,0.2375891808125886,0.2640133722360558,0.0554343102699048,0.0116200040926032,raw cells; independent full-size with-replacement pseudo-replicates within context×perturbation; controls resampled independently,"min(n_left,n_right) cells per full-size pseudo-replicate",0
nadig_hepg2_vs_jurkat,matched_budget_source_frozen_replication,primary_min20,nadig_jurkat,nadig_hepg2,nadig_jurkat,delta_cosine,20260936,"0,1",2086,20,0.2977722903173146,0.1901228010879886,0.1518921392128866,0.1901228010879886,0.2028864348597823,0.1992767818343599,0.2028864348597823,0.107649489229326,0.0948858554575323,raw cells; independent full-size with-replacement pseudo-replicates within context×perturbation; controls resampled independently,"min(n_left,n_right) cells per full-size pseudo-replicate",0
nadig_hepg2_vs_jurkat,matched_budget_source_frozen_replication,primary_min20,nadig_jurkat,nadig_hepg2,nadig_jurkat,delta_cosine,20260936,"0,2",2086,20,0.2977722903173146,0.1901228010879886,0.1518921392128866,0.1901228010879886,0.2009288829722415,0.195661265809979,0.2009288829722415,0.107649489229326,0.0968434073450731,raw cells; independent full-size with-replacement pseudo-replicates within context×perturbation; controls resampled independently,"min(n_left,n_right) cells per full-size pseudo-replicate",0
nadig_hepg2_vs_jurkat,matched_budget_source_frozen_replication,primary_min20,nadig_jurkat,nadig_hepg2,nadig_jurkat,delta_cosine,20260936,"1,2",2086,20,0.2977722903173146,0.1901228010879886,0.1518921392128866,0.1901228010879886,0.2000062078812501,0.189926792985554,0.2000062078812501,0.107649489229326,0.0977660824360645,raw cells; independent full-size with-replacement pseudo-replicates within context×perturbation; controls resampled independently,"min(n_left,n_right) cells per full-size pseudo-replicate",0
nadig_hepg2_vs_jurkat,matched_budget_source_frozen_replication,primary_min20,nadig_jurkat,nadig_hepg2,nadig_jurkat,systema_centroid_accuracy,20260936,"0,1",2086,20,0.3229946819150624,0.2508255332455033,0.1734955659633367,0.2508255332455033,0.2561351110865861,0.2224061977647029,0.2561351110865861,0.0721691486695591,0.0668595708284762,raw cells; independent full-size with-replacement pseudo-replicates within context×perturbation; controls resampled independently,"min(n_left,n_right) cells per full-size pseudo-replicate",0
nadig_hepg2_vs_jurkat,matched_budget_source_frozen_replication,primary_min20,nadig_jurkat,nadig_hepg2,nadig_jurkat,systema_centroid_accuracy,20260936,"0,2",2086,20,0.3229946819150624,0.2508255332455033,0.1734955659633367,0.2508255332455033,0.2624886476245657,0.2725059837077606,0.2725059837077606,0.0721691486695591,0.0504886982073018,raw cells; independent full-size with-replacement pseudo-replicates within context×perturbation; controls resampled independently,"min(n_left,n_right) cells per full-size pseudo-replicate",0
nadig_hepg2_vs_jurkat,matched_budget_source_frozen_replication,primary_min20,nadig_jurkat,nadig_hepg2,nadig_jurkat,systema_centroid_accuracy,20260936,"1,2",2086,20,0.3229946819150624,0.2508255332455033,0.1734955659633367,0.2508255332455033,0.2557647075053284,0.2254576013206692,0.2557647075053284,0.0721691486695591,0.067229974409734,raw cells; independent full-size with-replacement pseudo-replicates within context×perturbation; controls resampled independently,"min(n_left,n_right) cells per full-size pseudo-replicate",0
nadig_hepg2_vs_jurkat,matched_budget_source_frozen_replication,primary_min20,nadig_hepg2,nadig_hepg2,nadig_jurkat,absolute_effect_rank_agreement,20260937,"0,1",2086,20,0.3148666110256569,0.2501688773621563,0.1815432792787821,0.2501688773621563,0.2776487534804371,0.2359881222538747,0.2776487534804371,0.0646977336635006,0.0372178575452197,raw cells; independent full-size with-replacement pseudo-replicates within context×perturbation; controls resampled independently,"min(n_left,n_right) cells per full-size pseudo-replicate",0
nadig_hepg2_vs_jurkat,matched_budget_source_frozen_replication,primary_min20,nadig_hepg2,nadig_hepg2,nadig_jurkat,absolute_effect_rank_agreement,20260937,"0,2",2086,20,0.3148666110256569,0.2501688773621563,0.1815432792787821,0.2501688773621563,0.2812148363763447,0.2600111282019446,0.2812148363763447,0.0646977336635006,0.0336517746493121,raw cells; independent full-size with-replacement pseudo-replicates within context×perturbation; controls resampled independently,"min(n_left,n_right) cells per full-size pseudo-replicate",0
nadig_hepg2_vs_jurkat,matched_budget_source_frozen_replication,primary_min20,nadig_hepg2,nadig_hepg2,nadig_jurkat,absolute_effect_rank_agreement,20260937,"1,2",2086,20,0.3148666110256569,0.2501688773621563,0.1815432792787821,0.2501688773621563,0.2802612368398665,0.2437762541644536,0.2802612368398665,0.0646977336635006,0.0346053741857904,raw cells; independent full-size with-replacement pseudo-replicates within context×perturbation; controls resampled independently,"min(n_left,n_right) cells per full-size pseudo-replicate",0
nadig_hepg2_vs_jurkat,matched_budget_source_frozen_replication,primary_min20,nadig_hepg2,nadig_hepg2,nadig_jurkat,delta_cosine,20260937,"0,1",2086,20,0.2950440414686467,0.1938829377533447,0.1549632010594784,0.1938829377533447,0.2064782689668016,0.1920313796901117,0.2064782689668016,0.1011611037153019,0.088565772501845,raw cells; independent full-size with-replacement pseudo-replicates within context×perturbation; controls resampled independently,"min(n_left,n_right) cells per full-size pseudo-replicate",0
nadig_hepg2_vs_jurkat,matched_budget_source_frozen_replication,primary_min20,nadig_hepg2,nadig_hepg2,nadig_jurkat,delta_cosine,20260937,"0,2",2086,20,0.2950440414686467,0.1938829377533447,0.1549632010594784,0.1938829377533447,0.2009957901368263,0.1807309665211263,0.2009957901368263,0.1011611037153019,0.0940482513318204,raw cells; independent full-size with-replacement pseudo-replicates within context×perturbation; controls resampled independently,"min(n_left,n_right) cells per full-size pseudo-replicate",0
nadig_hepg2_vs_jurkat,matched_budget_source_frozen_replication,primary_min20,nadig_hepg2,nadig_hepg2,nadig_jurkat,delta_cosine,20260937,"1,2",2086,20,0.2950440414686467,0.1938829377533447,0.1549632010594784,0.1938829377533447,0.2047708717014882,0.1856312840427562,0.2047708717014882,0.1011611037153019,0.0902731697671584,raw cells; independent full-size with-replacement pseudo-replicates within context×perturbation; controls resampled independently,"min(n_left,n_right) cells per full-size pseudo-replicate",0
nadig_hepg2_vs_jurkat,matched_budget_source_frozen_replication,primary_min20,nadig_hepg2,nadig_hepg2,nadig_jurkat,systema_centroid_accuracy,20260937,"0,1",2086,20,0.333110539372912,0.250742301652446,0.191051913981758,0.250742301652446,0.256823611101531,0.2443018547769646,0.256823611101531,0.082368237720466,0.0762869282713809,raw cells; independent full-size with-replacement pseudo-replicates within context×perturbation; controls resampled independently,"min(n_left,n_right) cells per full-size pseudo-replicate",0
nadig_hepg2_vs_jurkat,matched_budget_source_frozen_replication,primary_min20,nadig_hepg2,nadig_hepg2,nadig_jurkat,systema_centroid_accuracy,20260937,"0,2",2086,20,0.333110539372912,0.250742301652446,0.191051913981758,0.250742301652446,0.2534453740938217,0.2221659297681701,0.2534453740938217,0.082368237720466,0.0796651652790902,raw cells; independent full-size with-replacement pseudo-replicates within context×perturbation; controls resampled independently,"min(n_left,n_right) cells per full-size pseudo-replicate",0
nadig_hepg2_vs_jurkat,matched_budget_source_frozen_replication,primary_min20,nadig_hepg2,nadig_hepg2,nadig_jurkat,systema_centroid_accuracy,20260937,"1,2",2086,20,0.333110539372912,0.250742301652446,0.191051913981758,0.250742301652446,0.2517603941774672,0.21341672587146,0.2517603941774672,0.082368237720466,0.0813501451954448,raw cells; independent full-size with-replacement pseudo-replicates within context×perturbation; controls resampled independently,"min(n_left,n_right) cells per full-size pseudo-replicate",0
nadig_hepg2_vs_jurkat,matched_budget_source_frozen_replication,primary_min20,nadig_jurkat,nadig_hepg2,nadig_jurkat,absolute_effect_rank_agreement,20260937,"0,1",2086,20,0.2819687490659438,0.2271210835741761,0.1472553117620956,0.2271210835741761,0.2535137757483371,0.2291633615447048,0.2535137757483371,0.0548476654917676,0.0284549733176067,raw cells; independent full-size with-replacement pseudo-replicates within context×perturbation; controls resampled independently,"min(n_left,n_right) cells per full-size pseudo-replicate",0
nadig_hepg2_vs_jurkat,matched_budget_source_frozen_replication,primary_min20,nadig_jurkat,nadig_hepg2,nadig_jurkat,absolute_effect_rank_agreement,20260937,"0,2",2086,20,0.2819687490659438,0.2271210835741761,0.1472553117620956,0.2271210835741761,0.2681504652462114,0.2220628099629596,0.2681504652462114,0.0548476654917676,0.0138182838197323,raw cells; independent full-size with-replacement pseudo-replicates within context×perturbation; controls resampled independently,"min(n_left,n_right) cells per full-size pseudo-replicate",0
nadig_hepg2_vs_jurkat,matched_budget_source_frozen_replication,primary_min20,nadig_jurkat,nadig_hepg2,nadig_jurkat,absolute_effect_rank_agreement,20260937,"1,2",2086,20,0.2819687490659438,0.2271210835741761,0.1472553117620956,0.2271210835741761,0.2698482058073579,0.229469731980475,0.2698482058073579,0.0548476654917676,0.0121205432585859,raw cells; independent full-size with-replacement pseudo-replicates within context×perturbation; controls resampled independently,"min(n_left,n_right) cells per full-size pseudo-replicate",0
nadig_hepg2_vs_jurkat,matched_budget_source_frozen_replication,primary_min20,nadig_jurkat,nadig_hepg2,nadig_jurkat,delta_cosine,20260937,"0,1",2086,20,0.2970426343488968,0.1936741690061182,0.1519806590010829,0.1936741690061182,0.2071325106741069,0.1977327438145361,0.2071325106741069,0.1033684653427785,0.0899101236747898,raw cells; independent full-size with-replacement pseudo-replicates within context×perturbation; controls resampled independently,"min(n_left,n_right) cells per full-size pseudo-replicate",0
nadig_hepg2_vs_jurkat,matched_budget_source_frozen_replication,primary_min20,nadig_jurkat,nadig_hepg2,nadig_jurkat,delta_cosine,20260937,"0,2",2086,20,0.2970426343488968,0.1936741690061182,0.1519806590010829,0.1936741690061182,0.2061492512605447,0.19541490489296,0.2061492512605447,0.1033684653427785,0.0908933830883519,raw cells; independent full-size with-replacement pseudo-replicates within context×perturbation; controls resampled independently,"min(n_left,n_right) cells per full-size pseudo-replicate",0
nadig_hepg2_vs_jurkat,matched_budget_source_frozen_replication,primary_min20,nadig_jurkat,nadig_hepg2,nadig_jurkat,delta_cosine,20260937,"1,2",2086,20,0.2970426343488968,0.1936741690061182,0.1519806590010829,0.1936741690061182,0.2039681006872354,0.1871929110594554,0.2039681006872354,0.1033684653427785,0.0930745336616613,raw cells; independent full-size with-replacement pseudo-replicates within context×perturbation; controls resampled independently,"min(n_left,n_right) cells per full-size pseudo-replicate",0
nadig_hepg2_vs_jurkat,matched_budget_source_frozen_replication,primary_min20,nadig_jurkat,nadig_hepg2,nadig_jurkat,systema_centroid_accuracy,20260937,"0,1",2086,20,0.3282043588523237,0.2528481529254066,0.1888471964518509,0.2528481529254066,0.2558627690369276,0.2275931124707137,0.2558627690369276,0.0753562059269171,0.072341589815396,raw cells; independent full-size with-replacement pseudo-replicates within context×perturbation; controls resampled independently,"min(n_left,n_right) cells per full-size pseudo-replicate",0
nadig_hepg2_vs_jurkat,matched_budget_source_frozen_replication,primary_min20,nadig_jurkat,nadig_hepg2,nadig_jurkat,systema_centroid_accuracy,20260937,"0,2",2086,20,0.3282043588523237,0.2528481529254066,0.1888471964518509,0.2528481529254066,0.2613561691394727,0.2691184348781761,0.2691184348781761,0.0753562059269171,0.0590859239741475,raw cells; independent full-size with-replacement pseudo-replicates within context×perturbation; controls resampled independently,"min(n_left,n_right) cells per full-size pseudo-replicate",0
nadig_hepg2_vs_jurkat,matched_budget_source_frozen_replication,primary_min20,nadig_jurkat,nadig_hepg2,nadig_jurkat,systema_centroid_accuracy,20260937,"1,2",2086,20,0.3282043588523237,0.2528481529254066,0.1888471964518509,0.2528481529254066,0.2560342904966535,0.2343324573323125,0.2560342904966535,0.0753562059269171,0.0721700683556701,raw cells; independent full-size with-replacement pseudo-replicates within context×perturbation; controls resampled independently,"min(n_left,n_right) cells per full-size pseudo-replicate",0
