split_seed,source_environment_id,source_environment_key,target_environment_id,target_environment_key,baseline,baseline_method,ptl_method,source_validation_rows,target_excluded_u_only_validation_rows,target_test_rows,target_excluded_u_only_threshold,source_ptl_threshold,target_excluded_u_only_model,source_ptl_model,baseline_aurc,ptl_aurc,baseline_excess_aurc,ptl_excess_aurc,transfer_gain,excess_aurc_gain,risk_at_80_gain,ftr_at_80_gain,same_source_target,same_cell_context,same_perturbation_modality,same_platform,same_condition,same_dataset_family,same_context_modality,prediction_geometry_distance,uq_distribution_distance
20260907,env__v~frangiehizar2021%5Frna__v~patient-derived%5Fmelanoma__v~rna__v~co-culture,frangieh_melanoma_coculture,env__v~frangiehizar2021%5Frna__v~patient-derived%5Fmelanoma__v~rna__v~control,frangieh_melanoma_control,raw_scalar_uq,raw_normalized_uq,ptl_rf,144,807,150,0.2541085670350536,0.115388575548962,shared_identity_free_random_forest,shared_identity_free_random_forest,0.7220332855038761,0.7289926760909518,0.0782152784369996,0.0851746690240752,-0.0069593905870756,-0.0069593905870756,0.0157533862244718,0.0666666666666666,0,1,1,1,0,1,1,0.3965886267738276,0.1063840937410579
20260907,env__v~frangiehizar2021%5Frna__v~patient-derived%5Fmelanoma__v~rna__v~co-culture,frangieh_melanoma_coculture,env__v~frangiehizar2021%5Frna__v~patient-derived%5Fmelanoma__v~rna__v~ifn%CE%B3,frangieh_melanoma_ifng,raw_scalar_uq,raw_normalized_uq,ptl_rf,144,804,150,0.2541378159188069,0.115388575548962,shared_identity_free_random_forest,shared_identity_free_random_forest,0.6811599921553726,0.661580319506744,0.0964499421382355,0.0768702694896069,0.0195796726486285,0.0195796726486285,0.0086210309877495,0.0,0,1,1,1,0,1,1,0.2138110190767888,0.1708324941669205
20260907,env__v~frangiehizar2021%5Frna__v~patient-derived%5Fmelanoma__v~rna__v~co-culture,frangieh_melanoma_coculture,env__v~normanweissman2019%5Ffiltered__v~k562__v~rna__v~baseline,norman_k562,raw_scalar_uq,raw_normalized_uq,ptl_rf,144,810,144,0.2178907238158317,0.115388575548962,shared_identity_free_random_forest,shared_identity_free_random_forest,0.3839942789330003,0.3682806949599931,0.2288212931142836,0.2131077091412764,0.0157135839730072,0.0157135839730072,0.0386275177137192,0.0172413793103447,0,0,0,0,0,0,0,1.7061458467106756,0.6941357117657974
20260907,env__v~frangiehizar2021%5Frna__v~patient-derived%5Fmelanoma__v~rna__v~co-culture,frangieh_melanoma_coculture,env__v~replogleweissman2022%5Frpe1__v~rpe1__v~rna__v~baseline,replogle_rpe1,raw_scalar_uq,raw_normalized_uq,ptl_rf,144,852,99,0.2560456782902635,0.115388575548962,shared_identity_free_random_forest,shared_identity_free_random_forest,0.8372569883086798,0.8325269779622827,0.1601058780243629,0.1553758676779658,0.004730010346397,0.004730010346397,0.0145995791288099,0.0125,0,0,0,0,0,0,0,1.1954607853412906,4.220708862326285
20260907,env__v~frangiehizar2021%5Frna__v~patient-derived%5Fmelanoma__v~rna__v~co-culture,frangieh_melanoma_coculture,env__v~tiankampmann2021%5Fcrispra__v~ipsc-induced%5Fneuron__v~rna__v~baseline,tian_neuron_crispra,raw_scalar_uq,raw_normalized_uq,ptl_rf,144,891,60,0.2311976883544747,0.115388575548962,shared_identity_free_random_forest,shared_identity_free_random_forest,0.5850910006993948,0.5568168296732305,0.1372895807892917,0.1090154097631275,0.0282741710261642,0.0282741710261642,0.0280056591402463,0.0416666666666667,0,0,0,0,0,0,0,0.6103599959883566,0.3620537830669355
20260907,env__v~frangiehizar2021%5Frna__v~patient-derived%5Fmelanoma__v~rna__v~co-culture,frangieh_melanoma_coculture,env__v~tiankampmann2021%5Fcrispri__v~ipsc-induced%5Fneuron__v~rna__v~baseline,tian_neuron_crispri,raw_scalar_uq,raw_normalized_uq,ptl_rf,144,843,114,0.2135134454250443,0.115388575548962,shared_identity_free_random_forest,shared_identity_free_random_forest,0.5466899824194581,0.5222785814319427,0.0627920373902515,0.0383806364027362,0.0244114009875153,0.0244114009875153,0.0276340613160788,0.0108695652173913,0,0,0,0,0,0,0,0.5703997142960893,0.2478107880453735
20260907,env__v~frangiehizar2021%5Frna__v~patient-derived%5Fmelanoma__v~rna__v~co-culture,frangieh_melanoma_coculture,env__v~xucao2023__v~hek293__v~rna__v~baseline,xu_he293,raw_scalar_uq,raw_normalized_uq,ptl_rf,144,843,114,0.2467808335318803,0.115388575548962,shared_identity_free_random_forest,shared_identity_free_random_forest,0.6878610477870382,0.6729318010441974,0.0825489162152138,0.067619669472373,0.0149292467428407,0.0149292467428407,0.0035400854100023,-0.0108695652173912,0,0,0,0,0,0,0,1.0839104742131087,0.9051497038839772
20260907,env__v~frangiehizar2021%5Frna__v~patient-derived%5Fmelanoma__v~rna__v~control,frangieh_melanoma_control,env__v~frangiehizar2021%5Frna__v~patient-derived%5Fmelanoma__v~rna__v~co-culture,frangieh_melanoma_coculture,raw_scalar_uq,raw_normalized_uq,ptl_rf,144,807,150,0.272093571730668,0.2189559129271069,shared_identity_free_random_forest,shared_identity_free_random_forest,0.7827216669862612,0.7832021697778813,0.0390623989057603,0.0395429016973803,-0.00048050279162,-0.00048050279162,-0.0007498837856895,0.0,0,1,1,1,0,1,1,0.4985830540954204,0.1540570709552742
20260907,env__v~frangiehizar2021%5Frna__v~patient-derived%5Fmelanoma__v~rna__v~control,frangieh_melanoma_control,env__v~frangiehizar2021%5Frna__v~patient-derived%5Fmelanoma__v~rna__v~ifn%CE%B3,frangieh_melanoma_ifng,raw_scalar_uq,raw_normalized_uq,ptl_rf,144,804,150,0.2541378159188069,0.2189559129271069,shared_identity_free_random_forest,shared_identity_free_random_forest,0.6811599921553726,0.6528216633434399,0.0964499421382355,0.0681116133263028,0.0283383288119326,0.0283383288119326,0.002490850789372,-0.0083333333333334,0,1,1,1,0,1,1,0.3138494471905262,0.2166424202008091
20260907,env__v~frangiehizar2021%5Frna__v~patient-derived%5Fmelanoma__v~rna__v~control,frangieh_melanoma_control,env__v~normanweissman2019%5Ffiltered__v~k562__v~rna__v~baseline,norman_k562,raw_scalar_uq,raw_normalized_uq,ptl_rf,144,810,144,0.2178907238158317,0.2189559129271069,shared_identity_free_random_forest,shared_identity_free_random_forest,0.3839942789330003,0.3624294533233118,0.2288212931142836,0.2072564675045951,0.0215648256096885,0.0215648256096885,0.0406169397110886,0.0258620689655172,0,0,0,0,0,0,0,1.486059093111514,0.6856368340655105
20260907,env__v~frangiehizar2021%5Frna__v~patient-derived%5Fmelanoma__v~rna__v~control,frangieh_melanoma_control,env__v~replogleweissman2022%5Frpe1__v~rpe1__v~rna__v~baseline,replogle_rpe1,raw_scalar_uq,raw_normalized_uq,ptl_rf,144,852,99,0.2560456782902635,0.2189559129271069,shared_identity_free_random_forest,shared_identity_free_random_forest,0.8372569883086798,0.8337820952718606,0.1601058780243629,0.1566309849875438,0.0034748930368191,0.0034748930368191,0.0067180379467723,0.0125,0,0,0,0,0,0,0,1.1517315785453843,4.309267745887
20260907,env__v~frangiehizar2021%5Frna__v~patient-derived%5Fmelanoma__v~rna__v~control,frangieh_melanoma_control,env__v~tiankampmann2021%5Fcrispra__v~ipsc-induced%5Fneuron__v~rna__v~baseline,tian_neuron_crispra,raw_scalar_uq,raw_normalized_uq,ptl_rf,144,891,60,0.2311976883544747,0.2189559129271069,shared_identity_free_random_forest,shared_identity_free_random_forest,0.5850910006993948,0.5775667010891861,0.1372895807892917,0.129765281179083,0.0075242996102087,0.0075242996102087,0.0132097159822364,0.0,0,0,0,0,0,0,0,0.7694752953439193,0.3368926502558625
20260907,env__v~frangiehizar2021%5Frna__v~patient-derived%5Fmelanoma__v~rna__v~control,frangieh_melanoma_control,env__v~tiankampmann2021%5Fcrispri__v~ipsc-induced%5Fneuron__v~rna__v~baseline,tian_neuron_crispri,raw_scalar_uq,raw_normalized_uq,ptl_rf,144,843,114,0.2135134454250443,0.2189559129271069,shared_identity_free_random_forest,shared_identity_free_random_forest,0.5466899824194581,0.5282556577297721,0.0627920373902515,0.0443577127005656,0.0184343246896859,0.0184343246896859,0.0173152363651822,0.0108695652173913,0,0,0,0,0,0,0,1.0232273909707297,0.1644445334168145
20260907,env__v~frangiehizar2021%5Frna__v~patient-derived%5Fmelanoma__v~rna__v~control,frangieh_melanoma_control,env__v~xucao2023__v~hek293__v~rna__v~baseline,xu_he293,raw_scalar_uq,raw_normalized_uq,ptl_rf,144,843,114,0.2467808335318803,0.2189559129271069,shared_identity_free_random_forest,shared_identity_free_random_forest,0.6878610477870382,0.6785941002874464,0.0825489162152138,0.073281968715622,0.0092669474995917,0.0092669474995917,-0.0066805317453911,-0.0326086956521738,0,0,0,0,0,0,0,1.312656776426072,0.9476327998289148
20260907,env__v~frangiehizar2021%5Frna__v~patient-derived%5Fmelanoma__v~rna__v~ifn%CE%B3,frangieh_melanoma_ifng,env__v~frangiehizar2021%5Frna__v~patient-derived%5Fmelanoma__v~rna__v~co-culture,frangieh_melanoma_coculture,raw_scalar_uq,raw_normalized_uq,ptl_rf,147,807,150,0.272093571730668,0.1848246288504632,shared_identity_free_random_forest,shared_identity_free_random_forest,0.7827216669862612,0.7955919271809296,0.0390623989057603,0.0519326591004287,-0.0128702601946684,-0.0128702601946684,0.0013292312226962,0.0,0,1,1,1,0,1,1,0.2928637285538823,0.1817727277357747
20260907,env__v~frangiehizar2021%5Frna__v~patient-derived%5Fmelanoma__v~rna__v~ifn%CE%B3,frangieh_melanoma_ifng,env__v~frangiehizar2021%5Frna__v~patient-derived%5Fmelanoma__v~rna__v~control,frangieh_melanoma_control,raw_scalar_uq,raw_normalized_uq,ptl_rf,147,807,150,0.2541085670350536,0.1848246288504632,shared_identity_free_random_forest,shared_identity_free_random_forest,0.7220332855038761,0.7375808683487212,0.0782152784369996,0.0937628612818446,-0.015547582844845,-0.015547582844845,0.0101707399069859,0.0333333333333333,0,1,1,1,0,1,1,0.3001752247122114,0.3006586046869346
20260907,env__v~frangiehizar2021%5Frna__v~patient-derived%5Fmelanoma__v~rna__v~ifn%CE%B3,frangieh_melanoma_ifng,env__v~normanweissman2019%5Ffiltered__v~k562__v~rna__v~baseline,norman_k562,raw_scalar_uq,raw_normalized_uq,ptl_rf,147,810,144,0.2178907238158317,0.1848246288504632,shared_identity_free_random_forest,shared_identity_free_random_forest,0.3839942789330003,0.4080754487483237,0.2288212931142836,0.252902462929607,-0.0240811698153233,-0.0240811698153233,0.044062115038122,0.0258620689655172,0,0,0,0,0,0,0,1.445435260466886,0.5621774190867175
20260907,env__v~frangiehizar2021%5Frna__v~patient-derived%5Fmelanoma__v~rna__v~ifn%CE%B3,frangieh_melanoma_ifng,env__v~replogleweissman2022%5Frpe1__v~rpe1__v~rna__v~baseline,replogle_rpe1,raw_scalar_uq,raw_normalized_uq,ptl_rf,147,852,99,0.2560456782902635,0.1848246288504632,shared_identity_free_random_forest,shared_identity_free_random_forest,0.8372569883086798,0.8314315024452921,0.1601058780243629,0.1542803921609752,0.0058254858633877,0.0058254858633877,0.0152485770516872,0.0125,0,0,0,0,0,0,0,0.963522704287095,4.027297933973479
20260907,env__v~frangiehizar2021%5Frna__v~patient-derived%5Fmelanoma__v~rna__v~ifn%CE%B3,frangieh_melanoma_ifng,env__v~tiankampmann2021%5Fcrispra__v~ipsc-induced%5Fneuron__v~rna__v~baseline,tian_neuron_crispra,raw_scalar_uq,raw_normalized_uq,ptl_rf,147,891,60,0.2311976883544747,0.1848246288504632,shared_identity_free_random_forest,shared_identity_free_random_forest,0.5850910006993948,0.576767418268546,0.1372895807892917,0.128965998358443,0.0083235824308487,0.0083235824308487,0.0162966269186958,0.0208333333333333,0,0,0,0,0,0,0,0.4499487811474784,0.3986161402635688
20260907,env__v~frangiehizar2021%5Frna__v~patient-derived%5Fmelanoma__v~rna__v~ifn%CE%B3,frangieh_melanoma_ifng,env__v~tiankampmann2021%5Fcrispri__v~ipsc-induced%5Fneuron__v~rna__v~baseline,tian_neuron_crispri,raw_scalar_uq,raw_normalized_uq,ptl_rf,147,843,114,0.2135134454250443,0.1848246288504632,shared_identity_free_random_forest,shared_identity_free_random_forest,0.5466899824194581,0.535614325319686,0.0627920373902515,0.0517163802904794,0.011075657099772,0.011075657099772,0.0098876994457196,0.0108695652173913,0,0,0,0,0,0,0,0.7163618530007988,0.4402859132494807
20260907,env__v~frangiehizar2021%5Frna__v~patient-derived%5Fmelanoma__v~rna__v~ifn%CE%B3,frangieh_melanoma_ifng,env__v~xucao2023__v~hek293__v~rna__v~baseline,xu_he293,raw_scalar_uq,raw_normalized_uq,ptl_rf,147,843,114,0.2467808335318803,0.1848246288504632,shared_identity_free_random_forest,shared_identity_free_random_forest,0.6878610477870382,0.6684017501906135,0.0825489162152138,0.0630896186187892,0.0194592975964246,0.0194592975964246,0.0020311987959323,0.0,0,0,0,0,0,0,0,0.9823090372972518,0.7041707586718013
20260907,env__v~normanweissman2019%5Ffiltered__v~k562__v~rna__v~baseline,norman_k562,env__v~frangiehizar2021%5Frna__v~patient-derived%5Fmelanoma__v~rna__v~co-culture,frangieh_melanoma_coculture,raw_scalar_uq,raw_normalized_uq,ptl_rf,141,807,150,0.272093571730668,0.5766813938499554,shared_identity_free_random_forest,shared_identity_free_random_forest,0.7827216669862612,0.7957309681213864,0.0390623989057603,0.0520717000408855,-0.0130093011351252,-0.0130093011351252,0.0015287983609536,0.0,0,0,0,0,0,0,0,1.75683296704573,0.5428607435555404
20260907,env__v~normanweissman2019%5Ffiltered__v~k562__v~rna__v~baseline,norman_k562,env__v~frangiehizar2021%5Frna__v~patient-derived%5Fmelanoma__v~rna__v~control,frangieh_melanoma_control,raw_scalar_uq,raw_normalized_uq,ptl_rf,141,807,150,0.2541085670350536,0.5766813938499554,shared_identity_free_random_forest,shared_identity_free_random_forest,0.7220332855038761,0.7346393134717022,0.0782152784369996,0.0908213064048256,-0.012606027967826,-0.012606027967826,-0.0078086015636552,-0.0166666666666667,0,0,0,0,0,0,0,1.5294178823686244,0.573354972953014
20260907,env__v~normanweissman2019%5Ffiltered__v~k562__v~rna__v~baseline,norman_k562,env__v~frangiehizar2021%5Frna__v~patient-derived%5Fmelanoma__v~rna__v~ifn%CE%B3,frangieh_melanoma_ifng,raw_scalar_uq,raw_normalized_uq,ptl_rf,141,804,150,0.2541378159188069,0.5766813938499554,shared_identity_free_random_forest,shared_identity_free_random_forest,0.6811599921553726,0.6543798655936549,0.0964499421382355,0.0696698155765178,0.0267801265617176,0.0267801265617176,-0.0014882797096388,0.0083333333333333,0,0,0,0,0,0,0,1.5275709782021156,0.4948251901459354
20260907,env__v~normanweissman2019%5Ffiltered__v~k562__v~rna__v~baseline,norman_k562,env__v~replogleweissman2022%5Frpe1__v~rpe1__v~rna__v~baseline,replogle_rpe1,raw_scalar_uq,raw_normalized_uq,ptl_rf,141,852,99,0.2560456782902635,0.5766813938499554,shared_identity_free_random_forest,shared_identity_free_random_forest,0.8372569883086798,0.8522730482464678,0.1601058780243629,0.1751219379621509,-0.0150160599377879,-0.0150160599377879,-0.0087597453357206,-0.0374999999999999,0,0,0,1,1,0,0,0.7301599268673107,3.957739142008033
20260907,env__v~normanweissman2019%5Ffiltered__v~k562__v~rna__v~baseline,norman_k562,env__v~tiankampmann2021%5Fcrispra__v~ipsc-induced%5Fneuron__v~rna__v~baseline,tian_neuron_crispra,raw_scalar_uq,raw_normalized_uq,ptl_rf,141,891,60,0.2311976883544747,0.5766813938499554,shared_identity_free_random_forest,shared_identity_free_random_forest,0.5850910006993948,0.58647473736683,0.1372895807892917,0.1386733174567269,-0.0013837366674351,-0.0013837366674351,0.0045594959674439,0.0,0,0,1,1,1,0,0,1.2937673228413458,0.3669301922112669
20260907,env__v~normanweissman2019%5Ffiltered__v~k562__v~rna__v~baseline,norman_k562,env__v~tiankampmann2021%5Fcrispri__v~ipsc-induced%5Fneuron__v~rna__v~baseline,tian_neuron_crispri,raw_scalar_uq,raw_normalized_uq,ptl_rf,141,843,114,0.2135134454250443,0.5766813938499554,shared_identity_free_random_forest,shared_identity_free_random_forest,0.5466899824194581,0.5097089147780702,0.0627920373902515,0.0258109697488637,0.0369810676413878,0.0369810676413878,0.0296635599036048,0.0108695652173913,0,0,0,1,1,0,0,1.985216843103111,0.5981648661014729
20260907,env__v~normanweissman2019%5Ffiltered__v~k562__v~rna__v~baseline,norman_k562,env__v~xucao2023__v~hek293__v~rna__v~baseline,xu_he293,raw_scalar_uq,raw_normalized_uq,ptl_rf,141,843,114,0.2467808335318803,0.5766813938499554,shared_identity_free_random_forest,shared_identity_free_random_forest,0.6878610477870382,0.7302949389310158,0.0825489162152138,0.1249828073591915,-0.0424338911439776,-0.0424338911439776,-0.0229136414882994,-0.0978260869565217,0,0,0,1,1,0,0,1.434693009815119,0.7456956852605605
20260907,env__v~replogleweissman2022%5Frpe1__v~rpe1__v~rna__v~baseline,replogle_rpe1,env__v~frangiehizar2021%5Frna__v~patient-derived%5Fmelanoma__v~rna__v~co-culture,frangieh_melanoma_coculture,raw_scalar_uq,raw_normalized_uq,ptl_rf,99,807,150,0.272093571730668,0.064725742522495,shared_identity_free_random_forest,shared_identity_free_random_forest,0.7827216669862612,0.82710283242699,0.0390623989057603,0.0834435643464891,-0.0443811654407287,-0.0443811654407287,0.0004364989231955,0.0,0,0,0,0,0,0,0,1.1524075941763892,3.721845257999441
20260907,env__v~replogleweissman2022%5Frpe1__v~rpe1__v~rna__v~baseline,replogle_rpe1,env__v~frangiehizar2021%5Frna__v~patient-derived%5Fmelanoma__v~rna__v~control,frangieh_melanoma_control,raw_scalar_uq,raw_normalized_uq,ptl_rf,99,807,150,0.2541085670350536,0.064725742522495,shared_identity_free_random_forest,shared_identity_free_random_forest,0.7220332855038761,0.7336677025954753,0.0782152784369996,0.0898496955285987,-0.0116344170915991,-0.0116344170915991,0.0188215637399767,0.0833333333333332,0,0,0,0,0,0,0,1.082600190186426,3.856924738437392
20260907,env__v~replogleweissman2022%5Frpe1__v~rpe1__v~rna__v~baseline,replogle_rpe1,env__v~frangiehizar2021%5Frna__v~patient-derived%5Fmelanoma__v~rna__v~ifn%CE%B3,frangieh_melanoma_ifng,raw_scalar_uq,raw_normalized_uq,ptl_rf,99,804,150,0.2541378159188069,0.064725742522495,shared_identity_free_random_forest,shared_identity_free_random_forest,0.6811599921553726,0.6847367985111168,0.0964499421382355,0.1000267484939797,-0.0035768063557442,-0.0035768063557442,0.0111726084691446,0.0249999999999999,0,0,0,0,0,0,0,0.9709385862356535,3.650593977025901
20260907,env__v~replogleweissman2022%5Frpe1__v~rpe1__v~rna__v~baseline,replogle_rpe1,env__v~normanweissman2019%5Ffiltered__v~k562__v~rna__v~baseline,norman_k562,raw_scalar_uq,raw_normalized_uq,ptl_rf,99,810,144,0.2178907238158317,0.064725742522495,shared_identity_free_random_forest,shared_identity_free_random_forest,0.3839942789330003,0.411170929166106,0.2288212931142836,0.2559979433473894,-0.0271766502331057,-0.0271766502331057,0.0026861979539442,0.0086206896551723,0,0,0,1,1,0,0,0.7124848863336883,3.356015683349688
20260907,env__v~replogleweissman2022%5Frpe1__v~rpe1__v~rna__v~baseline,replogle_rpe1,env__v~tiankampmann2021%5Fcrispra__v~ipsc-induced%5Fneuron__v~rna__v~baseline,tian_neuron_crispra,raw_scalar_uq,raw_normalized_uq,ptl_rf,99,891,60,0.2311976883544747,0.064725742522495,shared_identity_free_random_forest,shared_identity_free_random_forest,0.5850910006993948,0.565127811145613,0.1372895807892917,0.1173263912355099,0.0199631895537818,0.0199631895537818,0.0227506869953412,0.0208333333333333,0,0,0,1,1,0,0,0.5838454439517032,3.71676748466522
20260907,env__v~replogleweissman2022%5Frpe1__v~rpe1__v~rna__v~baseline,replogle_rpe1,env__v~tiankampmann2021%5Fcrispri__v~ipsc-induced%5Fneuron__v~rna__v~baseline,tian_neuron_crispri,raw_scalar_uq,raw_normalized_uq,ptl_rf,99,843,114,0.2135134454250443,0.064725742522495,shared_identity_free_random_forest,shared_identity_free_random_forest,0.5466899824194581,0.54851511620825,0.0627920373902515,0.0646171711790434,-0.0018251337887918,-0.0018251337887918,0.0141568626721602,0.0108695652173913,0,0,1,1,1,0,0,1.265771876425569,4.024388159877435
20260907,env__v~replogleweissman2022%5Frpe1__v~rpe1__v~rna__v~baseline,replogle_rpe1,env__v~xucao2023__v~hek293__v~rna__v~baseline,xu_he293,raw_scalar_uq,raw_normalized_uq,ptl_rf,99,843,114,0.2467808335318803,0.064725742522495,shared_identity_free_random_forest,shared_identity_free_random_forest,0.6878610477870382,0.7077241088591985,0.0825489162152138,0.1024119772873741,-0.0198630610721602,-0.0198630610721602,0.0039462220419747,0.0,0,0,1,1,1,0,0,0.7060284686633553,2.964850042203487
20260907,env__v~tiankampmann2021%5Fcrispra__v~ipsc-induced%5Fneuron__v~rna__v~baseline,tian_neuron_crispra,env__v~frangiehizar2021%5Frna__v~patient-derived%5Fmelanoma__v~rna__v~co-culture,frangieh_melanoma_coculture,raw_scalar_uq,raw_normalized_uq,ptl_rf,60,807,150,0.272093571730668,0.3297083346188559,shared_identity_free_random_forest,shared_identity_free_random_forest,0.7827216669862612,0.8048262806931104,0.0390623989057603,0.0611670126126094,-0.0221046137068491,-0.0221046137068491,0.0015292361793297,0.0,0,0,0,0,0,0,0,0.5541480205094578,0.3862926674156982
20260907,env__v~tiankampmann2021%5Fcrispra__v~ipsc-induced%5Fneuron__v~rna__v~baseline,tian_neuron_crispra,env__v~frangiehizar2021%5Frna__v~patient-derived%5Fmelanoma__v~rna__v~control,frangieh_melanoma_control,raw_scalar_uq,raw_normalized_uq,ptl_rf,60,807,150,0.2541085670350536,0.3297083346188559,shared_identity_free_random_forest,shared_identity_free_random_forest,0.7220332855038761,0.7363827301882285,0.0782152784369996,0.092564723121352,-0.0143494446843523,-0.0143494446843523,0.0039361431868486,0.0166666666666666,0,0,0,0,0,0,0,0.6737685655321223,0.3602906169881525
20260907,env__v~tiankampmann2021%5Fcrispra__v~ipsc-induced%5Fneuron__v~rna__v~baseline,tian_neuron_crispra,env__v~frangiehizar2021%5Frna__v~patient-derived%5Fmelanoma__v~rna__v~ifn%CE%B3,frangieh_melanoma_ifng,raw_scalar_uq,raw_normalized_uq,ptl_rf,60,804,150,0.2541378159188069,0.3297083346188559,shared_identity_free_random_forest,shared_identity_free_random_forest,0.6811599921553726,0.6720567220721605,0.0964499421382355,0.0873466720550234,0.0091032700832121,0.0091032700832121,0.000523436166666,-0.0083333333333334,0,0,0,0,0,0,0,0.4551516082919994,0.3902187189112427
20260907,env__v~tiankampmann2021%5Fcrispra__v~ipsc-induced%5Fneuron__v~rna__v~baseline,tian_neuron_crispra,env__v~normanweissman2019%5Ffiltered__v~k562__v~rna__v~baseline,norman_k562,raw_scalar_uq,raw_normalized_uq,ptl_rf,60,810,144,0.2178907238158317,0.3297083346188559,shared_identity_free_random_forest,shared_identity_free_random_forest,0.3839942789330003,0.3964617653964139,0.2288212931142836,0.2412887795776973,-0.0124674864634136,-0.0124674864634136,0.0468742331043678,0.0344827586206896,0,0,1,1,1,0,0,1.3000217028809122,0.4912150207947878
20260907,env__v~tiankampmann2021%5Fcrispra__v~ipsc-induced%5Fneuron__v~rna__v~baseline,tian_neuron_crispra,env__v~replogleweissman2022%5Frpe1__v~rpe1__v~rna__v~baseline,replogle_rpe1,raw_scalar_uq,raw_normalized_uq,ptl_rf,60,852,99,0.2560456782902635,0.3297083346188559,shared_identity_free_random_forest,shared_identity_free_random_forest,0.8372569883086798,0.8326761664892529,0.1601058780243629,0.155525056204936,0.0045808218194268,0.0045808218194268,0.0147540429275198,0.025,0,0,0,1,1,0,0,0.6922310519783667,4.19659009793807
20260907,env__v~tiankampmann2021%5Fcrispra__v~ipsc-induced%5Fneuron__v~rna__v~baseline,tian_neuron_crispra,env__v~tiankampmann2021%5Fcrispri__v~ipsc-induced%5Fneuron__v~rna__v~baseline,tian_neuron_crispri,raw_scalar_uq,raw_normalized_uq,ptl_rf,60,843,114,0.2135134454250443,0.3297083346188559,shared_identity_free_random_forest,shared_identity_free_random_forest,0.5466899824194581,0.5252259028776267,0.0627920373902515,0.0413279578484201,0.0214640795418313,0.0214640795418313,0.0286610404631715,0.0108695652173913,0,1,0,1,1,0,0,0.6561885726589428,0.3699862593626702
20260907,env__v~tiankampmann2021%5Fcrispra__v~ipsc-induced%5Fneuron__v~rna__v~baseline,tian_neuron_crispra,env__v~xucao2023__v~hek293__v~rna__v~baseline,xu_he293,raw_scalar_uq,raw_normalized_uq,ptl_rf,60,843,114,0.2467808335318803,0.3297083346188559,shared_identity_free_random_forest,shared_identity_free_random_forest,0.6878610477870382,0.6743189722391392,0.0825489162152138,0.0690068406673148,0.0135420755478989,0.0135420755478989,0.0039494904344405,0.0108695652173913,0,0,0,1,1,0,0,0.6006434203232629,0.9350850071764436
20260907,env__v~tiankampmann2021%5Fcrispri__v~ipsc-induced%5Fneuron__v~rna__v~baseline,tian_neuron_crispri,env__v~frangiehizar2021%5Frna__v~patient-derived%5Fmelanoma__v~rna__v~co-culture,frangieh_melanoma_coculture,raw_scalar_uq,raw_normalized_uq,ptl_rf,108,807,150,0.272093571730668,0.3948869600000639,shared_identity_free_random_forest,shared_identity_free_random_forest,0.7827216669862612,0.7808422390053031,0.0390623989057603,0.0371829709248022,0.001879427980958,0.001879427980958,0.0045853224398877,0.0,0,0,0,0,0,0,0,0.5538349110790114,0.3714571212564869
20260907,env__v~tiankampmann2021%5Fcrispri__v~ipsc-induced%5Fneuron__v~rna__v~baseline,tian_neuron_crispri,env__v~frangiehizar2021%5Frna__v~patient-derived%5Fmelanoma__v~rna__v~control,frangieh_melanoma_control,raw_scalar_uq,raw_normalized_uq,ptl_rf,108,807,150,0.2541085670350536,0.3948869600000639,shared_identity_free_random_forest,shared_identity_free_random_forest,0.7220332855038761,0.7353802418923756,0.0782152784369996,0.091562234825499,-0.0133469563884994,-0.0133469563884994,0.0090905278303691,0.0333333333333333,0,0,0,0,0,0,0,0.97227903779138,0.2362301527692135
20260907,env__v~tiankampmann2021%5Fcrispri__v~ipsc-induced%5Fneuron__v~rna__v~baseline,tian_neuron_crispri,env__v~frangiehizar2021%5Frna__v~patient-derived%5Fmelanoma__v~rna__v~ifn%CE%B3,frangieh_melanoma_ifng,raw_scalar_uq,raw_normalized_uq,ptl_rf,108,804,150,0.2541378159188069,0.3948869600000639,shared_identity_free_random_forest,shared_identity_free_random_forest,0.6811599921553726,0.6459473094434381,0.0964499421382355,0.061237259426301,0.0352126827119344,0.0352126827119344,0.0103128667559949,0.0166666666666666,0,0,0,0,0,0,0,0.7403916521185431,0.4425596823819252
20260907,env__v~tiankampmann2021%5Fcrispri__v~ipsc-induced%5Fneuron__v~rna__v~baseline,tian_neuron_crispri,env__v~normanweissman2019%5Ffiltered__v~k562__v~rna__v~baseline,norman_k562,raw_scalar_uq,raw_normalized_uq,ptl_rf,108,810,144,0.2178907238158317,0.3948869600000639,shared_identity_free_random_forest,shared_identity_free_random_forest,0.3839942789330003,0.3861940074950106,0.2288212931142836,0.231021021676294,-0.0021997285620103,-0.0021997285620103,0.0430614367776049,0.0258620689655172,0,0,0,1,1,0,0,1.988813261061877,0.7892164586380939
20260907,env__v~tiankampmann2021%5Fcrispri__v~ipsc-induced%5Fneuron__v~rna__v~baseline,tian_neuron_crispri,env__v~replogleweissman2022%5Frpe1__v~rpe1__v~rna__v~baseline,replogle_rpe1,raw_scalar_uq,raw_normalized_uq,ptl_rf,108,852,99,0.2560456782902635,0.3948869600000639,shared_identity_free_random_forest,shared_identity_free_random_forest,0.8372569883086798,0.8380631786293773,0.1601058780243629,0.1609120683450604,-0.0008061903206975,-0.0008061903206975,0.0055503182567353,0.0,0,0,1,1,1,0,0,1.3488144663246062,4.534538950461952
20260907,env__v~tiankampmann2021%5Fcrispri__v~ipsc-induced%5Fneuron__v~rna__v~baseline,tian_neuron_crispri,env__v~tiankampmann2021%5Fcrispra__v~ipsc-induced%5Fneuron__v~rna__v~baseline,tian_neuron_crispra,raw_scalar_uq,raw_normalized_uq,ptl_rf,108,891,60,0.2311976883544747,0.3948869600000639,shared_identity_free_random_forest,shared_identity_free_random_forest,0.5850910006993948,0.5599705838330418,0.1372895807892917,0.1121691639229387,0.025120416866353,0.025120416866353,0.0259401661716505,0.0416666666666667,0,1,0,1,1,0,0,0.7276555204036287,0.4373749786665197
20260907,env__v~tiankampmann2021%5Fcrispri__v~ipsc-induced%5Fneuron__v~rna__v~baseline,tian_neuron_crispri,env__v~xucao2023__v~hek293__v~rna__v~baseline,xu_he293,raw_scalar_uq,raw_normalized_uq,ptl_rf,108,843,114,0.2467808335318803,0.3948869600000639,shared_identity_free_random_forest,shared_identity_free_random_forest,0.6878610477870382,0.6722100646174497,0.0825489162152138,0.0668979330456254,0.0156509831695884,0.0156509831695884,0.004203499551756,0.0108695652173913,0,0,1,1,1,0,0,0.9013475890379432,1.1317547443720304
20260907,env__v~xucao2023__v~hek293__v~rna__v~baseline,xu_he293,env__v~frangiehizar2021%5Frna__v~patient-derived%5Fmelanoma__v~rna__v~co-culture,frangieh_melanoma_coculture,raw_scalar_uq,raw_normalized_uq,ptl_rf,108,807,150,0.272093571730668,0.2203192143822296,shared_identity_free_random_forest,shared_identity_free_random_forest,0.7827216669862612,0.8280816867270414,0.0390623989057603,0.0844224186465405,-0.0453600197407801,-0.0453600197407801,0.0003228459322374,0.0,0,0,0,0,0,0,0,1.0872636845930523,0.8147540277098043
20260907,env__v~xucao2023__v~hek293__v~rna__v~baseline,xu_he293,env__v~frangiehizar2021%5Frna__v~patient-derived%5Fmelanoma__v~rna__v~control,frangieh_melanoma_control,raw_scalar_uq,raw_normalized_uq,ptl_rf,108,807,150,0.2541085670350536,0.2203192143822296,shared_identity_free_random_forest,shared_identity_free_random_forest,0.7220332855038761,0.7563078966106059,0.0782152784369996,0.1124898895437294,-0.0342746111067298,-0.0342746111067298,-0.0091685042506947,-0.0333333333333333,0,0,0,0,0,0,0,1.282975861983655,0.926885236477136
20260907,env__v~xucao2023__v~hek293__v~rna__v~baseline,xu_he293,env__v~frangiehizar2021%5Frna__v~patient-derived%5Fmelanoma__v~rna__v~ifn%CE%B3,frangieh_melanoma_ifng,raw_scalar_uq,raw_normalized_uq,ptl_rf,108,804,150,0.2541378159188069,0.2203192143822296,shared_identity_free_random_forest,shared_identity_free_random_forest,0.6811599921553726,0.718906283086368,0.0964499421382355,0.1341962330692309,-0.0377462909309953,-0.0377462909309953,0.0080951207981451,0.0,0,0,0,0,0,0,0,1.0548254490355,0.7164130872607565
20260907,env__v~xucao2023__v~hek293__v~rna__v~baseline,xu_he293,env__v~normanweissman2019%5Ffiltered__v~k562__v~rna__v~baseline,norman_k562,raw_scalar_uq,raw_normalized_uq,ptl_rf,108,810,144,0.2178907238158317,0.2203192143822296,shared_identity_free_random_forest,shared_identity_free_random_forest,0.3839942789330003,0.4439170180641149,0.2288212931142836,0.2887440322453982,-0.0599227391311145,-0.0599227391311145,0.0337411407739646,0.0086206896551723,0,0,0,1,1,0,0,1.4094832268170026,0.7331160361876987
20260907,env__v~xucao2023__v~hek293__v~rna__v~baseline,xu_he293,env__v~replogleweissman2022%5Frpe1__v~rpe1__v~rna__v~baseline,replogle_rpe1,raw_scalar_uq,raw_normalized_uq,ptl_rf,108,852,99,0.2560456782902635,0.2203192143822296,shared_identity_free_random_forest,shared_identity_free_random_forest,0.8372569883086798,0.8311840691504414,0.1601058780243629,0.1540329588661245,0.0060729191582383,0.0060729191582383,0.0060314334418398,0.0,0,0,1,1,1,0,0,0.7264236927175999,3.4417358952152517
20260907,env__v~xucao2023__v~hek293__v~rna__v~baseline,xu_he293,env__v~tiankampmann2021%5Fcrispra__v~ipsc-induced%5Fneuron__v~rna__v~baseline,tian_neuron_crispra,raw_scalar_uq,raw_normalized_uq,ptl_rf,108,891,60,0.2311976883544747,0.2203192143822296,shared_identity_free_random_forest,shared_identity_free_random_forest,0.5850910006993948,0.5697084377696211,0.1372895807892917,0.121907017859518,0.0153825629297736,0.0153825629297736,0.020589932746388,0.0416666666666667,0,0,0,1,1,0,0,0.5533927559628968,0.8676562739550338
20260907,env__v~xucao2023__v~hek293__v~rna__v~baseline,xu_he293,env__v~tiankampmann2021%5Fcrispri__v~ipsc-induced%5Fneuron__v~rna__v~baseline,tian_neuron_crispri,raw_scalar_uq,raw_normalized_uq,ptl_rf,108,843,114,0.2135134454250443,0.2203192143822296,shared_identity_free_random_forest,shared_identity_free_random_forest,0.5466899824194581,0.564426594649074,0.0627920373902515,0.0805286496198674,-0.0177366122296158,-0.0177366122296158,0.0038478772336737,0.0108695652173913,0,0,1,1,1,0,0,0.8616844807333988,1.0249512328971058
20260907,env__v~frangiehizar2021%5Frna__v~patient-derived%5Fmelanoma__v~rna__v~co-culture,frangieh_melanoma_coculture,env__v~frangiehizar2021%5Frna__v~patient-derived%5Fmelanoma__v~rna__v~control,frangieh_melanoma_control,u_only_rf,u_only_rf,ptl_rf,144,807,150,0.2541085670350536,0.115388575548962,shared_identity_free_random_forest,shared_identity_free_random_forest,0.7187415720556303,0.7289926760909518,0.0749235649887537,0.0851746690240752,-0.0102511040353214,-0.0102511040353214,-0.0002198710337006,0.025,0,1,1,1,0,1,1,0.3965886267738276,0.1063840937410579
20260907,env__v~frangiehizar2021%5Frna__v~patient-derived%5Fmelanoma__v~rna__v~co-culture,frangieh_melanoma_coculture,env__v~frangiehizar2021%5Frna__v~patient-derived%5Fmelanoma__v~rna__v~ifn%CE%B3,frangieh_melanoma_ifng,u_only_rf,u_only_rf,ptl_rf,144,804,150,0.2541378159188069,0.115388575548962,shared_identity_free_random_forest,shared_identity_free_random_forest,0.6728912360063477,0.661580319506744,0.0881811859892106,0.0768702694896069,0.0113109164996036,0.0113109164996036,0.0154533872922605,0.0333333333333333,0,1,1,1,0,1,1,0.2138110190767888,0.1708324941669205
20260907,env__v~frangiehizar2021%5Frna__v~patient-derived%5Fmelanoma__v~rna__v~co-culture,frangieh_melanoma_coculture,env__v~normanweissman2019%5Ffiltered__v~k562__v~rna__v~baseline,norman_k562,u_only_rf,u_only_rf,ptl_rf,144,810,144,0.2178907238158317,0.115388575548962,shared_identity_free_random_forest,shared_identity_free_random_forest,0.4029864139697777,0.3682806949599931,0.247813428151061,0.2131077091412764,0.0347057190097845,0.0347057190097845,0.0132908970633539,0.0,0,0,0,0,0,0,0,1.7061458467106756,0.6941357117657974
20260907,env__v~frangiehizar2021%5Frna__v~patient-derived%5Fmelanoma__v~rna__v~co-culture,frangieh_melanoma_coculture,env__v~replogleweissman2022%5Frpe1__v~rpe1__v~rna__v~baseline,replogle_rpe1,u_only_rf,u_only_rf,ptl_rf,144,852,99,0.2560456782902635,0.115388575548962,shared_identity_free_random_forest,shared_identity_free_random_forest,0.872588507622795,0.8325269779622827,0.1954373973384782,0.1553758676779658,0.0400615296605123,0.0400615296605123,0.0208042366747669,0.0125,0,0,0,0,0,0,0,1.1954607853412906,4.220708862326285
20260907,env__v~frangiehizar2021%5Frna__v~patient-derived%5Fmelanoma__v~rna__v~co-culture,frangieh_melanoma_coculture,env__v~tiankampmann2021%5Fcrispra__v~ipsc-induced%5Fneuron__v~rna__v~baseline,tian_neuron_crispra,u_only_rf,u_only_rf,ptl_rf,144,891,60,0.2311976883544747,0.115388575548962,shared_identity_free_random_forest,shared_identity_free_random_forest,0.5882284255388469,0.5568168296732305,0.1404270056287438,0.1090154097631275,0.0314115958656163,0.0314115958656163,0.0115134498924863,0.0208333333333333,0,0,0,0,0,0,0,0.6103599959883566,0.3620537830669355
20260907,env__v~frangiehizar2021%5Frna__v~patient-derived%5Fmelanoma__v~rna__v~co-culture,frangieh_melanoma_coculture,env__v~tiankampmann2021%5Fcrispri__v~ipsc-induced%5Fneuron__v~rna__v~baseline,tian_neuron_crispri,u_only_rf,u_only_rf,ptl_rf,144,843,114,0.2135134454250443,0.115388575548962,shared_identity_free_random_forest,shared_identity_free_random_forest,0.5152341712344042,0.5222785814319427,0.0313362262051976,0.0383806364027362,-0.0070444101975385,-0.0070444101975385,0.0081485799508901,0.0108695652173913,0,0,0,0,0,0,0,0.5703997142960893,0.2478107880453735
20260907,env__v~frangiehizar2021%5Frna__v~patient-derived%5Fmelanoma__v~rna__v~co-culture,frangieh_melanoma_coculture,env__v~xucao2023__v~hek293__v~rna__v~baseline,xu_he293,u_only_rf,u_only_rf,ptl_rf,144,843,114,0.2467808335318803,0.115388575548962,shared_identity_free_random_forest,shared_identity_free_random_forest,0.742240836243791,0.6729318010441974,0.1369287046719667,0.067619669472373,0.0693090351995936,0.0693090351995936,0.0253799915689024,0.0760869565217391,0,0,0,0,0,0,0,1.0839104742131087,0.9051497038839772
20260907,env__v~frangiehizar2021%5Frna__v~patient-derived%5Fmelanoma__v~rna__v~control,frangieh_melanoma_control,env__v~frangiehizar2021%5Frna__v~patient-derived%5Fmelanoma__v~rna__v~co-culture,frangieh_melanoma_coculture,u_only_rf,u_only_rf,ptl_rf,144,807,150,0.272093571730668,0.2189559129271069,shared_identity_free_random_forest,shared_identity_free_random_forest,0.8388018777123689,0.7832021697778813,0.095142609631868,0.0395429016973803,0.0555997079344876,0.0555997079344876,0.0005478795855575,0.0,0,1,1,1,0,1,1,0.4985830540954204,0.1540570709552742
20260907,env__v~frangiehizar2021%5Frna__v~patient-derived%5Fmelanoma__v~rna__v~control,frangieh_melanoma_control,env__v~frangiehizar2021%5Frna__v~patient-derived%5Fmelanoma__v~rna__v~ifn%CE%B3,frangieh_melanoma_ifng,u_only_rf,u_only_rf,ptl_rf,144,804,150,0.2541378159188069,0.2189559129271069,shared_identity_free_random_forest,shared_identity_free_random_forest,0.6728912360063477,0.6528216633434399,0.0881811859892106,0.0681116133263028,0.0200695726629077,0.0200695726629077,0.009323207093883,0.0249999999999999,0,1,1,1,0,1,1,0.3138494471905262,0.2166424202008091
20260907,env__v~frangiehizar2021%5Frna__v~patient-derived%5Fmelanoma__v~rna__v~control,frangieh_melanoma_control,env__v~normanweissman2019%5Ffiltered__v~k562__v~rna__v~baseline,norman_k562,u_only_rf,u_only_rf,ptl_rf,144,810,144,0.2178907238158317,0.2189559129271069,shared_identity_free_random_forest,shared_identity_free_random_forest,0.4029864139697777,0.3624294533233118,0.247813428151061,0.2072564675045951,0.0405569606464659,0.0405569606464659,0.0152803190607233,0.0086206896551724,0,0,0,0,0,0,0,1.486059093111514,0.6856368340655105
20260907,env__v~frangiehizar2021%5Frna__v~patient-derived%5Fmelanoma__v~rna__v~control,frangieh_melanoma_control,env__v~replogleweissman2022%5Frpe1__v~rpe1__v~rna__v~baseline,replogle_rpe1,u_only_rf,u_only_rf,ptl_rf,144,852,99,0.2560456782902635,0.2189559129271069,shared_identity_free_random_forest,shared_identity_free_random_forest,0.872588507622795,0.8337820952718606,0.1954373973384782,0.1566309849875438,0.0388064123509344,0.0388064123509344,0.0129226954927293,0.0125,0,0,0,0,0,0,0,1.1517315785453843,4.309267745887
20260907,env__v~frangiehizar2021%5Frna__v~patient-derived%5Fmelanoma__v~rna__v~control,frangieh_melanoma_control,env__v~tiankampmann2021%5Fcrispra__v~ipsc-induced%5Fneuron__v~rna__v~baseline,tian_neuron_crispra,u_only_rf,u_only_rf,ptl_rf,144,891,60,0.2311976883544747,0.2189559129271069,shared_identity_free_random_forest,shared_identity_free_random_forest,0.5882284255388469,0.5775667010891861,0.1404270056287438,0.129765281179083,0.0106617244496608,0.0106617244496608,-0.0032824932655235,-0.0208333333333333,0,0,0,0,0,0,0,0.7694752953439193,0.3368926502558625
20260907,env__v~frangiehizar2021%5Frna__v~patient-derived%5Fmelanoma__v~rna__v~control,frangieh_melanoma_control,env__v~tiankampmann2021%5Fcrispri__v~ipsc-induced%5Fneuron__v~rna__v~baseline,tian_neuron_crispri,u_only_rf,u_only_rf,ptl_rf,144,843,114,0.2135134454250443,0.2189559129271069,shared_identity_free_random_forest,shared_identity_free_random_forest,0.5152341712344042,0.5282556577297721,0.0313362262051976,0.0443577127005656,-0.0130214864953679,-0.0130214864953679,-0.0021702450000063,0.0108695652173913,0,0,0,0,0,0,0,1.0232273909707297,0.1644445334168145
20260907,env__v~frangiehizar2021%5Frna__v~patient-derived%5Fmelanoma__v~rna__v~control,frangieh_melanoma_control,env__v~xucao2023__v~hek293__v~rna__v~baseline,xu_he293,u_only_rf,u_only_rf,ptl_rf,144,843,114,0.2467808335318803,0.2189559129271069,shared_identity_free_random_forest,shared_identity_free_random_forest,0.742240836243791,0.6785941002874464,0.1369287046719667,0.073281968715622,0.0636467359563446,0.0636467359563446,0.0151593744135088,0.0543478260869565,0,0,0,0,0,0,0,1.312656776426072,0.9476327998289148
20260907,env__v~frangiehizar2021%5Frna__v~patient-derived%5Fmelanoma__v~rna__v~ifn%CE%B3,frangieh_melanoma_ifng,env__v~frangiehizar2021%5Frna__v~patient-derived%5Fmelanoma__v~rna__v~co-culture,frangieh_melanoma_coculture,u_only_rf,u_only_rf,ptl_rf,147,807,150,0.272093571730668,0.1848246288504632,shared_identity_free_random_forest,shared_identity_free_random_forest,0.8388018777123689,0.7955919271809296,0.095142609631868,0.0519326591004287,0.0432099505314392,0.0432099505314392,0.0026269945939433,0.0,0,1,1,1,0,1,1,0.2928637285538823,0.1817727277357747
20260907,env__v~frangiehizar2021%5Frna__v~patient-derived%5Fmelanoma__v~rna__v~ifn%CE%B3,frangieh_melanoma_ifng,env__v~frangiehizar2021%5Frna__v~patient-derived%5Fmelanoma__v~rna__v~control,frangieh_melanoma_control,u_only_rf,u_only_rf,ptl_rf,147,807,150,0.2541085670350536,0.1848246288504632,shared_identity_free_random_forest,shared_identity_free_random_forest,0.7187415720556303,0.7375808683487212,0.0749235649887537,0.0937628612818446,-0.0188392962930908,-0.0188392962930908,-0.0058025173511866,-0.0083333333333333,0,1,1,1,0,1,1,0.3001752247122114,0.3006586046869346
20260907,env__v~frangiehizar2021%5Frna__v~patient-derived%5Fmelanoma__v~rna__v~ifn%CE%B3,frangieh_melanoma_ifng,env__v~normanweissman2019%5Ffiltered__v~k562__v~rna__v~baseline,norman_k562,u_only_rf,u_only_rf,ptl_rf,147,810,144,0.2178907238158317,0.1848246288504632,shared_identity_free_random_forest,shared_identity_free_random_forest,0.4029864139697777,0.4080754487483237,0.247813428151061,0.252902462929607,-0.0050890347785459,-0.0050890347785459,0.0187254943877567,0.0086206896551724,0,0,0,0,0,0,0,1.445435260466886,0.5621774190867175
20260907,env__v~frangiehizar2021%5Frna__v~patient-derived%5Fmelanoma__v~rna__v~ifn%CE%B3,frangieh_melanoma_ifng,env__v~replogleweissman2022%5Frpe1__v~rpe1__v~rna__v~baseline,replogle_rpe1,u_only_rf,u_only_rf,ptl_rf,147,852,99,0.2560456782902635,0.1848246288504632,shared_identity_free_random_forest,shared_identity_free_random_forest,0.872588507622795,0.8314315024452921,0.1954373973384782,0.1542803921609752,0.0411570051775029,0.0411570051775029,0.0214532345976442,0.0125,0,0,0,0,0,0,0,0.963522704287095,4.027297933973479
20260907,env__v~frangiehizar2021%5Frna__v~patient-derived%5Fmelanoma__v~rna__v~ifn%CE%B3,frangieh_melanoma_ifng,env__v~tiankampmann2021%5Fcrispra__v~ipsc-induced%5Fneuron__v~rna__v~baseline,tian_neuron_crispra,u_only_rf,u_only_rf,ptl_rf,147,891,60,0.2311976883544747,0.1848246288504632,shared_identity_free_random_forest,shared_identity_free_random_forest,0.5882284255388469,0.576767418268546,0.1404270056287438,0.128965998358443,0.0114610072703008,0.0114610072703008,-0.0001955823290641,0.0,0,0,0,0,0,0,0,0.4499487811474784,0.3986161402635688
20260907,env__v~frangiehizar2021%5Frna__v~patient-derived%5Fmelanoma__v~rna__v~ifn%CE%B3,frangieh_melanoma_ifng,env__v~tiankampmann2021%5Fcrispri__v~ipsc-induced%5Fneuron__v~rna__v~baseline,tian_neuron_crispri,u_only_rf,u_only_rf,ptl_rf,147,843,114,0.2135134454250443,0.1848246288504632,shared_identity_free_random_forest,shared_identity_free_random_forest,0.5152341712344042,0.535614325319686,0.0313362262051976,0.0517163802904794,-0.0203801540852818,-0.0203801540852818,-0.009597781919469,0.0108695652173913,0,0,0,0,0,0,0,0.7163618530007988,0.4402859132494807
20260907,env__v~frangiehizar2021%5Frna__v~patient-derived%5Fmelanoma__v~rna__v~ifn%CE%B3,frangieh_melanoma_ifng,env__v~xucao2023__v~hek293__v~rna__v~baseline,xu_he293,u_only_rf,u_only_rf,ptl_rf,147,843,114,0.2467808335318803,0.1848246288504632,shared_identity_free_random_forest,shared_identity_free_random_forest,0.742240836243791,0.6684017501906135,0.1369287046719667,0.0630896186187892,0.0738390860531774,0.0738390860531774,0.0238711049548324,0.0869565217391303,0,0,0,0,0,0,0,0.9823090372972518,0.7041707586718013
20260907,env__v~normanweissman2019%5Ffiltered__v~k562__v~rna__v~baseline,norman_k562,env__v~frangiehizar2021%5Frna__v~patient-derived%5Fmelanoma__v~rna__v~co-culture,frangieh_melanoma_coculture,u_only_rf,u_only_rf,ptl_rf,141,807,150,0.272093571730668,0.5766813938499554,shared_identity_free_random_forest,shared_identity_free_random_forest,0.8388018777123689,0.7957309681213864,0.095142609631868,0.0520717000408855,0.0430709095909824,0.0430709095909824,0.0028265617322007,0.0,0,0,0,0,0,0,0,1.75683296704573,0.5428607435555404
20260907,env__v~normanweissman2019%5Ffiltered__v~k562__v~rna__v~baseline,norman_k562,env__v~frangiehizar2021%5Frna__v~patient-derived%5Fmelanoma__v~rna__v~control,frangieh_melanoma_control,u_only_rf,u_only_rf,ptl_rf,141,807,150,0.2541085670350536,0.5766813938499554,shared_identity_free_random_forest,shared_identity_free_random_forest,0.7187415720556303,0.7346393134717022,0.0749235649887537,0.0908213064048256,-0.0158977414160719,-0.0158977414160719,-0.0237818588218278,-0.0583333333333333,0,0,0,0,0,0,0,1.5294178823686244,0.573354972953014
20260907,env__v~normanweissman2019%5Ffiltered__v~k562__v~rna__v~baseline,norman_k562,env__v~frangiehizar2021%5Frna__v~patient-derived%5Fmelanoma__v~rna__v~ifn%CE%B3,frangieh_melanoma_ifng,u_only_rf,u_only_rf,ptl_rf,141,804,150,0.2541378159188069,0.5766813938499554,shared_identity_free_random_forest,shared_identity_free_random_forest,0.6728912360063477,0.6543798655936549,0.0881811859892106,0.0696698155765178,0.0185113704126927,0.0185113704126927,0.0053440765948721,0.0416666666666666,0,0,0,0,0,0,0,1.5275709782021156,0.4948251901459354
20260907,env__v~normanweissman2019%5Ffiltered__v~k562__v~rna__v~baseline,norman_k562,env__v~replogleweissman2022%5Frpe1__v~rpe1__v~rna__v~baseline,replogle_rpe1,u_only_rf,u_only_rf,ptl_rf,141,852,99,0.2560456782902635,0.5766813938499554,shared_identity_free_random_forest,shared_identity_free_random_forest,0.872588507622795,0.8522730482464678,0.1954373973384782,0.1751219379621509,0.0203154593763272,0.0203154593763272,-0.0025550877897636,-0.0374999999999999,0,0,0,1,1,0,0,0.7301599268673107,3.957739142008033
20260907,env__v~normanweissman2019%5Ffiltered__v~k562__v~rna__v~baseline,norman_k562,env__v~tiankampmann2021%5Fcrispra__v~ipsc-induced%5Fneuron__v~rna__v~baseline,tian_neuron_crispra,u_only_rf,u_only_rf,ptl_rf,141,891,60,0.2311976883544747,0.5766813938499554,shared_identity_free_random_forest,shared_identity_free_random_forest,0.5882284255388469,0.58647473736683,0.1404270056287438,0.1386733174567269,0.0017536881720169,0.0017536881720169,-0.0119327132803159,-0.0208333333333333,0,0,1,1,1,0,0,1.2937673228413458,0.3669301922112669
20260907,env__v~normanweissman2019%5Ffiltered__v~k562__v~rna__v~baseline,norman_k562,env__v~tiankampmann2021%5Fcrispri__v~ipsc-induced%5Fneuron__v~rna__v~baseline,tian_neuron_crispri,u_only_rf,u_only_rf,ptl_rf,141,843,114,0.2135134454250443,0.5766813938499554,shared_identity_free_random_forest,shared_identity_free_random_forest,0.5152341712344042,0.5097089147780702,0.0313362262051976,0.0258109697488637,0.0055252564563339,0.0055252564563339,0.0101780785384161,0.0108695652173913,0,0,0,1,1,0,0,1.985216843103111,0.5981648661014729
20260907,env__v~normanweissman2019%5Ffiltered__v~k562__v~rna__v~baseline,norman_k562,env__v~xucao2023__v~hek293__v~rna__v~baseline,xu_he293,u_only_rf,u_only_rf,ptl_rf,141,843,114,0.2467808335318803,0.5766813938499554,shared_identity_free_random_forest,shared_identity_free_random_forest,0.742240836243791,0.7302949389310158,0.1369287046719667,0.1249828073591915,0.0119458973127751,0.0119458973127751,-0.0010737353293993,-0.0108695652173913,0,0,0,1,1,0,0,1.434693009815119,0.7456956852605605
20260907,env__v~replogleweissman2022%5Frpe1__v~rpe1__v~rna__v~baseline,replogle_rpe1,env__v~frangiehizar2021%5Frna__v~patient-derived%5Fmelanoma__v~rna__v~co-culture,frangieh_melanoma_coculture,u_only_rf,u_only_rf,ptl_rf,99,807,150,0.272093571730668,0.064725742522495,shared_identity_free_random_forest,shared_identity_free_random_forest,0.8388018777123689,0.82710283242699,0.095142609631868,0.0834435643464891,0.0116990452853789,0.0116990452853789,0.0017342622944426,0.0,0,0,0,0,0,0,0,1.1524075941763892,3.721845257999441
20260907,env__v~replogleweissman2022%5Frpe1__v~rpe1__v~rna__v~baseline,replogle_rpe1,env__v~frangiehizar2021%5Frna__v~patient-derived%5Fmelanoma__v~rna__v~control,frangieh_melanoma_control,u_only_rf,u_only_rf,ptl_rf,99,807,150,0.2541085670350536,0.064725742522495,shared_identity_free_random_forest,shared_identity_free_random_forest,0.7187415720556303,0.7336677025954753,0.0749235649887537,0.0898496955285987,-0.014926130539845,-0.014926130539845,0.0028483064818042,0.0416666666666666,0,0,0,0,0,0,0,1.082600190186426,3.856924738437392
20260907,env__v~replogleweissman2022%5Frpe1__v~rpe1__v~rna__v~baseline,replogle_rpe1,env__v~frangiehizar2021%5Frna__v~patient-derived%5Fmelanoma__v~rna__v~ifn%CE%B3,frangieh_melanoma_ifng,u_only_rf,u_only_rf,ptl_rf,99,804,150,0.2541378159188069,0.064725742522495,shared_identity_free_random_forest,shared_identity_free_random_forest,0.6728912360063477,0.6847367985111168,0.0881811859892106,0.1000267484939797,-0.011845562504769,-0.011845562504769,0.0180049647736556,0.0583333333333332,0,0,0,0,0,0,0,0.9709385862356535,3.650593977025901
20260907,env__v~replogleweissman2022%5Frpe1__v~rpe1__v~rna__v~baseline,replogle_rpe1,env__v~normanweissman2019%5Ffiltered__v~k562__v~rna__v~baseline,norman_k562,u_only_rf,u_only_rf,ptl_rf,99,810,144,0.2178907238158317,0.064725742522495,shared_identity_free_random_forest,shared_identity_free_random_forest,0.4029864139697777,0.411170929166106,0.247813428151061,0.2559979433473894,-0.0081845151963283,-0.0081845151963283,-0.022650422696421,-0.0086206896551723,0,0,0,1,1,0,0,0.7124848863336883,3.356015683349688
20260907,env__v~replogleweissman2022%5Frpe1__v~rpe1__v~rna__v~baseline,replogle_rpe1,env__v~tiankampmann2021%5Fcrispra__v~ipsc-induced%5Fneuron__v~rna__v~baseline,tian_neuron_crispra,u_only_rf,u_only_rf,ptl_rf,99,891,60,0.2311976883544747,0.064725742522495,shared_identity_free_random_forest,shared_identity_free_random_forest,0.5882284255388469,0.565127811145613,0.1404270056287438,0.1173263912355099,0.0231006143932339,0.0231006143932339,0.0062584777475812,0.0,0,0,0,1,1,0,0,0.5838454439517032,3.71676748466522
20260907,env__v~replogleweissman2022%5Frpe1__v~rpe1__v~rna__v~baseline,replogle_rpe1,env__v~tiankampmann2021%5Fcrispri__v~ipsc-induced%5Fneuron__v~rna__v~baseline,tian_neuron_crispri,u_only_rf,u_only_rf,ptl_rf,99,843,114,0.2135134454250443,0.064725742522495,shared_identity_free_random_forest,shared_identity_free_random_forest,0.5152341712344042,0.54851511620825,0.0313362262051976,0.0646171711790434,-0.0332809449738458,-0.0332809449738458,-0.0053286186930284,0.0108695652173913,0,0,1,1,1,0,0,1.265771876425569,4.024388159877435
20260907,env__v~replogleweissman2022%5Frpe1__v~rpe1__v~rna__v~baseline,replogle_rpe1,env__v~xucao2023__v~hek293__v~rna__v~baseline,xu_he293,u_only_rf,u_only_rf,ptl_rf,99,843,114,0.2467808335318803,0.064725742522495,shared_identity_free_random_forest,shared_identity_free_random_forest,0.742240836243791,0.7077241088591985,0.1369287046719667,0.1024119772873741,0.0345167273845925,0.0345167273845925,0.0257861282008747,0.0869565217391303,0,0,1,1,1,0,0,0.7060284686633553,2.964850042203487
20260907,env__v~tiankampmann2021%5Fcrispra__v~ipsc-induced%5Fneuron__v~rna__v~baseline,tian_neuron_crispra,env__v~frangiehizar2021%5Frna__v~patient-derived%5Fmelanoma__v~rna__v~co-culture,frangieh_melanoma_coculture,u_only_rf,u_only_rf,ptl_rf,60,807,150,0.272093571730668,0.3297083346188559,shared_identity_free_random_forest,shared_identity_free_random_forest,0.8388018777123689,0.8048262806931104,0.095142609631868,0.0611670126126094,0.0339755970192585,0.0339755970192585,0.0028269995505768,0.0,0,0,0,0,0,0,0,0.5541480205094578,0.3862926674156982
20260907,env__v~tiankampmann2021%5Fcrispra__v~ipsc-induced%5Fneuron__v~rna__v~baseline,tian_neuron_crispra,env__v~frangiehizar2021%5Frna__v~patient-derived%5Fmelanoma__v~rna__v~control,frangieh_melanoma_control,u_only_rf,u_only_rf,ptl_rf,60,807,150,0.2541085670350536,0.3297083346188559,shared_identity_free_random_forest,shared_identity_free_random_forest,0.7187415720556303,0.7363827301882285,0.0749235649887537,0.092564723121352,-0.0176411581325982,-0.0176411581325982,-0.0120371140713239,-0.025,0,0,0,0,0,0,0,0.6737685655321223,0.3602906169881525
20260907,env__v~tiankampmann2021%5Fcrispra__v~ipsc-induced%5Fneuron__v~rna__v~baseline,tian_neuron_crispra,env__v~frangiehizar2021%5Frna__v~patient-derived%5Fmelanoma__v~rna__v~ifn%CE%B3,frangieh_melanoma_ifng,u_only_rf,u_only_rf,ptl_rf,60,804,150,0.2541378159188069,0.3297083346188559,shared_identity_free_random_forest,shared_identity_free_random_forest,0.6728912360063477,0.6720567220721605,0.0881811859892106,0.0873466720550234,0.0008345139341872,0.0008345139341872,0.007355792471177,0.0249999999999999,0,0,0,0,0,0,0,0.4551516082919994,0.3902187189112427
20260907,env__v~tiankampmann2021%5Fcrispra__v~ipsc-induced%5Fneuron__v~rna__v~baseline,tian_neuron_crispra,env__v~normanweissman2019%5Ffiltered__v~k562__v~rna__v~baseline,norman_k562,u_only_rf,u_only_rf,ptl_rf,60,810,144,0.2178907238158317,0.3297083346188559,shared_identity_free_random_forest,shared_identity_free_random_forest,0.4029864139697777,0.3964617653964139,0.247813428151061,0.2412887795776973,0.0065246485733637,0.0065246485733637,0.0215376124540025,0.0172413793103448,0,0,1,1,1,0,0,1.3000217028809122,0.4912150207947878
20260907,env__v~tiankampmann2021%5Fcrispra__v~ipsc-induced%5Fneuron__v~rna__v~baseline,tian_neuron_crispra,env__v~replogleweissman2022%5Frpe1__v~rpe1__v~rna__v~baseline,replogle_rpe1,u_only_rf,u_only_rf,ptl_rf,60,852,99,0.2560456782902635,0.3297083346188559,shared_identity_free_random_forest,shared_identity_free_random_forest,0.872588507622795,0.8326761664892529,0.1954373973384782,0.155525056204936,0.0399123411335421,0.0399123411335421,0.0209587004734768,0.025,0,0,0,1,1,0,0,0.6922310519783667,4.19659009793807
20260907,env__v~tiankampmann2021%5Fcrispra__v~ipsc-induced%5Fneuron__v~rna__v~baseline,tian_neuron_crispra,env__v~tiankampmann2021%5Fcrispri__v~ipsc-induced%5Fneuron__v~rna__v~baseline,tian_neuron_crispri,u_only_rf,u_only_rf,ptl_rf,60,843,114,0.2135134454250443,0.3297083346188559,shared_identity_free_random_forest,shared_identity_free_random_forest,0.5152341712344042,0.5252259028776267,0.0313362262051976,0.0413279578484201,-0.0099917316432225,-0.0099917316432225,0.0091755590979828,0.0108695652173913,0,1,0,1,1,0,0,0.6561885726589428,0.3699862593626702
20260907,env__v~tiankampmann2021%5Fcrispra__v~ipsc-induced%5Fneuron__v~rna__v~baseline,tian_neuron_crispra,env__v~xucao2023__v~hek293__v~rna__v~baseline,xu_he293,u_only_rf,u_only_rf,ptl_rf,60,843,114,0.2467808335318803,0.3297083346188559,shared_identity_free_random_forest,shared_identity_free_random_forest,0.742240836243791,0.6743189722391392,0.1369287046719667,0.0690068406673148,0.0679218640046518,0.0679218640046518,0.0257893965933406,0.0978260869565217,0,0,0,1,1,0,0,0.6006434203232629,0.9350850071764436
20260907,env__v~tiankampmann2021%5Fcrispri__v~ipsc-induced%5Fneuron__v~rna__v~baseline,tian_neuron_crispri,env__v~frangiehizar2021%5Frna__v~patient-derived%5Fmelanoma__v~rna__v~co-culture,frangieh_melanoma_coculture,u_only_rf,u_only_rf,ptl_rf,108,807,150,0.272093571730668,0.3948869600000639,shared_identity_free_random_forest,shared_identity_free_random_forest,0.8388018777123689,0.7808422390053031,0.095142609631868,0.0371829709248022,0.0579596387070657,0.0579596387070657,0.0058830858111348,0.0,0,0,0,0,0,0,0,0.5538349110790114,0.3714571212564869
20260907,env__v~tiankampmann2021%5Fcrispri__v~ipsc-induced%5Fneuron__v~rna__v~baseline,tian_neuron_crispri,env__v~frangiehizar2021%5Frna__v~patient-derived%5Fmelanoma__v~rna__v~control,frangieh_melanoma_control,u_only_rf,u_only_rf,ptl_rf,108,807,150,0.2541085670350536,0.3948869600000639,shared_identity_free_random_forest,shared_identity_free_random_forest,0.7187415720556303,0.7353802418923756,0.0749235649887537,0.091562234825499,-0.0166386698367453,-0.0166386698367453,-0.0068827294278034,-0.0083333333333333,0,0,0,0,0,0,0,0.97227903779138,0.2362301527692135
20260907,env__v~tiankampmann2021%5Fcrispri__v~ipsc-induced%5Fneuron__v~rna__v~baseline,tian_neuron_crispri,env__v~frangiehizar2021%5Frna__v~patient-derived%5Fmelanoma__v~rna__v~ifn%CE%B3,frangieh_melanoma_ifng,u_only_rf,u_only_rf,ptl_rf,108,804,150,0.2541378159188069,0.3948869600000639,shared_identity_free_random_forest,shared_identity_free_random_forest,0.6728912360063477,0.6459473094434381,0.0881811859892106,0.061237259426301,0.0269439265629095,0.0269439265629095,0.0171452230605059,0.0499999999999999,0,0,0,0,0,0,0,0.7403916521185431,0.4425596823819252
20260907,env__v~tiankampmann2021%5Fcrispri__v~ipsc-induced%5Fneuron__v~rna__v~baseline,tian_neuron_crispri,env__v~normanweissman2019%5Ffiltered__v~k562__v~rna__v~baseline,norman_k562,u_only_rf,u_only_rf,ptl_rf,108,810,144,0.2178907238158317,0.3948869600000639,shared_identity_free_random_forest,shared_identity_free_random_forest,0.4029864139697777,0.3861940074950106,0.247813428151061,0.231021021676294,0.016792406474767,0.016792406474767,0.0177248161272396,0.0086206896551724,0,0,0,1,1,0,0,1.988813261061877,0.7892164586380939
20260907,env__v~tiankampmann2021%5Fcrispri__v~ipsc-induced%5Fneuron__v~rna__v~baseline,tian_neuron_crispri,env__v~replogleweissman2022%5Frpe1__v~rpe1__v~rna__v~baseline,replogle_rpe1,u_only_rf,u_only_rf,ptl_rf,108,852,99,0.2560456782902635,0.3948869600000639,shared_identity_free_random_forest,shared_identity_free_random_forest,0.872588507622795,0.8380631786293773,0.1954373973384782,0.1609120683450604,0.0345253289934177,0.0345253289934177,0.0117549758026923,0.0,0,0,1,1,1,0,0,1.3488144663246062,4.534538950461952
20260907,env__v~tiankampmann2021%5Fcrispri__v~ipsc-induced%5Fneuron__v~rna__v~baseline,tian_neuron_crispri,env__v~tiankampmann2021%5Fcrispra__v~ipsc-induced%5Fneuron__v~rna__v~baseline,tian_neuron_crispra,u_only_rf,u_only_rf,ptl_rf,108,891,60,0.2311976883544747,0.3948869600000639,shared_identity_free_random_forest,shared_identity_free_random_forest,0.5882284255388469,0.5599705838330418,0.1404270056287438,0.1121691639229387,0.0282578417058051,0.0282578417058051,0.0094479569238905,0.0208333333333333,0,1,0,1,1,0,0,0.7276555204036287,0.4373749786665197
20260907,env__v~tiankampmann2021%5Fcrispri__v~ipsc-induced%5Fneuron__v~rna__v~baseline,tian_neuron_crispri,env__v~xucao2023__v~hek293__v~rna__v~baseline,xu_he293,u_only_rf,u_only_rf,ptl_rf,108,843,114,0.2467808335318803,0.3948869600000639,shared_identity_free_random_forest,shared_identity_free_random_forest,0.742240836243791,0.6722100646174497,0.1369287046719667,0.0668979330456254,0.0700307716263413,0.0700307716263413,0.0260434057106561,0.0978260869565217,0,0,1,1,1,0,0,0.9013475890379432,1.1317547443720304
20260907,env__v~xucao2023__v~hek293__v~rna__v~baseline,xu_he293,env__v~frangiehizar2021%5Frna__v~patient-derived%5Fmelanoma__v~rna__v~co-culture,frangieh_melanoma_coculture,u_only_rf,u_only_rf,ptl_rf,108,807,150,0.272093571730668,0.2203192143822296,shared_identity_free_random_forest,shared_identity_free_random_forest,0.8388018777123689,0.8280816867270414,0.095142609631868,0.0844224186465405,0.0107201909853275,0.0107201909853275,0.0016206093034845,0.0,0,0,0,0,0,0,0,1.0872636845930523,0.8147540277098043
20260907,env__v~xucao2023__v~hek293__v~rna__v~baseline,xu_he293,env__v~frangiehizar2021%5Frna__v~patient-derived%5Fmelanoma__v~rna__v~control,frangieh_melanoma_control,u_only_rf,u_only_rf,ptl_rf,108,807,150,0.2541085670350536,0.2203192143822296,shared_identity_free_random_forest,shared_identity_free_random_forest,0.7187415720556303,0.7563078966106059,0.0749235649887537,0.1124898895437294,-0.0375663245549756,-0.0375663245549756,-0.0251417615088672,-0.0749999999999999,0,0,0,0,0,0,0,1.282975861983655,0.926885236477136
20260907,env__v~xucao2023__v~hek293__v~rna__v~baseline,xu_he293,env__v~frangiehizar2021%5Frna__v~patient-derived%5Fmelanoma__v~rna__v~ifn%CE%B3,frangieh_melanoma_ifng,u_only_rf,u_only_rf,ptl_rf,108,804,150,0.2541378159188069,0.2203192143822296,shared_identity_free_random_forest,shared_identity_free_random_forest,0.6728912360063477,0.718906283086368,0.0881811859892106,0.1341962330692309,-0.0460150470800202,-0.0460150470800202,0.014927477102656,0.0333333333333333,0,0,0,0,0,0,0,1.0548254490355,0.7164130872607565
20260907,env__v~xucao2023__v~hek293__v~rna__v~baseline,xu_he293,env__v~normanweissman2019%5Ffiltered__v~k562__v~rna__v~baseline,norman_k562,u_only_rf,u_only_rf,ptl_rf,108,810,144,0.2178907238158317,0.2203192143822296,shared_identity_free_random_forest,shared_identity_free_random_forest,0.4029864139697777,0.4439170180641149,0.247813428151061,0.2887440322453982,-0.0409306040943371,-0.0409306040943371,0.0084045201235993,-0.0086206896551723,0,0,0,1,1,0,0,1.4094832268170026,0.7331160361876987
20260907,env__v~xucao2023__v~hek293__v~rna__v~baseline,xu_he293,env__v~replogleweissman2022%5Frpe1__v~rpe1__v~rna__v~baseline,replogle_rpe1,u_only_rf,u_only_rf,ptl_rf,108,852,99,0.2560456782902635,0.2203192143822296,shared_identity_free_random_forest,shared_identity_free_random_forest,0.872588507622795,0.8311840691504414,0.1954373973384782,0.1540329588661245,0.0414044384723536,0.0414044384723536,0.0122360909877968,0.0,0,0,1,1,1,0,0,0.7264236927175999,3.4417358952152517
20260907,env__v~xucao2023__v~hek293__v~rna__v~baseline,xu_he293,env__v~tiankampmann2021%5Fcrispra__v~ipsc-induced%5Fneuron__v~rna__v~baseline,tian_neuron_crispra,u_only_rf,u_only_rf,ptl_rf,108,891,60,0.2311976883544747,0.2203192143822296,shared_identity_free_random_forest,shared_identity_free_random_forest,0.5882284255388469,0.5697084377696211,0.1404270056287438,0.121907017859518,0.0185199877692258,0.0185199877692258,0.0040977234986281,0.0208333333333333,0,0,0,1,1,0,0,0.5533927559628968,0.8676562739550338
20260907,env__v~xucao2023__v~hek293__v~rna__v~baseline,xu_he293,env__v~tiankampmann2021%5Fcrispri__v~ipsc-induced%5Fneuron__v~rna__v~baseline,tian_neuron_crispri,u_only_rf,u_only_rf,ptl_rf,108,843,114,0.2135134454250443,0.2203192143822296,shared_identity_free_random_forest,shared_identity_free_random_forest,0.5152341712344042,0.564426594649074,0.0313362262051976,0.0805286496198674,-0.0491924234146697,-0.0491924234146697,-0.0156376041315149,0.0108695652173913,0,0,1,1,1,0,0,0.8616844807333988,1.0249512328971058
20260917,env__v~frangiehizar2021%5Frna__v~patient-derived%5Fmelanoma__v~rna__v~co-culture,frangieh_melanoma_coculture,env__v~frangiehizar2021%5Frna__v~patient-derived%5Fmelanoma__v~rna__v~control,frangieh_melanoma_control,raw_scalar_uq,raw_normalized_uq,ptl_rf,144,807,150,0.2651315042553184,0.10257408174921,shared_identity_free_random_forest,shared_identity_free_random_forest,0.7049467876503203,0.6934962811976075,0.0922669723145181,0.0808164658618054,0.0114505064527127,0.0114505064527127,0.0062718054556177,0.0,0,1,1,1,0,1,1,0.2060169458730993,0.1636507236757346
20260917,env__v~frangiehizar2021%5Frna__v~patient-derived%5Fmelanoma__v~rna__v~co-culture,frangieh_melanoma_coculture,env__v~frangiehizar2021%5Frna__v~patient-derived%5Fmelanoma__v~rna__v~ifn%CE%B3,frangieh_melanoma_ifng,raw_scalar_uq,raw_normalized_uq,ptl_rf,144,804,150,0.2523108445092906,0.10257408174921,shared_identity_free_random_forest,shared_identity_free_random_forest,0.684849390116062,0.6889842524279355,0.0807523943116089,0.0848872566234824,-0.0041348623118734,-0.0041348623118734,0.0013096871501239,0.0,0,1,1,1,0,1,1,0.2135950261693528,0.1299613988231268
20260917,env__v~frangiehizar2021%5Frna__v~patient-derived%5Fmelanoma__v~rna__v~co-culture,frangieh_melanoma_coculture,env__v~normanweissman2019%5Ffiltered__v~k562__v~rna__v~baseline,norman_k562,raw_scalar_uq,raw_normalized_uq,ptl_rf,144,810,144,0.222933392300216,0.10257408174921,shared_identity_free_random_forest,shared_identity_free_random_forest,0.3091591720731087,0.328429905851086,0.139298627770145,0.1585693615481223,-0.0192707337779772,-0.0192707337779772,0.0582911895475136,0.0344827586206896,0,0,0,0,0,0,0,1.693469387554471,0.6031977789274366
20260917,env__v~frangiehizar2021%5Frna__v~patient-derived%5Fmelanoma__v~rna__v~co-culture,frangieh_melanoma_coculture,env__v~replogleweissman2022%5Frpe1__v~rpe1__v~rna__v~baseline,replogle_rpe1,raw_scalar_uq,raw_normalized_uq,ptl_rf,144,852,99,0.2720003042439955,0.10257408174921,shared_identity_free_random_forest,shared_identity_free_random_forest,0.8307695002540401,0.8404500109725472,0.152809612492533,0.1624901232110401,-0.0096805107185071,-0.0096805107185071,0.0116712966115737,0.0374999999999999,0,0,0,0,0,0,0,1.328540521501295,5.345559826743708
20260917,env__v~frangiehizar2021%5Frna__v~patient-derived%5Fmelanoma__v~rna__v~co-culture,frangieh_melanoma_coculture,env__v~tiankampmann2021%5Fcrispra__v~ipsc-induced%5Fneuron__v~rna__v~baseline,tian_neuron_crispra,raw_scalar_uq,raw_normalized_uq,ptl_rf,144,891,60,0.2362266848851924,0.10257408174921,shared_identity_free_random_forest,shared_identity_free_random_forest,0.5514229832575425,0.5461757248692589,0.1411406434777688,0.1358933850894852,0.0052472583882835,0.0052472583882835,0.0040453956225083,0.0208333333333332,0,0,0,0,0,0,0,0.7626427583056908,0.3055744579318284
20260917,env__v~frangiehizar2021%5Frna__v~patient-derived%5Fmelanoma__v~rna__v~co-culture,frangieh_melanoma_coculture,env__v~tiankampmann2021%5Fcrispri__v~ipsc-induced%5Fneuron__v~rna__v~baseline,tian_neuron_crispri,raw_scalar_uq,raw_normalized_uq,ptl_rf,144,843,114,0.225843831196722,0.10257408174921,shared_identity_free_random_forest,shared_identity_free_random_forest,0.5390336680653837,0.5100090384385662,0.0706678346022434,0.0416432049754258,0.0290246296268175,0.0290246296268175,0.0211050185646533,0.0108695652173913,0,0,0,0,0,0,0,1.0426284031915751,0.2887044062519324
20260917,env__v~frangiehizar2021%5Frna__v~patient-derived%5Fmelanoma__v~rna__v~co-culture,frangieh_melanoma_coculture,env__v~xucao2023__v~hek293__v~rna__v~baseline,xu_he293,raw_scalar_uq,raw_normalized_uq,ptl_rf,144,843,114,0.2543664752012107,0.10257408174921,shared_identity_free_random_forest,shared_identity_free_random_forest,0.6654099031017698,0.6625211024338399,0.0686909239153732,0.0658021232474432,0.0028888006679299,0.0028888006679299,0.0004563256014907,0.0,0,0,0,0,0,0,0,1.2651718518289576,0.8256522932941681
20260917,env__v~frangiehizar2021%5Frna__v~patient-derived%5Fmelanoma__v~rna__v~control,frangieh_melanoma_control,env__v~frangiehizar2021%5Frna__v~patient-derived%5Fmelanoma__v~rna__v~co-culture,frangieh_melanoma_coculture,raw_scalar_uq,raw_normalized_uq,ptl_rf,144,807,150,0.2849994558385495,0.2057440767387822,shared_identity_free_random_forest,shared_identity_free_random_forest,0.79436026325443,0.8105849350870366,0.0947091958324436,0.1109338676650502,-0.0162246718326065,-0.0162246718326065,0.0010638419233444,0.0,0,1,1,1,0,1,1,0.2573105835974757,0.2252692280808099
20260917,env__v~frangiehizar2021%5Frna__v~patient-derived%5Fmelanoma__v~rna__v~control,frangieh_melanoma_control,env__v~frangiehizar2021%5Frna__v~patient-derived%5Fmelanoma__v~rna__v~ifn%CE%B3,frangieh_melanoma_ifng,raw_scalar_uq,raw_normalized_uq,ptl_rf,144,804,150,0.2523108445092906,0.2057440767387822,shared_identity_free_random_forest,shared_identity_free_random_forest,0.684849390116062,0.6838959177832654,0.0807523943116089,0.0797989219788123,0.0009534723327966,0.0009534723327966,0.0049812638238895,0.0083333333333334,0,1,1,1,0,1,1,0.0532302256966244,0.1122079138711637
20260917,env__v~frangiehizar2021%5Frna__v~patient-derived%5Fmelanoma__v~rna__v~control,frangieh_melanoma_control,env__v~normanweissman2019%5Ffiltered__v~k562__v~rna__v~baseline,norman_k562,raw_scalar_uq,raw_normalized_uq,ptl_rf,144,810,144,0.222933392300216,0.2057440767387822,shared_identity_free_random_forest,shared_identity_free_random_forest,0.3091591720731087,0.3115469532331989,0.139298627770145,0.1416864089302352,-0.0023877811600901,-0.0023877811600901,0.0607893714964449,0.0344827586206896,0,0,0,0,0,0,0,1.6435955883440811,0.6377969103465396
20260917,env__v~frangiehizar2021%5Frna__v~patient-derived%5Fmelanoma__v~rna__v~control,frangieh_melanoma_control,env__v~replogleweissman2022%5Frpe1__v~rpe1__v~rna__v~baseline,replogle_rpe1,raw_scalar_uq,raw_normalized_uq,ptl_rf,144,852,99,0.2720003042439955,0.2057440767387822,shared_identity_free_random_forest,shared_identity_free_random_forest,0.8307695002540401,0.8412298389881641,0.152809612492533,0.163269951226657,-0.0104603387341239,-0.0104603387341239,0.0054788213484555,0.0249999999999999,0,0,0,0,0,0,0,1.2203994100240143,5.455745444673058
20260917,env__v~frangiehizar2021%5Frna__v~patient-derived%5Fmelanoma__v~rna__v~control,frangieh_melanoma_control,env__v~tiankampmann2021%5Fcrispra__v~ipsc-induced%5Fneuron__v~rna__v~baseline,tian_neuron_crispra,raw_scalar_uq,raw_normalized_uq,ptl_rf,144,891,60,0.2362266848851924,0.2057440767387822,shared_identity_free_random_forest,shared_identity_free_random_forest,0.5514229832575425,0.5366759662566734,0.1411406434777688,0.1263936264768997,0.0147470170008691,0.0147470170008691,0.0104195808847185,0.0208333333333332,0,0,0,0,0,0,0,0.5633913912061713,0.1771230624676521
20260917,env__v~frangiehizar2021%5Frna__v~patient-derived%5Fmelanoma__v~rna__v~control,frangieh_melanoma_control,env__v~tiankampmann2021%5Fcrispri__v~ipsc-induced%5Fneuron__v~rna__v~baseline,tian_neuron_crispri,raw_scalar_uq,raw_normalized_uq,ptl_rf,144,843,114,0.225843831196722,0.2057440767387822,shared_identity_free_random_forest,shared_identity_free_random_forest,0.5390336680653837,0.5196304967541844,0.0706678346022434,0.0512646632910441,0.0194031713111992,0.0194031713111992,0.0225731601511554,0.0108695652173913,0,0,0,0,0,0,0,0.8648632087758551,0.1622130759996947
20260917,env__v~frangiehizar2021%5Frna__v~patient-derived%5Fmelanoma__v~rna__v~control,frangieh_melanoma_control,env__v~xucao2023__v~hek293__v~rna__v~baseline,xu_he293,raw_scalar_uq,raw_normalized_uq,ptl_rf,144,843,114,0.2543664752012107,0.2057440767387822,shared_identity_free_random_forest,shared_identity_free_random_forest,0.6654099031017698,0.6543030962825199,0.0686909239153732,0.0575841170961233,0.0111068068192499,0.0111068068192499,0.0078568227965428,0.0217391304347825,0,0,0,0,0,0,0,1.0705451477689945,0.8571420340125403
20260917,env__v~frangiehizar2021%5Frna__v~patient-derived%5Fmelanoma__v~rna__v~ifn%CE%B3,frangieh_melanoma_ifng,env__v~frangiehizar2021%5Frna__v~patient-derived%5Fmelanoma__v~rna__v~co-culture,frangieh_melanoma_coculture,raw_scalar_uq,raw_normalized_uq,ptl_rf,147,807,150,0.2849994558385495,0.2325580471825855,shared_identity_free_random_forest,shared_identity_free_random_forest,0.79436026325443,0.8093201653016379,0.0947091958324436,0.1096690978796515,-0.0149599020472078,-0.0149599020472078,0.0011895130415774,0.0,0,1,1,1,0,1,1,0.3062960159288228,0.1307424928175481
20260917,env__v~frangiehizar2021%5Frna__v~patient-derived%5Fmelanoma__v~rna__v~ifn%CE%B3,frangieh_melanoma_ifng,env__v~frangiehizar2021%5Frna__v~patient-derived%5Fmelanoma__v~rna__v~control,frangieh_melanoma_control,raw_scalar_uq,raw_normalized_uq,ptl_rf,147,807,150,0.2651315042553184,0.2325580471825855,shared_identity_free_random_forest,shared_identity_free_random_forest,0.7049467876503203,0.6827067484583171,0.0922669723145181,0.070026933122515,0.0222400391920031,0.0222400391920031,0.0101100624808837,0.0249999999999999,0,1,1,1,0,1,1,0.0777724520717047,0.1375430690981943
20260917,env__v~frangiehizar2021%5Frna__v~patient-derived%5Fmelanoma__v~rna__v~ifn%CE%B3,frangieh_melanoma_ifng,env__v~normanweissman2019%5Ffiltered__v~k562__v~rna__v~baseline,norman_k562,raw_scalar_uq,raw_normalized_uq,ptl_rf,147,810,144,0.222933392300216,0.2325580471825855,shared_identity_free_random_forest,shared_identity_free_random_forest,0.3091591720731087,0.3150835295884159,0.139298627770145,0.1452229852854522,-0.0059243575153072,-0.0059243575153072,0.073651285760287,0.0517241379310344,0,0,0,0,0,0,0,1.655228386268763,0.6093813569729377
20260917,env__v~frangiehizar2021%5Frna__v~patient-derived%5Fmelanoma__v~rna__v~ifn%CE%B3,frangieh_melanoma_ifng,env__v~replogleweissman2022%5Frpe1__v~rpe1__v~rna__v~baseline,replogle_rpe1,raw_scalar_uq,raw_normalized_uq,ptl_rf,147,852,99,0.2720003042439955,0.2325580471825855,shared_identity_free_random_forest,shared_identity_free_random_forest,0.8307695002540401,0.8419535581796018,0.152809612492533,0.1639936704180947,-0.0111840579255617,-0.0111840579255617,0.0066907315982047,0.0249999999999999,0,0,0,0,0,0,0,1.2171767399307265,5.321564886565815
20260917,env__v~frangiehizar2021%5Frna__v~patient-derived%5Fmelanoma__v~rna__v~ifn%CE%B3,frangieh_melanoma_ifng,env__v~tiankampmann2021%5Fcrispra__v~ipsc-induced%5Fneuron__v~rna__v~baseline,tian_neuron_crispra,raw_scalar_uq,raw_normalized_uq,ptl_rf,147,891,60,0.2362266848851924,0.2325580471825855,shared_identity_free_random_forest,shared_identity_free_random_forest,0.5514229832575425,0.5623033834598841,0.1411406434777688,0.1520210436801104,-0.0108804002023416,-0.0108804002023416,-0.0094367079146038,0.0,0,0,0,0,0,0,0,0.5211918279625927,0.3024144389630291
20260917,env__v~frangiehizar2021%5Frna__v~patient-derived%5Fmelanoma__v~rna__v~ifn%CE%B3,frangieh_melanoma_ifng,env__v~tiankampmann2021%5Fcrispri__v~ipsc-induced%5Fneuron__v~rna__v~baseline,tian_neuron_crispri,raw_scalar_uq,raw_normalized_uq,ptl_rf,147,843,114,0.225843831196722,0.2325580471825855,shared_identity_free_random_forest,shared_identity_free_random_forest,0.5390336680653837,0.5393304372745312,0.0706678346022434,0.0709646038113909,-0.0002967692091475,-0.0002967692091475,0.0165894071214185,0.0108695652173913,0,0,0,0,0,0,0,0.8160483038902554,0.2954798819172833
20260917,env__v~frangiehizar2021%5Frna__v~patient-derived%5Fmelanoma__v~rna__v~ifn%CE%B3,frangieh_melanoma_ifng,env__v~xucao2023__v~hek293__v~rna__v~baseline,xu_he293,raw_scalar_uq,raw_normalized_uq,ptl_rf,147,843,114,0.2543664752012107,0.2325580471825855,shared_identity_free_random_forest,shared_identity_free_random_forest,0.6654099031017698,0.6592662336460148,0.0686909239153732,0.0625472544596181,0.006143669455755,0.006143669455755,-0.0014674818316952,0.0,0,0,0,0,0,0,0,1.0324862353288653,0.7297469862988274
20260917,env__v~normanweissman2019%5Ffiltered__v~k562__v~rna__v~baseline,norman_k562,env__v~frangiehizar2021%5Frna__v~patient-derived%5Fmelanoma__v~rna__v~co-culture,frangieh_melanoma_coculture,raw_scalar_uq,raw_normalized_uq,ptl_rf,141,807,150,0.2849994558385495,0.5926859995929266,shared_identity_free_random_forest,shared_identity_free_random_forest,0.79436026325443,0.7827094700062078,0.0947091958324436,0.0830584025842214,0.0116507932482221,0.0116507932482221,-0.0009262169641253,0.0,0,0,0,0,0,0,0,1.807767053273636,0.6411437648640297
20260917,env__v~normanweissman2019%5Ffiltered__v~k562__v~rna__v~baseline,norman_k562,env__v~frangiehizar2021%5Frna__v~patient-derived%5Fmelanoma__v~rna__v~control,frangieh_melanoma_control,raw_scalar_uq,raw_normalized_uq,ptl_rf,141,807,150,0.2651315042553184,0.5926859995929266,shared_identity_free_random_forest,shared_identity_free_random_forest,0.7049467876503203,0.6795256849418064,0.0922669723145181,0.0668458696060043,0.0254211027085138,0.0254211027085138,-0.0015675503784975,-0.0166666666666667,0,0,0,0,0,0,0,1.775822296282023,0.7254550620946956
20260917,env__v~normanweissman2019%5Ffiltered__v~k562__v~rna__v~baseline,norman_k562,env__v~frangiehizar2021%5Frna__v~patient-derived%5Fmelanoma__v~rna__v~ifn%CE%B3,frangieh_melanoma_ifng,raw_scalar_uq,raw_normalized_uq,ptl_rf,141,804,150,0.2523108445092906,0.5926859995929266,shared_identity_free_random_forest,shared_identity_free_random_forest,0.684849390116062,0.6941879049108731,0.0807523943116089,0.09009090910642,-0.009338514794811,-0.009338514794811,-0.006294863566833,-0.0166666666666666,0,0,0,0,0,0,0,1.8693958527616403,0.7226649045956465
20260917,env__v~normanweissman2019%5Ffiltered__v~k562__v~rna__v~baseline,norman_k562,env__v~replogleweissman2022%5Frpe1__v~rpe1__v~rna__v~baseline,replogle_rpe1,raw_scalar_uq,raw_normalized_uq,ptl_rf,141,852,99,0.2720003042439955,0.5926859995929266,shared_identity_free_random_forest,shared_identity_free_random_forest,0.8307695002540401,0.8429762059872702,0.152809612492533,0.1650163182257631,-0.0122067057332301,-0.0122067057332301,0.0033452448816662,0.0124999999999999,0,0,0,1,1,0,0,0.7303606193801754,4.967288076703936
20260917,env__v~normanweissman2019%5Ffiltered__v~k562__v~rna__v~baseline,norman_k562,env__v~tiankampmann2021%5Fcrispra__v~ipsc-induced%5Fneuron__v~rna__v~baseline,tian_neuron_crispra,raw_scalar_uq,raw_normalized_uq,ptl_rf,141,891,60,0.2362266848851924,0.5926859995929266,shared_identity_free_random_forest,shared_identity_free_random_forest,0.5514229832575425,0.5288829864203299,0.1411406434777688,0.1186006466405563,0.0225399968372125,0.0225399968372125,0.0017431800859164,0.0,0,0,1,1,1,0,0,1.7277359965235386,0.7158056943487533
20260917,env__v~normanweissman2019%5Ffiltered__v~k562__v~rna__v~baseline,norman_k562,env__v~tiankampmann2021%5Fcrispri__v~ipsc-induced%5Fneuron__v~rna__v~baseline,tian_neuron_crispri,raw_scalar_uq,raw_normalized_uq,ptl_rf,141,843,114,0.225843831196722,0.5926859995929266,shared_identity_free_random_forest,shared_identity_free_random_forest,0.5390336680653837,0.5155203745050062,0.0706678346022434,0.0471545410418659,0.0235132935603774,0.0235132935603774,0.0225597605506906,0.0108695652173913,0,0,0,1,1,0,0,2.235544891707544,0.7759313150779236
20260917,env__v~normanweissman2019%5Ffiltered__v~k562__v~rna__v~baseline,norman_k562,env__v~xucao2023__v~hek293__v~rna__v~baseline,xu_he293,raw_scalar_uq,raw_normalized_uq,ptl_rf,141,843,114,0.2543664752012107,0.5926859995929266,shared_identity_free_random_forest,shared_identity_free_random_forest,0.6654099031017698,0.6609504418652186,0.0686909239153732,0.0642314626788219,0.0044594612365512,0.0044594612365512,-0.0067560616484286,-0.0326086956521739,0,0,0,1,1,0,0,1.6364575785450866,0.848688871197473
20260917,env__v~replogleweissman2022%5Frpe1__v~rpe1__v~rna__v~baseline,replogle_rpe1,env__v~frangiehizar2021%5Frna__v~patient-derived%5Fmelanoma__v~rna__v~co-culture,frangieh_melanoma_coculture,raw_scalar_uq,raw_normalized_uq,ptl_rf,99,807,150,0.2849994558385495,0.0484939633706564,shared_identity_free_random_forest,shared_identity_free_random_forest,0.79436026325443,0.8197779885613177,0.0947091958324436,0.1201269211393313,-0.0254177253068876,-0.0254177253068876,-0.0130605988626947,-0.0166666666666667,0,0,0,0,0,0,0,1.2946425416523903,3.7522049263021855
20260917,env__v~replogleweissman2022%5Frpe1__v~rpe1__v~rna__v~baseline,replogle_rpe1,env__v~frangiehizar2021%5Frna__v~patient-derived%5Fmelanoma__v~rna__v~control,frangieh_melanoma_control,raw_scalar_uq,raw_normalized_uq,ptl_rf,99,807,150,0.2651315042553184,0.0484939633706564,shared_identity_free_random_forest,shared_identity_free_random_forest,0.7049467876503203,0.6921450219592639,0.0922669723145181,0.0794652066234617,0.0128017656910564,0.0128017656910564,-0.0098792187402425,-0.025,0,0,0,0,0,0,0,1.1905928681732962,3.920421918045303
20260917,env__v~replogleweissman2022%5Frpe1__v~rpe1__v~rna__v~baseline,replogle_rpe1,env__v~frangiehizar2021%5Frna__v~patient-derived%5Fmelanoma__v~rna__v~ifn%CE%B3,frangieh_melanoma_ifng,raw_scalar_uq,raw_normalized_uq,ptl_rf,99,804,150,0.2523108445092906,0.0484939633706564,shared_identity_free_random_forest,shared_identity_free_random_forest,0.684849390116062,0.7264357547568473,0.0807523943116089,0.1223387589523942,-0.0415863646407852,-0.0415863646407852,-0.0017061071259583,-0.0083333333333333,0,0,0,0,0,0,0,1.2737294505361074,3.943519920681668
20260917,env__v~replogleweissman2022%5Frpe1__v~rpe1__v~rna__v~baseline,replogle_rpe1,env__v~normanweissman2019%5Ffiltered__v~k562__v~rna__v~baseline,norman_k562,raw_scalar_uq,raw_normalized_uq,ptl_rf,99,810,144,0.222933392300216,0.0484939633706564,shared_identity_free_random_forest,shared_identity_free_random_forest,0.3091591720731087,0.3235335982642746,0.139298627770145,0.1536730539613109,-0.0143744261911659,-0.0143744261911659,0.0685583760593431,0.0431034482758619,0,0,0,1,1,0,0,0.5911628670847611,3.607168791445697
20260917,env__v~replogleweissman2022%5Frpe1__v~rpe1__v~rna__v~baseline,replogle_rpe1,env__v~tiankampmann2021%5Fcrispra__v~ipsc-induced%5Fneuron__v~rna__v~baseline,tian_neuron_crispra,raw_scalar_uq,raw_normalized_uq,ptl_rf,99,891,60,0.2362266848851924,0.0484939633706564,shared_identity_free_random_forest,shared_identity_free_random_forest,0.5514229832575425,0.5198819488509482,0.1411406434777688,0.1095996090711745,0.0315410344065942,0.0315410344065942,0.0115009498721577,0.0,0,0,0,1,1,0,0,1.030458003419667,4.081726288548809
20260917,env__v~replogleweissman2022%5Frpe1__v~rpe1__v~rna__v~baseline,replogle_rpe1,env__v~tiankampmann2021%5Fcrispri__v~ipsc-induced%5Fneuron__v~rna__v~baseline,tian_neuron_crispri,raw_scalar_uq,raw_normalized_uq,ptl_rf,99,843,114,0.225843831196722,0.0484939633706564,shared_identity_free_random_forest,shared_identity_free_random_forest,0.5390336680653837,0.5088734582497312,0.0706678346022434,0.0405076247865909,0.0301602098156524,0.0301602098156524,0.0175862907776929,-0.0108695652173912,0,0,1,1,1,0,0,1.527591811705406,4.109598743756523
20260917,env__v~replogleweissman2022%5Frpe1__v~rpe1__v~rna__v~baseline,replogle_rpe1,env__v~xucao2023__v~hek293__v~rna__v~baseline,xu_he293,raw_scalar_uq,raw_normalized_uq,ptl_rf,99,843,114,0.2543664752012107,0.0484939633706564,shared_identity_free_random_forest,shared_identity_free_random_forest,0.6654099031017698,0.6805669787955296,0.0686909239153732,0.083847999609133,-0.0151570756937597,-0.0151570756937597,-0.0051704597172833,-0.0217391304347827,0,0,1,1,1,0,0,0.93651452092764,3.120136197807516
20260917,env__v~tiankampmann2021%5Fcrispra__v~ipsc-induced%5Fneuron__v~rna__v~baseline,tian_neuron_crispra,env__v~frangiehizar2021%5Frna__v~patient-derived%5Fmelanoma__v~rna__v~co-culture,frangieh_melanoma_coculture,raw_scalar_uq,raw_normalized_uq,ptl_rf,60,807,150,0.2849994558385495,0.3776759557551005,shared_identity_free_random_forest,shared_identity_free_random_forest,0.79436026325443,0.8114663688259907,0.0947091958324436,0.1118153014040043,-0.0171061055715606,-0.0171061055715606,-0.0025134933281668,-0.0083333333333334,0,0,0,0,0,0,0,0.8012685657174446,0.3517285990729668
20260917,env__v~tiankampmann2021%5Fcrispra__v~ipsc-induced%5Fneuron__v~rna__v~baseline,tian_neuron_crispra,env__v~frangiehizar2021%5Frna__v~patient-derived%5Fmelanoma__v~rna__v~control,frangieh_melanoma_control,raw_scalar_uq,raw_normalized_uq,ptl_rf,60,807,150,0.2651315042553184,0.3776759557551005,shared_identity_free_random_forest,shared_identity_free_random_forest,0.7049467876503203,0.6930826221719489,0.0922669723145181,0.0804028068361468,0.0118641654783713,0.0118641654783713,0.0103463369907331,0.0083333333333333,0,0,0,0,0,0,0,0.5548902342184442,0.1920626083067194
20260917,env__v~tiankampmann2021%5Fcrispra__v~ipsc-induced%5Fneuron__v~rna__v~baseline,tian_neuron_crispra,env__v~frangiehizar2021%5Frna__v~patient-derived%5Fmelanoma__v~rna__v~ifn%CE%B3,frangieh_melanoma_ifng,raw_scalar_uq,raw_normalized_uq,ptl_rf,60,804,150,0.2523108445092906,0.3776759557551005,shared_identity_free_random_forest,shared_identity_free_random_forest,0.684849390116062,0.6893241106974146,0.0807523943116089,0.0852271148929615,-0.0044747205813525,-0.0044747205813525,0.0066383236335829,0.0,0,0,0,0,0,0,0,0.551844968137334,0.2248058035456685
20260917,env__v~tiankampmann2021%5Fcrispra__v~ipsc-induced%5Fneuron__v~rna__v~baseline,tian_neuron_crispra,env__v~normanweissman2019%5Ffiltered__v~k562__v~rna__v~baseline,norman_k562,raw_scalar_uq,raw_normalized_uq,ptl_rf,60,810,144,0.222933392300216,0.3776759557551005,shared_identity_free_random_forest,shared_identity_free_random_forest,0.3091591720731087,0.2960066972472538,0.139298627770145,0.1261461529442901,0.0131524748258548,0.0131524748258548,0.0679796878768294,0.0431034482758619,0,0,1,1,1,0,0,1.6191954249362872,0.5442350271367508
20260917,env__v~tiankampmann2021%5Fcrispra__v~ipsc-induced%5Fneuron__v~rna__v~baseline,tian_neuron_crispra,env__v~replogleweissman2022%5Frpe1__v~rpe1__v~rna__v~baseline,replogle_rpe1,raw_scalar_uq,raw_normalized_uq,ptl_rf,60,852,99,0.2720003042439955,0.3776759557551005,shared_identity_free_random_forest,shared_identity_free_random_forest,0.8307695002540401,0.8553171560236856,0.152809612492533,0.1773572682621785,-0.0245476557696455,-0.0245476557696455,-0.0093154552989839,-0.0125,0,0,0,1,1,0,0,1.0577989497070626,5.55755865495819
20260917,env__v~tiankampmann2021%5Fcrispra__v~ipsc-induced%5Fneuron__v~rna__v~baseline,tian_neuron_crispra,env__v~tiankampmann2021%5Fcrispri__v~ipsc-induced%5Fneuron__v~rna__v~baseline,tian_neuron_crispri,raw_scalar_uq,raw_normalized_uq,ptl_rf,60,843,114,0.225843831196722,0.3776759557551005,shared_identity_free_random_forest,shared_identity_free_random_forest,0.5390336680653837,0.5067080308450473,0.0706678346022434,0.038342197381907,0.0323256372203363,0.0323256372203363,0.0229213158648816,0.0108695652173913,0,1,0,1,1,0,0,0.485461435947023,0.146522127461745
20260917,env__v~tiankampmann2021%5Fcrispra__v~ipsc-induced%5Fneuron__v~rna__v~baseline,tian_neuron_crispra,env__v~xucao2023__v~hek293__v~rna__v~baseline,xu_he293,raw_scalar_uq,raw_normalized_uq,ptl_rf,60,843,114,0.2543664752012107,0.3776759557551005,shared_identity_free_random_forest,shared_identity_free_random_forest,0.6654099031017698,0.6591137759681759,0.0686909239153732,0.0623947967817792,0.0062961271335939,0.0062961271335939,0.002437194001101,0.0108695652173912,0,0,0,1,1,0,0,0.5450270711607894,0.9462520233035112
20260917,env__v~tiankampmann2021%5Fcrispri__v~ipsc-induced%5Fneuron__v~rna__v~baseline,tian_neuron_crispri,env__v~frangiehizar2021%5Frna__v~patient-derived%5Fmelanoma__v~rna__v~co-culture,frangieh_melanoma_coculture,raw_scalar_uq,raw_normalized_uq,ptl_rf,108,807,150,0.2849994558385495,0.3817756703246105,shared_identity_free_random_forest,shared_identity_free_random_forest,0.79436026325443,0.7964616034030262,0.0947091958324436,0.0968105359810398,-0.0021013401485961,-0.0021013401485961,-0.0072421987039767,-0.0166666666666667,0,0,0,0,0,0,0,1.1051410429282278,0.3146708396261487
20260917,env__v~tiankampmann2021%5Fcrispri__v~ipsc-induced%5Fneuron__v~rna__v~baseline,tian_neuron_crispri,env__v~frangiehizar2021%5Frna__v~patient-derived%5Fmelanoma__v~rna__v~control,frangieh_melanoma_control,raw_scalar_uq,raw_normalized_uq,ptl_rf,108,807,150,0.2651315042553184,0.3817756703246105,shared_identity_free_random_forest,shared_identity_free_random_forest,0.7049467876503203,0.6880665856660708,0.0922669723145181,0.0753867703302687,0.0168802019842494,0.0168802019842494,0.011599154253159,0.0083333333333333,0,0,0,0,0,0,0,0.8726206965078771,0.1423104280235539
20260917,env__v~tiankampmann2021%5Fcrispri__v~ipsc-induced%5Fneuron__v~rna__v~baseline,tian_neuron_crispri,env__v~frangiehizar2021%5Frna__v~patient-derived%5Fmelanoma__v~rna__v~ifn%CE%B3,frangieh_melanoma_ifng,raw_scalar_uq,raw_normalized_uq,ptl_rf,108,804,150,0.2523108445092906,0.3817756703246105,shared_identity_free_random_forest,shared_identity_free_random_forest,0.684849390116062,0.6844564549664615,0.0807523943116089,0.0803594591620083,0.0003929351496005,0.0003929351496005,0.0065764164276288,0.0,0,0,0,0,0,0,0,0.8198753690988039,0.1719076662992966
20260917,env__v~tiankampmann2021%5Fcrispri__v~ipsc-induced%5Fneuron__v~rna__v~baseline,tian_neuron_crispri,env__v~normanweissman2019%5Ffiltered__v~k562__v~rna__v~baseline,norman_k562,raw_scalar_uq,raw_normalized_uq,ptl_rf,108,810,144,0.222933392300216,0.3817756703246105,shared_identity_free_random_forest,shared_identity_free_random_forest,0.3091591720731087,0.3125311464537154,0.139298627770145,0.1426706021507517,-0.0033719743806066,-0.0033719743806066,0.0628730260934679,0.0431034482758619,0,0,0,1,1,0,0,2.0761301015292792,0.6283690143790117
20260917,env__v~tiankampmann2021%5Fcrispri__v~ipsc-induced%5Fneuron__v~rna__v~baseline,tian_neuron_crispri,env__v~replogleweissman2022%5Frpe1__v~rpe1__v~rna__v~baseline,replogle_rpe1,raw_scalar_uq,raw_normalized_uq,ptl_rf,108,852,99,0.2720003042439955,0.3817756703246105,shared_identity_free_random_forest,shared_identity_free_random_forest,0.8307695002540401,0.8483989780217087,0.152809612492533,0.1704390902602016,-0.0176294777676686,-0.0176294777676686,-0.0039857193276064,0.0124999999999999,0,0,1,1,1,0,0,1.4957661209471511,5.555773204249559
20260917,env__v~tiankampmann2021%5Fcrispri__v~ipsc-induced%5Fneuron__v~rna__v~baseline,tian_neuron_crispri,env__v~tiankampmann2021%5Fcrispra__v~ipsc-induced%5Fneuron__v~rna__v~baseline,tian_neuron_crispra,raw_scalar_uq,raw_normalized_uq,ptl_rf,108,891,60,0.2362266848851924,0.3817756703246105,shared_identity_free_random_forest,shared_identity_free_random_forest,0.5514229832575425,0.5029044210406296,0.1411406434777688,0.0926220812608559,0.0485185622169128,0.0485185622169128,0.0084916076269334,0.0,0,1,0,1,1,0,0,0.5064496051259382,0.1181900444194277
20260917,env__v~tiankampmann2021%5Fcrispri__v~ipsc-induced%5Fneuron__v~rna__v~baseline,tian_neuron_crispri,env__v~xucao2023__v~hek293__v~rna__v~baseline,xu_he293,raw_scalar_uq,raw_normalized_uq,ptl_rf,108,843,114,0.2543664752012107,0.3817756703246105,shared_identity_free_random_forest,shared_identity_free_random_forest,0.6654099031017698,0.659380020848072,0.0686909239153732,0.0626610416616754,0.0060298822536978,0.0060298822536978,0.0072953510914935,0.0108695652173912,0,0,1,1,1,0,0,0.7471538152491196,0.9322007113072616
20260917,env__v~xucao2023__v~hek293__v~rna__v~baseline,xu_he293,env__v~frangiehizar2021%5Frna__v~patient-derived%5Fmelanoma__v~rna__v~co-culture,frangieh_melanoma_coculture,raw_scalar_uq,raw_normalized_uq,ptl_rf,108,807,150,0.2849994558385495,0.2390260496895782,shared_identity_free_random_forest,shared_identity_free_random_forest,0.79436026325443,0.802400067602297,0.0947091958324436,0.1027490001803106,-0.0080398043478669,-0.0080398043478669,-0.0080811907821594,-0.0166666666666667,0,0,0,0,0,0,0,1.2696222844074447,0.7346419503638696
20260917,env__v~xucao2023__v~hek293__v~rna__v~baseline,xu_he293,env__v~frangiehizar2021%5Frna__v~patient-derived%5Fmelanoma__v~rna__v~control,frangieh_melanoma_control,raw_scalar_uq,raw_normalized_uq,ptl_rf,108,807,150,0.2651315042553184,0.2390260496895782,shared_identity_free_random_forest,shared_identity_free_random_forest,0.7049467876503203,0.7041577170174137,0.0922669723145181,0.0914779016816116,0.0007890706329065,0.0007890706329065,-0.0006689909562586,-0.025,0,0,0,0,0,0,0,1.036248088461608,0.8375774731113067
20260917,env__v~xucao2023__v~hek293__v~rna__v~baseline,xu_he293,env__v~frangiehizar2021%5Frna__v~patient-derived%5Fmelanoma__v~rna__v~ifn%CE%B3,frangieh_melanoma_ifng,raw_scalar_uq,raw_normalized_uq,ptl_rf,108,804,150,0.2523108445092906,0.2390260496895782,shared_identity_free_random_forest,shared_identity_free_random_forest,0.684849390116062,0.6991497004514006,0.0807523943116089,0.0950527046469474,-0.0143003103353385,-0.0143003103353385,0.0039682400668115,0.0,0,0,0,0,0,0,0,1.055102288891311,0.859070843072726
20260917,env__v~xucao2023__v~hek293__v~rna__v~baseline,xu_he293,env__v~normanweissman2019%5Ffiltered__v~k562__v~rna__v~baseline,norman_k562,raw_scalar_uq,raw_normalized_uq,ptl_rf,108,810,144,0.222933392300216,0.2390260496895782,shared_identity_free_random_forest,shared_identity_free_random_forest,0.3091591720731087,0.3294584119107634,0.139298627770145,0.1595978676077998,-0.0202992398376547,-0.0202992398376547,0.0603786630371599,0.0344827586206896,0,0,0,1,1,0,0,1.5234986435893616,0.8318165063946117
20260917,env__v~xucao2023__v~hek293__v~rna__v~baseline,xu_he293,env__v~replogleweissman2022%5Frpe1__v~rpe1__v~rna__v~baseline,replogle_rpe1,raw_scalar_uq,raw_normalized_uq,ptl_rf,108,852,99,0.2720003042439955,0.2390260496895782,shared_identity_free_random_forest,shared_identity_free_random_forest,0.8307695002540401,0.8429593034388019,0.152809612492533,0.1649994156772948,-0.0121898031847618,-0.0121898031847618,0.0017590807291205,0.0,0,0,1,1,1,0,0,0.9146411252231836,4.611918769801913
20260917,env__v~xucao2023__v~hek293__v~rna__v~baseline,xu_he293,env__v~tiankampmann2021%5Fcrispra__v~ipsc-induced%5Fneuron__v~rna__v~baseline,tian_neuron_crispra,raw_scalar_uq,raw_normalized_uq,ptl_rf,108,891,60,0.2362266848851924,0.2390260496895782,shared_identity_free_random_forest,shared_identity_free_random_forest,0.5514229832575425,0.4989813346782263,0.1411406434777688,0.0886989948984527,0.0524416485793161,0.0524416485793161,0.0135244130947429,0.0,0,0,0,1,1,0,0,0.4983380361553104,0.9948011972350812
20260917,env__v~xucao2023__v~hek293__v~rna__v~baseline,xu_he293,env__v~tiankampmann2021%5Fcrispri__v~ipsc-induced%5Fneuron__v~rna__v~baseline,tian_neuron_crispri,raw_scalar_uq,raw_normalized_uq,ptl_rf,108,843,114,0.225843831196722,0.2390260496895782,shared_identity_free_random_forest,shared_identity_free_random_forest,0.5390336680653837,0.5160657846288668,0.0706678346022434,0.0476999511657265,0.0229678834365169,0.0229678834365169,0.0068911947644042,0.0108695652173913,0,0,1,1,1,0,0,0.7428070612889043,1.0124134111100678
20260917,env__v~frangiehizar2021%5Frna__v~patient-derived%5Fmelanoma__v~rna__v~co-culture,frangieh_melanoma_coculture,env__v~frangiehizar2021%5Frna__v~patient-derived%5Fmelanoma__v~rna__v~control,frangieh_melanoma_control,u_only_rf,u_only_rf,ptl_rf,144,807,150,0.2651315042553184,0.10257408174921,shared_identity_free_random_forest,shared_identity_free_random_forest,0.6925771171357153,0.6934962811976075,0.0798973017999132,0.0808164658618054,-0.0009191640618921,-0.0009191640618921,0.0116467647622052,0.0083333333333334,0,1,1,1,0,1,1,0.2060169458730993,0.1636507236757346
20260917,env__v~frangiehizar2021%5Frna__v~patient-derived%5Fmelanoma__v~rna__v~co-culture,frangieh_melanoma_coculture,env__v~frangiehizar2021%5Frna__v~patient-derived%5Fmelanoma__v~rna__v~ifn%CE%B3,frangieh_melanoma_ifng,u_only_rf,u_only_rf,ptl_rf,144,804,150,0.2523108445092906,0.10257408174921,shared_identity_free_random_forest,shared_identity_free_random_forest,0.7045819111499495,0.6889842524279355,0.1004849153454964,0.0848872566234824,0.015597658722014,0.015597658722014,0.0007091412629093,0.0,0,1,1,1,0,1,1,0.2135950261693528,0.1299613988231268
20260917,env__v~frangiehizar2021%5Frna__v~patient-derived%5Fmelanoma__v~rna__v~co-culture,frangieh_melanoma_coculture,env__v~normanweissman2019%5Ffiltered__v~k562__v~rna__v~baseline,norman_k562,u_only_rf,u_only_rf,ptl_rf,144,810,144,0.222933392300216,0.10257408174921,shared_identity_free_random_forest,shared_identity_free_random_forest,0.3148815875841749,0.328429905851086,0.1450210432812112,0.1585693615481223,-0.013548318266911,-0.013548318266911,0.0418031318172152,0.0258620689655172,0,0,0,0,0,0,0,1.693469387554471,0.6031977789274366
20260917,env__v~frangiehizar2021%5Frna__v~patient-derived%5Fmelanoma__v~rna__v~co-culture,frangieh_melanoma_coculture,env__v~replogleweissman2022%5Frpe1__v~rpe1__v~rna__v~baseline,replogle_rpe1,u_only_rf,u_only_rf,ptl_rf,144,852,99,0.2720003042439955,0.10257408174921,shared_identity_free_random_forest,shared_identity_free_random_forest,0.920334665918104,0.8404500109725472,0.2423747781565969,0.1624901232110401,0.0798846549455567,0.0798846549455567,0.0512138731958232,0.0999999999999999,0,0,0,0,0,0,0,1.328540521501295,5.345559826743708
20260917,env__v~frangiehizar2021%5Frna__v~patient-derived%5Fmelanoma__v~rna__v~co-culture,frangieh_melanoma_coculture,env__v~tiankampmann2021%5Fcrispra__v~ipsc-induced%5Fneuron__v~rna__v~baseline,tian_neuron_crispra,u_only_rf,u_only_rf,ptl_rf,144,891,60,0.2362266848851924,0.10257408174921,shared_identity_free_random_forest,shared_identity_free_random_forest,0.5585392986890004,0.5461757248692589,0.1482569589092268,0.1358933850894852,0.0123635738197415,0.0123635738197415,0.0034645312045096,0.0208333333333332,0,0,0,0,0,0,0,0.7626427583056908,0.3055744579318284
20260917,env__v~frangiehizar2021%5Frna__v~patient-derived%5Fmelanoma__v~rna__v~co-culture,frangieh_melanoma_coculture,env__v~tiankampmann2021%5Fcrispri__v~ipsc-induced%5Fneuron__v~rna__v~baseline,tian_neuron_crispri,u_only_rf,u_only_rf,ptl_rf,144,843,114,0.225843831196722,0.10257408174921,shared_identity_free_random_forest,shared_identity_free_random_forest,0.517119564759845,0.5100090384385662,0.0487537312967047,0.0416432049754258,0.0071105263212788,0.0071105263212788,0.0093559624023322,0.0108695652173913,0,0,0,0,0,0,0,1.0426284031915751,0.2887044062519324
20260917,env__v~frangiehizar2021%5Frna__v~patient-derived%5Fmelanoma__v~rna__v~co-culture,frangieh_melanoma_coculture,env__v~xucao2023__v~hek293__v~rna__v~baseline,xu_he293,u_only_rf,u_only_rf,ptl_rf,144,843,114,0.2543664752012107,0.10257408174921,shared_identity_free_random_forest,shared_identity_free_random_forest,0.6845704657056303,0.6625211024338399,0.0878514865192336,0.0658021232474432,0.0220493632717904,0.0220493632717904,0.0038464179012264,0.0,0,0,0,0,0,0,0,1.2651718518289576,0.8256522932941681
20260917,env__v~frangiehizar2021%5Frna__v~patient-derived%5Fmelanoma__v~rna__v~control,frangieh_melanoma_control,env__v~frangiehizar2021%5Frna__v~patient-derived%5Fmelanoma__v~rna__v~co-culture,frangieh_melanoma_coculture,u_only_rf,u_only_rf,ptl_rf,144,807,150,0.2849994558385495,0.2057440767387822,shared_identity_free_random_forest,shared_identity_free_random_forest,0.8111476615987433,0.8105849350870366,0.1114965941767569,0.1109338676650502,0.0005627265117067,0.0005627265117067,0.0121048725297553,0.0083333333333334,0,1,1,1,0,1,1,0.2573105835974757,0.2252692280808099
20260917,env__v~frangiehizar2021%5Frna__v~patient-derived%5Fmelanoma__v~rna__v~control,frangieh_melanoma_control,env__v~frangiehizar2021%5Frna__v~patient-derived%5Fmelanoma__v~rna__v~ifn%CE%B3,frangieh_melanoma_ifng,u_only_rf,u_only_rf,ptl_rf,144,804,150,0.2523108445092906,0.2057440767387822,shared_identity_free_random_forest,shared_identity_free_random_forest,0.7045819111499495,0.6838959177832654,0.1004849153454964,0.0797989219788123,0.020685993366684,0.020685993366684,0.0043807179366749,0.0083333333333334,0,1,1,1,0,1,1,0.0532302256966244,0.1122079138711637
20260917,env__v~frangiehizar2021%5Frna__v~patient-derived%5Fmelanoma__v~rna__v~control,frangieh_melanoma_control,env__v~normanweissman2019%5Ffiltered__v~k562__v~rna__v~baseline,norman_k562,u_only_rf,u_only_rf,ptl_rf,144,810,144,0.222933392300216,0.2057440767387822,shared_identity_free_random_forest,shared_identity_free_random_forest,0.3148815875841749,0.3115469532331989,0.1450210432812112,0.1416864089302352,0.003334634350976,0.003334634350976,0.0443013137661465,0.0258620689655172,0,0,0,0,0,0,0,1.6435955883440811,0.6377969103465396
20260917,env__v~frangiehizar2021%5Frna__v~patient-derived%5Fmelanoma__v~rna__v~control,frangieh_melanoma_control,env__v~replogleweissman2022%5Frpe1__v~rpe1__v~rna__v~baseline,replogle_rpe1,u_only_rf,u_only_rf,ptl_rf,144,852,99,0.2720003042439955,0.2057440767387822,shared_identity_free_random_forest,shared_identity_free_random_forest,0.920334665918104,0.8412298389881641,0.2423747781565969,0.163269951226657,0.0791048269299399,0.0791048269299399,0.0450213979327051,0.0874999999999999,0,0,0,0,0,0,0,1.2203994100240143,5.455745444673058
20260917,env__v~frangiehizar2021%5Frna__v~patient-derived%5Fmelanoma__v~rna__v~control,frangieh_melanoma_control,env__v~tiankampmann2021%5Fcrispra__v~ipsc-induced%5Fneuron__v~rna__v~baseline,tian_neuron_crispra,u_only_rf,u_only_rf,ptl_rf,144,891,60,0.2362266848851924,0.2057440767387822,shared_identity_free_random_forest,shared_identity_free_random_forest,0.5585392986890004,0.5366759662566734,0.1482569589092268,0.1263936264768997,0.021863332432327,0.021863332432327,0.0098387164667197,0.0208333333333332,0,0,0,0,0,0,0,0.5633913912061713,0.1771230624676521
20260917,env__v~frangiehizar2021%5Frna__v~patient-derived%5Fmelanoma__v~rna__v~control,frangieh_melanoma_control,env__v~tiankampmann2021%5Fcrispri__v~ipsc-induced%5Fneuron__v~rna__v~baseline,tian_neuron_crispri,u_only_rf,u_only_rf,ptl_rf,144,843,114,0.225843831196722,0.2057440767387822,shared_identity_free_random_forest,shared_identity_free_random_forest,0.517119564759845,0.5196304967541844,0.0487537312967047,0.0512646632910441,-0.0025109319943393,-0.0025109319943393,0.0108241039888343,0.0108695652173913,0,0,0,0,0,0,0,0.8648632087758551,0.1622130759996947
20260917,env__v~frangiehizar2021%5Frna__v~patient-derived%5Fmelanoma__v~rna__v~control,frangieh_melanoma_control,env__v~xucao2023__v~hek293__v~rna__v~baseline,xu_he293,u_only_rf,u_only_rf,ptl_rf,144,843,114,0.2543664752012107,0.2057440767387822,shared_identity_free_random_forest,shared_identity_free_random_forest,0.6845704657056303,0.6543030962825199,0.0878514865192336,0.0575841170961233,0.0302673694231103,0.0302673694231103,0.0112469150962785,0.0217391304347825,0,0,0,0,0,0,0,1.0705451477689945,0.8571420340125403
20260917,env__v~frangiehizar2021%5Frna__v~patient-derived%5Fmelanoma__v~rna__v~ifn%CE%B3,frangieh_melanoma_ifng,env__v~frangiehizar2021%5Frna__v~patient-derived%5Fmelanoma__v~rna__v~co-culture,frangieh_melanoma_coculture,u_only_rf,u_only_rf,ptl_rf,147,807,150,0.2849994558385495,0.2325580471825855,shared_identity_free_random_forest,shared_identity_free_random_forest,0.8111476615987433,0.8093201653016379,0.1114965941767569,0.1096690978796515,0.0018274962971054,0.0018274962971054,0.0122305436479883,0.0083333333333334,0,1,1,1,0,1,1,0.3062960159288228,0.1307424928175481
20260917,env__v~frangiehizar2021%5Frna__v~patient-derived%5Fmelanoma__v~rna__v~ifn%CE%B3,frangieh_melanoma_ifng,env__v~frangiehizar2021%5Frna__v~patient-derived%5Fmelanoma__v~rna__v~control,frangieh_melanoma_control,u_only_rf,u_only_rf,ptl_rf,147,807,150,0.2651315042553184,0.2325580471825855,shared_identity_free_random_forest,shared_identity_free_random_forest,0.6925771171357153,0.6827067484583171,0.0798973017999132,0.070026933122515,0.0098703686773982,0.0098703686773982,0.0154850217874712,0.0333333333333333,0,1,1,1,0,1,1,0.0777724520717047,0.1375430690981943
20260917,env__v~frangiehizar2021%5Frna__v~patient-derived%5Fmelanoma__v~rna__v~ifn%CE%B3,frangieh_melanoma_ifng,env__v~normanweissman2019%5Ffiltered__v~k562__v~rna__v~baseline,norman_k562,u_only_rf,u_only_rf,ptl_rf,147,810,144,0.222933392300216,0.2325580471825855,shared_identity_free_random_forest,shared_identity_free_random_forest,0.3148815875841749,0.3150835295884159,0.1450210432812112,0.1452229852854522,-0.000201942004241,-0.000201942004241,0.0571632280299886,0.0431034482758621,0,0,0,0,0,0,0,1.655228386268763,0.6093813569729377
20260917,env__v~frangiehizar2021%5Frna__v~patient-derived%5Fmelanoma__v~rna__v~ifn%CE%B3,frangieh_melanoma_ifng,env__v~replogleweissman2022%5Frpe1__v~rpe1__v~rna__v~baseline,replogle_rpe1,u_only_rf,u_only_rf,ptl_rf,147,852,99,0.2720003042439955,0.2325580471825855,shared_identity_free_random_forest,shared_identity_free_random_forest,0.920334665918104,0.8419535581796018,0.2423747781565969,0.1639936704180947,0.0783811077385021,0.0783811077385021,0.0462333081824543,0.0874999999999999,0,0,0,0,0,0,0,1.2171767399307265,5.321564886565815
20260917,env__v~frangiehizar2021%5Frna__v~patient-derived%5Fmelanoma__v~rna__v~ifn%CE%B3,frangieh_melanoma_ifng,env__v~tiankampmann2021%5Fcrispra__v~ipsc-induced%5Fneuron__v~rna__v~baseline,tian_neuron_crispra,u_only_rf,u_only_rf,ptl_rf,147,891,60,0.2362266848851924,0.2325580471825855,shared_identity_free_random_forest,shared_identity_free_random_forest,0.5585392986890004,0.5623033834598841,0.1482569589092268,0.1520210436801104,-0.0037640847708836,-0.0037640847708836,-0.0100175723326025,0.0,0,0,0,0,0,0,0,0.5211918279625927,0.3024144389630291
20260917,env__v~frangiehizar2021%5Frna__v~patient-derived%5Fmelanoma__v~rna__v~ifn%CE%B3,frangieh_melanoma_ifng,env__v~tiankampmann2021%5Fcrispri__v~ipsc-induced%5Fneuron__v~rna__v~baseline,tian_neuron_crispri,u_only_rf,u_only_rf,ptl_rf,147,843,114,0.225843831196722,0.2325580471825855,shared_identity_free_random_forest,shared_identity_free_random_forest,0.517119564759845,0.5393304372745312,0.0487537312967047,0.0709646038113909,-0.0222108725146862,-0.0222108725146862,0.0048403509590975,0.0108695652173913,0,0,0,0,0,0,0,0.8160483038902554,0.2954798819172833
20260917,env__v~frangiehizar2021%5Frna__v~patient-derived%5Fmelanoma__v~rna__v~ifn%CE%B3,frangieh_melanoma_ifng,env__v~xucao2023__v~hek293__v~rna__v~baseline,xu_he293,u_only_rf,u_only_rf,ptl_rf,147,843,114,0.2543664752012107,0.2325580471825855,shared_identity_free_random_forest,shared_identity_free_random_forest,0.6845704657056303,0.6592662336460148,0.0878514865192336,0.0625472544596181,0.0253042320596155,0.0253042320596155,0.0019226104680404,0.0,0,0,0,0,0,0,0,1.0324862353288653,0.7297469862988274
20260917,env__v~normanweissman2019%5Ffiltered__v~k562__v~rna__v~baseline,norman_k562,env__v~frangiehizar2021%5Frna__v~patient-derived%5Fmelanoma__v~rna__v~co-culture,frangieh_melanoma_coculture,u_only_rf,u_only_rf,ptl_rf,141,807,150,0.2849994558385495,0.5926859995929266,shared_identity_free_random_forest,shared_identity_free_random_forest,0.8111476615987433,0.7827094700062078,0.1114965941767569,0.0830584025842214,0.0284381915925354,0.0284381915925354,0.0101148136422856,0.0083333333333334,0,0,0,0,0,0,0,1.807767053273636,0.6411437648640297
20260917,env__v~normanweissman2019%5Ffiltered__v~k562__v~rna__v~baseline,norman_k562,env__v~frangiehizar2021%5Frna__v~patient-derived%5Fmelanoma__v~rna__v~control,frangieh_melanoma_control,u_only_rf,u_only_rf,ptl_rf,141,807,150,0.2651315042553184,0.5926859995929266,shared_identity_free_random_forest,shared_identity_free_random_forest,0.6925771171357153,0.6795256849418064,0.0798973017999132,0.0668458696060043,0.0130514321939089,0.0130514321939089,0.0038074089280899,-0.0083333333333333,0,0,0,0,0,0,0,1.775822296282023,0.7254550620946956
20260917,env__v~normanweissman2019%5Ffiltered__v~k562__v~rna__v~baseline,norman_k562,env__v~frangiehizar2021%5Frna__v~patient-derived%5Fmelanoma__v~rna__v~ifn%CE%B3,frangieh_melanoma_ifng,u_only_rf,u_only_rf,ptl_rf,141,804,150,0.2523108445092906,0.5926859995929266,shared_identity_free_random_forest,shared_identity_free_random_forest,0.7045819111499495,0.6941879049108731,0.1004849153454964,0.09009090910642,0.0103940062390763,0.0103940062390763,-0.0068954094540476,-0.0166666666666666,0,0,0,0,0,0,0,1.8693958527616403,0.7226649045956465
20260917,env__v~normanweissman2019%5Ffiltered__v~k562__v~rna__v~baseline,norman_k562,env__v~replogleweissman2022%5Frpe1__v~rpe1__v~rna__v~baseline,replogle_rpe1,u_only_rf,u_only_rf,ptl_rf,141,852,99,0.2720003042439955,0.5926859995929266,shared_identity_free_random_forest,shared_identity_free_random_forest,0.920334665918104,0.8429762059872702,0.2423747781565969,0.1650163182257631,0.0773584599308337,0.0773584599308337,0.0428878214659157,0.0749999999999999,0,0,0,1,1,0,0,0.7303606193801754,4.967288076703936
20260917,env__v~normanweissman2019%5Ffiltered__v~k562__v~rna__v~baseline,norman_k562,env__v~tiankampmann2021%5Fcrispra__v~ipsc-induced%5Fneuron__v~rna__v~baseline,tian_neuron_crispra,u_only_rf,u_only_rf,ptl_rf,141,891,60,0.2362266848851924,0.5926859995929266,shared_identity_free_random_forest,shared_identity_free_random_forest,0.5585392986890004,0.5288829864203299,0.1482569589092268,0.1186006466405563,0.0296563122686704,0.0296563122686704,0.0011623156679176,0.0,0,0,1,1,1,0,0,1.7277359965235386,0.7158056943487533
20260917,env__v~normanweissman2019%5Ffiltered__v~k562__v~rna__v~baseline,norman_k562,env__v~tiankampmann2021%5Fcrispri__v~ipsc-induced%5Fneuron__v~rna__v~baseline,tian_neuron_crispri,u_only_rf,u_only_rf,ptl_rf,141,843,114,0.225843831196722,0.5926859995929266,shared_identity_free_random_forest,shared_identity_free_random_forest,0.517119564759845,0.5155203745050062,0.0487537312967047,0.0471545410418659,0.0015991902548387,0.0015991902548387,0.0108107043883696,0.0108695652173913,0,0,0,1,1,0,0,2.235544891707544,0.7759313150779236
20260917,env__v~normanweissman2019%5Ffiltered__v~k562__v~rna__v~baseline,norman_k562,env__v~xucao2023__v~hek293__v~rna__v~baseline,xu_he293,u_only_rf,u_only_rf,ptl_rf,141,843,114,0.2543664752012107,0.5926859995929266,shared_identity_free_random_forest,shared_identity_free_random_forest,0.6845704657056303,0.6609504418652186,0.0878514865192336,0.0642314626788219,0.0236200238404117,0.0236200238404117,-0.003365969348693,-0.0326086956521739,0,0,0,1,1,0,0,1.6364575785450866,0.848688871197473
20260917,env__v~replogleweissman2022%5Frpe1__v~rpe1__v~rna__v~baseline,replogle_rpe1,env__v~frangiehizar2021%5Frna__v~patient-derived%5Fmelanoma__v~rna__v~co-culture,frangieh_melanoma_coculture,u_only_rf,u_only_rf,ptl_rf,99,807,150,0.2849994558385495,0.0484939633706564,shared_identity_free_random_forest,shared_identity_free_random_forest,0.8111476615987433,0.8197779885613177,0.1114965941767569,0.1201269211393313,-0.0086303269625743,-0.0086303269625743,-0.0020195682562837,-0.0083333333333333,0,0,0,0,0,0,0,1.2946425416523903,3.7522049263021855
20260917,env__v~replogleweissman2022%5Frpe1__v~rpe1__v~rna__v~baseline,replogle_rpe1,env__v~frangiehizar2021%5Frna__v~patient-derived%5Fmelanoma__v~rna__v~control,frangieh_melanoma_control,u_only_rf,u_only_rf,ptl_rf,99,807,150,0.2651315042553184,0.0484939633706564,shared_identity_free_random_forest,shared_identity_free_random_forest,0.6925771171357153,0.6921450219592639,0.0798973017999132,0.0794652066234617,0.0004320951764514,0.0004320951764514,-0.004504259433655,-0.0166666666666666,0,0,0,0,0,0,0,1.1905928681732962,3.920421918045303
20260917,env__v~replogleweissman2022%5Frpe1__v~rpe1__v~rna__v~baseline,replogle_rpe1,env__v~frangiehizar2021%5Frna__v~patient-derived%5Fmelanoma__v~rna__v~ifn%CE%B3,frangieh_melanoma_ifng,u_only_rf,u_only_rf,ptl_rf,99,804,150,0.2523108445092906,0.0484939633706564,shared_identity_free_random_forest,shared_identity_free_random_forest,0.7045819111499495,0.7264357547568473,0.1004849153454964,0.1223387589523942,-0.0218538436068977,-0.0218538436068977,-0.0023066530131728,-0.0083333333333333,0,0,0,0,0,0,0,1.2737294505361074,3.943519920681668
20260917,env__v~replogleweissman2022%5Frpe1__v~rpe1__v~rna__v~baseline,replogle_rpe1,env__v~normanweissman2019%5Ffiltered__v~k562__v~rna__v~baseline,norman_k562,u_only_rf,u_only_rf,ptl_rf,99,810,144,0.222933392300216,0.0484939633706564,shared_identity_free_random_forest,shared_identity_free_random_forest,0.3148815875841749,0.3235335982642746,0.1450210432812112,0.1536730539613109,-0.0086520106800996,-0.0086520106800996,0.0520703183290447,0.0344827586206896,0,0,0,1,1,0,0,0.5911628670847611,3.607168791445697
20260917,env__v~replogleweissman2022%5Frpe1__v~rpe1__v~rna__v~baseline,replogle_rpe1,env__v~tiankampmann2021%5Fcrispra__v~ipsc-induced%5Fneuron__v~rna__v~baseline,tian_neuron_crispra,u_only_rf,u_only_rf,ptl_rf,99,891,60,0.2362266848851924,0.0484939633706564,shared_identity_free_random_forest,shared_identity_free_random_forest,0.5585392986890004,0.5198819488509482,0.1482569589092268,0.1095996090711745,0.0386573498380522,0.0386573498380522,0.010920085454159,0.0,0,0,0,1,1,0,0,1.030458003419667,4.081726288548809
20260917,env__v~replogleweissman2022%5Frpe1__v~rpe1__v~rna__v~baseline,replogle_rpe1,env__v~tiankampmann2021%5Fcrispri__v~ipsc-induced%5Fneuron__v~rna__v~baseline,tian_neuron_crispri,u_only_rf,u_only_rf,ptl_rf,99,843,114,0.225843831196722,0.0484939633706564,shared_identity_free_random_forest,shared_identity_free_random_forest,0.517119564759845,0.5088734582497312,0.0487537312967047,0.0405076247865909,0.0082461065101138,0.0082461065101138,0.0058372346153718,-0.0108695652173912,0,0,1,1,1,0,0,1.527591811705406,4.109598743756523
20260917,env__v~replogleweissman2022%5Frpe1__v~rpe1__v~rna__v~baseline,replogle_rpe1,env__v~xucao2023__v~hek293__v~rna__v~baseline,xu_he293,u_only_rf,u_only_rf,ptl_rf,99,843,114,0.2543664752012107,0.0484939633706564,shared_identity_free_random_forest,shared_identity_free_random_forest,0.6845704657056303,0.6805669787955296,0.0878514865192336,0.083847999609133,0.0040034869101006,0.0040034869101006,-0.0017803674175477,-0.0217391304347827,0,0,1,1,1,0,0,0.93651452092764,3.120136197807516
20260917,env__v~tiankampmann2021%5Fcrispra__v~ipsc-induced%5Fneuron__v~rna__v~baseline,tian_neuron_crispra,env__v~frangiehizar2021%5Frna__v~patient-derived%5Fmelanoma__v~rna__v~co-culture,frangieh_melanoma_coculture,u_only_rf,u_only_rf,ptl_rf,60,807,150,0.2849994558385495,0.3776759557551005,shared_identity_free_random_forest,shared_identity_free_random_forest,0.8111476615987433,0.8114663688259907,0.1114965941767569,0.1118153014040043,-0.0003187072272473,-0.0003187072272473,0.008527537278244,0.0,0,0,0,0,0,0,0,0.8012685657174446,0.3517285990729668
20260917,env__v~tiankampmann2021%5Fcrispra__v~ipsc-induced%5Fneuron__v~rna__v~baseline,tian_neuron_crispra,env__v~frangiehizar2021%5Frna__v~patient-derived%5Fmelanoma__v~rna__v~control,frangieh_melanoma_control,u_only_rf,u_only_rf,ptl_rf,60,807,150,0.2651315042553184,0.3776759557551005,shared_identity_free_random_forest,shared_identity_free_random_forest,0.6925771171357153,0.6930826221719489,0.0798973017999132,0.0804028068361468,-0.0005055050362335,-0.0005055050362335,0.0157212962973206,0.0166666666666667,0,0,0,0,0,0,0,0.5548902342184442,0.1920626083067194
20260917,env__v~tiankampmann2021%5Fcrispra__v~ipsc-induced%5Fneuron__v~rna__v~baseline,tian_neuron_crispra,env__v~frangiehizar2021%5Frna__v~patient-derived%5Fmelanoma__v~rna__v~ifn%CE%B3,frangieh_melanoma_ifng,u_only_rf,u_only_rf,ptl_rf,60,804,150,0.2523108445092906,0.3776759557551005,shared_identity_free_random_forest,shared_identity_free_random_forest,0.7045819111499495,0.6893241106974146,0.1004849153454964,0.0852271148929615,0.0152578004525348,0.0152578004525348,0.0060377777463683,0.0,0,0,0,0,0,0,0,0.551844968137334,0.2248058035456685
20260917,env__v~tiankampmann2021%5Fcrispra__v~ipsc-induced%5Fneuron__v~rna__v~baseline,tian_neuron_crispra,env__v~normanweissman2019%5Ffiltered__v~k562__v~rna__v~baseline,norman_k562,u_only_rf,u_only_rf,ptl_rf,60,810,144,0.222933392300216,0.3776759557551005,shared_identity_free_random_forest,shared_identity_free_random_forest,0.3148815875841749,0.2960066972472538,0.1450210432812112,0.1261461529442901,0.018874890336921,0.018874890336921,0.051491630146531,0.0344827586206896,0,0,1,1,1,0,0,1.6191954249362872,0.5442350271367508
20260917,env__v~tiankampmann2021%5Fcrispra__v~ipsc-induced%5Fneuron__v~rna__v~baseline,tian_neuron_crispra,env__v~replogleweissman2022%5Frpe1__v~rpe1__v~rna__v~baseline,replogle_rpe1,u_only_rf,u_only_rf,ptl_rf,60,852,99,0.2720003042439955,0.3776759557551005,shared_identity_free_random_forest,shared_identity_free_random_forest,0.920334665918104,0.8553171560236856,0.2423747781565969,0.1773572682621785,0.0650175098944183,0.0650175098944183,0.0302271212852656,0.0499999999999999,0,0,0,1,1,0,0,1.0577989497070626,5.55755865495819
20260917,env__v~tiankampmann2021%5Fcrispra__v~ipsc-induced%5Fneuron__v~rna__v~baseline,tian_neuron_crispra,env__v~tiankampmann2021%5Fcrispri__v~ipsc-induced%5Fneuron__v~rna__v~baseline,tian_neuron_crispri,u_only_rf,u_only_rf,ptl_rf,60,843,114,0.225843831196722,0.3776759557551005,shared_identity_free_random_forest,shared_identity_free_random_forest,0.517119564759845,0.5067080308450473,0.0487537312967047,0.038342197381907,0.0104115339147976,0.0104115339147976,0.0111722597025606,0.0108695652173913,0,1,0,1,1,0,0,0.485461435947023,0.146522127461745
20260917,env__v~tiankampmann2021%5Fcrispra__v~ipsc-induced%5Fneuron__v~rna__v~baseline,tian_neuron_crispra,env__v~xucao2023__v~hek293__v~rna__v~baseline,xu_he293,u_only_rf,u_only_rf,ptl_rf,60,843,114,0.2543664752012107,0.3776759557551005,shared_identity_free_random_forest,shared_identity_free_random_forest,0.6845704657056303,0.6591137759681759,0.0878514865192336,0.0623947967817792,0.0254566897374544,0.0254566897374544,0.0058272863008367,0.0108695652173912,0,0,0,1,1,0,0,0.5450270711607894,0.9462520233035112
20260917,env__v~tiankampmann2021%5Fcrispri__v~ipsc-induced%5Fneuron__v~rna__v~baseline,tian_neuron_crispri,env__v~frangiehizar2021%5Frna__v~patient-derived%5Fmelanoma__v~rna__v~co-culture,frangieh_melanoma_coculture,u_only_rf,u_only_rf,ptl_rf,108,807,150,0.2849994558385495,0.3817756703246105,shared_identity_free_random_forest,shared_identity_free_random_forest,0.8111476615987433,0.7964616034030262,0.1114965941767569,0.0968105359810398,0.0146860581957171,0.0146860581957171,0.0037988319024341,-0.0083333333333333,0,0,0,0,0,0,0,1.1051410429282278,0.3146708396261487
20260917,env__v~tiankampmann2021%5Fcrispri__v~ipsc-induced%5Fneuron__v~rna__v~baseline,tian_neuron_crispri,env__v~frangiehizar2021%5Frna__v~patient-derived%5Fmelanoma__v~rna__v~control,frangieh_melanoma_control,u_only_rf,u_only_rf,ptl_rf,108,807,150,0.2651315042553184,0.3817756703246105,shared_identity_free_random_forest,shared_identity_free_random_forest,0.6925771171357153,0.6880665856660708,0.0798973017999132,0.0753867703302687,0.0045105314696445,0.0045105314696445,0.0169741135597465,0.0166666666666667,0,0,0,0,0,0,0,0.8726206965078771,0.1423104280235539
20260917,env__v~tiankampmann2021%5Fcrispri__v~ipsc-induced%5Fneuron__v~rna__v~baseline,tian_neuron_crispri,env__v~frangiehizar2021%5Frna__v~patient-derived%5Fmelanoma__v~rna__v~ifn%CE%B3,frangieh_melanoma_ifng,u_only_rf,u_only_rf,ptl_rf,108,804,150,0.2523108445092906,0.3817756703246105,shared_identity_free_random_forest,shared_identity_free_random_forest,0.7045819111499495,0.6844564549664615,0.1004849153454964,0.0803594591620083,0.020125456183488,0.020125456183488,0.0059758705404142,0.0,0,0,0,0,0,0,0,0.8198753690988039,0.1719076662992966
20260917,env__v~tiankampmann2021%5Fcrispri__v~ipsc-induced%5Fneuron__v~rna__v~baseline,tian_neuron_crispri,env__v~normanweissman2019%5Ffiltered__v~k562__v~rna__v~baseline,norman_k562,u_only_rf,u_only_rf,ptl_rf,108,810,144,0.222933392300216,0.3817756703246105,shared_identity_free_random_forest,shared_identity_free_random_forest,0.3148815875841749,0.3125311464537154,0.1450210432812112,0.1426706021507517,0.0023504411304595,0.0023504411304595,0.0463849683631695,0.0344827586206896,0,0,0,1,1,0,0,2.0761301015292792,0.6283690143790117
20260917,env__v~tiankampmann2021%5Fcrispri__v~ipsc-induced%5Fneuron__v~rna__v~baseline,tian_neuron_crispri,env__v~replogleweissman2022%5Frpe1__v~rpe1__v~rna__v~baseline,replogle_rpe1,u_only_rf,u_only_rf,ptl_rf,108,852,99,0.2720003042439955,0.3817756703246105,shared_identity_free_random_forest,shared_identity_free_random_forest,0.920334665918104,0.8483989780217087,0.2423747781565969,0.1704390902602016,0.0719356878963952,0.0719356878963952,0.035556857256643,0.0749999999999999,0,0,1,1,1,0,0,1.4957661209471511,5.555773204249559
20260917,env__v~tiankampmann2021%5Fcrispri__v~ipsc-induced%5Fneuron__v~rna__v~baseline,tian_neuron_crispri,env__v~tiankampmann2021%5Fcrispra__v~ipsc-induced%5Fneuron__v~rna__v~baseline,tian_neuron_crispra,u_only_rf,u_only_rf,ptl_rf,108,891,60,0.2362266848851924,0.3817756703246105,shared_identity_free_random_forest,shared_identity_free_random_forest,0.5585392986890004,0.5029044210406296,0.1482569589092268,0.0926220812608559,0.0556348776483708,0.0556348776483708,0.0079107432089347,0.0,0,1,0,1,1,0,0,0.5064496051259382,0.1181900444194277
20260917,env__v~tiankampmann2021%5Fcrispri__v~ipsc-induced%5Fneuron__v~rna__v~baseline,tian_neuron_crispri,env__v~xucao2023__v~hek293__v~rna__v~baseline,xu_he293,u_only_rf,u_only_rf,ptl_rf,108,843,114,0.2543664752012107,0.3817756703246105,shared_identity_free_random_forest,shared_identity_free_random_forest,0.6845704657056303,0.659380020848072,0.0878514865192336,0.0626610416616754,0.0251904448575582,0.0251904448575582,0.0106854433912292,0.0108695652173912,0,0,1,1,1,0,0,0.7471538152491196,0.9322007113072616
20260917,env__v~xucao2023__v~hek293__v~rna__v~baseline,xu_he293,env__v~frangiehizar2021%5Frna__v~patient-derived%5Fmelanoma__v~rna__v~co-culture,frangieh_melanoma_coculture,u_only_rf,u_only_rf,ptl_rf,108,807,150,0.2849994558385495,0.2390260496895782,shared_identity_free_random_forest,shared_identity_free_random_forest,0.8111476615987433,0.802400067602297,0.1114965941767569,0.1027490001803106,0.0087475939964463,0.0087475939964463,0.0029598398242515,-0.0083333333333333,0,0,0,0,0,0,0,1.2696222844074447,0.7346419503638696
20260917,env__v~xucao2023__v~hek293__v~rna__v~baseline,xu_he293,env__v~frangiehizar2021%5Frna__v~patient-derived%5Fmelanoma__v~rna__v~control,frangieh_melanoma_control,u_only_rf,u_only_rf,ptl_rf,108,807,150,0.2651315042553184,0.2390260496895782,shared_identity_free_random_forest,shared_identity_free_random_forest,0.6925771171357153,0.7041577170174137,0.0798973017999132,0.0914779016816116,-0.0115805998816983,-0.0115805998816983,0.0047059683503288,-0.0166666666666666,0,0,0,0,0,0,0,1.036248088461608,0.8375774731113067
20260917,env__v~xucao2023__v~hek293__v~rna__v~baseline,xu_he293,env__v~frangiehizar2021%5Frna__v~patient-derived%5Fmelanoma__v~rna__v~ifn%CE%B3,frangieh_melanoma_ifng,u_only_rf,u_only_rf,ptl_rf,108,804,150,0.2523108445092906,0.2390260496895782,shared_identity_free_random_forest,shared_identity_free_random_forest,0.7045819111499495,0.6991497004514006,0.1004849153454964,0.0950527046469474,0.0054322106985489,0.0054322106985489,0.0033676941795969,0.0,0,0,0,0,0,0,0,1.055102288891311,0.859070843072726
20260917,env__v~xucao2023__v~hek293__v~rna__v~baseline,xu_he293,env__v~normanweissman2019%5Ffiltered__v~k562__v~rna__v~baseline,norman_k562,u_only_rf,u_only_rf,ptl_rf,108,810,144,0.222933392300216,0.2390260496895782,shared_identity_free_random_forest,shared_identity_free_random_forest,0.3148815875841749,0.3294584119107634,0.1450210432812112,0.1595978676077998,-0.0145768243265885,-0.0145768243265885,0.0438906053068615,0.0258620689655172,0,0,0,1,1,0,0,1.5234986435893616,0.8318165063946117
20260917,env__v~xucao2023__v~hek293__v~rna__v~baseline,xu_he293,env__v~replogleweissman2022%5Frpe1__v~rpe1__v~rna__v~baseline,replogle_rpe1,u_only_rf,u_only_rf,ptl_rf,108,852,99,0.2720003042439955,0.2390260496895782,shared_identity_free_random_forest,shared_identity_free_random_forest,0.920334665918104,0.8429593034388019,0.2423747781565969,0.1649994156772948,0.0773753624793021,0.0773753624793021,0.0413016573133701,0.0625,0,0,1,1,1,0,0,0.9146411252231836,4.611918769801913
20260917,env__v~xucao2023__v~hek293__v~rna__v~baseline,xu_he293,env__v~tiankampmann2021%5Fcrispra__v~ipsc-induced%5Fneuron__v~rna__v~baseline,tian_neuron_crispra,u_only_rf,u_only_rf,ptl_rf,108,891,60,0.2362266848851924,0.2390260496895782,shared_identity_free_random_forest,shared_identity_free_random_forest,0.5585392986890004,0.4989813346782263,0.1482569589092268,0.0886989948984527,0.059557964010774,0.059557964010774,0.0129435486767441,0.0,0,0,0,1,1,0,0,0.4983380361553104,0.9948011972350812
20260917,env__v~xucao2023__v~hek293__v~rna__v~baseline,xu_he293,env__v~tiankampmann2021%5Fcrispri__v~ipsc-induced%5Fneuron__v~rna__v~baseline,tian_neuron_crispri,u_only_rf,u_only_rf,ptl_rf,108,843,114,0.225843831196722,0.2390260496895782,shared_identity_free_random_forest,shared_identity_free_random_forest,0.517119564759845,0.5160657846288668,0.0487537312967047,0.0476999511657265,0.0010537801309782,0.0010537801309782,-0.0048578613979167,0.0108695652173913,0,0,1,1,1,0,0,0.7428070612889043,1.0124134111100678
20260927,env__v~frangiehizar2021%5Frna__v~patient-derived%5Fmelanoma__v~rna__v~co-culture,frangieh_melanoma_coculture,env__v~frangiehizar2021%5Frna__v~patient-derived%5Fmelanoma__v~rna__v~control,frangieh_melanoma_control,raw_scalar_uq,raw_normalized_uq,ptl_rf,144,807,150,0.2668483557111739,0.1173034842342176,shared_identity_free_random_forest,shared_identity_free_random_forest,0.6629203454129445,0.6586945181949485,0.0599119476639278,0.0556861204459318,0.004225827217996,0.004225827217996,0.0039612682233749,0.025,0,1,1,1,0,1,1,0.3423612164551409,0.2040897717063772
20260927,env__v~frangiehizar2021%5Frna__v~patient-derived%5Fmelanoma__v~rna__v~co-culture,frangieh_melanoma_coculture,env__v~frangiehizar2021%5Frna__v~patient-derived%5Fmelanoma__v~rna__v~ifn%CE%B3,frangieh_melanoma_ifng,raw_scalar_uq,raw_normalized_uq,ptl_rf,144,804,150,0.25460079306246,0.1173034842342176,shared_identity_free_random_forest,shared_identity_free_random_forest,0.7093484094275998,0.6688939293019842,0.1114962148400412,0.0710417347144256,0.0404544801256155,0.0404544801256155,0.0098966123273619,0.0083333333333333,0,1,1,1,0,1,1,0.3268210515502539,0.1451527927262799
20260927,env__v~frangiehizar2021%5Frna__v~patient-derived%5Fmelanoma__v~rna__v~co-culture,frangieh_melanoma_coculture,env__v~normanweissman2019%5Ffiltered__v~k562__v~rna__v~baseline,norman_k562,raw_scalar_uq,raw_normalized_uq,ptl_rf,144,810,144,0.2141897094649013,0.1173034842342176,shared_identity_free_random_forest,shared_identity_free_random_forest,0.2975152544228533,0.2737867646769634,0.156338423764209,0.132609934018319,0.0237284897458899,0.0237284897458899,0.0491080212326808,0.0172413793103448,0,0,0,0,0,0,0,1.9951853103657349,1.0989924221307603
20260927,env__v~frangiehizar2021%5Frna__v~patient-derived%5Fmelanoma__v~rna__v~co-culture,frangieh_melanoma_coculture,env__v~replogleweissman2022%5Frpe1__v~rpe1__v~rna__v~baseline,replogle_rpe1,raw_scalar_uq,raw_normalized_uq,ptl_rf,144,852,99,0.2667463247528922,0.1173034842342176,shared_identity_free_random_forest,shared_identity_free_random_forest,0.8678927041890672,0.9051545460906806,0.1249115035557522,0.1621733454573656,-0.0372618419016134,-0.0372618419016134,0.002049041096178,0.0,0,0,0,0,0,0,0,1.5063968872060625,3.104631595366512
20260927,env__v~frangiehizar2021%5Frna__v~patient-derived%5Fmelanoma__v~rna__v~co-culture,frangieh_melanoma_coculture,env__v~tiankampmann2021%5Fcrispra__v~ipsc-induced%5Fneuron__v~rna__v~baseline,tian_neuron_crispra,raw_scalar_uq,raw_normalized_uq,ptl_rf,144,891,60,0.2316590737686883,0.1173034842342176,shared_identity_free_random_forest,shared_identity_free_random_forest,0.5568913718283857,0.5165723233231289,0.0919169579604016,0.0515979094551448,0.0403190485052568,0.0403190485052568,0.0055066228156899,0.0,0,0,0,0,0,0,0,0.598819324716437,0.1836909105843288
20260927,env__v~frangiehizar2021%5Frna__v~patient-derived%5Fmelanoma__v~rna__v~co-culture,frangieh_melanoma_coculture,env__v~tiankampmann2021%5Fcrispri__v~ipsc-induced%5Fneuron__v~rna__v~baseline,tian_neuron_crispri,raw_scalar_uq,raw_normalized_uq,ptl_rf,144,843,114,0.2159993820268578,0.1173034842342176,shared_identity_free_random_forest,shared_identity_free_random_forest,0.5319814472345569,0.5273049385280796,0.0580950205758927,0.0534185118694154,0.0046765087064772,0.0046765087064772,0.0087766416719724,0.0,0,0,0,0,0,0,0,0.6518722410821702,0.2962261217653589
20260927,env__v~frangiehizar2021%5Frna__v~patient-derived%5Fmelanoma__v~rna__v~co-culture,frangieh_melanoma_coculture,env__v~xucao2023__v~hek293__v~rna__v~baseline,xu_he293,raw_scalar_uq,raw_normalized_uq,ptl_rf,144,843,114,0.2519558218453315,0.1173034842342176,shared_identity_free_random_forest,shared_identity_free_random_forest,0.6899381695401344,0.6596082452525988,0.0885166020793022,0.0581866777917665,0.0303299242875356,0.0303299242875356,0.0016235223927404,0.0,0,0,0,0,0,0,0,1.1467471338370707,0.726956517591291
20260927,env__v~frangiehizar2021%5Frna__v~patient-derived%5Fmelanoma__v~rna__v~control,frangieh_melanoma_control,env__v~frangiehizar2021%5Frna__v~patient-derived%5Fmelanoma__v~rna__v~co-culture,frangieh_melanoma_coculture,raw_scalar_uq,raw_normalized_uq,ptl_rf,144,807,150,0.2811584097169659,0.1993794275395636,shared_identity_free_random_forest,shared_identity_free_random_forest,0.7944757964068414,0.7827091104996899,0.0849338682874206,0.0731671823802692,0.0117666859071514,0.0117666859071514,-0.0011543386604924,0.0,0,1,1,1,0,1,1,0.342686960911598,0.178666988632365
20260927,env__v~frangiehizar2021%5Frna__v~patient-derived%5Fmelanoma__v~rna__v~control,frangieh_melanoma_control,env__v~frangiehizar2021%5Frna__v~patient-derived%5Fmelanoma__v~rna__v~ifn%CE%B3,frangieh_melanoma_ifng,raw_scalar_uq,raw_normalized_uq,ptl_rf,144,804,150,0.25460079306246,0.1993794275395636,shared_identity_free_random_forest,shared_identity_free_random_forest,0.7093484094275998,0.6689866447860584,0.1114962148400412,0.0711344501984998,0.0403617646415414,0.0403617646415414,0.0059293371359201,0.0083333333333333,0,1,1,1,0,1,1,0.0549016749450067,0.145848028295819
20260927,env__v~frangiehizar2021%5Frna__v~patient-derived%5Fmelanoma__v~rna__v~control,frangieh_melanoma_control,env__v~normanweissman2019%5Ffiltered__v~k562__v~rna__v~baseline,norman_k562,raw_scalar_uq,raw_normalized_uq,ptl_rf,144,810,144,0.2141897094649013,0.1993794275395636,shared_identity_free_random_forest,shared_identity_free_random_forest,0.2975152544228533,0.3586590556679767,0.156338423764209,0.2174822250093323,-0.0611438012451233,-0.0611438012451233,0.0237241459423591,0.0,0,0,0,0,0,0,0,1.7080771380179922,1.0964222163581638
20260927,env__v~frangiehizar2021%5Frna__v~patient-derived%5Fmelanoma__v~rna__v~control,frangieh_melanoma_control,env__v~replogleweissman2022%5Frpe1__v~rpe1__v~rna__v~baseline,replogle_rpe1,raw_scalar_uq,raw_normalized_uq,ptl_rf,144,852,99,0.2667463247528922,0.1993794275395636,shared_identity_free_random_forest,shared_identity_free_random_forest,0.8678927041890672,0.9027201854311556,0.1249115035557522,0.1597389847978407,-0.0348274812420885,-0.0348274812420885,-0.004218269662409,0.0,0,0,0,0,0,0,0,1.214475501019514,3.1726914463431464
20260927,env__v~frangiehizar2021%5Frna__v~patient-derived%5Fmelanoma__v~rna__v~control,frangieh_melanoma_control,env__v~tiankampmann2021%5Fcrispra__v~ipsc-induced%5Fneuron__v~rna__v~baseline,tian_neuron_crispra,raw_scalar_uq,raw_normalized_uq,ptl_rf,144,891,60,0.2316590737686883,0.1993794275395636,shared_identity_free_random_forest,shared_identity_free_random_forest,0.5568913718283857,0.5502170421357142,0.0919169579604016,0.0852426282677302,0.0066743296926714,0.0066743296926714,0.0128150403171463,0.0,0,0,0,0,0,0,0,0.5963355826078732,0.1910634576370539
20260927,env__v~frangiehizar2021%5Frna__v~patient-derived%5Fmelanoma__v~rna__v~control,frangieh_melanoma_control,env__v~tiankampmann2021%5Fcrispri__v~ipsc-induced%5Fneuron__v~rna__v~baseline,tian_neuron_crispri,raw_scalar_uq,raw_normalized_uq,ptl_rf,144,843,114,0.2159993820268578,0.1993794275395636,shared_identity_free_random_forest,shared_identity_free_random_forest,0.5319814472345569,0.5197754729987547,0.0580950205758927,0.0458890463400905,0.0122059742358021,0.0122059742358021,0.011764340525057,0.0,0,0,0,0,0,0,0,0.8424477457472682,0.2262040210321062
20260927,env__v~frangiehizar2021%5Frna__v~patient-derived%5Fmelanoma__v~rna__v~control,frangieh_melanoma_control,env__v~xucao2023__v~hek293__v~rna__v~baseline,xu_he293,raw_scalar_uq,raw_normalized_uq,ptl_rf,144,843,114,0.2519558218453315,0.1993794275395636,shared_identity_free_random_forest,shared_identity_free_random_forest,0.6899381695401344,0.7319791539866788,0.0885166020793022,0.1305575865258466,-0.0420409844465443,-0.0420409844465443,-0.0179082231529472,-0.0326086956521739,0,0,0,0,0,0,0,1.0901863940856904,0.7200678827271553
20260927,env__v~frangiehizar2021%5Frna__v~patient-derived%5Fmelanoma__v~rna__v~ifn%CE%B3,frangieh_melanoma_ifng,env__v~frangiehizar2021%5Frna__v~patient-derived%5Fmelanoma__v~rna__v~co-culture,frangieh_melanoma_coculture,raw_scalar_uq,raw_normalized_uq,ptl_rf,147,807,150,0.2811584097169659,0.1957521273857734,shared_identity_free_random_forest,shared_identity_free_random_forest,0.7944757964068414,0.7924609415129156,0.0849338682874206,0.0829190133934948,0.0020148548939258,0.0020148548939258,-9.141454379246738e-06,0.0,0,1,1,1,0,1,1,0.3490640781702368,0.237541686076604
20260927,env__v~frangiehizar2021%5Frna__v~patient-derived%5Fmelanoma__v~rna__v~ifn%CE%B3,frangieh_melanoma_ifng,env__v~frangiehizar2021%5Frna__v~patient-derived%5Fmelanoma__v~rna__v~control,frangieh_melanoma_control,raw_scalar_uq,raw_normalized_uq,ptl_rf,147,807,150,0.2668483557111739,0.1957521273857734,shared_identity_free_random_forest,shared_identity_free_random_forest,0.6629203454129445,0.6583008730996319,0.0599119476639278,0.0552924753506152,0.0046194723133126,0.0046194723133126,0.0064117730670835,0.0333333333333333,0,1,1,1,0,1,1,0.0087316445774949,0.1421201832374346
20260927,env__v~frangiehizar2021%5Frna__v~patient-derived%5Fmelanoma__v~rna__v~ifn%CE%B3,frangieh_melanoma_ifng,env__v~normanweissman2019%5Ffiltered__v~k562__v~rna__v~baseline,norman_k562,raw_scalar_uq,raw_normalized_uq,ptl_rf,147,810,144,0.2141897094649013,0.1957521273857734,shared_identity_free_random_forest,shared_identity_free_random_forest,0.2975152544228533,0.290805309582798,0.156338423764209,0.1496284789241537,0.0067099448400553,0.0067099448400553,0.0255131482156175,0.0086206896551723,0,0,0,0,0,0,0,1.6600188420041413,0.9496135366976446
20260927,env__v~frangiehizar2021%5Frna__v~patient-derived%5Fmelanoma__v~rna__v~ifn%CE%B3,frangieh_melanoma_ifng,env__v~replogleweissman2022%5Frpe1__v~rpe1__v~rna__v~baseline,replogle_rpe1,raw_scalar_uq,raw_normalized_uq,ptl_rf,147,852,99,0.2667463247528922,0.1957521273857734,shared_identity_free_random_forest,shared_identity_free_random_forest,0.8678927041890672,0.9054632998095996,0.1249115035557522,0.1624820991762846,-0.0375705956205324,-0.0375705956205324,-0.0028739899650417,0.0,0,0,0,0,0,0,0,1.169667366863815,2.983449764656112
20260927,env__v~frangiehizar2021%5Frna__v~patient-derived%5Fmelanoma__v~rna__v~ifn%CE%B3,frangieh_melanoma_ifng,env__v~tiankampmann2021%5Fcrispra__v~ipsc-induced%5Fneuron__v~rna__v~baseline,tian_neuron_crispra,raw_scalar_uq,raw_normalized_uq,ptl_rf,147,891,60,0.2316590737686883,0.1957521273857734,shared_identity_free_random_forest,shared_identity_free_random_forest,0.5568913718283857,0.5447287516633569,0.0919169579604016,0.0797543377953728,0.0121626201650287,0.0121626201650287,-0.0073271894001384,0.0,0,0,0,0,0,0,0,0.5193035502738024,0.223974089246318
20260927,env__v~frangiehizar2021%5Frna__v~patient-derived%5Fmelanoma__v~rna__v~ifn%CE%B3,frangieh_melanoma_ifng,env__v~tiankampmann2021%5Fcrispri__v~ipsc-induced%5Fneuron__v~rna__v~baseline,tian_neuron_crispri,raw_scalar_uq,raw_normalized_uq,ptl_rf,147,843,114,0.2159993820268578,0.1957521273857734,shared_identity_free_random_forest,shared_identity_free_random_forest,0.5319814472345569,0.5374025766985348,0.0580950205758927,0.0635161500398706,-0.0054211294639778,-0.0054211294639778,0.0018444253698562,0.0108695652173913,0,0,0,0,0,0,0,0.7990908419434127,0.414984274261564
20260927,env__v~frangiehizar2021%5Frna__v~patient-derived%5Fmelanoma__v~rna__v~ifn%CE%B3,frangieh_melanoma_ifng,env__v~xucao2023__v~hek293__v~rna__v~baseline,xu_he293,raw_scalar_uq,raw_normalized_uq,ptl_rf,147,843,114,0.2519558218453315,0.1957521273857734,shared_identity_free_random_forest,shared_identity_free_random_forest,0.6899381695401344,0.6688224138525726,0.0885166020793022,0.0674008463917403,0.0211157556875618,0.0211157556875618,-0.0026719628040214,-0.0108695652173913,0,0,0,0,0,0,0,1.0045113948904,0.5965959457345557
20260927,env__v~normanweissman2019%5Ffiltered__v~k562__v~rna__v~baseline,norman_k562,env__v~frangiehizar2021%5Frna__v~patient-derived%5Fmelanoma__v~rna__v~co-culture,frangieh_melanoma_coculture,raw_scalar_uq,raw_normalized_uq,ptl_rf,141,807,150,0.2811584097169659,0.600529848346341,shared_identity_free_random_forest,shared_identity_free_random_forest,0.7944757964068414,0.7938342757195895,0.0849338682874206,0.0842923476001688,0.0006415206872518,0.0006415206872518,-0.0044007434384357,0.0,0,0,0,0,0,0,0,2.0173598584655483,1.436663001509975
20260927,env__v~normanweissman2019%5Ffiltered__v~k562__v~rna__v~baseline,norman_k562,env__v~frangiehizar2021%5Frna__v~patient-derived%5Fmelanoma__v~rna__v~control,frangieh_melanoma_control,raw_scalar_uq,raw_normalized_uq,ptl_rf,141,807,150,0.2668483557111739,0.600529848346341,shared_identity_free_random_forest,shared_identity_free_random_forest,0.6629203454129445,0.6725061880464257,0.0599119476639278,0.0694977902974089,-0.0095858426334811,-0.0095858426334811,-0.0246879249886902,-0.0416666666666666,0,0,0,0,0,0,0,1.691732525764443,1.3731743691380378
20260927,env__v~normanweissman2019%5Ffiltered__v~k562__v~rna__v~baseline,norman_k562,env__v~frangiehizar2021%5Frna__v~patient-derived%5Fmelanoma__v~rna__v~ifn%CE%B3,frangieh_melanoma_ifng,raw_scalar_uq,raw_normalized_uq,ptl_rf,141,804,150,0.25460079306246,0.600529848346341,shared_identity_free_random_forest,shared_identity_free_random_forest,0.7093484094275998,0.7199985116661265,0.1114962148400412,0.1221463170785679,-0.0106501022385266,-0.0106501022385266,-0.0142683009723388,-0.0499999999999999,0,0,0,0,0,0,0,1.712618847224867,1.3546664141532934
20260927,env__v~normanweissman2019%5Ffiltered__v~k562__v~rna__v~baseline,norman_k562,env__v~replogleweissman2022%5Frpe1__v~rpe1__v~rna__v~baseline,replogle_rpe1,raw_scalar_uq,raw_normalized_uq,ptl_rf,141,852,99,0.2667463247528922,0.600529848346341,shared_identity_free_random_forest,shared_identity_free_random_forest,0.8678927041890672,0.9101345997261004,0.1249115035557522,0.1671533990927853,-0.0422418955370331,-0.0422418955370331,-0.0176478437740745,-0.0374999999999999,0,0,0,1,1,0,0,0.5512685317578714,2.117575495020192
20260927,env__v~normanweissman2019%5Ffiltered__v~k562__v~rna__v~baseline,norman_k562,env__v~tiankampmann2021%5Fcrispra__v~ipsc-induced%5Fneuron__v~rna__v~baseline,tian_neuron_crispra,raw_scalar_uq,raw_normalized_uq,ptl_rf,141,891,60,0.2316590737686883,0.600529848346341,shared_identity_free_random_forest,shared_identity_free_random_forest,0.5568913718283857,0.512361540504859,0.0919169579604016,0.047387126636875,0.0445298313235266,0.0445298313235266,0.0091180080575389,0.0,0,0,1,1,1,0,0,1.7127279351176397,1.3704847587311917
20260927,env__v~normanweissman2019%5Ffiltered__v~k562__v~rna__v~baseline,norman_k562,env__v~tiankampmann2021%5Fcrispri__v~ipsc-induced%5Fneuron__v~rna__v~baseline,tian_neuron_crispri,raw_scalar_uq,raw_normalized_uq,ptl_rf,141,843,114,0.2159993820268578,0.600529848346341,shared_identity_free_random_forest,shared_identity_free_random_forest,0.5319814472345569,0.5138103843260396,0.0580950205758927,0.0399239576673755,0.0181710629085172,0.0181710629085172,0.0151274339805929,0.0,0,0,0,1,1,0,0,2.1724398920086165,1.5830726402286714
20260927,env__v~normanweissman2019%5Ffiltered__v~k562__v~rna__v~baseline,norman_k562,env__v~xucao2023__v~hek293__v~rna__v~baseline,xu_he293,raw_scalar_uq,raw_normalized_uq,ptl_rf,141,843,114,0.2519558218453315,0.600529848346341,shared_identity_free_random_forest,shared_identity_free_random_forest,0.6899381695401344,0.6805795077556014,0.0885166020793022,0.0791579402947691,0.009358661784533,0.009358661784533,-0.0167766777248623,-0.0543478260869565,0,0,0,1,1,0,0,1.5218288032539,1.4086694264015212
20260927,env__v~replogleweissman2022%5Frpe1__v~rpe1__v~rna__v~baseline,replogle_rpe1,env__v~frangiehizar2021%5Frna__v~patient-derived%5Fmelanoma__v~rna__v~co-culture,frangieh_melanoma_coculture,raw_scalar_uq,raw_normalized_uq,ptl_rf,99,807,150,0.2811584097169659,0.0062957487697665,shared_identity_free_random_forest,shared_identity_free_random_forest,0.7944757964068414,0.8067704985408566,0.0849338682874206,0.0972285704214358,-0.0122947021340151,-0.0122947021340151,-0.0044975625776818,-0.0083333333333334,0,0,0,0,0,0,0,1.5495654293370928,2.3705433206549005
20260927,env__v~replogleweissman2022%5Frpe1__v~rpe1__v~rna__v~baseline,replogle_rpe1,env__v~frangiehizar2021%5Frna__v~patient-derived%5Fmelanoma__v~rna__v~control,frangieh_melanoma_control,raw_scalar_uq,raw_normalized_uq,ptl_rf,99,807,150,0.2668483557111739,0.0062957487697665,shared_identity_free_random_forest,shared_identity_free_random_forest,0.6629203454129445,0.6940894955575546,0.0599119476639278,0.0910810978085379,-0.03116915014461,-0.03116915014461,-0.0006287713160667,0.0,0,0,0,0,0,0,0,1.2134991902712788,2.254145860274465
20260927,env__v~replogleweissman2022%5Frpe1__v~rpe1__v~rna__v~baseline,replogle_rpe1,env__v~frangiehizar2021%5Frna__v~patient-derived%5Fmelanoma__v~rna__v~ifn%CE%B3,frangieh_melanoma_ifng,raw_scalar_uq,raw_normalized_uq,ptl_rf,99,804,150,0.25460079306246,0.0062957487697665,shared_identity_free_random_forest,shared_identity_free_random_forest,0.7093484094275998,0.7046521266540604,0.1114962148400412,0.1067999320665018,0.0046962827735393,0.0046962827735393,0.0027006407503358,0.0166666666666667,0,0,0,0,0,0,0,1.2329826705754994,2.315513963487476
20260927,env__v~replogleweissman2022%5Frpe1__v~rpe1__v~rna__v~baseline,replogle_rpe1,env__v~normanweissman2019%5Ffiltered__v~k562__v~rna__v~baseline,norman_k562,raw_scalar_uq,raw_normalized_uq,ptl_rf,99,810,144,0.2141897094649013,0.0062957487697665,shared_identity_free_random_forest,shared_identity_free_random_forest,0.2975152544228533,0.3480809524517234,0.156338423764209,0.2069041217930791,-0.05056569802887,-0.05056569802887,0.0596097108645444,0.0431034482758621,0,0,0,1,1,0,0,0.4429852891106691,2.032298711654841
20260927,env__v~replogleweissman2022%5Frpe1__v~rpe1__v~rna__v~baseline,replogle_rpe1,env__v~tiankampmann2021%5Fcrispra__v~ipsc-induced%5Fneuron__v~rna__v~baseline,tian_neuron_crispra,raw_scalar_uq,raw_normalized_uq,ptl_rf,99,891,60,0.2316590737686883,0.0062957487697665,shared_identity_free_random_forest,shared_identity_free_random_forest,0.5568913718283857,0.5538147434813988,0.0919169579604016,0.0888403296134148,0.0030766283469868,0.0030766283469868,0.0057699473154932,0.0,0,0,0,1,1,0,0,1.303514343880748,2.430521328227583
20260927,env__v~replogleweissman2022%5Frpe1__v~rpe1__v~rna__v~baseline,replogle_rpe1,env__v~tiankampmann2021%5Fcrispri__v~ipsc-induced%5Fneuron__v~rna__v~baseline,tian_neuron_crispri,raw_scalar_uq,raw_normalized_uq,ptl_rf,99,843,114,0.2159993820268578,0.0062957487697665,shared_identity_free_random_forest,shared_identity_free_random_forest,0.5319814472345569,0.5691565692145679,0.0580950205758927,0.0952701425559037,-0.037175121980011,-0.037175121980011,-0.0157325498745332,0.0,0,0,1,1,1,0,0,1.766504652348683,2.6709539623057594
20260927,env__v~replogleweissman2022%5Frpe1__v~rpe1__v~rna__v~baseline,replogle_rpe1,env__v~xucao2023__v~hek293__v~rna__v~baseline,xu_he293,raw_scalar_uq,raw_normalized_uq,ptl_rf,99,843,114,0.2519558218453315,0.0062957487697665,shared_identity_free_random_forest,shared_identity_free_random_forest,0.6899381695401344,0.715060605872994,0.0885166020793022,0.1136390384121618,-0.0251224363328596,-0.0251224363328596,0.0021607492982567,0.0108695652173912,0,0,1,1,1,0,0,1.2401349846110103,1.738909965286068
20260927,env__v~tiankampmann2021%5Fcrispra__v~ipsc-induced%5Fneuron__v~rna__v~baseline,tian_neuron_crispra,env__v~frangiehizar2021%5Frna__v~patient-derived%5Fmelanoma__v~rna__v~co-culture,frangieh_melanoma_coculture,raw_scalar_uq,raw_normalized_uq,ptl_rf,60,807,150,0.2811584097169659,0.4107991344624242,shared_identity_free_random_forest,shared_identity_free_random_forest,0.7944757964068414,0.7942826574495224,0.0849338682874206,0.0847407293301016,0.0001931389573189,0.0001931389573189,-0.0009738298105296,-0.0083333333333334,0,0,0,0,0,0,0,0.5132579920921907,0.3221959640412329
20260927,env__v~tiankampmann2021%5Fcrispra__v~ipsc-induced%5Fneuron__v~rna__v~baseline,tian_neuron_crispra,env__v~frangiehizar2021%5Frna__v~patient-derived%5Fmelanoma__v~rna__v~control,frangieh_melanoma_control,raw_scalar_uq,raw_normalized_uq,ptl_rf,60,807,150,0.2668483557111739,0.4107991344624242,shared_identity_free_random_forest,shared_identity_free_random_forest,0.6629203454129445,0.6612377025318323,0.0599119476639278,0.0582293047828156,0.0016826428811121,0.0016826428811121,0.002633519450529,0.0166666666666667,0,0,0,0,0,0,0,0.5154283807897914,0.3934705124210581
20260927,env__v~tiankampmann2021%5Fcrispra__v~ipsc-induced%5Fneuron__v~rna__v~baseline,tian_neuron_crispra,env__v~frangiehizar2021%5Frna__v~patient-derived%5Fmelanoma__v~rna__v~ifn%CE%B3,frangieh_melanoma_ifng,raw_scalar_uq,raw_normalized_uq,ptl_rf,60,804,150,0.25460079306246,0.4107991344624242,shared_identity_free_random_forest,shared_identity_free_random_forest,0.7093484094275998,0.6846325868498756,0.1114962148400412,0.086780392262317,0.0247158225777242,0.0247158225777242,0.0019801862951496,0.0,0,0,0,0,0,0,0,0.536183079147665,0.3310377652011776
20260927,env__v~tiankampmann2021%5Fcrispra__v~ipsc-induced%5Fneuron__v~rna__v~baseline,tian_neuron_crispra,env__v~normanweissman2019%5Ffiltered__v~k562__v~rna__v~baseline,norman_k562,raw_scalar_uq,raw_normalized_uq,ptl_rf,60,810,144,0.2141897094649013,0.4107991344624242,shared_identity_free_random_forest,shared_identity_free_random_forest,0.2975152544228533,0.2734320872828866,0.156338423764209,0.1322552566242423,0.0240831671399667,0.0240831671399667,0.0658975970309374,0.0344827586206896,0,0,1,1,1,0,0,1.7191681195224937,1.097956859240203
20260927,env__v~tiankampmann2021%5Fcrispra__v~ipsc-induced%5Fneuron__v~rna__v~baseline,tian_neuron_crispra,env__v~replogleweissman2022%5Frpe1__v~rpe1__v~rna__v~baseline,replogle_rpe1,raw_scalar_uq,raw_normalized_uq,ptl_rf,60,852,99,0.2667463247528922,0.4107991344624242,shared_identity_free_random_forest,shared_identity_free_random_forest,0.8678927041890672,0.9045371037647164,0.1249115035557522,0.1615559031314014,-0.0366443995756492,-0.0366443995756492,0.0008406260246529,0.0,0,0,0,1,1,0,0,1.2843760325416385,3.362204908870141
20260927,env__v~tiankampmann2021%5Fcrispra__v~ipsc-induced%5Fneuron__v~rna__v~baseline,tian_neuron_crispra,env__v~tiankampmann2021%5Fcrispri__v~ipsc-induced%5Fneuron__v~rna__v~baseline,tian_neuron_crispri,raw_scalar_uq,raw_normalized_uq,ptl_rf,60,843,114,0.2159993820268578,0.4107991344624242,shared_identity_free_random_forest,shared_identity_free_random_forest,0.5319814472345569,0.5105523087859702,0.0580950205758927,0.036665882127306,0.0214291384485866,0.0214291384485866,0.0206459358748142,0.0,0,1,0,1,1,0,0,0.4571748480897178,0.1036117284016611
20260927,env__v~tiankampmann2021%5Fcrispra__v~ipsc-induced%5Fneuron__v~rna__v~baseline,tian_neuron_crispra,env__v~xucao2023__v~hek293__v~rna__v~baseline,xu_he293,raw_scalar_uq,raw_normalized_uq,ptl_rf,60,843,114,0.2519558218453315,0.4107991344624242,shared_identity_free_random_forest,shared_identity_free_random_forest,0.6899381695401344,0.6624172818565338,0.0885166020793022,0.0609957143957016,0.0275208876836006,0.0275208876836006,-0.0057976980248356,0.0,0,0,0,1,1,0,0,0.5651333847080063,0.906041257455738
20260927,env__v~tiankampmann2021%5Fcrispri__v~ipsc-induced%5Fneuron__v~rna__v~baseline,tian_neuron_crispri,env__v~frangiehizar2021%5Frna__v~patient-derived%5Fmelanoma__v~rna__v~co-culture,frangieh_melanoma_coculture,raw_scalar_uq,raw_normalized_uq,ptl_rf,108,807,150,0.2811584097169659,0.3925768659770436,shared_identity_free_random_forest,shared_identity_free_random_forest,0.7944757964068414,0.7932614274216075,0.0849338682874206,0.0837194993021868,0.0012143689852338,0.0012143689852338,9.582526527818214e-05,0.0,0,0,0,0,0,0,0,0.5720496921665534,0.3518159900451842
20260927,env__v~tiankampmann2021%5Fcrispri__v~ipsc-induced%5Fneuron__v~rna__v~baseline,tian_neuron_crispri,env__v~frangiehizar2021%5Frna__v~patient-derived%5Fmelanoma__v~rna__v~control,frangieh_melanoma_control,raw_scalar_uq,raw_normalized_uq,ptl_rf,108,807,150,0.2668483557111739,0.3925768659770436,shared_identity_free_random_forest,shared_identity_free_random_forest,0.6629203454129445,0.6614228845102603,0.0599119476639278,0.0584144867612436,0.0014974609026842,0.0014974609026842,0.00130313787278,0.0166666666666667,0,0,0,0,0,0,0,0.8100293662416531,0.4218704115396621
20260927,env__v~tiankampmann2021%5Fcrispri__v~ipsc-induced%5Fneuron__v~rna__v~baseline,tian_neuron_crispri,env__v~frangiehizar2021%5Frna__v~patient-derived%5Fmelanoma__v~rna__v~ifn%CE%B3,frangieh_melanoma_ifng,raw_scalar_uq,raw_normalized_uq,ptl_rf,108,804,150,0.25460079306246,0.3925768659770436,shared_identity_free_random_forest,shared_identity_free_random_forest,0.7093484094275998,0.6834690928357093,0.1114962148400412,0.0856168982481507,0.0258793165918904,0.0258793165918904,0.0003528496669226,-0.0083333333333333,0,0,0,0,0,0,0,0.8179052003439501,0.3605946204222934
20260927,env__v~tiankampmann2021%5Fcrispri__v~ipsc-induced%5Fneuron__v~rna__v~baseline,tian_neuron_crispri,env__v~normanweissman2019%5Ffiltered__v~k562__v~rna__v~baseline,norman_k562,raw_scalar_uq,raw_normalized_uq,ptl_rf,108,810,144,0.2141897094649013,0.3925768659770436,shared_identity_free_random_forest,shared_identity_free_random_forest,0.2975152544228533,0.2981328945097571,0.156338423764209,0.1569560638511128,-0.0006176400869037,-0.0006176400869037,0.0392023748486058,0.0172413793103448,0,0,0,1,1,0,0,2.1763354399350794,1.164891501594996
20260927,env__v~tiankampmann2021%5Fcrispri__v~ipsc-induced%5Fneuron__v~rna__v~baseline,tian_neuron_crispri,env__v~replogleweissman2022%5Frpe1__v~rpe1__v~rna__v~baseline,replogle_rpe1,raw_scalar_uq,raw_normalized_uq,ptl_rf,108,852,99,0.2667463247528922,0.3925768659770436,shared_identity_free_random_forest,shared_identity_free_random_forest,0.8678927041890672,0.9123356015771809,0.1249115035557522,0.1693544009438659,-0.0444428973881136,-0.0444428973881136,-0.0009651322949778,-0.0124999999999999,0,0,1,1,1,0,0,1.743569144654958,3.401553028013346
20260927,env__v~tiankampmann2021%5Fcrispri__v~ipsc-induced%5Fneuron__v~rna__v~baseline,tian_neuron_crispri,env__v~tiankampmann2021%5Fcrispra__v~ipsc-induced%5Fneuron__v~rna__v~baseline,tian_neuron_crispra,raw_scalar_uq,raw_normalized_uq,ptl_rf,108,891,60,0.2316590737686883,0.3925768659770436,shared_identity_free_random_forest,shared_identity_free_random_forest,0.5568913718283857,0.5095385680510156,0.0919169579604016,0.0445641541830316,0.04735280377737,0.04735280377737,0.0073281067334242,0.0,0,1,0,1,1,0,0,0.4656448536838168,0.2496568580271422
20260927,env__v~tiankampmann2021%5Fcrispri__v~ipsc-induced%5Fneuron__v~rna__v~baseline,tian_neuron_crispri,env__v~xucao2023__v~hek293__v~rna__v~baseline,xu_he293,raw_scalar_uq,raw_normalized_uq,ptl_rf,108,843,114,0.2519558218453315,0.3925768659770436,shared_identity_free_random_forest,shared_identity_free_random_forest,0.6899381695401344,0.6645445321017615,0.0885166020793022,0.0631229646409292,0.0253936374383729,0.0253936374383729,-0.0029040795754449,0.0108695652173912,0,0,1,1,1,0,0,0.8386019739200243,0.9448449189388788
20260927,env__v~xucao2023__v~hek293__v~rna__v~baseline,xu_he293,env__v~frangiehizar2021%5Frna__v~patient-derived%5Fmelanoma__v~rna__v~co-culture,frangieh_melanoma_coculture,raw_scalar_uq,raw_normalized_uq,ptl_rf,108,807,150,0.2811584097169659,0.2224690465537134,shared_identity_free_random_forest,shared_identity_free_random_forest,0.7944757964068414,0.8109356787181458,0.0849338682874206,0.101393750598725,-0.0164598823113043,-0.0164598823113043,-0.0164712173285174,-0.025,0,0,0,0,0,0,0,1.12648074347593,0.6348336955745448
20260927,env__v~xucao2023__v~hek293__v~rna__v~baseline,xu_he293,env__v~frangiehizar2021%5Frna__v~patient-derived%5Fmelanoma__v~rna__v~control,frangieh_melanoma_control,raw_scalar_uq,raw_normalized_uq,ptl_rf,108,807,150,0.2668483557111739,0.2224690465537134,shared_identity_free_random_forest,shared_identity_free_random_forest,0.6629203454129445,0.683613014738739,0.0599119476639278,0.0806046169897223,-0.0206926693257945,-0.0206926693257945,-0.0153367156176139,-0.0333333333333333,0,0,0,0,0,0,0,1.0537872152317884,0.4828723078068133
20260927,env__v~xucao2023__v~hek293__v~rna__v~baseline,xu_he293,env__v~frangiehizar2021%5Frna__v~patient-derived%5Fmelanoma__v~rna__v~ifn%CE%B3,frangieh_melanoma_ifng,raw_scalar_uq,raw_normalized_uq,ptl_rf,108,804,150,0.25460079306246,0.2224690465537134,shared_identity_free_random_forest,shared_identity_free_random_forest,0.7093484094275998,0.6970381407938799,0.1114962148400412,0.0991859462063213,0.0123102686337198,0.0123102686337198,-0.0035359455765512,-0.025,0,0,0,0,0,0,0,1.0800238554241686,0.5716183763174865
20260927,env__v~xucao2023__v~hek293__v~rna__v~baseline,xu_he293,env__v~normanweissman2019%5Ffiltered__v~k562__v~rna__v~baseline,norman_k562,raw_scalar_uq,raw_normalized_uq,ptl_rf,108,810,144,0.2141897094649013,0.2224690465537134,shared_identity_free_random_forest,shared_identity_free_random_forest,0.2975152544228533,0.3290534591560253,0.156338423764209,0.187876628497381,-0.0315382047331719,-0.0315382047331719,0.0475173761643051,0.0258620689655172,0,0,0,1,1,0,0,1.54612778787684,1.137249722326764
20260927,env__v~xucao2023__v~hek293__v~rna__v~baseline,xu_he293,env__v~replogleweissman2022%5Frpe1__v~rpe1__v~rna__v~baseline,replogle_rpe1,raw_scalar_uq,raw_normalized_uq,ptl_rf,108,852,99,0.2667463247528922,0.2224690465537134,shared_identity_free_random_forest,shared_identity_free_random_forest,0.8678927041890672,0.9022466304427004,0.1249115035557522,0.1592654298093854,-0.0343539262536332,-0.0343539262536332,0.002114942403297,0.0,0,0,1,1,1,0,0,1.2481029036086222,2.531462433865916
20260927,env__v~xucao2023__v~hek293__v~rna__v~baseline,xu_he293,env__v~tiankampmann2021%5Fcrispra__v~ipsc-induced%5Fneuron__v~rna__v~baseline,tian_neuron_crispra,raw_scalar_uq,raw_normalized_uq,ptl_rf,108,891,60,0.2316590737686883,0.2224690465537134,shared_identity_free_random_forest,shared_identity_free_random_forest,0.5568913718283857,0.5108627646870288,0.0919169579604016,0.0458883508190448,0.0460286071413568,0.0460286071413568,0.0090244004193427,0.0,0,0,0,1,1,0,0,0.5975705286468851,0.6277030550388444
20260927,env__v~xucao2023__v~hek293__v~rna__v~baseline,xu_he293,env__v~tiankampmann2021%5Fcrispri__v~ipsc-induced%5Fneuron__v~rna__v~baseline,tian_neuron_crispri,raw_scalar_uq,raw_normalized_uq,ptl_rf,108,843,114,0.2159993820268578,0.2224690465537134,shared_identity_free_random_forest,shared_identity_free_random_forest,0.5319814472345569,0.5300550368277496,0.0580950205758927,0.0561686101690854,0.0019264104068072,0.0019264104068072,-0.0079832278042472,0.0,0,0,1,1,1,0,0,0.8814706289243663,0.8672617095413686
20260927,env__v~frangiehizar2021%5Frna__v~patient-derived%5Fmelanoma__v~rna__v~co-culture,frangieh_melanoma_coculture,env__v~frangiehizar2021%5Frna__v~patient-derived%5Fmelanoma__v~rna__v~control,frangieh_melanoma_control,u_only_rf,u_only_rf,ptl_rf,144,807,150,0.2668483557111739,0.1173034842342176,shared_identity_free_random_forest,shared_identity_free_random_forest,0.6819927793910824,0.6586945181949485,0.0789843816420656,0.0556861204459318,0.0232982611961338,0.0232982611961338,0.0166136846251647,0.05,0,1,1,1,0,1,1,0.3423612164551409,0.2040897717063772
20260927,env__v~frangiehizar2021%5Frna__v~patient-derived%5Fmelanoma__v~rna__v~co-culture,frangieh_melanoma_coculture,env__v~frangiehizar2021%5Frna__v~patient-derived%5Fmelanoma__v~rna__v~ifn%CE%B3,frangieh_melanoma_ifng,u_only_rf,u_only_rf,ptl_rf,144,804,150,0.25460079306246,0.1173034842342176,shared_identity_free_random_forest,shared_identity_free_random_forest,0.721146492626998,0.6688939293019842,0.1232942980394394,0.0710417347144256,0.0522525633250138,0.0522525633250138,0.0143205145629816,0.0333333333333333,0,1,1,1,0,1,1,0.3268210515502539,0.1451527927262799
20260927,env__v~frangiehizar2021%5Frna__v~patient-derived%5Fmelanoma__v~rna__v~co-culture,frangieh_melanoma_coculture,env__v~normanweissman2019%5Ffiltered__v~k562__v~rna__v~baseline,norman_k562,u_only_rf,u_only_rf,ptl_rf,144,810,144,0.2141897094649013,0.1173034842342176,shared_identity_free_random_forest,shared_identity_free_random_forest,0.2737300830284519,0.2737867646769634,0.1325532523698075,0.132609934018319,-5.668164851146962e-05,-5.668164851146962e-05,0.0265267096662662,0.0,0,0,0,0,0,0,0,1.9951853103657349,1.0989924221307603
20260927,env__v~frangiehizar2021%5Frna__v~patient-derived%5Fmelanoma__v~rna__v~co-culture,frangieh_melanoma_coculture,env__v~replogleweissman2022%5Frpe1__v~rpe1__v~rna__v~baseline,replogle_rpe1,u_only_rf,u_only_rf,ptl_rf,144,852,99,0.2667463247528922,0.1173034842342176,shared_identity_free_random_forest,shared_identity_free_random_forest,0.8911586497697352,0.9051545460906806,0.1481774491364202,0.1621733454573656,-0.0139958963209453,-0.0139958963209453,0.0089656835115474,-0.0125,0,0,0,0,0,0,0,1.5063968872060625,3.104631595366512
20260927,env__v~frangiehizar2021%5Frna__v~patient-derived%5Fmelanoma__v~rna__v~co-culture,frangieh_melanoma_coculture,env__v~tiankampmann2021%5Fcrispra__v~ipsc-induced%5Fneuron__v~rna__v~baseline,tian_neuron_crispra,u_only_rf,u_only_rf,ptl_rf,144,891,60,0.2316590737686883,0.1173034842342176,shared_identity_free_random_forest,shared_identity_free_random_forest,0.5327130659679348,0.5165723233231289,0.0677386520999507,0.0515979094551448,0.0161407426448059,0.0161407426448059,0.001631405832162,0.0,0,0,0,0,0,0,0,0.598819324716437,0.1836909105843288
20260927,env__v~frangiehizar2021%5Frna__v~patient-derived%5Fmelanoma__v~rna__v~co-culture,frangieh_melanoma_coculture,env__v~tiankampmann2021%5Fcrispri__v~ipsc-induced%5Fneuron__v~rna__v~baseline,tian_neuron_crispri,u_only_rf,u_only_rf,ptl_rf,144,843,114,0.2159993820268578,0.1173034842342176,shared_identity_free_random_forest,shared_identity_free_random_forest,0.5157643720981916,0.5273049385280796,0.0418779454395274,0.0534185118694154,-0.0115405664298879,-0.0115405664298879,0.0008076124325701,0.0,0,0,0,0,0,0,0,0.6518722410821702,0.2962261217653589
20260927,env__v~frangiehizar2021%5Frna__v~patient-derived%5Fmelanoma__v~rna__v~co-culture,frangieh_melanoma_coculture,env__v~xucao2023__v~hek293__v~rna__v~baseline,xu_he293,u_only_rf,u_only_rf,ptl_rf,144,843,114,0.2519558218453315,0.1173034842342176,shared_identity_free_random_forest,shared_identity_free_random_forest,0.6790097908717041,0.6596082452525988,0.0775882234108719,0.0581866777917665,0.0194015456191053,0.0194015456191053,0.0105049191519254,0.0217391304347825,0,0,0,0,0,0,0,1.1467471338370707,0.726956517591291
20260927,env__v~frangiehizar2021%5Frna__v~patient-derived%5Fmelanoma__v~rna__v~control,frangieh_melanoma_control,env__v~frangiehizar2021%5Frna__v~patient-derived%5Fmelanoma__v~rna__v~co-culture,frangieh_melanoma_coculture,u_only_rf,u_only_rf,ptl_rf,144,807,150,0.2811584097169659,0.1993794275395636,shared_identity_free_random_forest,shared_identity_free_random_forest,0.784806364747734,0.7827091104996899,0.0752644366283132,0.0731671823802692,0.002097254248044,0.002097254248044,0.0028297717408732,0.0,0,1,1,1,0,1,1,0.342686960911598,0.178666988632365
20260927,env__v~frangiehizar2021%5Frna__v~patient-derived%5Fmelanoma__v~rna__v~control,frangieh_melanoma_control,env__v~frangiehizar2021%5Frna__v~patient-derived%5Fmelanoma__v~rna__v~ifn%CE%B3,frangieh_melanoma_ifng,u_only_rf,u_only_rf,ptl_rf,144,804,150,0.25460079306246,0.1993794275395636,shared_identity_free_random_forest,shared_identity_free_random_forest,0.721146492626998,0.6689866447860584,0.1232942980394394,0.0711344501984998,0.0521598478409396,0.0521598478409396,0.0103532393715398,0.0333333333333333,0,1,1,1,0,1,1,0.0549016749450067,0.145848028295819
20260927,env__v~frangiehizar2021%5Frna__v~patient-derived%5Fmelanoma__v~rna__v~control,frangieh_melanoma_control,env__v~normanweissman2019%5Ffiltered__v~k562__v~rna__v~baseline,norman_k562,u_only_rf,u_only_rf,ptl_rf,144,810,144,0.2141897094649013,0.1993794275395636,shared_identity_free_random_forest,shared_identity_free_random_forest,0.2737300830284519,0.3586590556679767,0.1325532523698075,0.2174822250093323,-0.0849289726395247,-0.0849289726395247,0.0011428343759445,-0.0172413793103448,0,0,0,0,0,0,0,1.7080771380179922,1.0964222163581638
20260927,env__v~frangiehizar2021%5Frna__v~patient-derived%5Fmelanoma__v~rna__v~control,frangieh_melanoma_control,env__v~replogleweissman2022%5Frpe1__v~rpe1__v~rna__v~baseline,replogle_rpe1,u_only_rf,u_only_rf,ptl_rf,144,852,99,0.2667463247528922,0.1993794275395636,shared_identity_free_random_forest,shared_identity_free_random_forest,0.8911586497697352,0.9027201854311556,0.1481774491364202,0.1597389847978407,-0.0115615356614204,-0.0115615356614204,0.0026983727529603,-0.0125,0,0,0,0,0,0,0,1.214475501019514,3.1726914463431464
20260927,env__v~frangiehizar2021%5Frna__v~patient-derived%5Fmelanoma__v~rna__v~control,frangieh_melanoma_control,env__v~tiankampmann2021%5Fcrispra__v~ipsc-induced%5Fneuron__v~rna__v~baseline,tian_neuron_crispra,u_only_rf,u_only_rf,ptl_rf,144,891,60,0.2316590737686883,0.1993794275395636,shared_identity_free_random_forest,shared_identity_free_random_forest,0.5327130659679348,0.5502170421357142,0.0677386520999507,0.0852426282677302,-0.0175039761677794,-0.0175039761677794,0.0089398233336184,0.0,0,0,0,0,0,0,0,0.5963355826078732,0.1910634576370539
20260927,env__v~frangiehizar2021%5Frna__v~patient-derived%5Fmelanoma__v~rna__v~control,frangieh_melanoma_control,env__v~tiankampmann2021%5Fcrispri__v~ipsc-induced%5Fneuron__v~rna__v~baseline,tian_neuron_crispri,u_only_rf,u_only_rf,ptl_rf,144,843,114,0.2159993820268578,0.1993794275395636,shared_identity_free_random_forest,shared_identity_free_random_forest,0.5157643720981916,0.5197754729987547,0.0418779454395274,0.0458890463400905,-0.0040111009005631,-0.0040111009005631,0.0037953112856546,0.0,0,0,0,0,0,0,0,0.8424477457472682,0.2262040210321062
20260927,env__v~frangiehizar2021%5Frna__v~patient-derived%5Fmelanoma__v~rna__v~control,frangieh_melanoma_control,env__v~xucao2023__v~hek293__v~rna__v~baseline,xu_he293,u_only_rf,u_only_rf,ptl_rf,144,843,114,0.2519558218453315,0.1993794275395636,shared_identity_free_random_forest,shared_identity_free_random_forest,0.6790097908717041,0.7319791539866788,0.0775882234108719,0.1305575865258466,-0.0529693631149746,-0.0529693631149746,-0.0090268263937622,-0.0108695652173913,0,0,0,0,0,0,0,1.0901863940856904,0.7200678827271553
20260927,env__v~frangiehizar2021%5Frna__v~patient-derived%5Fmelanoma__v~rna__v~ifn%CE%B3,frangieh_melanoma_ifng,env__v~frangiehizar2021%5Frna__v~patient-derived%5Fmelanoma__v~rna__v~co-culture,frangieh_melanoma_coculture,u_only_rf,u_only_rf,ptl_rf,147,807,150,0.2811584097169659,0.1957521273857734,shared_identity_free_random_forest,shared_identity_free_random_forest,0.784806364747734,0.7924609415129156,0.0752644366283132,0.0829190133934948,-0.0076545767651815,-0.0076545767651815,0.0039749689469864,0.0,0,1,1,1,0,1,1,0.3490640781702368,0.237541686076604
20260927,env__v~frangiehizar2021%5Frna__v~patient-derived%5Fmelanoma__v~rna__v~ifn%CE%B3,frangieh_melanoma_ifng,env__v~frangiehizar2021%5Frna__v~patient-derived%5Fmelanoma__v~rna__v~control,frangieh_melanoma_control,u_only_rf,u_only_rf,ptl_rf,147,807,150,0.2668483557111739,0.1957521273857734,shared_identity_free_random_forest,shared_identity_free_random_forest,0.6819927793910824,0.6583008730996319,0.0789843816420656,0.0552924753506152,0.0236919062914504,0.0236919062914504,0.0190641894688733,0.0583333333333333,0,1,1,1,0,1,1,0.0087316445774949,0.1421201832374346
20260927,env__v~frangiehizar2021%5Frna__v~patient-derived%5Fmelanoma__v~rna__v~ifn%CE%B3,frangieh_melanoma_ifng,env__v~normanweissman2019%5Ffiltered__v~k562__v~rna__v~baseline,norman_k562,u_only_rf,u_only_rf,ptl_rf,147,810,144,0.2141897094649013,0.1957521273857734,shared_identity_free_random_forest,shared_identity_free_random_forest,0.2737300830284519,0.290805309582798,0.1325532523698075,0.1496284789241537,-0.0170752265543461,-0.0170752265543461,0.0029318366492029,-0.0086206896551724,0,0,0,0,0,0,0,1.6600188420041413,0.9496135366976446
20260927,env__v~frangiehizar2021%5Frna__v~patient-derived%5Fmelanoma__v~rna__v~ifn%CE%B3,frangieh_melanoma_ifng,env__v~replogleweissman2022%5Frpe1__v~rpe1__v~rna__v~baseline,replogle_rpe1,u_only_rf,u_only_rf,ptl_rf,147,852,99,0.2667463247528922,0.1957521273857734,shared_identity_free_random_forest,shared_identity_free_random_forest,0.8911586497697352,0.9054632998095996,0.1481774491364202,0.1624820991762846,-0.0143046500398643,-0.0143046500398643,0.0040426524503276,-0.0125,0,0,0,0,0,0,0,1.169667366863815,2.983449764656112
20260927,env__v~frangiehizar2021%5Frna__v~patient-derived%5Fmelanoma__v~rna__v~ifn%CE%B3,frangieh_melanoma_ifng,env__v~tiankampmann2021%5Fcrispra__v~ipsc-induced%5Fneuron__v~rna__v~baseline,tian_neuron_crispra,u_only_rf,u_only_rf,ptl_rf,147,891,60,0.2316590737686883,0.1957521273857734,shared_identity_free_random_forest,shared_identity_free_random_forest,0.5327130659679348,0.5447287516633569,0.0677386520999507,0.0797543377953728,-0.0120156856954221,-0.0120156856954221,-0.0112024063836663,0.0,0,0,0,0,0,0,0,0.5193035502738024,0.223974089246318
20260927,env__v~frangiehizar2021%5Frna__v~patient-derived%5Fmelanoma__v~rna__v~ifn%CE%B3,frangieh_melanoma_ifng,env__v~tiankampmann2021%5Fcrispri__v~ipsc-induced%5Fneuron__v~rna__v~baseline,tian_neuron_crispri,u_only_rf,u_only_rf,ptl_rf,147,843,114,0.2159993820268578,0.1957521273857734,shared_identity_free_random_forest,shared_identity_free_random_forest,0.5157643720981916,0.5374025766985348,0.0418779454395274,0.0635161500398706,-0.0216382046003431,-0.0216382046003431,-0.006124603869546,0.0108695652173913,0,0,0,0,0,0,0,0.7990908419434127,0.414984274261564
20260927,env__v~frangiehizar2021%5Frna__v~patient-derived%5Fmelanoma__v~rna__v~ifn%CE%B3,frangieh_melanoma_ifng,env__v~xucao2023__v~hek293__v~rna__v~baseline,xu_he293,u_only_rf,u_only_rf,ptl_rf,147,843,114,0.2519558218453315,0.1957521273857734,shared_identity_free_random_forest,shared_identity_free_random_forest,0.6790097908717041,0.6688224138525726,0.0775882234108719,0.0674008463917403,0.0101873770191315,0.0101873770191315,0.0062094339551634,0.0108695652173912,0,0,0,0,0,0,0,1.0045113948904,0.5965959457345557
20260927,env__v~normanweissman2019%5Ffiltered__v~k562__v~rna__v~baseline,norman_k562,env__v~frangiehizar2021%5Frna__v~patient-derived%5Fmelanoma__v~rna__v~co-culture,frangieh_melanoma_coculture,u_only_rf,u_only_rf,ptl_rf,141,807,150,0.2811584097169659,0.600529848346341,shared_identity_free_random_forest,shared_identity_free_random_forest,0.784806364747734,0.7938342757195895,0.0752644366283132,0.0842923476001688,-0.0090279109718555,-0.0090279109718555,-0.00041663303707,0.0,0,0,0,0,0,0,0,2.0173598584655483,1.436663001509975
20260927,env__v~normanweissman2019%5Ffiltered__v~k562__v~rna__v~baseline,norman_k562,env__v~frangiehizar2021%5Frna__v~patient-derived%5Fmelanoma__v~rna__v~control,frangieh_melanoma_control,u_only_rf,u_only_rf,ptl_rf,141,807,150,0.2668483557111739,0.600529848346341,shared_identity_free_random_forest,shared_identity_free_random_forest,0.6819927793910824,0.6725061880464257,0.0789843816420656,0.0694977902974089,0.0094865913446566,0.0094865913446566,-0.0120355085869003,-0.0166666666666666,0,0,0,0,0,0,0,1.691732525764443,1.3731743691380378
20260927,env__v~normanweissman2019%5Ffiltered__v~k562__v~rna__v~baseline,norman_k562,env__v~frangiehizar2021%5Frna__v~patient-derived%5Fmelanoma__v~rna__v~ifn%CE%B3,frangieh_melanoma_ifng,u_only_rf,u_only_rf,ptl_rf,141,804,150,0.25460079306246,0.600529848346341,shared_identity_free_random_forest,shared_identity_free_random_forest,0.721146492626998,0.7199985116661265,0.1232942980394394,0.1221463170785679,0.0011479809608715,0.0011479809608715,-0.0098443987367191,-0.0249999999999999,0,0,0,0,0,0,0,1.712618847224867,1.3546664141532934
20260927,env__v~normanweissman2019%5Ffiltered__v~k562__v~rna__v~baseline,norman_k562,env__v~replogleweissman2022%5Frpe1__v~rpe1__v~rna__v~baseline,replogle_rpe1,u_only_rf,u_only_rf,ptl_rf,141,852,99,0.2667463247528922,0.600529848346341,shared_identity_free_random_forest,shared_identity_free_random_forest,0.8911586497697352,0.9101345997261004,0.1481774491364202,0.1671533990927853,-0.018975949956365,-0.018975949956365,-0.0107312013587052,-0.05,0,0,0,1,1,0,0,0.5512685317578714,2.117575495020192
20260927,env__v~normanweissman2019%5Ffiltered__v~k562__v~rna__v~baseline,norman_k562,env__v~tiankampmann2021%5Fcrispra__v~ipsc-induced%5Fneuron__v~rna__v~baseline,tian_neuron_crispra,u_only_rf,u_only_rf,ptl_rf,141,891,60,0.2316590737686883,0.600529848346341,shared_identity_free_random_forest,shared_identity_free_random_forest,0.5327130659679348,0.512361540504859,0.0677386520999507,0.047387126636875,0.0203515254630757,0.0203515254630757,0.005242791074011,0.0,0,0,1,1,1,0,0,1.7127279351176397,1.3704847587311917
20260927,env__v~normanweissman2019%5Ffiltered__v~k562__v~rna__v~baseline,norman_k562,env__v~tiankampmann2021%5Fcrispri__v~ipsc-induced%5Fneuron__v~rna__v~baseline,tian_neuron_crispri,u_only_rf,u_only_rf,ptl_rf,141,843,114,0.2159993820268578,0.600529848346341,shared_identity_free_random_forest,shared_identity_free_random_forest,0.5157643720981916,0.5138103843260396,0.0418779454395274,0.0399239576673755,0.0019539877721519,0.0019539877721519,0.0071584047411905,0.0,0,0,0,1,1,0,0,2.1724398920086165,1.5830726402286714
20260927,env__v~normanweissman2019%5Ffiltered__v~k562__v~rna__v~baseline,norman_k562,env__v~xucao2023__v~hek293__v~rna__v~baseline,xu_he293,u_only_rf,u_only_rf,ptl_rf,141,843,114,0.2519558218453315,0.600529848346341,shared_identity_free_random_forest,shared_identity_free_random_forest,0.6790097908717041,0.6805795077556014,0.0775882234108719,0.0791579402947691,-0.0015697168838972,-0.0015697168838972,-0.0078952809656773,-0.0326086956521739,0,0,0,1,1,0,0,1.5218288032539,1.4086694264015212
20260927,env__v~replogleweissman2022%5Frpe1__v~rpe1__v~rna__v~baseline,replogle_rpe1,env__v~frangiehizar2021%5Frna__v~patient-derived%5Fmelanoma__v~rna__v~co-culture,frangieh_melanoma_coculture,u_only_rf,u_only_rf,ptl_rf,99,807,150,0.2811584097169659,0.0062957487697665,shared_identity_free_random_forest,shared_identity_free_random_forest,0.784806364747734,0.8067704985408566,0.0752644366283132,0.0972285704214358,-0.0219641337931225,-0.0219641337931225,-0.0005134521763161,-0.0083333333333334,0,0,0,0,0,0,0,1.5495654293370928,2.3705433206549005
20260927,env__v~replogleweissman2022%5Frpe1__v~rpe1__v~rna__v~baseline,replogle_rpe1,env__v~frangiehizar2021%5Frna__v~patient-derived%5Fmelanoma__v~rna__v~control,frangieh_melanoma_control,u_only_rf,u_only_rf,ptl_rf,99,807,150,0.2668483557111739,0.0062957487697665,shared_identity_free_random_forest,shared_identity_free_random_forest,0.6819927793910824,0.6940894955575546,0.0789843816420656,0.0910810978085379,-0.0120967161664722,-0.0120967161664722,0.012023645085723,0.025,0,0,0,0,0,0,0,1.2134991902712788,2.254145860274465
20260927,env__v~replogleweissman2022%5Frpe1__v~rpe1__v~rna__v~baseline,replogle_rpe1,env__v~frangiehizar2021%5Frna__v~patient-derived%5Fmelanoma__v~rna__v~ifn%CE%B3,frangieh_melanoma_ifng,u_only_rf,u_only_rf,ptl_rf,99,804,150,0.25460079306246,0.0062957487697665,shared_identity_free_random_forest,shared_identity_free_random_forest,0.721146492626998,0.7046521266540604,0.1232942980394394,0.1067999320665018,0.0164943659729376,0.0164943659729376,0.0071245429859555,0.0416666666666667,0,0,0,0,0,0,0,1.2329826705754994,2.315513963487476
20260927,env__v~replogleweissman2022%5Frpe1__v~rpe1__v~rna__v~baseline,replogle_rpe1,env__v~normanweissman2019%5Ffiltered__v~k562__v~rna__v~baseline,norman_k562,u_only_rf,u_only_rf,ptl_rf,99,810,144,0.2141897094649013,0.0062957487697665,shared_identity_free_random_forest,shared_identity_free_random_forest,0.2737300830284519,0.3480809524517234,0.1325532523698075,0.2069041217930791,-0.0743508694232715,-0.0743508694232715,0.0370283992981298,0.0258620689655172,0,0,0,1,1,0,0,0.4429852891106691,2.032298711654841
20260927,env__v~replogleweissman2022%5Frpe1__v~rpe1__v~rna__v~baseline,replogle_rpe1,env__v~tiankampmann2021%5Fcrispra__v~ipsc-induced%5Fneuron__v~rna__v~baseline,tian_neuron_crispra,u_only_rf,u_only_rf,ptl_rf,99,891,60,0.2316590737686883,0.0062957487697665,shared_identity_free_random_forest,shared_identity_free_random_forest,0.5327130659679348,0.5538147434813988,0.0677386520999507,0.0888403296134148,-0.021101677513464,-0.021101677513464,0.0018947303319654,0.0,0,0,0,1,1,0,0,1.303514343880748,2.430521328227583
20260927,env__v~replogleweissman2022%5Frpe1__v~rpe1__v~rna__v~baseline,replogle_rpe1,env__v~tiankampmann2021%5Fcrispri__v~ipsc-induced%5Fneuron__v~rna__v~baseline,tian_neuron_crispri,u_only_rf,u_only_rf,ptl_rf,99,843,114,0.2159993820268578,0.0062957487697665,shared_identity_free_random_forest,shared_identity_free_random_forest,0.5157643720981916,0.5691565692145679,0.0418779454395274,0.0952701425559037,-0.0533921971163763,-0.0533921971163763,-0.0237015791139355,0.0,0,0,1,1,1,0,0,1.766504652348683,2.6709539623057594
20260927,env__v~replogleweissman2022%5Frpe1__v~rpe1__v~rna__v~baseline,replogle_rpe1,env__v~xucao2023__v~hek293__v~rna__v~baseline,xu_he293,u_only_rf,u_only_rf,ptl_rf,99,843,114,0.2519558218453315,0.0062957487697665,shared_identity_free_random_forest,shared_identity_free_random_forest,0.6790097908717041,0.715060605872994,0.0775882234108719,0.1136390384121618,-0.0360508150012899,-0.0360508150012899,0.0110421460574416,0.0326086956521738,0,0,1,1,1,0,0,1.2401349846110103,1.738909965286068
20260927,env__v~tiankampmann2021%5Fcrispra__v~ipsc-induced%5Fneuron__v~rna__v~baseline,tian_neuron_crispra,env__v~frangiehizar2021%5Frna__v~patient-derived%5Fmelanoma__v~rna__v~co-culture,frangieh_melanoma_coculture,u_only_rf,u_only_rf,ptl_rf,60,807,150,0.2811584097169659,0.4107991344624242,shared_identity_free_random_forest,shared_identity_free_random_forest,0.784806364747734,0.7942826574495224,0.0752644366283132,0.0847407293301016,-0.0094762927017884,-0.0094762927017884,0.003010280590836,-0.0083333333333334,0,0,0,0,0,0,0,0.5132579920921907,0.3221959640412329
20260927,env__v~tiankampmann2021%5Fcrispra__v~ipsc-induced%5Fneuron__v~rna__v~baseline,tian_neuron_crispra,env__v~frangiehizar2021%5Frna__v~patient-derived%5Fmelanoma__v~rna__v~control,frangieh_melanoma_control,u_only_rf,u_only_rf,ptl_rf,60,807,150,0.2668483557111739,0.4107991344624242,shared_identity_free_random_forest,shared_identity_free_random_forest,0.6819927793910824,0.6612377025318323,0.0789843816420656,0.0582293047828156,0.02075507685925,0.02075507685925,0.0152859358523188,0.0416666666666667,0,0,0,0,0,0,0,0.5154283807897914,0.3934705124210581
20260927,env__v~tiankampmann2021%5Fcrispra__v~ipsc-induced%5Fneuron__v~rna__v~baseline,tian_neuron_crispra,env__v~frangiehizar2021%5Frna__v~patient-derived%5Fmelanoma__v~rna__v~ifn%CE%B3,frangieh_melanoma_ifng,u_only_rf,u_only_rf,ptl_rf,60,804,150,0.25460079306246,0.4107991344624242,shared_identity_free_random_forest,shared_identity_free_random_forest,0.721146492626998,0.6846325868498756,0.1232942980394394,0.086780392262317,0.0365139057771224,0.0365139057771224,0.0064040885307693,0.025,0,0,0,0,0,0,0,0.536183079147665,0.3310377652011776
20260927,env__v~tiankampmann2021%5Fcrispra__v~ipsc-induced%5Fneuron__v~rna__v~baseline,tian_neuron_crispra,env__v~normanweissman2019%5Ffiltered__v~k562__v~rna__v~baseline,norman_k562,u_only_rf,u_only_rf,ptl_rf,60,810,144,0.2141897094649013,0.4107991344624242,shared_identity_free_random_forest,shared_identity_free_random_forest,0.2737300830284519,0.2734320872828866,0.1325532523698075,0.1322552566242423,0.0002979957455652,0.0002979957455652,0.0433162854645228,0.0172413793103447,0,0,1,1,1,0,0,1.7191681195224937,1.097956859240203
20260927,env__v~tiankampmann2021%5Fcrispra__v~ipsc-induced%5Fneuron__v~rna__v~baseline,tian_neuron_crispra,env__v~replogleweissman2022%5Frpe1__v~rpe1__v~rna__v~baseline,replogle_rpe1,u_only_rf,u_only_rf,ptl_rf,60,852,99,0.2667463247528922,0.4107991344624242,shared_identity_free_random_forest,shared_identity_free_random_forest,0.8911586497697352,0.9045371037647164,0.1481774491364202,0.1615559031314014,-0.0133784539949811,-0.0133784539949811,0.0077572684400223,-0.0125,0,0,0,1,1,0,0,1.2843760325416385,3.362204908870141
20260927,env__v~tiankampmann2021%5Fcrispra__v~ipsc-induced%5Fneuron__v~rna__v~baseline,tian_neuron_crispra,env__v~tiankampmann2021%5Fcrispri__v~ipsc-induced%5Fneuron__v~rna__v~baseline,tian_neuron_crispri,u_only_rf,u_only_rf,ptl_rf,60,843,114,0.2159993820268578,0.4107991344624242,shared_identity_free_random_forest,shared_identity_free_random_forest,0.5157643720981916,0.5105523087859702,0.0418779454395274,0.036665882127306,0.0052120633122213,0.0052120633122213,0.0126769066354118,0.0,0,1,0,1,1,0,0,0.4571748480897178,0.1036117284016611
20260927,env__v~tiankampmann2021%5Fcrispra__v~ipsc-induced%5Fneuron__v~rna__v~baseline,tian_neuron_crispra,env__v~xucao2023__v~hek293__v~rna__v~baseline,xu_he293,u_only_rf,u_only_rf,ptl_rf,60,843,114,0.2519558218453315,0.4107991344624242,shared_identity_free_random_forest,shared_identity_free_random_forest,0.6790097908717041,0.6624172818565338,0.0775882234108719,0.0609957143957016,0.0165925090151702,0.0165925090151702,0.0030836987343493,0.0217391304347825,0,0,0,1,1,0,0,0.5651333847080063,0.906041257455738
20260927,env__v~tiankampmann2021%5Fcrispri__v~ipsc-induced%5Fneuron__v~rna__v~baseline,tian_neuron_crispri,env__v~frangiehizar2021%5Frna__v~patient-derived%5Fmelanoma__v~rna__v~co-culture,frangieh_melanoma_coculture,u_only_rf,u_only_rf,ptl_rf,108,807,150,0.2811584097169659,0.3925768659770436,shared_identity_free_random_forest,shared_identity_free_random_forest,0.784806364747734,0.7932614274216075,0.0752644366283132,0.0837194993021868,-0.0084550626738735,-0.0084550626738735,0.0040799356666438,0.0,0,0,0,0,0,0,0,0.5720496921665534,0.3518159900451842
20260927,env__v~tiankampmann2021%5Fcrispri__v~ipsc-induced%5Fneuron__v~rna__v~baseline,tian_neuron_crispri,env__v~frangiehizar2021%5Frna__v~patient-derived%5Fmelanoma__v~rna__v~control,frangieh_melanoma_control,u_only_rf,u_only_rf,ptl_rf,108,807,150,0.2668483557111739,0.3925768659770436,shared_identity_free_random_forest,shared_identity_free_random_forest,0.6819927793910824,0.6614228845102603,0.0789843816420656,0.0584144867612436,0.020569894880822,0.020569894880822,0.0139555542745698,0.0416666666666667,0,0,0,0,0,0,0,0.8100293662416531,0.4218704115396621
20260927,env__v~tiankampmann2021%5Fcrispri__v~ipsc-induced%5Fneuron__v~rna__v~baseline,tian_neuron_crispri,env__v~frangiehizar2021%5Frna__v~patient-derived%5Fmelanoma__v~rna__v~ifn%CE%B3,frangieh_melanoma_ifng,u_only_rf,u_only_rf,ptl_rf,108,804,150,0.25460079306246,0.3925768659770436,shared_identity_free_random_forest,shared_identity_free_random_forest,0.721146492626998,0.6834690928357093,0.1232942980394394,0.0856168982481507,0.0376773997912887,0.0376773997912887,0.0047767519025423,0.0166666666666667,0,0,0,0,0,0,0,0.8179052003439501,0.3605946204222934
20260927,env__v~tiankampmann2021%5Fcrispri__v~ipsc-induced%5Fneuron__v~rna__v~baseline,tian_neuron_crispri,env__v~normanweissman2019%5Ffiltered__v~k562__v~rna__v~baseline,norman_k562,u_only_rf,u_only_rf,ptl_rf,108,810,144,0.2141897094649013,0.3925768659770436,shared_identity_free_random_forest,shared_identity_free_random_forest,0.2737300830284519,0.2981328945097571,0.1325532523698075,0.1569560638511128,-0.0244028114813052,-0.0244028114813052,0.0166210632821913,0.0,0,0,0,1,1,0,0,2.1763354399350794,1.164891501594996
20260927,env__v~tiankampmann2021%5Fcrispri__v~ipsc-induced%5Fneuron__v~rna__v~baseline,tian_neuron_crispri,env__v~replogleweissman2022%5Frpe1__v~rpe1__v~rna__v~baseline,replogle_rpe1,u_only_rf,u_only_rf,ptl_rf,108,852,99,0.2667463247528922,0.3925768659770436,shared_identity_free_random_forest,shared_identity_free_random_forest,0.8911586497697352,0.9123356015771809,0.1481774491364202,0.1693544009438659,-0.0211769518074456,-0.0211769518074456,0.0059515101203915,-0.025,0,0,1,1,1,0,0,1.743569144654958,3.401553028013346
20260927,env__v~tiankampmann2021%5Fcrispri__v~ipsc-induced%5Fneuron__v~rna__v~baseline,tian_neuron_crispri,env__v~tiankampmann2021%5Fcrispra__v~ipsc-induced%5Fneuron__v~rna__v~baseline,tian_neuron_crispra,u_only_rf,u_only_rf,ptl_rf,108,891,60,0.2316590737686883,0.3925768659770436,shared_identity_free_random_forest,shared_identity_free_random_forest,0.5327130659679348,0.5095385680510156,0.0677386520999507,0.0445641541830316,0.0231744979169191,0.0231744979169191,0.0034528897498963,0.0,0,1,0,1,1,0,0,0.4656448536838168,0.2496568580271422
20260927,env__v~tiankampmann2021%5Fcrispri__v~ipsc-induced%5Fneuron__v~rna__v~baseline,tian_neuron_crispri,env__v~xucao2023__v~hek293__v~rna__v~baseline,xu_he293,u_only_rf,u_only_rf,ptl_rf,108,843,114,0.2519558218453315,0.3925768659770436,shared_identity_free_random_forest,shared_identity_free_random_forest,0.6790097908717041,0.6645445321017615,0.0775882234108719,0.0631229646409292,0.0144652587699426,0.0144652587699426,0.00597731718374,0.0326086956521738,0,0,1,1,1,0,0,0.8386019739200243,0.9448449189388788
20260927,env__v~xucao2023__v~hek293__v~rna__v~baseline,xu_he293,env__v~frangiehizar2021%5Frna__v~patient-derived%5Fmelanoma__v~rna__v~co-culture,frangieh_melanoma_coculture,u_only_rf,u_only_rf,ptl_rf,108,807,150,0.2811584097169659,0.2224690465537134,shared_identity_free_random_forest,shared_identity_free_random_forest,0.784806364747734,0.8109356787181458,0.0752644366283132,0.101393750598725,-0.0261293139704117,-0.0261293139704117,-0.0124871069271517,-0.025,0,0,0,0,0,0,0,1.12648074347593,0.6348336955745448
20260927,env__v~xucao2023__v~hek293__v~rna__v~baseline,xu_he293,env__v~frangiehizar2021%5Frna__v~patient-derived%5Fmelanoma__v~rna__v~control,frangieh_melanoma_control,u_only_rf,u_only_rf,ptl_rf,108,807,150,0.2668483557111739,0.2224690465537134,shared_identity_free_random_forest,shared_identity_free_random_forest,0.6819927793910824,0.683613014738739,0.0789843816420656,0.0806046169897223,-0.0016202353476566,-0.0016202353476566,-0.0026842992158241,-0.0083333333333333,0,0,0,0,0,0,0,1.0537872152317884,0.4828723078068133
20260927,env__v~xucao2023__v~hek293__v~rna__v~baseline,xu_he293,env__v~frangiehizar2021%5Frna__v~patient-derived%5Fmelanoma__v~rna__v~ifn%CE%B3,frangieh_melanoma_ifng,u_only_rf,u_only_rf,ptl_rf,108,804,150,0.25460079306246,0.2224690465537134,shared_identity_free_random_forest,shared_identity_free_random_forest,0.721146492626998,0.6970381407938799,0.1232942980394394,0.0991859462063213,0.0241083518331181,0.0241083518331181,0.0008879566590684,0.0,0,0,0,0,0,0,0,1.0800238554241686,0.5716183763174865
20260927,env__v~xucao2023__v~hek293__v~rna__v~baseline,xu_he293,env__v~normanweissman2019%5Ffiltered__v~k562__v~rna__v~baseline,norman_k562,u_only_rf,u_only_rf,ptl_rf,108,810,144,0.2141897094649013,0.2224690465537134,shared_identity_free_random_forest,shared_identity_free_random_forest,0.2737300830284519,0.3290534591560253,0.1325532523698075,0.187876628497381,-0.0553233761275734,-0.0553233761275734,0.0249360645978905,0.0086206896551723,0,0,0,1,1,0,0,1.54612778787684,1.137249722326764
20260927,env__v~xucao2023__v~hek293__v~rna__v~baseline,xu_he293,env__v~replogleweissman2022%5Frpe1__v~rpe1__v~rna__v~baseline,replogle_rpe1,u_only_rf,u_only_rf,ptl_rf,108,852,99,0.2667463247528922,0.2224690465537134,shared_identity_free_random_forest,shared_identity_free_random_forest,0.8911586497697352,0.9022466304427004,0.1481774491364202,0.1592654298093854,-0.0110879806729651,-0.0110879806729651,0.0090315848186663,-0.0125,0,0,1,1,1,0,0,1.2481029036086222,2.531462433865916
20260927,env__v~xucao2023__v~hek293__v~rna__v~baseline,xu_he293,env__v~tiankampmann2021%5Fcrispra__v~ipsc-induced%5Fneuron__v~rna__v~baseline,tian_neuron_crispra,u_only_rf,u_only_rf,ptl_rf,108,891,60,0.2316590737686883,0.2224690465537134,shared_identity_free_random_forest,shared_identity_free_random_forest,0.5327130659679348,0.5108627646870288,0.0677386520999507,0.0458883508190448,0.0218503012809059,0.0218503012809059,0.0051491834358148,0.0,0,0,0,1,1,0,0,0.5975705286468851,0.6277030550388444
20260927,env__v~xucao2023__v~hek293__v~rna__v~baseline,xu_he293,env__v~tiankampmann2021%5Fcrispri__v~ipsc-induced%5Fneuron__v~rna__v~baseline,tian_neuron_crispri,u_only_rf,u_only_rf,ptl_rf,108,843,114,0.2159993820268578,0.2224690465537134,shared_identity_free_random_forest,shared_identity_free_random_forest,0.5157643720981916,0.5300550368277496,0.0418779454395274,0.0561686101690854,-0.0142906647295579,-0.0142906647295579,-0.0159522570436495,0.0,0,0,1,1,1,0,0,0.8814706289243663,0.8672617095413686
20261007,env__v~frangiehizar2021%5Frna__v~patient-derived%5Fmelanoma__v~rna__v~co-culture,frangieh_melanoma_coculture,env__v~frangiehizar2021%5Frna__v~patient-derived%5Fmelanoma__v~rna__v~control,frangieh_melanoma_control,raw_scalar_uq,raw_normalized_uq,ptl_rf,144,807,150,0.2464745067369864,0.1332005065305608,shared_identity_free_random_forest,shared_identity_free_random_forest,0.6572913249093413,0.6566363091981409,0.0695297445236443,0.0688747288124439,0.0006550157112004,0.0006550157112004,0.0043648658123364,0.0083333333333334,0,1,1,1,0,1,1,0.4801398391741923,0.1795761566576609
20261007,env__v~frangiehizar2021%5Frna__v~patient-derived%5Fmelanoma__v~rna__v~co-culture,frangieh_melanoma_coculture,env__v~frangiehizar2021%5Frna__v~patient-derived%5Fmelanoma__v~rna__v~ifn%CE%B3,frangieh_melanoma_ifng,raw_scalar_uq,raw_normalized_uq,ptl_rf,144,804,150,0.2498737892528099,0.1332005065305608,shared_identity_free_random_forest,shared_identity_free_random_forest,0.6924915939265874,0.6798587608561673,0.1030227224622418,0.0903898893918216,0.0126328330704201,0.0126328330704201,0.0001459495955892,0.0166666666666667,0,1,1,1,0,1,1,0.4656300290679251,0.4197195200652363
20261007,env__v~frangiehizar2021%5Frna__v~patient-derived%5Fmelanoma__v~rna__v~co-culture,frangieh_melanoma_coculture,env__v~normanweissman2019%5Ffiltered__v~k562__v~rna__v~baseline,norman_k562,raw_scalar_uq,raw_normalized_uq,ptl_rf,144,810,144,0.2129308704131094,0.1332005065305608,shared_identity_free_random_forest,shared_identity_free_random_forest,0.4166438600814057,0.4402917733101052,0.248217019813237,0.2718649330419365,-0.0236479132286994,-0.0236479132286994,0.0429039416111282,0.0344827586206896,0,0,0,0,0,0,0,64.95411521429332,1.0521399691406956
20261007,env__v~frangiehizar2021%5Frna__v~patient-derived%5Fmelanoma__v~rna__v~co-culture,frangieh_melanoma_coculture,env__v~replogleweissman2022%5Frpe1__v~rpe1__v~rna__v~baseline,replogle_rpe1,raw_scalar_uq,raw_normalized_uq,ptl_rf,144,852,99,0.2545009427148311,0.1332005065305608,shared_identity_free_random_forest,shared_identity_free_random_forest,0.9032257556257024,0.8799070133340954,0.1518345055069937,0.1285157632153867,0.023318742291607,0.023318742291607,0.0103917737912204,0.025,0,0,0,0,0,0,0,1.1310890079916036,3.196289182263767
20261007,env__v~frangiehizar2021%5Frna__v~patient-derived%5Fmelanoma__v~rna__v~co-culture,frangieh_melanoma_coculture,env__v~tiankampmann2021%5Fcrispra__v~ipsc-induced%5Fneuron__v~rna__v~baseline,tian_neuron_crispra,raw_scalar_uq,raw_normalized_uq,ptl_rf,144,891,60,0.2268542680668289,0.1332005065305608,shared_identity_free_random_forest,shared_identity_free_random_forest,0.5908243551461515,0.571991764821385,0.1583717824988263,0.1395391921740599,0.0188325903247664,0.0188325903247664,-0.0082342758478241,-0.0416666666666667,0,0,0,0,0,0,0,6.5352605489148,0.2879447241342213
20261007,env__v~frangiehizar2021%5Frna__v~patient-derived%5Fmelanoma__v~rna__v~co-culture,frangieh_melanoma_coculture,env__v~tiankampmann2021%5Fcrispri__v~ipsc-induced%5Fneuron__v~rna__v~baseline,tian_neuron_crispri,raw_scalar_uq,raw_normalized_uq,ptl_rf,144,843,114,0.2142981084414902,0.1332005065305608,shared_identity_free_random_forest,shared_identity_free_random_forest,0.5157057864611729,0.5015034484786959,0.0526360292623405,0.0384336912798635,0.014202337982477,0.014202337982477,0.0004365062762962,0.0,0,0,0,0,0,0,0,7.934902941874804,0.212929575144479
20261007,env__v~frangiehizar2021%5Frna__v~patient-derived%5Fmelanoma__v~rna__v~co-culture,frangieh_melanoma_coculture,env__v~xucao2023__v~hek293__v~rna__v~baseline,xu_he293,raw_scalar_uq,raw_normalized_uq,ptl_rf,144,843,114,0.2419348552429507,0.1332005065305608,shared_identity_free_random_forest,shared_identity_free_random_forest,0.6422476776211083,0.6310639567553152,0.0668975964458666,0.0557138755800735,0.0111837208657931,0.0111837208657931,0.0059405901869878,0.0217391304347825,0,0,0,0,0,0,0,5.208627512859879,0.6831045541649158
20261007,env__v~frangiehizar2021%5Frna__v~patient-derived%5Fmelanoma__v~rna__v~control,frangieh_melanoma_control,env__v~frangiehizar2021%5Frna__v~patient-derived%5Fmelanoma__v~rna__v~co-culture,frangieh_melanoma_coculture,raw_scalar_uq,raw_normalized_uq,ptl_rf,144,807,150,0.268365243507066,0.2113709007246928,shared_identity_free_random_forest,shared_identity_free_random_forest,0.8144059078922756,0.7915709948973002,0.1163909702671169,0.0935560572721415,0.0228349129949754,0.0228349129949754,0.0018560101261576,0.0,0,1,1,1,0,1,1,0.435862880756042,0.1081252463188121
20261007,env__v~frangiehizar2021%5Frna__v~patient-derived%5Fmelanoma__v~rna__v~control,frangieh_melanoma_control,env__v~frangiehizar2021%5Frna__v~patient-derived%5Fmelanoma__v~rna__v~ifn%CE%B3,frangieh_melanoma_ifng,raw_scalar_uq,raw_normalized_uq,ptl_rf,144,804,150,0.2498737892528099,0.2113709007246928,shared_identity_free_random_forest,shared_identity_free_random_forest,0.6924915939265874,0.684773712653495,0.1030227224622418,0.0953048411891493,0.0077178812730924,0.0077178812730924,-0.0003600837047028,0.0,0,1,1,1,0,1,1,0.2011386697627491,0.312025989897577
20261007,env__v~frangiehizar2021%5Frna__v~patient-derived%5Fmelanoma__v~rna__v~control,frangieh_melanoma_control,env__v~normanweissman2019%5Ffiltered__v~k562__v~rna__v~baseline,norman_k562,raw_scalar_uq,raw_normalized_uq,ptl_rf,144,810,144,0.2129308704131094,0.2113709007246928,shared_identity_free_random_forest,shared_identity_free_random_forest,0.4166438600814057,0.4226774646745346,0.248217019813237,0.2542506244063658,-0.0060336045931288,-0.0060336045931288,0.0572250359062382,0.0517241379310344,0,0,0,0,0,0,0,64.60810506131061,1.0379921892733008
20261007,env__v~frangiehizar2021%5Frna__v~patient-derived%5Fmelanoma__v~rna__v~control,frangieh_melanoma_control,env__v~replogleweissman2022%5Frpe1__v~rpe1__v~rna__v~baseline,replogle_rpe1,raw_scalar_uq,raw_normalized_uq,ptl_rf,144,852,99,0.2545009427148311,0.2113709007246928,shared_identity_free_random_forest,shared_identity_free_random_forest,0.9032257556257024,0.8775816054296143,0.1518345055069937,0.1261903553109056,0.0256441501960881,0.0256441501960881,0.0130683066812179,0.025,0,0,0,0,0,0,0,1.0264602150893851,3.0993590566556817
20261007,env__v~frangiehizar2021%5Frna__v~patient-derived%5Fmelanoma__v~rna__v~control,frangieh_melanoma_control,env__v~tiankampmann2021%5Fcrispra__v~ipsc-induced%5Fneuron__v~rna__v~baseline,tian_neuron_crispra,raw_scalar_uq,raw_normalized_uq,ptl_rf,144,891,60,0.2268542680668289,0.2113709007246928,shared_identity_free_random_forest,shared_identity_free_random_forest,0.5908243551461515,0.5687067911566804,0.1583717824988263,0.1362542185093553,0.022117563989471,0.022117563989471,0.0046677132611935,-0.0208333333333333,0,0,0,0,0,0,0,6.190843727190197,0.3334461556862368
20261007,env__v~frangiehizar2021%5Frna__v~patient-derived%5Fmelanoma__v~rna__v~control,frangieh_melanoma_control,env__v~tiankampmann2021%5Fcrispri__v~ipsc-induced%5Fneuron__v~rna__v~baseline,tian_neuron_crispri,raw_scalar_uq,raw_normalized_uq,ptl_rf,144,843,114,0.2142981084414902,0.2113709007246928,shared_identity_free_random_forest,shared_identity_free_random_forest,0.5157057864611729,0.4984417906710037,0.0526360292623405,0.0353720334721713,0.0172639957901691,0.0172639957901691,0.0033352234259512,0.0,0,0,0,0,0,0,0,7.614315437284394,0.2920763158024654
20261007,env__v~frangiehizar2021%5Frna__v~patient-derived%5Fmelanoma__v~rna__v~control,frangieh_melanoma_control,env__v~xucao2023__v~hek293__v~rna__v~baseline,xu_he293,raw_scalar_uq,raw_normalized_uq,ptl_rf,144,843,114,0.2419348552429507,0.2113709007246928,shared_identity_free_random_forest,shared_identity_free_random_forest,0.6422476776211083,0.6341559351938365,0.0668975964458666,0.0588058540185948,0.0080917424272718,0.0080917424272718,-0.0032249328810737,-0.0108695652173913,0,0,0,0,0,0,0,4.877081714574575,0.5752693985768114
20261007,env__v~frangiehizar2021%5Frna__v~patient-derived%5Fmelanoma__v~rna__v~ifn%CE%B3,frangieh_melanoma_ifng,env__v~frangiehizar2021%5Frna__v~patient-derived%5Fmelanoma__v~rna__v~co-culture,frangieh_melanoma_coculture,raw_scalar_uq,raw_normalized_uq,ptl_rf,147,807,150,0.268365243507066,0.1797515859580034,shared_identity_free_random_forest,shared_identity_free_random_forest,0.8144059078922756,0.7846714060496998,0.1163909702671169,0.0866564684245411,0.0297345018425758,0.0297345018425758,0.0033598818580145,0.0,0,1,1,1,0,1,1,0.4734583217331497,0.3633752965194272
20261007,env__v~frangiehizar2021%5Frna__v~patient-derived%5Fmelanoma__v~rna__v~ifn%CE%B3,frangieh_melanoma_ifng,env__v~frangiehizar2021%5Frna__v~patient-derived%5Fmelanoma__v~rna__v~control,frangieh_melanoma_control,raw_scalar_uq,raw_normalized_uq,ptl_rf,147,807,150,0.2464745067369864,0.1797515859580034,shared_identity_free_random_forest,shared_identity_free_random_forest,0.6572913249093413,0.6551907538110212,0.0695297445236443,0.0674291734253242,0.00210057109832,0.00210057109832,0.0072083303308797,0.025,0,1,1,1,0,1,1,0.204250370982324,0.2876873977690407
20261007,env__v~frangiehizar2021%5Frna__v~patient-derived%5Fmelanoma__v~rna__v~ifn%CE%B3,frangieh_melanoma_ifng,env__v~normanweissman2019%5Ffiltered__v~k562__v~rna__v~baseline,norman_k562,raw_scalar_uq,raw_normalized_uq,ptl_rf,147,810,144,0.2129308704131094,0.1797515859580034,shared_identity_free_random_forest,shared_identity_free_random_forest,0.4166438600814057,0.4422708103844218,0.248217019813237,0.273843970116253,-0.025626950303016,-0.025626950303016,0.0376012548275329,0.0344827586206896,0,0,0,0,0,0,0,64.56720928580042,0.7773384513872549
20261007,env__v~frangiehizar2021%5Frna__v~patient-derived%5Fmelanoma__v~rna__v~ifn%CE%B3,frangieh_melanoma_ifng,env__v~replogleweissman2022%5Frpe1__v~rpe1__v~rna__v~baseline,replogle_rpe1,raw_scalar_uq,raw_normalized_uq,ptl_rf,147,852,99,0.2545009427148311,0.1797515859580034,shared_identity_free_random_forest,shared_identity_free_random_forest,0.9032257556257024,0.8789083839012775,0.1518345055069937,0.1275171337825688,0.0243173717244249,0.0243173717244249,0.0096261364286425,0.0125,0,0,0,0,0,0,0,0.9455398981924564,2.8369996665423374
20261007,env__v~frangiehizar2021%5Frna__v~patient-derived%5Fmelanoma__v~rna__v~ifn%CE%B3,frangieh_melanoma_ifng,env__v~tiankampmann2021%5Fcrispra__v~ipsc-induced%5Fneuron__v~rna__v~baseline,tian_neuron_crispra,raw_scalar_uq,raw_normalized_uq,ptl_rf,147,891,60,0.2268542680668289,0.1797515859580034,shared_identity_free_random_forest,shared_identity_free_random_forest,0.5908243551461515,0.5903471482281651,0.1583717824988263,0.15789457558084,0.0004772069179863,0.0004772069179863,-0.0003818285460654,-0.0208333333333333,0,0,0,0,0,0,0,6.136177660915978,0.3977179068606987
20261007,env__v~frangiehizar2021%5Frna__v~patient-derived%5Fmelanoma__v~rna__v~ifn%CE%B3,frangieh_melanoma_ifng,env__v~tiankampmann2021%5Fcrispri__v~ipsc-induced%5Fneuron__v~rna__v~baseline,tian_neuron_crispri,raw_scalar_uq,raw_normalized_uq,ptl_rf,147,843,114,0.2142981084414902,0.1797515859580034,shared_identity_free_random_forest,shared_identity_free_random_forest,0.5157057864611729,0.4972730868596784,0.0526360292623405,0.034203329660846,0.0184326996014945,0.0184326996014945,0.0007064510078454,0.0,0,0,0,0,0,0,0,7.556595910511682,0.5545637851183752
20261007,env__v~frangiehizar2021%5Frna__v~patient-derived%5Fmelanoma__v~rna__v~ifn%CE%B3,frangieh_melanoma_ifng,env__v~xucao2023__v~hek293__v~rna__v~baseline,xu_he293,raw_scalar_uq,raw_normalized_uq,ptl_rf,147,843,114,0.2419348552429507,0.1797515859580034,shared_identity_free_random_forest,shared_identity_free_random_forest,0.6422476776211083,0.6294139166681824,0.0668975964458666,0.0540638354929406,0.0128337609529259,0.0128337609529259,0.0051742949785321,0.0217391304347825,0,0,0,0,0,0,0,4.802894125139207,0.5342558148239228
20261007,env__v~normanweissman2019%5Ffiltered__v~k562__v~rna__v~baseline,norman_k562,env__v~frangiehizar2021%5Frna__v~patient-derived%5Fmelanoma__v~rna__v~co-culture,frangieh_melanoma_coculture,raw_scalar_uq,raw_normalized_uq,ptl_rf,141,807,150,0.268365243507066,0.6353457686327694,shared_identity_free_random_forest,shared_identity_free_random_forest,0.8144059078922756,0.8724724701571047,0.1163909702671169,0.174457532531946,-0.058066562264829,-0.058066562264829,-0.0272800065855531,-0.0583333333333333,0,0,0,0,0,0,0,61.85165742217438,0.8771521344351191
20261007,env__v~normanweissman2019%5Ffiltered__v~k562__v~rna__v~baseline,norman_k562,env__v~frangiehizar2021%5Frna__v~patient-derived%5Fmelanoma__v~rna__v~control,frangieh_melanoma_control,raw_scalar_uq,raw_normalized_uq,ptl_rf,141,807,150,0.2464745067369864,0.6353457686327694,shared_identity_free_random_forest,shared_identity_free_random_forest,0.6572913249093413,0.7858058402069462,0.0695297445236443,0.1980442598212493,-0.1285145152976049,-0.1285145152976049,-0.0472061244737105,-0.1333333333333333,0,0,0,0,0,0,0,61.457607494632455,0.8817997214079203
20261007,env__v~normanweissman2019%5Ffiltered__v~k562__v~rna__v~baseline,norman_k562,env__v~frangiehizar2021%5Frna__v~patient-derived%5Fmelanoma__v~rna__v~ifn%CE%B3,frangieh_melanoma_ifng,raw_scalar_uq,raw_normalized_uq,ptl_rf,141,804,150,0.2498737892528099,0.6353457686327694,shared_identity_free_random_forest,shared_identity_free_random_forest,0.6924915939265874,0.8142410106106346,0.1030227224622418,0.224772139146289,-0.1217494166840471,-0.1217494166840471,-0.03573328357718,-0.125,0,0,0,0,0,0,0,61.48366997053742,0.6858323174014563
20261007,env__v~normanweissman2019%5Ffiltered__v~k562__v~rna__v~baseline,norman_k562,env__v~replogleweissman2022%5Frpe1__v~rpe1__v~rna__v~baseline,replogle_rpe1,raw_scalar_uq,raw_normalized_uq,ptl_rf,141,852,99,0.2545009427148311,0.6353457686327694,shared_identity_free_random_forest,shared_identity_free_random_forest,0.9032257556257024,0.918892897974212,0.1518345055069937,0.1675016478555032,-0.0156671423485095,-0.0156671423485095,0.0098385571891493,0.0,0,0,0,1,1,0,0,61.84314694180854,2.545811401107819
20261007,env__v~normanweissman2019%5Ffiltered__v~k562__v~rna__v~baseline,norman_k562,env__v~tiankampmann2021%5Fcrispra__v~ipsc-induced%5Fneuron__v~rna__v~baseline,tian_neuron_crispra,raw_scalar_uq,raw_normalized_uq,ptl_rf,141,891,60,0.2268542680668289,0.6353457686327694,shared_identity_free_random_forest,shared_identity_free_random_forest,0.5908243551461515,0.5753899462037587,0.1583717824988263,0.1429373735564336,0.0154344089423927,0.0154344089423927,0.0071658985505783,-0.0208333333333333,0,0,1,1,1,0,0,55.33876668064243,0.6195562355278461
20261007,env__v~normanweissman2019%5Ffiltered__v~k562__v~rna__v~baseline,norman_k562,env__v~tiankampmann2021%5Fcrispri__v~ipsc-induced%5Fneuron__v~rna__v~baseline,tian_neuron_crispri,raw_scalar_uq,raw_normalized_uq,ptl_rf,141,843,114,0.2142981084414902,0.6353457686327694,shared_identity_free_random_forest,shared_identity_free_random_forest,0.5157057864611729,0.5693146403330511,0.0526360292623405,0.1062448831342187,-0.0536088538718781,-0.0536088538718781,-0.027997511236409,0.0,0,0,0,1,1,0,0,53.96591485188348,0.9291557449808144
20261007,env__v~normanweissman2019%5Ffiltered__v~k562__v~rna__v~baseline,norman_k562,env__v~xucao2023__v~hek293__v~rna__v~baseline,xu_he293,raw_scalar_uq,raw_normalized_uq,ptl_rf,141,843,114,0.2419348552429507,0.6353457686327694,shared_identity_free_random_forest,shared_identity_free_random_forest,0.6422476776211083,0.7396096934634919,0.0668975964458666,0.1642596122882502,-0.0973620158423835,-0.0973620158423835,-0.0338074102477463,-0.1195652173913044,0,0,0,1,1,0,0,56.728729973436906,0.958543398877884
20261007,env__v~replogleweissman2022%5Frpe1__v~rpe1__v~rna__v~baseline,replogle_rpe1,env__v~frangiehizar2021%5Frna__v~patient-derived%5Fmelanoma__v~rna__v~co-culture,frangieh_melanoma_coculture,raw_scalar_uq,raw_normalized_uq,ptl_rf,99,807,150,0.268365243507066,0.0340770991964805,shared_identity_free_random_forest,shared_identity_free_random_forest,0.8144059078922756,0.7984649964775432,0.1163909702671169,0.1004500588523845,0.0159409114147324,0.0159409114147324,-0.0023699600965213,0.0083333333333333,0,0,0,0,0,0,0,1.1922844924204334,4.276208275989359
20261007,env__v~replogleweissman2022%5Frpe1__v~rpe1__v~rna__v~baseline,replogle_rpe1,env__v~frangiehizar2021%5Frna__v~patient-derived%5Fmelanoma__v~rna__v~control,frangieh_melanoma_control,raw_scalar_uq,raw_normalized_uq,ptl_rf,99,807,150,0.2464745067369864,0.0340770991964805,shared_identity_free_random_forest,shared_identity_free_random_forest,0.6572913249093413,0.6551249569303731,0.0695297445236443,0.0673633765446761,0.0021663679789681,0.0021663679789681,0.0063602153768846,0.0166666666666667,0,0,0,0,0,0,0,1.0831410136571942,4.195632313496608
20261007,env__v~replogleweissman2022%5Frpe1__v~rpe1__v~rna__v~baseline,replogle_rpe1,env__v~frangiehizar2021%5Frna__v~patient-derived%5Fmelanoma__v~rna__v~ifn%CE%B3,frangieh_melanoma_ifng,raw_scalar_uq,raw_normalized_uq,ptl_rf,99,804,150,0.2498737892528099,0.0340770991964805,shared_identity_free_random_forest,shared_identity_free_random_forest,0.6924915939265874,0.6804521493915369,0.1030227224622418,0.0909832779271913,0.0120394445350505,0.0120394445350505,-0.004595697039556,-0.025,0,0,0,0,0,0,0,0.9643094411825626,3.947144487090133
20261007,env__v~replogleweissman2022%5Frpe1__v~rpe1__v~rna__v~baseline,replogle_rpe1,env__v~normanweissman2019%5Ffiltered__v~k562__v~rna__v~baseline,norman_k562,raw_scalar_uq,raw_normalized_uq,ptl_rf,99,810,144,0.2129308704131094,0.0340770991964805,shared_identity_free_random_forest,shared_identity_free_random_forest,0.4166438600814057,0.3336475967284929,0.248217019813237,0.1652207564603241,0.0829962633529128,0.0829962633529128,0.053720648669378,0.0431034482758621,0,0,0,1,1,0,0,64.94928288432249,3.487076586492197
20261007,env__v~replogleweissman2022%5Frpe1__v~rpe1__v~rna__v~baseline,replogle_rpe1,env__v~tiankampmann2021%5Fcrispra__v~ipsc-induced%5Fneuron__v~rna__v~baseline,tian_neuron_crispra,raw_scalar_uq,raw_normalized_uq,ptl_rf,99,891,60,0.2268542680668289,0.0340770991964805,shared_identity_free_random_forest,shared_identity_free_random_forest,0.5908243551461515,0.5648960382775997,0.1583717824988263,0.1324434656302746,0.0259283168685517,0.0259283168685517,-0.0049232143506402,-0.0416666666666667,0,0,0,1,1,0,0,6.545885130873446,4.21550246435397
20261007,env__v~replogleweissman2022%5Frpe1__v~rpe1__v~rna__v~baseline,replogle_rpe1,env__v~tiankampmann2021%5Fcrispri__v~ipsc-induced%5Fneuron__v~rna__v~baseline,tian_neuron_crispri,raw_scalar_uq,raw_normalized_uq,ptl_rf,99,843,114,0.2142981084414902,0.0340770991964805,shared_identity_free_random_forest,shared_identity_free_random_forest,0.5157057864611729,0.4977021996221076,0.0526360292623405,0.0346324424232752,0.0180035868390652,0.0180035868390652,0.0023836625474467,0.0,0,0,1,1,1,0,0,8.012987039552844,4.5288814165637765
20261007,env__v~replogleweissman2022%5Frpe1__v~rpe1__v~rna__v~baseline,replogle_rpe1,env__v~xucao2023__v~hek293__v~rna__v~baseline,xu_he293,raw_scalar_uq,raw_normalized_uq,ptl_rf,99,843,114,0.2419348552429507,0.0340770991964805,shared_identity_free_random_forest,shared_identity_free_random_forest,0.6422476776211083,0.6739921834181364,0.0668975964458666,0.0986421022428947,-0.031744505797028,-0.031744505797028,-0.0104790653215433,-0.0978260869565217,0,0,1,1,1,0,0,5.188687881201265,3.681742183845074
20261007,env__v~tiankampmann2021%5Fcrispra__v~ipsc-induced%5Fneuron__v~rna__v~baseline,tian_neuron_crispra,env__v~frangiehizar2021%5Frna__v~patient-derived%5Fmelanoma__v~rna__v~co-culture,frangieh_melanoma_coculture,raw_scalar_uq,raw_normalized_uq,ptl_rf,60,807,150,0.268365243507066,0.3233090192955156,shared_identity_free_random_forest,shared_identity_free_random_forest,0.8144059078922756,0.8640236542583627,0.1163909702671169,0.166008716633204,-0.049617746366087,-0.049617746366087,-0.003364666707418,-0.0083333333333334,0,0,0,0,0,0,0,6.824137161497188,0.5018852914736915
20261007,env__v~tiankampmann2021%5Fcrispra__v~ipsc-induced%5Fneuron__v~rna__v~baseline,tian_neuron_crispra,env__v~frangiehizar2021%5Frna__v~patient-derived%5Fmelanoma__v~rna__v~control,frangieh_melanoma_control,raw_scalar_uq,raw_normalized_uq,ptl_rf,60,807,150,0.2464745067369864,0.3233090192955156,shared_identity_free_random_forest,shared_identity_free_random_forest,0.6572913249093413,0.7129659021418231,0.0695297445236443,0.1252043217561261,-0.0556745772324818,-0.0556745772324818,0.0050940697029533,0.0166666666666667,0,0,0,0,0,0,0,6.43337946089576,0.5503491546855948
20261007,env__v~tiankampmann2021%5Fcrispra__v~ipsc-induced%5Fneuron__v~rna__v~baseline,tian_neuron_crispra,env__v~frangiehizar2021%5Frna__v~patient-derived%5Fmelanoma__v~rna__v~ifn%CE%B3,frangieh_melanoma_ifng,raw_scalar_uq,raw_normalized_uq,ptl_rf,60,804,150,0.2498737892528099,0.3233090192955156,shared_identity_free_random_forest,shared_identity_free_random_forest,0.6924915939265874,0.7201111040395477,0.1030227224622418,0.1306422325752021,-0.0276195101129602,-0.0276195101129602,-0.0017148040827932,0.0166666666666667,0,0,0,0,0,0,0,6.442996731536127,0.3961742505106904
20261007,env__v~tiankampmann2021%5Fcrispra__v~ipsc-induced%5Fneuron__v~rna__v~baseline,tian_neuron_crispra,env__v~normanweissman2019%5Ffiltered__v~k562__v~rna__v~baseline,norman_k562,raw_scalar_uq,raw_normalized_uq,ptl_rf,60,810,144,0.2129308704131094,0.3233090192955156,shared_identity_free_random_forest,shared_identity_free_random_forest,0.4166438600814057,0.4761417877084152,0.248217019813237,0.3077149474402464,-0.0594979276270094,-0.0594979276270094,0.0210500487071286,0.0086206896551723,0,0,1,1,1,0,0,58.15948062431826,0.567121712538107
20261007,env__v~tiankampmann2021%5Fcrispra__v~ipsc-induced%5Fneuron__v~rna__v~baseline,tian_neuron_crispra,env__v~replogleweissman2022%5Frpe1__v~rpe1__v~rna__v~baseline,replogle_rpe1,raw_scalar_uq,raw_normalized_uq,ptl_rf,60,852,99,0.2545009427148311,0.3233090192955156,shared_identity_free_random_forest,shared_identity_free_random_forest,0.9032257556257024,0.9016779981527124,0.1518345055069937,0.1502867480340036,0.00154775747299,0.00154775747299,-0.0094311137761854,-0.0374999999999999,0,0,0,1,1,0,0,6.821499325090196,2.800516781519957
20261007,env__v~tiankampmann2021%5Fcrispra__v~ipsc-induced%5Fneuron__v~rna__v~baseline,tian_neuron_crispra,env__v~tiankampmann2021%5Fcrispri__v~ipsc-induced%5Fneuron__v~rna__v~baseline,tian_neuron_crispri,raw_scalar_uq,raw_normalized_uq,ptl_rf,60,843,114,0.2142981084414902,0.3233090192955156,shared_identity_free_random_forest,shared_identity_free_random_forest,0.5157057864611729,0.5058508342188944,0.0526360292623405,0.042781077020062,0.0098549522422785,0.0098549522422785,-0.0113915026724347,0.0,0,1,0,1,1,0,0,1.3166689328662695,0.5967894219551958
20261007,env__v~tiankampmann2021%5Fcrispra__v~ipsc-induced%5Fneuron__v~rna__v~baseline,tian_neuron_crispra,env__v~xucao2023__v~hek293__v~rna__v~baseline,xu_he293,raw_scalar_uq,raw_normalized_uq,ptl_rf,60,843,114,0.2419348552429507,0.3233090192955156,shared_identity_free_random_forest,shared_identity_free_random_forest,0.6422476776211083,0.628325185295195,0.0668975964458666,0.0529751041199533,0.0139224923259133,0.0139224923259133,0.0064869831877781,0.0217391304347825,0,0,0,1,1,0,0,1.7109729975919865,0.7012601875669706
20261007,env__v~tiankampmann2021%5Fcrispri__v~ipsc-induced%5Fneuron__v~rna__v~baseline,tian_neuron_crispri,env__v~frangiehizar2021%5Frna__v~patient-derived%5Fmelanoma__v~rna__v~co-culture,frangieh_melanoma_coculture,raw_scalar_uq,raw_normalized_uq,ptl_rf,108,807,150,0.268365243507066,0.3925473678262109,shared_identity_free_random_forest,shared_identity_free_random_forest,0.8144059078922756,0.7929604974121057,0.1163909702671169,0.094945559786947,0.0214454104801699,0.0214454104801699,-0.001601240533097,0.0,0,0,0,0,0,0,0,7.966959055092381,0.2864122759589538
20261007,env__v~tiankampmann2021%5Fcrispri__v~ipsc-induced%5Fneuron__v~rna__v~baseline,tian_neuron_crispri,env__v~frangiehizar2021%5Frna__v~patient-derived%5Fmelanoma__v~rna__v~control,frangieh_melanoma_control,raw_scalar_uq,raw_normalized_uq,ptl_rf,108,807,150,0.2464745067369864,0.3925473678262109,shared_identity_free_random_forest,shared_identity_free_random_forest,0.6572913249093413,0.6564724808545522,0.0695297445236443,0.0687109004688553,0.000818844054789,0.000818844054789,0.0052431100532333,0.0166666666666667,0,0,0,0,0,0,0,7.605359339028929,0.3496957711307015
20261007,env__v~tiankampmann2021%5Fcrispri__v~ipsc-induced%5Fneuron__v~rna__v~baseline,tian_neuron_crispri,env__v~frangiehizar2021%5Frna__v~patient-derived%5Fmelanoma__v~rna__v~ifn%CE%B3,frangieh_melanoma_ifng,raw_scalar_uq,raw_normalized_uq,ptl_rf,108,804,150,0.2498737892528099,0.3925473678262109,shared_identity_free_random_forest,shared_identity_free_random_forest,0.6924915939265874,0.6685039350120585,0.1030227224622418,0.0790350635477129,0.0239876589145289,0.0239876589145289,-0.0013959601255307,0.0166666666666667,0,0,0,0,0,0,0,7.611641400040391,0.5970867609209156
20261007,env__v~tiankampmann2021%5Fcrispri__v~ipsc-induced%5Fneuron__v~rna__v~baseline,tian_neuron_crispri,env__v~normanweissman2019%5Ffiltered__v~k562__v~rna__v~baseline,norman_k562,raw_scalar_uq,raw_normalized_uq,ptl_rf,108,810,144,0.2129308704131094,0.3925473678262109,shared_identity_free_random_forest,shared_identity_free_random_forest,0.4166438600814057,0.3983319575990338,0.248217019813237,0.229905117330865,0.0183119024823719,0.0183119024823719,0.0601904171287486,0.0517241379310344,0,0,0,1,1,0,0,57.03653153430023,1.099893941962738
20261007,env__v~tiankampmann2021%5Fcrispri__v~ipsc-induced%5Fneuron__v~rna__v~baseline,tian_neuron_crispri,env__v~replogleweissman2022%5Frpe1__v~rpe1__v~rna__v~baseline,replogle_rpe1,raw_scalar_uq,raw_normalized_uq,ptl_rf,108,852,99,0.2545009427148311,0.3925473678262109,shared_identity_free_random_forest,shared_identity_free_random_forest,0.9032257556257024,0.8817708498872525,0.1518345055069937,0.1303795997685438,0.0214549057384498,0.0214549057384498,0.0075668750398569,-0.0124999999999999,0,0,1,1,1,0,0,8.042403098524783,3.4051520094663843
20261007,env__v~tiankampmann2021%5Fcrispri__v~ipsc-induced%5Fneuron__v~rna__v~baseline,tian_neuron_crispri,env__v~tiankampmann2021%5Fcrispra__v~ipsc-induced%5Fneuron__v~rna__v~baseline,tian_neuron_crispra,raw_scalar_uq,raw_normalized_uq,ptl_rf,108,891,60,0.2268542680668289,0.3925473678262109,shared_identity_free_random_forest,shared_identity_free_random_forest,0.5908243551461515,0.5688624954476791,0.1583717824988263,0.1364099228003539,0.0219618596984724,0.0219618596984724,-0.0034696563645004,-0.0416666666666667,0,1,0,1,1,0,0,1.5899806975994144,0.348818723808291
20261007,env__v~tiankampmann2021%5Fcrispri__v~ipsc-induced%5Fneuron__v~rna__v~baseline,tian_neuron_crispri,env__v~xucao2023__v~hek293__v~rna__v~baseline,xu_he293,raw_scalar_uq,raw_normalized_uq,ptl_rf,108,843,114,0.2419348552429507,0.3925473678262109,shared_identity_free_random_forest,shared_identity_free_random_forest,0.6422476776211083,0.6338568730396934,0.0668975964458666,0.0585067918644517,0.0083908045814149,0.0083908045814149,0.0016961529836423,0.0,0,0,1,1,1,0,0,2.876789455071412,0.8618730360955731
20261007,env__v~xucao2023__v~hek293__v~rna__v~baseline,xu_he293,env__v~frangiehizar2021%5Frna__v~patient-derived%5Fmelanoma__v~rna__v~co-culture,frangieh_melanoma_coculture,raw_scalar_uq,raw_normalized_uq,ptl_rf,108,807,150,0.268365243507066,0.227765839807364,shared_identity_free_random_forest,shared_identity_free_random_forest,0.8144059078922756,0.8103332575767828,0.1163909702671169,0.1123183199516241,0.0040726503154928,0.0040726503154928,-0.0250447327561951,-0.0583333333333333,0,0,0,0,0,0,0,5.094676409416417,1.064106647681022
20261007,env__v~xucao2023__v~hek293__v~rna__v~baseline,xu_he293,env__v~frangiehizar2021%5Frna__v~patient-derived%5Fmelanoma__v~rna__v~control,frangieh_melanoma_control,raw_scalar_uq,raw_normalized_uq,ptl_rf,108,807,150,0.2464745067369864,0.227765839807364,shared_identity_free_random_forest,shared_identity_free_random_forest,0.6572913249093413,0.6743897760062662,0.0695297445236443,0.0866281956205692,-0.0170984510969248,-0.0170984510969248,-0.0155818625708487,-0.0416666666666666,0,0,0,0,0,0,0,4.718812095646341,0.9629056340672874
20261007,env__v~xucao2023__v~hek293__v~rna__v~baseline,xu_he293,env__v~frangiehizar2021%5Frna__v~patient-derived%5Fmelanoma__v~rna__v~ifn%CE%B3,frangieh_melanoma_ifng,raw_scalar_uq,raw_normalized_uq,ptl_rf,108,804,150,0.2498737892528099,0.227765839807364,shared_identity_free_random_forest,shared_identity_free_random_forest,0.6924915939265874,0.6956434001784282,0.1030227224622418,0.1061745287140826,-0.0031518062518407,-0.0031518062518407,-0.0043846901359572,0.0166666666666667,0,0,0,0,0,0,0,4.703087647830928,0.84830078885617
20261007,env__v~xucao2023__v~hek293__v~rna__v~baseline,xu_he293,env__v~normanweissman2019%5Ffiltered__v~k562__v~rna__v~baseline,norman_k562,raw_scalar_uq,raw_normalized_uq,ptl_rf,108,810,144,0.2129308704131094,0.227765839807364,shared_identity_free_random_forest,shared_identity_free_random_forest,0.4166438600814057,0.4410860786960545,0.248217019813237,0.2726592384278857,-0.0244422186146487,-0.0244422186146487,0.0063152238743209,0.0,0,0,0,1,1,0,0,59.96365944149,0.9641842530765314
20261007,env__v~xucao2023__v~hek293__v~rna__v~baseline,xu_he293,env__v~replogleweissman2022%5Frpe1__v~rpe1__v~rna__v~baseline,replogle_rpe1,raw_scalar_uq,raw_normalized_uq,ptl_rf,108,852,99,0.2545009427148311,0.227765839807364,shared_identity_free_random_forest,shared_identity_free_random_forest,0.9032257556257024,0.8818881658153366,0.1518345055069937,0.1304969156966279,0.0213375898103658,0.0213375898103658,0.0033631866225426,-0.0124999999999999,0,0,1,1,1,0,0,5.051994842323299,2.106222462571269
20261007,env__v~xucao2023__v~hek293__v~rna__v~baseline,xu_he293,env__v~tiankampmann2021%5Fcrispra__v~ipsc-induced%5Fneuron__v~rna__v~baseline,tian_neuron_crispra,raw_scalar_uq,raw_normalized_uq,ptl_rf,108,891,60,0.2268542680668289,0.227765839807364,shared_identity_free_random_forest,shared_identity_free_random_forest,0.5908243551461515,0.56888502571351,0.1583717824988263,0.1364324530661848,0.0219393294326415,0.0219393294326415,0.004551588109676,-0.0416666666666667,0,0,0,1,1,0,0,1.5864056492152645,1.0422130031792978
20261007,env__v~xucao2023__v~hek293__v~rna__v~baseline,xu_he293,env__v~tiankampmann2021%5Fcrispri__v~ipsc-induced%5Fneuron__v~rna__v~baseline,tian_neuron_crispri,raw_scalar_uq,raw_normalized_uq,ptl_rf,108,843,114,0.2142981084414902,0.227765839807364,shared_identity_free_random_forest,shared_identity_free_random_forest,0.5157057864611729,0.5066463631195786,0.0526360292623405,0.0435766059207461,0.0090594233415943,0.0090594233415943,-0.0050248000936257,0.0,0,0,1,1,1,0,0,2.991093918296441,1.28511650927002
20261007,env__v~frangiehizar2021%5Frna__v~patient-derived%5Fmelanoma__v~rna__v~co-culture,frangieh_melanoma_coculture,env__v~frangiehizar2021%5Frna__v~patient-derived%5Fmelanoma__v~rna__v~control,frangieh_melanoma_control,u_only_rf,u_only_rf,ptl_rf,144,807,150,0.2464745067369864,0.1332005065305608,shared_identity_free_random_forest,shared_identity_free_random_forest,0.6875487689307446,0.6566363091981409,0.0997871885450476,0.0688747288124439,0.0309124597326037,0.0309124597326037,0.013866226541344,0.0416666666666667,0,1,1,1,0,1,1,0.4801398391741923,0.1795761566576609
20261007,env__v~frangiehizar2021%5Frna__v~patient-derived%5Fmelanoma__v~rna__v~co-culture,frangieh_melanoma_coculture,env__v~frangiehizar2021%5Frna__v~patient-derived%5Fmelanoma__v~rna__v~ifn%CE%B3,frangieh_melanoma_ifng,u_only_rf,u_only_rf,ptl_rf,144,804,150,0.2498737892528099,0.1332005065305608,shared_identity_free_random_forest,shared_identity_free_random_forest,0.7062957186251684,0.6798587608561673,0.1168268471608228,0.0903898893918216,0.0264369577690011,0.0264369577690011,0.010522653192209,0.0416666666666667,0,1,1,1,0,1,1,0.4656300290679251,0.4197195200652363
20261007,env__v~frangiehizar2021%5Frna__v~patient-derived%5Fmelanoma__v~rna__v~co-culture,frangieh_melanoma_coculture,env__v~normanweissman2019%5Ffiltered__v~k562__v~rna__v~baseline,norman_k562,u_only_rf,u_only_rf,ptl_rf,144,810,144,0.2129308704131094,0.1332005065305608,shared_identity_free_random_forest,shared_identity_free_random_forest,0.3611259633224437,0.4402917733101052,0.1926991230542749,0.2718649330419365,-0.0791658099876615,-0.0791658099876615,-0.0243033341712531,-0.0258620689655173,0,0,0,0,0,0,0,64.95411521429332,1.0521399691406956
20261007,env__v~frangiehizar2021%5Frna__v~patient-derived%5Fmelanoma__v~rna__v~co-culture,frangieh_melanoma_coculture,env__v~replogleweissman2022%5Frpe1__v~rpe1__v~rna__v~baseline,replogle_rpe1,u_only_rf,u_only_rf,ptl_rf,144,852,99,0.2545009427148311,0.1332005065305608,shared_identity_free_random_forest,shared_identity_free_random_forest,0.8975883864766837,0.8799070133340954,0.146197136357975,0.1285157632153867,0.0176813731425883,0.0176813731425883,0.0005923217433714,0.05,0,0,0,0,0,0,0,1.1310890079916036,3.196289182263767
20261007,env__v~frangiehizar2021%5Frna__v~patient-derived%5Fmelanoma__v~rna__v~co-culture,frangieh_melanoma_coculture,env__v~tiankampmann2021%5Fcrispra__v~ipsc-induced%5Fneuron__v~rna__v~baseline,tian_neuron_crispra,u_only_rf,u_only_rf,ptl_rf,144,891,60,0.2268542680668289,0.1332005065305608,shared_identity_free_random_forest,shared_identity_free_random_forest,0.5694722879546733,0.571991764821385,0.1370197153073482,0.1395391921740599,-0.0025194768667117,-0.0025194768667117,-0.0108542744138975,-0.0208333333333333,0,0,0,0,0,0,0,6.5352605489148,0.2879447241342213
20261007,env__v~frangiehizar2021%5Frna__v~patient-derived%5Fmelanoma__v~rna__v~co-culture,frangieh_melanoma_coculture,env__v~tiankampmann2021%5Fcrispri__v~ipsc-induced%5Fneuron__v~rna__v~baseline,tian_neuron_crispri,u_only_rf,u_only_rf,ptl_rf,144,843,114,0.2142981084414902,0.1332005065305608,shared_identity_free_random_forest,shared_identity_free_random_forest,0.5097348743183092,0.5015034484786959,0.0466651171194768,0.0384336912798635,0.0082314258396133,0.0082314258396133,0.0103355719585307,0.0,0,0,0,0,0,0,0,7.934902941874804,0.212929575144479
20261007,env__v~frangiehizar2021%5Frna__v~patient-derived%5Fmelanoma__v~rna__v~co-culture,frangieh_melanoma_coculture,env__v~xucao2023__v~hek293__v~rna__v~baseline,xu_he293,u_only_rf,u_only_rf,ptl_rf,144,843,114,0.2419348552429507,0.1332005065305608,shared_identity_free_random_forest,shared_identity_free_random_forest,0.6380267327396677,0.6310639567553152,0.062676651564426,0.0557138755800735,0.0069627759843524,0.0069627759843524,0.0132996569889427,0.0543478260869565,0,0,0,0,0,0,0,5.208627512859879,0.6831045541649158
20261007,env__v~frangiehizar2021%5Frna__v~patient-derived%5Fmelanoma__v~rna__v~control,frangieh_melanoma_control,env__v~frangiehizar2021%5Frna__v~patient-derived%5Fmelanoma__v~rna__v~co-culture,frangieh_melanoma_coculture,u_only_rf,u_only_rf,ptl_rf,144,807,150,0.268365243507066,0.2113709007246928,shared_identity_free_random_forest,shared_identity_free_random_forest,0.8306448191926865,0.7915709948973002,0.1326298815675278,0.0935560572721415,0.0390738242953863,0.0390738242953863,0.0009311783632618,0.0,0,1,1,1,0,1,1,0.435862880756042,0.1081252463188121
20261007,env__v~frangiehizar2021%5Frna__v~patient-derived%5Fmelanoma__v~rna__v~control,frangieh_melanoma_control,env__v~frangiehizar2021%5Frna__v~patient-derived%5Fmelanoma__v~rna__v~ifn%CE%B3,frangieh_melanoma_ifng,u_only_rf,u_only_rf,ptl_rf,144,804,150,0.2498737892528099,0.2113709007246928,shared_identity_free_random_forest,shared_identity_free_random_forest,0.7062957186251684,0.684773712653495,0.1168268471608228,0.0953048411891493,0.0215220059716734,0.0215220059716734,0.0100166198919169,0.025,0,1,1,1,0,1,1,0.2011386697627491,0.312025989897577
20261007,env__v~frangiehizar2021%5Frna__v~patient-derived%5Fmelanoma__v~rna__v~control,frangieh_melanoma_control,env__v~normanweissman2019%5Ffiltered__v~k562__v~rna__v~baseline,norman_k562,u_only_rf,u_only_rf,ptl_rf,144,810,144,0.2129308704131094,0.2113709007246928,shared_identity_free_random_forest,shared_identity_free_random_forest,0.3611259633224437,0.4226774646745346,0.1926991230542749,0.2542506244063658,-0.0615515013520909,-0.0615515013520908,-0.009982239876143,-0.0086206896551724,0,0,0,0,0,0,0,64.60810506131061,1.0379921892733008
20261007,env__v~frangiehizar2021%5Frna__v~patient-derived%5Fmelanoma__v~rna__v~control,frangieh_melanoma_control,env__v~replogleweissman2022%5Frpe1__v~rpe1__v~rna__v~baseline,replogle_rpe1,u_only_rf,u_only_rf,ptl_rf,144,852,99,0.2545009427148311,0.2113709007246928,shared_identity_free_random_forest,shared_identity_free_random_forest,0.8975883864766837,0.8775816054296143,0.146197136357975,0.1261903553109056,0.0200067810470694,0.0200067810470694,0.0032688546333689,0.05,0,0,0,0,0,0,0,1.0264602150893851,3.0993590566556817
20261007,env__v~frangiehizar2021%5Frna__v~patient-derived%5Fmelanoma__v~rna__v~control,frangieh_melanoma_control,env__v~tiankampmann2021%5Fcrispra__v~ipsc-induced%5Fneuron__v~rna__v~baseline,tian_neuron_crispra,u_only_rf,u_only_rf,ptl_rf,144,891,60,0.2268542680668289,0.2113709007246928,shared_identity_free_random_forest,shared_identity_free_random_forest,0.5694722879546733,0.5687067911566804,0.1370197153073482,0.1362542185093553,0.0007654967979928,0.0007654967979928,0.0020477146951201,0.0,0,0,0,0,0,0,0,6.190843727190197,0.3334461556862368
20261007,env__v~frangiehizar2021%5Frna__v~patient-derived%5Fmelanoma__v~rna__v~control,frangieh_melanoma_control,env__v~tiankampmann2021%5Fcrispri__v~ipsc-induced%5Fneuron__v~rna__v~baseline,tian_neuron_crispri,u_only_rf,u_only_rf,ptl_rf,144,843,114,0.2142981084414902,0.2113709007246928,shared_identity_free_random_forest,shared_identity_free_random_forest,0.5097348743183092,0.4984417906710037,0.0466651171194768,0.0353720334721713,0.0112930836473054,0.0112930836473054,0.0132342891081858,0.0,0,0,0,0,0,0,0,7.614315437284394,0.2920763158024654
20261007,env__v~frangiehizar2021%5Frna__v~patient-derived%5Fmelanoma__v~rna__v~control,frangieh_melanoma_control,env__v~xucao2023__v~hek293__v~rna__v~baseline,xu_he293,u_only_rf,u_only_rf,ptl_rf,144,843,114,0.2419348552429507,0.2113709007246928,shared_identity_free_random_forest,shared_identity_free_random_forest,0.6380267327396677,0.6341559351938365,0.062676651564426,0.0588058540185948,0.0038707975458311,0.0038707975458311,0.0041341339208811,0.0217391304347825,0,0,0,0,0,0,0,4.877081714574575,0.5752693985768114
20261007,env__v~frangiehizar2021%5Frna__v~patient-derived%5Fmelanoma__v~rna__v~ifn%CE%B3,frangieh_melanoma_ifng,env__v~frangiehizar2021%5Frna__v~patient-derived%5Fmelanoma__v~rna__v~co-culture,frangieh_melanoma_coculture,u_only_rf,u_only_rf,ptl_rf,147,807,150,0.268365243507066,0.1797515859580034,shared_identity_free_random_forest,shared_identity_free_random_forest,0.8306448191926865,0.7846714060496998,0.1326298815675278,0.0866564684245411,0.0459734131429867,0.0459734131429867,0.0024350500951186,0.0,0,1,1,1,0,1,1,0.4734583217331497,0.3633752965194272
20261007,env__v~frangiehizar2021%5Frna__v~patient-derived%5Fmelanoma__v~rna__v~ifn%CE%B3,frangieh_melanoma_ifng,env__v~frangiehizar2021%5Frna__v~patient-derived%5Fmelanoma__v~rna__v~control,frangieh_melanoma_control,u_only_rf,u_only_rf,ptl_rf,147,807,150,0.2464745067369864,0.1797515859580034,shared_identity_free_random_forest,shared_identity_free_random_forest,0.6875487689307446,0.6551907538110212,0.0997871885450476,0.0674291734253242,0.0323580151197233,0.0323580151197233,0.0167096910598874,0.0583333333333333,0,1,1,1,0,1,1,0.204250370982324,0.2876873977690407
20261007,env__v~frangiehizar2021%5Frna__v~patient-derived%5Fmelanoma__v~rna__v~ifn%CE%B3,frangieh_melanoma_ifng,env__v~normanweissman2019%5Ffiltered__v~k562__v~rna__v~baseline,norman_k562,u_only_rf,u_only_rf,ptl_rf,147,810,144,0.2129308704131094,0.1797515859580034,shared_identity_free_random_forest,shared_identity_free_random_forest,0.3611259633224437,0.4422708103844218,0.1926991230542749,0.273843970116253,-0.0811448470619781,-0.0811448470619781,-0.0296060209548484,-0.0258620689655173,0,0,0,0,0,0,0,64.56720928580042,0.7773384513872549
20261007,env__v~frangiehizar2021%5Frna__v~patient-derived%5Fmelanoma__v~rna__v~ifn%CE%B3,frangieh_melanoma_ifng,env__v~replogleweissman2022%5Frpe1__v~rpe1__v~rna__v~baseline,replogle_rpe1,u_only_rf,u_only_rf,ptl_rf,147,852,99,0.2545009427148311,0.1797515859580034,shared_identity_free_random_forest,shared_identity_free_random_forest,0.8975883864766837,0.8789083839012775,0.146197136357975,0.1275171337825688,0.0186800025754062,0.0186800025754062,-0.0001733156192065,0.0375,0,0,0,0,0,0,0,0.9455398981924564,2.8369996665423374
20261007,env__v~frangiehizar2021%5Frna__v~patient-derived%5Fmelanoma__v~rna__v~ifn%CE%B3,frangieh_melanoma_ifng,env__v~tiankampmann2021%5Fcrispra__v~ipsc-induced%5Fneuron__v~rna__v~baseline,tian_neuron_crispra,u_only_rf,u_only_rf,ptl_rf,147,891,60,0.2268542680668289,0.1797515859580034,shared_identity_free_random_forest,shared_identity_free_random_forest,0.5694722879546733,0.5903471482281651,0.1370197153073482,0.15789457558084,-0.0208748602734918,-0.0208748602734918,-0.0030018271121389,0.0,0,0,0,0,0,0,0,6.136177660915978,0.3977179068606987
20261007,env__v~frangiehizar2021%5Frna__v~patient-derived%5Fmelanoma__v~rna__v~ifn%CE%B3,frangieh_melanoma_ifng,env__v~tiankampmann2021%5Fcrispri__v~ipsc-induced%5Fneuron__v~rna__v~baseline,tian_neuron_crispri,u_only_rf,u_only_rf,ptl_rf,147,843,114,0.2142981084414902,0.1797515859580034,shared_identity_free_random_forest,shared_identity_free_random_forest,0.5097348743183092,0.4972730868596784,0.0466651171194768,0.034203329660846,0.0124617874586308,0.0124617874586308,0.01060551669008,0.0,0,0,0,0,0,0,0,7.556595910511682,0.5545637851183752
20261007,env__v~frangiehizar2021%5Frna__v~patient-derived%5Fmelanoma__v~rna__v~ifn%CE%B3,frangieh_melanoma_ifng,env__v~xucao2023__v~hek293__v~rna__v~baseline,xu_he293,u_only_rf,u_only_rf,ptl_rf,147,843,114,0.2419348552429507,0.1797515859580034,shared_identity_free_random_forest,shared_identity_free_random_forest,0.6380267327396677,0.6294139166681824,0.062676651564426,0.0540638354929406,0.0086128160714853,0.0086128160714853,0.012533361780487,0.0543478260869565,0,0,0,0,0,0,0,4.802894125139207,0.5342558148239228
20261007,env__v~normanweissman2019%5Ffiltered__v~k562__v~rna__v~baseline,norman_k562,env__v~frangiehizar2021%5Frna__v~patient-derived%5Fmelanoma__v~rna__v~co-culture,frangieh_melanoma_coculture,u_only_rf,u_only_rf,ptl_rf,141,807,150,0.268365243507066,0.6353457686327694,shared_identity_free_random_forest,shared_identity_free_random_forest,0.8306448191926865,0.8724724701571047,0.1326298815675278,0.174457532531946,-0.0418276509644182,-0.0418276509644182,-0.028204838348449,-0.0583333333333333,0,0,0,0,0,0,0,61.85165742217438,0.8771521344351191
20261007,env__v~normanweissman2019%5Ffiltered__v~k562__v~rna__v~baseline,norman_k562,env__v~frangiehizar2021%5Frna__v~patient-derived%5Fmelanoma__v~rna__v~control,frangieh_melanoma_control,u_only_rf,u_only_rf,ptl_rf,141,807,150,0.2464745067369864,0.6353457686327694,shared_identity_free_random_forest,shared_identity_free_random_forest,0.6875487689307446,0.7858058402069462,0.0997871885450476,0.1980442598212493,-0.0982570712762016,-0.0982570712762016,-0.0377047637447028,-0.0999999999999999,0,0,0,0,0,0,0,61.457607494632455,0.8817997214079203
20261007,env__v~normanweissman2019%5Ffiltered__v~k562__v~rna__v~baseline,norman_k562,env__v~frangiehizar2021%5Frna__v~patient-derived%5Fmelanoma__v~rna__v~ifn%CE%B3,frangieh_melanoma_ifng,u_only_rf,u_only_rf,ptl_rf,141,804,150,0.2498737892528099,0.6353457686327694,shared_identity_free_random_forest,shared_identity_free_random_forest,0.7062957186251684,0.8142410106106346,0.1168268471608228,0.224772139146289,-0.1079452919854662,-0.1079452919854662,-0.0253565799805602,-0.0999999999999999,0,0,0,0,0,0,0,61.48366997053742,0.6858323174014563
20261007,env__v~normanweissman2019%5Ffiltered__v~k562__v~rna__v~baseline,norman_k562,env__v~replogleweissman2022%5Frpe1__v~rpe1__v~rna__v~baseline,replogle_rpe1,u_only_rf,u_only_rf,ptl_rf,141,852,99,0.2545009427148311,0.6353457686327694,shared_identity_free_random_forest,shared_identity_free_random_forest,0.8975883864766837,0.918892897974212,0.146197136357975,0.1675016478555032,-0.0213045114975282,-0.0213045114975282,3.910514130034404e-05,0.025,0,0,0,1,1,0,0,61.84314694180854,2.545811401107819
20261007,env__v~normanweissman2019%5Ffiltered__v~k562__v~rna__v~baseline,norman_k562,env__v~tiankampmann2021%5Fcrispra__v~ipsc-induced%5Fneuron__v~rna__v~baseline,tian_neuron_crispra,u_only_rf,u_only_rf,ptl_rf,141,891,60,0.2268542680668289,0.6353457686327694,shared_identity_free_random_forest,shared_identity_free_random_forest,0.5694722879546733,0.5753899462037587,0.1370197153073482,0.1429373735564336,-0.0059176582490854,-0.0059176582490854,0.0045458999845049,0.0,0,0,1,1,1,0,0,55.33876668064243,0.6195562355278461
20261007,env__v~normanweissman2019%5Ffiltered__v~k562__v~rna__v~baseline,norman_k562,env__v~tiankampmann2021%5Fcrispri__v~ipsc-induced%5Fneuron__v~rna__v~baseline,tian_neuron_crispri,u_only_rf,u_only_rf,ptl_rf,141,843,114,0.2142981084414902,0.6353457686327694,shared_identity_free_random_forest,shared_identity_free_random_forest,0.5097348743183092,0.5693146403330511,0.0466651171194768,0.1062448831342187,-0.0595797660147419,-0.0595797660147419,-0.0180984455541745,0.0,0,0,0,1,1,0,0,53.96591485188348,0.9291557449808144
20261007,env__v~normanweissman2019%5Ffiltered__v~k562__v~rna__v~baseline,norman_k562,env__v~xucao2023__v~hek293__v~rna__v~baseline,xu_he293,u_only_rf,u_only_rf,ptl_rf,141,843,114,0.2419348552429507,0.6353457686327694,shared_identity_free_random_forest,shared_identity_free_random_forest,0.6380267327396677,0.7396096934634919,0.062676651564426,0.1642596122882502,-0.1015829607238242,-0.1015829607238242,-0.0264483434457915,-0.0869565217391304,0,0,0,1,1,0,0,56.728729973436906,0.958543398877884
20261007,env__v~replogleweissman2022%5Frpe1__v~rpe1__v~rna__v~baseline,replogle_rpe1,env__v~frangiehizar2021%5Frna__v~patient-derived%5Fmelanoma__v~rna__v~co-culture,frangieh_melanoma_coculture,u_only_rf,u_only_rf,ptl_rf,99,807,150,0.268365243507066,0.0340770991964805,shared_identity_free_random_forest,shared_identity_free_random_forest,0.8306448191926865,0.7984649964775432,0.1326298815675278,0.1004500588523845,0.0321798227151433,0.0321798227151433,-0.0032947918594171,0.0083333333333333,0,0,0,0,0,0,0,1.1922844924204334,4.276208275989359
20261007,env__v~replogleweissman2022%5Frpe1__v~rpe1__v~rna__v~baseline,replogle_rpe1,env__v~frangiehizar2021%5Frna__v~patient-derived%5Fmelanoma__v~rna__v~control,frangieh_melanoma_control,u_only_rf,u_only_rf,ptl_rf,99,807,150,0.2464745067369864,0.0340770991964805,shared_identity_free_random_forest,shared_identity_free_random_forest,0.6875487689307446,0.6551249569303731,0.0997871885450476,0.0673633765446761,0.0324238120003714,0.0324238120003714,0.0158615761058923,0.05,0,0,0,0,0,0,0,1.0831410136571942,4.195632313496608
20261007,env__v~replogleweissman2022%5Frpe1__v~rpe1__v~rna__v~baseline,replogle_rpe1,env__v~frangiehizar2021%5Frna__v~patient-derived%5Fmelanoma__v~rna__v~ifn%CE%B3,frangieh_melanoma_ifng,u_only_rf,u_only_rf,ptl_rf,99,804,150,0.2498737892528099,0.0340770991964805,shared_identity_free_random_forest,shared_identity_free_random_forest,0.7062957186251684,0.6804521493915369,0.1168268471608228,0.0909832779271913,0.0258435692336315,0.0258435692336315,0.0057810065570637,0.0,0,0,0,0,0,0,0,0.9643094411825626,3.947144487090133
20261007,env__v~replogleweissman2022%5Frpe1__v~rpe1__v~rna__v~baseline,replogle_rpe1,env__v~normanweissman2019%5Ffiltered__v~k562__v~rna__v~baseline,norman_k562,u_only_rf,u_only_rf,ptl_rf,99,810,144,0.2129308704131094,0.0340770991964805,shared_identity_free_random_forest,shared_identity_free_random_forest,0.3611259633224437,0.3336475967284929,0.1926991230542749,0.1652207564603241,0.0274783665939507,0.0274783665939507,-0.0134866271130033,-0.0172413793103448,0,0,0,1,1,0,0,64.94928288432249,3.487076586492197
20261007,env__v~replogleweissman2022%5Frpe1__v~rpe1__v~rna__v~baseline,replogle_rpe1,env__v~tiankampmann2021%5Fcrispra__v~ipsc-induced%5Fneuron__v~rna__v~baseline,tian_neuron_crispra,u_only_rf,u_only_rf,ptl_rf,99,891,60,0.2268542680668289,0.0340770991964805,shared_identity_free_random_forest,shared_identity_free_random_forest,0.5694722879546733,0.5648960382775997,0.1370197153073482,0.1324434656302746,0.0045762496770735,0.0045762496770735,-0.0075432129167136,-0.0208333333333333,0,0,0,1,1,0,0,6.545885130873446,4.21550246435397
20261007,env__v~replogleweissman2022%5Frpe1__v~rpe1__v~rna__v~baseline,replogle_rpe1,env__v~tiankampmann2021%5Fcrispri__v~ipsc-induced%5Fneuron__v~rna__v~baseline,tian_neuron_crispri,u_only_rf,u_only_rf,ptl_rf,99,843,114,0.2142981084414902,0.0340770991964805,shared_identity_free_random_forest,shared_identity_free_random_forest,0.5097348743183092,0.4977021996221076,0.0466651171194768,0.0346324424232752,0.0120326746962015,0.0120326746962015,0.0122827282296812,0.0,0,0,1,1,1,0,0,8.012987039552844,4.5288814165637765
20261007,env__v~replogleweissman2022%5Frpe1__v~rpe1__v~rna__v~baseline,replogle_rpe1,env__v~xucao2023__v~hek293__v~rna__v~baseline,xu_he293,u_only_rf,u_only_rf,ptl_rf,99,843,114,0.2419348552429507,0.0340770991964805,shared_identity_free_random_forest,shared_identity_free_random_forest,0.6380267327396677,0.6739921834181364,0.062676651564426,0.0986421022428947,-0.0359654506784686,-0.0359654506784686,-0.0031199985195884,-0.0652173913043477,0,0,1,1,1,0,0,5.188687881201265,3.681742183845074
20261007,env__v~tiankampmann2021%5Fcrispra__v~ipsc-induced%5Fneuron__v~rna__v~baseline,tian_neuron_crispra,env__v~frangiehizar2021%5Frna__v~patient-derived%5Fmelanoma__v~rna__v~co-culture,frangieh_melanoma_coculture,u_only_rf,u_only_rf,ptl_rf,60,807,150,0.268365243507066,0.3233090192955156,shared_identity_free_random_forest,shared_identity_free_random_forest,0.8306448191926865,0.8640236542583627,0.1326298815675278,0.166008716633204,-0.0333788350656761,-0.0333788350656761,-0.0042894984703139,-0.0083333333333334,0,0,0,0,0,0,0,6.824137161497188,0.5018852914736915
20261007,env__v~tiankampmann2021%5Fcrispra__v~ipsc-induced%5Fneuron__v~rna__v~baseline,tian_neuron_crispra,env__v~frangiehizar2021%5Frna__v~patient-derived%5Fmelanoma__v~rna__v~control,frangieh_melanoma_control,u_only_rf,u_only_rf,ptl_rf,60,807,150,0.2464745067369864,0.3233090192955156,shared_identity_free_random_forest,shared_identity_free_random_forest,0.6875487689307446,0.7129659021418231,0.0997871885450476,0.1252043217561261,-0.0254171332110785,-0.0254171332110785,0.0145954304319609,0.05,0,0,0,0,0,0,0,6.43337946089576,0.5503491546855948
20261007,env__v~tiankampmann2021%5Fcrispra__v~ipsc-induced%5Fneuron__v~rna__v~baseline,tian_neuron_crispra,env__v~frangiehizar2021%5Frna__v~patient-derived%5Fmelanoma__v~rna__v~ifn%CE%B3,frangieh_melanoma_ifng,u_only_rf,u_only_rf,ptl_rf,60,804,150,0.2498737892528099,0.3233090192955156,shared_identity_free_random_forest,shared_identity_free_random_forest,0.7062957186251684,0.7201111040395477,0.1168268471608228,0.1306422325752021,-0.0138153854143793,-0.0138153854143793,0.0086618995138265,0.0416666666666667,0,0,0,0,0,0,0,6.442996731536127,0.3961742505106904
20261007,env__v~tiankampmann2021%5Fcrispra__v~ipsc-induced%5Fneuron__v~rna__v~baseline,tian_neuron_crispra,env__v~normanweissman2019%5Ffiltered__v~k562__v~rna__v~baseline,norman_k562,u_only_rf,u_only_rf,ptl_rf,60,810,144,0.2129308704131094,0.3233090192955156,shared_identity_free_random_forest,shared_identity_free_random_forest,0.3611259633224437,0.4761417877084152,0.1926991230542749,0.3077149474402464,-0.1150158243859715,-0.1150158243859715,-0.0461572270752527,-0.0517241379310345,0,0,1,1,1,0,0,58.15948062431826,0.567121712538107
20261007,env__v~tiankampmann2021%5Fcrispra__v~ipsc-induced%5Fneuron__v~rna__v~baseline,tian_neuron_crispra,env__v~replogleweissman2022%5Frpe1__v~rpe1__v~rna__v~baseline,replogle_rpe1,u_only_rf,u_only_rf,ptl_rf,60,852,99,0.2545009427148311,0.3233090192955156,shared_identity_free_random_forest,shared_identity_free_random_forest,0.8975883864766837,0.9016779981527124,0.146197136357975,0.1502867480340036,-0.0040896116760286,-0.0040896116760286,-0.0192305658240344,-0.0124999999999999,0,0,0,1,1,0,0,6.821499325090196,2.800516781519957
20261007,env__v~tiankampmann2021%5Fcrispra__v~ipsc-induced%5Fneuron__v~rna__v~baseline,tian_neuron_crispra,env__v~tiankampmann2021%5Fcrispri__v~ipsc-induced%5Fneuron__v~rna__v~baseline,tian_neuron_crispri,u_only_rf,u_only_rf,ptl_rf,60,843,114,0.2142981084414902,0.3233090192955156,shared_identity_free_random_forest,shared_identity_free_random_forest,0.5097348743183092,0.5058508342188944,0.0466651171194768,0.042781077020062,0.0038840400994147,0.0038840400994147,-0.0014924369902001,0.0,0,1,0,1,1,0,0,1.3166689328662695,0.5967894219551958
20261007,env__v~tiankampmann2021%5Fcrispra__v~ipsc-induced%5Fneuron__v~rna__v~baseline,tian_neuron_crispra,env__v~xucao2023__v~hek293__v~rna__v~baseline,xu_he293,u_only_rf,u_only_rf,ptl_rf,60,843,114,0.2419348552429507,0.3233090192955156,shared_identity_free_random_forest,shared_identity_free_random_forest,0.6380267327396677,0.628325185295195,0.062676651564426,0.0529751041199533,0.0097015474444727,0.0097015474444727,0.013846049989733,0.0543478260869565,0,0,0,1,1,0,0,1.7109729975919865,0.7012601875669706
20261007,env__v~tiankampmann2021%5Fcrispri__v~ipsc-induced%5Fneuron__v~rna__v~baseline,tian_neuron_crispri,env__v~frangiehizar2021%5Frna__v~patient-derived%5Fmelanoma__v~rna__v~co-culture,frangieh_melanoma_coculture,u_only_rf,u_only_rf,ptl_rf,108,807,150,0.268365243507066,0.3925473678262109,shared_identity_free_random_forest,shared_identity_free_random_forest,0.8306448191926865,0.7929604974121057,0.1326298815675278,0.094945559786947,0.0376843217805807,0.0376843217805807,-0.0025260722959928,0.0,0,0,0,0,0,0,0,7.966959055092381,0.2864122759589538
20261007,env__v~tiankampmann2021%5Fcrispri__v~ipsc-induced%5Fneuron__v~rna__v~baseline,tian_neuron_crispri,env__v~frangiehizar2021%5Frna__v~patient-derived%5Fmelanoma__v~rna__v~control,frangieh_melanoma_control,u_only_rf,u_only_rf,ptl_rf,108,807,150,0.2464745067369864,0.3925473678262109,shared_identity_free_random_forest,shared_identity_free_random_forest,0.6875487689307446,0.6564724808545522,0.0997871885450476,0.0687109004688553,0.0310762880761923,0.0310762880761923,0.0147444707822409,0.05,0,0,0,0,0,0,0,7.605359339028929,0.3496957711307015
20261007,env__v~tiankampmann2021%5Fcrispri__v~ipsc-induced%5Fneuron__v~rna__v~baseline,tian_neuron_crispri,env__v~frangiehizar2021%5Frna__v~patient-derived%5Fmelanoma__v~rna__v~ifn%CE%B3,frangieh_melanoma_ifng,u_only_rf,u_only_rf,ptl_rf,108,804,150,0.2498737892528099,0.3925473678262109,shared_identity_free_random_forest,shared_identity_free_random_forest,0.7062957186251684,0.6685039350120585,0.1168268471608228,0.0790350635477129,0.0377917836131098,0.0377917836131098,0.008980743471089,0.0416666666666667,0,0,0,0,0,0,0,7.611641400040391,0.5970867609209156
20261007,env__v~tiankampmann2021%5Fcrispri__v~ipsc-induced%5Fneuron__v~rna__v~baseline,tian_neuron_crispri,env__v~normanweissman2019%5Ffiltered__v~k562__v~rna__v~baseline,norman_k562,u_only_rf,u_only_rf,ptl_rf,108,810,144,0.2129308704131094,0.3925473678262109,shared_identity_free_random_forest,shared_identity_free_random_forest,0.3611259633224437,0.3983319575990338,0.1926991230542749,0.229905117330865,-0.0372059942765901,-0.0372059942765901,-0.0070168586536327,-0.0086206896551724,0,0,0,1,1,0,0,57.03653153430023,1.099893941962738
20261007,env__v~tiankampmann2021%5Fcrispri__v~ipsc-induced%5Fneuron__v~rna__v~baseline,tian_neuron_crispri,env__v~replogleweissman2022%5Frpe1__v~rpe1__v~rna__v~baseline,replogle_rpe1,u_only_rf,u_only_rf,ptl_rf,108,852,99,0.2545009427148311,0.3925473678262109,shared_identity_free_random_forest,shared_identity_free_random_forest,0.8975883864766837,0.8817708498872525,0.146197136357975,0.1303795997685438,0.0158175365894311,0.0158175365894311,-0.002232577007992,0.0125,0,0,1,1,1,0,0,8.042403098524783,3.4051520094663843
20261007,env__v~tiankampmann2021%5Fcrispri__v~ipsc-induced%5Fneuron__v~rna__v~baseline,tian_neuron_crispri,env__v~tiankampmann2021%5Fcrispra__v~ipsc-induced%5Fneuron__v~rna__v~baseline,tian_neuron_crispra,u_only_rf,u_only_rf,ptl_rf,108,891,60,0.2268542680668289,0.3925473678262109,shared_identity_free_random_forest,shared_identity_free_random_forest,0.5694722879546733,0.5688624954476791,0.1370197153073482,0.1364099228003539,0.0006097925069942,0.0006097925069942,-0.0060896549305738,-0.0208333333333333,0,1,0,1,1,0,0,1.5899806975994144,0.348818723808291
20261007,env__v~tiankampmann2021%5Fcrispri__v~ipsc-induced%5Fneuron__v~rna__v~baseline,tian_neuron_crispri,env__v~xucao2023__v~hek293__v~rna__v~baseline,xu_he293,u_only_rf,u_only_rf,ptl_rf,108,843,114,0.2419348552429507,0.3925473678262109,shared_identity_free_random_forest,shared_identity_free_random_forest,0.6380267327396677,0.6338568730396934,0.062676651564426,0.0585067918644517,0.0041698596999742,0.0041698596999742,0.0090552197855972,0.0326086956521739,0,0,1,1,1,0,0,2.876789455071412,0.8618730360955731
20261007,env__v~xucao2023__v~hek293__v~rna__v~baseline,xu_he293,env__v~frangiehizar2021%5Frna__v~patient-derived%5Fmelanoma__v~rna__v~co-culture,frangieh_melanoma_coculture,u_only_rf,u_only_rf,ptl_rf,108,807,150,0.268365243507066,0.227765839807364,shared_identity_free_random_forest,shared_identity_free_random_forest,0.8306448191926865,0.8103332575767828,0.1326298815675278,0.1123183199516241,0.0203115616159037,0.0203115616159037,-0.0259695645190909,-0.0583333333333333,0,0,0,0,0,0,0,5.094676409416417,1.064106647681022
20261007,env__v~xucao2023__v~hek293__v~rna__v~baseline,xu_he293,env__v~frangiehizar2021%5Frna__v~patient-derived%5Fmelanoma__v~rna__v~control,frangieh_melanoma_control,u_only_rf,u_only_rf,ptl_rf,108,807,150,0.2464745067369864,0.227765839807364,shared_identity_free_random_forest,shared_identity_free_random_forest,0.6875487689307446,0.6743897760062662,0.0997871885450476,0.0866281956205692,0.0131589929244784,0.0131589929244784,-0.006080501841841,-0.0083333333333333,0,0,0,0,0,0,0,4.718812095646341,0.9629056340672874
20261007,env__v~xucao2023__v~hek293__v~rna__v~baseline,xu_he293,env__v~frangiehizar2021%5Frna__v~patient-derived%5Fmelanoma__v~rna__v~ifn%CE%B3,frangieh_melanoma_ifng,u_only_rf,u_only_rf,ptl_rf,108,804,150,0.2498737892528099,0.227765839807364,shared_identity_free_random_forest,shared_identity_free_random_forest,0.7062957186251684,0.6956434001784282,0.1168268471608228,0.1061745287140826,0.0106523184467401,0.0106523184467401,0.0059920134606625,0.0416666666666667,0,0,0,0,0,0,0,4.703087647830928,0.84830078885617
20261007,env__v~xucao2023__v~hek293__v~rna__v~baseline,xu_he293,env__v~normanweissman2019%5Ffiltered__v~k562__v~rna__v~baseline,norman_k562,u_only_rf,u_only_rf,ptl_rf,108,810,144,0.2129308704131094,0.227765839807364,shared_identity_free_random_forest,shared_identity_free_random_forest,0.3611259633224437,0.4410860786960545,0.1926991230542749,0.2726592384278857,-0.0799601153736108,-0.0799601153736108,-0.0608920519080603,-0.0603448275862069,0,0,0,1,1,0,0,59.96365944149,0.9641842530765314
20261007,env__v~xucao2023__v~hek293__v~rna__v~baseline,xu_he293,env__v~replogleweissman2022%5Frpe1__v~rpe1__v~rna__v~baseline,replogle_rpe1,u_only_rf,u_only_rf,ptl_rf,108,852,99,0.2545009427148311,0.227765839807364,shared_identity_free_random_forest,shared_identity_free_random_forest,0.8975883864766837,0.8818881658153366,0.146197136357975,0.1304969156966279,0.0157002206613471,0.0157002206613471,-0.0064362654253063,0.0125,0,0,1,1,1,0,0,5.051994842323299,2.106222462571269
20261007,env__v~xucao2023__v~hek293__v~rna__v~baseline,xu_he293,env__v~tiankampmann2021%5Fcrispra__v~ipsc-induced%5Fneuron__v~rna__v~baseline,tian_neuron_crispra,u_only_rf,u_only_rf,ptl_rf,108,891,60,0.2268542680668289,0.227765839807364,shared_identity_free_random_forest,shared_identity_free_random_forest,0.5694722879546733,0.56888502571351,0.1370197153073482,0.1364324530661848,0.0005872622411633,0.0005872622411633,0.0019315895436026,-0.0208333333333333,0,0,0,1,1,0,0,1.5864056492152645,1.0422130031792978
20261007,env__v~xucao2023__v~hek293__v~rna__v~baseline,xu_he293,env__v~tiankampmann2021%5Fcrispri__v~ipsc-induced%5Fneuron__v~rna__v~baseline,tian_neuron_crispri,u_only_rf,u_only_rf,ptl_rf,108,843,114,0.2142981084414902,0.227765839807364,shared_identity_free_random_forest,shared_identity_free_random_forest,0.5097348743183092,0.5066463631195786,0.0466651171194768,0.0435766059207461,0.0030885111987306,0.0030885111987306,0.0048742655886088,0.0,0,0,1,1,1,0,0,2.991093918296441,1.28511650927002
20261017,env__v~frangiehizar2021%5Frna__v~patient-derived%5Fmelanoma__v~rna__v~co-culture,frangieh_melanoma_coculture,env__v~frangiehizar2021%5Frna__v~patient-derived%5Fmelanoma__v~rna__v~control,frangieh_melanoma_control,raw_scalar_uq,raw_normalized_uq,ptl_rf,144,807,150,0.264593942635856,0.1176863065041936,shared_identity_free_random_forest,shared_identity_free_random_forest,0.7122295794709822,0.7086447379241795,0.1024062641554677,0.098821422608665,0.0035848415468027,0.0035848415468027,0.0051761036798129,0.025,0,1,1,1,0,1,1,0.3162016930238542,0.0733518982503894
20261017,env__v~frangiehizar2021%5Frna__v~patient-derived%5Fmelanoma__v~rna__v~co-culture,frangieh_melanoma_coculture,env__v~frangiehizar2021%5Frna__v~patient-derived%5Fmelanoma__v~rna__v~ifn%CE%B3,frangieh_melanoma_ifng,raw_scalar_uq,raw_normalized_uq,ptl_rf,144,804,150,0.2649275380941844,0.1176863065041936,shared_identity_free_random_forest,shared_identity_free_random_forest,0.7120078242665768,0.7106641120538352,0.0875703362449404,0.0862266240321988,0.0013437122127416,0.0013437122127416,0.0057661549177147,0.0083333333333333,0,1,1,1,0,1,1,0.3191908034681266,0.1198060664277381
20261017,env__v~frangiehizar2021%5Frna__v~patient-derived%5Fmelanoma__v~rna__v~co-culture,frangieh_melanoma_coculture,env__v~normanweissman2019%5Ffiltered__v~k562__v~rna__v~baseline,norman_k562,raw_scalar_uq,raw_normalized_uq,ptl_rf,144,810,144,0.2203384965461712,0.1176863065041936,shared_identity_free_random_forest,shared_identity_free_random_forest,0.3825737033269119,0.3665763701439402,0.2101078158903104,0.1941104827073388,0.0159973331829716,0.0159973331829716,0.0419436002834481,0.0431034482758619,0,0,0,0,0,0,0,1.841336768110612,0.8990245192587839
20261017,env__v~frangiehizar2021%5Frna__v~patient-derived%5Fmelanoma__v~rna__v~co-culture,frangieh_melanoma_coculture,env__v~replogleweissman2022%5Frpe1__v~rpe1__v~rna__v~baseline,replogle_rpe1,raw_scalar_uq,raw_normalized_uq,ptl_rf,144,852,99,0.2746761159606971,0.1176863065041936,shared_identity_free_random_forest,shared_identity_free_random_forest,0.8380333037937346,0.8709311930340589,0.1330472986904369,0.1659451879307611,-0.0328978892403242,-0.0328978892403242,0.0030216205685069,0.0375,0,0,0,0,0,0,0,1.164104924987385,3.222294083628809
20261017,env__v~frangiehizar2021%5Frna__v~patient-derived%5Fmelanoma__v~rna__v~co-culture,frangieh_melanoma_coculture,env__v~tiankampmann2021%5Fcrispra__v~ipsc-induced%5Fneuron__v~rna__v~baseline,tian_neuron_crispra,raw_scalar_uq,raw_normalized_uq,ptl_rf,144,891,60,0.2374393702401137,0.1176863065041936,shared_identity_free_random_forest,shared_identity_free_random_forest,0.5094530379915293,0.4990446405986949,0.0908450596684611,0.0804366622756268,0.0104083973928343,0.0104083973928343,0.0070526844758759,0.0208333333333332,0,0,0,0,0,0,0,0.5233535555806695,0.2390731587928686
20261017,env__v~frangiehizar2021%5Frna__v~patient-derived%5Fmelanoma__v~rna__v~co-culture,frangieh_melanoma_coculture,env__v~tiankampmann2021%5Fcrispri__v~ipsc-induced%5Fneuron__v~rna__v~baseline,tian_neuron_crispri,raw_scalar_uq,raw_normalized_uq,ptl_rf,144,843,114,0.2270264322970309,0.1176863065041936,shared_identity_free_random_forest,shared_identity_free_random_forest,0.5485573704182582,0.5243467601970956,0.078758963506556,0.0545483532853933,0.0242106102211626,0.0242106102211626,0.0302337000434078,0.0,0,0,0,0,0,0,0,0.6356083197929225,0.2438487378812338
20261017,env__v~frangiehizar2021%5Frna__v~patient-derived%5Fmelanoma__v~rna__v~co-culture,frangieh_melanoma_coculture,env__v~xucao2023__v~hek293__v~rna__v~baseline,xu_he293,raw_scalar_uq,raw_normalized_uq,ptl_rf,144,843,114,0.2577043823921829,0.1176863065041936,shared_identity_free_random_forest,shared_identity_free_random_forest,0.6594490512175285,0.6550250423697465,0.0746037673570064,0.0701797585092244,0.004424008847782,0.004424008847782,0.0035122947726122,0.0108695652173912,0,0,0,0,0,0,0,0.9661258081990612,0.7762143390390277
20261017,env__v~frangiehizar2021%5Frna__v~patient-derived%5Fmelanoma__v~rna__v~control,frangieh_melanoma_control,env__v~frangiehizar2021%5Frna__v~patient-derived%5Fmelanoma__v~rna__v~co-culture,frangieh_melanoma_coculture,raw_scalar_uq,raw_normalized_uq,ptl_rf,144,807,150,0.2897043869728231,0.2166475243351178,shared_identity_free_random_forest,shared_identity_free_random_forest,0.8145163212516141,0.8193147089771503,0.0642948947995886,0.0690932825251248,-0.0047983877255362,-0.0047983877255362,0.0072802433535873,0.0,0,1,1,1,0,1,1,0.3210192513609204,0.0971679148766091
20261017,env__v~frangiehizar2021%5Frna__v~patient-derived%5Fmelanoma__v~rna__v~control,frangieh_melanoma_control,env__v~frangiehizar2021%5Frna__v~patient-derived%5Fmelanoma__v~rna__v~ifn%CE%B3,frangieh_melanoma_ifng,raw_scalar_uq,raw_normalized_uq,ptl_rf,144,804,150,0.2649275380941844,0.2166475243351178,shared_identity_free_random_forest,shared_identity_free_random_forest,0.7120078242665768,0.7019505766457178,0.0875703362449404,0.0775130886240814,0.010057247620859,0.010057247620859,0.0056140645834233,0.0083333333333333,0,1,1,1,0,1,1,0.0411215434708378,0.1171595501025164
20261017,env__v~frangiehizar2021%5Frna__v~patient-derived%5Fmelanoma__v~rna__v~control,frangieh_melanoma_control,env__v~normanweissman2019%5Ffiltered__v~k562__v~rna__v~baseline,norman_k562,raw_scalar_uq,raw_normalized_uq,ptl_rf,144,810,144,0.2203384965461712,0.2166475243351178,shared_identity_free_random_forest,shared_identity_free_random_forest,0.3825737033269119,0.3708074225772089,0.2101078158903104,0.1983415351406074,0.0117662807497029,0.0117662807497029,0.0523038019034575,0.0603448275862068,0,0,0,0,0,0,0,1.5500568297706772,0.8626239983601692
20261017,env__v~frangiehizar2021%5Frna__v~patient-derived%5Fmelanoma__v~rna__v~control,frangieh_melanoma_control,env__v~replogleweissman2022%5Frpe1__v~rpe1__v~rna__v~baseline,replogle_rpe1,raw_scalar_uq,raw_normalized_uq,ptl_rf,144,852,99,0.2746761159606971,0.2166475243351178,shared_identity_free_random_forest,shared_identity_free_random_forest,0.8380333037937346,0.8693857426844726,0.1330472986904369,0.1643997375811748,-0.0313524388907379,-0.0313524388907379,0.0053792342925671,0.025,0,0,0,0,0,0,0,0.9254044443826068,3.1907591382465377
20261017,env__v~frangiehizar2021%5Frna__v~patient-derived%5Fmelanoma__v~rna__v~control,frangieh_melanoma_control,env__v~tiankampmann2021%5Fcrispra__v~ipsc-induced%5Fneuron__v~rna__v~baseline,tian_neuron_crispra,raw_scalar_uq,raw_normalized_uq,ptl_rf,144,891,60,0.2374393702401137,0.2166475243351178,shared_identity_free_random_forest,shared_identity_free_random_forest,0.5094530379915293,0.4666743142578342,0.0908450596684611,0.0480663359347661,0.042778723733695,0.042778723733695,0.0088835229089879,0.0416666666666666,0,0,0,0,0,0,0,0.6721899070312658,0.2667625816591925
20261017,env__v~frangiehizar2021%5Frna__v~patient-derived%5Fmelanoma__v~rna__v~control,frangieh_melanoma_control,env__v~tiankampmann2021%5Fcrispri__v~ipsc-induced%5Fneuron__v~rna__v~baseline,tian_neuron_crispri,raw_scalar_uq,raw_normalized_uq,ptl_rf,144,843,114,0.2270264322970309,0.2166475243351178,shared_identity_free_random_forest,shared_identity_free_random_forest,0.5485573704182582,0.5148756376805893,0.078758963506556,0.045077230768887,0.0336817327376689,0.0336817327376689,0.0107562205691013,0.0,0,0,0,0,0,0,0,0.9179258358205143,0.2715617691924358
20261017,env__v~frangiehizar2021%5Frna__v~patient-derived%5Fmelanoma__v~rna__v~control,frangieh_melanoma_control,env__v~xucao2023__v~hek293__v~rna__v~baseline,xu_he293,raw_scalar_uq,raw_normalized_uq,ptl_rf,144,843,114,0.2577043823921829,0.2166475243351178,shared_identity_free_random_forest,shared_identity_free_random_forest,0.6594490512175285,0.6491646506449967,0.0746037673570064,0.0643193667844747,0.0102844005725317,0.0102844005725317,-0.0042966959810177,0.0,0,0,0,0,0,0,0,1.039874161700098,0.7223801096837732
20261017,env__v~frangiehizar2021%5Frna__v~patient-derived%5Fmelanoma__v~rna__v~ifn%CE%B3,frangieh_melanoma_ifng,env__v~frangiehizar2021%5Frna__v~patient-derived%5Fmelanoma__v~rna__v~co-culture,frangieh_melanoma_coculture,raw_scalar_uq,raw_normalized_uq,ptl_rf,147,807,150,0.2897043869728231,0.2013493497664589,shared_identity_free_random_forest,shared_identity_free_random_forest,0.8145163212516141,0.8163989906962121,0.0642948947995886,0.0661775642441866,-0.001882669444598,-0.001882669444598,0.0101842638567316,0.0,0,1,1,1,0,1,1,0.3018464803407124,0.2561870801679237
20261017,env__v~frangiehizar2021%5Frna__v~patient-derived%5Fmelanoma__v~rna__v~ifn%CE%B3,frangieh_melanoma_ifng,env__v~frangiehizar2021%5Frna__v~patient-derived%5Fmelanoma__v~rna__v~control,frangieh_melanoma_control,raw_scalar_uq,raw_normalized_uq,ptl_rf,147,807,150,0.264593942635856,0.2013493497664589,shared_identity_free_random_forest,shared_identity_free_random_forest,0.7122295794709822,0.695840978452534,0.1024062641554677,0.0860176631370195,0.0163886010184481,0.0163886010184481,0.00707916287595,0.0333333333333333,0,1,1,1,0,1,1,0.1712743495923853,0.2662736698448985
20261017,env__v~frangiehizar2021%5Frna__v~patient-derived%5Fmelanoma__v~rna__v~ifn%CE%B3,frangieh_melanoma_ifng,env__v~normanweissman2019%5Ffiltered__v~k562__v~rna__v~baseline,norman_k562,raw_scalar_uq,raw_normalized_uq,ptl_rf,147,810,144,0.2203384965461712,0.2013493497664589,shared_identity_free_random_forest,shared_identity_free_random_forest,0.3825737033269119,0.383157478230437,0.2101078158903104,0.2106915907938356,-0.0005837749035251,-0.0005837749035251,0.0450534819203055,0.0431034482758619,0,0,0,0,0,0,0,1.5150478601064254,0.8005467657964056
20261017,env__v~frangiehizar2021%5Frna__v~patient-derived%5Fmelanoma__v~rna__v~ifn%CE%B3,frangieh_melanoma_ifng,env__v~replogleweissman2022%5Frpe1__v~rpe1__v~rna__v~baseline,replogle_rpe1,raw_scalar_uq,raw_normalized_uq,ptl_rf,147,852,99,0.2746761159606971,0.2013493497664589,shared_identity_free_random_forest,shared_identity_free_random_forest,0.8380333037937346,0.8733436234755386,0.1330472986904369,0.1683576183722409,-0.0353103196818039,-0.0353103196818039,-0.0008698743416422,0.0125,0,0,0,0,0,0,0,0.8573767351963186,2.988680889319828
20261017,env__v~frangiehizar2021%5Frna__v~patient-derived%5Fmelanoma__v~rna__v~ifn%CE%B3,frangieh_melanoma_ifng,env__v~tiankampmann2021%5Fcrispra__v~ipsc-induced%5Fneuron__v~rna__v~baseline,tian_neuron_crispra,raw_scalar_uq,raw_normalized_uq,ptl_rf,147,891,60,0.2374393702401137,0.2013493497664589,shared_identity_free_random_forest,shared_identity_free_random_forest,0.5094530379915293,0.5273578643393283,0.0908450596684611,0.1087498860162601,-0.0179048263477989,-0.0179048263477989,0.0053034085004263,0.0,0,0,0,0,0,0,0,0.5524757690070713,0.4688686455908152
20261017,env__v~frangiehizar2021%5Frna__v~patient-derived%5Fmelanoma__v~rna__v~ifn%CE%B3,frangieh_melanoma_ifng,env__v~tiankampmann2021%5Fcrispri__v~ipsc-induced%5Fneuron__v~rna__v~baseline,tian_neuron_crispri,raw_scalar_uq,raw_normalized_uq,ptl_rf,147,843,114,0.2270264322970309,0.2013493497664589,shared_identity_free_random_forest,shared_identity_free_random_forest,0.5485573704182582,0.5148994112178835,0.078758963506556,0.0451010043061813,0.0336579592003747,0.0336579592003747,0.0300112159286534,0.0,0,0,0,0,0,0,0,0.8244259544452563,0.4737799669400443
20261017,env__v~frangiehizar2021%5Frna__v~patient-derived%5Fmelanoma__v~rna__v~ifn%CE%B3,frangieh_melanoma_ifng,env__v~xucao2023__v~hek293__v~rna__v~baseline,xu_he293,raw_scalar_uq,raw_normalized_uq,ptl_rf,147,843,114,0.2577043823921829,0.2013493497664589,shared_identity_free_random_forest,shared_identity_free_random_forest,0.6594490512175285,0.6511938937008521,0.0746037673570064,0.06634860984033,0.0082551575166763,0.0082551575166763,0.0067945548533384,0.0434782608695651,0,0,0,0,0,0,0,0.9107482139406556,0.5864330230946838
20261017,env__v~normanweissman2019%5Ffiltered__v~k562__v~rna__v~baseline,norman_k562,env__v~frangiehizar2021%5Frna__v~patient-derived%5Fmelanoma__v~rna__v~co-culture,frangieh_melanoma_coculture,raw_scalar_uq,raw_normalized_uq,ptl_rf,141,807,150,0.2897043869728231,0.6217108237827533,shared_identity_free_random_forest,shared_identity_free_random_forest,0.8145163212516141,0.8177698324014733,0.0642948947995886,0.0675484059494477,-0.0032535111498591,-0.0032535111498591,0.0026431803708907,0.0,0,0,0,0,0,0,0,2.068941433025447,1.0942531600126304
20261017,env__v~normanweissman2019%5Ffiltered__v~k562__v~rna__v~baseline,norman_k562,env__v~frangiehizar2021%5Frna__v~patient-derived%5Fmelanoma__v~rna__v~control,frangieh_melanoma_control,raw_scalar_uq,raw_normalized_uq,ptl_rf,141,807,150,0.264593942635856,0.6217108237827533,shared_identity_free_random_forest,shared_identity_free_random_forest,0.7122295794709822,0.7107248392327673,0.1024062641554677,0.1009015239172528,0.0015047402382148,0.0015047402382148,-0.0007679201673937,0.0083333333333333,0,0,0,0,0,0,0,1.8799325613421136,1.1149805050213886
20261017,env__v~normanweissman2019%5Ffiltered__v~k562__v~rna__v~baseline,norman_k562,env__v~frangiehizar2021%5Frna__v~patient-derived%5Fmelanoma__v~rna__v~ifn%CE%B3,frangieh_melanoma_ifng,raw_scalar_uq,raw_normalized_uq,ptl_rf,141,804,150,0.2649275380941844,0.6217108237827533,shared_identity_free_random_forest,shared_identity_free_random_forest,0.7120078242665768,0.7083528769413681,0.0875703362449404,0.0839153889197317,0.0036549473252087,0.0036549473252087,0.0033793653366875,0.0083333333333333,0,0,0,0,0,0,0,1.828053129495255,1.0202280364075569
20261017,env__v~normanweissman2019%5Ffiltered__v~k562__v~rna__v~baseline,norman_k562,env__v~replogleweissman2022%5Frpe1__v~rpe1__v~rna__v~baseline,replogle_rpe1,raw_scalar_uq,raw_normalized_uq,ptl_rf,141,852,99,0.2746761159606971,0.6217108237827533,shared_identity_free_random_forest,shared_identity_free_random_forest,0.8380333037937346,0.8720508360356197,0.1330472986904369,0.167064830932322,-0.034017532241885,-0.034017532241885,-0.0151069366776102,-0.0124999999999999,0,0,0,1,1,0,0,0.946323216817946,2.6327430398084486
20261017,env__v~normanweissman2019%5Ffiltered__v~k562__v~rna__v~baseline,norman_k562,env__v~tiankampmann2021%5Fcrispra__v~ipsc-induced%5Fneuron__v~rna__v~baseline,tian_neuron_crispra,raw_scalar_uq,raw_normalized_uq,ptl_rf,141,891,60,0.2374393702401137,0.6217108237827533,shared_identity_free_random_forest,shared_identity_free_random_forest,0.5094530379915293,0.478157007698612,0.0908450596684611,0.0595490293755439,0.0312960302929172,0.0312960302929172,0.0141636460604319,0.0416666666666666,0,0,1,1,1,0,0,1.9235147016272267,1.0941646706502748
20261017,env__v~normanweissman2019%5Ffiltered__v~k562__v~rna__v~baseline,norman_k562,env__v~tiankampmann2021%5Fcrispri__v~ipsc-induced%5Fneuron__v~rna__v~baseline,tian_neuron_crispri,raw_scalar_uq,raw_normalized_uq,ptl_rf,141,843,114,0.2270264322970309,0.6217108237827533,shared_identity_free_random_forest,shared_identity_free_random_forest,0.5485573704182582,0.5019211886207492,0.078758963506556,0.0321227817090469,0.046636181797509,0.046636181797509,0.0234659587814289,0.0,0,0,0,1,1,0,0,2.294049785378512,1.1348174749613154
20261017,env__v~normanweissman2019%5Ffiltered__v~k562__v~rna__v~baseline,norman_k562,env__v~xucao2023__v~hek293__v~rna__v~baseline,xu_he293,raw_scalar_uq,raw_normalized_uq,ptl_rf,141,843,114,0.2577043823921829,0.6217108237827533,shared_identity_free_random_forest,shared_identity_free_random_forest,0.6594490512175285,0.6511262792208872,0.0746037673570064,0.0662809953603651,0.0083227719966413,0.0083227719966413,0.0048082475229503,0.0217391304347825,0,0,0,1,1,0,0,1.773910048510662,1.2777563198390502
20261017,env__v~replogleweissman2022%5Frpe1__v~rpe1__v~rna__v~baseline,replogle_rpe1,env__v~frangiehizar2021%5Frna__v~patient-derived%5Fmelanoma__v~rna__v~co-culture,frangieh_melanoma_coculture,raw_scalar_uq,raw_normalized_uq,ptl_rf,99,807,150,0.2897043869728231,0.0793044042113588,shared_identity_free_random_forest,shared_identity_free_random_forest,0.8145163212516141,0.8175354857868665,0.0642948947995886,0.067314059334841,-0.0030191645352524,-0.0030191645352524,0.0102453058929922,0.0,0,0,0,0,0,0,0,1.0691852910633213,2.8329276092128723
20261017,env__v~replogleweissman2022%5Frpe1__v~rpe1__v~rna__v~baseline,replogle_rpe1,env__v~frangiehizar2021%5Frna__v~patient-derived%5Fmelanoma__v~rna__v~control,frangieh_melanoma_control,raw_scalar_uq,raw_normalized_uq,ptl_rf,99,807,150,0.264593942635856,0.0793044042113588,shared_identity_free_random_forest,shared_identity_free_random_forest,0.7122295794709822,0.7238264901110721,0.1024062641554677,0.1140031747955576,-0.0115969106400899,-0.0115969106400899,0.0109054984136418,0.0416666666666666,0,0,0,0,0,0,0,0.8942465931711792,2.861006837482975
20261017,env__v~replogleweissman2022%5Frpe1__v~rpe1__v~rna__v~baseline,replogle_rpe1,env__v~frangiehizar2021%5Frna__v~patient-derived%5Fmelanoma__v~rna__v~ifn%CE%B3,frangieh_melanoma_ifng,raw_scalar_uq,raw_normalized_uq,ptl_rf,99,804,150,0.2649275380941844,0.0793044042113588,shared_identity_free_random_forest,shared_identity_free_random_forest,0.7120078242665768,0.7026933082422095,0.0875703362449404,0.0782558202205732,0.0093145160243672,0.0093145160243672,0.0086488337716956,0.0166666666666666,0,0,0,0,0,0,0,0.8366907549163627,2.8148156549264014
20261017,env__v~replogleweissman2022%5Frpe1__v~rpe1__v~rna__v~baseline,replogle_rpe1,env__v~normanweissman2019%5Ffiltered__v~k562__v~rna__v~baseline,norman_k562,raw_scalar_uq,raw_normalized_uq,ptl_rf,99,810,144,0.2203384965461712,0.0793044042113588,shared_identity_free_random_forest,shared_identity_free_random_forest,0.3825737033269119,0.4125631759597328,0.2101078158903104,0.2400972885231314,-0.0299894726328209,-0.0299894726328209,0.0400221563487132,0.0431034482758619,0,0,0,1,1,0,0,0.7501345910113744,2.471810123164329
20261017,env__v~replogleweissman2022%5Frpe1__v~rpe1__v~rna__v~baseline,replogle_rpe1,env__v~tiankampmann2021%5Fcrispra__v~ipsc-induced%5Fneuron__v~rna__v~baseline,tian_neuron_crispra,raw_scalar_uq,raw_normalized_uq,ptl_rf,99,891,60,0.2374393702401137,0.0793044042113588,shared_identity_free_random_forest,shared_identity_free_random_forest,0.5094530379915293,0.4685816585340086,0.0908450596684611,0.0499736802109405,0.0408713794575206,0.0408713794575206,0.0114478715307398,0.0208333333333332,0,0,0,1,1,0,0,0.9850826616965696,3.0749075899120952
20261017,env__v~replogleweissman2022%5Frpe1__v~rpe1__v~rna__v~baseline,replogle_rpe1,env__v~tiankampmann2021%5Fcrispri__v~ipsc-induced%5Fneuron__v~rna__v~baseline,tian_neuron_crispri,raw_scalar_uq,raw_normalized_uq,ptl_rf,99,843,114,0.2270264322970309,0.0793044042113588,shared_identity_free_random_forest,shared_identity_free_random_forest,0.5485573704182582,0.4999460826873233,0.078758963506556,0.0301476757756211,0.0486112877309349,0.0486112877309349,0.0321447382792929,0.0,0,0,1,1,1,0,0,1.3601748603430428,3.085606261203666
20261017,env__v~replogleweissman2022%5Frpe1__v~rpe1__v~rna__v~baseline,replogle_rpe1,env__v~xucao2023__v~hek293__v~rna__v~baseline,xu_he293,raw_scalar_uq,raw_normalized_uq,ptl_rf,99,843,114,0.2577043823921829,0.0793044042113588,shared_identity_free_random_forest,shared_identity_free_random_forest,0.6594490512175285,0.6471495503869071,0.0746037673570064,0.0623042665263851,0.0122995008306213,0.0122995008306213,0.0057806229881527,0.0543478260869565,0,0,1,1,1,0,0,0.9980676928960066,2.111640846925298
20261017,env__v~tiankampmann2021%5Fcrispra__v~ipsc-induced%5Fneuron__v~rna__v~baseline,tian_neuron_crispra,env__v~frangiehizar2021%5Frna__v~patient-derived%5Fmelanoma__v~rna__v~co-culture,frangieh_melanoma_coculture,raw_scalar_uq,raw_normalized_uq,ptl_rf,60,807,150,0.2897043869728231,0.3754090179085645,shared_identity_free_random_forest,shared_identity_free_random_forest,0.8145163212516141,0.8141255917501258,0.0642948947995886,0.0639041652981002,0.0003907295014883,0.0003907295014883,0.0083607672891946,0.0,0,0,0,0,0,0,0,0.5369355332170196,0.301047672466642
20261017,env__v~tiankampmann2021%5Fcrispra__v~ipsc-induced%5Fneuron__v~rna__v~baseline,tian_neuron_crispra,env__v~frangiehizar2021%5Frna__v~patient-derived%5Fmelanoma__v~rna__v~control,frangieh_melanoma_control,raw_scalar_uq,raw_normalized_uq,ptl_rf,60,807,150,0.264593942635856,0.3754090179085645,shared_identity_free_random_forest,shared_identity_free_random_forest,0.7122295794709822,0.7239723784904691,0.1024062641554677,0.1141490631749546,-0.0117427990194869,-0.0117427990194869,0.0126437997989059,0.0416666666666666,0,0,0,0,0,0,0,0.6900033857154766,0.2716524207919313
20261017,env__v~tiankampmann2021%5Fcrispra__v~ipsc-induced%5Fneuron__v~rna__v~baseline,tian_neuron_crispra,env__v~frangiehizar2021%5Frna__v~patient-derived%5Fmelanoma__v~rna__v~ifn%CE%B3,frangieh_melanoma_ifng,raw_scalar_uq,raw_normalized_uq,ptl_rf,60,804,150,0.2649275380941844,0.3754090179085645,shared_identity_free_random_forest,shared_identity_free_random_forest,0.7120078242665768,0.7032769780983362,0.0875703362449404,0.0788394900766998,0.0087308461682406,0.0087308461682406,0.0106319485971623,0.0166666666666666,0,0,0,0,0,0,0,0.6333650753012702,0.3175444507085084
20261017,env__v~tiankampmann2021%5Fcrispra__v~ipsc-induced%5Fneuron__v~rna__v~baseline,tian_neuron_crispra,env__v~normanweissman2019%5Ffiltered__v~k562__v~rna__v~baseline,norman_k562,raw_scalar_uq,raw_normalized_uq,ptl_rf,60,810,144,0.2203384965461712,0.3754090179085645,shared_identity_free_random_forest,shared_identity_free_random_forest,0.3825737033269119,0.370834694536799,0.2101078158903104,0.1983688071001976,0.0117390087901128,0.0117390087901128,0.0444970385262504,0.0431034482758619,0,0,1,1,1,0,0,1.6891370865392838,0.8701933363870277
20261017,env__v~tiankampmann2021%5Fcrispra__v~ipsc-induced%5Fneuron__v~rna__v~baseline,tian_neuron_crispra,env__v~replogleweissman2022%5Frpe1__v~rpe1__v~rna__v~baseline,replogle_rpe1,raw_scalar_uq,raw_normalized_uq,ptl_rf,60,852,99,0.2746761159606971,0.3754090179085645,shared_identity_free_random_forest,shared_identity_free_random_forest,0.8380333037937346,0.8688136640240854,0.1330472986904369,0.1638276589207877,-0.0307803602303508,-0.0307803602303508,0.0028990752214375,0.0375,0,0,0,1,1,0,0,0.969309876362478,3.499863031724806
20261017,env__v~tiankampmann2021%5Fcrispra__v~ipsc-induced%5Fneuron__v~rna__v~baseline,tian_neuron_crispra,env__v~tiankampmann2021%5Fcrispri__v~ipsc-induced%5Fneuron__v~rna__v~baseline,tian_neuron_crispri,raw_scalar_uq,raw_normalized_uq,ptl_rf,60,843,114,0.2270264322970309,0.3754090179085645,shared_identity_free_random_forest,shared_identity_free_random_forest,0.5485573704182582,0.5015190626904851,0.078758963506556,0.0317206557787828,0.0470383077277731,0.0470383077277731,0.0324058027956076,0.0,0,1,0,1,1,0,0,0.3959560916051236,0.0875105243556951
20261017,env__v~tiankampmann2021%5Fcrispra__v~ipsc-induced%5Fneuron__v~rna__v~baseline,tian_neuron_crispra,env__v~xucao2023__v~hek293__v~rna__v~baseline,xu_he293,raw_scalar_uq,raw_normalized_uq,ptl_rf,60,843,114,0.2577043823921829,0.3754090179085645,shared_identity_free_random_forest,shared_identity_free_random_forest,0.6594490512175285,0.6535358904394506,0.0746037673570064,0.0686906065789285,0.0059131607780779,0.0059131607780779,0.0038132201959506,0.0434782608695651,0,0,0,1,1,0,0,0.4340084125485057,1.0191569528407154
20261017,env__v~tiankampmann2021%5Fcrispri__v~ipsc-induced%5Fneuron__v~rna__v~baseline,tian_neuron_crispri,env__v~frangiehizar2021%5Frna__v~patient-derived%5Fmelanoma__v~rna__v~co-culture,frangieh_melanoma_coculture,raw_scalar_uq,raw_normalized_uq,ptl_rf,108,807,150,0.2897043869728231,0.3969050294186751,shared_identity_free_random_forest,shared_identity_free_random_forest,0.8145163212516141,0.8239834664896729,0.0642948947995886,0.0737620400376474,-0.0094671452380588,-0.0094671452380588,0.0001610178565122,0.0,0,0,0,0,0,0,0,0.6730209069303758,0.3432930160756047
20261017,env__v~tiankampmann2021%5Fcrispri__v~ipsc-induced%5Fneuron__v~rna__v~baseline,tian_neuron_crispri,env__v~frangiehizar2021%5Frna__v~patient-derived%5Fmelanoma__v~rna__v~control,frangieh_melanoma_control,raw_scalar_uq,raw_normalized_uq,ptl_rf,108,807,150,0.264593942635856,0.3969050294186751,shared_identity_free_random_forest,shared_identity_free_random_forest,0.7122295794709822,0.7000883139223373,0.1024062641554677,0.0902649986068228,0.0121412655486449,0.0121412655486449,-0.0004424703650125,0.0,0,0,0,0,0,0,0,0.933431268742017,0.3140320816452455
20261017,env__v~tiankampmann2021%5Fcrispri__v~ipsc-induced%5Fneuron__v~rna__v~baseline,tian_neuron_crispri,env__v~frangiehizar2021%5Frna__v~patient-derived%5Fmelanoma__v~rna__v~ifn%CE%B3,frangieh_melanoma_ifng,raw_scalar_uq,raw_normalized_uq,ptl_rf,108,804,150,0.2649275380941844,0.3969050294186751,shared_identity_free_random_forest,shared_identity_free_random_forest,0.7120078242665768,0.702809832804939,0.0875703362449404,0.0783723447833026,0.0091979914616378,0.0091979914616378,0.0089682815037942,0.0083333333333333,0,0,0,0,0,0,0,0.9034262971273472,0.3602610373673584
20261017,env__v~tiankampmann2021%5Fcrispri__v~ipsc-induced%5Fneuron__v~rna__v~baseline,tian_neuron_crispri,env__v~normanweissman2019%5Ffiltered__v~k562__v~rna__v~baseline,norman_k562,raw_scalar_uq,raw_normalized_uq,ptl_rf,108,810,144,0.2203384965461712,0.3969050294186751,shared_identity_free_random_forest,shared_identity_free_random_forest,0.3825737033269119,0.3672784588206444,0.2101078158903104,0.194812571384043,0.0152952445062674,0.0152952445062674,0.0444588027264676,0.0431034482758619,0,0,0,1,1,0,0,2.1295428149499087,0.9496870241020337
20261017,env__v~tiankampmann2021%5Fcrispri__v~ipsc-induced%5Fneuron__v~rna__v~baseline,tian_neuron_crispri,env__v~replogleweissman2022%5Frpe1__v~rpe1__v~rna__v~baseline,replogle_rpe1,raw_scalar_uq,raw_normalized_uq,ptl_rf,108,852,99,0.2746761159606971,0.3969050294186751,shared_identity_free_random_forest,shared_identity_free_random_forest,0.8380333037937346,0.8782575765306726,0.1330472986904369,0.1732715714273749,-0.0402242727369379,-0.0402242727369379,-0.0134641044333388,-0.0124999999999999,0,0,1,1,1,0,0,1.4097762776765923,3.548859736744137
20261017,env__v~tiankampmann2021%5Fcrispri__v~ipsc-induced%5Fneuron__v~rna__v~baseline,tian_neuron_crispri,env__v~tiankampmann2021%5Fcrispra__v~ipsc-induced%5Fneuron__v~rna__v~baseline,tian_neuron_crispra,raw_scalar_uq,raw_normalized_uq,ptl_rf,108,891,60,0.2374393702401137,0.3969050294186751,shared_identity_free_random_forest,shared_identity_free_random_forest,0.5094530379915293,0.4735400231639212,0.0908450596684611,0.0549320448408531,0.035913014827608,0.035913014827608,0.0140911858725339,0.0208333333333332,0,1,0,1,1,0,0,0.4199432826862793,0.1186250584381619
20261017,env__v~tiankampmann2021%5Fcrispri__v~ipsc-induced%5Fneuron__v~rna__v~baseline,tian_neuron_crispri,env__v~xucao2023__v~hek293__v~rna__v~baseline,xu_he293,raw_scalar_uq,raw_normalized_uq,ptl_rf,108,843,114,0.2577043823921829,0.3969050294186751,shared_identity_free_random_forest,shared_identity_free_random_forest,0.6594490512175285,0.6462830159802244,0.0746037673570064,0.0614377321197023,0.013166035237304,0.013166035237304,0.0025865877215692,0.0217391304347825,0,0,1,1,1,0,0,0.700550614469538,1.0705171457508853
20261017,env__v~xucao2023__v~hek293__v~rna__v~baseline,xu_he293,env__v~frangiehizar2021%5Frna__v~patient-derived%5Fmelanoma__v~rna__v~co-culture,frangieh_melanoma_coculture,raw_scalar_uq,raw_normalized_uq,ptl_rf,108,807,150,0.2897043869728231,0.2245157820795112,shared_identity_free_random_forest,shared_identity_free_random_forest,0.8145163212516141,0.8477778217838403,0.0642948947995886,0.0975563953318148,-0.0332615005322262,-0.0332615005322262,0.0067177642158945,0.0,0,0,0,0,0,0,0,1.04231477223821,1.0335917770460346
20261017,env__v~xucao2023__v~hek293__v~rna__v~baseline,xu_he293,env__v~frangiehizar2021%5Frna__v~patient-derived%5Fmelanoma__v~rna__v~control,frangieh_melanoma_control,raw_scalar_uq,raw_normalized_uq,ptl_rf,108,807,150,0.264593942635856,0.2245157820795112,shared_identity_free_random_forest,shared_identity_free_random_forest,0.7122295794709822,0.724200686894478,0.1024062641554677,0.1143773715789635,-0.0119711074234958,-0.0119711074234958,0.0002508875049318,0.0,0,0,0,0,0,0,0,1.1340146493161096,1.0477517978837754
20261017,env__v~xucao2023__v~hek293__v~rna__v~baseline,xu_he293,env__v~frangiehizar2021%5Frna__v~patient-derived%5Fmelanoma__v~rna__v~ifn%CE%B3,frangieh_melanoma_ifng,raw_scalar_uq,raw_normalized_uq,ptl_rf,108,804,150,0.2649275380941844,0.2245157820795112,shared_identity_free_random_forest,shared_identity_free_random_forest,0.7120078242665768,0.7293246719219485,0.0875703362449404,0.1048871839003121,-0.0173168476553716,-0.0173168476553716,0.0084562956809131,0.0166666666666666,0,0,0,0,0,0,0,1.0655489403640372,0.9809397753673718
20261017,env__v~xucao2023__v~hek293__v~rna__v~baseline,xu_he293,env__v~normanweissman2019%5Ffiltered__v~k562__v~rna__v~baseline,norman_k562,raw_scalar_uq,raw_normalized_uq,ptl_rf,108,810,144,0.2203384965461712,0.2245157820795112,shared_identity_free_random_forest,shared_identity_free_random_forest,0.3825737033269119,0.4242207237878652,0.2101078158903104,0.2517548363512638,-0.0416470204609533,-0.0416470204609533,0.0402817285875149,0.0431034482758619,0,0,0,1,1,0,0,1.5653863923107474,1.0919835625209784
20261017,env__v~xucao2023__v~hek293__v~rna__v~baseline,xu_he293,env__v~replogleweissman2022%5Frpe1__v~rpe1__v~rna__v~baseline,replogle_rpe1,raw_scalar_uq,raw_normalized_uq,ptl_rf,108,852,99,0.2746761159606971,0.2245157820795112,shared_identity_free_random_forest,shared_identity_free_random_forest,0.8380333037937346,0.8745464412491673,0.1330472986904369,0.1695604361458695,-0.0365131374554326,-0.0365131374554326,-0.0049256989723147,0.0,0,0,1,1,1,0,0,0.9145608087932,2.215489843079127
20261017,env__v~xucao2023__v~hek293__v~rna__v~baseline,xu_he293,env__v~tiankampmann2021%5Fcrispra__v~ipsc-induced%5Fneuron__v~rna__v~baseline,tian_neuron_crispra,raw_scalar_uq,raw_normalized_uq,ptl_rf,108,891,60,0.2374393702401137,0.2245157820795112,shared_identity_free_random_forest,shared_identity_free_random_forest,0.5094530379915293,0.526595271545657,0.0908450596684611,0.1079872932225888,-0.0171422335541276,-0.0171422335541276,0.0100391418226643,0.0208333333333332,0,0,0,1,1,0,0,0.5354054779498492,1.2344898188934958
20261017,env__v~xucao2023__v~hek293__v~rna__v~baseline,xu_he293,env__v~tiankampmann2021%5Fcrispri__v~ipsc-induced%5Fneuron__v~rna__v~baseline,tian_neuron_crispri,raw_scalar_uq,raw_normalized_uq,ptl_rf,108,843,114,0.2270264322970309,0.2245157820795112,shared_identity_free_random_forest,shared_identity_free_random_forest,0.5485573704182582,0.5263789136588871,0.078758963506556,0.0565805067471849,0.0221784567593711,0.0221784567593711,0.0116145395319419,0.0,0,0,1,1,1,0,0,0.7518461366718201,1.2475879255492677
20261017,env__v~frangiehizar2021%5Frna__v~patient-derived%5Fmelanoma__v~rna__v~co-culture,frangieh_melanoma_coculture,env__v~frangiehizar2021%5Frna__v~patient-derived%5Fmelanoma__v~rna__v~control,frangieh_melanoma_control,u_only_rf,u_only_rf,ptl_rf,144,807,150,0.264593942635856,0.1176863065041936,shared_identity_free_random_forest,shared_identity_free_random_forest,0.7156867525442108,0.7086447379241795,0.1058634372286962,0.098821422608665,0.0070420146200312,0.0070420146200312,0.0059404853003042,0.0166666666666667,0,1,1,1,0,1,1,0.3162016930238542,0.0733518982503894
20261017,env__v~frangiehizar2021%5Frna__v~patient-derived%5Fmelanoma__v~rna__v~co-culture,frangieh_melanoma_coculture,env__v~frangiehizar2021%5Frna__v~patient-derived%5Fmelanoma__v~rna__v~ifn%CE%B3,frangieh_melanoma_ifng,u_only_rf,u_only_rf,ptl_rf,144,804,150,0.2649275380941844,0.1176863065041936,shared_identity_free_random_forest,shared_identity_free_random_forest,0.7352259166104689,0.7106641120538352,0.1107884285888325,0.0862266240321988,0.0245618045566337,0.0245618045566337,0.0100767263899628,0.0416666666666666,0,1,1,1,0,1,1,0.3191908034681266,0.1198060664277381
20261017,env__v~frangiehizar2021%5Frna__v~patient-derived%5Fmelanoma__v~rna__v~co-culture,frangieh_melanoma_coculture,env__v~normanweissman2019%5Ffiltered__v~k562__v~rna__v~baseline,norman_k562,u_only_rf,u_only_rf,ptl_rf,144,810,144,0.2203384965461712,0.1176863065041936,shared_identity_free_random_forest,shared_identity_free_random_forest,0.3731305034405519,0.3665763701439402,0.2006646160039504,0.1941104827073388,0.0065541332966116,0.0065541332966116,-5.7571093685815367e-05,0.0172413793103447,0,0,0,0,0,0,0,1.841336768110612,0.8990245192587839
20261017,env__v~frangiehizar2021%5Frna__v~patient-derived%5Fmelanoma__v~rna__v~co-culture,frangieh_melanoma_coculture,env__v~replogleweissman2022%5Frpe1__v~rpe1__v~rna__v~baseline,replogle_rpe1,u_only_rf,u_only_rf,ptl_rf,144,852,99,0.2746761159606971,0.1176863065041936,shared_identity_free_random_forest,shared_identity_free_random_forest,0.8963467191189199,0.8709311930340589,0.1913607140156222,0.1659451879307611,0.025415526084861,0.025415526084861,0.0316512483315243,0.0875,0,0,0,0,0,0,0,1.164104924987385,3.222294083628809
20261017,env__v~frangiehizar2021%5Frna__v~patient-derived%5Fmelanoma__v~rna__v~co-culture,frangieh_melanoma_coculture,env__v~tiankampmann2021%5Fcrispra__v~ipsc-induced%5Fneuron__v~rna__v~baseline,tian_neuron_crispra,u_only_rf,u_only_rf,ptl_rf,144,891,60,0.2374393702401137,0.1176863065041936,shared_identity_free_random_forest,shared_identity_free_random_forest,0.4916666128479424,0.4990446405986949,0.0730586345248743,0.0804366622756268,-0.0073780277507525,-0.0073780277507525,0.006532508275311,0.0,0,0,0,0,0,0,0,0.5233535555806695,0.2390731587928686
20261017,env__v~frangiehizar2021%5Frna__v~patient-derived%5Fmelanoma__v~rna__v~co-culture,frangieh_melanoma_coculture,env__v~tiankampmann2021%5Fcrispri__v~ipsc-induced%5Fneuron__v~rna__v~baseline,tian_neuron_crispri,u_only_rf,u_only_rf,ptl_rf,144,843,114,0.2270264322970309,0.1176863065041936,shared_identity_free_random_forest,shared_identity_free_random_forest,0.5091017323283328,0.5243467601970956,0.0393033254166305,0.0545483532853933,-0.0152450278687628,-0.0152450278687628,0.0040765077169937,0.0,0,0,0,0,0,0,0,0.6356083197929225,0.2438487378812338
20261017,env__v~frangiehizar2021%5Frna__v~patient-derived%5Fmelanoma__v~rna__v~co-culture,frangieh_melanoma_coculture,env__v~xucao2023__v~hek293__v~rna__v~baseline,xu_he293,u_only_rf,u_only_rf,ptl_rf,144,843,114,0.2577043823921829,0.1176863065041936,shared_identity_free_random_forest,shared_identity_free_random_forest,0.6478632540132235,0.6550250423697465,0.0630179701527015,0.0701797585092244,-0.0071617883565229,-0.0071617883565229,0.0008502223627721,-0.0217391304347825,0,0,0,0,0,0,0,0.9661258081990612,0.7762143390390277
20261017,env__v~frangiehizar2021%5Frna__v~patient-derived%5Fmelanoma__v~rna__v~control,frangieh_melanoma_control,env__v~frangiehizar2021%5Frna__v~patient-derived%5Fmelanoma__v~rna__v~co-culture,frangieh_melanoma_coculture,u_only_rf,u_only_rf,ptl_rf,144,807,150,0.2897043869728231,0.2166475243351178,shared_identity_free_random_forest,shared_identity_free_random_forest,0.831281565891148,0.8193147089771503,0.0810601394391224,0.0690932825251248,0.0119668569139976,0.0119668569139976,0.0060216453604192,0.0,0,1,1,1,0,1,1,0.3210192513609204,0.0971679148766091
20261017,env__v~frangiehizar2021%5Frna__v~patient-derived%5Fmelanoma__v~rna__v~control,frangieh_melanoma_control,env__v~frangiehizar2021%5Frna__v~patient-derived%5Fmelanoma__v~rna__v~ifn%CE%B3,frangieh_melanoma_ifng,u_only_rf,u_only_rf,ptl_rf,144,804,150,0.2649275380941844,0.2166475243351178,shared_identity_free_random_forest,shared_identity_free_random_forest,0.7352259166104689,0.7019505766457178,0.1107884285888325,0.0775130886240814,0.033275339964751,0.033275339964751,0.0099246360556715,0.0416666666666666,0,1,1,1,0,1,1,0.0411215434708378,0.1171595501025164
20261017,env__v~frangiehizar2021%5Frna__v~patient-derived%5Fmelanoma__v~rna__v~control,frangieh_melanoma_control,env__v~normanweissman2019%5Ffiltered__v~k562__v~rna__v~baseline,norman_k562,u_only_rf,u_only_rf,ptl_rf,144,810,144,0.2203384965461712,0.2166475243351178,shared_identity_free_random_forest,shared_identity_free_random_forest,0.3731305034405519,0.3708074225772089,0.2006646160039504,0.1983415351406074,0.0023230808633429,0.0023230808633429,0.0103026305263235,0.0344827586206896,0,0,0,0,0,0,0,1.5500568297706772,0.8626239983601692
20261017,env__v~frangiehizar2021%5Frna__v~patient-derived%5Fmelanoma__v~rna__v~control,frangieh_melanoma_control,env__v~replogleweissman2022%5Frpe1__v~rpe1__v~rna__v~baseline,replogle_rpe1,u_only_rf,u_only_rf,ptl_rf,144,852,99,0.2746761159606971,0.2166475243351178,shared_identity_free_random_forest,shared_identity_free_random_forest,0.8963467191189199,0.8693857426844726,0.1913607140156222,0.1643997375811748,0.0269609764344473,0.0269609764344473,0.0340088620555845,0.0749999999999999,0,0,0,0,0,0,0,0.9254044443826068,3.1907591382465377
20261017,env__v~frangiehizar2021%5Frna__v~patient-derived%5Fmelanoma__v~rna__v~control,frangieh_melanoma_control,env__v~tiankampmann2021%5Fcrispra__v~ipsc-induced%5Fneuron__v~rna__v~baseline,tian_neuron_crispra,u_only_rf,u_only_rf,ptl_rf,144,891,60,0.2374393702401137,0.2166475243351178,shared_identity_free_random_forest,shared_identity_free_random_forest,0.4916666128479424,0.4666743142578342,0.0730586345248743,0.0480663359347661,0.0249922985901082,0.0249922985901082,0.008363346708423,0.0208333333333333,0,0,0,0,0,0,0,0.6721899070312658,0.2667625816591925
20261017,env__v~frangiehizar2021%5Frna__v~patient-derived%5Fmelanoma__v~rna__v~control,frangieh_melanoma_control,env__v~tiankampmann2021%5Fcrispri__v~ipsc-induced%5Fneuron__v~rna__v~baseline,tian_neuron_crispri,u_only_rf,u_only_rf,ptl_rf,144,843,114,0.2270264322970309,0.2166475243351178,shared_identity_free_random_forest,shared_identity_free_random_forest,0.5091017323283328,0.5148756376805893,0.0393033254166305,0.045077230768887,-0.0057739053522565,-0.0057739053522565,-0.0154009717573128,0.0,0,0,0,0,0,0,0,0.9179258358205143,0.2715617691924358
20261017,env__v~frangiehizar2021%5Frna__v~patient-derived%5Fmelanoma__v~rna__v~control,frangieh_melanoma_control,env__v~xucao2023__v~hek293__v~rna__v~baseline,xu_he293,u_only_rf,u_only_rf,ptl_rf,144,843,114,0.2577043823921829,0.2166475243351178,shared_identity_free_random_forest,shared_identity_free_random_forest,0.6478632540132235,0.6491646506449967,0.0630179701527015,0.0643193667844747,-0.0013013966317731,-0.0013013966317731,-0.0069587683908579,-0.0326086956521738,0,0,0,0,0,0,0,1.039874161700098,0.7223801096837732
20261017,env__v~frangiehizar2021%5Frna__v~patient-derived%5Fmelanoma__v~rna__v~ifn%CE%B3,frangieh_melanoma_ifng,env__v~frangiehizar2021%5Frna__v~patient-derived%5Fmelanoma__v~rna__v~co-culture,frangieh_melanoma_coculture,u_only_rf,u_only_rf,ptl_rf,147,807,150,0.2897043869728231,0.2013493497664589,shared_identity_free_random_forest,shared_identity_free_random_forest,0.831281565891148,0.8163989906962121,0.0810601394391224,0.0661775642441866,0.0148825751949358,0.0148825751949358,0.0089256658635635,0.0,0,1,1,1,0,1,1,0.3018464803407124,0.2561870801679237
20261017,env__v~frangiehizar2021%5Frna__v~patient-derived%5Fmelanoma__v~rna__v~ifn%CE%B3,frangieh_melanoma_ifng,env__v~frangiehizar2021%5Frna__v~patient-derived%5Fmelanoma__v~rna__v~control,frangieh_melanoma_control,u_only_rf,u_only_rf,ptl_rf,147,807,150,0.264593942635856,0.2013493497664589,shared_identity_free_random_forest,shared_identity_free_random_forest,0.7156867525442108,0.695840978452534,0.1058634372286962,0.0860176631370195,0.0198457740916767,0.0198457740916767,0.0078435444964413,0.025,0,1,1,1,0,1,1,0.1712743495923853,0.2662736698448985
20261017,env__v~frangiehizar2021%5Frna__v~patient-derived%5Fmelanoma__v~rna__v~ifn%CE%B3,frangieh_melanoma_ifng,env__v~normanweissman2019%5Ffiltered__v~k562__v~rna__v~baseline,norman_k562,u_only_rf,u_only_rf,ptl_rf,147,810,144,0.2203384965461712,0.2013493497664589,shared_identity_free_random_forest,shared_identity_free_random_forest,0.3731305034405519,0.383157478230437,0.2006646160039504,0.2106915907938356,-0.0100269747898851,-0.0100269747898851,0.0030523105431715,0.0172413793103447,0,0,0,0,0,0,0,1.5150478601064254,0.8005467657964056
20261017,env__v~frangiehizar2021%5Frna__v~patient-derived%5Fmelanoma__v~rna__v~ifn%CE%B3,frangieh_melanoma_ifng,env__v~replogleweissman2022%5Frpe1__v~rpe1__v~rna__v~baseline,replogle_rpe1,u_only_rf,u_only_rf,ptl_rf,147,852,99,0.2746761159606971,0.2013493497664589,shared_identity_free_random_forest,shared_identity_free_random_forest,0.8963467191189199,0.8733436234755386,0.1913607140156222,0.1683576183722409,0.0230030956433813,0.0230030956433813,0.0277597534213751,0.0625,0,0,0,0,0,0,0,0.8573767351963186,2.988680889319828
20261017,env__v~frangiehizar2021%5Frna__v~patient-derived%5Fmelanoma__v~rna__v~ifn%CE%B3,frangieh_melanoma_ifng,env__v~tiankampmann2021%5Fcrispra__v~ipsc-induced%5Fneuron__v~rna__v~baseline,tian_neuron_crispra,u_only_rf,u_only_rf,ptl_rf,147,891,60,0.2374393702401137,0.2013493497664589,shared_identity_free_random_forest,shared_identity_free_random_forest,0.4916666128479424,0.5273578643393283,0.0730586345248743,0.1087498860162601,-0.0356912514913858,-0.0356912514913858,0.0047832322998614,-0.0208333333333332,0,0,0,0,0,0,0,0.5524757690070713,0.4688686455908152
20261017,env__v~frangiehizar2021%5Frna__v~patient-derived%5Fmelanoma__v~rna__v~ifn%CE%B3,frangieh_melanoma_ifng,env__v~tiankampmann2021%5Fcrispri__v~ipsc-induced%5Fneuron__v~rna__v~baseline,tian_neuron_crispri,u_only_rf,u_only_rf,ptl_rf,147,843,114,0.2270264322970309,0.2013493497664589,shared_identity_free_random_forest,shared_identity_free_random_forest,0.5091017323283328,0.5148994112178835,0.0393033254166305,0.0451010043061813,-0.0057976788895507,-0.0057976788895507,0.0038540236022392,0.0,0,0,0,0,0,0,0,0.8244259544452563,0.4737799669400443
20261017,env__v~frangiehizar2021%5Frna__v~patient-derived%5Fmelanoma__v~rna__v~ifn%CE%B3,frangieh_melanoma_ifng,env__v~xucao2023__v~hek293__v~rna__v~baseline,xu_he293,u_only_rf,u_only_rf,ptl_rf,147,843,114,0.2577043823921829,0.2013493497664589,shared_identity_free_random_forest,shared_identity_free_random_forest,0.6478632540132235,0.6511938937008521,0.0630179701527015,0.06634860984033,-0.0033306396876285,-0.0033306396876285,0.0041324824434982,0.0108695652173913,0,0,0,0,0,0,0,0.9107482139406556,0.5864330230946838
20261017,env__v~normanweissman2019%5Ffiltered__v~k562__v~rna__v~baseline,norman_k562,env__v~frangiehizar2021%5Frna__v~patient-derived%5Fmelanoma__v~rna__v~co-culture,frangieh_melanoma_coculture,u_only_rf,u_only_rf,ptl_rf,141,807,150,0.2897043869728231,0.6217108237827533,shared_identity_free_random_forest,shared_identity_free_random_forest,0.831281565891148,0.8177698324014733,0.0810601394391224,0.0675484059494477,0.0135117334896747,0.0135117334896747,0.0013845823777226,0.0,0,0,0,0,0,0,0,2.068941433025447,1.0942531600126304
20261017,env__v~normanweissman2019%5Ffiltered__v~k562__v~rna__v~baseline,norman_k562,env__v~frangiehizar2021%5Frna__v~patient-derived%5Fmelanoma__v~rna__v~control,frangieh_melanoma_control,u_only_rf,u_only_rf,ptl_rf,141,807,150,0.264593942635856,0.6217108237827533,shared_identity_free_random_forest,shared_identity_free_random_forest,0.7156867525442108,0.7107248392327673,0.1058634372286962,0.1009015239172528,0.0049619133114434,0.0049619133114434,-3.538546902492889e-06,0.0,0,0,0,0,0,0,0,1.8799325613421136,1.1149805050213886
20261017,env__v~normanweissman2019%5Ffiltered__v~k562__v~rna__v~baseline,norman_k562,env__v~frangiehizar2021%5Frna__v~patient-derived%5Fmelanoma__v~rna__v~ifn%CE%B3,frangieh_melanoma_ifng,u_only_rf,u_only_rf,ptl_rf,141,804,150,0.2649275380941844,0.6217108237827533,shared_identity_free_random_forest,shared_identity_free_random_forest,0.7352259166104689,0.7083528769413681,0.1107884285888325,0.0839153889197317,0.0268730396691008,0.0268730396691008,0.0076899368089357,0.0416666666666666,0,0,0,0,0,0,0,1.828053129495255,1.0202280364075569
20261017,env__v~normanweissman2019%5Ffiltered__v~k562__v~rna__v~baseline,norman_k562,env__v~replogleweissman2022%5Frpe1__v~rpe1__v~rna__v~baseline,replogle_rpe1,u_only_rf,u_only_rf,ptl_rf,141,852,99,0.2746761159606971,0.6217108237827533,shared_identity_free_random_forest,shared_identity_free_random_forest,0.8963467191189199,0.8720508360356197,0.1913607140156222,0.167064830932322,0.0242958830833002,0.0242958830833002,0.0135226910854071,0.0374999999999999,0,0,0,1,1,0,0,0.946323216817946,2.6327430398084486
20261017,env__v~normanweissman2019%5Ffiltered__v~k562__v~rna__v~baseline,norman_k562,env__v~tiankampmann2021%5Fcrispra__v~ipsc-induced%5Fneuron__v~rna__v~baseline,tian_neuron_crispra,u_only_rf,u_only_rf,ptl_rf,141,891,60,0.2374393702401137,0.6217108237827533,shared_identity_free_random_forest,shared_identity_free_random_forest,0.4916666128479424,0.478157007698612,0.0730586345248743,0.0595490293755439,0.0135096051493304,0.0135096051493304,0.013643469859867,0.0208333333333333,0,0,1,1,1,0,0,1.9235147016272267,1.0941646706502748
20261017,env__v~normanweissman2019%5Ffiltered__v~k562__v~rna__v~baseline,norman_k562,env__v~tiankampmann2021%5Fcrispri__v~ipsc-induced%5Fneuron__v~rna__v~baseline,tian_neuron_crispri,u_only_rf,u_only_rf,ptl_rf,141,843,114,0.2270264322970309,0.6217108237827533,shared_identity_free_random_forest,shared_identity_free_random_forest,0.5091017323283328,0.5019211886207492,0.0393033254166305,0.0321227817090469,0.0071805437075835,0.0071805437075835,-0.0026912335449851,0.0,0,0,0,1,1,0,0,2.294049785378512,1.1348174749613154
20261017,env__v~normanweissman2019%5Ffiltered__v~k562__v~rna__v~baseline,norman_k562,env__v~xucao2023__v~hek293__v~rna__v~baseline,xu_he293,u_only_rf,u_only_rf,ptl_rf,141,843,114,0.2577043823921829,0.6217108237827533,shared_identity_free_random_forest,shared_identity_free_random_forest,0.6478632540132235,0.6511262792208872,0.0630179701527015,0.0662809953603651,-0.0032630252076636,-0.0032630252076636,0.0021461751131102,-0.0108695652173912,0,0,0,1,1,0,0,1.773910048510662,1.2777563198390502
20261017,env__v~replogleweissman2022%5Frpe1__v~rpe1__v~rna__v~baseline,replogle_rpe1,env__v~frangiehizar2021%5Frna__v~patient-derived%5Fmelanoma__v~rna__v~co-culture,frangieh_melanoma_coculture,u_only_rf,u_only_rf,ptl_rf,99,807,150,0.2897043869728231,0.0793044042113588,shared_identity_free_random_forest,shared_identity_free_random_forest,0.831281565891148,0.8175354857868665,0.0810601394391224,0.067314059334841,0.0137460801042814,0.0137460801042814,0.0089867078998241,0.0,0,0,0,0,0,0,0,1.0691852910633213,2.8329276092128723
20261017,env__v~replogleweissman2022%5Frpe1__v~rpe1__v~rna__v~baseline,replogle_rpe1,env__v~frangiehizar2021%5Frna__v~patient-derived%5Fmelanoma__v~rna__v~control,frangieh_melanoma_control,u_only_rf,u_only_rf,ptl_rf,99,807,150,0.264593942635856,0.0793044042113588,shared_identity_free_random_forest,shared_identity_free_random_forest,0.7156867525442108,0.7238264901110721,0.1058634372286962,0.1140031747955576,-0.0081397375668613,-0.0081397375668613,0.0116698800341331,0.0333333333333333,0,0,0,0,0,0,0,0.8942465931711792,2.861006837482975
20261017,env__v~replogleweissman2022%5Frpe1__v~rpe1__v~rna__v~baseline,replogle_rpe1,env__v~frangiehizar2021%5Frna__v~patient-derived%5Fmelanoma__v~rna__v~ifn%CE%B3,frangieh_melanoma_ifng,u_only_rf,u_only_rf,ptl_rf,99,804,150,0.2649275380941844,0.0793044042113588,shared_identity_free_random_forest,shared_identity_free_random_forest,0.7352259166104689,0.7026933082422095,0.1107884285888325,0.0782558202205732,0.0325326083682593,0.0325326083682593,0.0129594052439437,0.0499999999999999,0,0,0,0,0,0,0,0.8366907549163627,2.8148156549264014
20261017,env__v~replogleweissman2022%5Frpe1__v~rpe1__v~rna__v~baseline,replogle_rpe1,env__v~normanweissman2019%5Ffiltered__v~k562__v~rna__v~baseline,norman_k562,u_only_rf,u_only_rf,ptl_rf,99,810,144,0.2203384965461712,0.0793044042113588,shared_identity_free_random_forest,shared_identity_free_random_forest,0.3731305034405519,0.4125631759597328,0.2006646160039504,0.2400972885231314,-0.0394326725191809,-0.0394326725191809,-0.0019790150284207,0.0172413793103447,0,0,0,1,1,0,0,0.7501345910113744,2.471810123164329
20261017,env__v~replogleweissman2022%5Frpe1__v~rpe1__v~rna__v~baseline,replogle_rpe1,env__v~tiankampmann2021%5Fcrispra__v~ipsc-induced%5Fneuron__v~rna__v~baseline,tian_neuron_crispra,u_only_rf,u_only_rf,ptl_rf,99,891,60,0.2374393702401137,0.0793044042113588,shared_identity_free_random_forest,shared_identity_free_random_forest,0.4916666128479424,0.4685816585340086,0.0730586345248743,0.0499736802109405,0.0230849543139338,0.0230849543139338,0.010927695330175,0.0,0,0,0,1,1,0,0,0.9850826616965696,3.0749075899120952
20261017,env__v~replogleweissman2022%5Frpe1__v~rpe1__v~rna__v~baseline,replogle_rpe1,env__v~tiankampmann2021%5Fcrispri__v~ipsc-induced%5Fneuron__v~rna__v~baseline,tian_neuron_crispri,u_only_rf,u_only_rf,ptl_rf,99,843,114,0.2270264322970309,0.0793044042113588,shared_identity_free_random_forest,shared_identity_free_random_forest,0.5091017323283328,0.4999460826873233,0.0393033254166305,0.0301476757756211,0.0091556496410094,0.0091556496410094,0.0059875459528788,0.0,0,0,1,1,1,0,0,1.3601748603430428,3.085606261203666
20261017,env__v~replogleweissman2022%5Frpe1__v~rpe1__v~rna__v~baseline,replogle_rpe1,env__v~xucao2023__v~hek293__v~rna__v~baseline,xu_he293,u_only_rf,u_only_rf,ptl_rf,99,843,114,0.2577043823921829,0.0793044042113588,shared_identity_free_random_forest,shared_identity_free_random_forest,0.6478632540132235,0.6471495503869071,0.0630179701527015,0.0623042665263851,0.0007137036263163,0.0007137036263163,0.0031185505783125,0.0217391304347827,0,0,1,1,1,0,0,0.9980676928960066,2.111640846925298
20261017,env__v~tiankampmann2021%5Fcrispra__v~ipsc-induced%5Fneuron__v~rna__v~baseline,tian_neuron_crispra,env__v~frangiehizar2021%5Frna__v~patient-derived%5Fmelanoma__v~rna__v~co-culture,frangieh_melanoma_coculture,u_only_rf,u_only_rf,ptl_rf,60,807,150,0.2897043869728231,0.3754090179085645,shared_identity_free_random_forest,shared_identity_free_random_forest,0.831281565891148,0.8141255917501258,0.0810601394391224,0.0639041652981002,0.0171559741410222,0.0171559741410222,0.0071021692960265,0.0,0,0,0,0,0,0,0,0.5369355332170196,0.301047672466642
20261017,env__v~tiankampmann2021%5Fcrispra__v~ipsc-induced%5Fneuron__v~rna__v~baseline,tian_neuron_crispra,env__v~frangiehizar2021%5Frna__v~patient-derived%5Fmelanoma__v~rna__v~control,frangieh_melanoma_control,u_only_rf,u_only_rf,ptl_rf,60,807,150,0.264593942635856,0.3754090179085645,shared_identity_free_random_forest,shared_identity_free_random_forest,0.7156867525442108,0.7239723784904691,0.1058634372286962,0.1141490631749546,-0.0082856259462583,-0.0082856259462583,0.0134081814193972,0.0333333333333333,0,0,0,0,0,0,0,0.6900033857154766,0.2716524207919313
20261017,env__v~tiankampmann2021%5Fcrispra__v~ipsc-induced%5Fneuron__v~rna__v~baseline,tian_neuron_crispra,env__v~frangiehizar2021%5Frna__v~patient-derived%5Fmelanoma__v~rna__v~ifn%CE%B3,frangieh_melanoma_ifng,u_only_rf,u_only_rf,ptl_rf,60,804,150,0.2649275380941844,0.3754090179085645,shared_identity_free_random_forest,shared_identity_free_random_forest,0.7352259166104689,0.7032769780983362,0.1107884285888325,0.0788394900766998,0.0319489385121326,0.0319489385121326,0.0149425200694104,0.0499999999999999,0,0,0,0,0,0,0,0.6333650753012702,0.3175444507085084
20261017,env__v~tiankampmann2021%5Fcrispra__v~ipsc-induced%5Fneuron__v~rna__v~baseline,tian_neuron_crispra,env__v~normanweissman2019%5Ffiltered__v~k562__v~rna__v~baseline,norman_k562,u_only_rf,u_only_rf,ptl_rf,60,810,144,0.2203384965461712,0.3754090179085645,shared_identity_free_random_forest,shared_identity_free_random_forest,0.3731305034405519,0.370834694536799,0.2006646160039504,0.1983688071001976,0.0022958089037528,0.0022958089037528,0.0024958671491164,0.0172413793103447,0,0,1,1,1,0,0,1.6891370865392838,0.8701933363870277
20261017,env__v~tiankampmann2021%5Fcrispra__v~ipsc-induced%5Fneuron__v~rna__v~baseline,tian_neuron_crispra,env__v~replogleweissman2022%5Frpe1__v~rpe1__v~rna__v~baseline,replogle_rpe1,u_only_rf,u_only_rf,ptl_rf,60,852,99,0.2746761159606971,0.3754090179085645,shared_identity_free_random_forest,shared_identity_free_random_forest,0.8963467191189199,0.8688136640240854,0.1913607140156222,0.1638276589207877,0.0275330550948345,0.0275330550948345,0.0315287029844548,0.0875,0,0,0,1,1,0,0,0.969309876362478,3.499863031724806
20261017,env__v~tiankampmann2021%5Fcrispra__v~ipsc-induced%5Fneuron__v~rna__v~baseline,tian_neuron_crispra,env__v~tiankampmann2021%5Fcrispri__v~ipsc-induced%5Fneuron__v~rna__v~baseline,tian_neuron_crispri,u_only_rf,u_only_rf,ptl_rf,60,843,114,0.2270264322970309,0.3754090179085645,shared_identity_free_random_forest,shared_identity_free_random_forest,0.5091017323283328,0.5015190626904851,0.0393033254166305,0.0317206557787828,0.0075826696378477,0.0075826696378477,0.0062486104691935,0.0,0,1,0,1,1,0,0,0.3959560916051236,0.0875105243556951
20261017,env__v~tiankampmann2021%5Fcrispra__v~ipsc-induced%5Fneuron__v~rna__v~baseline,tian_neuron_crispra,env__v~xucao2023__v~hek293__v~rna__v~baseline,xu_he293,u_only_rf,u_only_rf,ptl_rf,60,843,114,0.2577043823921829,0.3754090179085645,shared_identity_free_random_forest,shared_identity_free_random_forest,0.6478632540132235,0.6535358904394506,0.0630179701527015,0.0686906065789285,-0.005672636426227,-0.005672636426227,0.0011511477861104,0.0108695652173913,0,0,0,1,1,0,0,0.4340084125485057,1.0191569528407154
20261017,env__v~tiankampmann2021%5Fcrispri__v~ipsc-induced%5Fneuron__v~rna__v~baseline,tian_neuron_crispri,env__v~frangiehizar2021%5Frna__v~patient-derived%5Fmelanoma__v~rna__v~co-culture,frangieh_melanoma_coculture,u_only_rf,u_only_rf,ptl_rf,108,807,150,0.2897043869728231,0.3969050294186751,shared_identity_free_random_forest,shared_identity_free_random_forest,0.831281565891148,0.8239834664896729,0.0810601394391224,0.0737620400376474,0.007298099401475,0.007298099401475,-0.0010975801366558,0.0,0,0,0,0,0,0,0,0.6730209069303758,0.3432930160756047
20261017,env__v~tiankampmann2021%5Fcrispri__v~ipsc-induced%5Fneuron__v~rna__v~baseline,tian_neuron_crispri,env__v~frangiehizar2021%5Frna__v~patient-derived%5Fmelanoma__v~rna__v~control,frangieh_melanoma_control,u_only_rf,u_only_rf,ptl_rf,108,807,150,0.264593942635856,0.3969050294186751,shared_identity_free_random_forest,shared_identity_free_random_forest,0.7156867525442108,0.7000883139223373,0.1058634372286962,0.0902649986068228,0.0155984386218734,0.0155984386218734,0.0003219112554787,-0.0083333333333333,0,0,0,0,0,0,0,0.933431268742017,0.3140320816452455
20261017,env__v~tiankampmann2021%5Fcrispri__v~ipsc-induced%5Fneuron__v~rna__v~baseline,tian_neuron_crispri,env__v~frangiehizar2021%5Frna__v~patient-derived%5Fmelanoma__v~rna__v~ifn%CE%B3,frangieh_melanoma_ifng,u_only_rf,u_only_rf,ptl_rf,108,804,150,0.2649275380941844,0.3969050294186751,shared_identity_free_random_forest,shared_identity_free_random_forest,0.7352259166104689,0.702809832804939,0.1107884285888325,0.0783723447833026,0.0324160838055298,0.0324160838055298,0.0132788529760423,0.0416666666666666,0,0,0,0,0,0,0,0.9034262971273472,0.3602610373673584
20261017,env__v~tiankampmann2021%5Fcrispri__v~ipsc-induced%5Fneuron__v~rna__v~baseline,tian_neuron_crispri,env__v~normanweissman2019%5Ffiltered__v~k562__v~rna__v~baseline,norman_k562,u_only_rf,u_only_rf,ptl_rf,108,810,144,0.2203384965461712,0.3969050294186751,shared_identity_free_random_forest,shared_identity_free_random_forest,0.3731305034405519,0.3672784588206444,0.2006646160039504,0.194812571384043,0.0058520446199074,0.0058520446199074,0.0024576313493336,0.0172413793103447,0,0,0,1,1,0,0,2.1295428149499087,0.9496870241020337
20261017,env__v~tiankampmann2021%5Fcrispri__v~ipsc-induced%5Fneuron__v~rna__v~baseline,tian_neuron_crispri,env__v~replogleweissman2022%5Frpe1__v~rpe1__v~rna__v~baseline,replogle_rpe1,u_only_rf,u_only_rf,ptl_rf,108,852,99,0.2746761159606971,0.3969050294186751,shared_identity_free_random_forest,shared_identity_free_random_forest,0.8963467191189199,0.8782575765306726,0.1913607140156222,0.1732715714273749,0.0180891425882473,0.0180891425882473,0.0151655233296784,0.0374999999999999,0,0,1,1,1,0,0,1.4097762776765923,3.548859736744137
20261017,env__v~tiankampmann2021%5Fcrispri__v~ipsc-induced%5Fneuron__v~rna__v~baseline,tian_neuron_crispri,env__v~tiankampmann2021%5Fcrispra__v~ipsc-induced%5Fneuron__v~rna__v~baseline,tian_neuron_crispra,u_only_rf,u_only_rf,ptl_rf,108,891,60,0.2374393702401137,0.3969050294186751,shared_identity_free_random_forest,shared_identity_free_random_forest,0.4916666128479424,0.4735400231639212,0.0730586345248743,0.0549320448408531,0.0181265896840212,0.0181265896840212,0.0135710096719691,0.0,0,1,0,1,1,0,0,0.4199432826862793,0.1186250584381619
20261017,env__v~tiankampmann2021%5Fcrispri__v~ipsc-induced%5Fneuron__v~rna__v~baseline,tian_neuron_crispri,env__v~xucao2023__v~hek293__v~rna__v~baseline,xu_he293,u_only_rf,u_only_rf,ptl_rf,108,843,114,0.2577043823921829,0.3969050294186751,shared_identity_free_random_forest,shared_identity_free_random_forest,0.6478632540132235,0.6462830159802244,0.0630179701527015,0.0614377321197023,0.0015802380329991,0.0015802380329991,-7.548468827089927e-05,-0.0108695652173912,0,0,1,1,1,0,0,0.700550614469538,1.0705171457508853
20261017,env__v~xucao2023__v~hek293__v~rna__v~baseline,xu_he293,env__v~frangiehizar2021%5Frna__v~patient-derived%5Fmelanoma__v~rna__v~co-culture,frangieh_melanoma_coculture,u_only_rf,u_only_rf,ptl_rf,108,807,150,0.2897043869728231,0.2245157820795112,shared_identity_free_random_forest,shared_identity_free_random_forest,0.831281565891148,0.8477778217838403,0.0810601394391224,0.0975563953318148,-0.0164962558926923,-0.0164962558926923,0.0054591662227264,0.0,0,0,0,0,0,0,0,1.04231477223821,1.0335917770460346
20261017,env__v~xucao2023__v~hek293__v~rna__v~baseline,xu_he293,env__v~frangiehizar2021%5Frna__v~patient-derived%5Fmelanoma__v~rna__v~control,frangieh_melanoma_control,u_only_rf,u_only_rf,ptl_rf,108,807,150,0.264593942635856,0.2245157820795112,shared_identity_free_random_forest,shared_identity_free_random_forest,0.7156867525442108,0.724200686894478,0.1058634372286962,0.1143773715789635,-0.0085139343502672,-0.0085139343502672,0.0010152691254231,-0.0083333333333333,0,0,0,0,0,0,0,1.1340146493161096,1.0477517978837754
20261017,env__v~xucao2023__v~hek293__v~rna__v~baseline,xu_he293,env__v~frangiehizar2021%5Frna__v~patient-derived%5Fmelanoma__v~rna__v~ifn%CE%B3,frangieh_melanoma_ifng,u_only_rf,u_only_rf,ptl_rf,108,804,150,0.2649275380941844,0.2245157820795112,shared_identity_free_random_forest,shared_identity_free_random_forest,0.7352259166104689,0.7293246719219485,0.1107884285888325,0.1048871839003121,0.0059012446885203,0.0059012446885203,0.0127668671531612,0.0499999999999999,0,0,0,0,0,0,0,1.0655489403640372,0.9809397753673718
20261017,env__v~xucao2023__v~hek293__v~rna__v~baseline,xu_he293,env__v~normanweissman2019%5Ffiltered__v~k562__v~rna__v~baseline,norman_k562,u_only_rf,u_only_rf,ptl_rf,108,810,144,0.2203384965461712,0.2245157820795112,shared_identity_free_random_forest,shared_identity_free_random_forest,0.3731305034405519,0.4242207237878652,0.2006646160039504,0.2517548363512638,-0.0510902203473133,-0.0510902203473133,-0.001719442789619,0.0172413793103447,0,0,0,1,1,0,0,1.5653863923107474,1.0919835625209784
20261017,env__v~xucao2023__v~hek293__v~rna__v~baseline,xu_he293,env__v~replogleweissman2022%5Frpe1__v~rpe1__v~rna__v~baseline,replogle_rpe1,u_only_rf,u_only_rf,ptl_rf,108,852,99,0.2746761159606971,0.2245157820795112,shared_identity_free_random_forest,shared_identity_free_random_forest,0.8963467191189199,0.8745464412491673,0.1913607140156222,0.1695604361458695,0.0218002778697526,0.0218002778697526,0.0237039287907026,0.0499999999999999,0,0,1,1,1,0,0,0.9145608087932,2.215489843079127
20261017,env__v~xucao2023__v~hek293__v~rna__v~baseline,xu_he293,env__v~tiankampmann2021%5Fcrispra__v~ipsc-induced%5Fneuron__v~rna__v~baseline,tian_neuron_crispra,u_only_rf,u_only_rf,ptl_rf,108,891,60,0.2374393702401137,0.2245157820795112,shared_identity_free_random_forest,shared_identity_free_random_forest,0.4916666128479424,0.526595271545657,0.0730586345248743,0.1079872932225888,-0.0349286586977145,-0.0349286586977145,0.0095189656220994,0.0,0,0,0,1,1,0,0,0.5354054779498492,1.2344898188934958
20261017,env__v~xucao2023__v~hek293__v~rna__v~baseline,xu_he293,env__v~tiankampmann2021%5Fcrispri__v~ipsc-induced%5Fneuron__v~rna__v~baseline,tian_neuron_crispri,u_only_rf,u_only_rf,ptl_rf,108,843,114,0.2270264322970309,0.2245157820795112,shared_identity_free_random_forest,shared_identity_free_random_forest,0.5091017323283328,0.5263789136588871,0.0393033254166305,0.0565805067471849,-0.0172771813305543,-0.0172771813305543,-0.0145426527944722,0.0,0,0,1,1,1,0,0,0.7518461366718201,1.2475879255492677
