environment_id,environment_key,dataset_id,perturbation_label,n_reference_groups,left_reference_groups,right_reference_groups,split_half_cosine,gene_count,split_seed,reproducibility_unit,used_in_ptl_features,raw_cell_expression_split
env__v~normanweissman2019%5Ffiltered__v~k562__v~rna__v~baseline,norman_k562,NormanWeissman2019_filtered,AHR,8,4,4,0.8182553133607933,33695,20260907,independent_reference_groups,0,0
env__v~normanweissman2019%5Ffiltered__v~k562__v~rna__v~baseline,norman_k562,NormanWeissman2019_filtered,AHR_FEV,8,4,4,0.9147651048559229,33695,20260907,independent_reference_groups,0,0
env__v~normanweissman2019%5Ffiltered__v~k562__v~rna__v~baseline,norman_k562,NormanWeissman2019_filtered,AHR_KLF1,8,4,4,0.8567121517096556,33695,20260907,independent_reference_groups,0,0
env__v~normanweissman2019%5Ffiltered__v~k562__v~rna__v~baseline,norman_k562,NormanWeissman2019_filtered,ARID1A,8,4,4,0.8574544042853612,33695,20260907,independent_reference_groups,0,0
env__v~normanweissman2019%5Ffiltered__v~k562__v~rna__v~baseline,norman_k562,NormanWeissman2019_filtered,ARRDC3,8,4,4,0.5808732051875684,33695,20260907,independent_reference_groups,0,0
env__v~normanweissman2019%5Ffiltered__v~k562__v~rna__v~baseline,norman_k562,NormanWeissman2019_filtered,ATL1,8,4,4,0.875667303931674,33695,20260907,independent_reference_groups,0,0
env__v~normanweissman2019%5Ffiltered__v~k562__v~rna__v~baseline,norman_k562,NormanWeissman2019_filtered,BAK1,8,4,4,0.47789035891465187,33695,20260907,independent_reference_groups,0,0
env__v~normanweissman2019%5Ffiltered__v~k562__v~rna__v~baseline,norman_k562,NormanWeissman2019_filtered,BCL2L11,8,4,4,0.06796409369657243,33695,20260907,independent_reference_groups,0,0
env__v~normanweissman2019%5Ffiltered__v~k562__v~rna__v~baseline,norman_k562,NormanWeissman2019_filtered,BCL2L11_BAK1,8,4,4,0.09291248048507472,33695,20260907,independent_reference_groups,0,0
env__v~normanweissman2019%5Ffiltered__v~k562__v~rna__v~baseline,norman_k562,NormanWeissman2019_filtered,BCL2L11_TGFBR2,8,4,4,0.3736196809798813,33695,20260907,independent_reference_groups,0,0
env__v~normanweissman2019%5Ffiltered__v~k562__v~rna__v~baseline,norman_k562,NormanWeissman2019_filtered,BCORL1,8,4,4,0.5345213445344308,33695,20260907,independent_reference_groups,0,0
env__v~normanweissman2019%5Ffiltered__v~k562__v~rna__v~baseline,norman_k562,NormanWeissman2019_filtered,BPGM,8,4,4,0.7929570488133495,33695,20260907,independent_reference_groups,0,0
env__v~normanweissman2019%5Ffiltered__v~k562__v~rna__v~baseline,norman_k562,NormanWeissman2019_filtered,BPGM_SAMD1,8,4,4,0.8655397617439979,33695,20260907,independent_reference_groups,0,0
env__v~normanweissman2019%5Ffiltered__v~k562__v~rna__v~baseline,norman_k562,NormanWeissman2019_filtered,BPGM_ZBTB1,8,4,4,0.8489497030412207,33695,20260907,independent_reference_groups,0,0
env__v~normanweissman2019%5Ffiltered__v~k562__v~rna__v~baseline,norman_k562,NormanWeissman2019_filtered,C19orf26,8,4,4,0.6830722095310924,33695,20260907,independent_reference_groups,0,0
env__v~normanweissman2019%5Ffiltered__v~k562__v~rna__v~baseline,norman_k562,NormanWeissman2019_filtered,C3orf72,8,4,4,0.7598247730227041,33695,20260907,independent_reference_groups,0,0
env__v~normanweissman2019%5Ffiltered__v~k562__v~rna__v~baseline,norman_k562,NormanWeissman2019_filtered,CBFA2T3,8,4,4,0.7756238509416583,33695,20260907,independent_reference_groups,0,0
env__v~normanweissman2019%5Ffiltered__v~k562__v~rna__v~baseline,norman_k562,NormanWeissman2019_filtered,CBL,8,4,4,0.7827509494170283,33695,20260907,independent_reference_groups,0,0
env__v~normanweissman2019%5Ffiltered__v~k562__v~rna__v~baseline,norman_k562,NormanWeissman2019_filtered,CBL_CNN1,8,4,4,0.9266035239607613,33695,20260907,independent_reference_groups,0,0
env__v~normanweissman2019%5Ffiltered__v~k562__v~rna__v~baseline,norman_k562,NormanWeissman2019_filtered,CBL_PTPN12,8,4,4,0.8813130558699314,33695,20260907,independent_reference_groups,0,0
env__v~normanweissman2019%5Ffiltered__v~k562__v~rna__v~baseline,norman_k562,NormanWeissman2019_filtered,CBL_PTPN9,8,4,4,0.8680132983584429,33695,20260907,independent_reference_groups,0,0
env__v~normanweissman2019%5Ffiltered__v~k562__v~rna__v~baseline,norman_k562,NormanWeissman2019_filtered,CBL_TGFBR2,8,4,4,0.6785299259337323,33695,20260907,independent_reference_groups,0,0
env__v~normanweissman2019%5Ffiltered__v~k562__v~rna__v~baseline,norman_k562,NormanWeissman2019_filtered,CBL_UBASH3A,4,2,2,0.34160834160236375,33695,20260907,independent_reference_groups,0,0
env__v~normanweissman2019%5Ffiltered__v~k562__v~rna__v~baseline,norman_k562,NormanWeissman2019_filtered,CBL_UBASH3B,8,4,4,0.9294857161805722,33695,20260907,independent_reference_groups,0,0
env__v~normanweissman2019%5Ffiltered__v~k562__v~rna__v~baseline,norman_k562,NormanWeissman2019_filtered,CDKN1A,8,4,4,0.852293142102584,33695,20260907,independent_reference_groups,0,0
env__v~normanweissman2019%5Ffiltered__v~k562__v~rna__v~baseline,norman_k562,NormanWeissman2019_filtered,CDKN1B,8,4,4,0.8549415345536167,33695,20260907,independent_reference_groups,0,0
env__v~normanweissman2019%5Ffiltered__v~k562__v~rna__v~baseline,norman_k562,NormanWeissman2019_filtered,CDKN1B_CDKN1A,7,3,4,0.773097584697848,33695,20260907,independent_reference_groups,0,0
env__v~normanweissman2019%5Ffiltered__v~k562__v~rna__v~baseline,norman_k562,NormanWeissman2019_filtered,CDKN1C,8,4,4,0.8059915048448131,33695,20260907,independent_reference_groups,0,0
env__v~normanweissman2019%5Ffiltered__v~k562__v~rna__v~baseline,norman_k562,NormanWeissman2019_filtered,CDKN1C_CDKN1A,7,3,4,0.7362992535827786,33695,20260907,independent_reference_groups,0,0
env__v~normanweissman2019%5Ffiltered__v~k562__v~rna__v~baseline,norman_k562,NormanWeissman2019_filtered,CDKN1C_CDKN1B,6,3,3,0.7365625348590681,33695,20260907,independent_reference_groups,0,0
env__v~normanweissman2019%5Ffiltered__v~k562__v~rna__v~baseline,norman_k562,NormanWeissman2019_filtered,CEBPA,8,4,4,0.9632877034890014,33695,20260907,independent_reference_groups,0,0
env__v~normanweissman2019%5Ffiltered__v~k562__v~rna__v~baseline,norman_k562,NormanWeissman2019_filtered,CEBPB,8,4,4,0.9223511163037731,33695,20260907,independent_reference_groups,0,0
env__v~normanweissman2019%5Ffiltered__v~k562__v~rna__v~baseline,norman_k562,NormanWeissman2019_filtered,CEBPB_CEBPA,2,1,1,0.442323360067208,33695,20260907,independent_reference_groups,0,0
env__v~normanweissman2019%5Ffiltered__v~k562__v~rna__v~baseline,norman_k562,NormanWeissman2019_filtered,CEBPB_MAPK1,8,4,4,0.910242415164686,33695,20260907,independent_reference_groups,0,0
env__v~normanweissman2019%5Ffiltered__v~k562__v~rna__v~baseline,norman_k562,NormanWeissman2019_filtered,CEBPB_OSR2,8,4,4,0.8728493518127807,33695,20260907,independent_reference_groups,0,0
env__v~normanweissman2019%5Ffiltered__v~k562__v~rna__v~baseline,norman_k562,NormanWeissman2019_filtered,CEBPB_PTPN12,8,4,4,0.8073498579162882,33695,20260907,independent_reference_groups,0,0
env__v~normanweissman2019%5Ffiltered__v~k562__v~rna__v~baseline,norman_k562,NormanWeissman2019_filtered,CEBPE,8,4,4,0.9706800550577577,33695,20260907,independent_reference_groups,0,0
env__v~normanweissman2019%5Ffiltered__v~k562__v~rna__v~baseline,norman_k562,NormanWeissman2019_filtered,CEBPE_CEBPA,8,4,4,0.8971132300670054,33695,20260907,independent_reference_groups,0,0
env__v~normanweissman2019%5Ffiltered__v~k562__v~rna__v~baseline,norman_k562,NormanWeissman2019_filtered,CEBPE_CEBPB,8,4,4,0.8308093304346935,33695,20260907,independent_reference_groups,0,0
env__v~normanweissman2019%5Ffiltered__v~k562__v~rna__v~baseline,norman_k562,NormanWeissman2019_filtered,CEBPE_CNN1,8,4,4,0.7748244738164477,33695,20260907,independent_reference_groups,0,0
env__v~normanweissman2019%5Ffiltered__v~k562__v~rna__v~baseline,norman_k562,NormanWeissman2019_filtered,CEBPE_KLF1,8,4,4,0.7772378540662779,33695,20260907,independent_reference_groups,0,0
env__v~normanweissman2019%5Ffiltered__v~k562__v~rna__v~baseline,norman_k562,NormanWeissman2019_filtered,CEBPE_PTPN12,8,4,4,0.8137961182630162,33695,20260907,independent_reference_groups,0,0
env__v~normanweissman2019%5Ffiltered__v~k562__v~rna__v~baseline,norman_k562,NormanWeissman2019_filtered,CEBPE_RUNX1T1,8,4,4,0.9228093382481134,33695,20260907,independent_reference_groups,0,0
env__v~normanweissman2019%5Ffiltered__v~k562__v~rna__v~baseline,norman_k562,NormanWeissman2019_filtered,CEBPE_SPI1,8,4,4,0.9238350206612906,33695,20260907,independent_reference_groups,0,0
env__v~normanweissman2019%5Ffiltered__v~k562__v~rna__v~baseline,norman_k562,NormanWeissman2019_filtered,CELF2,8,4,4,0.6373168276115218,33695,20260907,independent_reference_groups,0,0
env__v~normanweissman2019%5Ffiltered__v~k562__v~rna__v~baseline,norman_k562,NormanWeissman2019_filtered,CITED1,8,4,4,0.7610904124817457,33695,20260907,independent_reference_groups,0,0
env__v~normanweissman2019%5Ffiltered__v~k562__v~rna__v~baseline,norman_k562,NormanWeissman2019_filtered,CKS1B,8,4,4,0.7874992630394193,33695,20260907,independent_reference_groups,0,0
env__v~normanweissman2019%5Ffiltered__v~k562__v~rna__v~baseline,norman_k562,NormanWeissman2019_filtered,CLDN6,8,4,4,0.9212420010514895,33695,20260907,independent_reference_groups,0,0
env__v~normanweissman2019%5Ffiltered__v~k562__v~rna__v~baseline,norman_k562,NormanWeissman2019_filtered,CNN1,8,4,4,0.8768460857923295,33695,20260907,independent_reference_groups,0,0
env__v~normanweissman2019%5Ffiltered__v~k562__v~rna__v~baseline,norman_k562,NormanWeissman2019_filtered,CNN1_MAPK1,8,4,4,0.8188469348473801,33695,20260907,independent_reference_groups,0,0
env__v~normanweissman2019%5Ffiltered__v~k562__v~rna__v~baseline,norman_k562,NormanWeissman2019_filtered,CNN1_UBASH3A,8,4,4,0.8725300040917238,33695,20260907,independent_reference_groups,0,0
env__v~normanweissman2019%5Ffiltered__v~k562__v~rna__v~baseline,norman_k562,NormanWeissman2019_filtered,CNNM4,8,4,4,0.6772300341310867,33695,20260907,independent_reference_groups,0,0
env__v~normanweissman2019%5Ffiltered__v~k562__v~rna__v~baseline,norman_k562,NormanWeissman2019_filtered,COL1A1,8,4,4,0.8876417159548361,33695,20260907,independent_reference_groups,0,0
env__v~normanweissman2019%5Ffiltered__v~k562__v~rna__v~baseline,norman_k562,NormanWeissman2019_filtered,COL2A1,8,4,4,0.9152117365959436,33695,20260907,independent_reference_groups,0,0
env__v~normanweissman2019%5Ffiltered__v~k562__v~rna__v~baseline,norman_k562,NormanWeissman2019_filtered,CSRNP1,8,4,4,0.5465441766343032,33695,20260907,independent_reference_groups,0,0
env__v~normanweissman2019%5Ffiltered__v~k562__v~rna__v~baseline,norman_k562,NormanWeissman2019_filtered,DLX2,8,4,4,0.850643018554632,33695,20260907,independent_reference_groups,0,0
env__v~normanweissman2019%5Ffiltered__v~k562__v~rna__v~baseline,norman_k562,NormanWeissman2019_filtered,DUSP9,8,4,4,0.925008201770615,33695,20260907,independent_reference_groups,0,0
env__v~normanweissman2019%5Ffiltered__v~k562__v~rna__v~baseline,norman_k562,NormanWeissman2019_filtered,DUSP9_ETS2,8,4,4,0.9059040500891365,33695,20260907,independent_reference_groups,0,0
env__v~normanweissman2019%5Ffiltered__v~k562__v~rna__v~baseline,norman_k562,NormanWeissman2019_filtered,DUSP9_IGDCC3,8,4,4,0.9141657118732096,33695,20260907,independent_reference_groups,0,0
env__v~normanweissman2019%5Ffiltered__v~k562__v~rna__v~baseline,norman_k562,NormanWeissman2019_filtered,DUSP9_KLF1,8,4,4,0.9080463391743965,33695,20260907,independent_reference_groups,0,0
env__v~normanweissman2019%5Ffiltered__v~k562__v~rna__v~baseline,norman_k562,NormanWeissman2019_filtered,DUSP9_MAPK1,8,4,4,0.6130915183040629,33695,20260907,independent_reference_groups,0,0
env__v~normanweissman2019%5Ffiltered__v~k562__v~rna__v~baseline,norman_k562,NormanWeissman2019_filtered,DUSP9_PRTG,8,4,4,0.8952499156758358,33695,20260907,independent_reference_groups,0,0
env__v~normanweissman2019%5Ffiltered__v~k562__v~rna__v~baseline,norman_k562,NormanWeissman2019_filtered,DUSP9_SNAI1,8,4,4,0.8954059425430416,33695,20260907,independent_reference_groups,0,0
env__v~normanweissman2019%5Ffiltered__v~k562__v~rna__v~baseline,norman_k562,NormanWeissman2019_filtered,EGR1,8,4,4,0.6146597454373545,33695,20260907,independent_reference_groups,0,0
env__v~normanweissman2019%5Ffiltered__v~k562__v~rna__v~baseline,norman_k562,NormanWeissman2019_filtered,ELMSAN1,8,4,4,0.7219829604760666,33695,20260907,independent_reference_groups,0,0
env__v~normanweissman2019%5Ffiltered__v~k562__v~rna__v~baseline,norman_k562,NormanWeissman2019_filtered,ETS2,8,4,4,0.8860333383360169,33695,20260907,independent_reference_groups,0,0
env__v~normanweissman2019%5Ffiltered__v~k562__v~rna__v~baseline,norman_k562,NormanWeissman2019_filtered,ETS2_CEBPE,8,4,4,0.881223143229585,33695,20260907,independent_reference_groups,0,0
env__v~normanweissman2019%5Ffiltered__v~k562__v~rna__v~baseline,norman_k562,NormanWeissman2019_filtered,ETS2_CNN1,8,4,4,0.863224315056793,33695,20260907,independent_reference_groups,0,0
env__v~normanweissman2019%5Ffiltered__v~k562__v~rna__v~baseline,norman_k562,NormanWeissman2019_filtered,ETS2_IGDCC3,8,4,4,0.7821718057547198,33695,20260907,independent_reference_groups,0,0
env__v~normanweissman2019%5Ffiltered__v~k562__v~rna__v~baseline,norman_k562,NormanWeissman2019_filtered,ETS2_IKZF3,8,4,4,0.9368658412010636,33695,20260907,independent_reference_groups,0,0
env__v~normanweissman2019%5Ffiltered__v~k562__v~rna__v~baseline,norman_k562,NormanWeissman2019_filtered,ETS2_MAP7D1,8,4,4,0.820034062321971,33695,20260907,independent_reference_groups,0,0
env__v~normanweissman2019%5Ffiltered__v~k562__v~rna__v~baseline,norman_k562,NormanWeissman2019_filtered,ETS2_MAPK1,8,4,4,0.9347701694722657,33695,20260907,independent_reference_groups,0,0
env__v~normanweissman2019%5Ffiltered__v~k562__v~rna__v~baseline,norman_k562,NormanWeissman2019_filtered,ETS2_PRTG,8,4,4,0.8220625189626152,33695,20260907,independent_reference_groups,0,0
env__v~normanweissman2019%5Ffiltered__v~k562__v~rna__v~baseline,norman_k562,NormanWeissman2019_filtered,FEV,8,4,4,0.9209918907218297,33695,20260907,independent_reference_groups,0,0
env__v~normanweissman2019%5Ffiltered__v~k562__v~rna__v~baseline,norman_k562,NormanWeissman2019_filtered,FEV_CBFA2T3,8,4,4,0.8788767352320461,33695,20260907,independent_reference_groups,0,0
env__v~normanweissman2019%5Ffiltered__v~k562__v~rna__v~baseline,norman_k562,NormanWeissman2019_filtered,FEV_ISL2,8,4,4,0.9032887891453942,33695,20260907,independent_reference_groups,0,0
env__v~normanweissman2019%5Ffiltered__v~k562__v~rna__v~baseline,norman_k562,NormanWeissman2019_filtered,FEV_MAP7D1,8,4,4,0.8674845702473121,33695,20260907,independent_reference_groups,0,0
env__v~normanweissman2019%5Ffiltered__v~k562__v~rna__v~baseline,norman_k562,NormanWeissman2019_filtered,FOSB,8,4,4,0.7780804095026091,33695,20260907,independent_reference_groups,0,0
env__v~normanweissman2019%5Ffiltered__v~k562__v~rna__v~baseline,norman_k562,NormanWeissman2019_filtered,FOSB_CEBPB,2,1,1,0.558403390573369,33695,20260907,independent_reference_groups,0,0
env__v~normanweissman2019%5Ffiltered__v~k562__v~rna__v~baseline,norman_k562,NormanWeissman2019_filtered,FOSB_CEBPE,8,4,4,0.8727870907088131,33695,20260907,independent_reference_groups,0,0
env__v~normanweissman2019%5Ffiltered__v~k562__v~rna__v~baseline,norman_k562,NormanWeissman2019_filtered,FOSB_IKZF3,8,4,4,0.8284711375415883,33695,20260907,independent_reference_groups,0,0
env__v~normanweissman2019%5Ffiltered__v~k562__v~rna__v~baseline,norman_k562,NormanWeissman2019_filtered,FOSB_OSR2,8,4,4,0.8956321529524053,33695,20260907,independent_reference_groups,0,0
env__v~normanweissman2019%5Ffiltered__v~k562__v~rna__v~baseline,norman_k562,NormanWeissman2019_filtered,FOSB_PTPN12,8,4,4,0.6926038586283383,33695,20260907,independent_reference_groups,0,0
env__v~normanweissman2019%5Ffiltered__v~k562__v~rna__v~baseline,norman_k562,NormanWeissman2019_filtered,FOSB_UBASH3B,8,4,4,0.6864108358809997,33695,20260907,independent_reference_groups,0,0
env__v~normanweissman2019%5Ffiltered__v~k562__v~rna__v~baseline,norman_k562,NormanWeissman2019_filtered,FOXA1,8,4,4,0.7966818744646814,33695,20260907,independent_reference_groups,0,0
env__v~normanweissman2019%5Ffiltered__v~k562__v~rna__v~baseline,norman_k562,NormanWeissman2019_filtered,FOXA1_FOXF1,8,4,4,0.8324370201902884,33695,20260907,independent_reference_groups,0,0
env__v~normanweissman2019%5Ffiltered__v~k562__v~rna__v~baseline,norman_k562,NormanWeissman2019_filtered,FOXA1_FOXL2,8,4,4,0.7898435363573749,33695,20260907,independent_reference_groups,0,0
env__v~normanweissman2019%5Ffiltered__v~k562__v~rna__v~baseline,norman_k562,NormanWeissman2019_filtered,FOXA1_HOXB9,8,4,4,0.8883256785586855,33695,20260907,independent_reference_groups,0,0
env__v~normanweissman2019%5Ffiltered__v~k562__v~rna__v~baseline,norman_k562,NormanWeissman2019_filtered,FOXA3,8,4,4,0.8112758371100165,33695,20260907,independent_reference_groups,0,0
env__v~normanweissman2019%5Ffiltered__v~k562__v~rna__v~baseline,norman_k562,NormanWeissman2019_filtered,FOXA3_FOXA1,8,4,4,0.8506849960611753,33695,20260907,independent_reference_groups,0,0
env__v~normanweissman2019%5Ffiltered__v~k562__v~rna__v~baseline,norman_k562,NormanWeissman2019_filtered,FOXA3_FOXF1,8,4,4,0.7452787801429839,33695,20260907,independent_reference_groups,0,0
env__v~normanweissman2019%5Ffiltered__v~k562__v~rna__v~baseline,norman_k562,NormanWeissman2019_filtered,FOXA3_FOXL2,8,4,4,0.8190964470049211,33695,20260907,independent_reference_groups,0,0
env__v~normanweissman2019%5Ffiltered__v~k562__v~rna__v~baseline,norman_k562,NormanWeissman2019_filtered,FOXA3_HOXB9,8,4,4,0.9086832173365789,33695,20260907,independent_reference_groups,0,0
env__v~normanweissman2019%5Ffiltered__v~k562__v~rna__v~baseline,norman_k562,NormanWeissman2019_filtered,FOXF1,8,4,4,0.662758762788543,33695,20260907,independent_reference_groups,0,0
env__v~normanweissman2019%5Ffiltered__v~k562__v~rna__v~baseline,norman_k562,NormanWeissman2019_filtered,FOXF1_FOXL2,8,4,4,0.836836141472771,33695,20260907,independent_reference_groups,0,0
env__v~normanweissman2019%5Ffiltered__v~k562__v~rna__v~baseline,norman_k562,NormanWeissman2019_filtered,FOXF1_HOXB9,8,4,4,0.8056829205226915,33695,20260907,independent_reference_groups,0,0
env__v~normanweissman2019%5Ffiltered__v~k562__v~rna__v~baseline,norman_k562,NormanWeissman2019_filtered,FOXL2,8,4,4,0.8646049672595182,33695,20260907,independent_reference_groups,0,0
env__v~normanweissman2019%5Ffiltered__v~k562__v~rna__v~baseline,norman_k562,NormanWeissman2019_filtered,FOXL2_HOXB9,5,2,3,0.7097267091491472,33695,20260907,independent_reference_groups,0,0
env__v~normanweissman2019%5Ffiltered__v~k562__v~rna__v~baseline,norman_k562,NormanWeissman2019_filtered,FOXL2_MEIS1,8,4,4,0.780649265840624,33695,20260907,independent_reference_groups,0,0
env__v~normanweissman2019%5Ffiltered__v~k562__v~rna__v~baseline,norman_k562,NormanWeissman2019_filtered,FOXO4,8,4,4,0.8095732447128534,33695,20260907,independent_reference_groups,0,0
env__v~normanweissman2019%5Ffiltered__v~k562__v~rna__v~baseline,norman_k562,NormanWeissman2019_filtered,GLB1L2,8,4,4,0.7107378182875683,33695,20260907,independent_reference_groups,0,0
env__v~normanweissman2019%5Ffiltered__v~k562__v~rna__v~baseline,norman_k562,NormanWeissman2019_filtered,HES7,7,3,4,0.8186348299512889,33695,20260907,independent_reference_groups,0,0
env__v~normanweissman2019%5Ffiltered__v~k562__v~rna__v~baseline,norman_k562,NormanWeissman2019_filtered,HK2,8,4,4,0.5078635253976582,33695,20260907,independent_reference_groups,0,0
env__v~normanweissman2019%5Ffiltered__v~k562__v~rna__v~baseline,norman_k562,NormanWeissman2019_filtered,HNF4A,8,4,4,0.8523607515045512,33695,20260907,independent_reference_groups,0,0
env__v~normanweissman2019%5Ffiltered__v~k562__v~rna__v~baseline,norman_k562,NormanWeissman2019_filtered,HOXA13,8,4,4,0.88799341579562,33695,20260907,independent_reference_groups,0,0
env__v~normanweissman2019%5Ffiltered__v~k562__v~rna__v~baseline,norman_k562,NormanWeissman2019_filtered,HOXB9,8,4,4,0.8482440542892701,33695,20260907,independent_reference_groups,0,0
env__v~normanweissman2019%5Ffiltered__v~k562__v~rna__v~baseline,norman_k562,NormanWeissman2019_filtered,HOXC13,8,4,4,0.8865384116030195,33695,20260907,independent_reference_groups,0,0
env__v~normanweissman2019%5Ffiltered__v~k562__v~rna__v~baseline,norman_k562,NormanWeissman2019_filtered,IER5L,8,4,4,0.8418120197125519,33695,20260907,independent_reference_groups,0,0
env__v~normanweissman2019%5Ffiltered__v~k562__v~rna__v~baseline,norman_k562,NormanWeissman2019_filtered,IGDCC3,8,4,4,0.8780154699863059,33695,20260907,independent_reference_groups,0,0
env__v~normanweissman2019%5Ffiltered__v~k562__v~rna__v~baseline,norman_k562,NormanWeissman2019_filtered,IGDCC3_MAPK1,8,4,4,0.7357346779860673,33695,20260907,independent_reference_groups,0,0
env__v~normanweissman2019%5Ffiltered__v~k562__v~rna__v~baseline,norman_k562,NormanWeissman2019_filtered,IGDCC3_PRTG,8,4,4,0.7156823920914883,33695,20260907,independent_reference_groups,0,0
env__v~normanweissman2019%5Ffiltered__v~k562__v~rna__v~baseline,norman_k562,NormanWeissman2019_filtered,IGDCC3_ZBTB25,7,3,4,0.8021680974131417,33695,20260907,independent_reference_groups,0,0
env__v~normanweissman2019%5Ffiltered__v~k562__v~rna__v~baseline,norman_k562,NormanWeissman2019_filtered,IKZF3,8,4,4,0.959317466716916,33695,20260907,independent_reference_groups,0,0
env__v~normanweissman2019%5Ffiltered__v~k562__v~rna__v~baseline,norman_k562,NormanWeissman2019_filtered,IRF1,8,4,4,0.8908025189783847,33695,20260907,independent_reference_groups,0,0
env__v~normanweissman2019%5Ffiltered__v~k562__v~rna__v~baseline,norman_k562,NormanWeissman2019_filtered,IRF1_SET,8,4,4,0.9460894455512712,33695,20260907,independent_reference_groups,0,0
env__v~normanweissman2019%5Ffiltered__v~k562__v~rna__v~baseline,norman_k562,NormanWeissman2019_filtered,ISL2,8,4,4,0.4630619716412025,33695,20260907,independent_reference_groups,0,0
env__v~normanweissman2019%5Ffiltered__v~k562__v~rna__v~baseline,norman_k562,NormanWeissman2019_filtered,JUN,8,4,4,0.7833993599221132,33695,20260907,independent_reference_groups,0,0
env__v~normanweissman2019%5Ffiltered__v~k562__v~rna__v~baseline,norman_k562,NormanWeissman2019_filtered,JUN_CEBPA,3,1,2,0.6946111123070887,33695,20260907,independent_reference_groups,0,0
env__v~normanweissman2019%5Ffiltered__v~k562__v~rna__v~baseline,norman_k562,NormanWeissman2019_filtered,KIAA1804,8,4,4,0.4631024803351408,33695,20260907,independent_reference_groups,0,0
env__v~normanweissman2019%5Ffiltered__v~k562__v~rna__v~baseline,norman_k562,NormanWeissman2019_filtered,KIF18B,8,4,4,0.3907668959951167,33695,20260907,independent_reference_groups,0,0
env__v~normanweissman2019%5Ffiltered__v~k562__v~rna__v~baseline,norman_k562,NormanWeissman2019_filtered,KIF18B_KIF2C,6,3,3,0.1426362077397647,33695,20260907,independent_reference_groups,0,0
env__v~normanweissman2019%5Ffiltered__v~k562__v~rna__v~baseline,norman_k562,NormanWeissman2019_filtered,KIF2C,8,4,4,0.4586311556315294,33695,20260907,independent_reference_groups,0,0
env__v~normanweissman2019%5Ffiltered__v~k562__v~rna__v~baseline,norman_k562,NormanWeissman2019_filtered,KLF1,8,4,4,0.9451497304322908,33695,20260907,independent_reference_groups,0,0
env__v~normanweissman2019%5Ffiltered__v~k562__v~rna__v~baseline,norman_k562,NormanWeissman2019_filtered,KLF1_BAK1,8,4,4,0.7842335437909346,33695,20260907,independent_reference_groups,0,0
env__v~normanweissman2019%5Ffiltered__v~k562__v~rna__v~baseline,norman_k562,NormanWeissman2019_filtered,KLF1_CEBPA,8,4,4,0.9326189062968191,33695,20260907,independent_reference_groups,0,0
env__v~normanweissman2019%5Ffiltered__v~k562__v~rna__v~baseline,norman_k562,NormanWeissman2019_filtered,KLF1_CLDN6,8,4,4,0.8537018014619789,33695,20260907,independent_reference_groups,0,0
env__v~normanweissman2019%5Ffiltered__v~k562__v~rna__v~baseline,norman_k562,NormanWeissman2019_filtered,KLF1_COL2A1,8,4,4,0.8735636689136833,33695,20260907,independent_reference_groups,0,0
env__v~normanweissman2019%5Ffiltered__v~k562__v~rna__v~baseline,norman_k562,NormanWeissman2019_filtered,KLF1_FOXA1,8,4,4,0.830904420543239,33695,20260907,independent_reference_groups,0,0
env__v~normanweissman2019%5Ffiltered__v~k562__v~rna__v~baseline,norman_k562,NormanWeissman2019_filtered,KLF1_MAP2K6,8,4,4,0.7293258884950822,33695,20260907,independent_reference_groups,0,0
env__v~normanweissman2019%5Ffiltered__v~k562__v~rna__v~baseline,norman_k562,NormanWeissman2019_filtered,KLF1_TGFBR2,8,4,4,0.7711790093431627,33695,20260907,independent_reference_groups,0,0
env__v~normanweissman2019%5Ffiltered__v~k562__v~rna__v~baseline,norman_k562,NormanWeissman2019_filtered,KMT2A,8,4,4,0.3767397871055834,33695,20260907,independent_reference_groups,0,0
env__v~normanweissman2019%5Ffiltered__v~k562__v~rna__v~baseline,norman_k562,NormanWeissman2019_filtered,LHX1,8,4,4,0.7624809979890013,33695,20260907,independent_reference_groups,0,0
env__v~normanweissman2019%5Ffiltered__v~k562__v~rna__v~baseline,norman_k562,NormanWeissman2019_filtered,LHX1_ELMSAN1,8,4,4,0.8708686081267559,33695,20260907,independent_reference_groups,0,0
env__v~normanweissman2019%5Ffiltered__v~k562__v~rna__v~baseline,norman_k562,NormanWeissman2019_filtered,LYL1,8,4,4,0.5527415689804251,33695,20260907,independent_reference_groups,0,0
env__v~normanweissman2019%5Ffiltered__v~k562__v~rna__v~baseline,norman_k562,NormanWeissman2019_filtered,LYL1_CEBPB,8,4,4,0.7551899016999701,33695,20260907,independent_reference_groups,0,0
env__v~normanweissman2019%5Ffiltered__v~k562__v~rna__v~baseline,norman_k562,NormanWeissman2019_filtered,LYL1_IER5L,8,4,4,0.9303230599849638,33695,20260907,independent_reference_groups,0,0
env__v~normanweissman2019%5Ffiltered__v~k562__v~rna__v~baseline,norman_k562,NormanWeissman2019_filtered,MAML2,8,4,4,0.5199540800482121,33695,20260907,independent_reference_groups,0,0
env__v~normanweissman2019%5Ffiltered__v~k562__v~rna__v~baseline,norman_k562,NormanWeissman2019_filtered,MAP2K3,8,4,4,0.7859089198040403,33695,20260907,independent_reference_groups,0,0
env__v~normanweissman2019%5Ffiltered__v~k562__v~rna__v~baseline,norman_k562,NormanWeissman2019_filtered,MAP2K3_ELMSAN1,8,4,4,0.9121186917641182,33695,20260907,independent_reference_groups,0,0
env__v~normanweissman2019%5Ffiltered__v~k562__v~rna__v~baseline,norman_k562,NormanWeissman2019_filtered,MAP2K3_IKZF3,8,4,4,0.8812959507807476,33695,20260907,independent_reference_groups,0,0
env__v~normanweissman2019%5Ffiltered__v~k562__v~rna__v~baseline,norman_k562,NormanWeissman2019_filtered,MAP2K3_MAP2K6,8,4,4,0.7850702110603174,33695,20260907,independent_reference_groups,0,0
env__v~normanweissman2019%5Ffiltered__v~k562__v~rna__v~baseline,norman_k562,NormanWeissman2019_filtered,MAP2K3_SLC38A2,8,4,4,0.7496639559631164,33695,20260907,independent_reference_groups,0,0
env__v~normanweissman2019%5Ffiltered__v~k562__v~rna__v~baseline,norman_k562,NormanWeissman2019_filtered,MAP2K6,8,4,4,0.7657091040319557,33695,20260907,independent_reference_groups,0,0
env__v~normanweissman2019%5Ffiltered__v~k562__v~rna__v~baseline,norman_k562,NormanWeissman2019_filtered,MAP2K6_ELMSAN1,8,4,4,0.8128729423059442,33695,20260907,independent_reference_groups,0,0
env__v~normanweissman2019%5Ffiltered__v~k562__v~rna__v~baseline,norman_k562,NormanWeissman2019_filtered,MAP2K6_IKZF3,8,4,4,0.8936683142553565,33695,20260907,independent_reference_groups,0,0
env__v~normanweissman2019%5Ffiltered__v~k562__v~rna__v~baseline,norman_k562,NormanWeissman2019_filtered,MAP2K6_SPI1,8,4,4,0.7132350905541969,33695,20260907,independent_reference_groups,0,0
env__v~normanweissman2019%5Ffiltered__v~k562__v~rna__v~baseline,norman_k562,NormanWeissman2019_filtered,MAP4K3,8,4,4,0.2848161406512506,33695,20260907,independent_reference_groups,0,0
env__v~normanweissman2019%5Ffiltered__v~k562__v~rna__v~baseline,norman_k562,NormanWeissman2019_filtered,MAP4K5,8,4,4,0.34095834985599127,33695,20260907,independent_reference_groups,0,0
env__v~normanweissman2019%5Ffiltered__v~k562__v~rna__v~baseline,norman_k562,NormanWeissman2019_filtered,MAP7D1,8,4,4,0.589965101956708,33695,20260907,independent_reference_groups,0,0
env__v~normanweissman2019%5Ffiltered__v~k562__v~rna__v~baseline,norman_k562,NormanWeissman2019_filtered,MAPK1,8,4,4,0.9195154069776471,33695,20260907,independent_reference_groups,0,0
env__v~normanweissman2019%5Ffiltered__v~k562__v~rna__v~baseline,norman_k562,NormanWeissman2019_filtered,MAPK1_IKZF3,8,4,4,0.8922017584537439,33695,20260907,independent_reference_groups,0,0
env__v~normanweissman2019%5Ffiltered__v~k562__v~rna__v~baseline,norman_k562,NormanWeissman2019_filtered,MAPK1_PRTG,8,4,4,0.8214800433230919,33695,20260907,independent_reference_groups,0,0
env__v~normanweissman2019%5Ffiltered__v~k562__v~rna__v~baseline,norman_k562,NormanWeissman2019_filtered,MAPK1_TGFBR2,8,4,4,0.8347127398266467,33695,20260907,independent_reference_groups,0,0
env__v~normanweissman2019%5Ffiltered__v~k562__v~rna__v~baseline,norman_k562,NormanWeissman2019_filtered,MEIS1,8,4,4,0.6151598168430291,33695,20260907,independent_reference_groups,0,0
env__v~normanweissman2019%5Ffiltered__v~k562__v~rna__v~baseline,norman_k562,NormanWeissman2019_filtered,MIDN,8,4,4,0.8005893225060832,33695,20260907,independent_reference_groups,0,0
env__v~normanweissman2019%5Ffiltered__v~k562__v~rna__v~baseline,norman_k562,NormanWeissman2019_filtered,NCL,8,4,4,0.2756580755023847,33695,20260907,independent_reference_groups,0,0
env__v~normanweissman2019%5Ffiltered__v~k562__v~rna__v~baseline,norman_k562,NormanWeissman2019_filtered,NIT1,8,4,4,0.8328124815217947,33695,20260907,independent_reference_groups,0,0
env__v~normanweissman2019%5Ffiltered__v~k562__v~rna__v~baseline,norman_k562,NormanWeissman2019_filtered,OSR2,8,4,4,0.900531287782489,33695,20260907,independent_reference_groups,0,0
env__v~normanweissman2019%5Ffiltered__v~k562__v~rna__v~baseline,norman_k562,NormanWeissman2019_filtered,PLK4,8,4,4,0.245938412034335,33695,20260907,independent_reference_groups,0,0
env__v~normanweissman2019%5Ffiltered__v~k562__v~rna__v~baseline,norman_k562,NormanWeissman2019_filtered,PLK4_STIL,4,2,2,0.2909097362073389,33695,20260907,independent_reference_groups,0,0
env__v~normanweissman2019%5Ffiltered__v~k562__v~rna__v~baseline,norman_k562,NormanWeissman2019_filtered,POU3F2,8,4,4,0.7094446701692223,33695,20260907,independent_reference_groups,0,0
env__v~normanweissman2019%5Ffiltered__v~k562__v~rna__v~baseline,norman_k562,NormanWeissman2019_filtered,POU3F2_CBFA2T3,8,4,4,0.8007397133877814,33695,20260907,independent_reference_groups,0,0
env__v~normanweissman2019%5Ffiltered__v~k562__v~rna__v~baseline,norman_k562,NormanWeissman2019_filtered,POU3F2_FOXL2,8,4,4,0.892419875880261,33695,20260907,independent_reference_groups,0,0
env__v~normanweissman2019%5Ffiltered__v~k562__v~rna__v~baseline,norman_k562,NormanWeissman2019_filtered,PRDM1,8,4,4,0.8847102246345818,33695,20260907,independent_reference_groups,0,0
env__v~normanweissman2019%5Ffiltered__v~k562__v~rna__v~baseline,norman_k562,NormanWeissman2019_filtered,PRDM1_CBFA2T3,5,2,3,0.7543485806947285,33695,20260907,independent_reference_groups,0,0
env__v~normanweissman2019%5Ffiltered__v~k562__v~rna__v~baseline,norman_k562,NormanWeissman2019_filtered,PRTG,8,4,4,0.8944064200402134,33695,20260907,independent_reference_groups,0,0
env__v~normanweissman2019%5Ffiltered__v~k562__v~rna__v~baseline,norman_k562,NormanWeissman2019_filtered,PTPN1,8,4,4,0.8962291909213266,33695,20260907,independent_reference_groups,0,0
env__v~normanweissman2019%5Ffiltered__v~k562__v~rna__v~baseline,norman_k562,NormanWeissman2019_filtered,PTPN12,8,4,4,0.7456537359381864,33695,20260907,independent_reference_groups,0,0
env__v~normanweissman2019%5Ffiltered__v~k562__v~rna__v~baseline,norman_k562,NormanWeissman2019_filtered,PTPN12_OSR2,8,4,4,0.5377358068254431,33695,20260907,independent_reference_groups,0,0
env__v~normanweissman2019%5Ffiltered__v~k562__v~rna__v~baseline,norman_k562,NormanWeissman2019_filtered,PTPN12_PTPN9,8,4,4,0.8906240707534154,33695,20260907,independent_reference_groups,0,0
env__v~normanweissman2019%5Ffiltered__v~k562__v~rna__v~baseline,norman_k562,NormanWeissman2019_filtered,PTPN12_SNAI1,8,4,4,0.755463883766653,33695,20260907,independent_reference_groups,0,0
env__v~normanweissman2019%5Ffiltered__v~k562__v~rna__v~baseline,norman_k562,NormanWeissman2019_filtered,PTPN12_UBASH3A,8,4,4,0.8884528310418708,33695,20260907,independent_reference_groups,0,0
env__v~normanweissman2019%5Ffiltered__v~k562__v~rna__v~baseline,norman_k562,NormanWeissman2019_filtered,PTPN12_ZBTB25,8,4,4,0.8875942239835246,33695,20260907,independent_reference_groups,0,0
env__v~normanweissman2019%5Ffiltered__v~k562__v~rna__v~baseline,norman_k562,NormanWeissman2019_filtered,PTPN13,8,4,4,0.6267723547663642,33695,20260907,independent_reference_groups,0,0
env__v~normanweissman2019%5Ffiltered__v~k562__v~rna__v~baseline,norman_k562,NormanWeissman2019_filtered,PTPN9,8,4,4,0.7077401714647251,33695,20260907,independent_reference_groups,0,0
env__v~normanweissman2019%5Ffiltered__v~k562__v~rna__v~baseline,norman_k562,NormanWeissman2019_filtered,RHOXF2,8,4,4,0.8645166601193914,33695,20260907,independent_reference_groups,0,0
env__v~normanweissman2019%5Ffiltered__v~k562__v~rna__v~baseline,norman_k562,NormanWeissman2019_filtered,RHOXF2_SET,8,4,4,0.9200257273172878,33695,20260907,independent_reference_groups,0,0
env__v~normanweissman2019%5Ffiltered__v~k562__v~rna__v~baseline,norman_k562,NormanWeissman2019_filtered,RHOXF2_ZBTB25,8,4,4,0.8882464372301911,33695,20260907,independent_reference_groups,0,0
env__v~normanweissman2019%5Ffiltered__v~k562__v~rna__v~baseline,norman_k562,NormanWeissman2019_filtered,RREB1,8,4,4,0.6947504175394313,33695,20260907,independent_reference_groups,0,0
env__v~normanweissman2019%5Ffiltered__v~k562__v~rna__v~baseline,norman_k562,NormanWeissman2019_filtered,RUNX1T1,8,4,4,0.3966465538359071,33695,20260907,independent_reference_groups,0,0
env__v~normanweissman2019%5Ffiltered__v~k562__v~rna__v~baseline,norman_k562,NormanWeissman2019_filtered,S1PR2,8,4,4,0.8392201504253454,33695,20260907,independent_reference_groups,0,0
env__v~normanweissman2019%5Ffiltered__v~k562__v~rna__v~baseline,norman_k562,NormanWeissman2019_filtered,SAMD1,8,4,4,0.8509237132852339,33695,20260907,independent_reference_groups,0,0
env__v~normanweissman2019%5Ffiltered__v~k562__v~rna__v~baseline,norman_k562,NormanWeissman2019_filtered,SAMD1_PTPN12,8,4,4,0.9000512385924205,33695,20260907,independent_reference_groups,0,0
env__v~normanweissman2019%5Ffiltered__v~k562__v~rna__v~baseline,norman_k562,NormanWeissman2019_filtered,SAMD1_TGFBR2,3,1,2,0.3583233260988467,33695,20260907,independent_reference_groups,0,0
env__v~normanweissman2019%5Ffiltered__v~k562__v~rna__v~baseline,norman_k562,NormanWeissman2019_filtered,SAMD1_UBASH3B,8,4,4,0.8707466730063267,33695,20260907,independent_reference_groups,0,0
env__v~normanweissman2019%5Ffiltered__v~k562__v~rna__v~baseline,norman_k562,NormanWeissman2019_filtered,SAMD1_ZBTB1,8,4,4,0.8420547829952432,33695,20260907,independent_reference_groups,0,0
env__v~normanweissman2019%5Ffiltered__v~k562__v~rna__v~baseline,norman_k562,NormanWeissman2019_filtered,SET,8,4,4,0.9556216734529884,33695,20260907,independent_reference_groups,0,0
env__v~normanweissman2019%5Ffiltered__v~k562__v~rna__v~baseline,norman_k562,NormanWeissman2019_filtered,SET_CEBPE,8,4,4,0.9203974162226136,33695,20260907,independent_reference_groups,0,0
env__v~normanweissman2019%5Ffiltered__v~k562__v~rna__v~baseline,norman_k562,NormanWeissman2019_filtered,SET_KLF1,8,4,4,0.9234739667978533,33695,20260907,independent_reference_groups,0,0
env__v~normanweissman2019%5Ffiltered__v~k562__v~rna__v~baseline,norman_k562,NormanWeissman2019_filtered,SGK1,8,4,4,0.8471359548073123,33695,20260907,independent_reference_groups,0,0
env__v~normanweissman2019%5Ffiltered__v~k562__v~rna__v~baseline,norman_k562,NormanWeissman2019_filtered,SGK1_S1PR2,8,4,4,0.912936839629476,33695,20260907,independent_reference_groups,0,0
env__v~normanweissman2019%5Ffiltered__v~k562__v~rna__v~baseline,norman_k562,NormanWeissman2019_filtered,SGK1_TBX2,8,4,4,0.8911306211505207,33695,20260907,independent_reference_groups,0,0
env__v~normanweissman2019%5Ffiltered__v~k562__v~rna__v~baseline,norman_k562,NormanWeissman2019_filtered,SGK1_TBX3,8,4,4,0.8759347580216262,33695,20260907,independent_reference_groups,0,0
env__v~normanweissman2019%5Ffiltered__v~k562__v~rna__v~baseline,norman_k562,NormanWeissman2019_filtered,SLC38A2,8,4,4,0.3370661796533617,33695,20260907,independent_reference_groups,0,0
env__v~normanweissman2019%5Ffiltered__v~k562__v~rna__v~baseline,norman_k562,NormanWeissman2019_filtered,SLC4A1,8,4,4,0.9213124405939124,33695,20260907,independent_reference_groups,0,0
env__v~normanweissman2019%5Ffiltered__v~k562__v~rna__v~baseline,norman_k562,NormanWeissman2019_filtered,SLC6A9,8,4,4,0.7600982063587135,33695,20260907,independent_reference_groups,0,0
env__v~normanweissman2019%5Ffiltered__v~k562__v~rna__v~baseline,norman_k562,NormanWeissman2019_filtered,SNAI1,8,4,4,0.8090015495400587,33695,20260907,independent_reference_groups,0,0
env__v~normanweissman2019%5Ffiltered__v~k562__v~rna__v~baseline,norman_k562,NormanWeissman2019_filtered,SNAI1_DLX2,7,3,4,0.7865458097289939,33695,20260907,independent_reference_groups,0,0
env__v~normanweissman2019%5Ffiltered__v~k562__v~rna__v~baseline,norman_k562,NormanWeissman2019_filtered,SNAI1_UBASH3B,8,4,4,0.7800783923730058,33695,20260907,independent_reference_groups,0,0
env__v~normanweissman2019%5Ffiltered__v~k562__v~rna__v~baseline,norman_k562,NormanWeissman2019_filtered,SPI1,8,4,4,0.9596081132476162,33695,20260907,independent_reference_groups,0,0
env__v~normanweissman2019%5Ffiltered__v~k562__v~rna__v~baseline,norman_k562,NormanWeissman2019_filtered,STIL,8,4,4,0.5276381268128946,33695,20260907,independent_reference_groups,0,0
env__v~normanweissman2019%5Ffiltered__v~k562__v~rna__v~baseline,norman_k562,NormanWeissman2019_filtered,TBX2,8,4,4,0.8764264414800581,33695,20260907,independent_reference_groups,0,0
env__v~normanweissman2019%5Ffiltered__v~k562__v~rna__v~baseline,norman_k562,NormanWeissman2019_filtered,TBX3,8,4,4,0.8918851380549229,33695,20260907,independent_reference_groups,0,0
env__v~normanweissman2019%5Ffiltered__v~k562__v~rna__v~baseline,norman_k562,NormanWeissman2019_filtered,TBX3_TBX2,8,4,4,0.9566923809674853,33695,20260907,independent_reference_groups,0,0
env__v~normanweissman2019%5Ffiltered__v~k562__v~rna__v~baseline,norman_k562,NormanWeissman2019_filtered,TGFBR2,8,4,4,0.29176987253354014,33695,20260907,independent_reference_groups,0,0
env__v~normanweissman2019%5Ffiltered__v~k562__v~rna__v~baseline,norman_k562,NormanWeissman2019_filtered,TGFBR2_C19orf26,8,4,4,0.7803342792131145,33695,20260907,independent_reference_groups,0,0
env__v~normanweissman2019%5Ffiltered__v~k562__v~rna__v~baseline,norman_k562,NormanWeissman2019_filtered,TGFBR2_ETS2,8,4,4,0.5680640112894622,33695,20260907,independent_reference_groups,0,0
env__v~normanweissman2019%5Ffiltered__v~k562__v~rna__v~baseline,norman_k562,NormanWeissman2019_filtered,TGFBR2_IGDCC3,8,4,4,0.7798927152638729,33695,20260907,independent_reference_groups,0,0
env__v~normanweissman2019%5Ffiltered__v~k562__v~rna__v~baseline,norman_k562,NormanWeissman2019_filtered,TGFBR2_PRTG,8,4,4,0.8027943805982352,33695,20260907,independent_reference_groups,0,0
env__v~normanweissman2019%5Ffiltered__v~k562__v~rna__v~baseline,norman_k562,NormanWeissman2019_filtered,TMSB4X,8,4,4,0.6856480394471238,33695,20260907,independent_reference_groups,0,0
env__v~normanweissman2019%5Ffiltered__v~k562__v~rna__v~baseline,norman_k562,NormanWeissman2019_filtered,TMSB4X_BAK1,8,4,4,0.5449077273463878,33695,20260907,independent_reference_groups,0,0
env__v~normanweissman2019%5Ffiltered__v~k562__v~rna__v~baseline,norman_k562,NormanWeissman2019_filtered,TP73,8,4,4,0.9328302420133111,33695,20260907,independent_reference_groups,0,0
env__v~normanweissman2019%5Ffiltered__v~k562__v~rna__v~baseline,norman_k562,NormanWeissman2019_filtered,TSC22D1,8,4,4,0.5409500047558952,33695,20260907,independent_reference_groups,0,0
env__v~normanweissman2019%5Ffiltered__v~k562__v~rna__v~baseline,norman_k562,NormanWeissman2019_filtered,UBASH3A,8,4,4,0.5696071169785638,33695,20260907,independent_reference_groups,0,0
env__v~normanweissman2019%5Ffiltered__v~k562__v~rna__v~baseline,norman_k562,NormanWeissman2019_filtered,UBASH3B,8,4,4,0.836989279352138,33695,20260907,independent_reference_groups,0,0
env__v~normanweissman2019%5Ffiltered__v~k562__v~rna__v~baseline,norman_k562,NormanWeissman2019_filtered,UBASH3B_CNN1,8,4,4,0.936422199886647,33695,20260907,independent_reference_groups,0,0
env__v~normanweissman2019%5Ffiltered__v~k562__v~rna__v~baseline,norman_k562,NormanWeissman2019_filtered,UBASH3B_OSR2,8,4,4,0.7331849621998386,33695,20260907,independent_reference_groups,0,0
env__v~normanweissman2019%5Ffiltered__v~k562__v~rna__v~baseline,norman_k562,NormanWeissman2019_filtered,UBASH3B_PTPN12,8,4,4,0.8724864902258862,33695,20260907,independent_reference_groups,0,0
env__v~normanweissman2019%5Ffiltered__v~k562__v~rna__v~baseline,norman_k562,NormanWeissman2019_filtered,UBASH3B_PTPN9,8,4,4,0.8987942321704542,33695,20260907,independent_reference_groups,0,0
env__v~normanweissman2019%5Ffiltered__v~k562__v~rna__v~baseline,norman_k562,NormanWeissman2019_filtered,UBASH3B_UBASH3A,8,4,4,0.8337318569688889,33695,20260907,independent_reference_groups,0,0
env__v~normanweissman2019%5Ffiltered__v~k562__v~rna__v~baseline,norman_k562,NormanWeissman2019_filtered,UBASH3B_ZBTB25,8,4,4,0.8442884371831078,33695,20260907,independent_reference_groups,0,0
env__v~normanweissman2019%5Ffiltered__v~k562__v~rna__v~baseline,norman_k562,NormanWeissman2019_filtered,ZBTB1,8,4,4,0.8890282207117922,33695,20260907,independent_reference_groups,0,0
env__v~normanweissman2019%5Ffiltered__v~k562__v~rna__v~baseline,norman_k562,NormanWeissman2019_filtered,ZBTB10,8,4,4,0.7905992182345785,33695,20260907,independent_reference_groups,0,0
env__v~normanweissman2019%5Ffiltered__v~k562__v~rna__v~baseline,norman_k562,NormanWeissman2019_filtered,ZBTB10_DLX2,6,3,3,0.7734190006145363,33695,20260907,independent_reference_groups,0,0
env__v~normanweissman2019%5Ffiltered__v~k562__v~rna__v~baseline,norman_k562,NormanWeissman2019_filtered,ZBTB10_ELMSAN1,8,4,4,0.8356985639240037,33695,20260907,independent_reference_groups,0,0
env__v~normanweissman2019%5Ffiltered__v~k562__v~rna__v~baseline,norman_k562,NormanWeissman2019_filtered,ZBTB10_PTPN12,8,4,4,0.8759540179073949,33695,20260907,independent_reference_groups,0,0
env__v~normanweissman2019%5Ffiltered__v~k562__v~rna__v~baseline,norman_k562,NormanWeissman2019_filtered,ZBTB10_SNAI1,6,3,3,0.775736853723826,33695,20260907,independent_reference_groups,0,0
env__v~normanweissman2019%5Ffiltered__v~k562__v~rna__v~baseline,norman_k562,NormanWeissman2019_filtered,ZBTB25,8,4,4,0.7816781136089503,33695,20260907,independent_reference_groups,0,0
env__v~normanweissman2019%5Ffiltered__v~k562__v~rna__v~baseline,norman_k562,NormanWeissman2019_filtered,ZC3HAV1,8,4,4,0.5993265969408196,33695,20260907,independent_reference_groups,0,0
env__v~normanweissman2019%5Ffiltered__v~k562__v~rna__v~baseline,norman_k562,NormanWeissman2019_filtered,ZC3HAV1_CEBPA,4,2,2,0.755285727506565,33695,20260907,independent_reference_groups,0,0
env__v~normanweissman2019%5Ffiltered__v~k562__v~rna__v~baseline,norman_k562,NormanWeissman2019_filtered,ZC3HAV1_CEBPE,8,4,4,0.6736972324695165,33695,20260907,independent_reference_groups,0,0
env__v~normanweissman2019%5Ffiltered__v~k562__v~rna__v~baseline,norman_k562,NormanWeissman2019_filtered,ZC3HAV1_HOXC13,8,4,4,0.8682442030428441,33695,20260907,independent_reference_groups,0,0
env__v~normanweissman2019%5Ffiltered__v~k562__v~rna__v~baseline,norman_k562,NormanWeissman2019_filtered,ZNF318,8,4,4,0.5992529983118908,33695,20260907,independent_reference_groups,0,0
env__v~normanweissman2019%5Ffiltered__v~k562__v~rna__v~baseline,norman_k562,NormanWeissman2019_filtered,ZNF318_FOXL2,8,4,4,0.7399536538637403,33695,20260907,independent_reference_groups,0,0
env__v~replogleweissman2022%5Frpe1__v~rpe1__v~rna__v~baseline,replogle_rpe1,ReplogleWeissman2022_rpe1,ABHD17A,2,1,1,-0.049736823713027664,8750,20260907,independent_reference_groups,0,0
env__v~replogleweissman2022%5Frpe1__v~rpe1__v~rna__v~baseline,replogle_rpe1,ReplogleWeissman2022_rpe1,ADAM10,9,4,5,0.4472641326494638,8750,20260907,independent_reference_groups,0,0
env__v~replogleweissman2022%5Frpe1__v~rpe1__v~rna__v~baseline,replogle_rpe1,ReplogleWeissman2022_rpe1,ANAPC15,26,13,13,0.03531011915168592,8750,20260907,independent_reference_groups,0,0
env__v~replogleweissman2022%5Frpe1__v~rpe1__v~rna__v~baseline,replogle_rpe1,ReplogleWeissman2022_rpe1,ATP6AP2,2,1,1,0.08885145075421932,8750,20260907,independent_reference_groups,0,0
env__v~replogleweissman2022%5Frpe1__v~rpe1__v~rna__v~baseline,replogle_rpe1,ReplogleWeissman2022_rpe1,BCAR1,52,26,26,0.051738414198687396,8750,20260907,independent_reference_groups,0,0
env__v~replogleweissman2022%5Frpe1__v~rpe1__v~rna__v~baseline,replogle_rpe1,ReplogleWeissman2022_rpe1,BCL2L1,15,7,8,0.09666814236563619,8750,20260907,independent_reference_groups,0,0
env__v~replogleweissman2022%5Frpe1__v~rpe1__v~rna__v~baseline,replogle_rpe1,ReplogleWeissman2022_rpe1,BTF3L4,2,1,1,0.030020151001929483,8750,20260907,independent_reference_groups,0,0
env__v~replogleweissman2022%5Frpe1__v~rpe1__v~rna__v~baseline,replogle_rpe1,ReplogleWeissman2022_rpe1,C14orf178,2,1,1,0.6494778047789935,8750,20260907,independent_reference_groups,0,0
env__v~replogleweissman2022%5Frpe1__v~rpe1__v~rna__v~baseline,replogle_rpe1,ReplogleWeissman2022_rpe1,C7orf26,11,5,6,0.6033858126609271,8750,20260907,independent_reference_groups,0,0
env__v~replogleweissman2022%5Frpe1__v~rpe1__v~rna__v~baseline,replogle_rpe1,ReplogleWeissman2022_rpe1,CCDC6,56,28,28,0.7696374799206736,8750,20260907,independent_reference_groups,0,0
env__v~replogleweissman2022%5Frpe1__v~rpe1__v~rna__v~baseline,replogle_rpe1,ReplogleWeissman2022_rpe1,CCDC78,24,12,12,0.4704510656942631,8750,20260907,independent_reference_groups,0,0
env__v~replogleweissman2022%5Frpe1__v~rpe1__v~rna__v~baseline,replogle_rpe1,ReplogleWeissman2022_rpe1,CCNK,7,3,4,0.08884211174243745,8750,20260907,independent_reference_groups,0,0
env__v~replogleweissman2022%5Frpe1__v~rpe1__v~rna__v~baseline,replogle_rpe1,ReplogleWeissman2022_rpe1,CENPT,4,2,2,0.017403526034582697,8750,20260907,independent_reference_groups,0,0
env__v~replogleweissman2022%5Frpe1__v~rpe1__v~rna__v~baseline,replogle_rpe1,ReplogleWeissman2022_rpe1,CLASRP,7,3,4,0.30077820148354983,8750,20260907,independent_reference_groups,0,0
env__v~replogleweissman2022%5Frpe1__v~rpe1__v~rna__v~baseline,replogle_rpe1,ReplogleWeissman2022_rpe1,CLOCK,44,22,22,0.9325639868459854,8750,20260907,independent_reference_groups,0,0
env__v~replogleweissman2022%5Frpe1__v~rpe1__v~rna__v~baseline,replogle_rpe1,ReplogleWeissman2022_rpe1,CSE1L,4,2,2,0.7869184390104357,8750,20260907,independent_reference_groups,0,0
env__v~replogleweissman2022%5Frpe1__v~rpe1__v~rna__v~baseline,replogle_rpe1,ReplogleWeissman2022_rpe1,CSH2,5,2,3,0.01802562501916833,8750,20260907,independent_reference_groups,0,0
env__v~replogleweissman2022%5Frpe1__v~rpe1__v~rna__v~baseline,replogle_rpe1,ReplogleWeissman2022_rpe1,DDX19A,10,5,5,0.24850110124314573,8750,20260907,independent_reference_groups,0,0
env__v~replogleweissman2022%5Frpe1__v~rpe1__v~rna__v~baseline,replogle_rpe1,ReplogleWeissman2022_rpe1,DDX19B,7,3,4,-0.0003292931634240199,8750,20260907,independent_reference_groups,0,0
env__v~replogleweissman2022%5Frpe1__v~rpe1__v~rna__v~baseline,replogle_rpe1,ReplogleWeissman2022_rpe1,DNAAF3,7,3,4,-0.04442443481971287,8750,20260907,independent_reference_groups,0,0
env__v~replogleweissman2022%5Frpe1__v~rpe1__v~rna__v~baseline,replogle_rpe1,ReplogleWeissman2022_rpe1,DNM1,4,2,2,-0.0720043855867506,8750,20260907,independent_reference_groups,0,0
env__v~replogleweissman2022%5Frpe1__v~rpe1__v~rna__v~baseline,replogle_rpe1,ReplogleWeissman2022_rpe1,DSTYK,2,1,1,0.18029526318440905,8750,20260907,independent_reference_groups,0,0
env__v~replogleweissman2022%5Frpe1__v~rpe1__v~rna__v~baseline,replogle_rpe1,ReplogleWeissman2022_rpe1,DYNLRB1,2,1,1,0.0022187776022822804,8750,20260907,independent_reference_groups,0,0
env__v~replogleweissman2022%5Frpe1__v~rpe1__v~rna__v~baseline,replogle_rpe1,ReplogleWeissman2022_rpe1,EIF3CL,5,2,3,0.8442275132001245,8750,20260907,independent_reference_groups,0,0
env__v~replogleweissman2022%5Frpe1__v~rpe1__v~rna__v~baseline,replogle_rpe1,ReplogleWeissman2022_rpe1,EIF4B,11,5,6,0.4766931213652017,8750,20260907,independent_reference_groups,0,0
env__v~replogleweissman2022%5Frpe1__v~rpe1__v~rna__v~baseline,replogle_rpe1,ReplogleWeissman2022_rpe1,EPS8L1,38,19,19,0.3571258354947722,8750,20260907,independent_reference_groups,0,0
env__v~replogleweissman2022%5Frpe1__v~rpe1__v~rna__v~baseline,replogle_rpe1,ReplogleWeissman2022_rpe1,ESPN,7,3,4,0.1482400119967956,8750,20260907,independent_reference_groups,0,0
env__v~replogleweissman2022%5Frpe1__v~rpe1__v~rna__v~baseline,replogle_rpe1,ReplogleWeissman2022_rpe1,FAM136A,27,13,14,0.1608663475153519,8750,20260907,independent_reference_groups,0,0
env__v~replogleweissman2022%5Frpe1__v~rpe1__v~rna__v~baseline,replogle_rpe1,ReplogleWeissman2022_rpe1,FBXO42,52,26,26,0.503076529517399,8750,20260907,independent_reference_groups,0,0
env__v~replogleweissman2022%5Frpe1__v~rpe1__v~rna__v~baseline,replogle_rpe1,ReplogleWeissman2022_rpe1,FBXW7,2,1,1,0.03823361544856059,8750,20260907,independent_reference_groups,0,0
env__v~replogleweissman2022%5Frpe1__v~rpe1__v~rna__v~baseline,replogle_rpe1,ReplogleWeissman2022_rpe1,GAB2,47,23,24,0.03516658343890115,8750,20260907,independent_reference_groups,0,0
env__v~replogleweissman2022%5Frpe1__v~rpe1__v~rna__v~baseline,replogle_rpe1,ReplogleWeissman2022_rpe1,GFM1,56,28,28,0.8091843410992827,8750,20260907,independent_reference_groups,0,0
env__v~replogleweissman2022%5Frpe1__v~rpe1__v~rna__v~baseline,replogle_rpe1,ReplogleWeissman2022_rpe1,GLRX5,2,1,1,0.04229667225033708,8750,20260907,independent_reference_groups,0,0
env__v~replogleweissman2022%5Frpe1__v~rpe1__v~rna__v~baseline,replogle_rpe1,ReplogleWeissman2022_rpe1,GTF2E2,3,1,2,0.6446838392343847,8750,20260907,independent_reference_groups,0,0
env__v~replogleweissman2022%5Frpe1__v~rpe1__v~rna__v~baseline,replogle_rpe1,ReplogleWeissman2022_rpe1,GTF3C4,55,27,28,0.8748446175121131,8750,20260907,independent_reference_groups,0,0
env__v~replogleweissman2022%5Frpe1__v~rpe1__v~rna__v~baseline,replogle_rpe1,ReplogleWeissman2022_rpe1,GYG1,3,1,2,0.09026738427502838,8750,20260907,independent_reference_groups,0,0
env__v~replogleweissman2022%5Frpe1__v~rpe1__v~rna__v~baseline,replogle_rpe1,ReplogleWeissman2022_rpe1,H2AFZ,2,1,1,0.12156092621877895,8750,20260907,independent_reference_groups,0,0
env__v~replogleweissman2022%5Frpe1__v~rpe1__v~rna__v~baseline,replogle_rpe1,ReplogleWeissman2022_rpe1,HIRA,2,1,1,0.2177675246978219,8750,20260907,independent_reference_groups,0,0
env__v~replogleweissman2022%5Frpe1__v~rpe1__v~rna__v~baseline,replogle_rpe1,ReplogleWeissman2022_rpe1,HSD17B10,50,25,25,0.8325997936594163,8750,20260907,independent_reference_groups,0,0
env__v~replogleweissman2022%5Frpe1__v~rpe1__v~rna__v~baseline,replogle_rpe1,ReplogleWeissman2022_rpe1,HSD17B12,3,1,2,0.0188335592811409,8750,20260907,independent_reference_groups,0,0
env__v~replogleweissman2022%5Frpe1__v~rpe1__v~rna__v~baseline,replogle_rpe1,ReplogleWeissman2022_rpe1,IK,17,8,9,0.6086458880467288,8750,20260907,independent_reference_groups,0,0
env__v~replogleweissman2022%5Frpe1__v~rpe1__v~rna__v~baseline,replogle_rpe1,ReplogleWeissman2022_rpe1,INTS13,4,2,2,0.2653818581574563,8750,20260907,independent_reference_groups,0,0
env__v~replogleweissman2022%5Frpe1__v~rpe1__v~rna__v~baseline,replogle_rpe1,ReplogleWeissman2022_rpe1,INTS14,9,4,5,0.5517498961987078,8750,20260907,independent_reference_groups,0,0
env__v~replogleweissman2022%5Frpe1__v~rpe1__v~rna__v~baseline,replogle_rpe1,ReplogleWeissman2022_rpe1,KRT17,29,14,15,0.09969845447551341,8750,20260907,independent_reference_groups,0,0
env__v~replogleweissman2022%5Frpe1__v~rpe1__v~rna__v~baseline,replogle_rpe1,ReplogleWeissman2022_rpe1,LAMTOR1,7,3,4,0.4311231563750424,8750,20260907,independent_reference_groups,0,0
env__v~replogleweissman2022%5Frpe1__v~rpe1__v~rna__v~baseline,replogle_rpe1,ReplogleWeissman2022_rpe1,LMO2,2,1,1,0.09397155075400418,8750,20260907,independent_reference_groups,0,0
env__v~replogleweissman2022%5Frpe1__v~rpe1__v~rna__v~baseline,replogle_rpe1,ReplogleWeissman2022_rpe1,LTBP3,2,1,1,-0.011962867351201773,8750,20260907,independent_reference_groups,0,0
env__v~replogleweissman2022%5Frpe1__v~rpe1__v~rna__v~baseline,replogle_rpe1,ReplogleWeissman2022_rpe1,MRPL35,56,28,28,0.76547499600038,8750,20260907,independent_reference_groups,0,0
env__v~replogleweissman2022%5Frpe1__v~rpe1__v~rna__v~baseline,replogle_rpe1,ReplogleWeissman2022_rpe1,MRPL36,56,28,28,0.8107755342460865,8750,20260907,independent_reference_groups,0,0
env__v~replogleweissman2022%5Frpe1__v~rpe1__v~rna__v~baseline,replogle_rpe1,ReplogleWeissman2022_rpe1,MRPL38,2,1,1,0.14195457246470333,8750,20260907,independent_reference_groups,0,0
env__v~replogleweissman2022%5Frpe1__v~rpe1__v~rna__v~baseline,replogle_rpe1,ReplogleWeissman2022_rpe1,MRPS21,4,2,2,-0.018384588236364963,8750,20260907,independent_reference_groups,0,0
env__v~replogleweissman2022%5Frpe1__v~rpe1__v~rna__v~baseline,replogle_rpe1,ReplogleWeissman2022_rpe1,MRPS6,2,1,1,0.008955584171566285,8750,20260907,independent_reference_groups,0,0
env__v~replogleweissman2022%5Frpe1__v~rpe1__v~rna__v~baseline,replogle_rpe1,ReplogleWeissman2022_rpe1,MVK,13,6,7,0.5006592040923818,8750,20260907,independent_reference_groups,0,0
env__v~replogleweissman2022%5Frpe1__v~rpe1__v~rna__v~baseline,replogle_rpe1,ReplogleWeissman2022_rpe1,MYBL2,53,26,27,0.5216054331657755,8750,20260907,independent_reference_groups,0,0
env__v~replogleweissman2022%5Frpe1__v~rpe1__v~rna__v~baseline,replogle_rpe1,ReplogleWeissman2022_rpe1,NBPF12,56,28,28,0.6144255746768713,8750,20260907,independent_reference_groups,0,0
env__v~replogleweissman2022%5Frpe1__v~rpe1__v~rna__v~baseline,replogle_rpe1,ReplogleWeissman2022_rpe1,NDUFA3,2,1,1,0.1423261615528116,8750,20260907,independent_reference_groups,0,0
env__v~replogleweissman2022%5Frpe1__v~rpe1__v~rna__v~baseline,replogle_rpe1,ReplogleWeissman2022_rpe1,PARS2,3,1,2,0.08024098455761867,8750,20260907,independent_reference_groups,0,0
env__v~replogleweissman2022%5Frpe1__v~rpe1__v~rna__v~baseline,replogle_rpe1,ReplogleWeissman2022_rpe1,PCBP2,6,3,3,0.05012361346154138,8750,20260907,independent_reference_groups,0,0
env__v~replogleweissman2022%5Frpe1__v~rpe1__v~rna__v~baseline,replogle_rpe1,ReplogleWeissman2022_rpe1,PMF1,4,2,2,0.4339448138705878,8750,20260907,independent_reference_groups,0,0
env__v~replogleweissman2022%5Frpe1__v~rpe1__v~rna__v~baseline,replogle_rpe1,ReplogleWeissman2022_rpe1,POGLUT3,50,25,25,0.7055351793577368,8750,20260907,independent_reference_groups,0,0
env__v~replogleweissman2022%5Frpe1__v~rpe1__v~rna__v~baseline,replogle_rpe1,ReplogleWeissman2022_rpe1,PPP1R37,5,2,3,0.2733273738360377,8750,20260907,independent_reference_groups,0,0
env__v~replogleweissman2022%5Frpe1__v~rpe1__v~rna__v~baseline,replogle_rpe1,ReplogleWeissman2022_rpe1,PPP2R1A,2,1,1,0.3122710665521663,8750,20260907,independent_reference_groups,0,0
env__v~replogleweissman2022%5Frpe1__v~rpe1__v~rna__v~baseline,replogle_rpe1,ReplogleWeissman2022_rpe1,PPP6C,56,28,28,0.9246329296128576,8750,20260907,independent_reference_groups,0,0
env__v~replogleweissman2022%5Frpe1__v~rpe1__v~rna__v~baseline,replogle_rpe1,ReplogleWeissman2022_rpe1,PRODH,4,2,2,0.05380946612241171,8750,20260907,independent_reference_groups,0,0
env__v~replogleweissman2022%5Frpe1__v~rpe1__v~rna__v~baseline,replogle_rpe1,ReplogleWeissman2022_rpe1,PSTK,4,2,2,0.03744650333800567,8750,20260907,independent_reference_groups,0,0
env__v~replogleweissman2022%5Frpe1__v~rpe1__v~rna__v~baseline,replogle_rpe1,ReplogleWeissman2022_rpe1,RGPD6,10,5,5,0.17783675022243245,8750,20260907,independent_reference_groups,0,0
env__v~replogleweissman2022%5Frpe1__v~rpe1__v~rna__v~baseline,replogle_rpe1,ReplogleWeissman2022_rpe1,RHOQ,6,3,3,0.0129970256844442,8750,20260907,independent_reference_groups,0,0
env__v~replogleweissman2022%5Frpe1__v~rpe1__v~rna__v~baseline,replogle_rpe1,ReplogleWeissman2022_rpe1,RTEL1,4,2,2,0.34614589350066627,8750,20260907,independent_reference_groups,0,0
env__v~replogleweissman2022%5Frpe1__v~rpe1__v~rna__v~baseline,replogle_rpe1,ReplogleWeissman2022_rpe1,SLC1A5,56,28,28,0.3988909090453282,8750,20260907,independent_reference_groups,0,0
env__v~replogleweissman2022%5Frpe1__v~rpe1__v~rna__v~baseline,replogle_rpe1,ReplogleWeissman2022_rpe1,SLC35G2,9,4,5,0.12733229733840232,8750,20260907,independent_reference_groups,0,0
env__v~replogleweissman2022%5Frpe1__v~rpe1__v~rna__v~baseline,replogle_rpe1,ReplogleWeissman2022_rpe1,SMG5,21,10,11,0.931475693291363,8750,20260907,independent_reference_groups,0,0
env__v~replogleweissman2022%5Frpe1__v~rpe1__v~rna__v~baseline,replogle_rpe1,ReplogleWeissman2022_rpe1,SMN2,15,7,8,0.9431184081607645,8750,20260907,independent_reference_groups,0,0
env__v~replogleweissman2022%5Frpe1__v~rpe1__v~rna__v~baseline,replogle_rpe1,ReplogleWeissman2022_rpe1,SNX15,4,2,2,-0.0027474910937799564,8750,20260907,independent_reference_groups,0,0
env__v~replogleweissman2022%5Frpe1__v~rpe1__v~rna__v~baseline,replogle_rpe1,ReplogleWeissman2022_rpe1,SPC25,22,11,11,0.9151841902686528,8750,20260907,independent_reference_groups,0,0
env__v~replogleweissman2022%5Frpe1__v~rpe1__v~rna__v~baseline,replogle_rpe1,ReplogleWeissman2022_rpe1,SRSF11,4,2,2,0.06307580972315553,8750,20260907,independent_reference_groups,0,0
env__v~replogleweissman2022%5Frpe1__v~rpe1__v~rna__v~baseline,replogle_rpe1,ReplogleWeissman2022_rpe1,SSBP3,17,8,9,0.0005178243428200745,8750,20260907,independent_reference_groups,0,0
env__v~replogleweissman2022%5Frpe1__v~rpe1__v~rna__v~baseline,replogle_rpe1,ReplogleWeissman2022_rpe1,SSU72,3,1,2,0.6762967594188745,8750,20260907,independent_reference_groups,0,0
env__v~replogleweissman2022%5Frpe1__v~rpe1__v~rna__v~baseline,replogle_rpe1,ReplogleWeissman2022_rpe1,TACC3,33,16,17,0.26819014491460824,8750,20260907,independent_reference_groups,0,0
env__v~replogleweissman2022%5Frpe1__v~rpe1__v~rna__v~baseline,replogle_rpe1,ReplogleWeissman2022_rpe1,TARDBP,56,28,28,0.9456740653340898,8750,20260907,independent_reference_groups,0,0
env__v~replogleweissman2022%5Frpe1__v~rpe1__v~rna__v~baseline,replogle_rpe1,ReplogleWeissman2022_rpe1,TBX1,6,3,3,0.27094955863252257,8750,20260907,independent_reference_groups,0,0
env__v~replogleweissman2022%5Frpe1__v~rpe1__v~rna__v~baseline,replogle_rpe1,ReplogleWeissman2022_rpe1,TFAM,56,28,28,0.9505244394047306,8750,20260907,independent_reference_groups,0,0
env__v~replogleweissman2022%5Frpe1__v~rpe1__v~rna__v~baseline,replogle_rpe1,ReplogleWeissman2022_rpe1,TFRC,3,1,2,-0.07092911537433193,8750,20260907,independent_reference_groups,0,0
env__v~replogleweissman2022%5Frpe1__v~rpe1__v~rna__v~baseline,replogle_rpe1,ReplogleWeissman2022_rpe1,TIMM23B,3,1,2,0.6113860326059178,8750,20260907,independent_reference_groups,0,0
env__v~replogleweissman2022%5Frpe1__v~rpe1__v~rna__v~baseline,replogle_rpe1,ReplogleWeissman2022_rpe1,TKT,3,1,2,0.024277557567639756,8750,20260907,independent_reference_groups,0,0
env__v~replogleweissman2022%5Frpe1__v~rpe1__v~rna__v~baseline,replogle_rpe1,ReplogleWeissman2022_rpe1,TMEM214,42,21,21,0.7903872010480535,8750,20260907,independent_reference_groups,0,0
env__v~replogleweissman2022%5Frpe1__v~rpe1__v~rna__v~baseline,replogle_rpe1,ReplogleWeissman2022_rpe1,TMEM242,39,19,20,0.36567774895810984,8750,20260907,independent_reference_groups,0,0
env__v~replogleweissman2022%5Frpe1__v~rpe1__v~rna__v~baseline,replogle_rpe1,ReplogleWeissman2022_rpe1,TPT1,32,16,16,0.8283698938252753,8750,20260907,independent_reference_groups,0,0
env__v~replogleweissman2022%5Frpe1__v~rpe1__v~rna__v~baseline,replogle_rpe1,ReplogleWeissman2022_rpe1,TREX2,12,6,6,0.8110074710394222,8750,20260907,independent_reference_groups,0,0
env__v~replogleweissman2022%5Frpe1__v~rpe1__v~rna__v~baseline,replogle_rpe1,ReplogleWeissman2022_rpe1,TRNT1,8,4,4,0.7898312070274361,8750,20260907,independent_reference_groups,0,0
env__v~replogleweissman2022%5Frpe1__v~rpe1__v~rna__v~baseline,replogle_rpe1,ReplogleWeissman2022_rpe1,TUBA1B,2,1,1,0.01011600208930128,8750,20260907,independent_reference_groups,0,0
env__v~replogleweissman2022%5Frpe1__v~rpe1__v~rna__v~baseline,replogle_rpe1,ReplogleWeissman2022_rpe1,TUBB,2,1,1,0.020637813169650333,8750,20260907,independent_reference_groups,0,0
env__v~replogleweissman2022%5Frpe1__v~rpe1__v~rna__v~baseline,replogle_rpe1,ReplogleWeissman2022_rpe1,TWF1,42,21,21,0.08003502520143842,8750,20260907,independent_reference_groups,0,0
env__v~replogleweissman2022%5Frpe1__v~rpe1__v~rna__v~baseline,replogle_rpe1,ReplogleWeissman2022_rpe1,UBE2M,3,1,2,0.21380497813281454,8750,20260907,independent_reference_groups,0,0
env__v~replogleweissman2022%5Frpe1__v~rpe1__v~rna__v~baseline,replogle_rpe1,ReplogleWeissman2022_rpe1,UBTF,2,1,1,0.015761841515576046,8750,20260907,independent_reference_groups,0,0
env__v~replogleweissman2022%5Frpe1__v~rpe1__v~rna__v~baseline,replogle_rpe1,ReplogleWeissman2022_rpe1,WTAP,12,6,6,0.6024282385122766,8750,20260907,independent_reference_groups,0,0
env__v~replogleweissman2022%5Frpe1__v~rpe1__v~rna__v~baseline,replogle_rpe1,ReplogleWeissman2022_rpe1,YRDC,2,1,1,-0.002949660673510586,8750,20260907,independent_reference_groups,0,0
env__v~replogleweissman2022%5Frpe1__v~rpe1__v~rna__v~baseline,replogle_rpe1,ReplogleWeissman2022_rpe1,ZBTB17,2,1,1,0.07346900913312669,8750,20260907,independent_reference_groups,0,0
env__v~replogleweissman2022%5Frpe1__v~rpe1__v~rna__v~baseline,replogle_rpe1,ReplogleWeissman2022_rpe1,ZDHHC7,11,5,6,0.5177333471085777,8750,20260907,independent_reference_groups,0,0
env__v~replogleweissman2022%5Frpe1__v~rpe1__v~rna__v~baseline,replogle_rpe1,ReplogleWeissman2022_rpe1,ZFP69B,4,2,2,-0.07674540176603335,8750,20260907,independent_reference_groups,0,0
env__v~replogleweissman2022%5Frpe1__v~rpe1__v~rna__v~baseline,replogle_rpe1,ReplogleWeissman2022_rpe1,ZNF718,13,6,7,0.11132630610308603,8750,20260907,independent_reference_groups,0,0
env__v~tiankampmann2021%5Fcrispra__v~ipsc-induced%5Fneuron__v~rna__v~baseline,tian_neuron_crispra,TianKampmann2021_CRISPRa,ACE,2,1,1,0.2459331045940543,33539,20260907,independent_reference_groups,0,0
env__v~tiankampmann2021%5Fcrispra__v~ipsc-induced%5Fneuron__v~rna__v~baseline,tian_neuron_crispra,TianKampmann2021_CRISPRa,ACHE,2,1,1,0.028819665669377013,33539,20260907,independent_reference_groups,0,0
env__v~tiankampmann2021%5Fcrispra__v~ipsc-induced%5Fneuron__v~rna__v~baseline,tian_neuron_crispra,TianKampmann2021_CRISPRa,ADAMTS20,2,1,1,0.1690973814419502,33539,20260907,independent_reference_groups,0,0
env__v~tiankampmann2021%5Fcrispra__v~ipsc-induced%5Fneuron__v~rna__v~baseline,tian_neuron_crispra,TianKampmann2021_CRISPRa,ARHGAP20,2,1,1,0.042535541086924554,33539,20260907,independent_reference_groups,0,0
env__v~tiankampmann2021%5Fcrispra__v~ipsc-induced%5Fneuron__v~rna__v~baseline,tian_neuron_crispra,TianKampmann2021_CRISPRa,ARID1B,2,1,1,0.06040869536685387,33539,20260907,independent_reference_groups,0,0
env__v~tiankampmann2021%5Fcrispra__v~ipsc-induced%5Fneuron__v~rna__v~baseline,tian_neuron_crispra,TianKampmann2021_CRISPRa,ATM,2,1,1,0.05259380304019952,33539,20260907,independent_reference_groups,0,0
env__v~tiankampmann2021%5Fcrispra__v~ipsc-induced%5Fneuron__v~rna__v~baseline,tian_neuron_crispra,TianKampmann2021_CRISPRa,ATP5C1,2,1,1,0.6035359749890603,33539,20260907,independent_reference_groups,0,0
env__v~tiankampmann2021%5Fcrispra__v~ipsc-induced%5Fneuron__v~rna__v~baseline,tian_neuron_crispra,TianKampmann2021_CRISPRa,ATXN7,2,1,1,0.23696051276648164,33539,20260907,independent_reference_groups,0,0
env__v~tiankampmann2021%5Fcrispra__v~ipsc-induced%5Fneuron__v~rna__v~baseline,tian_neuron_crispra,TianKampmann2021_CRISPRa,BCL2,2,1,1,0.10189784880348615,33539,20260907,independent_reference_groups,0,0
env__v~tiankampmann2021%5Fcrispra__v~ipsc-induced%5Fneuron__v~rna__v~baseline,tian_neuron_crispra,TianKampmann2021_CRISPRa,BCL2L1,2,1,1,0.05120589745281897,33539,20260907,independent_reference_groups,0,0
env__v~tiankampmann2021%5Fcrispra__v~ipsc-induced%5Fneuron__v~rna__v~baseline,tian_neuron_crispra,TianKampmann2021_CRISPRa,BDH1,2,1,1,0.0380929013900003,33539,20260907,independent_reference_groups,0,0
env__v~tiankampmann2021%5Fcrispra__v~ipsc-induced%5Fneuron__v~rna__v~baseline,tian_neuron_crispra,TianKampmann2021_CRISPRa,BDNF,2,1,1,0.00030582727052380827,33539,20260907,independent_reference_groups,0,0
env__v~tiankampmann2021%5Fcrispra__v~ipsc-induced%5Fneuron__v~rna__v~baseline,tian_neuron_crispra,TianKampmann2021_CRISPRa,BMPER,2,1,1,0.0467154064537207,33539,20260907,independent_reference_groups,0,0
env__v~tiankampmann2021%5Fcrispra__v~ipsc-induced%5Fneuron__v~rna__v~baseline,tian_neuron_crispra,TianKampmann2021_CRISPRa,C6orf203,2,1,1,-0.0017690732037621184,33539,20260907,independent_reference_groups,0,0
env__v~tiankampmann2021%5Fcrispra__v~ipsc-induced%5Fneuron__v~rna__v~baseline,tian_neuron_crispra,TianKampmann2021_CRISPRa,CASP3,2,1,1,0.0027672895940411405,33539,20260907,independent_reference_groups,0,0
env__v~tiankampmann2021%5Fcrispra__v~ipsc-induced%5Fneuron__v~rna__v~baseline,tian_neuron_crispra,TianKampmann2021_CRISPRa,CCDC85C,2,1,1,0.03644750407233291,33539,20260907,independent_reference_groups,0,0
env__v~tiankampmann2021%5Fcrispra__v~ipsc-induced%5Fneuron__v~rna__v~baseline,tian_neuron_crispra,TianKampmann2021_CRISPRa,CCR5,2,1,1,-9.75769918420171e-06,33539,20260907,independent_reference_groups,0,0
env__v~tiankampmann2021%5Fcrispra__v~ipsc-induced%5Fneuron__v~rna__v~baseline,tian_neuron_crispra,TianKampmann2021_CRISPRa,CDC42EP3,2,1,1,0.14500203342729598,33539,20260907,independent_reference_groups,0,0
env__v~tiankampmann2021%5Fcrispra__v~ipsc-induced%5Fneuron__v~rna__v~baseline,tian_neuron_crispra,TianKampmann2021_CRISPRa,CDC5L,2,1,1,0.022779000748405654,33539,20260907,independent_reference_groups,0,0
env__v~tiankampmann2021%5Fcrispra__v~ipsc-induced%5Fneuron__v~rna__v~baseline,tian_neuron_crispra,TianKampmann2021_CRISPRa,CH25H,2,1,1,0.06472111020921473,33539,20260907,independent_reference_groups,0,0
env__v~tiankampmann2021%5Fcrispra__v~ipsc-induced%5Fneuron__v~rna__v~baseline,tian_neuron_crispra,TianKampmann2021_CRISPRa,CIC,2,1,1,0.14172629788071472,33539,20260907,independent_reference_groups,0,0
env__v~tiankampmann2021%5Fcrispra__v~ipsc-induced%5Fneuron__v~rna__v~baseline,tian_neuron_crispra,TianKampmann2021_CRISPRa,CLRN2,2,1,1,-0.020732999880758884,33539,20260907,independent_reference_groups,0,0
env__v~tiankampmann2021%5Fcrispra__v~ipsc-induced%5Fneuron__v~rna__v~baseline,tian_neuron_crispra,TianKampmann2021_CRISPRa,CPS1,2,1,1,0.409787918331817,33539,20260907,independent_reference_groups,0,0
env__v~tiankampmann2021%5Fcrispra__v~ipsc-induced%5Fneuron__v~rna__v~baseline,tian_neuron_crispra,TianKampmann2021_CRISPRa,CSMD1,2,1,1,0.032559112367734136,33539,20260907,independent_reference_groups,0,0
env__v~tiankampmann2021%5Fcrispra__v~ipsc-induced%5Fneuron__v~rna__v~baseline,tian_neuron_crispra,TianKampmann2021_CRISPRa,CYCS,2,1,1,0.029144933898814087,33539,20260907,independent_reference_groups,0,0
env__v~tiankampmann2021%5Fcrispra__v~ipsc-induced%5Fneuron__v~rna__v~baseline,tian_neuron_crispra,TianKampmann2021_CRISPRa,DAPL1,2,1,1,-0.024066066618162973,33539,20260907,independent_reference_groups,0,0
env__v~tiankampmann2021%5Fcrispra__v~ipsc-induced%5Fneuron__v~rna__v~baseline,tian_neuron_crispra,TianKampmann2021_CRISPRa,DDIT4,2,1,1,0.026065315725578502,33539,20260907,independent_reference_groups,0,0
env__v~tiankampmann2021%5Fcrispra__v~ipsc-induced%5Fneuron__v~rna__v~baseline,tian_neuron_crispra,TianKampmann2021_CRISPRa,EFNA5,2,1,1,0.06857848470486776,33539,20260907,independent_reference_groups,0,0
env__v~tiankampmann2021%5Fcrispra__v~ipsc-induced%5Fneuron__v~rna__v~baseline,tian_neuron_crispra,TianKampmann2021_CRISPRa,EGR2,2,1,1,0.1444662366902503,33539,20260907,independent_reference_groups,0,0
env__v~tiankampmann2021%5Fcrispra__v~ipsc-induced%5Fneuron__v~rna__v~baseline,tian_neuron_crispra,TianKampmann2021_CRISPRa,EPC2,2,1,1,0.07516945990129636,33539,20260907,independent_reference_groups,0,0
env__v~tiankampmann2021%5Fcrispra__v~ipsc-induced%5Fneuron__v~rna__v~baseline,tian_neuron_crispra,TianKampmann2021_CRISPRa,FAM171A2,2,1,1,0.06733717175579837,33539,20260907,independent_reference_groups,0,0
env__v~tiankampmann2021%5Fcrispra__v~ipsc-induced%5Fneuron__v~rna__v~baseline,tian_neuron_crispra,TianKampmann2021_CRISPRa,FEZF2,2,1,1,0.470583004243361,33539,20260907,independent_reference_groups,0,0
env__v~tiankampmann2021%5Fcrispra__v~ipsc-induced%5Fneuron__v~rna__v~baseline,tian_neuron_crispra,TianKampmann2021_CRISPRa,FGD4,2,1,1,0.0395941493379427,33539,20260907,independent_reference_groups,0,0
env__v~tiankampmann2021%5Fcrispra__v~ipsc-induced%5Fneuron__v~rna__v~baseline,tian_neuron_crispra,TianKampmann2021_CRISPRa,FMNL1,2,1,1,0.057678863883246036,33539,20260907,independent_reference_groups,0,0
env__v~tiankampmann2021%5Fcrispra__v~ipsc-induced%5Fneuron__v~rna__v~baseline,tian_neuron_crispra,TianKampmann2021_CRISPRa,FRMD4A,2,1,1,0.014317278809810596,33539,20260907,independent_reference_groups,0,0
env__v~tiankampmann2021%5Fcrispra__v~ipsc-induced%5Fneuron__v~rna__v~baseline,tian_neuron_crispra,TianKampmann2021_CRISPRa,GABRG3,2,1,1,0.20842258214933662,33539,20260907,independent_reference_groups,0,0
env__v~tiankampmann2021%5Fcrispra__v~ipsc-induced%5Fneuron__v~rna__v~baseline,tian_neuron_crispra,TianKampmann2021_CRISPRa,GBX2,2,1,1,0.7059799129636051,33539,20260907,independent_reference_groups,0,0
env__v~tiankampmann2021%5Fcrispra__v~ipsc-induced%5Fneuron__v~rna__v~baseline,tian_neuron_crispra,TianKampmann2021_CRISPRa,GDI1,2,1,1,-0.008466845786034894,33539,20260907,independent_reference_groups,0,0
env__v~tiankampmann2021%5Fcrispra__v~ipsc-induced%5Fneuron__v~rna__v~baseline,tian_neuron_crispra,TianKampmann2021_CRISPRa,GIGYF2,2,1,1,0.040305552585348764,33539,20260907,independent_reference_groups,0,0
env__v~tiankampmann2021%5Fcrispra__v~ipsc-induced%5Fneuron__v~rna__v~baseline,tian_neuron_crispra,TianKampmann2021_CRISPRa,GLIS3,2,1,1,0.22658342972546586,33539,20260907,independent_reference_groups,0,0
env__v~tiankampmann2021%5Fcrispra__v~ipsc-induced%5Fneuron__v~rna__v~baseline,tian_neuron_crispra,TianKampmann2021_CRISPRa,GPR156,2,1,1,0.5240360167300463,33539,20260907,independent_reference_groups,0,0
env__v~tiankampmann2021%5Fcrispra__v~ipsc-induced%5Fneuron__v~rna__v~baseline,tian_neuron_crispra,TianKampmann2021_CRISPRa,GRID2,2,1,1,0.03424052179029505,33539,20260907,independent_reference_groups,0,0
env__v~tiankampmann2021%5Fcrispra__v~ipsc-induced%5Fneuron__v~rna__v~baseline,tian_neuron_crispra,TianKampmann2021_CRISPRa,GSTP1,2,1,1,0.06328690769328434,33539,20260907,independent_reference_groups,0,0
env__v~tiankampmann2021%5Fcrispra__v~ipsc-induced%5Fneuron__v~rna__v~baseline,tian_neuron_crispra,TianKampmann2021_CRISPRa,GSX2,2,1,1,0.7953867763168703,33539,20260907,independent_reference_groups,0,0
env__v~tiankampmann2021%5Fcrispra__v~ipsc-induced%5Fneuron__v~rna__v~baseline,tian_neuron_crispra,TianKampmann2021_CRISPRa,HDAC9,2,1,1,0.0656149402913596,33539,20260907,independent_reference_groups,0,0
env__v~tiankampmann2021%5Fcrispra__v~ipsc-induced%5Fneuron__v~rna__v~baseline,tian_neuron_crispra,TianKampmann2021_CRISPRa,HECW1,2,1,1,0.7063124509927856,33539,20260907,independent_reference_groups,0,0
env__v~tiankampmann2021%5Fcrispra__v~ipsc-induced%5Fneuron__v~rna__v~baseline,tian_neuron_crispra,TianKampmann2021_CRISPRa,HMGA2,2,1,1,0.012916379044292341,33539,20260907,independent_reference_groups,0,0
env__v~tiankampmann2021%5Fcrispra__v~ipsc-induced%5Fneuron__v~rna__v~baseline,tian_neuron_crispra,TianKampmann2021_CRISPRa,HNRNPA2B1,2,1,1,0.04807371603529628,33539,20260907,independent_reference_groups,0,0
env__v~tiankampmann2021%5Fcrispra__v~ipsc-induced%5Fneuron__v~rna__v~baseline,tian_neuron_crispra,TianKampmann2021_CRISPRa,HRK,2,1,1,0.023247979108281924,33539,20260907,independent_reference_groups,0,0
env__v~tiankampmann2021%5Fcrispra__v~ipsc-induced%5Fneuron__v~rna__v~baseline,tian_neuron_crispra,TianKampmann2021_CRISPRa,IGF1R,2,1,1,0.1804583053017331,33539,20260907,independent_reference_groups,0,0
env__v~tiankampmann2021%5Fcrispra__v~ipsc-induced%5Fneuron__v~rna__v~baseline,tian_neuron_crispra,TianKampmann2021_CRISPRa,INSR,2,1,1,0.797722585486459,33539,20260907,independent_reference_groups,0,0
env__v~tiankampmann2021%5Fcrispra__v~ipsc-induced%5Fneuron__v~rna__v~baseline,tian_neuron_crispra,TianKampmann2021_CRISPRa,JPH3,2,1,1,0.2568168476044903,33539,20260907,independent_reference_groups,0,0
env__v~tiankampmann2021%5Fcrispra__v~ipsc-induced%5Fneuron__v~rna__v~baseline,tian_neuron_crispra,TianKampmann2021_CRISPRa,KSR2,2,1,1,0.04835626637451871,33539,20260907,independent_reference_groups,0,0
env__v~tiankampmann2021%5Fcrispra__v~ipsc-induced%5Fneuron__v~rna__v~baseline,tian_neuron_crispra,TianKampmann2021_CRISPRa,LOXHD1,2,1,1,0.04848719896122815,33539,20260907,independent_reference_groups,0,0
env__v~tiankampmann2021%5Fcrispra__v~ipsc-induced%5Fneuron__v~rna__v~baseline,tian_neuron_crispra,TianKampmann2021_CRISPRa,LTF,2,1,1,-0.0003772525859503638,33539,20260907,independent_reference_groups,0,0
env__v~tiankampmann2021%5Fcrispra__v~ipsc-induced%5Fneuron__v~rna__v~baseline,tian_neuron_crispra,TianKampmann2021_CRISPRa,MAOA,2,1,1,0.06769576003780288,33539,20260907,independent_reference_groups,0,0
env__v~tiankampmann2021%5Fcrispra__v~ipsc-induced%5Fneuron__v~rna__v~baseline,tian_neuron_crispra,TianKampmann2021_CRISPRa,MEF2C,2,1,1,-0.017732807576393266,33539,20260907,independent_reference_groups,0,0
env__v~tiankampmann2021%5Fcrispra__v~ipsc-induced%5Fneuron__v~rna__v~baseline,tian_neuron_crispra,TianKampmann2021_CRISPRa,MEGF10,2,1,1,-0.017571319302794496,33539,20260907,independent_reference_groups,0,0
env__v~tiankampmann2021%5Fcrispra__v~ipsc-induced%5Fneuron__v~rna__v~baseline,tian_neuron_crispra,TianKampmann2021_CRISPRa,MEGF6,2,1,1,0.14701652945205407,33539,20260907,independent_reference_groups,0,0
env__v~tiankampmann2021%5Fcrispra__v~ipsc-induced%5Fneuron__v~rna__v~baseline,tian_neuron_crispra,TianKampmann2021_CRISPRa,NOP56,2,1,1,0.04661970885313566,33539,20260907,independent_reference_groups,0,0
env__v~tiankampmann2021%5Fcrispra__v~ipsc-induced%5Fneuron__v~rna__v~baseline,tian_neuron_crispra,TianKampmann2021_CRISPRa,NOS1,2,1,1,0.018827666745607412,33539,20260907,independent_reference_groups,0,0
env__v~tiankampmann2021%5Fcrispra__v~ipsc-induced%5Fneuron__v~rna__v~baseline,tian_neuron_crispra,TianKampmann2021_CRISPRa,NOS3,2,1,1,0.07457648163640156,33539,20260907,independent_reference_groups,0,0
env__v~tiankampmann2021%5Fcrispra__v~ipsc-induced%5Fneuron__v~rna__v~baseline,tian_neuron_crispra,TianKampmann2021_CRISPRa,NQO1,2,1,1,0.7363328052798204,33539,20260907,independent_reference_groups,0,0
env__v~tiankampmann2021%5Fcrispra__v~ipsc-induced%5Fneuron__v~rna__v~baseline,tian_neuron_crispra,TianKampmann2021_CRISPRa,NR2F2,2,1,1,0.3456374912831903,33539,20260907,independent_reference_groups,0,0
env__v~tiankampmann2021%5Fcrispra__v~ipsc-induced%5Fneuron__v~rna__v~baseline,tian_neuron_crispra,TianKampmann2021_CRISPRa,NTRK1,2,1,1,0.13253658092777437,33539,20260907,independent_reference_groups,0,0
env__v~tiankampmann2021%5Fcrispra__v~ipsc-induced%5Fneuron__v~rna__v~baseline,tian_neuron_crispra,TianKampmann2021_CRISPRa,NUAK1,2,1,1,0.30407597093863187,33539,20260907,independent_reference_groups,0,0
env__v~tiankampmann2021%5Fcrispra__v~ipsc-induced%5Fneuron__v~rna__v~baseline,tian_neuron_crispra,TianKampmann2021_CRISPRa,P4HB,2,1,1,-0.018216406425141204,33539,20260907,independent_reference_groups,0,0
env__v~tiankampmann2021%5Fcrispra__v~ipsc-induced%5Fneuron__v~rna__v~baseline,tian_neuron_crispra,TianKampmann2021_CRISPRa,PCDHA3,2,1,1,0.030308185624089243,33539,20260907,independent_reference_groups,0,0
env__v~tiankampmann2021%5Fcrispra__v~ipsc-induced%5Fneuron__v~rna__v~baseline,tian_neuron_crispra,TianKampmann2021_CRISPRa,PDGFA,2,1,1,0.020673350717351435,33539,20260907,independent_reference_groups,0,0
env__v~tiankampmann2021%5Fcrispra__v~ipsc-induced%5Fneuron__v~rna__v~baseline,tian_neuron_crispra,TianKampmann2021_CRISPRa,PICALM,2,1,1,-0.00814463537019042,33539,20260907,independent_reference_groups,0,0
env__v~tiankampmann2021%5Fcrispra__v~ipsc-induced%5Fneuron__v~rna__v~baseline,tian_neuron_crispra,TianKampmann2021_CRISPRa,POU4F1,2,1,1,0.12142425558923166,33539,20260907,independent_reference_groups,0,0
env__v~tiankampmann2021%5Fcrispra__v~ipsc-induced%5Fneuron__v~rna__v~baseline,tian_neuron_crispra,TianKampmann2021_CRISPRa,PPARGC1A,2,1,1,0.11265659519624804,33539,20260907,independent_reference_groups,0,0
env__v~tiankampmann2021%5Fcrispra__v~ipsc-induced%5Fneuron__v~rna__v~baseline,tian_neuron_crispra,TianKampmann2021_CRISPRa,PPP1R3B,2,1,1,0.1096990368188305,33539,20260907,independent_reference_groups,0,0
env__v~tiankampmann2021%5Fcrispra__v~ipsc-induced%5Fneuron__v~rna__v~baseline,tian_neuron_crispra,TianKampmann2021_CRISPRa,PPP2R2B,2,1,1,0.010560613583834304,33539,20260907,independent_reference_groups,0,0
env__v~tiankampmann2021%5Fcrispra__v~ipsc-induced%5Fneuron__v~rna__v~baseline,tian_neuron_crispra,TianKampmann2021_CRISPRa,PRNP,2,1,1,-0.003322638615354901,33539,20260907,independent_reference_groups,0,0
env__v~tiankampmann2021%5Fcrispra__v~ipsc-induced%5Fneuron__v~rna__v~baseline,tian_neuron_crispra,TianKampmann2021_CRISPRa,PRRC2C,2,1,1,0.04739972180464171,33539,20260907,independent_reference_groups,0,0
env__v~tiankampmann2021%5Fcrispra__v~ipsc-induced%5Fneuron__v~rna__v~baseline,tian_neuron_crispra,TianKampmann2021_CRISPRa,RBMS1,2,1,1,0.12991253916054607,33539,20260907,independent_reference_groups,0,0
env__v~tiankampmann2021%5Fcrispra__v~ipsc-induced%5Fneuron__v~rna__v~baseline,tian_neuron_crispra,TianKampmann2021_CRISPRa,RRAS2,2,1,1,0.014964464389861671,33539,20260907,independent_reference_groups,0,0
env__v~tiankampmann2021%5Fcrispra__v~ipsc-induced%5Fneuron__v~rna__v~baseline,tian_neuron_crispra,TianKampmann2021_CRISPRa,RUNX1T1,2,1,1,0.10262167392648952,33539,20260907,independent_reference_groups,0,0
env__v~tiankampmann2021%5Fcrispra__v~ipsc-induced%5Fneuron__v~rna__v~baseline,tian_neuron_crispra,TianKampmann2021_CRISPRa,SEMA3C,2,1,1,0.11438183758087934,33539,20260907,independent_reference_groups,0,0
env__v~tiankampmann2021%5Fcrispra__v~ipsc-induced%5Fneuron__v~rna__v~baseline,tian_neuron_crispra,TianKampmann2021_CRISPRa,SERAC1,2,1,1,-0.01719306621498665,33539,20260907,independent_reference_groups,0,0
env__v~tiankampmann2021%5Fcrispra__v~ipsc-induced%5Fneuron__v~rna__v~baseline,tian_neuron_crispra,TianKampmann2021_CRISPRa,SETX,2,1,1,0.18560978994095392,33539,20260907,independent_reference_groups,0,0
env__v~tiankampmann2021%5Fcrispra__v~ipsc-induced%5Fneuron__v~rna__v~baseline,tian_neuron_crispra,TianKampmann2021_CRISPRa,SHC1,2,1,1,-0.020441211146659966,33539,20260907,independent_reference_groups,0,0
env__v~tiankampmann2021%5Fcrispra__v~ipsc-induced%5Fneuron__v~rna__v~baseline,tian_neuron_crispra,TianKampmann2021_CRISPRa,SLC2A3,2,1,1,0.04648617072964653,33539,20260907,independent_reference_groups,0,0
env__v~tiankampmann2021%5Fcrispra__v~ipsc-induced%5Fneuron__v~rna__v~baseline,tian_neuron_crispra,TianKampmann2021_CRISPRa,SLC4A1,2,1,1,0.0008904236122269026,33539,20260907,independent_reference_groups,0,0
env__v~tiankampmann2021%5Fcrispra__v~ipsc-induced%5Fneuron__v~rna__v~baseline,tian_neuron_crispra,TianKampmann2021_CRISPRa,SMEK1,2,1,1,-0.033601369489727625,33539,20260907,independent_reference_groups,0,0
env__v~tiankampmann2021%5Fcrispra__v~ipsc-induced%5Fneuron__v~rna__v~baseline,tian_neuron_crispra,TianKampmann2021_CRISPRa,SNCB,2,1,1,0.05459482642774381,33539,20260907,independent_reference_groups,0,0
env__v~tiankampmann2021%5Fcrispra__v~ipsc-induced%5Fneuron__v~rna__v~baseline,tian_neuron_crispra,TianKampmann2021_CRISPRa,SOX5,2,1,1,0.6733484980290658,33539,20260907,independent_reference_groups,0,0
env__v~tiankampmann2021%5Fcrispra__v~ipsc-induced%5Fneuron__v~rna__v~baseline,tian_neuron_crispra,TianKampmann2021_CRISPRa,SPAST,2,1,1,0.25110269208421937,33539,20260907,independent_reference_groups,0,0
env__v~tiankampmann2021%5Fcrispra__v~ipsc-induced%5Fneuron__v~rna__v~baseline,tian_neuron_crispra,TianKampmann2021_CRISPRa,SPI1,2,1,1,0.05809908705765075,33539,20260907,independent_reference_groups,0,0
env__v~tiankampmann2021%5Fcrispra__v~ipsc-induced%5Fneuron__v~rna__v~baseline,tian_neuron_crispra,TianKampmann2021_CRISPRa,TFAM,2,1,1,0.08349079812145295,33539,20260907,independent_reference_groups,0,0
env__v~tiankampmann2021%5Fcrispra__v~ipsc-induced%5Fneuron__v~rna__v~baseline,tian_neuron_crispra,TianKampmann2021_CRISPRa,TMSB4X,2,1,1,0.2218185506180617,33539,20260907,independent_reference_groups,0,0
env__v~tiankampmann2021%5Fcrispra__v~ipsc-induced%5Fneuron__v~rna__v~baseline,tian_neuron_crispra,TianKampmann2021_CRISPRa,TNS3,2,1,1,0.058322583216894874,33539,20260907,independent_reference_groups,0,0
env__v~tiankampmann2021%5Fcrispra__v~ipsc-induced%5Fneuron__v~rna__v~baseline,tian_neuron_crispra,TianKampmann2021_CRISPRa,TP53,2,1,1,0.037352789537247286,33539,20260907,independent_reference_groups,0,0
env__v~tiankampmann2021%5Fcrispra__v~ipsc-induced%5Fneuron__v~rna__v~baseline,tian_neuron_crispra,TianKampmann2021_CRISPRa,TSEN15,2,1,1,0.0045365627904005905,33539,20260907,independent_reference_groups,0,0
env__v~tiankampmann2021%5Fcrispra__v~ipsc-induced%5Fneuron__v~rna__v~baseline,tian_neuron_crispra,TianKampmann2021_CRISPRa,TTBK2,2,1,1,0.9102205506232439,33539,20260907,independent_reference_groups,0,0
env__v~tiankampmann2021%5Fcrispra__v~ipsc-induced%5Fneuron__v~rna__v~baseline,tian_neuron_crispra,TianKampmann2021_CRISPRa,TUSC1,2,1,1,0.19862054380372504,33539,20260907,independent_reference_groups,0,0
env__v~tiankampmann2021%5Fcrispra__v~ipsc-induced%5Fneuron__v~rna__v~baseline,tian_neuron_crispra,TianKampmann2021_CRISPRa,WNT3,2,1,1,0.26833519546067,33539,20260907,independent_reference_groups,0,0
env__v~tiankampmann2021%5Fcrispra__v~ipsc-induced%5Fneuron__v~rna__v~baseline,tian_neuron_crispra,TianKampmann2021_CRISPRa,XIAP,2,1,1,0.012049461797940655,33539,20260907,independent_reference_groups,0,0
env__v~tiankampmann2021%5Fcrispra__v~ipsc-induced%5Fneuron__v~rna__v~baseline,tian_neuron_crispra,TianKampmann2021_CRISPRa,YAP1,2,1,1,0.0724086751090882,33539,20260907,independent_reference_groups,0,0
env__v~tiankampmann2021%5Fcrispri__v~ipsc-induced%5Fneuron__v~rna__v~baseline,tian_neuron_crispri,TianKampmann2021_CRISPRi,ADAM10,4,2,2,0.04327922705240568,33539,20260907,independent_reference_groups,0,0
env__v~tiankampmann2021%5Fcrispri__v~ipsc-induced%5Fneuron__v~rna__v~baseline,tian_neuron_crispri,TianKampmann2021_CRISPRi,ADARB2,4,2,2,0.023470534585487847,33539,20260907,independent_reference_groups,0,0
env__v~tiankampmann2021%5Fcrispri__v~ipsc-induced%5Fneuron__v~rna__v~baseline,tian_neuron_crispri,TianKampmann2021_CRISPRi,AFG3L2,4,2,2,0.004430321680872964,33539,20260907,independent_reference_groups,0,0
env__v~tiankampmann2021%5Fcrispri__v~ipsc-induced%5Fneuron__v~rna__v~baseline,tian_neuron_crispri,TianKampmann2021_CRISPRi,AIFM1,4,2,2,-0.06226142065972692,33539,20260907,independent_reference_groups,0,0
env__v~tiankampmann2021%5Fcrispri__v~ipsc-induced%5Fneuron__v~rna__v~baseline,tian_neuron_crispri,TianKampmann2021_CRISPRi,AKAP9,4,2,2,0.01847995385624292,33539,20260907,independent_reference_groups,0,0
env__v~tiankampmann2021%5Fcrispri__v~ipsc-induced%5Fneuron__v~rna__v~baseline,tian_neuron_crispri,TianKampmann2021_CRISPRi,AMFR,4,2,2,-0.006415954498589486,33539,20260907,independent_reference_groups,0,0
env__v~tiankampmann2021%5Fcrispri__v~ipsc-induced%5Fneuron__v~rna__v~baseline,tian_neuron_crispri,TianKampmann2021_CRISPRi,ANO10,4,2,2,0.031028692847438786,33539,20260907,independent_reference_groups,0,0
env__v~tiankampmann2021%5Fcrispri__v~ipsc-induced%5Fneuron__v~rna__v~baseline,tian_neuron_crispri,TianKampmann2021_CRISPRi,AP2A2,4,2,2,-0.0022710448381817326,33539,20260907,independent_reference_groups,0,0
env__v~tiankampmann2021%5Fcrispri__v~ipsc-induced%5Fneuron__v~rna__v~baseline,tian_neuron_crispri,TianKampmann2021_CRISPRi,APEX1,4,2,2,0.03649491279982164,33539,20260907,independent_reference_groups,0,0
env__v~tiankampmann2021%5Fcrispri__v~ipsc-induced%5Fneuron__v~rna__v~baseline,tian_neuron_crispri,TianKampmann2021_CRISPRi,ARID1B,4,2,2,0.004989174460742536,33539,20260907,independent_reference_groups,0,0
env__v~tiankampmann2021%5Fcrispri__v~ipsc-induced%5Fneuron__v~rna__v~baseline,tian_neuron_crispri,TianKampmann2021_CRISPRi,ATG5,4,2,2,0.012097829751313006,33539,20260907,independent_reference_groups,0,0
env__v~tiankampmann2021%5Fcrispri__v~ipsc-induced%5Fneuron__v~rna__v~baseline,tian_neuron_crispri,TianKampmann2021_CRISPRi,ATP1A3,4,2,2,0.08522824136665791,33539,20260907,independent_reference_groups,0,0
env__v~tiankampmann2021%5Fcrispri__v~ipsc-induced%5Fneuron__v~rna__v~baseline,tian_neuron_crispri,TianKampmann2021_CRISPRi,ATP5C1,4,2,2,0.04151997049035253,33539,20260907,independent_reference_groups,0,0
env__v~tiankampmann2021%5Fcrispri__v~ipsc-induced%5Fneuron__v~rna__v~baseline,tian_neuron_crispri,TianKampmann2021_CRISPRi,ATP5H,4,2,2,0.02677539991336619,33539,20260907,independent_reference_groups,0,0
env__v~tiankampmann2021%5Fcrispri__v~ipsc-induced%5Fneuron__v~rna__v~baseline,tian_neuron_crispri,TianKampmann2021_CRISPRi,ATP6AP2,4,2,2,-0.014269197888049453,33539,20260907,independent_reference_groups,0,0
env__v~tiankampmann2021%5Fcrispri__v~ipsc-induced%5Fneuron__v~rna__v~baseline,tian_neuron_crispri,TianKampmann2021_CRISPRi,ATXN1,4,2,2,0.032630473995664336,33539,20260907,independent_reference_groups,0,0
env__v~tiankampmann2021%5Fcrispri__v~ipsc-induced%5Fneuron__v~rna__v~baseline,tian_neuron_crispri,TianKampmann2021_CRISPRi,ATXN10,4,2,2,-0.03722636433495737,33539,20260907,independent_reference_groups,0,0
env__v~tiankampmann2021%5Fcrispri__v~ipsc-induced%5Fneuron__v~rna__v~baseline,tian_neuron_crispri,TianKampmann2021_CRISPRi,ATXN7,4,2,2,0.0319217621303269,33539,20260907,independent_reference_groups,0,0
env__v~tiankampmann2021%5Fcrispri__v~ipsc-induced%5Fneuron__v~rna__v~baseline,tian_neuron_crispri,TianKampmann2021_CRISPRi,BAX,4,2,2,0.006594281253582499,33539,20260907,independent_reference_groups,0,0
env__v~tiankampmann2021%5Fcrispri__v~ipsc-induced%5Fneuron__v~rna__v~baseline,tian_neuron_crispri,TianKampmann2021_CRISPRi,BCS1L,4,2,2,-0.022489484292575957,33539,20260907,independent_reference_groups,0,0
env__v~tiankampmann2021%5Fcrispri__v~ipsc-induced%5Fneuron__v~rna__v~baseline,tian_neuron_crispri,TianKampmann2021_CRISPRi,BECN1,4,2,2,0.003633856024889163,33539,20260907,independent_reference_groups,0,0
env__v~tiankampmann2021%5Fcrispri__v~ipsc-induced%5Fneuron__v~rna__v~baseline,tian_neuron_crispri,TianKampmann2021_CRISPRi,BIN1,4,2,2,-0.0037737479167139405,33539,20260907,independent_reference_groups,0,0
env__v~tiankampmann2021%5Fcrispri__v~ipsc-induced%5Fneuron__v~rna__v~baseline,tian_neuron_crispri,TianKampmann2021_CRISPRi,BLMH,4,2,2,-0.010823678338897302,33539,20260907,independent_reference_groups,0,0
env__v~tiankampmann2021%5Fcrispri__v~ipsc-induced%5Fneuron__v~rna__v~baseline,tian_neuron_crispri,TianKampmann2021_CRISPRi,BNIP1,4,2,2,0.005955402822533992,33539,20260907,independent_reference_groups,0,0
env__v~tiankampmann2021%5Fcrispri__v~ipsc-induced%5Fneuron__v~rna__v~baseline,tian_neuron_crispri,TianKampmann2021_CRISPRi,CALB1,4,2,2,-0.05010338396685711,33539,20260907,independent_reference_groups,0,0
env__v~tiankampmann2021%5Fcrispri__v~ipsc-induced%5Fneuron__v~rna__v~baseline,tian_neuron_crispri,TianKampmann2021_CRISPRi,CASP3,4,2,2,0.05948356006764668,33539,20260907,independent_reference_groups,0,0
env__v~tiankampmann2021%5Fcrispri__v~ipsc-induced%5Fneuron__v~rna__v~baseline,tian_neuron_crispri,TianKampmann2021_CRISPRi,CDC42EP3,4,2,2,-0.003701390697941592,33539,20260907,independent_reference_groups,0,0
env__v~tiankampmann2021%5Fcrispri__v~ipsc-induced%5Fneuron__v~rna__v~baseline,tian_neuron_crispri,TianKampmann2021_CRISPRi,CDH11,4,2,2,-0.020781121459010638,33539,20260907,independent_reference_groups,0,0
env__v~tiankampmann2021%5Fcrispri__v~ipsc-induced%5Fneuron__v~rna__v~baseline,tian_neuron_crispri,TianKampmann2021_CRISPRi,CELF1,4,2,2,-0.0015379493798938853,33539,20260907,independent_reference_groups,0,0
env__v~tiankampmann2021%5Fcrispri__v~ipsc-induced%5Fneuron__v~rna__v~baseline,tian_neuron_crispri,TianKampmann2021_CRISPRi,CEP63,4,2,2,0.0018664734279746,33539,20260907,independent_reference_groups,0,0
env__v~tiankampmann2021%5Fcrispri__v~ipsc-induced%5Fneuron__v~rna__v~baseline,tian_neuron_crispri,TianKampmann2021_CRISPRi,CIC,4,2,2,0.04470192494726176,33539,20260907,independent_reference_groups,0,0
env__v~tiankampmann2021%5Fcrispri__v~ipsc-induced%5Fneuron__v~rna__v~baseline,tian_neuron_crispri,TianKampmann2021_CRISPRi,CNTNAP2,4,2,2,0.005056999204178511,33539,20260907,independent_reference_groups,0,0
env__v~tiankampmann2021%5Fcrispri__v~ipsc-induced%5Fneuron__v~rna__v~baseline,tian_neuron_crispri,TianKampmann2021_CRISPRi,COASY,4,2,2,-0.015924470046294496,33539,20260907,independent_reference_groups,0,0
env__v~tiankampmann2021%5Fcrispri__v~ipsc-induced%5Fneuron__v~rna__v~baseline,tian_neuron_crispri,TianKampmann2021_CRISPRi,COG4,4,2,2,0.037703263921263545,33539,20260907,independent_reference_groups,0,0
env__v~tiankampmann2021%5Fcrispri__v~ipsc-induced%5Fneuron__v~rna__v~baseline,tian_neuron_crispri,TianKampmann2021_CRISPRi,COX10,4,2,2,0.01080476663508707,33539,20260907,independent_reference_groups,0,0
env__v~tiankampmann2021%5Fcrispri__v~ipsc-induced%5Fneuron__v~rna__v~baseline,tian_neuron_crispri,TianKampmann2021_CRISPRi,COX15,4,2,2,0.08174985857750271,33539,20260907,independent_reference_groups,0,0
env__v~tiankampmann2021%5Fcrispri__v~ipsc-induced%5Fneuron__v~rna__v~baseline,tian_neuron_crispri,TianKampmann2021_CRISPRi,CREBBP,4,2,2,0.0930314659602046,33539,20260907,independent_reference_groups,0,0
env__v~tiankampmann2021%5Fcrispri__v~ipsc-induced%5Fneuron__v~rna__v~baseline,tian_neuron_crispri,TianKampmann2021_CRISPRi,CTSD,4,2,2,0.05603827304601749,33539,20260907,independent_reference_groups,0,0
env__v~tiankampmann2021%5Fcrispri__v~ipsc-induced%5Fneuron__v~rna__v~baseline,tian_neuron_crispri,TianKampmann2021_CRISPRi,CYB561,4,2,2,0.07832830850173733,33539,20260907,independent_reference_groups,0,0
env__v~tiankampmann2021%5Fcrispri__v~ipsc-induced%5Fneuron__v~rna__v~baseline,tian_neuron_crispri,TianKampmann2021_CRISPRi,CYCS,4,2,2,-0.015398172782798519,33539,20260907,independent_reference_groups,0,0
env__v~tiankampmann2021%5Fcrispri__v~ipsc-induced%5Fneuron__v~rna__v~baseline,tian_neuron_crispri,TianKampmann2021_CRISPRi,CYP46A1,4,2,2,-0.011476407908195934,33539,20260907,independent_reference_groups,0,0
env__v~tiankampmann2021%5Fcrispri__v~ipsc-induced%5Fneuron__v~rna__v~baseline,tian_neuron_crispri,TianKampmann2021_CRISPRi,DAP,4,2,2,0.08766104634257725,33539,20260907,independent_reference_groups,0,0
env__v~tiankampmann2021%5Fcrispri__v~ipsc-induced%5Fneuron__v~rna__v~baseline,tian_neuron_crispri,TianKampmann2021_CRISPRi,DBR1,4,2,2,-0.00826690040898241,33539,20260907,independent_reference_groups,0,0
env__v~tiankampmann2021%5Fcrispri__v~ipsc-induced%5Fneuron__v~rna__v~baseline,tian_neuron_crispri,TianKampmann2021_CRISPRi,DCTN1,4,2,2,0.015456398276687995,33539,20260907,independent_reference_groups,0,0
env__v~tiankampmann2021%5Fcrispri__v~ipsc-induced%5Fneuron__v~rna__v~baseline,tian_neuron_crispri,TianKampmann2021_CRISPRi,DMXL1,4,2,2,0.027133126606513028,33539,20260907,independent_reference_groups,0,0
env__v~tiankampmann2021%5Fcrispri__v~ipsc-induced%5Fneuron__v~rna__v~baseline,tian_neuron_crispri,TianKampmann2021_CRISPRi,DNAJC6,4,2,2,0.002831645746371512,33539,20260907,independent_reference_groups,0,0
env__v~tiankampmann2021%5Fcrispri__v~ipsc-induced%5Fneuron__v~rna__v~baseline,tian_neuron_crispri,TianKampmann2021_CRISPRi,DNM2,4,2,2,0.005455263870728138,33539,20260907,independent_reference_groups,0,0
env__v~tiankampmann2021%5Fcrispri__v~ipsc-induced%5Fneuron__v~rna__v~baseline,tian_neuron_crispri,TianKampmann2021_CRISPRi,DROSHA,4,2,2,-0.03484523377626372,33539,20260907,independent_reference_groups,0,0
env__v~tiankampmann2021%5Fcrispri__v~ipsc-induced%5Fneuron__v~rna__v~baseline,tian_neuron_crispri,TianKampmann2021_CRISPRi,DYNC1H1,4,2,2,0.019215757997609214,33539,20260907,independent_reference_groups,0,0
env__v~tiankampmann2021%5Fcrispri__v~ipsc-induced%5Fneuron__v~rna__v~baseline,tian_neuron_crispri,TianKampmann2021_CRISPRi,ECHS1,4,2,2,0.04348955990953108,33539,20260907,independent_reference_groups,0,0
env__v~tiankampmann2021%5Fcrispri__v~ipsc-induced%5Fneuron__v~rna__v~baseline,tian_neuron_crispri,TianKampmann2021_CRISPRi,EEF2,4,2,2,0.17225080580801042,33539,20260907,independent_reference_groups,0,0
env__v~tiankampmann2021%5Fcrispri__v~ipsc-induced%5Fneuron__v~rna__v~baseline,tian_neuron_crispri,TianKampmann2021_CRISPRi,EIF2S1,4,2,2,-0.00079581319898781,33539,20260907,independent_reference_groups,0,0
env__v~tiankampmann2021%5Fcrispri__v~ipsc-induced%5Fneuron__v~rna__v~baseline,tian_neuron_crispri,TianKampmann2021_CRISPRi,EIF4G1,4,2,2,0.02875829929067683,33539,20260907,independent_reference_groups,0,0
env__v~tiankampmann2021%5Fcrispri__v~ipsc-induced%5Fneuron__v~rna__v~baseline,tian_neuron_crispri,TianKampmann2021_CRISPRi,ELMO1,4,2,2,-0.039998002264972125,33539,20260907,independent_reference_groups,0,0
env__v~tiankampmann2021%5Fcrispri__v~ipsc-induced%5Fneuron__v~rna__v~baseline,tian_neuron_crispri,TianKampmann2021_CRISPRi,ELOVL5,4,2,2,0.025473290145702456,33539,20260907,independent_reference_groups,0,0
env__v~tiankampmann2021%5Fcrispri__v~ipsc-induced%5Fneuron__v~rna__v~baseline,tian_neuron_crispri,TianKampmann2021_CRISPRi,ELP3,4,2,2,0.013935764451688391,33539,20260907,independent_reference_groups,0,0
env__v~tiankampmann2021%5Fcrispri__v~ipsc-induced%5Fneuron__v~rna__v~baseline,tian_neuron_crispri,TianKampmann2021_CRISPRi,EPC2,4,2,2,0.009687816557369491,33539,20260907,independent_reference_groups,0,0
env__v~tiankampmann2021%5Fcrispri__v~ipsc-induced%5Fneuron__v~rna__v~baseline,tian_neuron_crispri,TianKampmann2021_CRISPRi,EWSR1,4,2,2,0.09296996711300558,33539,20260907,independent_reference_groups,0,0
env__v~tiankampmann2021%5Fcrispri__v~ipsc-induced%5Fneuron__v~rna__v~baseline,tian_neuron_crispri,TianKampmann2021_CRISPRi,EXOC4,4,2,2,0.03508911401856573,33539,20260907,independent_reference_groups,0,0
env__v~tiankampmann2021%5Fcrispri__v~ipsc-induced%5Fneuron__v~rna__v~baseline,tian_neuron_crispri,TianKampmann2021_CRISPRi,FAM171A2,4,2,2,-0.03127659006597445,33539,20260907,independent_reference_groups,0,0
env__v~tiankampmann2021%5Fcrispri__v~ipsc-induced%5Fneuron__v~rna__v~baseline,tian_neuron_crispri,TianKampmann2021_CRISPRi,FAM57B,4,2,2,0.031118911469047647,33539,20260907,independent_reference_groups,0,0
env__v~tiankampmann2021%5Fcrispri__v~ipsc-induced%5Fneuron__v~rna__v~baseline,tian_neuron_crispri,TianKampmann2021_CRISPRi,FARP1,4,2,2,0.025679069012816587,33539,20260907,independent_reference_groups,0,0
env__v~tiankampmann2021%5Fcrispri__v~ipsc-induced%5Fneuron__v~rna__v~baseline,tian_neuron_crispri,TianKampmann2021_CRISPRi,FBXO7,4,2,2,0.02846436703123508,33539,20260907,independent_reference_groups,0,0
env__v~tiankampmann2021%5Fcrispri__v~ipsc-induced%5Fneuron__v~rna__v~baseline,tian_neuron_crispri,TianKampmann2021_CRISPRi,FERMT2,4,2,2,0.00902483510744731,33539,20260907,independent_reference_groups,0,0
env__v~tiankampmann2021%5Fcrispri__v~ipsc-induced%5Fneuron__v~rna__v~baseline,tian_neuron_crispri,TianKampmann2021_CRISPRi,FGD4,4,2,2,0.03922510195063859,33539,20260907,independent_reference_groups,0,0
env__v~tiankampmann2021%5Fcrispri__v~ipsc-induced%5Fneuron__v~rna__v~baseline,tian_neuron_crispri,TianKampmann2021_CRISPRi,FOXC1,4,2,2,0.009058291077865358,33539,20260907,independent_reference_groups,0,0
env__v~tiankampmann2021%5Fcrispri__v~ipsc-induced%5Fneuron__v~rna__v~baseline,tian_neuron_crispri,TianKampmann2021_CRISPRi,FOXRED1,4,2,2,0.060308407456568104,33539,20260907,independent_reference_groups,0,0
env__v~tiankampmann2021%5Fcrispri__v~ipsc-induced%5Fneuron__v~rna__v~baseline,tian_neuron_crispri,TianKampmann2021_CRISPRi,FRMD4A,4,2,2,0.8406816855109179,33539,20260907,independent_reference_groups,0,0
env__v~tiankampmann2021%5Fcrispri__v~ipsc-induced%5Fneuron__v~rna__v~baseline,tian_neuron_crispri,TianKampmann2021_CRISPRi,FXN,4,2,2,0.010634901669304824,33539,20260907,independent_reference_groups,0,0
env__v~tiankampmann2021%5Fcrispri__v~ipsc-induced%5Fneuron__v~rna__v~baseline,tian_neuron_crispri,TianKampmann2021_CRISPRi,GARS,4,2,2,-0.01531289306855279,33539,20260907,independent_reference_groups,0,0
env__v~tiankampmann2021%5Fcrispri__v~ipsc-induced%5Fneuron__v~rna__v~baseline,tian_neuron_crispri,TianKampmann2021_CRISPRi,GLE1,4,2,2,-0.004765947138752273,33539,20260907,independent_reference_groups,0,0
env__v~tiankampmann2021%5Fcrispri__v~ipsc-induced%5Fneuron__v~rna__v~baseline,tian_neuron_crispri,TianKampmann2021_CRISPRi,GOLIM4,4,2,2,-0.02296330087029137,33539,20260907,independent_reference_groups,0,0
env__v~tiankampmann2021%5Fcrispri__v~ipsc-induced%5Fneuron__v~rna__v~baseline,tian_neuron_crispri,TianKampmann2021_CRISPRi,GRN,4,2,2,-0.006564414808082958,33539,20260907,independent_reference_groups,0,0
env__v~tiankampmann2021%5Fcrispri__v~ipsc-induced%5Fneuron__v~rna__v~baseline,tian_neuron_crispri,TianKampmann2021_CRISPRi,GSR,4,2,2,0.02286131891310767,33539,20260907,independent_reference_groups,0,0
env__v~tiankampmann2021%5Fcrispri__v~ipsc-induced%5Fneuron__v~rna__v~baseline,tian_neuron_crispri,TianKampmann2021_CRISPRi,GSTA4,4,2,2,0.011844641468690797,33539,20260907,independent_reference_groups,0,0
env__v~tiankampmann2021%5Fcrispri__v~ipsc-induced%5Fneuron__v~rna__v~baseline,tian_neuron_crispri,TianKampmann2021_CRISPRi,GTF2H3,4,2,2,0.050370330812098865,33539,20260907,independent_reference_groups,0,0
env__v~tiankampmann2021%5Fcrispri__v~ipsc-induced%5Fneuron__v~rna__v~baseline,tian_neuron_crispri,TianKampmann2021_CRISPRi,HEXA,4,2,2,-0.03999295773125044,33539,20260907,independent_reference_groups,0,0
env__v~tiankampmann2021%5Fcrispri__v~ipsc-induced%5Fneuron__v~rna__v~baseline,tian_neuron_crispri,TianKampmann2021_CRISPRi,HNRNPA2B1,4,2,2,-0.003970833819857369,33539,20260907,independent_reference_groups,0,0
env__v~tiankampmann2021%5Fcrispri__v~ipsc-induced%5Fneuron__v~rna__v~baseline,tian_neuron_crispri,TianKampmann2021_CRISPRi,HSPA5,4,2,2,0.06608877615113841,33539,20260907,independent_reference_groups,0,0
env__v~tiankampmann2021%5Fcrispri__v~ipsc-induced%5Fneuron__v~rna__v~baseline,tian_neuron_crispri,TianKampmann2021_CRISPRi,HSPA9,4,2,2,-0.04270952461345035,33539,20260907,independent_reference_groups,0,0
env__v~tiankampmann2021%5Fcrispri__v~ipsc-induced%5Fneuron__v~rna__v~baseline,tian_neuron_crispri,TianKampmann2021_CRISPRi,HTT,4,2,2,-0.007464126039152799,33539,20260907,independent_reference_groups,0,0
env__v~tiankampmann2021%5Fcrispri__v~ipsc-induced%5Fneuron__v~rna__v~baseline,tian_neuron_crispri,TianKampmann2021_CRISPRi,HYOU1,4,2,2,0.021797967852806837,33539,20260907,independent_reference_groups,0,0
env__v~tiankampmann2021%5Fcrispri__v~ipsc-induced%5Fneuron__v~rna__v~baseline,tian_neuron_crispri,TianKampmann2021_CRISPRi,IGF1R,4,2,2,0.014651229580164595,33539,20260907,independent_reference_groups,0,0
env__v~tiankampmann2021%5Fcrispri__v~ipsc-induced%5Fneuron__v~rna__v~baseline,tian_neuron_crispri,TianKampmann2021_CRISPRi,KIF1B,4,2,2,0.07429923370745915,33539,20260907,independent_reference_groups,0,0
env__v~tiankampmann2021%5Fcrispri__v~ipsc-induced%5Fneuron__v~rna__v~baseline,tian_neuron_crispri,TianKampmann2021_CRISPRi,KIFAP3,4,2,2,-0.002969491044814724,33539,20260907,independent_reference_groups,0,0
env__v~tiankampmann2021%5Fcrispri__v~ipsc-induced%5Fneuron__v~rna__v~baseline,tian_neuron_crispri,TianKampmann2021_CRISPRi,LRPPRC,4,2,2,0.06597341051987325,33539,20260907,independent_reference_groups,0,0
env__v~tiankampmann2021%5Fcrispri__v~ipsc-induced%5Fneuron__v~rna__v~baseline,tian_neuron_crispri,TianKampmann2021_CRISPRi,MAPT,4,2,2,0.05587694824421489,33539,20260907,independent_reference_groups,0,0
env__v~tiankampmann2021%5Fcrispri__v~ipsc-induced%5Fneuron__v~rna__v~baseline,tian_neuron_crispri,TianKampmann2021_CRISPRi,MATR3,4,2,2,0.02777144136621022,33539,20260907,independent_reference_groups,0,0
env__v~tiankampmann2021%5Fcrispri__v~ipsc-induced%5Fneuron__v~rna__v~baseline,tian_neuron_crispri,TianKampmann2021_CRISPRi,MRPL10,4,2,2,0.11545618807499615,33539,20260907,independent_reference_groups,0,0
env__v~tiankampmann2021%5Fcrispri__v~ipsc-induced%5Fneuron__v~rna__v~baseline,tian_neuron_crispri,TianKampmann2021_CRISPRi,MTA1,4,2,2,0.03587572663368895,33539,20260907,independent_reference_groups,0,0
env__v~tiankampmann2021%5Fcrispri__v~ipsc-induced%5Fneuron__v~rna__v~baseline,tian_neuron_crispri,TianKampmann2021_CRISPRi,NCSTN,4,2,2,0.00347895815514481,33539,20260907,independent_reference_groups,0,0
env__v~tiankampmann2021%5Fcrispri__v~ipsc-induced%5Fneuron__v~rna__v~baseline,tian_neuron_crispri,TianKampmann2021_CRISPRi,NDUFA2,4,2,2,0.035735294800055155,33539,20260907,independent_reference_groups,0,0
env__v~tiankampmann2021%5Fcrispri__v~ipsc-induced%5Fneuron__v~rna__v~baseline,tian_neuron_crispri,TianKampmann2021_CRISPRi,NDUFA9,4,2,2,0.029813041105815827,33539,20260907,independent_reference_groups,0,0
env__v~tiankampmann2021%5Fcrispri__v~ipsc-induced%5Fneuron__v~rna__v~baseline,tian_neuron_crispri,TianKampmann2021_CRISPRi,NDUFAF2,4,2,2,0.062769120398157,33539,20260907,independent_reference_groups,0,0
env__v~tiankampmann2021%5Fcrispri__v~ipsc-induced%5Fneuron__v~rna__v~baseline,tian_neuron_crispri,TianKampmann2021_CRISPRi,NDUFAF5,4,2,2,-0.02195716974953592,33539,20260907,independent_reference_groups,0,0
env__v~tiankampmann2021%5Fcrispri__v~ipsc-induced%5Fneuron__v~rna__v~baseline,tian_neuron_crispri,TianKampmann2021_CRISPRi,NDUFAF6,4,2,2,-0.0488738548198791,33539,20260907,independent_reference_groups,0,0
env__v~tiankampmann2021%5Fcrispri__v~ipsc-induced%5Fneuron__v~rna__v~baseline,tian_neuron_crispri,TianKampmann2021_CRISPRi,NDUFS8,4,2,2,0.021818337206118404,33539,20260907,independent_reference_groups,0,0
env__v~tiankampmann2021%5Fcrispri__v~ipsc-induced%5Fneuron__v~rna__v~baseline,tian_neuron_crispri,TianKampmann2021_CRISPRi,NDUFV1,4,2,2,-0.0009846477757184395,33539,20260907,independent_reference_groups,0,0
env__v~tiankampmann2021%5Fcrispri__v~ipsc-induced%5Fneuron__v~rna__v~baseline,tian_neuron_crispri,TianKampmann2021_CRISPRi,NSF,4,2,2,0.012608231961180712,33539,20260907,independent_reference_groups,0,0
env__v~tiankampmann2021%5Fcrispri__v~ipsc-induced%5Fneuron__v~rna__v~baseline,tian_neuron_crispri,TianKampmann2021_CRISPRi,NTRK2,4,2,2,0.3388934716267641,33539,20260907,independent_reference_groups,0,0
env__v~tiankampmann2021%5Fcrispri__v~ipsc-induced%5Fneuron__v~rna__v~baseline,tian_neuron_crispri,TianKampmann2021_CRISPRi,OPA3,4,2,2,0.020712715266881423,33539,20260907,independent_reference_groups,0,0
env__v~tiankampmann2021%5Fcrispri__v~ipsc-induced%5Fneuron__v~rna__v~baseline,tian_neuron_crispri,TianKampmann2021_CRISPRi,OPTN,4,2,2,0.0469718924034873,33539,20260907,independent_reference_groups,0,0
env__v~tiankampmann2021%5Fcrispri__v~ipsc-induced%5Fneuron__v~rna__v~baseline,tian_neuron_crispri,TianKampmann2021_CRISPRi,OSBPL6,4,2,2,-0.05937304860963319,33539,20260907,independent_reference_groups,0,0
env__v~tiankampmann2021%5Fcrispri__v~ipsc-induced%5Fneuron__v~rna__v~baseline,tian_neuron_crispri,TianKampmann2021_CRISPRi,PARP1,4,2,2,0.05866015417258139,33539,20260907,independent_reference_groups,0,0
env__v~tiankampmann2021%5Fcrispri__v~ipsc-induced%5Fneuron__v~rna__v~baseline,tian_neuron_crispri,TianKampmann2021_CRISPRi,PAXIP1,4,2,2,0.01460322299120116,33539,20260907,independent_reference_groups,0,0
env__v~tiankampmann2021%5Fcrispri__v~ipsc-induced%5Fneuron__v~rna__v~baseline,tian_neuron_crispri,TianKampmann2021_CRISPRi,PCDH1,4,2,2,0.017521470058743684,33539,20260907,independent_reference_groups,0,0
env__v~tiankampmann2021%5Fcrispri__v~ipsc-induced%5Fneuron__v~rna__v~baseline,tian_neuron_crispri,TianKampmann2021_CRISPRi,PDS5B,4,2,2,-0.012978162921665353,33539,20260907,independent_reference_groups,0,0
env__v~tiankampmann2021%5Fcrispri__v~ipsc-induced%5Fneuron__v~rna__v~baseline,tian_neuron_crispri,TianKampmann2021_CRISPRi,PFDN1,4,2,2,-0.06268209888835061,33539,20260907,independent_reference_groups,0,0
env__v~tiankampmann2021%5Fcrispri__v~ipsc-induced%5Fneuron__v~rna__v~baseline,tian_neuron_crispri,TianKampmann2021_CRISPRi,PFN1,4,2,2,0.04054920671302181,33539,20260907,independent_reference_groups,0,0
env__v~tiankampmann2021%5Fcrispri__v~ipsc-induced%5Fneuron__v~rna__v~baseline,tian_neuron_crispri,TianKampmann2021_CRISPRi,PGBD1,4,2,2,0.02129047444508821,33539,20260907,independent_reference_groups,0,0
env__v~tiankampmann2021%5Fcrispri__v~ipsc-induced%5Fneuron__v~rna__v~baseline,tian_neuron_crispri,TianKampmann2021_CRISPRi,PLD3,4,2,2,-0.01468875088999802,33539,20260907,independent_reference_groups,0,0
env__v~tiankampmann2021%5Fcrispri__v~ipsc-induced%5Fneuron__v~rna__v~baseline,tian_neuron_crispri,TianKampmann2021_CRISPRi,PLEKHG5,4,2,2,-0.004343845389161088,33539,20260907,independent_reference_groups,0,0
env__v~tiankampmann2021%5Fcrispri__v~ipsc-induced%5Fneuron__v~rna__v~baseline,tian_neuron_crispri,TianKampmann2021_CRISPRi,PMPCA,4,2,2,0.04536581682359116,33539,20260907,independent_reference_groups,0,0
env__v~tiankampmann2021%5Fcrispri__v~ipsc-induced%5Fneuron__v~rna__v~baseline,tian_neuron_crispri,TianKampmann2021_CRISPRi,POLG,4,2,2,0.05374679122645619,33539,20260907,independent_reference_groups,0,0
env__v~tiankampmann2021%5Fcrispri__v~ipsc-induced%5Fneuron__v~rna__v~baseline,tian_neuron_crispri,TianKampmann2021_CRISPRi,PON2,4,2,2,0.04427570691862323,33539,20260907,independent_reference_groups,0,0
env__v~tiankampmann2021%5Fcrispri__v~ipsc-induced%5Fneuron__v~rna__v~baseline,tian_neuron_crispri,TianKampmann2021_CRISPRi,POU4F1,4,2,2,0.03140248824255869,33539,20260907,independent_reference_groups,0,0
env__v~tiankampmann2021%5Fcrispri__v~ipsc-induced%5Fneuron__v~rna__v~baseline,tian_neuron_crispri,TianKampmann2021_CRISPRi,PPP1R37,4,2,2,0.0004498407900578746,33539,20260907,independent_reference_groups,0,0
env__v~tiankampmann2021%5Fcrispri__v~ipsc-induced%5Fneuron__v~rna__v~baseline,tian_neuron_crispri,TianKampmann2021_CRISPRi,PPP2R2B,4,2,2,-0.028441352676702097,33539,20260907,independent_reference_groups,0,0
env__v~tiankampmann2021%5Fcrispri__v~ipsc-induced%5Fneuron__v~rna__v~baseline,tian_neuron_crispri,TianKampmann2021_CRISPRi,PRKAG2,4,2,2,0.047528572536777725,33539,20260907,independent_reference_groups,0,0
env__v~tiankampmann2021%5Fcrispri__v~ipsc-induced%5Fneuron__v~rna__v~baseline,tian_neuron_crispri,TianKampmann2021_CRISPRi,PRNP,4,2,2,0.04230216848033493,33539,20260907,independent_reference_groups,0,0
env__v~tiankampmann2021%5Fcrispri__v~ipsc-induced%5Fneuron__v~rna__v~baseline,tian_neuron_crispri,TianKampmann2021_CRISPRi,PRRC2C,4,2,2,-0.004216136800707309,33539,20260907,independent_reference_groups,0,0
env__v~tiankampmann2021%5Fcrispri__v~ipsc-induced%5Fneuron__v~rna__v~baseline,tian_neuron_crispri,TianKampmann2021_CRISPRi,PSAP,4,2,2,0.01252998948054411,33539,20260907,independent_reference_groups,0,0
env__v~tiankampmann2021%5Fcrispri__v~ipsc-induced%5Fneuron__v~rna__v~baseline,tian_neuron_crispri,TianKampmann2021_CRISPRi,PSMF1,4,2,2,-0.02107184443291104,33539,20260907,independent_reference_groups,0,0
env__v~tiankampmann2021%5Fcrispri__v~ipsc-induced%5Fneuron__v~rna__v~baseline,tian_neuron_crispri,TianKampmann2021_CRISPRi,PVR,4,2,2,0.005276694606526976,33539,20260907,independent_reference_groups,0,0
env__v~tiankampmann2021%5Fcrispri__v~ipsc-induced%5Fneuron__v~rna__v~baseline,tian_neuron_crispri,TianKampmann2021_CRISPRi,RAB10,4,2,2,0.035558424412365314,33539,20260907,independent_reference_groups,0,0
env__v~tiankampmann2021%5Fcrispri__v~ipsc-induced%5Fneuron__v~rna__v~baseline,tian_neuron_crispri,TianKampmann2021_CRISPRi,RAB7A,4,2,2,0.05385103466652824,33539,20260907,independent_reference_groups,0,0
env__v~tiankampmann2021%5Fcrispri__v~ipsc-induced%5Fneuron__v~rna__v~baseline,tian_neuron_crispri,TianKampmann2021_CRISPRi,RBM17,4,2,2,0.058962423268911476,33539,20260907,independent_reference_groups,0,0
env__v~tiankampmann2021%5Fcrispri__v~ipsc-induced%5Fneuron__v~rna__v~baseline,tian_neuron_crispri,TianKampmann2021_CRISPRi,REEP2,4,2,2,0.003999088691893793,33539,20260907,independent_reference_groups,0,0
env__v~tiankampmann2021%5Fcrispri__v~ipsc-induced%5Fneuron__v~rna__v~baseline,tian_neuron_crispri,TianKampmann2021_CRISPRi,RELN,4,2,2,-0.012766790838514284,33539,20260907,independent_reference_groups,0,0
env__v~tiankampmann2021%5Fcrispri__v~ipsc-induced%5Fneuron__v~rna__v~baseline,tian_neuron_crispri,TianKampmann2021_CRISPRi,RFC3,4,2,2,0.028302121846033788,33539,20260907,independent_reference_groups,0,0
env__v~tiankampmann2021%5Fcrispri__v~ipsc-induced%5Fneuron__v~rna__v~baseline,tian_neuron_crispri,TianKampmann2021_CRISPRi,RGL1,4,2,2,0.017945864635454514,33539,20260907,independent_reference_groups,0,0
env__v~tiankampmann2021%5Fcrispri__v~ipsc-induced%5Fneuron__v~rna__v~baseline,tian_neuron_crispri,TianKampmann2021_CRISPRi,RGS2,4,2,2,0.002633338260594694,33539,20260907,independent_reference_groups,0,0
env__v~tiankampmann2021%5Fcrispri__v~ipsc-induced%5Fneuron__v~rna__v~baseline,tian_neuron_crispri,TianKampmann2021_CRISPRi,RHOT1,4,2,2,0.026488615028401732,33539,20260907,independent_reference_groups,0,0
env__v~tiankampmann2021%5Fcrispri__v~ipsc-induced%5Fneuron__v~rna__v~baseline,tian_neuron_crispri,TianKampmann2021_CRISPRi,RIMBP2,4,2,2,-0.003936428893233921,33539,20260907,independent_reference_groups,0,0
env__v~tiankampmann2021%5Fcrispri__v~ipsc-induced%5Fneuron__v~rna__v~baseline,tian_neuron_crispri,TianKampmann2021_CRISPRi,RNF165,4,2,2,0.006534345702975253,33539,20260907,independent_reference_groups,0,0
env__v~tiankampmann2021%5Fcrispri__v~ipsc-induced%5Fneuron__v~rna__v~baseline,tian_neuron_crispri,TianKampmann2021_CRISPRi,RPL14,4,2,2,0.00030956491935260714,33539,20260907,independent_reference_groups,0,0
env__v~tiankampmann2021%5Fcrispri__v~ipsc-induced%5Fneuron__v~rna__v~baseline,tian_neuron_crispri,TianKampmann2021_CRISPRi,RPL6,4,2,2,-0.029140913448871538,33539,20260907,independent_reference_groups,0,0
env__v~tiankampmann2021%5Fcrispri__v~ipsc-induced%5Fneuron__v~rna__v~baseline,tian_neuron_crispri,TianKampmann2021_CRISPRi,SARM1,4,2,2,-0.07015882660296616,33539,20260907,independent_reference_groups,0,0
env__v~tiankampmann2021%5Fcrispri__v~ipsc-induced%5Fneuron__v~rna__v~baseline,tian_neuron_crispri,TianKampmann2021_CRISPRi,SASH1,4,2,2,0.009773749050052662,33539,20260907,independent_reference_groups,0,0
env__v~tiankampmann2021%5Fcrispri__v~ipsc-induced%5Fneuron__v~rna__v~baseline,tian_neuron_crispri,TianKampmann2021_CRISPRi,SCAPER,4,2,2,0.008327287497925785,33539,20260907,independent_reference_groups,0,0
env__v~tiankampmann2021%5Fcrispri__v~ipsc-induced%5Fneuron__v~rna__v~baseline,tian_neuron_crispri,TianKampmann2021_CRISPRi,SCFD1,4,2,2,0.03217987176819227,33539,20260907,independent_reference_groups,0,0
env__v~tiankampmann2021%5Fcrispri__v~ipsc-induced%5Fneuron__v~rna__v~baseline,tian_neuron_crispri,TianKampmann2021_CRISPRi,SCO2,4,2,2,-0.02590331237622197,33539,20260907,independent_reference_groups,0,0
env__v~tiankampmann2021%5Fcrispri__v~ipsc-induced%5Fneuron__v~rna__v~baseline,tian_neuron_crispri,TianKampmann2021_CRISPRi,SEC24B,4,2,2,-0.010531888441647316,33539,20260907,independent_reference_groups,0,0
env__v~tiankampmann2021%5Fcrispri__v~ipsc-induced%5Fneuron__v~rna__v~baseline,tian_neuron_crispri,TianKampmann2021_CRISPRi,SERAC1,4,2,2,-0.010639365280749548,33539,20260907,independent_reference_groups,0,0
env__v~tiankampmann2021%5Fcrispri__v~ipsc-induced%5Fneuron__v~rna__v~baseline,tian_neuron_crispri,TianKampmann2021_CRISPRi,SETX,4,2,2,0.018399830718286502,33539,20260907,independent_reference_groups,0,0
env__v~tiankampmann2021%5Fcrispri__v~ipsc-induced%5Fneuron__v~rna__v~baseline,tian_neuron_crispri,TianKampmann2021_CRISPRi,SH3RF1,4,2,2,0.0383271386572769,33539,20260907,independent_reference_groups,0,0
env__v~tiankampmann2021%5Fcrispri__v~ipsc-induced%5Fneuron__v~rna__v~baseline,tian_neuron_crispri,TianKampmann2021_CRISPRi,SLC4A1AP,4,2,2,-0.04010550514865386,33539,20260907,independent_reference_groups,0,0
env__v~tiankampmann2021%5Fcrispri__v~ipsc-induced%5Fneuron__v~rna__v~baseline,tian_neuron_crispri,TianKampmann2021_CRISPRi,SLMAP,4,2,2,0.00024993399006368575,33539,20260907,independent_reference_groups,0,0
env__v~tiankampmann2021%5Fcrispri__v~ipsc-induced%5Fneuron__v~rna__v~baseline,tian_neuron_crispri,TianKampmann2021_CRISPRi,SNCB,4,2,2,0.017019042254948154,33539,20260907,independent_reference_groups,0,0
env__v~tiankampmann2021%5Fcrispri__v~ipsc-induced%5Fneuron__v~rna__v~baseline,tian_neuron_crispri,TianKampmann2021_CRISPRi,SOD1,4,2,2,0.0642105583616702,33539,20260907,independent_reference_groups,0,0
env__v~tiankampmann2021%5Fcrispri__v~ipsc-induced%5Fneuron__v~rna__v~baseline,tian_neuron_crispri,TianKampmann2021_CRISPRi,SOD2,4,2,2,-0.02643866912966053,33539,20260907,independent_reference_groups,0,0
env__v~tiankampmann2021%5Fcrispri__v~ipsc-induced%5Fneuron__v~rna__v~baseline,tian_neuron_crispri,TianKampmann2021_CRISPRi,SPG7,4,2,2,0.04645835947350131,33539,20260907,independent_reference_groups,0,0
env__v~tiankampmann2021%5Fcrispri__v~ipsc-induced%5Fneuron__v~rna__v~baseline,tian_neuron_crispri,TianKampmann2021_CRISPRi,ST6GAL1,4,2,2,0.044080741233000174,33539,20260907,independent_reference_groups,0,0
env__v~tiankampmann2021%5Fcrispri__v~ipsc-induced%5Fneuron__v~rna__v~baseline,tian_neuron_crispri,TianKampmann2021_CRISPRi,STX1B,4,2,2,0.09381631061748433,33539,20260907,independent_reference_groups,0,0
env__v~tiankampmann2021%5Fcrispri__v~ipsc-induced%5Fneuron__v~rna__v~baseline,tian_neuron_crispri,TianKampmann2021_CRISPRi,SYNJ1,4,2,2,0.0033262192465045902,33539,20260907,independent_reference_groups,0,0
env__v~tiankampmann2021%5Fcrispri__v~ipsc-induced%5Fneuron__v~rna__v~baseline,tian_neuron_crispri,TianKampmann2021_CRISPRi,TAF1,4,2,2,0.004327361777632448,33539,20260907,independent_reference_groups,0,0
env__v~tiankampmann2021%5Fcrispri__v~ipsc-induced%5Fneuron__v~rna__v~baseline,tian_neuron_crispri,TianKampmann2021_CRISPRi,TARDBP,3,1,2,0.015911243839158526,33539,20260907,independent_reference_groups,0,0
env__v~tiankampmann2021%5Fcrispri__v~ipsc-induced%5Fneuron__v~rna__v~baseline,tian_neuron_crispri,TianKampmann2021_CRISPRi,TDP2,4,2,2,0.016064492386670765,33539,20260907,independent_reference_groups,0,0
env__v~tiankampmann2021%5Fcrispri__v~ipsc-induced%5Fneuron__v~rna__v~baseline,tian_neuron_crispri,TianKampmann2021_CRISPRi,TFAM,4,2,2,0.006051970546955232,33539,20260907,independent_reference_groups,0,0
env__v~tiankampmann2021%5Fcrispri__v~ipsc-induced%5Fneuron__v~rna__v~baseline,tian_neuron_crispri,TianKampmann2021_CRISPRi,THAP1,4,2,2,0.006714180756875448,33539,20260907,independent_reference_groups,0,0
env__v~tiankampmann2021%5Fcrispri__v~ipsc-induced%5Fneuron__v~rna__v~baseline,tian_neuron_crispri,TianKampmann2021_CRISPRi,TMEM55A,4,2,2,0.05772163634146098,33539,20260907,independent_reference_groups,0,0
env__v~tiankampmann2021%5Fcrispri__v~ipsc-induced%5Fneuron__v~rna__v~baseline,tian_neuron_crispri,TianKampmann2021_CRISPRi,TOP1,4,2,2,0.05799454797966865,33539,20260907,independent_reference_groups,0,0
env__v~tiankampmann2021%5Fcrispri__v~ipsc-induced%5Fneuron__v~rna__v~baseline,tian_neuron_crispri,TianKampmann2021_CRISPRi,TRAP1,4,2,2,-0.0355834569454049,33539,20260907,independent_reference_groups,0,0
env__v~tiankampmann2021%5Fcrispri__v~ipsc-induced%5Fneuron__v~rna__v~baseline,tian_neuron_crispri,TianKampmann2021_CRISPRi,TRIM26,4,2,2,-0.010596916093704441,33539,20260907,independent_reference_groups,0,0
env__v~tiankampmann2021%5Fcrispri__v~ipsc-induced%5Fneuron__v~rna__v~baseline,tian_neuron_crispri,TianKampmann2021_CRISPRi,TRIP4,4,2,2,0.013119396543107025,33539,20260907,independent_reference_groups,0,0
env__v~tiankampmann2021%5Fcrispri__v~ipsc-induced%5Fneuron__v~rna__v~baseline,tian_neuron_crispri,TianKampmann2021_CRISPRi,TRPM7,4,2,2,-0.009881108958091208,33539,20260907,independent_reference_groups,0,0
env__v~tiankampmann2021%5Fcrispri__v~ipsc-induced%5Fneuron__v~rna__v~baseline,tian_neuron_crispri,TianKampmann2021_CRISPRi,TUBB4A,4,2,2,-0.04005853713874617,33539,20260907,independent_reference_groups,0,0
env__v~tiankampmann2021%5Fcrispri__v~ipsc-induced%5Fneuron__v~rna__v~baseline,tian_neuron_crispri,TianKampmann2021_CRISPRi,UBA5,4,2,2,-0.016999116926818346,33539,20260907,independent_reference_groups,0,0
env__v~tiankampmann2021%5Fcrispri__v~ipsc-induced%5Fneuron__v~rna__v~baseline,tian_neuron_crispri,TianKampmann2021_CRISPRi,UBTD2,4,2,2,0.018964889187510076,33539,20260907,independent_reference_groups,0,0
env__v~tiankampmann2021%5Fcrispri__v~ipsc-induced%5Fneuron__v~rna__v~baseline,tian_neuron_crispri,TianKampmann2021_CRISPRi,VAPB,4,2,2,-0.034752574747090696,33539,20260907,independent_reference_groups,0,0
env__v~tiankampmann2021%5Fcrispri__v~ipsc-induced%5Fneuron__v~rna__v~baseline,tian_neuron_crispri,TianKampmann2021_CRISPRi,VCP,4,2,2,0.016398314499472804,33539,20260907,independent_reference_groups,0,0
env__v~tiankampmann2021%5Fcrispri__v~ipsc-induced%5Fneuron__v~rna__v~baseline,tian_neuron_crispri,TianKampmann2021_CRISPRi,VPS13A,4,2,2,-0.01756304313527957,33539,20260907,independent_reference_groups,0,0
env__v~tiankampmann2021%5Fcrispri__v~ipsc-induced%5Fneuron__v~rna__v~baseline,tian_neuron_crispri,TianKampmann2021_CRISPRi,VPS13C,4,2,2,0.014665136512844687,33539,20260907,independent_reference_groups,0,0
env__v~tiankampmann2021%5Fcrispri__v~ipsc-induced%5Fneuron__v~rna__v~baseline,tian_neuron_crispri,TianKampmann2021_CRISPRi,VPS35,4,2,2,0.04460662694135081,33539,20260907,independent_reference_groups,0,0
env__v~tiankampmann2021%5Fcrispri__v~ipsc-induced%5Fneuron__v~rna__v~baseline,tian_neuron_crispri,TianKampmann2021_CRISPRi,VPS54,4,2,2,0.029097531287141206,33539,20260907,independent_reference_groups,0,0
env__v~tiankampmann2021%5Fcrispri__v~ipsc-induced%5Fneuron__v~rna__v~baseline,tian_neuron_crispri,TianKampmann2021_CRISPRi,WDR45,4,2,2,0.008130733035197998,33539,20260907,independent_reference_groups,0,0
env__v~tiankampmann2021%5Fcrispri__v~ipsc-induced%5Fneuron__v~rna__v~baseline,tian_neuron_crispri,TianKampmann2021_CRISPRi,WDR66,4,2,2,-0.02800143713996037,33539,20260907,independent_reference_groups,0,0
env__v~tiankampmann2021%5Fcrispri__v~ipsc-induced%5Fneuron__v~rna__v~baseline,tian_neuron_crispri,TianKampmann2021_CRISPRi,WWOX,4,2,2,0.02001867162749029,33539,20260907,independent_reference_groups,0,0
env__v~tiankampmann2021%5Fcrispri__v~ipsc-induced%5Fneuron__v~rna__v~baseline,tian_neuron_crispri,TianKampmann2021_CRISPRi,XIAP,4,2,2,0.05067909415708158,33539,20260907,independent_reference_groups,0,0
env__v~tiankampmann2021%5Fcrispri__v~ipsc-induced%5Fneuron__v~rna__v~baseline,tian_neuron_crispri,TianKampmann2021_CRISPRi,XRCC1,4,2,2,-0.0011293488713980293,33539,20260907,independent_reference_groups,0,0
env__v~tiankampmann2021%5Fcrispri__v~ipsc-induced%5Fneuron__v~rna__v~baseline,tian_neuron_crispri,TianKampmann2021_CRISPRi,YARS,4,2,2,-0.02306589025453082,33539,20260907,independent_reference_groups,0,0
env__v~tiankampmann2021%5Fcrispri__v~ipsc-induced%5Fneuron__v~rna__v~baseline,tian_neuron_crispri,TianKampmann2021_CRISPRi,ZNF292,4,2,2,0.03660874625648929,33539,20260907,independent_reference_groups,0,0
env__v~tiankampmann2021%5Fcrispri__v~ipsc-induced%5Fneuron__v~rna__v~baseline,tian_neuron_crispri,TianKampmann2021_CRISPRi,ZNF592,4,2,2,-0.011650623897261311,33539,20260907,independent_reference_groups,0,0
env__v~tiankampmann2021%5Fcrispri__v~ipsc-induced%5Fneuron__v~rna__v~baseline,tian_neuron_crispri,TianKampmann2021_CRISPRi,ZNF599,4,2,2,0.04703711295734081,33539,20260907,independent_reference_groups,0,0
