environment_key,environment_id,dataset_id,condition,condition_field,perturbation_label,oof_fold,model_seeds,continuous_risk,confidence,uq_cosine_disagreement,uq_mean_gene_variance,total_cells,predictor,prediction_protocol,outcomes_used_for_training,outcomes_used_for_confidence,member_0_continuous_risk,member_1_continuous_risk,member_2_continuous_risk
frangieh_melanoma_coculture,env__v~frangiehizar2021%5Frna__v~patient-derived%5Fmelanoma__v~rna__v~co-culture,FrangiehIzar2021_RNA,Co-culture,perturbation_2,A2M,3,"0,1,2",0.5616057771478442,0.8986508973832531,0.1013491026167469,1.3543713914221228e-05,436.0,strong_linear,five_fold_perturbation_label_OOF,0,0,0.6018749995666728,0.6137614134893467,0.6028875216533789
frangieh_melanoma_coculture,env__v~frangiehizar2021%5Frna__v~patient-derived%5Fmelanoma__v~rna__v~co-culture,FrangiehIzar2021_RNA,Co-culture,perturbation_2,ACSL3,3,"0,1,2",1.0260125464769105,0.7453452314942949,0.2546547685057051,0.00021192040731002397,187.0,strong_linear,five_fold_perturbation_label_OOF,0,0,0.9789788133151103,1.059847926336075,1.0434407330961242
frangieh_melanoma_coculture,env__v~frangiehizar2021%5Frna__v~patient-derived%5Fmelanoma__v~rna__v~co-culture,FrangiehIzar2021_RNA,Co-culture,perturbation_2,ACTA2,1,"0,1,2",0.5596006734820116,0.9460743916433776,0.05392560835662241,7.128009328094846e-06,448.0,strong_linear,five_fold_perturbation_label_OOF,0,0,0.5688777059001346,0.5936373433015099,0.5869853395887389
frangieh_melanoma_coculture,env__v~frangiehizar2021%5Frna__v~patient-derived%5Fmelanoma__v~rna__v~co-culture,FrangiehIzar2021_RNA,Co-culture,perturbation_2,AEBP1,3,"0,1,2",0.6877349191216002,0.8608643150522591,0.13913568494774087,3.1303826988727696e-05,384.0,strong_linear,five_fold_perturbation_label_OOF,0,0,0.7969680317425192,0.6466070265279228,0.716722568249223
frangieh_melanoma_coculture,env__v~frangiehizar2021%5Frna__v~patient-derived%5Fmelanoma__v~rna__v~co-culture,FrangiehIzar2021_RNA,Co-culture,perturbation_2,AGA,2,"0,1,2",0.9075106611799606,0.841965078545952,0.15803492145404796,8.559179165632695e-05,381.0,strong_linear,five_fold_perturbation_label_OOF,0,0,0.9236509058780289,0.906046842578127,0.9263756680529801
frangieh_melanoma_coculture,env__v~frangiehizar2021%5Frna__v~patient-derived%5Fmelanoma__v~rna__v~co-culture,FrangiehIzar2021_RNA,Co-culture,perturbation_2,AHCY,0,"0,1,2",0.9485148961595162,0.6774464412463456,0.32255355875365443,0.00013786690225336756,20.0,strong_linear,five_fold_perturbation_label_OOF,0,0,0.9509391640169165,0.9765251162060413,0.9730149776291142
frangieh_melanoma_coculture,env__v~frangiehizar2021%5Frna__v~patient-derived%5Fmelanoma__v~rna__v~co-culture,FrangiehIzar2021_RNA,Co-culture,perturbation_2,AHNAK,4,"0,1,2",0.9206818811949319,0.8459877141006755,0.15401228589932447,9.163259481130448e-05,309.0,strong_linear,five_fold_perturbation_label_OOF,0,0,0.9321895243264761,0.9037934747416992,0.9486956453024926
frangieh_melanoma_coculture,env__v~frangiehizar2021%5Frna__v~patient-derived%5Fmelanoma__v~rna__v~co-culture,FrangiehIzar2021_RNA,Co-culture,perturbation_2,APOC2,1,"0,1,2",0.6201816741361939,0.955226808444543,0.044773191555457004,5.564392001603712e-06,345.0,strong_linear,five_fold_perturbation_label_OOF,0,0,0.6260568077827076,0.6345071469421573,0.6497185340565368
frangieh_melanoma_coculture,env__v~frangiehizar2021%5Frna__v~patient-derived%5Fmelanoma__v~rna__v~co-culture,FrangiehIzar2021_RNA,Co-culture,perturbation_2,APOD,3,"0,1,2",0.7559791258878202,0.9449433312560845,0.05505666874391546,7.077583935154061e-06,351.0,strong_linear,five_fold_perturbation_label_OOF,0,0,0.764365598404379,0.7444297563906781,0.7971042561303185
frangieh_melanoma_coculture,env__v~frangiehizar2021%5Frna__v~patient-derived%5Fmelanoma__v~rna__v~co-culture,FrangiehIzar2021_RNA,Co-culture,perturbation_2,APOE,3,"0,1,2",0.7645634661878903,0.9194869657705707,0.08051303422942935,9.465618836698285e-06,354.0,strong_linear,five_fold_perturbation_label_OOF,0,0,0.8066368866573491,0.7189047171589775,0.8187886136129943
frangieh_melanoma_coculture,env__v~frangiehizar2021%5Frna__v~patient-derived%5Fmelanoma__v~rna__v~co-culture,FrangiehIzar2021_RNA,Co-culture,perturbation_2,ARMC6,2,"0,1,2",0.7758930248956586,0.9104788126983139,0.08952118730168612,2.35058830290489e-05,281.0,strong_linear,five_fold_perturbation_label_OOF,0,0,0.7854389815718792,0.7765417276811409,0.8151970481159886
frangieh_melanoma_coculture,env__v~frangiehizar2021%5Frna__v~patient-derived%5Fmelanoma__v~rna__v~co-culture,FrangiehIzar2021_RNA,Co-culture,perturbation_2,ATP1A1,3,"0,1,2",0.9946881934927256,0.7468326829329954,0.25316731706700457,0.00010612054402662896,10.0,strong_linear,five_fold_perturbation_label_OOF,0,0,1.0040876618654462,1.0023011913723512,0.9861931584973577
frangieh_melanoma_coculture,env__v~frangiehizar2021%5Frna__v~patient-derived%5Fmelanoma__v~rna__v~co-culture,FrangiehIzar2021_RNA,Co-culture,perturbation_2,ATP1B1,0,"0,1,2",0.9346529777055322,0.7590415043003583,0.24095849569964167,0.00012474501132339502,331.0,strong_linear,five_fold_perturbation_label_OOF,0,0,1.0170205346692098,0.8599324801225287,0.9454850777844579
frangieh_melanoma_coculture,env__v~frangiehizar2021%5Frna__v~patient-derived%5Fmelanoma__v~rna__v~co-culture,FrangiehIzar2021_RNA,Co-culture,perturbation_2,ATP5MD,4,"0,1,2",0.813297738584221,0.7942559119926828,0.20574408800731725,0.00011897364820241889,213.0,strong_linear,five_fold_perturbation_label_OOF,0,0,0.7901275246103729,0.8953554219002716,0.875705857593029
frangieh_melanoma_coculture,env__v~frangiehizar2021%5Frna__v~patient-derived%5Fmelanoma__v~rna__v~co-culture,FrangiehIzar2021_RNA,Co-culture,perturbation_2,B2M,4,"0,1,2",0.7475464947024018,0.7003024555987545,0.2996975444012455,0.00017027909643457112,479.0,strong_linear,five_fold_perturbation_label_OOF,0,0,0.7261299518462192,0.9235962573083882,0.7514462296229497
frangieh_melanoma_coculture,env__v~frangiehizar2021%5Frna__v~patient-derived%5Fmelanoma__v~rna__v~co-culture,FrangiehIzar2021_RNA,Co-culture,perturbation_2,BOLA2,2,"0,1,2",0.886800587462636,0.961930539178141,0.038069460821859025,5.391738212416653e-06,218.0,strong_linear,five_fold_perturbation_label_OOF,0,0,0.8887279368738852,0.8868567566815905,0.897575249154778
frangieh_melanoma_coculture,env__v~frangiehizar2021%5Frna__v~patient-derived%5Fmelanoma__v~rna__v~co-culture,FrangiehIzar2021_RNA,Co-culture,perturbation_2,BOLA2B,4,"0,1,2",1.0335936310087435,0.9175808144984537,0.08241918550154625,1.3814681755745411e-05,205.0,strong_linear,five_fold_perturbation_label_OOF,0,0,1.0459381890873516,1.022772752306192,1.0234650617872247
frangieh_melanoma_coculture,env__v~frangiehizar2021%5Frna__v~patient-derived%5Fmelanoma__v~rna__v~co-culture,FrangiehIzar2021_RNA,Co-culture,perturbation_2,BZW2,3,"0,1,2",0.9264035056014018,0.7016076784050274,0.29839232159497264,0.00012924418612122695,324.0,strong_linear,five_fold_perturbation_label_OOF,0,0,0.9612529018801785,0.9823636211505103,0.9104895383483371
frangieh_melanoma_coculture,env__v~frangiehizar2021%5Frna__v~patient-derived%5Fmelanoma__v~rna__v~co-culture,FrangiehIzar2021_RNA,Co-culture,perturbation_2,C19orf48,0,"0,1,2",0.8312471541618547,0.7214475728247315,0.2785524271752685,0.00012213371175129055,375.0,strong_linear,five_fold_perturbation_label_OOF,0,0,0.8857710037734803,0.8392365734545099,0.9019152577040355
frangieh_melanoma_coculture,env__v~frangiehizar2021%5Frna__v~patient-derived%5Fmelanoma__v~rna__v~co-culture,FrangiehIzar2021_RNA,Co-culture,perturbation_2,C1QBP,4,"0,1,2",0.7876374430540161,0.7832415687414835,0.21675843125851646,0.00012689425800679123,194.0,strong_linear,five_fold_perturbation_label_OOF,0,0,0.8431107609718806,0.8516831935271967,0.8056211471881222
frangieh_melanoma_coculture,env__v~frangiehizar2021%5Frna__v~patient-derived%5Fmelanoma__v~rna__v~co-culture,FrangiehIzar2021_RNA,Co-culture,perturbation_2,C6orf226,0,"0,1,2",0.7212612411363968,0.8586361134376732,0.1413638865623268,4.912223882927394e-05,331.0,strong_linear,five_fold_perturbation_label_OOF,0,0,0.7627699835778377,0.690212402945613,0.7943308922485541
frangieh_melanoma_coculture,env__v~frangiehizar2021%5Frna__v~patient-derived%5Fmelanoma__v~rna__v~co-culture,FrangiehIzar2021_RNA,Co-culture,perturbation_2,CCND1,2,"0,1,2",0.8400189152864354,0.7644236753585426,0.2355763246414574,0.00013803268618607577,170.0,strong_linear,five_fold_perturbation_label_OOF,0,0,0.8396082899358628,0.960141042293624,0.8513762343335358
frangieh_melanoma_coculture,env__v~frangiehizar2021%5Frna__v~patient-derived%5Fmelanoma__v~rna__v~co-culture,FrangiehIzar2021_RNA,Co-culture,perturbation_2,CCND2,4,"0,1,2",0.650121489988885,0.9583262068998443,0.04167379310015573,6.056670835480569e-06,331.0,strong_linear,five_fold_perturbation_label_OOF,0,0,0.6635471393566739,0.6665411561133032,0.6639521020034291
frangieh_melanoma_coculture,env__v~frangiehizar2021%5Frna__v~patient-derived%5Fmelanoma__v~rna__v~co-culture,FrangiehIzar2021_RNA,Co-culture,perturbation_2,CCR10,4,"0,1,2",0.7139142773287721,0.955244308735963,0.044755691264037,6.608517836032532e-06,328.0,strong_linear,five_fold_perturbation_label_OOF,0,0,0.6921280734768045,0.7400755986455732,0.7442194750249449
frangieh_melanoma_coculture,env__v~frangiehizar2021%5Frna__v~patient-derived%5Fmelanoma__v~rna__v~co-culture,FrangiehIzar2021_RNA,Co-culture,perturbation_2,CCT3,2,"0,1,2",0.9743920236766749,0.8362701342211828,0.1637298657788172,7.64021528233691e-05,65.0,strong_linear,five_fold_perturbation_label_OOF,0,0,0.9923204151738261,0.9693555457420331,0.9740273440466115
frangieh_melanoma_coculture,env__v~frangiehizar2021%5Frna__v~patient-derived%5Fmelanoma__v~rna__v~co-culture,FrangiehIzar2021_RNA,Co-culture,perturbation_2,CCT6A,1,"0,1,2",1.0061347021031912,0.8602396409956539,0.13976035900434614,5.400050712088348e-05,21.0,strong_linear,five_fold_perturbation_label_OOF,0,0,1.0041992651083314,1.0263932101243902,0.9822130366802128
frangieh_melanoma_coculture,env__v~frangiehizar2021%5Frna__v~patient-derived%5Fmelanoma__v~rna__v~co-culture,FrangiehIzar2021_RNA,Co-culture,perturbation_2,CD151,3,"0,1,2",0.6979529369527192,0.8119866085524284,0.18801339144757157,0.00010430777944153813,349.0,strong_linear,five_fold_perturbation_label_OOF,0,0,0.7488676274245202,0.7182039612131491,0.7695582874774705
frangieh_melanoma_coculture,env__v~frangiehizar2021%5Frna__v~patient-derived%5Fmelanoma__v~rna__v~co-culture,FrangiehIzar2021_RNA,Co-culture,perturbation_2,CD274,1,"0,1,2",0.7821154939928118,0.9172936407225339,0.08270635927746606,1.4248375101269163e-05,371.0,strong_linear,five_fold_perturbation_label_OOF,0,0,0.7630607915606313,0.8016315308037902,0.8321014560016804
frangieh_melanoma_coculture,env__v~frangiehizar2021%5Frna__v~patient-derived%5Fmelanoma__v~rna__v~co-culture,FrangiehIzar2021_RNA,Co-culture,perturbation_2,CD44,2,"0,1,2",0.8773786677299303,0.941080283534586,0.05891971646541405,0.0001503440659308948,418.0,strong_linear,five_fold_perturbation_label_OOF,0,0,0.8840472023740019,0.8431386338064178,0.9130595308172429
frangieh_melanoma_coculture,env__v~frangiehizar2021%5Frna__v~patient-derived%5Fmelanoma__v~rna__v~co-culture,FrangiehIzar2021_RNA,Co-culture,perturbation_2,CD47,4,"0,1,2",0.9533987425111777,0.7270041221387774,0.2729958778612226,0.00014470523668603784,306.0,strong_linear,five_fold_perturbation_label_OOF,0,0,0.8509192164645784,1.00429777088129,0.9837892743061415
frangieh_melanoma_coculture,env__v~frangiehizar2021%5Frna__v~patient-derived%5Fmelanoma__v~rna__v~co-culture,FrangiehIzar2021_RNA,Co-culture,perturbation_2,CD58,1,"0,1,2",0.908973525902852,0.8638435699322532,0.1361564300677468,3.5069719881537444e-05,465.0,strong_linear,five_fold_perturbation_label_OOF,0,0,0.913923998309263,0.9154009455088227,0.9326124240589453
frangieh_melanoma_coculture,env__v~frangiehizar2021%5Frna__v~patient-derived%5Fmelanoma__v~rna__v~co-culture,FrangiehIzar2021_RNA,Co-culture,perturbation_2,CD59,4,"0,1,2",0.8532745417040337,0.838002942705845,0.16199705729415503,0.00012953512175845554,403.0,strong_linear,five_fold_perturbation_label_OOF,0,0,0.8584011963254615,0.8788266439525602,0.8915643196412056
frangieh_melanoma_coculture,env__v~frangiehizar2021%5Frna__v~patient-derived%5Fmelanoma__v~rna__v~co-culture,FrangiehIzar2021_RNA,Co-culture,perturbation_2,CD63,0,"0,1,2",0.7898650032991534,0.7875724494277015,0.21242755057229845,0.00018205072746306232,290.0,strong_linear,five_fold_perturbation_label_OOF,0,0,0.8216584070319706,0.8608305690015234,0.8220155674509864
frangieh_melanoma_coculture,env__v~frangiehizar2021%5Frna__v~patient-derived%5Fmelanoma__v~rna__v~co-culture,FrangiehIzar2021_RNA,Co-culture,perturbation_2,CDC123,4,"0,1,2",0.9138470222274692,0.7529951922201411,0.2470048077798589,8.939232841711992e-05,96.0,strong_linear,five_fold_perturbation_label_OOF,0,0,0.9964044439676151,0.8560991884854132,0.9385577750853675
frangieh_melanoma_coculture,env__v~frangiehizar2021%5Frna__v~patient-derived%5Fmelanoma__v~rna__v~co-culture,FrangiehIzar2021_RNA,Co-culture,perturbation_2,CDH19,1,"0,1,2",0.5639286078639889,0.9567872047651096,0.04321279523489041,5.473492458838572e-06,380.0,strong_linear,five_fold_perturbation_label_OOF,0,0,0.5724805315843423,0.5741798131321058,0.5999211246258014
frangieh_melanoma_coculture,env__v~frangiehizar2021%5Frna__v~patient-derived%5Fmelanoma__v~rna__v~co-culture,FrangiehIzar2021_RNA,Co-culture,perturbation_2,CDK4,2,"0,1,2",0.7249337205515631,0.8111623363631013,0.1888376636368987,6.40351174122611e-05,242.0,strong_linear,five_fold_perturbation_label_OOF,0,0,0.8018991120880734,0.723353274004455,0.791986296811485
frangieh_melanoma_coculture,env__v~frangiehizar2021%5Frna__v~patient-derived%5Fmelanoma__v~rna__v~co-culture,FrangiehIzar2021_RNA,Co-culture,perturbation_2,CDK6,1,"0,1,2",0.8169944788067636,0.8611513044212179,0.1388486955787821,2.4169737361772937e-05,105.0,strong_linear,five_fold_perturbation_label_OOF,0,0,0.8756871661845615,0.8231648573528778,0.8217150335376637
frangieh_melanoma_coculture,env__v~frangiehizar2021%5Frna__v~patient-derived%5Fmelanoma__v~rna__v~co-culture,FrangiehIzar2021_RNA,Co-culture,perturbation_2,CDKN1A,0,"0,1,2",0.6984658996897998,0.8317495109718148,0.16825048902818518,3.995275834131107e-05,357.0,strong_linear,five_fold_perturbation_label_OOF,0,0,0.7404085215843448,0.7573456874882823,0.7521934710475663
frangieh_melanoma_coculture,env__v~frangiehizar2021%5Frna__v~patient-derived%5Fmelanoma__v~rna__v~co-culture,FrangiehIzar2021_RNA,Co-culture,perturbation_2,CDKN2A,4,"0,1,2",0.8407681650649681,0.797141456699041,0.20285854330095898,0.00016527381930634303,270.0,strong_linear,five_fold_perturbation_label_OOF,0,0,0.8706455409342638,0.8939952544732521,0.8549651787933334
frangieh_melanoma_coculture,env__v~frangiehizar2021%5Frna__v~patient-derived%5Fmelanoma__v~rna__v~co-culture,FrangiehIzar2021_RNA,Co-culture,perturbation_2,CDKN2B,3,"0,1,2",0.7470505246281817,0.8187604657228397,0.18123953427716033,6.06379346986629e-05,315.0,strong_linear,five_fold_perturbation_label_OOF,0,0,0.9172575164724895,0.7191937106129689,0.73489553802081
frangieh_melanoma_coculture,env__v~frangiehizar2021%5Frna__v~patient-derived%5Fmelanoma__v~rna__v~co-culture,FrangiehIzar2021_RNA,Co-culture,perturbation_2,CGAS,3,"0,1,2",0.8294557974536325,0.8327681838211118,0.16723181617888816,4.109734272069071e-05,264.0,strong_linear,five_fold_perturbation_label_OOF,0,0,0.838548432080706,0.8133504968950404,0.9096016849800993
frangieh_melanoma_coculture,env__v~frangiehizar2021%5Frna__v~patient-derived%5Fmelanoma__v~rna__v~co-culture,FrangiehIzar2021_RNA,Co-culture,perturbation_2,CHCHD2,1,"0,1,2",0.8199095079074337,0.8273761615082703,0.1726238384917297,6.101933099167561e-05,339.0,strong_linear,five_fold_perturbation_label_OOF,0,0,0.8233383804095356,0.8681118672510584,0.8486580011459068
frangieh_melanoma_coculture,env__v~frangiehizar2021%5Frna__v~patient-derived%5Fmelanoma__v~rna__v~co-culture,FrangiehIzar2021_RNA,Co-culture,perturbation_2,CITED1,4,"0,1,2",0.7420082094767821,0.9584134745656344,0.041586525434365584,6.051837441911971e-06,349.0,strong_linear,five_fold_perturbation_label_OOF,0,0,0.7728876669879756,0.740861031072032,0.7457485328391149
frangieh_melanoma_coculture,env__v~frangiehizar2021%5Frna__v~patient-derived%5Fmelanoma__v~rna__v~co-culture,FrangiehIzar2021_RNA,Co-culture,perturbation_2,CKS1B,4,"0,1,2",0.8806213458596187,0.7861821146449062,0.21381788535509383,0.00024102072772371022,292.0,strong_linear,five_fold_perturbation_label_OOF,0,0,0.9305734857819177,0.9251864676783561,0.8586699836991214
frangieh_melanoma_coculture,env__v~frangiehizar2021%5Frna__v~patient-derived%5Fmelanoma__v~rna__v~co-culture,FrangiehIzar2021_RNA,Co-culture,perturbation_2,CMSS1,2,"0,1,2",0.8911302865965687,0.8104144254097578,0.18958557459024217,0.00011205401054006828,338.0,strong_linear,five_fold_perturbation_label_OOF,0,0,0.9535696262201041,0.8720346976579897,0.9195392860564534
frangieh_melanoma_coculture,env__v~frangiehizar2021%5Frna__v~patient-derived%5Fmelanoma__v~rna__v~co-culture,FrangiehIzar2021_RNA,Co-culture,perturbation_2,CORO1A,0,"0,1,2",0.8406196394081441,0.9256113164079031,0.07438868359209694,1.2035986407999999e-05,260.0,strong_linear,five_fold_perturbation_label_OOF,0,0,0.8994291611805261,0.8157866474512088,0.833828308979251
frangieh_melanoma_coculture,env__v~frangiehizar2021%5Frna__v~patient-derived%5Fmelanoma__v~rna__v~co-culture,FrangiehIzar2021_RNA,Co-culture,perturbation_2,CSPG4,1,"0,1,2",0.7888062806599528,0.956658579890537,0.04334142010946296,5.519989842411725e-06,401.0,strong_linear,five_fold_perturbation_label_OOF,0,0,0.763537879762112,0.7982796508425467,0.8289045679877002
frangieh_melanoma_coculture,env__v~frangiehizar2021%5Frna__v~patient-derived%5Fmelanoma__v~rna__v~co-culture,FrangiehIzar2021_RNA,Co-culture,perturbation_2,CST3,0,"0,1,2",0.7937236876919224,0.7573154456647085,0.24268455433529146,0.00013945849277776512,220.0,strong_linear,five_fold_perturbation_label_OOF,0,0,0.8434336598147821,0.8711157501064364,0.8194044790274837
frangieh_melanoma_coculture,env__v~frangiehizar2021%5Frna__v~patient-derived%5Fmelanoma__v~rna__v~co-culture,FrangiehIzar2021_RNA,Co-culture,perturbation_2,CTPS1,2,"0,1,2",1.1299971894422203,0.8016595093984124,0.19834049060158765,0.00014070816051942191,117.0,strong_linear,five_fold_perturbation_label_OOF,0,0,1.1918259991386575,1.0850680821876566,1.0551789191472585
frangieh_melanoma_coculture,env__v~frangiehizar2021%5Frna__v~patient-derived%5Fmelanoma__v~rna__v~co-culture,FrangiehIzar2021_RNA,Co-culture,perturbation_2,CTSA,1,"0,1,2",0.7702115450115352,0.7894151768656389,0.2105848231343611,8.778731681894662e-05,297.0,strong_linear,five_fold_perturbation_label_OOF,0,0,0.7458096925404514,0.9142570958620883,0.7520161896602007
frangieh_melanoma_coculture,env__v~frangiehizar2021%5Frna__v~patient-derived%5Fmelanoma__v~rna__v~co-culture,FrangiehIzar2021_RNA,Co-culture,perturbation_2,CTSB,3,"0,1,2",0.8666693312786281,0.7157629347678484,0.28423706523215164,0.0002620708714719571,371.0,strong_linear,five_fold_perturbation_label_OOF,0,0,0.8963533735618301,0.8650612623047342,0.9321879788080611
frangieh_melanoma_coculture,env__v~frangiehizar2021%5Frna__v~patient-derived%5Fmelanoma__v~rna__v~co-culture,FrangiehIzar2021_RNA,Co-culture,perturbation_2,CTSD,4,"0,1,2",0.7369447947297125,0.8556754231790867,0.14432457682091326,3.39841082965384e-05,408.0,strong_linear,five_fold_perturbation_label_OOF,0,0,0.7384270099827958,0.8578086569822997,0.7274427425627452
frangieh_melanoma_coculture,env__v~frangiehizar2021%5Frna__v~patient-derived%5Fmelanoma__v~rna__v~co-culture,FrangiehIzar2021_RNA,Co-culture,perturbation_2,CTSL,1,"0,1,2",0.8984616783313611,0.7350613258304516,0.2649386741695484,0.00017331162952827266,295.0,strong_linear,five_fold_perturbation_label_OOF,0,0,0.9429388666157812,0.9430401107717177,0.8908652732652501
frangieh_melanoma_coculture,env__v~frangiehizar2021%5Frna__v~patient-derived%5Fmelanoma__v~rna__v~co-culture,FrangiehIzar2021_RNA,Co-culture,perturbation_2,CTSO,1,"0,1,2",0.8535772631787266,0.8865922990511499,0.11340770094885011,1.9354968696561047e-05,325.0,strong_linear,five_fold_perturbation_label_OOF,0,0,0.8093903406792728,0.8640962565739162,0.9178033065037202
frangieh_melanoma_coculture,env__v~frangiehizar2021%5Frna__v~patient-derived%5Fmelanoma__v~rna__v~co-culture,FrangiehIzar2021_RNA,Co-culture,perturbation_2,CXCR4,3,"0,1,2",0.8146685900756288,0.9443797558529731,0.05562024414702693,7.144456152903175e-06,299.0,strong_linear,five_fold_perturbation_label_OOF,0,0,0.818341213246017,0.7997665610750797,0.8543070568679442
frangieh_melanoma_coculture,env__v~frangiehizar2021%5Frna__v~patient-derived%5Fmelanoma__v~rna__v~co-culture,FrangiehIzar2021_RNA,Co-culture,perturbation_2,CYP27A1,0,"0,1,2",0.6158009249486593,0.9335350132509511,0.06646498674904888,1.1059890197005281e-05,312.0,strong_linear,five_fold_perturbation_label_OOF,0,0,0.6334997402029452,0.6454122319447113,0.6471829000056412
frangieh_melanoma_coculture,env__v~frangiehizar2021%5Frna__v~patient-derived%5Fmelanoma__v~rna__v~co-culture,FrangiehIzar2021_RNA,Co-culture,perturbation_2,DAG1,2,"0,1,2",0.7895921638872948,0.8420195528987108,0.15798044710128922,3.715564226004445e-05,279.0,strong_linear,five_fold_perturbation_label_OOF,0,0,0.8036321351700781,0.8054828835948971,0.8577943516307036
frangieh_melanoma_coculture,env__v~frangiehizar2021%5Frna__v~patient-derived%5Fmelanoma__v~rna__v~co-culture,FrangiehIzar2021_RNA,Co-culture,perturbation_2,DDR1,1,"0,1,2",0.7174666949321006,0.926252168339239,0.07374783166076104,1.0935157824502917e-05,304.0,strong_linear,five_fold_perturbation_label_OOF,0,0,0.7392109083756496,0.7552573958489306,0.7225294571108618
frangieh_melanoma_coculture,env__v~frangiehizar2021%5Frna__v~patient-derived%5Fmelanoma__v~rna__v~co-culture,FrangiehIzar2021_RNA,Co-culture,perturbation_2,DDX17,4,"0,1,2",0.7922400563119233,0.8297102542199021,0.17028974578009792,5.529223929229896e-05,233.0,strong_linear,five_fold_perturbation_label_OOF,0,0,0.8149826860262366,0.8267610773422873,0.8380182425797514
frangieh_melanoma_coculture,env__v~frangiehizar2021%5Frna__v~patient-derived%5Fmelanoma__v~rna__v~co-culture,FrangiehIzar2021_RNA,Co-culture,perturbation_2,DDX39A,1,"0,1,2",0.9255977404456491,0.8270563278333875,0.17294367216661255,0.00015864804497162314,217.0,strong_linear,five_fold_perturbation_label_OOF,0,0,0.9218578751379812,0.889045200988666,0.988688028035348
frangieh_melanoma_coculture,env__v~frangiehizar2021%5Frna__v~patient-derived%5Fmelanoma__v~rna__v~co-culture,FrangiehIzar2021_RNA,Co-culture,perturbation_2,DLL3,2,"0,1,2",0.5821641572862479,0.9147779178983475,0.0852220821016525,2.2021905390313084e-05,287.0,strong_linear,five_fold_perturbation_label_OOF,0,0,0.623470647897121,0.5620104189301471,0.6536432513569072
frangieh_melanoma_coculture,env__v~frangiehizar2021%5Frna__v~patient-derived%5Fmelanoma__v~rna__v~co-culture,FrangiehIzar2021_RNA,Co-culture,perturbation_2,DNMT1,3,"0,1,2",0.8699171429492585,0.7434656672844686,0.2565343327155314,0.00025076195549476676,116.0,strong_linear,five_fold_perturbation_label_OOF,0,0,0.8688986108982901,0.8400391214061963,0.9411517359659909
frangieh_melanoma_coculture,env__v~frangiehizar2021%5Frna__v~patient-derived%5Fmelanoma__v~rna__v~co-culture,FrangiehIzar2021_RNA,Co-culture,perturbation_2,E2F1,2,"0,1,2",0.8569777206771896,0.8271594944211378,0.1728405055788622,0.00011054090822663277,177.0,strong_linear,five_fold_perturbation_label_OOF,0,0,0.8315174894446269,0.9129009193342027,0.8940281769089136
frangieh_melanoma_coculture,env__v~frangiehizar2021%5Frna__v~patient-derived%5Fmelanoma__v~rna__v~co-culture,FrangiehIzar2021_RNA,Co-culture,perturbation_2,EEA1,0,"0,1,2",0.7251579998274319,0.8008168988496248,0.19918310115037519,4.75418114627839e-05,279.0,strong_linear,five_fold_perturbation_label_OOF,0,0,0.6790277185671221,0.815025659366634,0.8492128522886779
frangieh_melanoma_coculture,env__v~frangiehizar2021%5Frna__v~patient-derived%5Fmelanoma__v~rna__v~co-culture,FrangiehIzar2021_RNA,Co-culture,perturbation_2,EEF1G,4,"0,1,2",0.9211734436750506,0.9539097820552472,0.046090217944752765,6.5900909011187105e-06,53.0,strong_linear,five_fold_perturbation_label_OOF,0,0,0.9054775629653481,0.9477620395457385,0.9188035329067521
frangieh_melanoma_coculture,env__v~frangiehizar2021%5Frna__v~patient-derived%5Fmelanoma__v~rna__v~co-culture,FrangiehIzar2021_RNA,Co-culture,perturbation_2,EIF2S3,0,"0,1,2",0.8348862308160703,0.7998621569103127,0.2001378430896873,9.592506322588696e-05,14.0,strong_linear,five_fold_perturbation_label_OOF,0,0,0.7853098524844769,0.9464217346809244,0.840253965879489
frangieh_melanoma_coculture,env__v~frangiehizar2021%5Frna__v~patient-derived%5Fmelanoma__v~rna__v~co-culture,FrangiehIzar2021_RNA,Co-culture,perturbation_2,EIF3K,3,"0,1,2",0.8133996469963343,0.7888002497855352,0.2111997502144648,0.00014836392241253978,227.0,strong_linear,five_fold_perturbation_label_OOF,0,0,0.8448198789324304,0.8054068031037334,0.8827849743844064
frangieh_melanoma_coculture,env__v~frangiehizar2021%5Frna__v~patient-derived%5Fmelanoma__v~rna__v~co-culture,FrangiehIzar2021_RNA,Co-culture,perturbation_2,EIF4A1,2,"0,1,2",0.9867870748189208,0.8182597663488718,0.18174023365112824,0.00013125298171568297,37.0,strong_linear,five_fold_perturbation_label_OOF,0,0,1.0027280530961271,1.029057810608563,0.9597070453568428
frangieh_melanoma_coculture,env__v~frangiehizar2021%5Frna__v~patient-derived%5Fmelanoma__v~rna__v~co-culture,FrangiehIzar2021_RNA,Co-culture,perturbation_2,EMP1,1,"0,1,2",0.6137302292443102,0.9363629371528931,0.0636370628471069,9.867645322127802e-06,298.0,strong_linear,five_fold_perturbation_label_OOF,0,0,0.636709032398286,0.6662307084357083,0.6155559880552832
frangieh_melanoma_coculture,env__v~frangiehizar2021%5Frna__v~patient-derived%5Fmelanoma__v~rna__v~co-culture,FrangiehIzar2021_RNA,Co-culture,perturbation_2,ENPP1,4,"0,1,2",0.7782981154053916,0.9543186141092419,0.0456813858907581,6.5315861150365325e-06,278.0,strong_linear,five_fold_perturbation_label_OOF,0,0,0.7663335326558081,0.7950682549350526,0.8019012209886356
frangieh_melanoma_coculture,env__v~frangiehizar2021%5Frna__v~patient-derived%5Fmelanoma__v~rna__v~co-culture,FrangiehIzar2021_RNA,Co-culture,perturbation_2,EVA1A,2,"0,1,2",0.8503383871010572,0.8965871119206948,0.10341288807930515,4.755431640263831e-05,282.0,strong_linear,five_fold_perturbation_label_OOF,0,0,0.8320985065067543,0.8764513228099248,0.8863376082310422
frangieh_melanoma_coculture,env__v~frangiehizar2021%5Frna__v~patient-derived%5Fmelanoma__v~rna__v~co-culture,FrangiehIzar2021_RNA,Co-culture,perturbation_2,FARSA,3,"0,1,2",1.0109825774463506,0.7460462634272776,0.25395373657272236,9.907596145456478e-05,19.0,strong_linear,five_fold_perturbation_label_OOF,0,0,1.0129327774899561,1.0661584275443954,0.9434296802773363
frangieh_melanoma_coculture,env__v~frangiehizar2021%5Frna__v~patient-derived%5Fmelanoma__v~rna__v~co-culture,FrangiehIzar2021_RNA,Co-culture,perturbation_2,FBL,0,"0,1,2",0.8825339004217679,0.7383327804158117,0.26166721958418826,0.0002768078236656042,94.0,strong_linear,five_fold_perturbation_label_OOF,0,0,0.9322430397378216,0.9309070325136113,0.8776993994617968
frangieh_melanoma_coculture,env__v~frangiehizar2021%5Frna__v~patient-derived%5Fmelanoma__v~rna__v~co-culture,FrangiehIzar2021_RNA,Co-culture,perturbation_2,FBXO32,4,"0,1,2",0.6521840131079019,0.8883020920328377,0.11169790796716228,2.166976078987285e-05,390.0,strong_linear,five_fold_perturbation_label_OOF,0,0,0.6915160035666408,0.7287921285206027,0.6410129934048001
frangieh_melanoma_coculture,env__v~frangiehizar2021%5Frna__v~patient-derived%5Fmelanoma__v~rna__v~co-culture,FrangiehIzar2021_RNA,Co-culture,perturbation_2,FGFR1,4,"0,1,2",0.7262125277693465,0.7992641393057492,0.20073586069425076,7.385165201191208e-05,395.0,strong_linear,five_fold_perturbation_label_OOF,0,0,0.7811471233038091,0.8887328333644529,0.6502637702386247
frangieh_melanoma_coculture,env__v~frangiehizar2021%5Frna__v~patient-derived%5Fmelanoma__v~rna__v~co-culture,FrangiehIzar2021_RNA,Co-culture,perturbation_2,FKBP4,3,"0,1,2",0.935041568375137,0.7377833780884426,0.26221662191155737,0.00031241865277647406,216.0,strong_linear,five_fold_perturbation_label_OOF,0,0,0.9738816877704196,0.926895954152985,0.9489813274531471
frangieh_melanoma_coculture,env__v~frangiehizar2021%5Frna__v~patient-derived%5Fmelanoma__v~rna__v~co-culture,FrangiehIzar2021_RNA,Co-culture,perturbation_2,FMN1,1,"0,1,2",0.7263481590348724,0.8528225415037224,0.1471774584962776,2.9549346020407993e-05,320.0,strong_linear,five_fold_perturbation_label_OOF,0,0,0.7381946226997241,0.710955977686953,0.8351686691203852
frangieh_melanoma_coculture,env__v~frangiehizar2021%5Frna__v~patient-derived%5Fmelanoma__v~rna__v~co-culture,FrangiehIzar2021_RNA,Co-culture,perturbation_2,FOS,2,"0,1,2",0.6941486038434322,0.9362401324622328,0.06375986753776719,1.3098776804037972e-05,222.0,strong_linear,five_fold_perturbation_label_OOF,0,0,0.6846680121330175,0.7073577021881452,0.7428304157576198
frangieh_melanoma_coculture,env__v~frangiehizar2021%5Frna__v~patient-derived%5Fmelanoma__v~rna__v~co-culture,FrangiehIzar2021_RNA,Co-culture,perturbation_2,FOXM1,1,"0,1,2",0.8903228026451172,0.8098073984161932,0.1901926015838068,6.937559091412901e-05,76.0,strong_linear,five_fold_perturbation_label_OOF,0,0,0.8744345244964281,0.9340900008224968,0.9162609446506343
frangieh_melanoma_coculture,env__v~frangiehizar2021%5Frna__v~patient-derived%5Fmelanoma__v~rna__v~co-culture,FrangiehIzar2021_RNA,Co-culture,perturbation_2,FRZB,4,"0,1,2",0.9502672760315489,0.9458819571309216,0.0541180428690784,8.423558851798026e-06,226.0,strong_linear,five_fold_perturbation_label_OOF,0,0,0.9517375753174464,0.9361992992186949,0.9713480124640272
frangieh_melanoma_coculture,env__v~frangiehizar2021%5Frna__v~patient-derived%5Fmelanoma__v~rna__v~co-culture,FrangiehIzar2021_RNA,Co-culture,perturbation_2,FSTL3,1,"0,1,2",0.7442648457899698,0.8493116791782896,0.15068832082171035,4.005889209236088e-05,341.0,strong_linear,five_fold_perturbation_label_OOF,0,0,0.7438562419505219,0.7839818580175462,0.8081419381228593
frangieh_melanoma_coculture,env__v~frangiehizar2021%5Frna__v~patient-derived%5Fmelanoma__v~rna__v~co-culture,FrangiehIzar2021_RNA,Co-culture,perturbation_2,FTH1,4,"0,1,2",0.9057046524605441,0.7626972297228097,0.23730277027719027,0.00028060166233717903,23.0,strong_linear,five_fold_perturbation_label_OOF,0,0,0.9174446440056332,0.932921138012353,0.933279608374606
frangieh_melanoma_coculture,env__v~frangiehizar2021%5Frna__v~patient-derived%5Fmelanoma__v~rna__v~co-culture,FrangiehIzar2021_RNA,Co-culture,perturbation_2,GAA,1,"0,1,2",0.9070072177403661,0.8914956038566665,0.10850439614333351,1.4613426877318726e-05,330.0,strong_linear,five_fold_perturbation_label_OOF,0,0,0.9208114109550958,0.8957124115690391,0.9324023679696791
frangieh_melanoma_coculture,env__v~frangiehizar2021%5Frna__v~patient-derived%5Fmelanoma__v~rna__v~co-culture,FrangiehIzar2021_RNA,Co-culture,perturbation_2,GAS5,0,"0,1,2",0.7975481474047197,0.9478412669035569,0.052158733096443144,7.538316085817444e-06,307.0,strong_linear,five_fold_perturbation_label_OOF,0,0,0.8062888387013827,0.8020766471707981,0.81623201806564
frangieh_melanoma_coculture,env__v~frangiehizar2021%5Frna__v~patient-derived%5Fmelanoma__v~rna__v~co-culture,FrangiehIzar2021_RNA,Co-culture,perturbation_2,GPATCH4,1,"0,1,2",0.8128760723804301,0.845088280335827,0.15491171966417305,7.362735889072299e-05,218.0,strong_linear,five_fold_perturbation_label_OOF,0,0,0.7173792193073258,0.8749955216786729,0.8905487853705358
frangieh_melanoma_coculture,env__v~frangiehizar2021%5Frna__v~patient-derived%5Fmelanoma__v~rna__v~co-culture,FrangiehIzar2021_RNA,Co-culture,perturbation_2,GPI,1,"0,1,2",1.1810135885836797,0.8575716378810418,0.14242836211895815,0.0001036315277260909,39.0,strong_linear,five_fold_perturbation_label_OOF,0,0,1.2017583380341839,1.1531140003558693,1.130337163257555
frangieh_melanoma_coculture,env__v~frangiehizar2021%5Frna__v~patient-derived%5Fmelanoma__v~rna__v~co-culture,FrangiehIzar2021_RNA,Co-culture,perturbation_2,GPNMB,4,"0,1,2",0.7661589781258061,0.948620144613704,0.05137985538629597,7.709844755023357e-06,286.0,strong_linear,five_fold_perturbation_label_OOF,0,0,0.7873876381562627,0.7845996405721355,0.7638895405613113
frangieh_melanoma_coculture,env__v~frangiehizar2021%5Frna__v~patient-derived%5Fmelanoma__v~rna__v~co-culture,FrangiehIzar2021_RNA,Co-culture,perturbation_2,GRN,1,"0,1,2",0.6763221365171386,0.8195981345441036,0.18040186545589643,0.00010416082553478598,272.0,strong_linear,five_fold_perturbation_label_OOF,0,0,0.7231649650843397,0.7771441983694127,0.7081375415509277
frangieh_melanoma_coculture,env__v~frangiehizar2021%5Frna__v~patient-derived%5Fmelanoma__v~rna__v~co-culture,FrangiehIzar2021_RNA,Co-culture,perturbation_2,GSEC,2,"0,1,2",1.0262731036870931,0.9198318269795855,0.08016817302041446,1.2771904834026981e-05,164.0,strong_linear,five_fold_perturbation_label_OOF,0,0,1.0035008822437823,1.0189184108748595,1.0475106677944954
frangieh_melanoma_coculture,env__v~frangiehizar2021%5Frna__v~patient-derived%5Fmelanoma__v~rna__v~co-culture,FrangiehIzar2021_RNA,Co-culture,perturbation_2,GSN,3,"0,1,2",0.7545320786270391,0.8764665350719626,0.1235334649280374,4.2405285014689385e-05,316.0,strong_linear,five_fold_perturbation_label_OOF,0,0,0.784779809147989,0.7759039046867287,0.7941822662629284
frangieh_melanoma_coculture,env__v~frangiehizar2021%5Frna__v~patient-derived%5Fmelanoma__v~rna__v~co-culture,FrangiehIzar2021_RNA,Co-culture,perturbation_2,HASPIN,0,"0,1,2",1.0402314205865266,0.9293220376111352,0.07067796238886481,1.2139765922073146e-05,161.0,strong_linear,five_fold_perturbation_label_OOF,0,0,1.0455500520111585,1.0228191564134745,1.04208692794717
frangieh_melanoma_coculture,env__v~frangiehizar2021%5Frna__v~patient-derived%5Fmelanoma__v~rna__v~co-culture,FrangiehIzar2021_RNA,Co-culture,perturbation_2,HLA-A,0,"0,1,2",0.9277255326823064,0.8542743590874413,0.14572564091255868,0.00022151250845648635,335.0,strong_linear,five_fold_perturbation_label_OOF,0,0,0.9214475605801301,0.9483791383809732,0.9396345242332775
frangieh_melanoma_coculture,env__v~frangiehizar2021%5Frna__v~patient-derived%5Fmelanoma__v~rna__v~co-culture,FrangiehIzar2021_RNA,Co-culture,perturbation_2,HLA-B,0,"0,1,2",0.8112692176979166,0.8969464979073026,0.10305350209269737,0.00043177716026054225,190.0,strong_linear,five_fold_perturbation_label_OOF,0,0,0.8107627036070661,0.8064533984999555,0.8762655074188472
frangieh_melanoma_coculture,env__v~frangiehizar2021%5Frna__v~patient-derived%5Fmelanoma__v~rna__v~co-culture,FrangiehIzar2021_RNA,Co-culture,perturbation_2,HLA-C,3,"0,1,2",0.8066566554239953,0.8249648524858607,0.1750351475141393,7.29780339565014e-05,212.0,strong_linear,five_fold_perturbation_label_OOF,0,0,0.8850876552779681,0.8382595315611794,0.7730902798034224
frangieh_melanoma_coculture,env__v~frangiehizar2021%5Frna__v~patient-derived%5Fmelanoma__v~rna__v~co-culture,FrangiehIzar2021_RNA,Co-culture,perturbation_2,HLA-DRB5,0,"0,1,2",0.7519155829738225,0.9496159351500966,0.05038406484990343,7.159513562439639e-06,360.0,strong_linear,five_fold_perturbation_label_OOF,0,0,0.7715786394045803,0.762283541562166,0.7588057372164453
frangieh_melanoma_coculture,env__v~frangiehizar2021%5Frna__v~patient-derived%5Fmelanoma__v~rna__v~co-culture,FrangiehIzar2021_RNA,Co-culture,perturbation_2,HLA-E,0,"0,1,2",0.8331761964147361,0.8834030713520495,0.11659692864795046,0.00012922680261273932,258.0,strong_linear,five_fold_perturbation_label_OOF,0,0,0.8416310708657553,0.8471528366533834,0.8670141823932516
frangieh_melanoma_coculture,env__v~frangiehizar2021%5Frna__v~patient-derived%5Fmelanoma__v~rna__v~co-culture,FrangiehIzar2021_RNA,Co-culture,perturbation_2,HLA-F,0,"0,1,2",0.7562252964928391,0.8832612914263213,0.11673870857367874,7.066284847591359e-05,305.0,strong_linear,five_fold_perturbation_label_OOF,0,0,0.7691269098328424,0.8104959649370542,0.7509658921625053
frangieh_melanoma_coculture,env__v~frangiehizar2021%5Frna__v~patient-derived%5Fmelanoma__v~rna__v~co-culture,FrangiehIzar2021_RNA,Co-culture,perturbation_2,HLA-H,0,"0,1,2",0.6764984121437225,0.9478412669035569,0.052158733096443144,7.538316085817444e-06,294.0,strong_linear,five_fold_perturbation_label_OOF,0,0,0.6768462529016286,0.6892207125254095,0.7163990389326292
frangieh_melanoma_coculture,env__v~frangiehizar2021%5Frna__v~patient-derived%5Fmelanoma__v~rna__v~co-culture,FrangiehIzar2021_RNA,Co-culture,perturbation_2,HNRNPA1,2,"0,1,2",0.9257731776052469,0.8895438378926924,0.11045616210730758,9.259388619987554e-05,239.0,strong_linear,five_fold_perturbation_label_OOF,0,0,0.9534343436924634,0.8496169407961178,0.9904127580349633
frangieh_melanoma_coculture,env__v~frangiehizar2021%5Frna__v~patient-derived%5Fmelanoma__v~rna__v~co-culture,FrangiehIzar2021_RNA,Co-culture,perturbation_2,HNRNPC,1,"0,1,2",1.0448458359481165,0.8655327617944648,0.1344672382055352,6.428151016650797e-05,55.0,strong_linear,five_fold_perturbation_label_OOF,0,0,1.056118522251753,0.9747328784175647,1.1061033891345464
frangieh_melanoma_coculture,env__v~frangiehizar2021%5Frna__v~patient-derived%5Fmelanoma__v~rna__v~co-culture,FrangiehIzar2021_RNA,Co-culture,perturbation_2,HSPA1A,2,"0,1,2",0.7699585675865496,0.7651222682801925,0.23487773171980753,0.00013583758436750716,229.0,strong_linear,five_fold_perturbation_label_OOF,0,0,0.775196045549822,0.8106875202004822,0.8541221326137368
frangieh_melanoma_coculture,env__v~frangiehizar2021%5Frna__v~patient-derived%5Fmelanoma__v~rna__v~co-culture,FrangiehIzar2021_RNA,Co-culture,perturbation_2,IDH2,2,"0,1,2",0.8896040463273931,0.8420747522606753,0.1579252477393247,6.77215571910621e-05,355.0,strong_linear,five_fold_perturbation_label_OOF,0,0,0.9059167862695522,0.8956276562749272,0.9184406991856562
frangieh_melanoma_coculture,env__v~frangiehizar2021%5Frna__v~patient-derived%5Fmelanoma__v~rna__v~co-culture,FrangiehIzar2021_RNA,Co-culture,perturbation_2,IDI2-AS1,2,"0,1,2",0.5651280591931134,0.9606294702693395,0.039370529730660464,5.5826442356209355e-06,276.0,strong_linear,five_fold_perturbation_label_OOF,0,0,0.5776577061952346,0.5879772261803682,0.5812581984625338
frangieh_melanoma_coculture,env__v~frangiehizar2021%5Frna__v~patient-derived%5Fmelanoma__v~rna__v~co-culture,FrangiehIzar2021_RNA,Co-culture,perturbation_2,IFNGR1,1,"0,1,2",1.1240627450528773,0.8737288417140089,0.12627115828599111,4.191468900080658e-05,414.0,strong_linear,five_fold_perturbation_label_OOF,0,0,0.9746529140936722,1.0904329479416237,1.2218895312374292
frangieh_melanoma_coculture,env__v~frangiehizar2021%5Frna__v~patient-derived%5Fmelanoma__v~rna__v~co-culture,FrangiehIzar2021_RNA,Co-culture,perturbation_2,IFNGR2,0,"0,1,2",0.9237021892755267,0.7876115746873689,0.21238842531263114,0.0002309125003361067,603.0,strong_linear,five_fold_perturbation_label_OOF,0,0,0.813752376932824,0.9994034924545584,0.9716166699737825
frangieh_melanoma_coculture,env__v~frangiehizar2021%5Frna__v~patient-derived%5Fmelanoma__v~rna__v~co-culture,FrangiehIzar2021_RNA,Co-culture,perturbation_2,ILF2,2,"0,1,2",0.9348507772970979,0.8170779022388981,0.1829220977611019,0.00017482241885626859,45.0,strong_linear,five_fold_perturbation_label_OOF,0,0,0.8748071545892906,0.9645123953174787,0.9643658255669969
frangieh_melanoma_coculture,env__v~frangiehizar2021%5Frna__v~patient-derived%5Fmelanoma__v~rna__v~co-culture,FrangiehIzar2021_RNA,Co-culture,perturbation_2,IRF3,0,"0,1,2",0.7488047882451219,0.8068743910845498,0.19312560891545016,8.627601617713724e-05,284.0,strong_linear,five_fold_perturbation_label_OOF,0,0,0.6870743695092848,0.8288793563338954,0.8694450438562241
frangieh_melanoma_coculture,env__v~frangiehizar2021%5Frna__v~patient-derived%5Fmelanoma__v~rna__v~co-culture,FrangiehIzar2021_RNA,Co-culture,perturbation_2,IRF4,0,"0,1,2",0.8707569920482167,0.9544932515986825,0.04550674840131752,6.401618601486539e-06,229.0,strong_linear,five_fold_perturbation_label_OOF,0,0,0.8878528164867721,0.8603824333231498,0.8805582051348382
frangieh_melanoma_coculture,env__v~frangiehizar2021%5Frna__v~patient-derived%5Fmelanoma__v~rna__v~co-culture,FrangiehIzar2021_RNA,Co-culture,perturbation_2,ISYNA1,2,"0,1,2",0.7150620037759758,0.8349407006621874,0.1650592993378126,8.004771130107655e-05,197.0,strong_linear,five_fold_perturbation_label_OOF,0,0,0.748196010037102,0.7878164181257642,0.7439324685529535
frangieh_melanoma_coculture,env__v~frangiehizar2021%5Frna__v~patient-derived%5Fmelanoma__v~rna__v~co-culture,FrangiehIzar2021_RNA,Co-culture,perturbation_2,ITGA3,2,"0,1,2",1.0577229291191959,0.839264840297418,0.160735159702582,0.0001298660508041264,265.0,strong_linear,five_fold_perturbation_label_OOF,0,0,1.0631927617124735,1.0496578316231677,1.0371024085504232
frangieh_melanoma_coculture,env__v~frangiehizar2021%5Frna__v~patient-derived%5Fmelanoma__v~rna__v~co-culture,FrangiehIzar2021_RNA,Co-culture,perturbation_2,JAK1,2,"0,1,2",0.8675026741623338,0.8289636080553254,0.17103639194467457,4.253682682797575e-05,477.0,strong_linear,five_fold_perturbation_label_OOF,0,0,0.6267267728027058,0.9575530264992114,1.0906957437990128
frangieh_melanoma_coculture,env__v~frangiehizar2021%5Frna__v~patient-derived%5Fmelanoma__v~rna__v~co-culture,FrangiehIzar2021_RNA,Co-culture,perturbation_2,JAK2,2,"0,1,2",0.781029497055115,0.9527530396930661,0.04724696030693387,8.140506684022382e-06,528.0,strong_linear,five_fold_perturbation_label_OOF,0,0,0.792316964354681,0.8227734960228863,0.7586125582702528
frangieh_melanoma_coculture,env__v~frangiehizar2021%5Frna__v~patient-derived%5Fmelanoma__v~rna__v~co-culture,FrangiehIzar2021_RNA,Co-culture,perturbation_2,JMJD7,1,"0,1,2",0.6317824436813433,0.9568006262227441,0.04319937377725591,5.472948636398061e-06,351.0,strong_linear,five_fold_perturbation_label_OOF,0,0,0.638745728901323,0.6426934654285352,0.6603773761327048
frangieh_melanoma_coculture,env__v~frangiehizar2021%5Frna__v~patient-derived%5Fmelanoma__v~rna__v~co-culture,FrangiehIzar2021_RNA,Co-culture,perturbation_2,JPT1,3,"0,1,2",0.9929879411595116,0.7535223762106128,0.2464776237893872,0.00016853826345275772,185.0,strong_linear,five_fold_perturbation_label_OOF,0,0,1.0017099203333937,0.9934158204924712,0.9895430519010642
frangieh_melanoma_coculture,env__v~frangiehizar2021%5Frna__v~patient-derived%5Fmelanoma__v~rna__v~co-culture,FrangiehIzar2021_RNA,Co-culture,perturbation_2,KCNN4,3,"0,1,2",0.7829427795624695,0.8471495702294597,0.1528504297705403,4.6306294833012374e-05,264.0,strong_linear,five_fold_perturbation_label_OOF,0,0,0.8830231554394853,0.7816998178478831,0.7615211773987942
frangieh_melanoma_coculture,env__v~frangiehizar2021%5Frna__v~patient-derived%5Fmelanoma__v~rna__v~co-culture,FrangiehIzar2021_RNA,Co-culture,perturbation_2,KDR,3,"0,1,2",0.7004968841188723,0.9347081780634432,0.0652918219365568,8.467879585361342e-06,284.0,strong_linear,five_fold_perturbation_label_OOF,0,0,0.700256207599147,0.7388540433152695,0.7207072037899875
frangieh_melanoma_coculture,env__v~frangiehizar2021%5Frna__v~patient-derived%5Fmelanoma__v~rna__v~co-culture,FrangiehIzar2021_RNA,Co-culture,perturbation_2,KLF4,0,"0,1,2",0.7718534563367756,0.8132187170346419,0.18678128296535812,4.230646514069296e-05,242.0,strong_linear,five_fold_perturbation_label_OOF,0,0,0.7670894008531162,0.8419996679263562,0.8153277564581962
frangieh_melanoma_coculture,env__v~frangiehizar2021%5Frna__v~patient-derived%5Fmelanoma__v~rna__v~co-culture,FrangiehIzar2021_RNA,Co-culture,perturbation_2,LAMP2,4,"0,1,2",0.7052255940869698,0.8094491154644036,0.19055088453559643,5.792217850748908e-05,301.0,strong_linear,five_fold_perturbation_label_OOF,0,0,0.7006976220459863,0.7859833310087564,0.7737278795011835
frangieh_melanoma_coculture,env__v~frangiehizar2021%5Frna__v~patient-derived%5Fmelanoma__v~rna__v~co-culture,FrangiehIzar2021_RNA,Co-culture,perturbation_2,LCP1,3,"0,1,2",0.6845527311839703,0.9403264383696343,0.059673561630365746,7.343390754753361e-06,303.0,strong_linear,five_fold_perturbation_label_OOF,0,0,0.7078227487383715,0.6936369753697602,0.7082076019105242
frangieh_melanoma_coculture,env__v~frangiehizar2021%5Frna__v~patient-derived%5Fmelanoma__v~rna__v~co-culture,FrangiehIzar2021_RNA,Co-culture,perturbation_2,LEF1-AS1,2,"0,1,2",0.7151646229636015,0.9608993312133004,0.0391006687866996,5.7967252435204155e-06,288.0,strong_linear,five_fold_perturbation_label_OOF,0,0,0.7197646864180973,0.7111325926716522,0.7469500730524362
frangieh_melanoma_coculture,env__v~frangiehizar2021%5Frna__v~patient-derived%5Fmelanoma__v~rna__v~co-culture,FrangiehIzar2021_RNA,Co-culture,perturbation_2,LGALS3,4,"0,1,2",0.9977173177115772,0.7727514042664111,0.2272485957335889,0.00027107286305963024,196.0,strong_linear,five_fold_perturbation_label_OOF,0,0,1.071986839965449,1.0004243585203882,0.9511411092121509
frangieh_melanoma_coculture,env__v~frangiehizar2021%5Frna__v~patient-derived%5Fmelanoma__v~rna__v~co-culture,FrangiehIzar2021_RNA,Co-culture,perturbation_2,LGALS3BP,2,"0,1,2",0.8699445221663247,0.724759591691658,0.27524040830834196,0.00013556567598112265,218.0,strong_linear,five_fold_perturbation_label_OOF,0,0,0.8043764437485471,0.9278402416445648,0.965101128179333
frangieh_melanoma_coculture,env__v~frangiehizar2021%5Frna__v~patient-derived%5Fmelanoma__v~rna__v~co-culture,FrangiehIzar2021_RNA,Co-culture,perturbation_2,LINC00518,3,"0,1,2",0.7723645458963168,0.9453061991684071,0.05469380083159292,7.005794462851754e-06,290.0,strong_linear,five_fold_perturbation_label_OOF,0,0,0.7829220202941647,0.7598892966509627,0.8095072355803654
frangieh_melanoma_coculture,env__v~frangiehizar2021%5Frna__v~patient-derived%5Fmelanoma__v~rna__v~co-culture,FrangiehIzar2021_RNA,Co-culture,perturbation_2,LRPAP1,3,"0,1,2",0.8894066819944269,0.7322528805976892,0.2677471194023108,0.0002504880486308685,284.0,strong_linear,five_fold_perturbation_label_OOF,0,0,0.8425543074882921,0.9646924276500582,0.9446042197834531
frangieh_melanoma_coculture,env__v~frangiehizar2021%5Frna__v~patient-derived%5Fmelanoma__v~rna__v~co-culture,FrangiehIzar2021_RNA,Co-culture,perturbation_2,LRRC75A-AS1,3,"0,1,2",0.850286200699106,0.9398863647836048,0.060113635216395234,7.998267559637056e-06,199.0,strong_linear,five_fold_perturbation_label_OOF,0,0,0.8649702226088757,0.8466719846772378,0.8653307211589617
frangieh_melanoma_coculture,env__v~frangiehizar2021%5Frna__v~patient-derived%5Fmelanoma__v~rna__v~co-culture,FrangiehIzar2021_RNA,Co-culture,perturbation_2,LY96,3,"0,1,2",0.8905883201903363,0.9412060421585428,0.058793957841457245,7.384743752138558e-06,280.0,strong_linear,five_fold_perturbation_label_OOF,0,0,0.9104246664160536,0.8704631668275521,0.9094123412924777
frangieh_melanoma_coculture,env__v~frangiehizar2021%5Frna__v~patient-derived%5Fmelanoma__v~rna__v~co-culture,FrangiehIzar2021_RNA,Co-culture,perturbation_2,MC1R,3,"0,1,2",0.8359804747849018,0.9199887909573787,0.08001120904262127,1.0987618180445584e-05,241.0,strong_linear,five_fold_perturbation_label_OOF,0,0,0.861293060925983,0.7998816837018037,0.8808120420976738
frangieh_melanoma_coculture,env__v~frangiehizar2021%5Frna__v~patient-derived%5Fmelanoma__v~rna__v~co-culture,FrangiehIzar2021_RNA,Co-culture,perturbation_2,MDH2,2,"0,1,2",0.9514410143007196,0.7869734610703136,0.21302653892968637,0.00021437012329970115,200.0,strong_linear,five_fold_perturbation_label_OOF,0,0,0.9710257947597652,0.9217562144393595,0.982640119010547
frangieh_melanoma_coculture,env__v~frangiehizar2021%5Frna__v~patient-derived%5Fmelanoma__v~rna__v~co-culture,FrangiehIzar2021_RNA,Co-culture,perturbation_2,MFGE8,0,"0,1,2",0.8323975710545216,0.8526568791877441,0.14734312081225587,4.403095045870557e-05,325.0,strong_linear,five_fold_perturbation_label_OOF,0,0,0.8640344009032846,0.8922040680881116,0.8174064566867377
frangieh_melanoma_coculture,env__v~frangiehizar2021%5Frna__v~patient-derived%5Fmelanoma__v~rna__v~co-culture,FrangiehIzar2021_RNA,Co-culture,perturbation_2,MIA,4,"0,1,2",0.637220864654345,0.9603283141138048,0.039671685886195185,5.758220728857346e-06,271.0,strong_linear,five_fold_perturbation_label_OOF,0,0,0.6423271839154263,0.660163092066971,0.6516682737666399
frangieh_melanoma_coculture,env__v~frangiehizar2021%5Frna__v~patient-derived%5Fmelanoma__v~rna__v~co-culture,FrangiehIzar2021_RNA,Co-culture,perturbation_2,MRPL47,0,"0,1,2",1.0553806915997093,0.8240070584194538,0.17599294158054624,7.513018122599826e-05,107.0,strong_linear,five_fold_perturbation_label_OOF,0,0,0.9872862191693661,1.1110878110976916,1.0310871984230692
frangieh_melanoma_coculture,env__v~frangiehizar2021%5Frna__v~patient-derived%5Fmelanoma__v~rna__v~co-culture,FrangiehIzar2021_RNA,Co-culture,perturbation_2,MT2A,2,"0,1,2",0.9070208575135932,0.8772914412226142,0.12270855877738585,0.0006901879602795221,183.0,strong_linear,five_fold_perturbation_label_OOF,0,0,0.9109398916110341,0.9668785107053375,0.8793016822304051
frangieh_melanoma_coculture,env__v~frangiehizar2021%5Frna__v~patient-derived%5Fmelanoma__v~rna__v~co-culture,FrangiehIzar2021_RNA,Co-culture,perturbation_2,MYC,2,"0,1,2",1.0458808828063586,0.7717393224653574,0.22826067753464263,9.63961540729432e-05,75.0,strong_linear,five_fold_perturbation_label_OOF,0,0,1.0524102684181023,1.0772567631670833,0.9962031778267849
frangieh_melanoma_coculture,env__v~frangiehizar2021%5Frna__v~patient-derived%5Fmelanoma__v~rna__v~co-culture,FrangiehIzar2021_RNA,Co-culture,perturbation_2,NACA,3,"0,1,2",0.9647060510834705,0.7636119466537408,0.23638805334625923,0.00021240695780017617,31.0,strong_linear,five_fold_perturbation_label_OOF,0,0,0.9976144183174412,0.9189162865012648,0.9829155766141564
frangieh_melanoma_coculture,env__v~frangiehizar2021%5Frna__v~patient-derived%5Fmelanoma__v~rna__v~co-culture,FrangiehIzar2021_RNA,Co-culture,perturbation_2,NCL,0,"0,1,2",0.9387945121213959,0.7239945732146725,0.27600542678532747,0.0003496025686609848,45.0,strong_linear,five_fold_perturbation_label_OOF,0,0,0.9261589545901778,0.973788753008137,0.9614294115327938
frangieh_melanoma_coculture,env__v~frangiehizar2021%5Frna__v~patient-derived%5Fmelanoma__v~rna__v~co-culture,FrangiehIzar2021_RNA,Co-culture,perturbation_2,NDUFA13,4,"0,1,2",0.8262611403529833,0.7743755724663348,0.22562442753366518,0.00012915246046544117,97.0,strong_linear,five_fold_perturbation_label_OOF,0,0,0.829737432284426,0.8809721743455997,0.8700516677987076
frangieh_melanoma_coculture,env__v~frangiehizar2021%5Frna__v~patient-derived%5Fmelanoma__v~rna__v~co-culture,FrangiehIzar2021_RNA,Co-culture,perturbation_2,NEAT1,0,"0,1,2",0.8162912048370571,0.6606929837094734,0.3393070162905266,0.0007752250369020952,215.0,strong_linear,five_fold_perturbation_label_OOF,0,0,0.7819056050781634,0.8109642971634607,0.9370452342685581
frangieh_melanoma_coculture,env__v~frangiehizar2021%5Frna__v~patient-derived%5Fmelanoma__v~rna__v~co-culture,FrangiehIzar2021_RNA,Co-culture,perturbation_2,NGFR,2,"0,1,2",0.7334273080736744,0.9615336304446703,0.03846636955532967,5.4571503476068335e-06,203.0,strong_linear,five_fold_perturbation_label_OOF,0,0,0.744073654685636,0.7382801578499303,0.7485351826954528
frangieh_melanoma_coculture,env__v~frangiehizar2021%5Frna__v~patient-derived%5Fmelanoma__v~rna__v~co-culture,FrangiehIzar2021_RNA,Co-culture,perturbation_2,NME1,1,"0,1,2",1.0333192498105122,0.8343320254159883,0.16566797458401172,0.0001224222540912374,205.0,strong_linear,five_fold_perturbation_label_OOF,0,0,1.056080849279712,1.0504246212121495,0.9569156503607751
frangieh_melanoma_coculture,env__v~frangiehizar2021%5Frna__v~patient-derived%5Fmelanoma__v~rna__v~co-culture,FrangiehIzar2021_RNA,Co-culture,perturbation_2,NMRK1,3,"0,1,2",0.8627725153121226,0.7718285504243562,0.22817144957564384,4.465277425400807e-05,253.0,strong_linear,five_fold_perturbation_label_OOF,0,0,0.9907024523835102,0.7939368131152047,0.9114002181290614
frangieh_melanoma_coculture,env__v~frangiehizar2021%5Frna__v~patient-derived%5Fmelanoma__v~rna__v~co-culture,FrangiehIzar2021_RNA,Co-culture,perturbation_2,NOLC1,4,"0,1,2",0.885056359348158,0.8122435506384477,0.18775644936155234,6.020659279592245e-05,100.0,strong_linear,five_fold_perturbation_label_OOF,0,0,0.8878799402548634,0.8351453419025087,0.9749117835902829
frangieh_melanoma_coculture,env__v~frangiehizar2021%5Frna__v~patient-derived%5Fmelanoma__v~rna__v~co-culture,FrangiehIzar2021_RNA,Co-culture,perturbation_2,NONO,4,"0,1,2",0.8710877169753096,0.8175967732696283,0.18240322673037168,0.00014913839929639542,212.0,strong_linear,five_fold_perturbation_label_OOF,0,0,0.9073453112392732,0.8652121675204802,0.913681213443325
frangieh_melanoma_coculture,env__v~frangiehizar2021%5Frna__v~patient-derived%5Fmelanoma__v~rna__v~co-culture,FrangiehIzar2021_RNA,Co-culture,perturbation_2,NPC1,1,"0,1,2",0.690831782358635,0.8951547744135452,0.10484522558645482,2.236858437509336e-05,284.0,strong_linear,five_fold_perturbation_label_OOF,0,0,0.7487260516447023,0.7205070318353302,0.7016972853329121
frangieh_melanoma_coculture,env__v~frangiehizar2021%5Frna__v~patient-derived%5Fmelanoma__v~rna__v~co-culture,FrangiehIzar2021_RNA,Co-culture,perturbation_2,NPC2,2,"0,1,2",0.7705861060503922,0.8287803908718764,0.17121960912812362,0.00012228590408987049,266.0,strong_linear,five_fold_perturbation_label_OOF,0,0,0.7870089211709163,0.7943639906454479,0.8375421055329506
frangieh_melanoma_coculture,env__v~frangiehizar2021%5Frna__v~patient-derived%5Fmelanoma__v~rna__v~co-culture,FrangiehIzar2021_RNA,Co-culture,perturbation_2,NSG1,4,"0,1,2",0.7693520881022581,0.952329442902569,0.047670557097430954,6.841936903353519e-06,222.0,strong_linear,five_fold_perturbation_label_OOF,0,0,0.7888764295813228,0.778177292769074,0.7745691849915348
frangieh_melanoma_coculture,env__v~frangiehizar2021%5Frna__v~patient-derived%5Fmelanoma__v~rna__v~co-culture,FrangiehIzar2021_RNA,Co-culture,perturbation_2,NT5E,2,"0,1,2",0.8987190890161605,0.915813497630924,0.08418650236907599,2.6269536253768897e-05,297.0,strong_linear,five_fold_perturbation_label_OOF,0,0,0.9158428584913567,0.9165014173750825,0.8794526610353495
frangieh_melanoma_coculture,env__v~frangiehizar2021%5Frna__v~patient-derived%5Fmelanoma__v~rna__v~co-culture,FrangiehIzar2021_RNA,Co-culture,perturbation_2,NUP50-AS1,4,"0,1,2",0.7568950339983862,0.9575219428605863,0.04247805713941366,6.155789954708111e-06,262.0,strong_linear,five_fold_perturbation_label_OOF,0,0,0.7778796638428692,0.7647149565332259,0.759893959241517
frangieh_melanoma_coculture,env__v~frangiehizar2021%5Frna__v~patient-derived%5Fmelanoma__v~rna__v~co-culture,FrangiehIzar2021_RNA,Co-culture,perturbation_2,P2RX4,1,"0,1,2",0.6987314602427818,0.9347156321444335,0.06528436785556646,9.755909907741993e-06,88.0,strong_linear,five_fold_perturbation_label_OOF,0,0,0.7337256968455232,0.7073503927211956,0.7155161908321688
frangieh_melanoma_coculture,env__v~frangiehizar2021%5Frna__v~patient-derived%5Fmelanoma__v~rna__v~co-culture,FrangiehIzar2021_RNA,Co-culture,perturbation_2,PABPC1,3,"0,1,2",0.961244049441025,0.7211714553895116,0.27882854461048845,0.00017308346836542103,85.0,strong_linear,five_fold_perturbation_label_OOF,0,0,0.9749845556944396,0.9948250191199592,0.950488543531468
frangieh_melanoma_coculture,env__v~frangiehizar2021%5Frna__v~patient-derived%5Fmelanoma__v~rna__v~co-culture,FrangiehIzar2021_RNA,Co-culture,perturbation_2,PAICS,1,"0,1,2",0.9039676040392215,0.8771914899952679,0.12280851000473214,5.718625585094969e-05,61.0,strong_linear,five_fold_perturbation_label_OOF,0,0,0.8773891084844561,0.8708131222539797,1.0028075078766086
frangieh_melanoma_coculture,env__v~frangiehizar2021%5Frna__v~patient-derived%5Fmelanoma__v~rna__v~co-culture,FrangiehIzar2021_RNA,Co-culture,perturbation_2,PET100,0,"0,1,2",1.1135912013890024,0.8149000022683549,0.1850999977316451,0.00011504948408537318,88.0,strong_linear,five_fold_perturbation_label_OOF,0,0,1.0356690346424942,1.1140337464824754,1.1132302129850968
frangieh_melanoma_coculture,env__v~frangiehizar2021%5Frna__v~patient-derived%5Fmelanoma__v~rna__v~co-culture,FrangiehIzar2021_RNA,Co-culture,perturbation_2,PFDN4,0,"0,1,2",0.9356576984917208,0.6853812944783207,0.31461870552167925,0.00024623093062242657,220.0,strong_linear,five_fold_perturbation_label_OOF,0,0,0.7612822753604505,1.033231400189454,0.9309163493697071
frangieh_melanoma_coculture,env__v~frangiehizar2021%5Frna__v~patient-derived%5Fmelanoma__v~rna__v~co-culture,FrangiehIzar2021_RNA,Co-culture,perturbation_2,PFN1,3,"0,1,2",0.8902745370213778,0.7974597173314769,0.2025402826685231,0.00023027322559275657,120.0,strong_linear,five_fold_perturbation_label_OOF,0,0,0.9572298138757686,0.8427526987481678,0.914567823138728
frangieh_melanoma_coculture,env__v~frangiehizar2021%5Frna__v~patient-derived%5Fmelanoma__v~rna__v~co-culture,FrangiehIzar2021_RNA,Co-culture,perturbation_2,PIK3IP1,2,"0,1,2",0.6865363423798818,0.9614700924323843,0.03852990756761565,5.461173782751989e-06,218.0,strong_linear,five_fold_perturbation_label_OOF,0,0,0.6962314136750467,0.7024228451813455,0.697304966256317
frangieh_melanoma_coculture,env__v~frangiehizar2021%5Frna__v~patient-derived%5Fmelanoma__v~rna__v~co-culture,FrangiehIzar2021_RNA,Co-culture,perturbation_2,POLD2,0,"0,1,2",0.9296652183512045,0.7015013555140229,0.29849864448597707,0.00017520707828040782,36.0,strong_linear,five_fold_perturbation_label_OOF,0,0,1.0064169790196522,0.9080385758938414,0.8897654339719916
frangieh_melanoma_coculture,env__v~frangiehizar2021%5Frna__v~patient-derived%5Fmelanoma__v~rna__v~co-culture,FrangiehIzar2021_RNA,Co-culture,perturbation_2,PPA1,1,"0,1,2",0.8802144488563052,0.7789199721007679,0.2210800278992321,5.6638495966109384e-05,34.0,strong_linear,five_fold_perturbation_label_OOF,0,0,0.8914735188766229,0.9253882529167493,0.8919326547527502
frangieh_melanoma_coculture,env__v~frangiehizar2021%5Frna__v~patient-derived%5Fmelanoma__v~rna__v~co-culture,FrangiehIzar2021_RNA,Co-culture,perturbation_2,PPIA,4,"0,1,2",0.8927510371626728,0.8081075984505707,0.19189240154942933,6.275734060083583e-05,209.0,strong_linear,five_fold_perturbation_label_OOF,0,0,0.9763747092872178,0.9144426239778382,0.8365559112252586
frangieh_melanoma_coculture,env__v~frangiehizar2021%5Frna__v~patient-derived%5Fmelanoma__v~rna__v~co-culture,FrangiehIzar2021_RNA,Co-culture,perturbation_2,PRELID3B,1,"0,1,2",0.9592355489262361,0.8091249741119664,0.19087502588803362,8.474895747744794e-05,21.0,strong_linear,five_fold_perturbation_label_OOF,0,0,0.950522725015762,0.9335024437428636,0.9995179578975226
frangieh_melanoma_coculture,env__v~frangiehizar2021%5Frna__v~patient-derived%5Fmelanoma__v~rna__v~co-culture,FrangiehIzar2021_RNA,Co-culture,perturbation_2,PROS1,2,"0,1,2",0.8805002189096891,0.9493728763997954,0.050627123600204604,8.962051737025942e-06,199.0,strong_linear,five_fold_perturbation_label_OOF,0,0,0.8878709816564804,0.8779901770239169,0.8944246512245374
frangieh_melanoma_coculture,env__v~frangiehizar2021%5Frna__v~patient-derived%5Fmelanoma__v~rna__v~co-culture,FrangiehIzar2021_RNA,Co-culture,perturbation_2,PSAP,0,"0,1,2",0.7878040813853087,0.8419825318581736,0.15801746814182638,0.00011616131991399163,280.0,strong_linear,five_fold_perturbation_label_OOF,0,0,0.7818614928468062,0.8326361121508925,0.8423240272761565
frangieh_melanoma_coculture,env__v~frangiehizar2021%5Frna__v~patient-derived%5Fmelanoma__v~rna__v~co-culture,FrangiehIzar2021_RNA,Co-culture,perturbation_2,PSMA7,1,"0,1,2",0.8745386497722365,0.8258210377615022,0.17417896223849783,6.532394248455017e-05,11.0,strong_linear,five_fold_perturbation_label_OOF,0,0,0.9491592224464734,0.8979646444034174,0.8354943946034465
frangieh_melanoma_coculture,env__v~frangiehizar2021%5Frna__v~patient-derived%5Fmelanoma__v~rna__v~co-culture,FrangiehIzar2021_RNA,Co-culture,perturbation_2,PSMB8-AS1,3,"0,1,2",0.8096996521455415,0.8202515387323427,0.1797484612676573,3.190961880874675e-05,216.0,strong_linear,five_fold_perturbation_label_OOF,0,0,0.8107732355740584,0.8574067287194822,0.8586195239696701
frangieh_melanoma_coculture,env__v~frangiehizar2021%5Frna__v~patient-derived%5Fmelanoma__v~rna__v~co-culture,FrangiehIzar2021_RNA,Co-culture,perturbation_2,PTMA,4,"0,1,2",0.9505627806346716,0.8497864791236145,0.1502135208763855,0.0002643342246339784,259.0,strong_linear,five_fold_perturbation_label_OOF,0,0,0.9735064238142778,0.941617655774182,0.9616783783331769
frangieh_melanoma_coculture,env__v~frangiehizar2021%5Frna__v~patient-derived%5Fmelanoma__v~rna__v~co-culture,FrangiehIzar2021_RNA,Co-culture,perturbation_2,PUF60,0,"0,1,2",0.9944665004741812,0.6970066221499766,0.30299337785002345,0.00013184657737502303,70.0,strong_linear,five_fold_perturbation_label_OOF,0,0,0.9738142627061194,0.9737460313587686,1.0435718098137827
frangieh_melanoma_coculture,env__v~frangiehizar2021%5Frna__v~patient-derived%5Fmelanoma__v~rna__v~co-culture,FrangiehIzar2021_RNA,Co-culture,perturbation_2,PYGB,2,"0,1,2",0.8914767721119614,0.8301653612530191,0.1698346387469809,4.2126445008421723e-05,179.0,strong_linear,five_fold_perturbation_label_OOF,0,0,0.9296069456897108,0.8616013919816141,0.9323801945606348
frangieh_melanoma_coculture,env__v~frangiehizar2021%5Frna__v~patient-derived%5Fmelanoma__v~rna__v~co-culture,FrangiehIzar2021_RNA,Co-culture,perturbation_2,RAB27A,4,"0,1,2",0.6854333906119753,0.8241924645635278,0.1758075354364722,4.383863463532364e-05,249.0,strong_linear,five_fold_perturbation_label_OOF,0,0,0.729956457446035,0.7821267002413466,0.7178123788848217
frangieh_melanoma_coculture,env__v~frangiehizar2021%5Frna__v~patient-derived%5Fmelanoma__v~rna__v~co-culture,FrangiehIzar2021_RNA,Co-culture,perturbation_2,RB1,4,"0,1,2",0.6522426381797269,0.8972662421287673,0.10273375787123273,2.0416696451988025e-05,301.0,strong_linear,five_fold_perturbation_label_OOF,0,0,0.6368831324397887,0.7401191661969613,0.6806945391189196
frangieh_melanoma_coculture,env__v~frangiehizar2021%5Frna__v~patient-derived%5Fmelanoma__v~rna__v~co-culture,FrangiehIzar2021_RNA,Co-culture,perturbation_2,RBP7,3,"0,1,2",0.7761248712018562,0.9447832209751995,0.05521677902480049,7.12264108811312e-06,240.0,strong_linear,five_fold_perturbation_label_OOF,0,0,0.7898416721907249,0.781445976129231,0.7937338983067597
frangieh_melanoma_coculture,env__v~frangiehizar2021%5Frna__v~patient-derived%5Fmelanoma__v~rna__v~co-culture,FrangiehIzar2021_RNA,Co-culture,perturbation_2,RNASEH2A,1,"0,1,2",1.3055948899428833,0.9362133883550126,0.06378661164498745,9.117492400098954e-06,58.0,strong_linear,five_fold_perturbation_label_OOF,0,0,1.2778490236787985,1.301795306445109,1.2789056531940395
frangieh_melanoma_coculture,env__v~frangiehizar2021%5Frna__v~patient-derived%5Fmelanoma__v~rna__v~co-culture,FrangiehIzar2021_RNA,Co-culture,perturbation_2,RNF213,0,"0,1,2",0.9919065921717961,0.7889772715981066,0.2110227284018934,0.00017509350583525766,205.0,strong_linear,five_fold_perturbation_label_OOF,0,0,0.9763682086737364,0.9779960509763521,1.0302056609676054
frangieh_melanoma_coculture,env__v~frangiehizar2021%5Frna__v~patient-derived%5Fmelanoma__v~rna__v~co-culture,FrangiehIzar2021_RNA,Co-culture,perturbation_2,ROMO1,4,"0,1,2",1.1141285415052065,0.7685738353112234,0.23142616468877664,0.0001429927480708761,45.0,strong_linear,five_fold_perturbation_label_OOF,0,0,1.029927971352721,1.0805963472155684,1.1441198398036136
frangieh_melanoma_coculture,env__v~frangiehizar2021%5Frna__v~patient-derived%5Fmelanoma__v~rna__v~co-culture,FrangiehIzar2021_RNA,Co-culture,perturbation_2,RPSA,1,"0,1,2",0.936743313468833,0.7394643750218167,0.2605356249781833,0.00019302693167738596,120.0,strong_linear,five_fold_perturbation_label_OOF,0,0,0.9374325920913466,0.9964734748966387,0.878049580163969
frangieh_melanoma_coculture,env__v~frangiehizar2021%5Frna__v~patient-derived%5Fmelanoma__v~rna__v~co-culture,FrangiehIzar2021_RNA,Co-culture,perturbation_2,RRS1,1,"0,1,2",0.8045652271667056,0.8325654569426145,0.16743454305738548,6.924785194743646e-05,66.0,strong_linear,five_fold_perturbation_label_OOF,0,0,0.7940149437559989,0.7773887809550909,0.9080669133038062
frangieh_melanoma_coculture,env__v~frangiehizar2021%5Frna__v~patient-derived%5Fmelanoma__v~rna__v~co-culture,FrangiehIzar2021_RNA,Co-culture,perturbation_2,RTP4,2,"0,1,2",0.8184478211838018,0.941024623459108,0.05897537654089202,1.2154015932081952e-05,281.0,strong_linear,five_fold_perturbation_label_OOF,0,0,0.8166241409127901,0.8124161485256258,0.8561789185200314
frangieh_melanoma_coculture,env__v~frangiehizar2021%5Frna__v~patient-derived%5Fmelanoma__v~rna__v~co-culture,FrangiehIzar2021_RNA,Co-culture,perturbation_2,RUVBL2,3,"0,1,2",0.9754943895439464,0.7797753483277635,0.22022465167223648,0.00016519382455670756,20.0,strong_linear,five_fold_perturbation_label_OOF,0,0,0.9817246807402201,0.9763617363495897,0.9810692290051257
frangieh_melanoma_coculture,env__v~frangiehizar2021%5Frna__v~patient-derived%5Fmelanoma__v~rna__v~co-culture,FrangiehIzar2021_RNA,Co-culture,perturbation_2,S100A6,3,"0,1,2",0.9341421262489853,0.7487466792708068,0.25125332072919315,0.00022652507519558597,239.0,strong_linear,five_fold_perturbation_label_OOF,0,0,0.9486083172881066,0.9306456874238956,0.9630464676531764
frangieh_melanoma_coculture,env__v~frangiehizar2021%5Frna__v~patient-derived%5Fmelanoma__v~rna__v~co-culture,FrangiehIzar2021_RNA,Co-culture,perturbation_2,S100B,2,"0,1,2",0.7769051680244039,0.9613984380561061,0.03860156194389386,5.452577212257196e-06,215.0,strong_linear,five_fold_perturbation_label_OOF,0,0,0.8056152859536828,0.7734646140647651,0.777360155743099
frangieh_melanoma_coculture,env__v~frangiehizar2021%5Frna__v~patient-derived%5Fmelanoma__v~rna__v~co-culture,FrangiehIzar2021_RNA,Co-culture,perturbation_2,SAE1,3,"0,1,2",0.889790093609945,0.8400371351520396,0.1599628648479604,0.00010384630886513939,34.0,strong_linear,five_fold_perturbation_label_OOF,0,0,0.9081536371988714,0.8118949587825843,0.9773736710138097
frangieh_melanoma_coculture,env__v~frangiehizar2021%5Frna__v~patient-derived%5Fmelanoma__v~rna__v~co-culture,FrangiehIzar2021_RNA,Co-culture,perturbation_2,SAT1,1,"0,1,2",0.8159658647037867,0.8217527656380809,0.17824723436191914,4.1238396522184364e-05,212.0,strong_linear,five_fold_perturbation_label_OOF,0,0,0.8425149474038701,0.9003581583822153,0.7907921131873186
frangieh_melanoma_coculture,env__v~frangiehizar2021%5Frna__v~patient-derived%5Fmelanoma__v~rna__v~co-culture,FrangiehIzar2021_RNA,Co-culture,perturbation_2,SCARB2,2,"0,1,2",0.7220988569751208,0.8050747372185539,0.19492526278144606,0.00016057950893457953,213.0,strong_linear,five_fold_perturbation_label_OOF,0,0,0.7508324636493066,0.7757810199406527,0.7588892531013047
frangieh_melanoma_coculture,env__v~frangiehizar2021%5Frna__v~patient-derived%5Fmelanoma__v~rna__v~co-culture,FrangiehIzar2021_RNA,Co-culture,perturbation_2,SDC3,4,"0,1,2",0.7745710845249031,0.900880537656728,0.09911946234327196,1.911581978706253e-05,269.0,strong_linear,five_fold_perturbation_label_OOF,0,0,0.7849227091411055,0.7961744632744561,0.8078040416678236
frangieh_melanoma_coculture,env__v~frangiehizar2021%5Frna__v~patient-derived%5Fmelanoma__v~rna__v~co-culture,FrangiehIzar2021_RNA,Co-culture,perturbation_2,SDCBP,1,"0,1,2",0.9037435575068683,0.7336644625151002,0.2663355374848998,7.546539522060038e-05,243.0,strong_linear,five_fold_perturbation_label_OOF,0,0,0.9073799113777427,0.9321869533538867,0.9495134880865544
frangieh_melanoma_coculture,env__v~frangiehizar2021%5Frna__v~patient-derived%5Fmelanoma__v~rna__v~co-culture,FrangiehIzar2021_RNA,Co-culture,perturbation_2,SEC11C,1,"0,1,2",0.8055800732057998,0.8288875764434543,0.17111242355654566,3.439366077640137e-05,220.0,strong_linear,five_fold_perturbation_label_OOF,0,0,0.9058891367018403,0.7880873055636304,0.8189135563550156
frangieh_melanoma_coculture,env__v~frangiehizar2021%5Frna__v~patient-derived%5Fmelanoma__v~rna__v~co-culture,FrangiehIzar2021_RNA,Co-culture,perturbation_2,SERPINA3,1,"0,1,2",0.7476823903519271,0.9567155074800766,0.04328449251992339,5.481626047173628e-06,182.0,strong_linear,five_fold_perturbation_label_OOF,0,0,0.75802007306945,0.761535605592161,0.7565818955166088
frangieh_melanoma_coculture,env__v~frangiehizar2021%5Frna__v~patient-derived%5Fmelanoma__v~rna__v~co-culture,FrangiehIzar2021_RNA,Co-culture,perturbation_2,SERPINE2,3,"0,1,2",0.8189894805425761,0.7478270083411599,0.2521729916588401,0.00014701703252026054,189.0,strong_linear,five_fold_perturbation_label_OOF,0,0,0.8416089674603303,0.863092519932607,0.8664973206557569
frangieh_melanoma_coculture,env__v~frangiehizar2021%5Frna__v~patient-derived%5Fmelanoma__v~rna__v~co-culture,FrangiehIzar2021_RNA,Co-culture,perturbation_2,SERPINF1,1,"0,1,2",0.9320897229987961,0.9458510818202613,0.05414891817973866,7.016039621966092e-06,235.0,strong_linear,five_fold_perturbation_label_OOF,0,0,0.9178424048277117,0.9290827495089802,0.9572460201043783
frangieh_melanoma_coculture,env__v~frangiehizar2021%5Frna__v~patient-derived%5Fmelanoma__v~rna__v~co-culture,FrangiehIzar2021_RNA,Co-culture,perturbation_2,SET,3,"0,1,2",0.9811804084512037,0.7956641285586109,0.2043358714413891,0.0001338579586553929,166.0,strong_linear,five_fold_perturbation_label_OOF,0,0,0.9375374257022073,0.9982845162187514,1.0131249877413937
frangieh_melanoma_coculture,env__v~frangiehizar2021%5Frna__v~patient-derived%5Fmelanoma__v~rna__v~co-culture,FrangiehIzar2021_RNA,Co-culture,perturbation_2,SGK1,3,"0,1,2",0.8570776481536359,0.7537511963255165,0.24624880367448354,6.918910734781027e-05,210.0,strong_linear,five_fold_perturbation_label_OOF,0,0,0.8804427641325652,0.8561471924436059,0.9107309913133445
frangieh_melanoma_coculture,env__v~frangiehizar2021%5Frna__v~patient-derived%5Fmelanoma__v~rna__v~co-culture,FrangiehIzar2021_RNA,Co-culture,perturbation_2,SHMT2,4,"0,1,2",0.8970635073992445,0.7605840964565531,0.23941590354344688,0.00012521996791968248,156.0,strong_linear,five_fold_perturbation_label_OOF,0,0,0.9343395660872167,0.9181201356095291,0.9060866505345766
frangieh_melanoma_coculture,env__v~frangiehizar2021%5Frna__v~patient-derived%5Fmelanoma__v~rna__v~co-culture,FrangiehIzar2021_RNA,Co-culture,perturbation_2,SINHCAF,0,"0,1,2",0.9540236404590259,0.7466240024896188,0.2533759975103812,0.00015351638533411515,125.0,strong_linear,five_fold_perturbation_label_OOF,0,0,0.8774464970526465,1.0577178112468455,0.9513932170082652
frangieh_melanoma_coculture,env__v~frangiehizar2021%5Frna__v~patient-derived%5Fmelanoma__v~rna__v~co-culture,FrangiehIzar2021_RNA,Co-culture,perturbation_2,SLC19A1,0,"0,1,2",0.7091819699263358,0.8473323249553838,0.1526676750446162,3.804005277200527e-05,191.0,strong_linear,five_fold_perturbation_label_OOF,0,0,0.7307610013785903,0.8058901480977003,0.7334416489801642
frangieh_melanoma_coculture,env__v~frangiehizar2021%5Frna__v~patient-derived%5Fmelanoma__v~rna__v~co-culture,FrangiehIzar2021_RNA,Co-culture,perturbation_2,SLC22A18,2,"0,1,2",0.7956318485529592,0.9012333511262015,0.09876664887379849,2.3520403865818313e-05,293.0,strong_linear,five_fold_perturbation_label_OOF,0,0,0.7942708900304633,0.8477827341130235,0.7990360216686991
frangieh_melanoma_coculture,env__v~frangiehizar2021%5Frna__v~patient-derived%5Fmelanoma__v~rna__v~co-culture,FrangiehIzar2021_RNA,Co-culture,perturbation_2,SLC25A13,0,"0,1,2",0.739766473248758,0.7966822705930413,0.2033177294069587,6.641999467806798e-05,256.0,strong_linear,five_fold_perturbation_label_OOF,0,0,0.7620427616241224,0.7988436374177371,0.8058993300395506
frangieh_melanoma_coculture,env__v~frangiehizar2021%5Frna__v~patient-derived%5Fmelanoma__v~rna__v~co-culture,FrangiehIzar2021_RNA,Co-culture,perturbation_2,SLC26A2,2,"0,1,2",0.8264722767205553,0.9146361749840516,0.08536382501594841,1.6057859297752727e-05,247.0,strong_linear,five_fold_perturbation_label_OOF,0,0,0.8115870504496475,0.8601020344836442,0.8501524376216653
frangieh_melanoma_coculture,env__v~frangiehizar2021%5Frna__v~patient-derived%5Fmelanoma__v~rna__v~co-culture,FrangiehIzar2021_RNA,Co-culture,perturbation_2,SLC5A3,2,"0,1,2",0.866001506595889,0.9113368290225772,0.08866317097742282,2.5088220697010605e-05,260.0,strong_linear,five_fold_perturbation_label_OOF,0,0,0.8662578834522299,0.8716120343659328,0.8908508178662435
frangieh_melanoma_coculture,env__v~frangiehizar2021%5Frna__v~patient-derived%5Fmelanoma__v~rna__v~co-culture,FrangiehIzar2021_RNA,Co-culture,perturbation_2,SLC7A5P1,4,"0,1,2",0.8551571142497965,0.9575219428605863,0.04247805713941366,6.155789954708111e-06,197.0,strong_linear,five_fold_perturbation_label_OOF,0,0,0.8644399772431544,0.8623856103453812,0.8574022656938582
frangieh_melanoma_coculture,env__v~frangiehizar2021%5Frna__v~patient-derived%5Fmelanoma__v~rna__v~co-culture,FrangiehIzar2021_RNA,Co-culture,perturbation_2,SLIRP,1,"0,1,2",0.7487260791113641,0.7635552230434847,0.23644477695651533,9.967025813408943e-05,148.0,strong_linear,five_fold_perturbation_label_OOF,0,0,0.8671309236779101,0.807187019149464,0.7604698219653602
frangieh_melanoma_coculture,env__v~frangiehizar2021%5Frna__v~patient-derived%5Fmelanoma__v~rna__v~co-culture,FrangiehIzar2021_RNA,Co-culture,perturbation_2,SMAD3,4,"0,1,2",0.8004651092739238,0.8278913080361588,0.17210869196384115,8.653134948849954e-05,272.0,strong_linear,five_fold_perturbation_label_OOF,0,0,0.78936868231294,0.8898235542368751,0.7915616459071046
frangieh_melanoma_coculture,env__v~frangiehizar2021%5Frna__v~patient-derived%5Fmelanoma__v~rna__v~co-culture,FrangiehIzar2021_RNA,Co-culture,perturbation_2,SMAD4,4,"0,1,2",1.0436197872635025,0.8850295522733024,0.11497044772669762,2.4855137943880336e-05,210.0,strong_linear,five_fold_perturbation_label_OOF,0,0,1.0762820834479603,1.0471797012926933,1.0000018093419687
frangieh_melanoma_coculture,env__v~frangiehizar2021%5Frna__v~patient-derived%5Fmelanoma__v~rna__v~co-culture,FrangiehIzar2021_RNA,Co-culture,perturbation_2,SNHG6,0,"0,1,2",0.6959424204942036,0.9478412669035569,0.052158733096443144,7.538316085817444e-06,198.0,strong_linear,five_fold_perturbation_label_OOF,0,0,0.7025375649094456,0.7188256300793904,0.7152670463231973
frangieh_melanoma_coculture,env__v~frangiehizar2021%5Frna__v~patient-derived%5Fmelanoma__v~rna__v~co-culture,FrangiehIzar2021_RNA,Co-culture,perturbation_2,SNRPE,2,"0,1,2",0.9568652261490852,0.8935916949899392,0.10640830501006082,7.800668033497626e-05,11.0,strong_linear,five_fold_perturbation_label_OOF,0,0,0.9620532626641776,0.9482609514372401,0.9679452640853806
frangieh_melanoma_coculture,env__v~frangiehizar2021%5Frna__v~patient-derived%5Fmelanoma__v~rna__v~co-culture,FrangiehIzar2021_RNA,Co-culture,perturbation_2,SNRPF,1,"0,1,2",0.85124279136003,0.8483632623829367,0.1516367376170633,6.612677698508254e-05,12.0,strong_linear,five_fold_perturbation_label_OOF,0,0,0.8793134680766395,0.8958586493524716,0.839522322021607
frangieh_melanoma_coculture,env__v~frangiehizar2021%5Frna__v~patient-derived%5Fmelanoma__v~rna__v~co-culture,FrangiehIzar2021_RNA,Co-culture,perturbation_2,SNRPG,0,"0,1,2",0.9194666030455012,0.7595003549068821,0.24049964509311794,0.00026255852042492053,26.0,strong_linear,five_fold_perturbation_label_OOF,0,0,0.9416425511254486,0.9499610514199115,0.9154450458740694
frangieh_melanoma_coculture,env__v~frangiehizar2021%5Frna__v~patient-derived%5Fmelanoma__v~rna__v~co-culture,FrangiehIzar2021_RNA,Co-culture,perturbation_2,SOX4,3,"0,1,2",0.7634692017275451,0.7703255275212905,0.22967447247870953,5.664713751458525e-05,220.0,strong_linear,five_fold_perturbation_label_OOF,0,0,0.7642718332727947,0.7692390128603918,0.9080728399338148
frangieh_melanoma_coculture,env__v~frangiehizar2021%5Frna__v~patient-derived%5Fmelanoma__v~rna__v~co-culture,FrangiehIzar2021_RNA,Co-culture,perturbation_2,SP100,4,"0,1,2",0.7419749480301767,0.7802256615514094,0.21977433844859062,0.00013433072016566394,237.0,strong_linear,five_fold_perturbation_label_OOF,0,0,0.8410266585040688,0.8225964064843748,0.7255847627232148
frangieh_melanoma_coculture,env__v~frangiehizar2021%5Frna__v~patient-derived%5Fmelanoma__v~rna__v~co-culture,FrangiehIzar2021_RNA,Co-culture,perturbation_2,SPESP1,1,"0,1,2",0.7225683432640145,0.8918334805964196,0.10816651940358035,1.5831009413316526e-05,225.0,strong_linear,five_fold_perturbation_label_OOF,0,0,0.722583097836943,0.870916531796363,0.6817923477565738
frangieh_melanoma_coculture,env__v~frangiehizar2021%5Frna__v~patient-derived%5Fmelanoma__v~rna__v~co-culture,FrangiehIzar2021_RNA,Co-culture,perturbation_2,SPINT1,4,"0,1,2",0.835859992209668,0.9551889318431307,0.044811068156869305,6.329044672171676e-06,235.0,strong_linear,five_fold_perturbation_label_OOF,0,0,0.8443986645166263,0.8408177063035718,0.8444811222874178
frangieh_melanoma_coculture,env__v~frangiehizar2021%5Frna__v~patient-derived%5Fmelanoma__v~rna__v~co-culture,FrangiehIzar2021_RNA,Co-culture,perturbation_2,SSR2,4,"0,1,2",1.0203958137619946,0.7431824522384809,0.2568175477615191,0.0002534295997624,152.0,strong_linear,five_fold_perturbation_label_OOF,0,0,1.0310822495109302,1.022967173144362,0.9935096993703812
frangieh_melanoma_coculture,env__v~frangiehizar2021%5Frna__v~patient-derived%5Fmelanoma__v~rna__v~co-culture,FrangiehIzar2021_RNA,Co-culture,perturbation_2,ST3GAL6-AS1,1,"0,1,2",0.7914495415281437,0.9571615968487563,0.042838403151243654,5.51338204103304e-06,221.0,strong_linear,five_fold_perturbation_label_OOF,0,0,0.7890427228511938,0.797801021486447,0.8130365143940459
frangieh_melanoma_coculture,env__v~frangiehizar2021%5Frna__v~patient-derived%5Fmelanoma__v~rna__v~co-culture,FrangiehIzar2021_RNA,Co-culture,perturbation_2,ST6GALNAC2,1,"0,1,2",0.9685035292559006,0.9567968898077784,0.04320311019222156,5.480163515596471e-06,157.0,strong_linear,five_fold_perturbation_label_OOF,0,0,0.9667547712880288,0.9598309008073189,0.9816665089881997
frangieh_melanoma_coculture,env__v~frangiehizar2021%5Frna__v~patient-derived%5Fmelanoma__v~rna__v~co-culture,FrangiehIzar2021_RNA,Co-culture,perturbation_2,STAT1,3,"0,1,2",0.7613261742713614,0.7477836786340785,0.25221632136592154,0.0003514582467160486,384.0,strong_linear,five_fold_perturbation_label_OOF,0,0,0.9913294679817414,0.5362877791877529,0.7892202750561826
frangieh_melanoma_coculture,env__v~frangiehizar2021%5Frna__v~patient-derived%5Fmelanoma__v~rna__v~co-culture,FrangiehIzar2021_RNA,Co-culture,perturbation_2,STAT3,1,"0,1,2",0.9109603117439276,0.9198997546437996,0.08010024535620042,2.7692098488137993e-05,191.0,strong_linear,five_fold_perturbation_label_OOF,0,0,0.8597212358752214,0.9343785383398102,0.949329194174465
frangieh_melanoma_coculture,env__v~frangiehizar2021%5Frna__v~patient-derived%5Fmelanoma__v~rna__v~co-culture,FrangiehIzar2021_RNA,Co-culture,perturbation_2,STOM,0,"0,1,2",0.7736607154492594,0.8692204259384861,0.13077957406151386,4.8456628316614305e-05,235.0,strong_linear,five_fold_perturbation_label_OOF,0,0,0.8001390476158039,0.8067107844237135,0.8024191942697222
frangieh_melanoma_coculture,env__v~frangiehizar2021%5Frna__v~patient-derived%5Fmelanoma__v~rna__v~co-culture,FrangiehIzar2021_RNA,Co-culture,perturbation_2,STX7,0,"0,1,2",0.8077897912937199,0.8564006547156718,0.14359934528432816,4.024049482817613e-05,212.0,strong_linear,five_fold_perturbation_label_OOF,0,0,0.7519388657807752,0.8432010233663798,0.8817928947865974
frangieh_melanoma_coculture,env__v~frangiehizar2021%5Frna__v~patient-derived%5Fmelanoma__v~rna__v~co-culture,FrangiehIzar2021_RNA,Co-culture,perturbation_2,TAPBP,4,"0,1,2",1.0056636879528733,0.7875566599590563,0.21244334004094367,0.0001862387856984546,168.0,strong_linear,five_fold_perturbation_label_OOF,0,0,1.0220381003186745,0.9818171433647559,1.010530960925403
frangieh_melanoma_coculture,env__v~frangiehizar2021%5Frna__v~patient-derived%5Fmelanoma__v~rna__v~co-culture,FrangiehIzar2021_RNA,Co-culture,perturbation_2,TAPBPL,3,"0,1,2",0.8515840234174684,0.9067604304989875,0.09323956950101253,1.6881187717178383e-05,235.0,strong_linear,five_fold_perturbation_label_OOF,0,0,0.8686638292963642,0.8645249908863214,0.862582601578342
frangieh_melanoma_coculture,env__v~frangiehizar2021%5Frna__v~patient-derived%5Fmelanoma__v~rna__v~co-culture,FrangiehIzar2021_RNA,Co-culture,perturbation_2,TFAP2A,2,"0,1,2",0.8025400479838594,0.8776116391137186,0.12238836088628136,5.614218590051562e-05,234.0,strong_linear,five_fold_perturbation_label_OOF,0,0,0.7872243157519642,0.8277069433861293,0.8493565900075289
frangieh_melanoma_coculture,env__v~frangiehizar2021%5Frna__v~patient-derived%5Fmelanoma__v~rna__v~co-culture,FrangiehIzar2021_RNA,Co-culture,perturbation_2,TGFB1,2,"0,1,2",0.8013061246059863,0.8410352748523583,0.1589647251476417,5.712578350347852e-05,269.0,strong_linear,five_fold_perturbation_label_OOF,0,0,0.7932079821963791,0.8584990238953076,0.8583460639566977
frangieh_melanoma_coculture,env__v~frangiehizar2021%5Frna__v~patient-derived%5Fmelanoma__v~rna__v~co-culture,FrangiehIzar2021_RNA,Co-culture,perturbation_2,TIMM50,3,"0,1,2",0.9165861074971968,0.7933443897146345,0.2066556102853655,0.00010396550132263408,106.0,strong_linear,five_fold_perturbation_label_OOF,0,0,0.9224454239360981,0.9539726911557261,0.9206649663227722
frangieh_melanoma_coculture,env__v~frangiehizar2021%5Frna__v~patient-derived%5Fmelanoma__v~rna__v~co-culture,FrangiehIzar2021_RNA,Co-culture,perturbation_2,TIMP1,0,"0,1,2",0.7695551329666117,0.7791048954826577,0.2208951045173423,0.0009925656730385046,239.0,strong_linear,five_fold_perturbation_label_OOF,0,0,0.8130476768130359,0.7883679148960305,0.8194643689330758
frangieh_melanoma_coculture,env__v~frangiehizar2021%5Frna__v~patient-derived%5Fmelanoma__v~rna__v~co-culture,FrangiehIzar2021_RNA,Co-culture,perturbation_2,TIMP2,0,"0,1,2",0.9445194730583162,0.6884805652954405,0.31151943470455945,0.00010876147798663585,161.0,strong_linear,five_fold_perturbation_label_OOF,0,0,0.9081394430316803,1.015065033176392,0.9977789570246137
frangieh_melanoma_coculture,env__v~frangiehizar2021%5Frna__v~patient-derived%5Fmelanoma__v~rna__v~co-culture,FrangiehIzar2021_RNA,Co-culture,perturbation_2,TIMP3,0,"0,1,2",0.8635544160407852,0.766123935252193,0.23387606474780698,0.0003309244300921191,202.0,strong_linear,five_fold_perturbation_label_OOF,0,0,0.8984471057546856,0.9657082284137191,0.839861244289333
frangieh_melanoma_coculture,env__v~frangiehizar2021%5Frna__v~patient-derived%5Fmelanoma__v~rna__v~co-culture,FrangiehIzar2021_RNA,Co-culture,perturbation_2,TM4SF1,3,"0,1,2",0.835367688719542,0.7779054556135924,0.22209454438640763,0.0003555698599605415,217.0,strong_linear,five_fold_perturbation_label_OOF,0,0,0.8475146246872931,0.8869325026059345,0.8776334076626789
frangieh_melanoma_coculture,env__v~frangiehizar2021%5Frna__v~patient-derived%5Fmelanoma__v~rna__v~co-culture,FrangiehIzar2021_RNA,Co-culture,perturbation_2,TMED10,0,"0,1,2",1.1477860786225327,0.7764486593585002,0.22355134064149984,9.027305478130786e-05,43.0,strong_linear,five_fold_perturbation_label_OOF,0,0,1.1473464195091783,1.0772312413471,1.1264852011067512
frangieh_melanoma_coculture,env__v~frangiehizar2021%5Frna__v~patient-derived%5Fmelanoma__v~rna__v~co-culture,FrangiehIzar2021_RNA,Co-culture,perturbation_2,TMEM173,3,"0,1,2",0.6580795406379042,0.8926976449789003,0.10730235502109975,1.648124563520326e-05,217.0,strong_linear,five_fold_perturbation_label_OOF,0,0,0.6675041264627533,0.656384202929837,0.7553696840428348
frangieh_melanoma_coculture,env__v~frangiehizar2021%5Frna__v~patient-derived%5Fmelanoma__v~rna__v~co-culture,FrangiehIzar2021_RNA,Co-culture,perturbation_2,TOP1MT,2,"0,1,2",0.908621101126879,0.8401107418723242,0.15988925812767585,3.4390001399077646e-05,189.0,strong_linear,five_fold_perturbation_label_OOF,0,0,0.8594431433661955,0.9440109952202743,0.9637441111044862
frangieh_melanoma_coculture,env__v~frangiehizar2021%5Frna__v~patient-derived%5Fmelanoma__v~rna__v~co-culture,FrangiehIzar2021_RNA,Co-culture,perturbation_2,TP53,3,"0,1,2",0.6788123868410774,0.8980421484885169,0.10195785151148307,1.3976867833493137e-05,191.0,strong_linear,five_fold_perturbation_label_OOF,0,0,0.7449692226364353,0.612682181835704,0.7711886803261669
frangieh_melanoma_coculture,env__v~frangiehizar2021%5Frna__v~patient-derived%5Fmelanoma__v~rna__v~co-culture,FrangiehIzar2021_RNA,Co-culture,perturbation_2,TPP1,1,"0,1,2",0.8519208111348437,0.9424688184626572,0.057531181537342824,1.0851575063116e-05,206.0,strong_linear,five_fold_perturbation_label_OOF,0,0,0.8523190765323684,0.8691313798097742,0.859811294355678
frangieh_melanoma_coculture,env__v~frangiehizar2021%5Frna__v~patient-derived%5Fmelanoma__v~rna__v~co-culture,FrangiehIzar2021_RNA,Co-culture,perturbation_2,TPRKB,4,"0,1,2",1.085829201958725,0.7601512405854338,0.23984875941456618,9.822582993795952e-05,74.0,strong_linear,five_fold_perturbation_label_OOF,0,0,0.8774239845533226,1.0811936204315307,1.2311146533407287
frangieh_melanoma_coculture,env__v~frangiehizar2021%5Frna__v~patient-derived%5Fmelanoma__v~rna__v~co-culture,FrangiehIzar2021_RNA,Co-culture,perturbation_2,TRIM22,4,"0,1,2",0.8167435118342965,0.8976484933700655,0.10235150662993453,1.8536673043372154e-05,161.0,strong_linear,five_fold_perturbation_label_OOF,0,0,0.8348558378435136,0.8297362697749007,0.8420420995060042
frangieh_melanoma_coculture,env__v~frangiehizar2021%5Frna__v~patient-derived%5Fmelanoma__v~rna__v~co-culture,FrangiehIzar2021_RNA,Co-culture,perturbation_2,TSC22D3,2,"0,1,2",0.756908230651752,0.9298334710511011,0.07016652894889885,1.15288177340127e-05,257.0,strong_linear,five_fold_perturbation_label_OOF,0,0,0.774562216327427,0.7899325791141975,0.7589885859236307
frangieh_melanoma_coculture,env__v~frangiehizar2021%5Frna__v~patient-derived%5Fmelanoma__v~rna__v~co-culture,FrangiehIzar2021_RNA,Co-culture,perturbation_2,TTLL1,3,"0,1,2",0.7221170654920446,0.9356155616167521,0.06438443838324792,9.885866343649485e-06,233.0,strong_linear,five_fold_perturbation_label_OOF,0,0,0.7480238362288434,0.7013923829236706,0.7648799973952103
frangieh_melanoma_coculture,env__v~frangiehizar2021%5Frna__v~patient-derived%5Fmelanoma__v~rna__v~co-culture,FrangiehIzar2021_RNA,Co-culture,perturbation_2,TXNDC17,4,"0,1,2",0.9524681076544091,0.7857492359843349,0.21425076401566512,0.00010393399290731356,144.0,strong_linear,five_fold_perturbation_label_OOF,0,0,0.9373327882246234,0.9626010289496221,0.9919611293269637
frangieh_melanoma_coculture,env__v~frangiehizar2021%5Frna__v~patient-derived%5Fmelanoma__v~rna__v~co-culture,FrangiehIzar2021_RNA,Co-culture,perturbation_2,TYR,4,"0,1,2",0.7734409490209866,0.9575219428605863,0.04247805713941366,6.155789954708111e-06,255.0,strong_linear,five_fold_perturbation_label_OOF,0,0,0.772264144066974,0.7962838603784053,0.7801362832993661
frangieh_melanoma_coculture,env__v~frangiehizar2021%5Frna__v~patient-derived%5Fmelanoma__v~rna__v~co-culture,FrangiehIzar2021_RNA,Co-culture,perturbation_2,UBA52,3,"0,1,2",1.0230674658492054,0.7711112083272343,0.22888879167276566,0.0002964395891247435,15.0,strong_linear,five_fold_perturbation_label_OOF,0,0,0.9931093349213732,1.0427654928252954,1.0207861741423137
frangieh_melanoma_coculture,env__v~frangiehizar2021%5Frna__v~patient-derived%5Fmelanoma__v~rna__v~co-culture,FrangiehIzar2021_RNA,Co-culture,perturbation_2,UBC,0,"0,1,2",0.9400977732023557,0.7121218418375861,0.2878781581624139,0.00022263352935120438,75.0,strong_linear,five_fold_perturbation_label_OOF,0,0,0.9423190813749162,0.9815799363910264,0.9482465278296894
frangieh_melanoma_coculture,env__v~frangiehizar2021%5Frna__v~patient-derived%5Fmelanoma__v~rna__v~co-culture,FrangiehIzar2021_RNA,Co-culture,perturbation_2,UCN2,2,"0,1,2",0.6835699233502701,0.9508438107404453,0.04915618925955467,6.7750184907668065e-06,170.0,strong_linear,five_fold_perturbation_label_OOF,0,0,0.6908493191542296,0.6904919040845834,0.7162063051079803
frangieh_melanoma_coculture,env__v~frangiehizar2021%5Frna__v~patient-derived%5Fmelanoma__v~rna__v~co-culture,FrangiehIzar2021_RNA,Co-culture,perturbation_2,UQCRFS1,0,"0,1,2",1.0125953639857062,0.7524358226144482,0.2475641773855518,0.00018321783336825267,108.0,strong_linear,five_fold_perturbation_label_OOF,0,0,0.9769425288804328,1.0462094311567367,0.9880831585616873
frangieh_melanoma_coculture,env__v~frangiehizar2021%5Frna__v~patient-derived%5Fmelanoma__v~rna__v~co-culture,FrangiehIzar2021_RNA,Co-culture,perturbation_2,UQCRH,3,"0,1,2",0.8873733462800427,0.8184186303673657,0.18158136963263427,0.00012652453109494773,75.0,strong_linear,five_fold_perturbation_label_OOF,0,0,0.9392309043692382,0.883462730350333,0.8956819978836483
frangieh_melanoma_coculture,env__v~frangiehizar2021%5Frna__v~patient-derived%5Fmelanoma__v~rna__v~co-culture,FrangiehIzar2021_RNA,Co-culture,perturbation_2,VAT1,1,"0,1,2",0.9414388344576861,0.6863126913479899,0.3136873086520101,8.693381543730145e-05,154.0,strong_linear,five_fold_perturbation_label_OOF,0,0,0.9593452775189615,0.9645686282594057,0.9443244620150578
frangieh_melanoma_coculture,env__v~frangiehizar2021%5Frna__v~patient-derived%5Fmelanoma__v~rna__v~co-culture,FrangiehIzar2021_RNA,Co-culture,perturbation_2,VDAC2,1,"0,1,2",0.7798406554600152,0.7684489100215375,0.23155108997846252,5.1360038138244566e-05,235.0,strong_linear,five_fold_perturbation_label_OOF,0,0,0.8235755403044305,0.8434675493528938,0.8245007297366054
frangieh_melanoma_coculture,env__v~frangiehizar2021%5Frna__v~patient-derived%5Fmelanoma__v~rna__v~co-culture,FrangiehIzar2021_RNA,Co-culture,perturbation_2,WBP2,0,"0,1,2",0.8145419421418302,0.7198961048274607,0.2801038951725393,7.70900945863021e-05,225.0,strong_linear,five_fold_perturbation_label_OOF,0,0,0.7748641335570783,0.8263775251287061,1.005314334900835
frangieh_melanoma_coculture,env__v~frangiehizar2021%5Frna__v~patient-derived%5Fmelanoma__v~rna__v~co-culture,FrangiehIzar2021_RNA,Co-culture,perturbation_2,WNT7A,2,"0,1,2",0.85303660261894,0.9614975928232087,0.03850240717679132,5.435943412079918e-06,189.0,strong_linear,five_fold_perturbation_label_OOF,0,0,0.8534777768038141,0.854368617570501,0.8680610718794437
frangieh_melanoma_coculture,env__v~frangiehizar2021%5Frna__v~patient-derived%5Fmelanoma__v~rna__v~co-culture,FrangiehIzar2021_RNA,Co-culture,perturbation_2,XAGE1A,0,"0,1,2",0.770793451270864,0.9538969125459341,0.04610308745406588,6.507086811846301e-06,141.0,strong_linear,five_fold_perturbation_label_OOF,0,0,0.7681054862233512,0.7991171816248752,0.7782599777837007
frangieh_melanoma_control,env__v~frangiehizar2021%5Frna__v~patient-derived%5Fmelanoma__v~rna__v~control,FrangiehIzar2021_RNA,Control,perturbation_2,A2M,0,"0,1,2",0.695474387616834,0.9786820772059723,0.021317922794027666,7.557308784713401e-06,374.0,strong_linear,five_fold_perturbation_label_OOF,0,0,0.7098606523663897,0.6907855155063403,0.7059435544758852
frangieh_melanoma_control,env__v~frangiehizar2021%5Frna__v~patient-derived%5Fmelanoma__v~rna__v~control,FrangiehIzar2021_RNA,Control,perturbation_2,ACSL3,3,"0,1,2",1.030402016404048,0.7763405404302807,0.22365945956971933,0.00011865074937916877,183.0,strong_linear,five_fold_perturbation_label_OOF,0,0,1.078645025056344,1.0546021628301085,0.9398900038360328
frangieh_melanoma_control,env__v~frangiehizar2021%5Frna__v~patient-derived%5Fmelanoma__v~rna__v~control,FrangiehIzar2021_RNA,Control,perturbation_2,ACTA2,0,"0,1,2",0.5455296344333287,0.974695503763345,0.025304496236654983,9.418011861865828e-06,407.0,strong_linear,five_fold_perturbation_label_OOF,0,0,0.5730609424033162,0.539574326414497,0.560835053474306
frangieh_melanoma_control,env__v~frangiehizar2021%5Frna__v~patient-derived%5Fmelanoma__v~rna__v~control,FrangiehIzar2021_RNA,Control,perturbation_2,AEBP1,0,"0,1,2",0.6001235198370816,0.9294010348102905,0.07059896518970954,3.4960641303641577e-05,387.0,strong_linear,five_fold_perturbation_label_OOF,0,0,0.6482115945735917,0.6101515160130213,0.6306206173553387
frangieh_melanoma_control,env__v~frangiehizar2021%5Frna__v~patient-derived%5Fmelanoma__v~rna__v~control,FrangiehIzar2021_RNA,Control,perturbation_2,AGA,0,"0,1,2",0.7423953989789284,0.9328260722948486,0.0671739277051514,2.8470124356338636e-05,318.0,strong_linear,five_fold_perturbation_label_OOF,0,0,0.772996135351598,0.7182315189491898,0.7877393433591844
frangieh_melanoma_control,env__v~frangiehizar2021%5Frna__v~patient-derived%5Fmelanoma__v~rna__v~control,FrangiehIzar2021_RNA,Control,perturbation_2,AHCY,0,"0,1,2",1.1956403617709297,0.8116119858203805,0.18838801417961948,0.00014043478872055227,33.0,strong_linear,five_fold_perturbation_label_OOF,0,0,1.1825126944461963,1.1487618413247485,1.142486366135643
frangieh_melanoma_control,env__v~frangiehizar2021%5Frna__v~patient-derived%5Fmelanoma__v~rna__v~control,FrangiehIzar2021_RNA,Control,perturbation_2,AHNAK,4,"0,1,2",0.6592344835803465,0.8459792046941564,0.15402079530584356,0.0001511661268206147,320.0,strong_linear,five_fold_perturbation_label_OOF,0,0,0.678971411543459,0.8186430039961099,0.6591179451075265
frangieh_melanoma_control,env__v~frangiehizar2021%5Frna__v~patient-derived%5Fmelanoma__v~rna__v~control,FrangiehIzar2021_RNA,Control,perturbation_2,APOC2,3,"0,1,2",0.5210522517407854,0.9808900016581732,0.019109998341826806,7.166415343845422e-06,323.0,strong_linear,five_fold_perturbation_label_OOF,0,0,0.5206765436055567,0.5187070746310682,0.5510200930318768
frangieh_melanoma_control,env__v~frangiehizar2021%5Frna__v~patient-derived%5Fmelanoma__v~rna__v~control,FrangiehIzar2021_RNA,Control,perturbation_2,APOD,1,"0,1,2",0.87009430009594,0.9826268525029626,0.017373147497037444,6.287873707289435e-06,304.0,strong_linear,five_fold_perturbation_label_OOF,0,0,0.871039020454354,0.8775708085700181,0.8685809239478786
frangieh_melanoma_control,env__v~frangiehizar2021%5Frna__v~patient-derived%5Fmelanoma__v~rna__v~control,FrangiehIzar2021_RNA,Control,perturbation_2,APOE,1,"0,1,2",0.6695774343954559,0.9221779676981349,0.07782203230186513,2.962093238663979e-05,317.0,strong_linear,five_fold_perturbation_label_OOF,0,0,0.6590009289037804,0.7572620954372751,0.6778056372205428
frangieh_melanoma_control,env__v~frangiehizar2021%5Frna__v~patient-derived%5Fmelanoma__v~rna__v~control,FrangiehIzar2021_RNA,Control,perturbation_2,ARMC6,1,"0,1,2",0.6323766219882373,0.957219079016239,0.04278092098376096,1.8153878156955465e-05,250.0,strong_linear,five_fold_perturbation_label_OOF,0,0,0.6584258635967388,0.6196916717633545,0.668670524484222
frangieh_melanoma_control,env__v~frangiehizar2021%5Frna__v~patient-derived%5Fmelanoma__v~rna__v~control,FrangiehIzar2021_RNA,Control,perturbation_2,ATP1A1,3,"0,1,2",0.9139230252967334,0.7484055468134133,0.2515944531865867,0.0001247392320572687,10.0,strong_linear,five_fold_perturbation_label_OOF,0,0,0.8570492551707016,0.921813190313511,1.012076289302282
frangieh_melanoma_control,env__v~frangiehizar2021%5Frna__v~patient-derived%5Fmelanoma__v~rna__v~control,FrangiehIzar2021_RNA,Control,perturbation_2,ATP1B1,4,"0,1,2",0.5523731927520275,0.8552546453465474,0.14474535465345262,8.895084479615037e-05,343.0,strong_linear,five_fold_perturbation_label_OOF,0,0,0.660950888963802,0.6481739381152856,0.5534500435065731
frangieh_melanoma_control,env__v~frangiehizar2021%5Frna__v~patient-derived%5Fmelanoma__v~rna__v~control,FrangiehIzar2021_RNA,Control,perturbation_2,ATP5MD,4,"0,1,2",0.6118433790865927,0.8872786557542757,0.11272134424572433,5.899019822773041e-05,151.0,strong_linear,five_fold_perturbation_label_OOF,0,0,0.6102720618345256,0.6612818351274953,0.7008893427952244
frangieh_melanoma_control,env__v~frangiehizar2021%5Frna__v~patient-derived%5Fmelanoma__v~rna__v~control,FrangiehIzar2021_RNA,Control,perturbation_2,B2M,1,"0,1,2",0.867038445706225,0.8564150083309251,0.1435849916690749,9.880392968283008e-05,367.0,strong_linear,five_fold_perturbation_label_OOF,0,0,0.8538386805383626,0.9794269718765359,0.8004633796363232
frangieh_melanoma_control,env__v~frangiehizar2021%5Frna__v~patient-derived%5Fmelanoma__v~rna__v~control,FrangiehIzar2021_RNA,Control,perturbation_2,BOLA2,3,"0,1,2",0.7843101522664123,0.9812220998296377,0.018777900170362294,7.2404734390516574e-06,171.0,strong_linear,five_fold_perturbation_label_OOF,0,0,0.7904887011698293,0.7761303761912727,0.7978662511196783
frangieh_melanoma_control,env__v~frangiehizar2021%5Frna__v~patient-derived%5Fmelanoma__v~rna__v~control,FrangiehIzar2021_RNA,Control,perturbation_2,BOLA2B,0,"0,1,2",0.8688239455774978,0.9741903329704208,0.02580966702957921,1.1995038052634197e-05,203.0,strong_linear,five_fold_perturbation_label_OOF,0,0,0.8716155670599541,0.8769847053917301,0.8672438107513193
frangieh_melanoma_control,env__v~frangiehizar2021%5Frna__v~patient-derived%5Fmelanoma__v~rna__v~control,FrangiehIzar2021_RNA,Control,perturbation_2,BZW2,0,"0,1,2",0.8188619834701767,0.8115129127841322,0.18848708721586782,8.911862104821979e-05,280.0,strong_linear,five_fold_perturbation_label_OOF,0,0,0.8650906279105314,0.8803281385761987,0.8163849956084135
frangieh_melanoma_control,env__v~frangiehizar2021%5Frna__v~patient-derived%5Fmelanoma__v~rna__v~control,FrangiehIzar2021_RNA,Control,perturbation_2,C19orf48,3,"0,1,2",0.7430257411915655,0.9029936275769432,0.09700637242305676,7.00651769953078e-05,303.0,strong_linear,five_fold_perturbation_label_OOF,0,0,0.7726686642002061,0.7494935971117012,0.7786890923679044
frangieh_melanoma_control,env__v~frangiehizar2021%5Frna__v~patient-derived%5Fmelanoma__v~rna__v~control,FrangiehIzar2021_RNA,Control,perturbation_2,C1QBP,1,"0,1,2",0.6934158139050599,0.8484839753961189,0.15151602460388114,8.937898271788158e-05,177.0,strong_linear,five_fold_perturbation_label_OOF,0,0,0.7982590042264436,0.6901388445997119,0.7447358271489669
frangieh_melanoma_control,env__v~frangiehizar2021%5Frna__v~patient-derived%5Fmelanoma__v~rna__v~control,FrangiehIzar2021_RNA,Control,perturbation_2,C6orf226,1,"0,1,2",0.5843625942901585,0.9322975108920263,0.06770248910797372,2.5846088353358795e-05,273.0,strong_linear,five_fold_perturbation_label_OOF,0,0,0.5751966436893552,0.6484510354677466,0.6164611600350078
frangieh_melanoma_control,env__v~frangiehizar2021%5Frna__v~patient-derived%5Fmelanoma__v~rna__v~control,FrangiehIzar2021_RNA,Control,perturbation_2,CCND1,2,"0,1,2",0.9330833075381577,0.7118491976130058,0.2881508023869942,0.00033350809746822353,201.0,strong_linear,five_fold_perturbation_label_OOF,0,0,1.0092082601464871,1.0102820465309614,0.8853636414933953
frangieh_melanoma_control,env__v~frangiehizar2021%5Frna__v~patient-derived%5Fmelanoma__v~rna__v~control,FrangiehIzar2021_RNA,Control,perturbation_2,CCND2,3,"0,1,2",0.6477828472966818,0.9811844225855828,0.018815577414417195,7.1211538671744025e-06,278.0,strong_linear,five_fold_perturbation_label_OOF,0,0,0.6393511211665303,0.651014761163354,0.6729008319822398
frangieh_melanoma_control,env__v~frangiehizar2021%5Frna__v~patient-derived%5Fmelanoma__v~rna__v~control,FrangiehIzar2021_RNA,Control,perturbation_2,CCR10,2,"0,1,2",0.5972720742837361,0.9795433790283057,0.020456620971694317,8.362584860491096e-06,264.0,strong_linear,five_fold_perturbation_label_OOF,0,0,0.6042994207325731,0.5996545091776537,0.6118221406076314
frangieh_melanoma_control,env__v~frangiehizar2021%5Frna__v~patient-derived%5Fmelanoma__v~rna__v~control,FrangiehIzar2021_RNA,Control,perturbation_2,CCT3,2,"0,1,2",0.9238503686762962,0.854799147716522,0.145200852283478,8.598590308401679e-05,52.0,strong_linear,five_fold_perturbation_label_OOF,0,0,0.9157477240072678,0.9447607583015766,0.9420214768416151
frangieh_melanoma_control,env__v~frangiehizar2021%5Frna__v~patient-derived%5Fmelanoma__v~rna__v~control,FrangiehIzar2021_RNA,Control,perturbation_2,CCT6A,2,"0,1,2",0.9514144798813612,0.8757629298687779,0.1242370701312221,0.00017409785639371854,14.0,strong_linear,five_fold_perturbation_label_OOF,0,0,0.9527160601165614,0.9352450214636825,0.968917100302019
frangieh_melanoma_control,env__v~frangiehizar2021%5Frna__v~patient-derived%5Fmelanoma__v~rna__v~control,FrangiehIzar2021_RNA,Control,perturbation_2,CD151,4,"0,1,2",0.6207658394178278,0.7846584010854567,0.2153415989145433,0.00019819685572006069,282.0,strong_linear,five_fold_perturbation_label_OOF,0,0,0.589411397869293,0.6635783134962213,0.8731681623075592
frangieh_melanoma_control,env__v~frangiehizar2021%5Frna__v~patient-derived%5Fmelanoma__v~rna__v~control,FrangiehIzar2021_RNA,Control,perturbation_2,CD274,1,"0,1,2",0.5959581777207955,0.9335011059776049,0.06649889402239506,2.3081167901380453e-05,338.0,strong_linear,five_fold_perturbation_label_OOF,0,0,0.6454949629756828,0.625640044622982,0.6001544528367374
frangieh_melanoma_control,env__v~frangiehizar2021%5Frna__v~patient-derived%5Fmelanoma__v~rna__v~control,FrangiehIzar2021_RNA,Control,perturbation_2,CD44,1,"0,1,2",0.6232668688190447,0.8580050533252201,0.14199494667477985,7.869550882820245e-05,339.0,strong_linear,five_fold_perturbation_label_OOF,0,0,0.7609113405511327,0.6166466733302953,0.6514665444788714
frangieh_melanoma_control,env__v~frangiehizar2021%5Frna__v~patient-derived%5Fmelanoma__v~rna__v~control,FrangiehIzar2021_RNA,Control,perturbation_2,CD47,4,"0,1,2",0.7168060664965619,0.8756076552690608,0.12439234473093919,6.123977566261948e-05,302.0,strong_linear,five_fold_perturbation_label_OOF,0,0,0.722816984031055,0.7655005770778849,0.7685546113763471
frangieh_melanoma_control,env__v~frangiehizar2021%5Frna__v~patient-derived%5Fmelanoma__v~rna__v~control,FrangiehIzar2021_RNA,Control,perturbation_2,CD58,0,"0,1,2",0.46397352122136604,0.9534348044784883,0.046565195521511726,2.4908989311783027e-05,288.0,strong_linear,five_fold_perturbation_label_OOF,0,0,0.514790188698762,0.45206870776659314,0.49833483666129996
frangieh_melanoma_control,env__v~frangiehizar2021%5Frna__v~patient-derived%5Fmelanoma__v~rna__v~control,FrangiehIzar2021_RNA,Control,perturbation_2,CD59,2,"0,1,2",0.5841532836435785,0.8437137226718052,0.15628627732819478,0.0003835583300976728,318.0,strong_linear,five_fold_perturbation_label_OOF,0,0,0.6888154747516404,0.5948673681140466,0.6299099586683177
frangieh_melanoma_control,env__v~frangiehizar2021%5Frna__v~patient-derived%5Fmelanoma__v~rna__v~control,FrangiehIzar2021_RNA,Control,perturbation_2,CD63,4,"0,1,2",0.7856890429393968,0.7732667209344483,0.22673327906555174,0.00015010973178730664,220.0,strong_linear,five_fold_perturbation_label_OOF,0,0,0.7883148334538604,0.8680315931608406,0.8464230981633605
frangieh_melanoma_control,env__v~frangiehizar2021%5Frna__v~patient-derived%5Fmelanoma__v~rna__v~control,FrangiehIzar2021_RNA,Control,perturbation_2,CDC123,4,"0,1,2",0.8109927753550772,0.8524232372674193,0.1475767627325807,8.015815073250235e-05,88.0,strong_linear,five_fold_perturbation_label_OOF,0,0,0.8410587946606457,0.8000478577675887,0.8614470246463729
frangieh_melanoma_control,env__v~frangiehizar2021%5Frna__v~patient-derived%5Fmelanoma__v~rna__v~control,FrangiehIzar2021_RNA,Control,perturbation_2,CDH19,3,"0,1,2",0.5598205496736681,0.9812102532542188,0.018789746745781155,7.111556204076357e-06,335.0,strong_linear,five_fold_perturbation_label_OOF,0,0,0.5622673434409464,0.5535880985610627,0.5879709531222888
frangieh_melanoma_control,env__v~frangiehizar2021%5Frna__v~patient-derived%5Fmelanoma__v~rna__v~control,FrangiehIzar2021_RNA,Control,perturbation_2,CDK4,1,"0,1,2",0.8416111649206022,0.9467327419755674,0.05326725802443255,2.0640852230525515e-05,240.0,strong_linear,five_fold_perturbation_label_OOF,0,0,0.8344229528729015,0.8571282040261285,0.8583613466483186
frangieh_melanoma_control,env__v~frangiehizar2021%5Frna__v~patient-derived%5Fmelanoma__v~rna__v~control,FrangiehIzar2021_RNA,Control,perturbation_2,CDK6,0,"0,1,2",0.9285080335484118,0.7826020422441194,0.21739795775588056,0.0001235718333829139,110.0,strong_linear,five_fold_perturbation_label_OOF,0,0,0.9770199875999038,0.9612707725425135,0.8683281753685133
frangieh_melanoma_control,env__v~frangiehizar2021%5Frna__v~patient-derived%5Fmelanoma__v~rna__v~control,FrangiehIzar2021_RNA,Control,perturbation_2,CDKN1A,3,"0,1,2",0.4531160569886411,0.928923130548115,0.07107686945188496,3.0674861139875856e-05,296.0,strong_linear,five_fold_perturbation_label_OOF,0,0,0.5335523122888006,0.5195101603126165,0.43284887097813807
frangieh_melanoma_control,env__v~frangiehizar2021%5Frna__v~patient-derived%5Fmelanoma__v~rna__v~control,FrangiehIzar2021_RNA,Control,perturbation_2,CDKN2A,1,"0,1,2",0.6298349042874163,0.8647445184754363,0.13525548152456368,0.00015430793972404347,224.0,strong_linear,five_fold_perturbation_label_OOF,0,0,0.6695168620373553,0.6731856452283674,0.6980349738131546
frangieh_melanoma_control,env__v~frangiehizar2021%5Frna__v~patient-derived%5Fmelanoma__v~rna__v~control,FrangiehIzar2021_RNA,Control,perturbation_2,CDKN2B,0,"0,1,2",0.600933087165785,0.9507790828149759,0.04922091718502408,4.0333817014560533e-05,255.0,strong_linear,five_fold_perturbation_label_OOF,0,0,0.6544623030376033,0.6157618331376404,0.58121929922866
frangieh_melanoma_control,env__v~frangiehizar2021%5Frna__v~patient-derived%5Fmelanoma__v~rna__v~control,FrangiehIzar2021_RNA,Control,perturbation_2,CGAS,1,"0,1,2",0.6140914892091496,0.9556943858537799,0.04430561414622014,1.765892101101633e-05,195.0,strong_linear,five_fold_perturbation_label_OOF,0,0,0.6521131385938235,0.6132687194808297,0.6259004701332636
frangieh_melanoma_control,env__v~frangiehizar2021%5Frna__v~patient-derived%5Fmelanoma__v~rna__v~control,FrangiehIzar2021_RNA,Control,perturbation_2,CHCHD2,2,"0,1,2",0.5964650760891044,0.9100200088141857,0.08997999118581435,9.576976774038754e-05,255.0,strong_linear,five_fold_perturbation_label_OOF,0,0,0.6495740607965177,0.5953695797486842,0.6429317524531267
frangieh_melanoma_control,env__v~frangiehizar2021%5Frna__v~patient-derived%5Fmelanoma__v~rna__v~control,FrangiehIzar2021_RNA,Control,perturbation_2,CITED1,0,"0,1,2",0.4904152849102853,0.978826267316676,0.02117373268332401,7.676053399259067e-06,340.0,strong_linear,five_fold_perturbation_label_OOF,0,0,0.5319290695389952,0.48871213497135757,0.48404924978695396
frangieh_melanoma_control,env__v~frangiehizar2021%5Frna__v~patient-derived%5Fmelanoma__v~rna__v~control,FrangiehIzar2021_RNA,Control,perturbation_2,CKS1B,4,"0,1,2",0.8628711159242446,0.7223123506989517,0.2776876493010483,0.0003724600602546157,264.0,strong_linear,five_fold_perturbation_label_OOF,0,0,0.9220242403439141,0.8711469183033118,0.8998825169200134
frangieh_melanoma_control,env__v~frangiehizar2021%5Frna__v~patient-derived%5Fmelanoma__v~rna__v~control,FrangiehIzar2021_RNA,Control,perturbation_2,CMSS1,2,"0,1,2",0.6513597587370059,0.90792570443394,0.09207429556605995,5.3297656939920534e-05,257.0,strong_linear,five_fold_perturbation_label_OOF,0,0,0.7320989741264795,0.6547282610774516,0.6542915596877474
frangieh_melanoma_control,env__v~frangiehizar2021%5Frna__v~patient-derived%5Fmelanoma__v~rna__v~control,FrangiehIzar2021_RNA,Control,perturbation_2,CORO1A,4,"0,1,2",0.6959086723141394,0.9689606620130552,0.031039337986944804,9.13491935805233e-06,264.0,strong_linear,five_fold_perturbation_label_OOF,0,0,0.6913945109460645,0.6989990921611637,0.725986115368225
frangieh_melanoma_control,env__v~frangiehizar2021%5Frna__v~patient-derived%5Fmelanoma__v~rna__v~control,FrangiehIzar2021_RNA,Control,perturbation_2,CSPG4,3,"0,1,2",0.5875653733020483,0.980809768409213,0.019190231590787032,7.308869294381311e-06,329.0,strong_linear,five_fold_perturbation_label_OOF,0,0,0.5899916582844629,0.5880883891705349,0.6081358907181627
frangieh_melanoma_control,env__v~frangiehizar2021%5Frna__v~patient-derived%5Fmelanoma__v~rna__v~control,FrangiehIzar2021_RNA,Control,perturbation_2,CST3,3,"0,1,2",0.7436370455629222,0.8797324474952356,0.1202675525047644,0.00014886220106025464,195.0,strong_linear,five_fold_perturbation_label_OOF,0,0,0.8058259466107346,0.7796341235783303,0.7357115363661739
frangieh_melanoma_control,env__v~frangiehizar2021%5Frna__v~patient-derived%5Fmelanoma__v~rna__v~control,FrangiehIzar2021_RNA,Control,perturbation_2,CTPS1,0,"0,1,2",1.0978031882976662,0.6897898336630476,0.3102101663369524,0.0003049431745990769,115.0,strong_linear,five_fold_perturbation_label_OOF,0,0,1.0584759429423078,1.127111168710306,1.0040546713001381
frangieh_melanoma_control,env__v~frangiehizar2021%5Frna__v~patient-derived%5Fmelanoma__v~rna__v~control,FrangiehIzar2021_RNA,Control,perturbation_2,CTSA,3,"0,1,2",0.7252126974515134,0.7774341635600553,0.22256583643994465,0.00012709325235645965,284.0,strong_linear,five_fold_perturbation_label_OOF,0,0,0.7687046247485149,0.8214354587195601,0.7367056229978884
frangieh_melanoma_control,env__v~frangiehizar2021%5Frna__v~patient-derived%5Fmelanoma__v~rna__v~control,FrangiehIzar2021_RNA,Control,perturbation_2,CTSB,1,"0,1,2",0.7117471197705758,0.8373852351266305,0.16261476487336946,0.00010514943720876574,282.0,strong_linear,five_fold_perturbation_label_OOF,0,0,0.7650697129979911,0.7638137878478358,0.7395954241133074
frangieh_melanoma_control,env__v~frangiehizar2021%5Frna__v~patient-derived%5Fmelanoma__v~rna__v~control,FrangiehIzar2021_RNA,Control,perturbation_2,CTSD,2,"0,1,2",0.5900190955360901,0.7374152562293271,0.26258474377067287,0.00018288754620855778,330.0,strong_linear,five_fold_perturbation_label_OOF,0,0,0.5154659622498041,0.6244643044299687,0.9630614410341605
frangieh_melanoma_control,env__v~frangiehizar2021%5Frna__v~patient-derived%5Fmelanoma__v~rna__v~control,FrangiehIzar2021_RNA,Control,perturbation_2,CTSL,3,"0,1,2",0.8763338809316379,0.769331245652164,0.23066875434783596,0.00011404367249256727,270.0,strong_linear,five_fold_perturbation_label_OOF,0,0,0.8328046275865311,0.8449894886757368,1.022129540476347
frangieh_melanoma_control,env__v~frangiehizar2021%5Frna__v~patient-derived%5Fmelanoma__v~rna__v~control,FrangiehIzar2021_RNA,Control,perturbation_2,CTSO,2,"0,1,2",0.6245396917488092,0.969576336786984,0.03042366321301604,1.0846214447369375e-05,299.0,strong_linear,five_fold_perturbation_label_OOF,0,0,0.6609921702172585,0.6300269573633163,0.6169918240446532
frangieh_melanoma_control,env__v~frangiehizar2021%5Frna__v~patient-derived%5Fmelanoma__v~rna__v~control,FrangiehIzar2021_RNA,Control,perturbation_2,CXCR4,0,"0,1,2",0.5270329470095498,0.9786444500078081,0.021355549992191913,7.592767208382768e-06,204.0,strong_linear,five_fold_perturbation_label_OOF,0,0,0.5645333446710361,0.5241487216739928,0.5240462538108059
frangieh_melanoma_control,env__v~frangiehizar2021%5Frna__v~patient-derived%5Fmelanoma__v~rna__v~control,FrangiehIzar2021_RNA,Control,perturbation_2,CYP27A1,1,"0,1,2",0.540919283532652,0.978145220226608,0.021854779773392008,8.451509465489682e-06,279.0,strong_linear,five_fold_perturbation_label_OOF,0,0,0.5424111324098626,0.5550364920858415,0.5554301423393542
frangieh_melanoma_control,env__v~frangiehizar2021%5Frna__v~patient-derived%5Fmelanoma__v~rna__v~control,FrangiehIzar2021_RNA,Control,perturbation_2,DAG1,3,"0,1,2",0.706616838926321,0.9507938354759449,0.04920616452405513,1.8424105371037994e-05,246.0,strong_linear,five_fold_perturbation_label_OOF,0,0,0.6981557692870739,0.74095125592965,0.7224990789983085
frangieh_melanoma_control,env__v~frangiehizar2021%5Frna__v~patient-derived%5Fmelanoma__v~rna__v~control,FrangiehIzar2021_RNA,Control,perturbation_2,DDR1,1,"0,1,2",0.743604758555382,0.9273597930519951,0.07264020694800488,3.630724626348282e-05,210.0,strong_linear,five_fold_perturbation_label_OOF,0,0,0.7783515751546664,0.7138920790339499,0.8065988600980631
frangieh_melanoma_control,env__v~frangiehizar2021%5Frna__v~patient-derived%5Fmelanoma__v~rna__v~control,FrangiehIzar2021_RNA,Control,perturbation_2,DDX17,2,"0,1,2",0.639873306306849,0.8529917190675067,0.1470082809324933,0.0002691820689531068,222.0,strong_linear,five_fold_perturbation_label_OOF,0,0,0.7379893511623363,0.6611965733334957,0.6713160646765541
frangieh_melanoma_control,env__v~frangiehizar2021%5Frna__v~patient-derived%5Fmelanoma__v~rna__v~control,FrangiehIzar2021_RNA,Control,perturbation_2,DDX39A,0,"0,1,2",0.6883945182530076,0.9005408327855577,0.09945916721444226,6.692049171289045e-05,157.0,strong_linear,five_fold_perturbation_label_OOF,0,0,0.7080907196269649,0.7184053456968199,0.7307433769049723
frangieh_melanoma_control,env__v~frangiehizar2021%5Frna__v~patient-derived%5Fmelanoma__v~rna__v~control,FrangiehIzar2021_RNA,Control,perturbation_2,DLL3,0,"0,1,2",0.5924723150379051,0.8609879643384467,0.1390120356615533,5.617099292397968e-05,247.0,strong_linear,five_fold_perturbation_label_OOF,0,0,0.7407424608567861,0.6178167590731674,0.570052832117347
frangieh_melanoma_control,env__v~frangiehizar2021%5Frna__v~patient-derived%5Fmelanoma__v~rna__v~control,FrangiehIzar2021_RNA,Control,perturbation_2,DNAJC9,2,"0,1,2",1.0081033775866548,0.9100334691130278,0.08996653088697215,4.5112511937858104e-05,17.0,strong_linear,five_fold_perturbation_label_OOF,0,0,1.0012800476313366,1.0031872682412935,1.017093895174491
frangieh_melanoma_control,env__v~frangiehizar2021%5Frna__v~patient-derived%5Fmelanoma__v~rna__v~control,FrangiehIzar2021_RNA,Control,perturbation_2,DNMT1,1,"0,1,2",0.9431738635989715,0.8656146074489145,0.1343853925510855,0.00012882947452761965,84.0,strong_linear,five_fold_perturbation_label_OOF,0,0,0.9588657664000104,0.9551504604233875,0.937906128296758
frangieh_melanoma_control,env__v~frangiehizar2021%5Frna__v~patient-derived%5Fmelanoma__v~rna__v~control,FrangiehIzar2021_RNA,Control,perturbation_2,E2F1,0,"0,1,2",0.839468646610809,0.9656775379897157,0.03432246201028433,1.5462911382955644e-05,167.0,strong_linear,five_fold_perturbation_label_OOF,0,0,0.8444987930941824,0.8530165537587,0.8366651397078197
frangieh_melanoma_control,env__v~frangiehizar2021%5Frna__v~patient-derived%5Fmelanoma__v~rna__v~control,FrangiehIzar2021_RNA,Control,perturbation_2,EEA1,1,"0,1,2",0.637685323028276,0.912654020814868,0.08734597918513198,5.7200258055748904e-05,183.0,strong_linear,five_fold_perturbation_label_OOF,0,0,0.6766624710232685,0.6581760861019867,0.6726881608598716
frangieh_melanoma_control,env__v~frangiehizar2021%5Frna__v~patient-derived%5Fmelanoma__v~rna__v~control,FrangiehIzar2021_RNA,Control,perturbation_2,EEF1G,4,"0,1,2",1.1112183236412432,0.9729181720067204,0.027081827993279628,8.17604597512017e-06,47.0,strong_linear,five_fold_perturbation_label_OOF,0,0,1.116934270192218,1.0923958271035437,1.1157215449807645
frangieh_melanoma_control,env__v~frangiehizar2021%5Frna__v~patient-derived%5Fmelanoma__v~rna__v~control,FrangiehIzar2021_RNA,Control,perturbation_2,EIF2S3,4,"0,1,2",0.7583214577711943,0.8762108689926467,0.12378913100735334,5.055943424028005e-05,15.0,strong_linear,five_fold_perturbation_label_OOF,0,0,0.7705935356798406,0.7831995779366124,0.8131428650729082
frangieh_melanoma_control,env__v~frangiehizar2021%5Frna__v~patient-derived%5Fmelanoma__v~rna__v~control,FrangiehIzar2021_RNA,Control,perturbation_2,EIF3K,3,"0,1,2",0.625060585354116,0.8590773404594233,0.1409226595405767,0.00010688799555556879,229.0,strong_linear,five_fold_perturbation_label_OOF,0,0,0.7207711003806334,0.650686094058169,0.6638745515933038
frangieh_melanoma_control,env__v~frangiehizar2021%5Frna__v~patient-derived%5Fmelanoma__v~rna__v~control,FrangiehIzar2021_RNA,Control,perturbation_2,EIF4A1,3,"0,1,2",0.8879834504668439,0.7642458163692075,0.23575418363079248,0.00018353452982714015,49.0,strong_linear,five_fold_perturbation_label_OOF,0,0,0.9948121494062672,0.871396413170823,0.8735540676697062
frangieh_melanoma_control,env__v~frangiehizar2021%5Frna__v~patient-derived%5Fmelanoma__v~rna__v~control,FrangiehIzar2021_RNA,Control,perturbation_2,EMP1,1,"0,1,2",0.47333086298249516,0.9741973819594335,0.025802618040566494,1.3274134855701635e-05,263.0,strong_linear,five_fold_perturbation_label_OOF,0,0,0.48571731250415395,0.5059283262693319,0.47086622216449314
frangieh_melanoma_control,env__v~frangiehizar2021%5Frna__v~patient-derived%5Fmelanoma__v~rna__v~control,FrangiehIzar2021_RNA,Control,perturbation_2,ENPP1,1,"0,1,2",0.5012221512413217,0.9635675410348696,0.036432458965130365,1.686944690202542e-05,218.0,strong_linear,five_fold_perturbation_label_OOF,0,0,0.5138675984890085,0.5047194943373365,0.5404083873044148
frangieh_melanoma_control,env__v~frangiehizar2021%5Frna__v~patient-derived%5Fmelanoma__v~rna__v~control,FrangiehIzar2021_RNA,Control,perturbation_2,EVA1A,3,"0,1,2",0.6829554345864057,0.8271143539931821,0.17288564600681788,9.249649445108429e-05,216.0,strong_linear,five_fold_perturbation_label_OOF,0,0,0.6815015071246873,0.6571537012112473,0.8707832722777257
frangieh_melanoma_control,env__v~frangiehizar2021%5Frna__v~patient-derived%5Fmelanoma__v~rna__v~control,FrangiehIzar2021_RNA,Control,perturbation_2,FARSA,1,"0,1,2",0.8390807863180203,0.8820343502065636,0.11796564979343638,5.1251070964636776e-05,24.0,strong_linear,five_fold_perturbation_label_OOF,0,0,0.8584178069516688,0.8506581142199569,0.865381033044755
frangieh_melanoma_control,env__v~frangiehizar2021%5Frna__v~patient-derived%5Fmelanoma__v~rna__v~control,FrangiehIzar2021_RNA,Control,perturbation_2,FBL,0,"0,1,2",0.8496753844362952,0.8509245507767428,0.14907544922325722,5.980447825269974e-05,96.0,strong_linear,five_fold_perturbation_label_OOF,0,0,0.9059256030168668,0.8647965104744609,0.8380931069679464
frangieh_melanoma_control,env__v~frangiehizar2021%5Frna__v~patient-derived%5Fmelanoma__v~rna__v~control,FrangiehIzar2021_RNA,Control,perturbation_2,FBXO32,2,"0,1,2",0.6070781825755485,0.7573499682337705,0.24265003176622946,0.0001278205160520382,249.0,strong_linear,five_fold_perturbation_label_OOF,0,0,0.5987291139527879,0.5264367375818014,0.9729668179418578
frangieh_melanoma_control,env__v~frangiehizar2021%5Frna__v~patient-derived%5Fmelanoma__v~rna__v~control,FrangiehIzar2021_RNA,Control,perturbation_2,FGFR1,4,"0,1,2",0.724990352365402,0.8205943016239883,0.17940569837601172,9.97888489874413e-05,319.0,strong_linear,five_fold_perturbation_label_OOF,0,0,0.8112178888463641,0.7081933234394001,0.8066744060105555
frangieh_melanoma_control,env__v~frangiehizar2021%5Frna__v~patient-derived%5Fmelanoma__v~rna__v~control,FrangiehIzar2021_RNA,Control,perturbation_2,FKBP4,1,"0,1,2",0.8372979057970472,0.800912822612109,0.19908717738789095,0.00013363230302243032,192.0,strong_linear,five_fold_perturbation_label_OOF,0,0,0.8744450427488542,0.9117017294433135,0.7999973534644836
frangieh_melanoma_control,env__v~frangiehizar2021%5Frna__v~patient-derived%5Fmelanoma__v~rna__v~control,FrangiehIzar2021_RNA,Control,perturbation_2,FMN1,1,"0,1,2",0.5063259152288233,0.9315768783244162,0.06842312167558384,2.7146605374966983e-05,271.0,strong_linear,five_fold_perturbation_label_OOF,0,0,0.48868637296502926,0.5836428672000373,0.5497087328178352
frangieh_melanoma_control,env__v~frangiehizar2021%5Frna__v~patient-derived%5Fmelanoma__v~rna__v~control,FrangiehIzar2021_RNA,Control,perturbation_2,FOS,4,"0,1,2",0.6961284714188878,0.9705581926960442,0.029441807303955847,1.0631411660590643e-05,217.0,strong_linear,five_fold_perturbation_label_OOF,0,0,0.6877706517810838,0.7213372869624844,0.7044739345557847
frangieh_melanoma_control,env__v~frangiehizar2021%5Frna__v~patient-derived%5Fmelanoma__v~rna__v~control,FrangiehIzar2021_RNA,Control,perturbation_2,FOXM1,2,"0,1,2",0.8871955220052052,0.8894919864406533,0.1105080135593467,0.00010052290987457091,78.0,strong_linear,five_fold_perturbation_label_OOF,0,0,0.9264200341487383,0.8635844031783795,0.9081314484793805
frangieh_melanoma_control,env__v~frangiehizar2021%5Frna__v~patient-derived%5Fmelanoma__v~rna__v~control,FrangiehIzar2021_RNA,Control,perturbation_2,FRZB,3,"0,1,2",0.7274589161777023,0.9740289109608025,0.025971089039197537,9.66444221260579e-06,194.0,strong_linear,five_fold_perturbation_label_OOF,0,0,0.7302078733031527,0.7374997894389982,0.7360070199169703
frangieh_melanoma_control,env__v~frangiehizar2021%5Frna__v~patient-derived%5Fmelanoma__v~rna__v~control,FrangiehIzar2021_RNA,Control,perturbation_2,FSTL3,3,"0,1,2",0.6209301116152239,0.9101340017717193,0.08986599822828067,6.378898989763064e-05,278.0,strong_linear,five_fold_perturbation_label_OOF,0,0,0.6019368599459247,0.7024777478347706,0.649359139543957
frangieh_melanoma_control,env__v~frangiehizar2021%5Frna__v~patient-derived%5Fmelanoma__v~rna__v~control,FrangiehIzar2021_RNA,Control,perturbation_2,FTH1,1,"0,1,2",0.7710184509329463,0.8092785056779461,0.19072149432205387,0.00016133786792717986,37.0,strong_linear,five_fold_perturbation_label_OOF,0,0,0.7869396626456858,0.8579261713385977,0.8029635975066975
frangieh_melanoma_control,env__v~frangiehizar2021%5Frna__v~patient-derived%5Fmelanoma__v~rna__v~control,FrangiehIzar2021_RNA,Control,perturbation_2,GAA,1,"0,1,2",0.56470114193037,0.9643808135377631,0.03561918646223694,1.2446938230889865e-05,229.0,strong_linear,five_fold_perturbation_label_OOF,0,0,0.5631483619932105,0.6198810682969027,0.5616988779923566
frangieh_melanoma_control,env__v~frangiehizar2021%5Frna__v~patient-derived%5Fmelanoma__v~rna__v~control,FrangiehIzar2021_RNA,Control,perturbation_2,GAS5,2,"0,1,2",0.5021011978804526,0.9800023353920458,0.019997664607954158,6.9411846271197425e-06,210.0,strong_linear,five_fold_perturbation_label_OOF,0,0,0.5208821048732923,0.4973427266231156,0.5184462404576349
frangieh_melanoma_control,env__v~frangiehizar2021%5Frna__v~patient-derived%5Fmelanoma__v~rna__v~control,FrangiehIzar2021_RNA,Control,perturbation_2,GPATCH4,4,"0,1,2",0.7130660586019035,0.8218547983480061,0.17814520165199388,9.03005050086024e-05,156.0,strong_linear,five_fold_perturbation_label_OOF,0,0,0.797664732277598,0.8224037574895406,0.6926638093311397
frangieh_melanoma_control,env__v~frangiehizar2021%5Frna__v~patient-derived%5Fmelanoma__v~rna__v~control,FrangiehIzar2021_RNA,Control,perturbation_2,GPI,3,"0,1,2",1.078349971570326,0.8866752731602331,0.11332472683976691,6.790411532257581e-05,48.0,strong_linear,five_fold_perturbation_label_OOF,0,0,1.0102578810558345,1.0813064464859414,1.1034081079498526
frangieh_melanoma_control,env__v~frangiehizar2021%5Frna__v~patient-derived%5Fmelanoma__v~rna__v~control,FrangiehIzar2021_RNA,Control,perturbation_2,GPNMB,3,"0,1,2",0.5784597837287382,0.9546182956974879,0.045381704302512094,1.6944964060412673e-05,209.0,strong_linear,five_fold_perturbation_label_OOF,0,0,0.5777463747808289,0.5785016300638595,0.6379967750727145
frangieh_melanoma_control,env__v~frangiehizar2021%5Frna__v~patient-derived%5Fmelanoma__v~rna__v~control,FrangiehIzar2021_RNA,Control,perturbation_2,GRN,4,"0,1,2",0.6385856609825162,0.9077344358513395,0.0922655641486605,0.00010646660275899967,193.0,strong_linear,five_fold_perturbation_label_OOF,0,0,0.6441245163870623,0.665898794751731,0.695927008776875
frangieh_melanoma_control,env__v~frangiehizar2021%5Frna__v~patient-derived%5Fmelanoma__v~rna__v~control,FrangiehIzar2021_RNA,Control,perturbation_2,GSEC,4,"0,1,2",0.6713358528420199,0.9518691061241519,0.048130893875848124,1.4794045103229028e-05,92.0,strong_linear,five_fold_perturbation_label_OOF,0,0,0.6862454304373443,0.6795176862666561,0.6958925511816927
frangieh_melanoma_control,env__v~frangiehizar2021%5Frna__v~patient-derived%5Fmelanoma__v~rna__v~control,FrangiehIzar2021_RNA,Control,perturbation_2,GSN,1,"0,1,2",0.558957602551672,0.9292572000887981,0.07074279991120191,4.3490459547295195e-05,276.0,strong_linear,five_fold_perturbation_label_OOF,0,0,0.6045548568811485,0.5872350122407304,0.5755182153892203
frangieh_melanoma_control,env__v~frangiehizar2021%5Frna__v~patient-derived%5Fmelanoma__v~rna__v~control,FrangiehIzar2021_RNA,Control,perturbation_2,HASPIN,0,"0,1,2",0.6345557045655664,0.9702428016215485,0.029757198378451477,1.0438282138813083e-05,128.0,strong_linear,five_fold_perturbation_label_OOF,0,0,0.6646820182105067,0.6341249786383913,0.6378376171401072
frangieh_melanoma_control,env__v~frangiehizar2021%5Frna__v~patient-derived%5Fmelanoma__v~rna__v~control,FrangiehIzar2021_RNA,Control,perturbation_2,HLA-A,1,"0,1,2",0.6530773737294538,0.8573991999163493,0.14260080008365073,8.783442986920291e-05,255.0,strong_linear,five_fold_perturbation_label_OOF,0,0,0.6929991487618499,0.7442112002146131,0.6766820760630174
frangieh_melanoma_control,env__v~frangiehizar2021%5Frna__v~patient-derived%5Fmelanoma__v~rna__v~control,FrangiehIzar2021_RNA,Control,perturbation_2,HLA-B,0,"0,1,2",0.7215386419116794,0.8539713092361404,0.1460286907638596,7.765802939212774e-05,145.0,strong_linear,five_fold_perturbation_label_OOF,0,0,0.7800149518486842,0.7607134846551001,0.7429997754382236
frangieh_melanoma_control,env__v~frangiehizar2021%5Frna__v~patient-derived%5Fmelanoma__v~rna__v~control,FrangiehIzar2021_RNA,Control,perturbation_2,HLA-C,4,"0,1,2",0.8918062824175834,0.8220521292409719,0.17794787075902807,0.00011055784997245221,162.0,strong_linear,five_fold_perturbation_label_OOF,0,0,0.9008305609278511,0.9199478883216203,0.9097887755346075
frangieh_melanoma_control,env__v~frangiehizar2021%5Frna__v~patient-derived%5Fmelanoma__v~rna__v~control,FrangiehIzar2021_RNA,Control,perturbation_2,HLA-DRB5,0,"0,1,2",0.4543412693172887,0.9786369127361524,0.021363087263847613,7.562606294905493e-06,263.0,strong_linear,five_fold_perturbation_label_OOF,0,0,0.49172134732738093,0.45415330857410896,0.4533300410429869
frangieh_melanoma_control,env__v~frangiehizar2021%5Frna__v~patient-derived%5Fmelanoma__v~rna__v~control,FrangiehIzar2021_RNA,Control,perturbation_2,HLA-E,4,"0,1,2",0.6942477182462607,0.8648946192536808,0.13510538074631917,4.607734129234009e-05,205.0,strong_linear,five_fold_perturbation_label_OOF,0,0,0.6340014530080775,0.724961447504116,0.8615648829847791
frangieh_melanoma_control,env__v~frangiehizar2021%5Frna__v~patient-derived%5Fmelanoma__v~rna__v~control,FrangiehIzar2021_RNA,Control,perturbation_2,HLA-F,1,"0,1,2",0.8380372878918213,0.9671472680270082,0.03285273197299177,1.526727051143259e-05,226.0,strong_linear,five_fold_perturbation_label_OOF,0,0,0.8371138226281771,0.8314977027793192,0.8604180335038905
frangieh_melanoma_control,env__v~frangiehizar2021%5Frna__v~patient-derived%5Fmelanoma__v~rna__v~control,FrangiehIzar2021_RNA,Control,perturbation_2,HLA-H,3,"0,1,2",0.6876101734937798,0.9808900016581732,0.019109998341826806,7.166415343845422e-06,221.0,strong_linear,five_fold_perturbation_label_OOF,0,0,0.7017468193062915,0.6852030895520907,0.693473373882268
frangieh_melanoma_control,env__v~frangiehizar2021%5Frna__v~patient-derived%5Fmelanoma__v~rna__v~control,FrangiehIzar2021_RNA,Control,perturbation_2,HNRNPA1,2,"0,1,2",0.7520561438632429,0.8532057520589014,0.14679424794109863,0.00012591132098318888,176.0,strong_linear,five_fold_perturbation_label_OOF,0,0,0.8423539693504806,0.7707615979112634,0.7594074083170582
frangieh_melanoma_control,env__v~frangiehizar2021%5Frna__v~patient-derived%5Fmelanoma__v~rna__v~control,FrangiehIzar2021_RNA,Control,perturbation_2,HNRNPC,3,"0,1,2",0.8381239075171609,0.8372274137907412,0.16277258620925883,6.046380977385397e-05,66.0,strong_linear,five_fold_perturbation_label_OOF,0,0,0.8543676706205543,0.8702190848998119,0.8690991748662953
frangieh_melanoma_control,env__v~frangiehizar2021%5Frna__v~patient-derived%5Fmelanoma__v~rna__v~control,FrangiehIzar2021_RNA,Control,perturbation_2,HSPA1A,0,"0,1,2",0.619735177088685,0.844607903198385,0.15539209680161503,0.0002628063110613691,200.0,strong_linear,five_fold_perturbation_label_OOF,0,0,0.679350919561005,0.5853657515354456,0.7444521952040151
frangieh_melanoma_control,env__v~frangiehizar2021%5Frna__v~patient-derived%5Fmelanoma__v~rna__v~control,FrangiehIzar2021_RNA,Control,perturbation_2,IDH2,3,"0,1,2",0.6586650061765027,0.9319333927057954,0.06806660729420455,3.34640981181985e-05,254.0,strong_linear,five_fold_perturbation_label_OOF,0,0,0.6685469791843299,0.6730632967095942,0.7052855567951033
frangieh_melanoma_control,env__v~frangiehizar2021%5Frna__v~patient-derived%5Fmelanoma__v~rna__v~control,FrangiehIzar2021_RNA,Control,perturbation_2,IDI2-AS1,2,"0,1,2",0.6318445613468877,0.9789653337669538,0.021034666233046173,7.13226163056091e-06,203.0,strong_linear,five_fold_perturbation_label_OOF,0,0,0.6328944317505933,0.6428700434599619,0.6430704081543738
frangieh_melanoma_control,env__v~frangiehizar2021%5Frna__v~patient-derived%5Fmelanoma__v~rna__v~control,FrangiehIzar2021_RNA,Control,perturbation_2,IFNGR1,2,"0,1,2",0.6006815389761178,0.7562746369170924,0.2437253630829076,0.00010042822676642654,202.0,strong_linear,five_fold_perturbation_label_OOF,0,0,0.6361727760598856,0.5496114187745164,0.9008158648245442
frangieh_melanoma_control,env__v~frangiehizar2021%5Frna__v~patient-derived%5Fmelanoma__v~rna__v~control,FrangiehIzar2021_RNA,Control,perturbation_2,IFNGR2,2,"0,1,2",0.7656269664543118,0.7479981030178925,0.2520018969821075,0.0001518280969799781,215.0,strong_linear,five_fold_perturbation_label_OOF,0,0,0.7762838047504547,0.6982157355416342,0.966577983736835
frangieh_melanoma_control,env__v~frangiehizar2021%5Frna__v~patient-derived%5Fmelanoma__v~rna__v~control,FrangiehIzar2021_RNA,Control,perturbation_2,ILF2,3,"0,1,2",0.9668296763731271,0.7515344837462782,0.24846551625372182,0.00015141244501258423,52.0,strong_linear,five_fold_perturbation_label_OOF,0,0,1.0360294218496544,0.9100333435767833,0.9504532364529825
frangieh_melanoma_control,env__v~frangiehizar2021%5Frna__v~patient-derived%5Fmelanoma__v~rna__v~control,FrangiehIzar2021_RNA,Control,perturbation_2,IRF3,0,"0,1,2",0.550916205576966,0.8876173868153048,0.11238261318469522,5.80018263853796e-05,198.0,strong_linear,five_fold_perturbation_label_OOF,0,0,0.7037183144894277,0.5320222025370338,0.5336914738912063
frangieh_melanoma_control,env__v~frangiehizar2021%5Frna__v~patient-derived%5Fmelanoma__v~rna__v~control,FrangiehIzar2021_RNA,Control,perturbation_2,IRF4,2,"0,1,2",0.6987425345352041,0.9795608309259004,0.020439169074099595,6.955466698802264e-06,173.0,strong_linear,five_fold_perturbation_label_OOF,0,0,0.7025429176073408,0.7031383743655748,0.709136948037062
frangieh_melanoma_control,env__v~frangiehizar2021%5Frna__v~patient-derived%5Fmelanoma__v~rna__v~control,FrangiehIzar2021_RNA,Control,perturbation_2,ISYNA1,1,"0,1,2",0.8420824318813909,0.9689296916769354,0.031070308323064566,1.4842632527254015e-05,162.0,strong_linear,five_fold_perturbation_label_OOF,0,0,0.8561114140184266,0.8432567145880998,0.8405117753924086
frangieh_melanoma_control,env__v~frangiehizar2021%5Frna__v~patient-derived%5Fmelanoma__v~rna__v~control,FrangiehIzar2021_RNA,Control,perturbation_2,ITGA3,0,"0,1,2",0.5523907509024744,0.8825201947242522,0.11747980527574775,6.4271770442889e-05,217.0,strong_linear,five_fold_perturbation_label_OOF,0,0,0.5191602471538554,0.6119103997727782,0.6861790954281017
frangieh_melanoma_control,env__v~frangiehizar2021%5Frna__v~patient-derived%5Fmelanoma__v~rna__v~control,FrangiehIzar2021_RNA,Control,perturbation_2,JAK1,0,"0,1,2",0.6428837620379331,0.8478923428976662,0.15210765710233376,5.927233806274589e-05,210.0,strong_linear,five_fold_perturbation_label_OOF,0,0,0.8549620788996158,0.6043301995891027,0.628012478187604
frangieh_melanoma_control,env__v~frangiehizar2021%5Frna__v~patient-derived%5Fmelanoma__v~rna__v~control,FrangiehIzar2021_RNA,Control,perturbation_2,JAK2,2,"0,1,2",0.5779087070323351,0.9589925000483971,0.04100749995160291,1.490117262537444e-05,250.0,strong_linear,five_fold_perturbation_label_OOF,0,0,0.5920719495965738,0.58030626743848,0.6154024027439875
frangieh_melanoma_control,env__v~frangiehizar2021%5Frna__v~patient-derived%5Fmelanoma__v~rna__v~control,FrangiehIzar2021_RNA,Control,perturbation_2,JMJD7,4,"0,1,2",0.6358783007719108,0.9803188692676906,0.01968113073230937,6.048471933635669e-06,204.0,strong_linear,five_fold_perturbation_label_OOF,0,0,0.654261021018409,0.6339923871964623,0.6414605397642232
frangieh_melanoma_control,env__v~frangiehizar2021%5Frna__v~patient-derived%5Fmelanoma__v~rna__v~control,FrangiehIzar2021_RNA,Control,perturbation_2,JPT1,2,"0,1,2",0.8674460800804003,0.729531878741188,0.27046812125881203,0.000244805992528971,149.0,strong_linear,five_fold_perturbation_label_OOF,0,0,0.8444208955030054,0.8065195019988731,1.0036232112129755
frangieh_melanoma_control,env__v~frangiehizar2021%5Frna__v~patient-derived%5Fmelanoma__v~rna__v~control,FrangiehIzar2021_RNA,Control,perturbation_2,KCNN4,1,"0,1,2",0.6254373272850142,0.8975387295850913,0.10246127041490871,4.343619910474882e-05,192.0,strong_linear,five_fold_perturbation_label_OOF,0,0,0.5963966598747582,0.791169280414723,0.6082541504758148
frangieh_melanoma_control,env__v~frangiehizar2021%5Frna__v~patient-derived%5Fmelanoma__v~rna__v~control,FrangiehIzar2021_RNA,Control,perturbation_2,KDR,2,"0,1,2",0.5908960488243096,0.978969326752923,0.02103067324707697,7.269066909332003e-06,200.0,strong_linear,five_fold_perturbation_label_OOF,0,0,0.602220029820614,0.5919265477047642,0.6046776410497652
frangieh_melanoma_control,env__v~frangiehizar2021%5Frna__v~patient-derived%5Fmelanoma__v~rna__v~control,FrangiehIzar2021_RNA,Control,perturbation_2,KLF4,0,"0,1,2",0.5000459187821285,0.9728092073790116,0.027190792620988447,1.1011213574555685e-05,200.0,strong_linear,five_fold_perturbation_label_OOF,0,0,0.5264287286722691,0.4980005631419482,0.5172298795163603
frangieh_melanoma_control,env__v~frangiehizar2021%5Frna__v~patient-derived%5Fmelanoma__v~rna__v~control,FrangiehIzar2021_RNA,Control,perturbation_2,LAMP2,1,"0,1,2",0.6270001914348298,0.844767074461728,0.15523292553827195,7.180726107022533e-05,226.0,strong_linear,five_fold_perturbation_label_OOF,0,0,0.6988305995451866,0.6263251675599312,0.7230200356318996
frangieh_melanoma_control,env__v~frangiehizar2021%5Frna__v~patient-derived%5Fmelanoma__v~rna__v~control,FrangiehIzar2021_RNA,Control,perturbation_2,LCP1,3,"0,1,2",0.5584925840220715,0.9798850197559856,0.02011498024401437,7.4942759561708025e-06,215.0,strong_linear,five_fold_perturbation_label_OOF,0,0,0.5817141323957173,0.5565007973807243,0.564094645431569
frangieh_melanoma_control,env__v~frangiehizar2021%5Frna__v~patient-derived%5Fmelanoma__v~rna__v~control,FrangiehIzar2021_RNA,Control,perturbation_2,LEF1-AS1,3,"0,1,2",0.49340433322139576,0.9808900016581732,0.019109998341826806,7.166415343845422e-06,213.0,strong_linear,five_fold_perturbation_label_OOF,0,0,0.4976158291369288,0.500118475538667,0.5114949362324241
frangieh_melanoma_control,env__v~frangiehizar2021%5Frna__v~patient-derived%5Fmelanoma__v~rna__v~control,FrangiehIzar2021_RNA,Control,perturbation_2,LGALS3,3,"0,1,2",0.6997941778123795,0.8417853489986249,0.1582146510013751,0.00018080726940883617,186.0,strong_linear,five_fold_perturbation_label_OOF,0,0,0.7534592208769342,0.7021024906405975,0.8004934111762251
frangieh_melanoma_control,env__v~frangiehizar2021%5Frna__v~patient-derived%5Fmelanoma__v~rna__v~control,FrangiehIzar2021_RNA,Control,perturbation_2,LGALS3BP,1,"0,1,2",0.644085731283121,0.9110777250866354,0.08892227491336457,3.705509090932014e-05,175.0,strong_linear,five_fold_perturbation_label_OOF,0,0,0.705713729889704,0.6333467454304733,0.6826777046202956
frangieh_melanoma_control,env__v~frangiehizar2021%5Frna__v~patient-derived%5Fmelanoma__v~rna__v~control,FrangiehIzar2021_RNA,Control,perturbation_2,LINC00518,3,"0,1,2",0.7167956626950327,0.9812242428966185,0.01877575710338153,7.107251153765943e-06,200.0,strong_linear,five_fold_perturbation_label_OOF,0,0,0.7136583949302286,0.7153803328026493,0.737149257664256
frangieh_melanoma_control,env__v~frangiehizar2021%5Frna__v~patient-derived%5Fmelanoma__v~rna__v~control,FrangiehIzar2021_RNA,Control,perturbation_2,LRPAP1,2,"0,1,2",0.5553373968254265,0.8817268850803189,0.11827311491968107,0.00011533451234399959,176.0,strong_linear,five_fold_perturbation_label_OOF,0,0,0.6010763045797515,0.6027498910720959,0.6048565335187566
frangieh_melanoma_control,env__v~frangiehizar2021%5Frna__v~patient-derived%5Fmelanoma__v~rna__v~control,FrangiehIzar2021_RNA,Control,perturbation_2,LRRC75A-AS1,2,"0,1,2",0.573166889784327,0.9800023353920458,0.019997664607954158,6.9411846271197425e-06,119.0,strong_linear,five_fold_perturbation_label_OOF,0,0,0.5846352263511984,0.5703712956360074,0.5905286531420901
frangieh_melanoma_control,env__v~frangiehizar2021%5Frna__v~patient-derived%5Fmelanoma__v~rna__v~control,FrangiehIzar2021_RNA,Control,perturbation_2,LY96,1,"0,1,2",0.685042764092002,0.9778861865222513,0.022113813477748656,8.976348445845396e-06,190.0,strong_linear,five_fold_perturbation_label_OOF,0,0,0.6960668375532904,0.6907685319023464,0.6888562857073444
frangieh_melanoma_control,env__v~frangiehizar2021%5Frna__v~patient-derived%5Fmelanoma__v~rna__v~control,FrangiehIzar2021_RNA,Control,perturbation_2,MC1R,3,"0,1,2",0.5318138262430387,0.9737750811673823,0.026224918832617683,1.0207476953357542e-05,195.0,strong_linear,five_fold_perturbation_label_OOF,0,0,0.5232615530494997,0.5458766273130166,0.5638822857689773
frangieh_melanoma_control,env__v~frangiehizar2021%5Frna__v~patient-derived%5Fmelanoma__v~rna__v~control,FrangiehIzar2021_RNA,Control,perturbation_2,MDH2,3,"0,1,2",0.743139310841074,0.8921086489488573,0.10789135105114267,7.896734397924777e-05,164.0,strong_linear,five_fold_perturbation_label_OOF,0,0,0.7538702681122668,0.7718779873919486,0.7860055055499668
frangieh_melanoma_control,env__v~frangiehizar2021%5Frna__v~patient-derived%5Fmelanoma__v~rna__v~control,FrangiehIzar2021_RNA,Control,perturbation_2,MFGE8,0,"0,1,2",0.6437340780084397,0.9347276552957555,0.06527234470424448,4.343318749636594e-05,236.0,strong_linear,five_fold_perturbation_label_OOF,0,0,0.6745365017197704,0.633498166657487,0.687590194022902
frangieh_melanoma_control,env__v~frangiehizar2021%5Frna__v~patient-derived%5Fmelanoma__v~rna__v~control,FrangiehIzar2021_RNA,Control,perturbation_2,MIA,4,"0,1,2",0.5206884769441682,0.972224228901322,0.027775771098678015,8.826316141319032e-06,167.0,strong_linear,five_fold_perturbation_label_OOF,0,0,0.5371333730928611,0.525895779780012,0.5396570889118547
frangieh_melanoma_control,env__v~frangiehizar2021%5Frna__v~patient-derived%5Fmelanoma__v~rna__v~control,FrangiehIzar2021_RNA,Control,perturbation_2,MRPL47,1,"0,1,2",0.8694466980838497,0.8851275630976488,0.11487243690235116,9.221767035224873e-05,119.0,strong_linear,five_fold_perturbation_label_OOF,0,0,0.8456196987784013,0.8762469465972406,0.9143718972945537
frangieh_melanoma_control,env__v~frangiehizar2021%5Frna__v~patient-derived%5Fmelanoma__v~rna__v~control,FrangiehIzar2021_RNA,Control,perturbation_2,MT2A,3,"0,1,2",0.6792192936312293,0.8155146472709105,0.1844853527290895,0.0007015198036649959,145.0,strong_linear,five_fold_perturbation_label_OOF,0,0,0.7932620996763673,0.7573970673927832,0.6518883947967775
frangieh_melanoma_control,env__v~frangiehizar2021%5Frna__v~patient-derived%5Fmelanoma__v~rna__v~control,FrangiehIzar2021_RNA,Control,perturbation_2,MYC,2,"0,1,2",1.1252798049083865,0.7698693680026055,0.23013063199739447,0.00011572862887762744,40.0,strong_linear,five_fold_perturbation_label_OOF,0,0,1.0879310994132771,1.1482956230019241,1.0382270740977912
frangieh_melanoma_control,env__v~frangiehizar2021%5Frna__v~patient-derived%5Fmelanoma__v~rna__v~control,FrangiehIzar2021_RNA,Control,perturbation_2,NACA,0,"0,1,2",0.864431998460373,0.7910435035362022,0.20895649646379777,0.00014049257481167762,20.0,strong_linear,five_fold_perturbation_label_OOF,0,0,0.9492049745967266,0.852837038120999,0.8504166434034396
frangieh_melanoma_control,env__v~frangiehizar2021%5Frna__v~patient-derived%5Fmelanoma__v~rna__v~control,FrangiehIzar2021_RNA,Control,perturbation_2,NCL,2,"0,1,2",0.897373278120162,0.8401228818748768,0.15987711812512317,0.00010748870288859605,45.0,strong_linear,five_fold_perturbation_label_OOF,0,0,0.9174449628326335,0.9240979359924137,0.8983254752483956
frangieh_melanoma_control,env__v~frangiehizar2021%5Frna__v~patient-derived%5Fmelanoma__v~rna__v~control,FrangiehIzar2021_RNA,Control,perturbation_2,NDUFA13,1,"0,1,2",0.5879172799217915,0.8863598814640133,0.11364011853598666,9.540267105323107e-05,109.0,strong_linear,five_fold_perturbation_label_OOF,0,0,0.6117605445229481,0.6835946323821402,0.612867438437899
frangieh_melanoma_control,env__v~frangiehizar2021%5Frna__v~patient-derived%5Fmelanoma__v~rna__v~control,FrangiehIzar2021_RNA,Control,perturbation_2,NEAT1,0,"0,1,2",0.7150919434163051,0.8421857845753773,0.1578142154246227,0.00028330659852739533,143.0,strong_linear,five_fold_perturbation_label_OOF,0,0,0.7936128041234167,0.7437841126293792,0.7304980698363328
frangieh_melanoma_control,env__v~frangiehizar2021%5Frna__v~patient-derived%5Fmelanoma__v~rna__v~control,FrangiehIzar2021_RNA,Control,perturbation_2,NGFR,0,"0,1,2",0.7050382452904344,0.9786011699413589,0.021398830058641072,7.619150654314643e-06,165.0,strong_linear,five_fold_perturbation_label_OOF,0,0,0.698573872033649,0.7047440405468307,0.7305624896127694
frangieh_melanoma_control,env__v~frangiehizar2021%5Frna__v~patient-derived%5Fmelanoma__v~rna__v~control,FrangiehIzar2021_RNA,Control,perturbation_2,NME1,3,"0,1,2",0.872940228711165,0.8461289954222079,0.15387100457779213,0.00020346784001728656,156.0,strong_linear,five_fold_perturbation_label_OOF,0,0,0.8768924666716738,0.90387119771465,0.8920665951727421
frangieh_melanoma_control,env__v~frangiehizar2021%5Frna__v~patient-derived%5Fmelanoma__v~rna__v~control,FrangiehIzar2021_RNA,Control,perturbation_2,NMRK1,1,"0,1,2",0.4950013891831455,0.9262882602718684,0.07371173972813161,4.1345919312531216e-05,210.0,strong_linear,five_fold_perturbation_label_OOF,0,0,0.551025349975588,0.47077880078341083,0.5962149309541662
frangieh_melanoma_control,env__v~frangiehizar2021%5Frna__v~patient-derived%5Fmelanoma__v~rna__v~control,FrangiehIzar2021_RNA,Control,perturbation_2,NOLC1,1,"0,1,2",0.8511731492471577,0.8919149490913928,0.1080850509086072,6.741086586725266e-05,82.0,strong_linear,five_fold_perturbation_label_OOF,0,0,0.9025555543998983,0.8565913281157124,0.8476718375159814
frangieh_melanoma_control,env__v~frangiehizar2021%5Frna__v~patient-derived%5Fmelanoma__v~rna__v~control,FrangiehIzar2021_RNA,Control,perturbation_2,NONO,1,"0,1,2",0.6567203460221837,0.8869392629613135,0.11306073703868647,8.468148829343361e-05,166.0,strong_linear,five_fold_perturbation_label_OOF,0,0,0.7093393032416109,0.6688614002444084,0.7138319591397817
frangieh_melanoma_control,env__v~frangiehizar2021%5Frna__v~patient-derived%5Fmelanoma__v~rna__v~control,FrangiehIzar2021_RNA,Control,perturbation_2,NPC1,1,"0,1,2",0.6424013808745841,0.9166645446447852,0.0833354553552148,3.712560391311415e-05,198.0,strong_linear,five_fold_perturbation_label_OOF,0,0,0.6362437562208512,0.7186450360425931,0.6555884682717303
frangieh_melanoma_control,env__v~frangiehizar2021%5Frna__v~patient-derived%5Fmelanoma__v~rna__v~control,FrangiehIzar2021_RNA,Control,perturbation_2,NPC2,2,"0,1,2",0.6585468541518913,0.7034546183021241,0.2965453816978759,0.0003872796344630025,171.0,strong_linear,five_fold_perturbation_label_OOF,0,0,0.7765327991452251,0.676857810971401,0.850889670083204
frangieh_melanoma_control,env__v~frangiehizar2021%5Frna__v~patient-derived%5Fmelanoma__v~rna__v~control,FrangiehIzar2021_RNA,Control,perturbation_2,NSG1,3,"0,1,2",0.7733727872167753,0.9098560815436952,0.09014391845630476,3.159818610374558e-05,187.0,strong_linear,five_fold_perturbation_label_OOF,0,0,0.7714580991980353,0.7956652280159421,0.813830891552382
frangieh_melanoma_control,env__v~frangiehizar2021%5Frna__v~patient-derived%5Fmelanoma__v~rna__v~control,FrangiehIzar2021_RNA,Control,perturbation_2,NT5E,1,"0,1,2",0.6938708548962282,0.9144684591237352,0.0855315408762648,9.137360004655158e-05,247.0,strong_linear,five_fold_perturbation_label_OOF,0,0,0.7094819775363395,0.7381583303304596,0.7034726661867283
frangieh_melanoma_control,env__v~frangiehizar2021%5Frna__v~patient-derived%5Fmelanoma__v~rna__v~control,FrangiehIzar2021_RNA,Control,perturbation_2,NUP50-AS1,4,"0,1,2",0.5540821100569053,0.9798851340899012,0.02011486591009881,6.21395208305434e-06,153.0,strong_linear,five_fold_perturbation_label_OOF,0,0,0.5654398969543252,0.5558049022739429,0.5682514258892275
frangieh_melanoma_control,env__v~frangiehizar2021%5Frna__v~patient-derived%5Fmelanoma__v~rna__v~control,FrangiehIzar2021_RNA,Control,perturbation_2,P2RX4,1,"0,1,2",0.8906699194627666,0.969985560512815,0.030014439487184963,1.0488798761835957e-05,95.0,strong_linear,five_fold_perturbation_label_OOF,0,0,0.8954814913090128,0.890504340363007,0.8956722988652818
frangieh_melanoma_control,env__v~frangiehizar2021%5Frna__v~patient-derived%5Fmelanoma__v~rna__v~control,FrangiehIzar2021_RNA,Control,perturbation_2,PABPC1,4,"0,1,2",0.9186336688023157,0.813151110192599,0.186848889807401,8.751822200155646e-05,57.0,strong_linear,five_fold_perturbation_label_OOF,0,0,0.8932316799534802,0.9608037664080914,0.9401796378105538
frangieh_melanoma_control,env__v~frangiehizar2021%5Frna__v~patient-derived%5Fmelanoma__v~rna__v~control,FrangiehIzar2021_RNA,Control,perturbation_2,PAICS,2,"0,1,2",0.9931596752096543,0.7524690550019334,0.2475309449980666,0.00013233387885905521,66.0,strong_linear,five_fold_perturbation_label_OOF,0,0,1.019377287144584,0.9764046301849301,0.9795159540259438
frangieh_melanoma_control,env__v~frangiehizar2021%5Frna__v~patient-derived%5Fmelanoma__v~rna__v~control,FrangiehIzar2021_RNA,Control,perturbation_2,PET100,3,"0,1,2",0.9604381741676659,0.9651091098091454,0.03489089019085456,1.812320206373626e-05,87.0,strong_linear,five_fold_perturbation_label_OOF,0,0,0.9631202810593493,0.9582478304693804,0.9639124616888536
frangieh_melanoma_control,env__v~frangiehizar2021%5Frna__v~patient-derived%5Fmelanoma__v~rna__v~control,FrangiehIzar2021_RNA,Control,perturbation_2,PFDN4,1,"0,1,2",0.5731697956916457,0.9139756052773079,0.08602439472269208,4.890231302918134e-05,212.0,strong_linear,five_fold_perturbation_label_OOF,0,0,0.5334725063740547,0.6426949924315044,0.6495874472012731
frangieh_melanoma_control,env__v~frangiehizar2021%5Frna__v~patient-derived%5Fmelanoma__v~rna__v~control,FrangiehIzar2021_RNA,Control,perturbation_2,PFN1,3,"0,1,2",0.7936040632355043,0.8705096445079062,0.12949035549209376,6.35711710344868e-05,87.0,strong_linear,five_fold_perturbation_label_OOF,0,0,0.8160867958797335,0.8003700678050124,0.8500499833443089
frangieh_melanoma_control,env__v~frangiehizar2021%5Frna__v~patient-derived%5Fmelanoma__v~rna__v~control,FrangiehIzar2021_RNA,Control,perturbation_2,PIK3IP1,0,"0,1,2",0.6289413211855763,0.978661812643287,0.021338187356713,7.612910752577519e-06,158.0,strong_linear,five_fold_perturbation_label_OOF,0,0,0.6313614677970694,0.6374255325621718,0.6414791181948659
frangieh_melanoma_control,env__v~frangiehizar2021%5Frna__v~patient-derived%5Fmelanoma__v~rna__v~control,FrangiehIzar2021_RNA,Control,perturbation_2,POLD2,2,"0,1,2",0.9479116429056202,0.9037309531463786,0.09626904685362137,6.627605989858568e-05,44.0,strong_linear,five_fold_perturbation_label_OOF,0,0,0.9364330196248823,0.9452347681421518,0.9719130018067678
frangieh_melanoma_control,env__v~frangiehizar2021%5Frna__v~patient-derived%5Fmelanoma__v~rna__v~control,FrangiehIzar2021_RNA,Control,perturbation_2,PPA1,0,"0,1,2",0.93257296588664,0.6877976387385644,0.31220236126143563,0.00020199431125556466,31.0,strong_linear,five_fold_perturbation_label_OOF,0,0,1.002960190673696,0.8786932252083728,0.9670102143761117
frangieh_melanoma_control,env__v~frangiehizar2021%5Frna__v~patient-derived%5Fmelanoma__v~rna__v~control,FrangiehIzar2021_RNA,Control,perturbation_2,PPIA,0,"0,1,2",0.7605508136271302,0.8005471701921967,0.19945282980780332,0.00012112626243502135,149.0,strong_linear,five_fold_perturbation_label_OOF,0,0,0.8124883615676901,0.7872390177665274,0.8162150739211548
frangieh_melanoma_control,env__v~frangiehizar2021%5Frna__v~patient-derived%5Fmelanoma__v~rna__v~control,FrangiehIzar2021_RNA,Control,perturbation_2,PRELID3B,3,"0,1,2",0.9170016707983232,0.7806337915173786,0.21936620848262145,0.00012297035302470815,33.0,strong_linear,five_fold_perturbation_label_OOF,0,0,1.0261251825163464,0.890577194480148,0.8720642506102254
frangieh_melanoma_control,env__v~frangiehizar2021%5Frna__v~patient-derived%5Fmelanoma__v~rna__v~control,FrangiehIzar2021_RNA,Control,perturbation_2,PROS1,3,"0,1,2",0.5409718162159967,0.9437124980526354,0.05628750194736465,1.985170247255425e-05,166.0,strong_linear,five_fold_perturbation_label_OOF,0,0,0.5542240746848082,0.5758111939154127,0.5710676718508249
frangieh_melanoma_control,env__v~frangiehizar2021%5Frna__v~patient-derived%5Fmelanoma__v~rna__v~control,FrangiehIzar2021_RNA,Control,perturbation_2,PSAP,2,"0,1,2",0.5311568781670635,0.8950825531434288,0.10491744685657123,9.591213309549036e-05,226.0,strong_linear,five_fold_perturbation_label_OOF,0,0,0.6226316722891931,0.6046723220011866,0.5277688367581301
frangieh_melanoma_control,env__v~frangiehizar2021%5Frna__v~patient-derived%5Fmelanoma__v~rna__v~control,FrangiehIzar2021_RNA,Control,perturbation_2,PSMB8-AS1,4,"0,1,2",0.7142792804666931,0.9775638168527618,0.022436183147238165,6.811362574462931e-06,161.0,strong_linear,five_fold_perturbation_label_OOF,0,0,0.7250897944785974,0.7116068219675482,0.7255090065652894
frangieh_melanoma_control,env__v~frangiehizar2021%5Frna__v~patient-derived%5Fmelanoma__v~rna__v~control,FrangiehIzar2021_RNA,Control,perturbation_2,PTMA,4,"0,1,2",1.086515905493593,0.8277994867300135,0.17220051326998653,0.00023378612755325852,149.0,strong_linear,five_fold_perturbation_label_OOF,0,0,1.104362473940016,1.0768920764889545,1.0391413785746726
frangieh_melanoma_control,env__v~frangiehizar2021%5Frna__v~patient-derived%5Fmelanoma__v~rna__v~control,FrangiehIzar2021_RNA,Control,perturbation_2,PUF60,3,"0,1,2",0.9394276433486558,0.777660675511537,0.22233932448846305,0.0001473880122928617,55.0,strong_linear,five_fold_perturbation_label_OOF,0,0,0.9486833578300636,0.9303616378576177,0.9691082032242953
frangieh_melanoma_control,env__v~frangiehizar2021%5Frna__v~patient-derived%5Fmelanoma__v~rna__v~control,FrangiehIzar2021_RNA,Control,perturbation_2,PYGB,4,"0,1,2",0.8161066201310414,0.9162413187574109,0.08375868124258912,5.3859007891383145e-05,172.0,strong_linear,five_fold_perturbation_label_OOF,0,0,0.8042892561671731,0.8381958454073353,0.8493348240686968
frangieh_melanoma_control,env__v~frangiehizar2021%5Frna__v~patient-derived%5Fmelanoma__v~rna__v~control,FrangiehIzar2021_RNA,Control,perturbation_2,RAB27A,4,"0,1,2",0.6913636478372938,0.9309529865793292,0.06904701342067077,3.908697445334238e-05,163.0,strong_linear,five_fold_perturbation_label_OOF,0,0,0.74617370921308,0.6952523901386888,0.6990791716158805
frangieh_melanoma_control,env__v~frangiehizar2021%5Frna__v~patient-derived%5Fmelanoma__v~rna__v~control,FrangiehIzar2021_RNA,Control,perturbation_2,RB1,0,"0,1,2",0.6674333543127229,0.9198469217806196,0.08015307821938045,3.97714553524894e-05,197.0,strong_linear,five_fold_perturbation_label_OOF,0,0,0.695940837412731,0.6688518885406061,0.7221087030442557
frangieh_melanoma_control,env__v~frangiehizar2021%5Frna__v~patient-derived%5Fmelanoma__v~rna__v~control,FrangiehIzar2021_RNA,Control,perturbation_2,RBP7,4,"0,1,2",0.7131686135345106,0.980490952943147,0.01950904705685297,6.658401842237388e-06,164.0,strong_linear,five_fold_perturbation_label_OOF,0,0,0.7219725219645656,0.709999409667233,0.7247409557650497
frangieh_melanoma_control,env__v~frangiehizar2021%5Frna__v~patient-derived%5Fmelanoma__v~rna__v~control,FrangiehIzar2021_RNA,Control,perturbation_2,RNASEH2A,2,"0,1,2",0.8212044546204018,0.9801122081246373,0.019887791875362715,7.359038546942565e-06,92.0,strong_linear,five_fold_perturbation_label_OOF,0,0,0.8368448315263315,0.8252170333133828,0.813067740650659
frangieh_melanoma_control,env__v~frangiehizar2021%5Frna__v~patient-derived%5Fmelanoma__v~rna__v~control,FrangiehIzar2021_RNA,Control,perturbation_2,RNF213,0,"0,1,2",0.5475617338545486,0.9235111228048839,0.0764888771951161,4.2161106627179733e-05,156.0,strong_linear,five_fold_perturbation_label_OOF,0,0,0.5913230640805069,0.5607033336954999,0.5930361979387264
frangieh_melanoma_control,env__v~frangiehizar2021%5Frna__v~patient-derived%5Fmelanoma__v~rna__v~control,FrangiehIzar2021_RNA,Control,perturbation_2,ROMO1,1,"0,1,2",1.1980962125048173,0.8872099715503777,0.11279002844962227,6.155415786392965e-05,37.0,strong_linear,five_fold_perturbation_label_OOF,0,0,1.1499390863493302,1.2550096153150532,1.1229907261913243
frangieh_melanoma_control,env__v~frangiehizar2021%5Frna__v~patient-derived%5Fmelanoma__v~rna__v~control,FrangiehIzar2021_RNA,Control,perturbation_2,RPSA,4,"0,1,2",0.9648906079272984,0.8003359101364668,0.19966408986353323,0.00016535875634010483,69.0,strong_linear,five_fold_perturbation_label_OOF,0,0,0.981064148201028,0.9068753575400784,1.0091659208590913
frangieh_melanoma_control,env__v~frangiehizar2021%5Frna__v~patient-derived%5Fmelanoma__v~rna__v~control,FrangiehIzar2021_RNA,Control,perturbation_2,RRS1,0,"0,1,2",0.834418802155798,0.8017317735910333,0.19826822640896669,8.832467861274636e-05,39.0,strong_linear,five_fold_perturbation_label_OOF,0,0,0.968155482503408,0.8347648457260141,0.7722012806212926
frangieh_melanoma_control,env__v~frangiehizar2021%5Frna__v~patient-derived%5Fmelanoma__v~rna__v~control,FrangiehIzar2021_RNA,Control,perturbation_2,RTP4,4,"0,1,2",0.6115900894676327,0.9764519680467209,0.023548031953279147,7.123131085770257e-06,209.0,strong_linear,five_fold_perturbation_label_OOF,0,0,0.6111442580870217,0.6264372862174946,0.6244447055170033
frangieh_melanoma_control,env__v~frangiehizar2021%5Frna__v~patient-derived%5Fmelanoma__v~rna__v~control,FrangiehIzar2021_RNA,Control,perturbation_2,RUVBL2,4,"0,1,2",0.8624068293582832,0.8716475228594881,0.1283524771405119,6.915588601726789e-05,19.0,strong_linear,five_fold_perturbation_label_OOF,0,0,0.8849094324954512,0.8847564807266874,0.8717117926524769
frangieh_melanoma_control,env__v~frangiehizar2021%5Frna__v~patient-derived%5Fmelanoma__v~rna__v~control,FrangiehIzar2021_RNA,Control,perturbation_2,S100A6,3,"0,1,2",0.75998642282695,0.8507880593885598,0.14921194061144016,0.0002473284236514191,157.0,strong_linear,five_fold_perturbation_label_OOF,0,0,0.7718047275176569,0.7811543843937778,0.8371243712158054
frangieh_melanoma_control,env__v~frangiehizar2021%5Frna__v~patient-derived%5Fmelanoma__v~rna__v~control,FrangiehIzar2021_RNA,Control,perturbation_2,S100B,4,"0,1,2",0.7031273851570541,0.9805084092871407,0.01949159071285933,6.01550093453125e-06,189.0,strong_linear,five_fold_perturbation_label_OOF,0,0,0.7123566656498528,0.7089709510433257,0.7054412951046225
frangieh_melanoma_control,env__v~frangiehizar2021%5Frna__v~patient-derived%5Fmelanoma__v~rna__v~control,FrangiehIzar2021_RNA,Control,perturbation_2,SAE1,4,"0,1,2",0.8027157103810405,0.8568150420948856,0.14318495790511443,6.527387592819143e-05,22.0,strong_linear,five_fold_perturbation_label_OOF,0,0,0.8078921299197969,0.8839629751332081,0.7936751863975857
frangieh_melanoma_control,env__v~frangiehizar2021%5Frna__v~patient-derived%5Fmelanoma__v~rna__v~control,FrangiehIzar2021_RNA,Control,perturbation_2,SAT1,1,"0,1,2",0.6375421027492716,0.8610006170777523,0.13899938292224767,0.00031138537802795135,175.0,strong_linear,five_fold_perturbation_label_OOF,0,0,0.6305720314153094,0.7289467954819,0.7028259930879639
frangieh_melanoma_control,env__v~frangiehizar2021%5Frna__v~patient-derived%5Fmelanoma__v~rna__v~control,FrangiehIzar2021_RNA,Control,perturbation_2,SCARB2,1,"0,1,2",0.5637693583038699,0.8981972527402952,0.10180274725970484,7.685836287806386e-05,181.0,strong_linear,five_fold_perturbation_label_OOF,0,0,0.6693187256896727,0.5820365246290138,0.5554794733181221
frangieh_melanoma_control,env__v~frangiehizar2021%5Frna__v~patient-derived%5Fmelanoma__v~rna__v~control,FrangiehIzar2021_RNA,Control,perturbation_2,SDC3,0,"0,1,2",0.6894000550888814,0.9692626010660809,0.030737398933919136,1.0758720053982649e-05,165.0,strong_linear,five_fold_perturbation_label_OOF,0,0,0.7138374013749337,0.6906802066490555,0.6926645103455957
frangieh_melanoma_control,env__v~frangiehizar2021%5Frna__v~patient-derived%5Fmelanoma__v~rna__v~control,FrangiehIzar2021_RNA,Control,perturbation_2,SDCBP,0,"0,1,2",0.6743078131451077,0.8084598139383594,0.19154018606164058,0.00014618075634382355,180.0,strong_linear,five_fold_perturbation_label_OOF,0,0,0.8100932790272188,0.7438539724146023,0.6233335901130667
frangieh_melanoma_control,env__v~frangiehizar2021%5Frna__v~patient-derived%5Fmelanoma__v~rna__v~control,FrangiehIzar2021_RNA,Control,perturbation_2,SEC11C,3,"0,1,2",0.687574391923945,0.8847541225109946,0.11524587748900539,0.00011256772894400933,181.0,strong_linear,five_fold_perturbation_label_OOF,0,0,0.6728204647521567,0.7657514463907015,0.7190024434893614
frangieh_melanoma_control,env__v~frangiehizar2021%5Frna__v~patient-derived%5Fmelanoma__v~rna__v~control,FrangiehIzar2021_RNA,Control,perturbation_2,SERPINA3,2,"0,1,2",0.6110888831304692,0.9795747389739814,0.020425261026018604,6.951782073097111e-06,151.0,strong_linear,five_fold_perturbation_label_OOF,0,0,0.6172887418368731,0.6114705825164924,0.6286729285933733
frangieh_melanoma_control,env__v~frangiehizar2021%5Frna__v~patient-derived%5Fmelanoma__v~rna__v~control,FrangiehIzar2021_RNA,Control,perturbation_2,SERPINE2,2,"0,1,2",0.8006805560495256,0.7384327763134277,0.26156722368657226,0.0002035980792324577,143.0,strong_linear,five_fold_perturbation_label_OOF,0,0,0.8923171228135044,0.8156301818090663,0.8342035222755465
frangieh_melanoma_control,env__v~frangiehizar2021%5Frna__v~patient-derived%5Fmelanoma__v~rna__v~control,FrangiehIzar2021_RNA,Control,perturbation_2,SERPINF1,1,"0,1,2",0.5986267113307774,0.9827590419958531,0.017240958004146933,6.328732586828664e-06,181.0,strong_linear,five_fold_perturbation_label_OOF,0,0,0.6016413754250678,0.5986379022832325,0.6162434789594695
frangieh_melanoma_control,env__v~frangiehizar2021%5Frna__v~patient-derived%5Fmelanoma__v~rna__v~control,FrangiehIzar2021_RNA,Control,perturbation_2,SET,0,"0,1,2",0.7730989469746781,0.792565625186743,0.207434374813257,0.00015540913517877243,123.0,strong_linear,five_fold_perturbation_label_OOF,0,0,0.8913309011124336,0.7383033343563603,0.7995751032510505
frangieh_melanoma_control,env__v~frangiehizar2021%5Frna__v~patient-derived%5Fmelanoma__v~rna__v~control,FrangiehIzar2021_RNA,Control,perturbation_2,SGK1,4,"0,1,2",0.6748980570471828,0.8634455193212095,0.1365544806787905,7.495631792643068e-05,134.0,strong_linear,five_fold_perturbation_label_OOF,0,0,0.778181113861684,0.6386642186148328,0.7515490961302925
frangieh_melanoma_control,env__v~frangiehizar2021%5Frna__v~patient-derived%5Fmelanoma__v~rna__v~control,FrangiehIzar2021_RNA,Control,perturbation_2,SHMT2,0,"0,1,2",0.8015161030536828,0.9016779199039732,0.09832208009602683,6.750487803129881e-05,129.0,strong_linear,five_fold_perturbation_label_OOF,0,0,0.8201890982291099,0.8248495766038497,0.8166621903766933
frangieh_melanoma_control,env__v~frangiehizar2021%5Frna__v~patient-derived%5Fmelanoma__v~rna__v~control,FrangiehIzar2021_RNA,Control,perturbation_2,SINHCAF,0,"0,1,2",0.8841630048342644,0.8508026156003773,0.1491973843996227,0.00012903665957122708,102.0,strong_linear,five_fold_perturbation_label_OOF,0,0,0.9182540496538525,0.8481338076615091,0.9484142805928396
frangieh_melanoma_control,env__v~frangiehizar2021%5Frna__v~patient-derived%5Fmelanoma__v~rna__v~control,FrangiehIzar2021_RNA,Control,perturbation_2,SLC19A1,2,"0,1,2",0.7623417164455786,0.9133284789880305,0.08667152101196951,3.470159665599136e-05,105.0,strong_linear,five_fold_perturbation_label_OOF,0,0,0.7671671356949601,0.7552603641041103,0.8351167703891412
frangieh_melanoma_control,env__v~frangiehizar2021%5Frna__v~patient-derived%5Fmelanoma__v~rna__v~control,FrangiehIzar2021_RNA,Control,perturbation_2,SLC22A18,0,"0,1,2",0.5822319493673638,0.9517054807766656,0.04829451922333439,2.5916062577106092e-05,209.0,strong_linear,five_fold_perturbation_label_OOF,0,0,0.6390269156745823,0.5760147702649712,0.5935218415908667
frangieh_melanoma_control,env__v~frangiehizar2021%5Frna__v~patient-derived%5Fmelanoma__v~rna__v~control,FrangiehIzar2021_RNA,Control,perturbation_2,SLC25A13,4,"0,1,2",0.6757795865388707,0.8726555076310025,0.12734449236899748,4.26564776295923e-05,136.0,strong_linear,five_fold_perturbation_label_OOF,0,0,0.6234200048697911,0.8649884430058195,0.6203359554167641
frangieh_melanoma_control,env__v~frangiehizar2021%5Frna__v~patient-derived%5Fmelanoma__v~rna__v~control,FrangiehIzar2021_RNA,Control,perturbation_2,SLC26A2,0,"0,1,2",0.6220471157472667,0.8728126093693689,0.12718739063063111,5.523113937224442e-05,166.0,strong_linear,five_fold_perturbation_label_OOF,0,0,0.7119055304928339,0.6375692391123026,0.6500442272591327
frangieh_melanoma_control,env__v~frangiehizar2021%5Frna__v~patient-derived%5Fmelanoma__v~rna__v~control,FrangiehIzar2021_RNA,Control,perturbation_2,SLC5A3,2,"0,1,2",0.6004471504603361,0.8833970266144194,0.11660297338558057,5.8589138919928937e-05,178.0,strong_linear,five_fold_perturbation_label_OOF,0,0,0.6470270297306024,0.6220580353995513,0.676687273540729
frangieh_melanoma_control,env__v~frangiehizar2021%5Frna__v~patient-derived%5Fmelanoma__v~rna__v~control,FrangiehIzar2021_RNA,Control,perturbation_2,SLC7A5P1,1,"0,1,2",0.663335977838879,0.9822771006295051,0.01772289937049487,6.391967220248615e-06,144.0,strong_linear,five_fold_perturbation_label_OOF,0,0,0.6574205981142036,0.6698736806953114,0.6808569218085503
frangieh_melanoma_control,env__v~frangiehizar2021%5Frna__v~patient-derived%5Fmelanoma__v~rna__v~control,FrangiehIzar2021_RNA,Control,perturbation_2,SLIRP,1,"0,1,2",0.7756235824447753,0.7549486059946421,0.24505139400535791,0.00016767853062338176,131.0,strong_linear,five_fold_perturbation_label_OOF,0,0,0.7618399304632409,0.9277304456771557,0.7973552217944203
frangieh_melanoma_control,env__v~frangiehizar2021%5Frna__v~patient-derived%5Fmelanoma__v~rna__v~control,FrangiehIzar2021_RNA,Control,perturbation_2,SMAD3,2,"0,1,2",0.5596295081511229,0.9141088947898793,0.08589110521012067,5.249114887278802e-05,176.0,strong_linear,five_fold_perturbation_label_OOF,0,0,0.6455171733598125,0.5935976305657007,0.5629797316082618
frangieh_melanoma_control,env__v~frangiehizar2021%5Frna__v~patient-derived%5Fmelanoma__v~rna__v~control,FrangiehIzar2021_RNA,Control,perturbation_2,SMAD4,0,"0,1,2",0.7894733429969986,0.8933763357055712,0.10662366429442882,3.613917718145279e-05,159.0,strong_linear,five_fold_perturbation_label_OOF,0,0,0.8507886629499595,0.8070198494843591,0.7795925636767906
frangieh_melanoma_control,env__v~frangiehizar2021%5Frna__v~patient-derived%5Fmelanoma__v~rna__v~control,FrangiehIzar2021_RNA,Control,perturbation_2,SNHG6,2,"0,1,2",0.6482969880591702,0.9800023353920458,0.019997664607954158,6.9411846271197425e-06,134.0,strong_linear,five_fold_perturbation_label_OOF,0,0,0.6556690155768876,0.6554245095693099,0.6548674722862964
frangieh_melanoma_control,env__v~frangiehizar2021%5Frna__v~patient-derived%5Fmelanoma__v~rna__v~control,FrangiehIzar2021_RNA,Control,perturbation_2,SNRPE,4,"0,1,2",1.0081823623725346,0.8160738474002919,0.18392615259970813,0.0001342637384314432,11.0,strong_linear,five_fold_perturbation_label_OOF,0,0,1.0166818507518995,0.9874371660049613,1.0153107710538536
frangieh_melanoma_control,env__v~frangiehizar2021%5Frna__v~patient-derived%5Fmelanoma__v~rna__v~control,FrangiehIzar2021_RNA,Control,perturbation_2,SNRPF,4,"0,1,2",1.007128773646169,0.8205623896898543,0.1794376103101457,0.00011211333918183496,11.0,strong_linear,five_fold_perturbation_label_OOF,0,0,0.9555595126282003,1.0781710991397082,0.9704629038824636
frangieh_melanoma_control,env__v~frangiehizar2021%5Frna__v~patient-derived%5Fmelanoma__v~rna__v~control,FrangiehIzar2021_RNA,Control,perturbation_2,SNRPG,0,"0,1,2",0.9586244317052,0.8198209640165263,0.18017903598347373,0.00013907411894545973,19.0,strong_linear,five_fold_perturbation_label_OOF,0,0,0.9463698087814287,0.9767092328996643,0.9703209180717245
frangieh_melanoma_control,env__v~frangiehizar2021%5Frna__v~patient-derived%5Fmelanoma__v~rna__v~control,FrangiehIzar2021_RNA,Control,perturbation_2,SOX4,1,"0,1,2",0.7346524509784852,0.8783921055808236,0.12160789441917641,7.316994590659072e-05,187.0,strong_linear,five_fold_perturbation_label_OOF,0,0,0.7590895113949028,0.7902474632157033,0.7580681786973521
frangieh_melanoma_control,env__v~frangiehizar2021%5Frna__v~patient-derived%5Fmelanoma__v~rna__v~control,FrangiehIzar2021_RNA,Control,perturbation_2,SP100,1,"0,1,2",0.6667988138452757,0.836232569456289,0.163767430543711,7.149636000639668e-05,149.0,strong_linear,five_fold_perturbation_label_OOF,0,0,0.6671052869859514,0.7811644587747749,0.7199432055971873
frangieh_melanoma_control,env__v~frangiehizar2021%5Frna__v~patient-derived%5Fmelanoma__v~rna__v~control,FrangiehIzar2021_RNA,Control,perturbation_2,SPESP1,0,"0,1,2",0.6301516388634472,0.8257768620238018,0.17422313797619815,7.906058493870154e-05,169.0,strong_linear,five_fold_perturbation_label_OOF,0,0,0.8224608538424202,0.6414127612120031,0.5826104630834147
frangieh_melanoma_control,env__v~frangiehizar2021%5Frna__v~patient-derived%5Fmelanoma__v~rna__v~control,FrangiehIzar2021_RNA,Control,perturbation_2,SPINT1,4,"0,1,2",0.720781870234784,0.9809791318515374,0.0190208681484626,6.149984859632781e-06,161.0,strong_linear,five_fold_perturbation_label_OOF,0,0,0.7388746204012869,0.7082138469695887,0.7317678591528041
frangieh_melanoma_control,env__v~frangiehizar2021%5Frna__v~patient-derived%5Fmelanoma__v~rna__v~control,FrangiehIzar2021_RNA,Control,perturbation_2,SSR2,4,"0,1,2",0.8032319372659249,0.8347041594331296,0.1652958405668704,0.00012865143990389472,109.0,strong_linear,five_fold_perturbation_label_OOF,0,0,0.7755886853339746,0.8100918928003243,0.9146037864652128
frangieh_melanoma_control,env__v~frangiehizar2021%5Frna__v~patient-derived%5Fmelanoma__v~rna__v~control,FrangiehIzar2021_RNA,Control,perturbation_2,ST3GAL6-AS1,2,"0,1,2",0.7091646207630968,0.9782975137367985,0.02170248626320148,7.433022921543715e-06,161.0,strong_linear,five_fold_perturbation_label_OOF,0,0,0.7065069198785072,0.7155447535512549,0.724913755912959
frangieh_melanoma_control,env__v~frangiehizar2021%5Frna__v~patient-derived%5Fmelanoma__v~rna__v~control,FrangiehIzar2021_RNA,Control,perturbation_2,ST6GALNAC2,4,"0,1,2",0.633267166931373,0.9803569206173618,0.019643079382638207,5.979818835057328e-06,117.0,strong_linear,five_fold_perturbation_label_OOF,0,0,0.6321451861452885,0.6410755878179759,0.6481207652589835
frangieh_melanoma_control,env__v~frangiehizar2021%5Frna__v~patient-derived%5Fmelanoma__v~rna__v~control,FrangiehIzar2021_RNA,Control,perturbation_2,STAT1,4,"0,1,2",0.6870559413655978,0.8958349917523304,0.10416500824766961,7.448131357565824e-05,124.0,strong_linear,five_fold_perturbation_label_OOF,0,0,0.6799719722793794,0.7112787734569681,0.7611665032732352
frangieh_melanoma_control,env__v~frangiehizar2021%5Frna__v~patient-derived%5Fmelanoma__v~rna__v~control,FrangiehIzar2021_RNA,Control,perturbation_2,STAT3,2,"0,1,2",0.6159534418469406,0.9071420406118441,0.09285795938815589,4.151705766178548e-05,134.0,strong_linear,five_fold_perturbation_label_OOF,0,0,0.6474430886697714,0.6651451887786631,0.6427360156163047
frangieh_melanoma_control,env__v~frangiehizar2021%5Frna__v~patient-derived%5Fmelanoma__v~rna__v~control,FrangiehIzar2021_RNA,Control,perturbation_2,STOM,4,"0,1,2",0.6969112704789161,0.9418961203217409,0.05810387967825914,3.4412061097689735e-05,161.0,strong_linear,five_fold_perturbation_label_OOF,0,0,0.6977401731374707,0.720995395303963,0.7215340590801856
frangieh_melanoma_control,env__v~frangiehizar2021%5Frna__v~patient-derived%5Fmelanoma__v~rna__v~control,FrangiehIzar2021_RNA,Control,perturbation_2,STX7,0,"0,1,2",0.651443004005871,0.8827511941163295,0.11724880588367048,4.5403007494290025e-05,147.0,strong_linear,five_fold_perturbation_label_OOF,0,0,0.6787614424071822,0.7026206076900536,0.6954759655581251
frangieh_melanoma_control,env__v~frangiehizar2021%5Frna__v~patient-derived%5Fmelanoma__v~rna__v~control,FrangiehIzar2021_RNA,Control,perturbation_2,TAPBP,2,"0,1,2",0.5109880969487275,0.8923989647645582,0.10760103523544184,8.597921776793912e-05,141.0,strong_linear,five_fold_perturbation_label_OOF,0,0,0.5589397666033361,0.5624491176574231,0.5634981839282367
frangieh_melanoma_control,env__v~frangiehizar2021%5Frna__v~patient-derived%5Fmelanoma__v~rna__v~control,FrangiehIzar2021_RNA,Control,perturbation_2,TAPBPL,3,"0,1,2",0.5302889629370952,0.9755341312779239,0.024465868722076123,9.15630391557075e-06,154.0,strong_linear,five_fold_perturbation_label_OOF,0,0,0.5353788700233999,0.5227140583392474,0.5683917341702523
frangieh_melanoma_control,env__v~frangiehizar2021%5Frna__v~patient-derived%5Fmelanoma__v~rna__v~control,FrangiehIzar2021_RNA,Control,perturbation_2,TFAP2A,4,"0,1,2",0.6857540588224241,0.8476444074385814,0.15235559256141862,6.650700088734665e-05,135.0,strong_linear,five_fold_perturbation_label_OOF,0,0,0.7355238082266853,0.7762778605684743,0.6925637505504932
frangieh_melanoma_control,env__v~frangiehizar2021%5Frna__v~patient-derived%5Fmelanoma__v~rna__v~control,FrangiehIzar2021_RNA,Control,perturbation_2,TGFB1,0,"0,1,2",0.6277375772043745,0.7567742933926982,0.2432257066073018,0.00022903817192275694,181.0,strong_linear,five_fold_perturbation_label_OOF,0,0,0.7681701464115214,0.6629397386265388,0.6942152275612866
frangieh_melanoma_control,env__v~frangiehizar2021%5Frna__v~patient-derived%5Fmelanoma__v~rna__v~control,FrangiehIzar2021_RNA,Control,perturbation_2,TIMM50,2,"0,1,2",0.6953503804872301,0.7785046954459308,0.22149530455406918,0.00014961166088951544,104.0,strong_linear,five_fold_perturbation_label_OOF,0,0,0.7520641439993774,0.7197814373312436,0.8216363573451879
frangieh_melanoma_control,env__v~frangiehizar2021%5Frna__v~patient-derived%5Fmelanoma__v~rna__v~control,FrangiehIzar2021_RNA,Control,perturbation_2,TIMP1,3,"0,1,2",0.6310681666288052,0.7896185736911896,0.2103814263088104,0.000747911278435408,146.0,strong_linear,five_fold_perturbation_label_OOF,0,0,0.755479947699637,0.6444911093104284,0.6827839335961008
frangieh_melanoma_control,env__v~frangiehizar2021%5Frna__v~patient-derived%5Fmelanoma__v~rna__v~control,FrangiehIzar2021_RNA,Control,perturbation_2,TIMP2,4,"0,1,2",0.85278569496618,0.8155343843947372,0.18446561560526276,0.00010633359219547526,116.0,strong_linear,five_fold_perturbation_label_OOF,0,0,0.860143238900554,0.8989296003550266,0.8819841968270369
frangieh_melanoma_control,env__v~frangiehizar2021%5Frna__v~patient-derived%5Fmelanoma__v~rna__v~control,FrangiehIzar2021_RNA,Control,perturbation_2,TIMP3,2,"0,1,2",0.8493377170976321,0.6641454510212786,0.33585454897872136,0.00028998935392414763,122.0,strong_linear,five_fold_perturbation_label_OOF,0,0,0.7979313172977429,0.7262025892865722,1.0672730659631628
frangieh_melanoma_control,env__v~frangiehizar2021%5Frna__v~patient-derived%5Fmelanoma__v~rna__v~control,FrangiehIzar2021_RNA,Control,perturbation_2,TM4SF1,2,"0,1,2",0.6488933552617275,0.8198146081728113,0.18018539182718873,0.00016011540955948193,158.0,strong_linear,five_fold_perturbation_label_OOF,0,0,0.7377756797538422,0.7043492554743309,0.6845763540858554
frangieh_melanoma_control,env__v~frangiehizar2021%5Frna__v~patient-derived%5Fmelanoma__v~rna__v~control,FrangiehIzar2021_RNA,Control,perturbation_2,TMED10,0,"0,1,2",1.1326636540688946,0.8558019057293992,0.14419809427060082,6.905110856960728e-05,54.0,strong_linear,five_fold_perturbation_label_OOF,0,0,1.0400772614330935,1.1223638741977362,1.17350246323444
frangieh_melanoma_control,env__v~frangiehizar2021%5Frna__v~patient-derived%5Fmelanoma__v~rna__v~control,FrangiehIzar2021_RNA,Control,perturbation_2,TMEM173,3,"0,1,2",0.6524325879815048,0.9619834641764001,0.03801653582359987,1.4365372856084754e-05,148.0,strong_linear,five_fold_perturbation_label_OOF,0,0,0.6615461378528638,0.6524175035325992,0.684809897109013
frangieh_melanoma_control,env__v~frangiehizar2021%5Frna__v~patient-derived%5Fmelanoma__v~rna__v~control,FrangiehIzar2021_RNA,Control,perturbation_2,TOP1MT,4,"0,1,2",0.7155961235871492,0.9058336811556224,0.09416631884437765,3.0147798245111505e-05,144.0,strong_linear,five_fold_perturbation_label_OOF,0,0,0.8114445377464924,0.6724869973369438,0.7495454077713792
frangieh_melanoma_control,env__v~frangiehizar2021%5Frna__v~patient-derived%5Fmelanoma__v~rna__v~control,FrangiehIzar2021_RNA,Control,perturbation_2,TP53,3,"0,1,2",0.7459649407873444,0.9645592634767132,0.03544073652328683,1.3468588987589717e-05,140.0,strong_linear,five_fold_perturbation_label_OOF,0,0,0.7435813057867486,0.7655558472606172,0.7566194318835346
frangieh_melanoma_control,env__v~frangiehizar2021%5Frna__v~patient-derived%5Fmelanoma__v~rna__v~control,FrangiehIzar2021_RNA,Control,perturbation_2,TPP1,4,"0,1,2",0.743377494890038,0.9522319071304531,0.04776809286954686,1.6653427989884887e-05,137.0,strong_linear,five_fold_perturbation_label_OOF,0,0,0.740509413100556,0.7516378961237383,0.7757617310059765
frangieh_melanoma_control,env__v~frangiehizar2021%5Frna__v~patient-derived%5Fmelanoma__v~rna__v~control,FrangiehIzar2021_RNA,Control,perturbation_2,TPRKB,2,"0,1,2",1.2858583428768535,0.7809362603390211,0.21906373966097892,0.0002026472307857247,48.0,strong_linear,five_fold_perturbation_label_OOF,0,0,1.2347208578968567,1.150869557716646,1.2727381080639548
frangieh_melanoma_control,env__v~frangiehizar2021%5Frna__v~patient-derived%5Fmelanoma__v~rna__v~control,FrangiehIzar2021_RNA,Control,perturbation_2,TRIM22,3,"0,1,2",0.7040932560578936,0.9821776220918862,0.017822377908113807,6.797784466131905e-06,111.0,strong_linear,five_fold_perturbation_label_OOF,0,0,0.7123740015654325,0.7029540335086373,0.7124514565336983
frangieh_melanoma_control,env__v~frangiehizar2021%5Frna__v~patient-derived%5Fmelanoma__v~rna__v~control,FrangiehIzar2021_RNA,Control,perturbation_2,TSC22D3,2,"0,1,2",0.6923978558298411,0.9381862893464011,0.06181371065359886,2.341050774631738e-05,181.0,strong_linear,five_fold_perturbation_label_OOF,0,0,0.6838778886328669,0.726324388738708,0.7267373084396234
frangieh_melanoma_control,env__v~frangiehizar2021%5Frna__v~patient-derived%5Fmelanoma__v~rna__v~control,FrangiehIzar2021_RNA,Control,perturbation_2,TTLL1,2,"0,1,2",0.6148898213376839,0.9801696893208863,0.019830310679113672,7.053196808339994e-06,174.0,strong_linear,five_fold_perturbation_label_OOF,0,0,0.6211873949431179,0.617255338495958,0.6290602761809305
frangieh_melanoma_control,env__v~frangiehizar2021%5Frna__v~patient-derived%5Fmelanoma__v~rna__v~control,FrangiehIzar2021_RNA,Control,perturbation_2,TXNDC17,2,"0,1,2",0.5449423285426143,0.8657972376914337,0.13420276230856631,8.843725730713542e-05,139.0,strong_linear,five_fold_perturbation_label_OOF,0,0,0.602694536524171,0.6110055524287588,0.6013066160059235
frangieh_melanoma_control,env__v~frangiehizar2021%5Frna__v~patient-derived%5Fmelanoma__v~rna__v~control,FrangiehIzar2021_RNA,Control,perturbation_2,TYR,3,"0,1,2",0.6874166365252246,0.9808900016581732,0.019109998341826806,7.166415343845422e-06,141.0,strong_linear,five_fold_perturbation_label_OOF,0,0,0.6900400544777952,0.6979157789210388,0.692367824931574
frangieh_melanoma_control,env__v~frangiehizar2021%5Frna__v~patient-derived%5Fmelanoma__v~rna__v~control,FrangiehIzar2021_RNA,Control,perturbation_2,UBA52,1,"0,1,2",1.0048151805295022,0.8507796502464139,0.1492203497535861,0.00013878719748864615,10.0,strong_linear,five_fold_perturbation_label_OOF,0,0,0.990084546865623,0.9736784944126069,1.0340667378436155
frangieh_melanoma_control,env__v~frangiehizar2021%5Frna__v~patient-derived%5Fmelanoma__v~rna__v~control,FrangiehIzar2021_RNA,Control,perturbation_2,UBC,4,"0,1,2",0.8356113554714413,0.8148818031599764,0.18511819684002362,0.00013300902444201573,56.0,strong_linear,five_fold_perturbation_label_OOF,0,0,0.760759267838177,0.9659015176607048,0.8441507911161261
frangieh_melanoma_control,env__v~frangiehizar2021%5Frna__v~patient-derived%5Fmelanoma__v~rna__v~control,FrangiehIzar2021_RNA,Control,perturbation_2,UCN2,0,"0,1,2",0.7029871892039462,0.9421942144588429,0.05780578554115712,2.0935908404353057e-05,110.0,strong_linear,five_fold_perturbation_label_OOF,0,0,0.70638975195113,0.7207785912538913,0.7341497660302883
frangieh_melanoma_control,env__v~frangiehizar2021%5Frna__v~patient-derived%5Fmelanoma__v~rna__v~control,FrangiehIzar2021_RNA,Control,perturbation_2,UQCRFS1,2,"0,1,2",1.0408741767366567,0.9176306713289613,0.08236932867103874,6.820419461833023e-05,80.0,strong_linear,five_fold_perturbation_label_OOF,0,0,1.0224154521875721,1.042446458470996,1.0444179716556758
frangieh_melanoma_control,env__v~frangiehizar2021%5Frna__v~patient-derived%5Fmelanoma__v~rna__v~control,FrangiehIzar2021_RNA,Control,perturbation_2,UQCRH,4,"0,1,2",0.9741751550203386,0.8153443168677272,0.18465568313227276,0.00012573572877295664,64.0,strong_linear,five_fold_perturbation_label_OOF,0,0,0.9812700888941793,0.9904705599647244,0.9672314279178288
frangieh_melanoma_control,env__v~frangiehizar2021%5Frna__v~patient-derived%5Fmelanoma__v~rna__v~control,FrangiehIzar2021_RNA,Control,perturbation_2,VAT1,3,"0,1,2",0.6215059343261335,0.7254706111419212,0.27452938885807876,0.00020659077313833142,116.0,strong_linear,five_fold_perturbation_label_OOF,0,0,0.6622603685576338,0.6840851437792159,0.8205294297646152
frangieh_melanoma_control,env__v~frangiehizar2021%5Frna__v~patient-derived%5Fmelanoma__v~rna__v~control,FrangiehIzar2021_RNA,Control,perturbation_2,VDAC2,3,"0,1,2",0.7083172838307544,0.8275810803889049,0.17241891961109512,0.00014219958014804687,136.0,strong_linear,five_fold_perturbation_label_OOF,0,0,0.7102863446482455,0.8466199060890934,0.7095946834607838
frangieh_melanoma_control,env__v~frangiehizar2021%5Frna__v~patient-derived%5Fmelanoma__v~rna__v~control,FrangiehIzar2021_RNA,Control,perturbation_2,WBP2,4,"0,1,2",0.6881975865234662,0.9058522254191964,0.09414777458080359,6.892438122781717e-05,125.0,strong_linear,five_fold_perturbation_label_OOF,0,0,0.6984858414442985,0.7295596803104265,0.7178816783261516
frangieh_melanoma_control,env__v~frangiehizar2021%5Frna__v~patient-derived%5Fmelanoma__v~rna__v~control,FrangiehIzar2021_RNA,Control,perturbation_2,WNT7A,2,"0,1,2",0.6126112761288932,0.9796141937948611,0.020385806205138857,6.939589482278541e-06,150.0,strong_linear,five_fold_perturbation_label_OOF,0,0,0.6222582843783475,0.6231854445150715,0.6158955110645499
frangieh_melanoma_control,env__v~frangiehizar2021%5Frna__v~patient-derived%5Fmelanoma__v~rna__v~control,FrangiehIzar2021_RNA,Control,perturbation_2,XAGE1A,3,"0,1,2",0.6788911079812865,0.9812374072635263,0.018762592736473738,7.110184923685281e-06,100.0,strong_linear,five_fold_perturbation_label_OOF,0,0,0.6813128649388052,0.6807362741626642,0.6926202174692296
frangieh_melanoma_ifng,env__v~frangiehizar2021%5Frna__v~patient-derived%5Fmelanoma__v~rna__v~ifn%CE%B3,FrangiehIzar2021_RNA,IFNγ,perturbation_2,A2M,3,"0,1,2",0.38462070828522366,0.9808779757956154,0.01912202420438458,5.9113878140859475e-06,518.0,strong_linear,five_fold_perturbation_label_OOF,0,0,0.3974297604701216,0.3966982787605273,0.39488466324916693
frangieh_melanoma_ifng,env__v~frangiehizar2021%5Frna__v~patient-derived%5Fmelanoma__v~rna__v~ifn%CE%B3,FrangiehIzar2021_RNA,IFNγ,perturbation_2,ACSL3,1,"0,1,2",1.0532842410139898,0.889563045614513,0.11043695438548695,5.6033251947832304e-05,224.0,strong_linear,five_fold_perturbation_label_OOF,0,0,0.9907485021894329,1.1241878424261107,1.020714728584288
frangieh_melanoma_ifng,env__v~frangiehizar2021%5Frna__v~patient-derived%5Fmelanoma__v~rna__v~ifn%CE%B3,FrangiehIzar2021_RNA,IFNγ,perturbation_2,ACTA2,4,"0,1,2",0.43504679845254113,0.9746669379224167,0.025333062077583346,7.661728268449396e-06,600.0,strong_linear,five_fold_perturbation_label_OOF,0,0,0.4475605400145021,0.4450242250501232,0.4555193124575808
frangieh_melanoma_ifng,env__v~frangiehizar2021%5Frna__v~patient-derived%5Fmelanoma__v~rna__v~ifn%CE%B3,FrangiehIzar2021_RNA,IFNγ,perturbation_2,AEBP1,0,"0,1,2",0.4919757571188843,0.920288245449664,0.07971175455033597,4.37549231812141e-05,523.0,strong_linear,five_fold_perturbation_label_OOF,0,0,0.5849423206214418,0.474966826554133,0.5202949684101401
frangieh_melanoma_ifng,env__v~frangiehizar2021%5Frna__v~patient-derived%5Fmelanoma__v~rna__v~ifn%CE%B3,FrangiehIzar2021_RNA,IFNγ,perturbation_2,AGA,1,"0,1,2",0.54763612342343,0.8725351865765396,0.1274648134234604,4.8027558166649523e-05,413.0,strong_linear,five_fold_perturbation_label_OOF,0,0,0.6626682688518666,0.5406714721297543,0.6152238337599328
frangieh_melanoma_ifng,env__v~frangiehizar2021%5Frna__v~patient-derived%5Fmelanoma__v~rna__v~ifn%CE%B3,FrangiehIzar2021_RNA,IFNγ,perturbation_2,AHCY,4,"0,1,2",0.9397513271410513,0.8265582043842493,0.17344179561575068,0.00010041648504455808,34.0,strong_linear,five_fold_perturbation_label_OOF,0,0,0.9420899759141609,0.9096283292788693,0.9853018875450421
frangieh_melanoma_ifng,env__v~frangiehizar2021%5Frna__v~patient-derived%5Fmelanoma__v~rna__v~ifn%CE%B3,FrangiehIzar2021_RNA,IFNγ,perturbation_2,AHNAK,0,"0,1,2",0.6655410535093902,0.7386861526672739,0.2613138473327261,0.00019378467834386216,425.0,strong_linear,five_fold_perturbation_label_OOF,0,0,0.6887464861171465,0.7461951701468634,0.7966697074551983
frangieh_melanoma_ifng,env__v~frangiehizar2021%5Frna__v~patient-derived%5Fmelanoma__v~rna__v~ifn%CE%B3,FrangiehIzar2021_RNA,IFNγ,perturbation_2,APOC2,1,"0,1,2",0.45950239824007977,0.9771442004541848,0.02285579954581518,6.3874954243847145e-06,464.0,strong_linear,five_fold_perturbation_label_OOF,0,0,0.4725415928051596,0.47147557805435547,0.471545362989085
frangieh_melanoma_ifng,env__v~frangiehizar2021%5Frna__v~patient-derived%5Fmelanoma__v~rna__v~ifn%CE%B3,FrangiehIzar2021_RNA,IFNγ,perturbation_2,APOD,2,"0,1,2",0.5856537170781542,0.984799784505423,0.015200215494576952,4.72367992210993e-06,455.0,strong_linear,five_fold_perturbation_label_OOF,0,0,0.5990379990025074,0.6068148247041248,0.5710410455329485
frangieh_melanoma_ifng,env__v~frangiehizar2021%5Frna__v~patient-derived%5Fmelanoma__v~rna__v~ifn%CE%B3,FrangiehIzar2021_RNA,IFNγ,perturbation_2,APOE,3,"0,1,2",0.42630290779643165,0.962600747554145,0.03739925244585496,1.2598790401830216e-05,454.0,strong_linear,five_fold_perturbation_label_OOF,0,0,0.44851305105238193,0.4465020609318576,0.4488357110619765
frangieh_melanoma_ifng,env__v~frangiehizar2021%5Frna__v~patient-derived%5Fmelanoma__v~rna__v~ifn%CE%B3,FrangiehIzar2021_RNA,IFNγ,perturbation_2,ARMC6,0,"0,1,2",0.5001331974263401,0.9410860132821538,0.0589139867178462,1.9356147762029536e-05,376.0,strong_linear,five_fold_perturbation_label_OOF,0,0,0.5417365138303909,0.5283184069839295,0.5186079996053523
frangieh_melanoma_ifng,env__v~frangiehizar2021%5Frna__v~patient-derived%5Fmelanoma__v~rna__v~ifn%CE%B3,FrangiehIzar2021_RNA,IFNγ,perturbation_2,ATP1A1,2,"0,1,2",0.7892991726645219,0.8783404111451616,0.12165958885483841,7.122506748552842e-05,26.0,strong_linear,five_fold_perturbation_label_OOF,0,0,0.8052842171330596,0.8323402612013786,0.7999076844946487
frangieh_melanoma_ifng,env__v~frangiehizar2021%5Frna__v~patient-derived%5Fmelanoma__v~rna__v~ifn%CE%B3,FrangiehIzar2021_RNA,IFNγ,perturbation_2,ATP1B1,2,"0,1,2",0.5052569648968132,0.901375994739949,0.098624005260051,5.111629697085416e-05,445.0,strong_linear,five_fold_perturbation_label_OOF,0,0,0.5635417674368645,0.5431538183988245,0.5564373717786457
frangieh_melanoma_ifng,env__v~frangiehizar2021%5Frna__v~patient-derived%5Fmelanoma__v~rna__v~ifn%CE%B3,FrangiehIzar2021_RNA,IFNγ,perturbation_2,ATP5MD,0,"0,1,2",0.701290152975443,0.8441554349729321,0.1558445650270679,0.0001118489103397017,243.0,strong_linear,five_fold_perturbation_label_OOF,0,0,0.754926041479336,0.6859056800838123,0.7925547575922458
frangieh_melanoma_ifng,env__v~frangiehizar2021%5Frna__v~patient-derived%5Fmelanoma__v~rna__v~ifn%CE%B3,FrangiehIzar2021_RNA,IFNγ,perturbation_2,B2M,4,"0,1,2",0.6241402554898199,0.9113359304541543,0.08866406954584571,0.0001134820326748557,528.0,strong_linear,five_fold_perturbation_label_OOF,0,0,0.6042217259940363,0.7055955916645185,0.6951244668124515
frangieh_melanoma_ifng,env__v~frangiehizar2021%5Frna__v~patient-derived%5Fmelanoma__v~rna__v~ifn%CE%B3,FrangiehIzar2021_RNA,IFNγ,perturbation_2,BOLA2,3,"0,1,2",0.5158989977991422,0.9779761705994036,0.02202382940059644,7.634826528974982e-06,293.0,strong_linear,five_fold_perturbation_label_OOF,0,0,0.5386152662227058,0.5101322991723332,0.528382166048498
frangieh_melanoma_ifng,env__v~frangiehizar2021%5Frna__v~patient-derived%5Fmelanoma__v~rna__v~ifn%CE%B3,FrangiehIzar2021_RNA,IFNγ,perturbation_2,BOLA2B,4,"0,1,2",0.723949345426042,0.9714355175348062,0.02856448246519383,1.00006750392321e-05,269.0,strong_linear,five_fold_perturbation_label_OOF,0,0,0.7396896757311833,0.7286873689129552,0.726610135785833
frangieh_melanoma_ifng,env__v~frangiehizar2021%5Frna__v~patient-derived%5Fmelanoma__v~rna__v~ifn%CE%B3,FrangiehIzar2021_RNA,IFNγ,perturbation_2,BZW2,3,"0,1,2",0.7130665145293671,0.804123290144862,0.19587670985513805,7.530743120845173e-05,364.0,strong_linear,five_fold_perturbation_label_OOF,0,0,0.6209665886652989,0.7836199014049775,0.8519714187441002
frangieh_melanoma_ifng,env__v~frangiehizar2021%5Frna__v~patient-derived%5Fmelanoma__v~rna__v~ifn%CE%B3,FrangiehIzar2021_RNA,IFNγ,perturbation_2,C19orf48,1,"0,1,2",0.6613632514015306,0.8980686562384325,0.10193134376156754,8.896600143430382e-05,446.0,strong_linear,five_fold_perturbation_label_OOF,0,0,0.6234141177848147,0.8022318399259187,0.5943237097143761
frangieh_melanoma_ifng,env__v~frangiehizar2021%5Frna__v~patient-derived%5Fmelanoma__v~rna__v~ifn%CE%B3,FrangiehIzar2021_RNA,IFNγ,perturbation_2,C1QBP,2,"0,1,2",0.939218577879821,0.8825616924203507,0.11743830757964935,8.443709481120952e-05,301.0,strong_linear,five_fold_perturbation_label_OOF,0,0,0.9489044984432072,0.9005716439142353,0.9861647681798856
frangieh_melanoma_ifng,env__v~frangiehizar2021%5Frna__v~patient-derived%5Fmelanoma__v~rna__v~ifn%CE%B3,FrangiehIzar2021_RNA,IFNγ,perturbation_2,C6orf226,4,"0,1,2",0.6529146431566706,0.9455598914979279,0.05444010850207215,2.292474923882665e-05,409.0,strong_linear,five_fold_perturbation_label_OOF,0,0,0.7221599938126181,0.646328248700945,0.6493799773648846
frangieh_melanoma_ifng,env__v~frangiehizar2021%5Frna__v~patient-derived%5Fmelanoma__v~rna__v~ifn%CE%B3,FrangiehIzar2021_RNA,IFNγ,perturbation_2,CCND1,0,"0,1,2",0.9040005805395204,0.7768780257762119,0.2231219742237881,0.00019568028975098844,270.0,strong_linear,five_fold_perturbation_label_OOF,0,0,0.8399947732864018,0.966236952350616,0.9714096520108761
frangieh_melanoma_ifng,env__v~frangiehizar2021%5Frna__v~patient-derived%5Fmelanoma__v~rna__v~ifn%CE%B3,FrangiehIzar2021_RNA,IFNγ,perturbation_2,CCND2,4,"0,1,2",0.538456108512394,0.9795792147407635,0.020420785259236518,6.227329213521686e-06,401.0,strong_linear,five_fold_perturbation_label_OOF,0,0,0.5637458203926178,0.5418374811600042,0.5385444411039824
frangieh_melanoma_ifng,env__v~frangiehizar2021%5Frna__v~patient-derived%5Fmelanoma__v~rna__v~ifn%CE%B3,FrangiehIzar2021_RNA,IFNγ,perturbation_2,CCR10,4,"0,1,2",0.4917389547106642,0.9794153540281507,0.02058464597184928,6.22344046629402e-06,391.0,strong_linear,five_fold_perturbation_label_OOF,0,0,0.503032841544363,0.48719501060001724,0.5169096496427507
frangieh_melanoma_ifng,env__v~frangiehizar2021%5Frna__v~patient-derived%5Fmelanoma__v~rna__v~ifn%CE%B3,FrangiehIzar2021_RNA,IFNγ,perturbation_2,CCT3,2,"0,1,2",0.8614634319163001,0.8574665471232317,0.14253345287676833,6.914248625662973e-05,73.0,strong_linear,five_fold_perturbation_label_OOF,0,0,0.8772691186070128,0.8933114040499123,0.8683495056309332
frangieh_melanoma_ifng,env__v~frangiehizar2021%5Frna__v~patient-derived%5Fmelanoma__v~rna__v~ifn%CE%B3,FrangiehIzar2021_RNA,IFNγ,perturbation_2,CCT6A,2,"0,1,2",0.9267785102323378,0.8465119224419184,0.15348807755808158,0.00015669519974091913,21.0,strong_linear,five_fold_perturbation_label_OOF,0,0,0.9295417797194732,0.9597188511801109,0.9125275460434047
frangieh_melanoma_ifng,env__v~frangiehizar2021%5Frna__v~patient-derived%5Fmelanoma__v~rna__v~ifn%CE%B3,FrangiehIzar2021_RNA,IFNγ,perturbation_2,CD151,0,"0,1,2",0.5842090321719433,0.9536484080882013,0.04635159191179872,4.0792390434674166e-05,363.0,strong_linear,five_fold_perturbation_label_OOF,0,0,0.6160891499193395,0.5685003147146931,0.6143046077365668
frangieh_melanoma_ifng,env__v~frangiehizar2021%5Frna__v~patient-derived%5Fmelanoma__v~rna__v~ifn%CE%B3,FrangiehIzar2021_RNA,IFNγ,perturbation_2,CD274,4,"0,1,2",0.585378068472197,0.8783831358198363,0.12161686418016371,5.733933527788919e-05,510.0,strong_linear,five_fold_perturbation_label_OOF,0,0,0.6491252512101091,0.5540099870257156,0.7008734286582758
frangieh_melanoma_ifng,env__v~frangiehizar2021%5Frna__v~patient-derived%5Fmelanoma__v~rna__v~ifn%CE%B3,FrangiehIzar2021_RNA,IFNγ,perturbation_2,CD44,4,"0,1,2",0.7258869684647127,0.8855821857797604,0.11441781422023956,7.375328472792022e-05,434.0,strong_linear,five_fold_perturbation_label_OOF,0,0,0.7188139459702387,0.7850280202104378,0.7661235661035888
frangieh_melanoma_ifng,env__v~frangiehizar2021%5Frna__v~patient-derived%5Fmelanoma__v~rna__v~ifn%CE%B3,FrangiehIzar2021_RNA,IFNγ,perturbation_2,CD47,2,"0,1,2",0.6147481645117654,0.8412504268546219,0.15874957314537808,0.00010363058351639422,424.0,strong_linear,five_fold_perturbation_label_OOF,0,0,0.6728890252200643,0.7268397187301021,0.6092532428427166
frangieh_melanoma_ifng,env__v~frangiehizar2021%5Frna__v~patient-derived%5Fmelanoma__v~rna__v~ifn%CE%B3,FrangiehIzar2021_RNA,IFNγ,perturbation_2,CD58,2,"0,1,2",0.6135336556975245,0.8903193081061569,0.10968069189384311,3.6824413595202105e-05,411.0,strong_linear,five_fold_perturbation_label_OOF,0,0,0.6850135604218142,0.6081567148642083,0.6701349310619555
frangieh_melanoma_ifng,env__v~frangiehizar2021%5Frna__v~patient-derived%5Fmelanoma__v~rna__v~ifn%CE%B3,FrangiehIzar2021_RNA,IFNγ,perturbation_2,CD59,0,"0,1,2",0.7203453599727996,0.8694130273792116,0.13058697262078844,0.00015153866814077198,514.0,strong_linear,five_fold_perturbation_label_OOF,0,0,0.8091440100271844,0.6928401254452103,0.7384005249461846
frangieh_melanoma_ifng,env__v~frangiehizar2021%5Frna__v~patient-derived%5Fmelanoma__v~rna__v~ifn%CE%B3,FrangiehIzar2021_RNA,IFNγ,perturbation_2,CD63,1,"0,1,2",0.8513391455285606,0.8705730181130572,0.1294269818869428,0.000138608113151632,350.0,strong_linear,five_fold_perturbation_label_OOF,0,0,0.8520310911362196,0.8409683436609634,0.8989295124003804
frangieh_melanoma_ifng,env__v~frangiehizar2021%5Frna__v~patient-derived%5Fmelanoma__v~rna__v~ifn%CE%B3,FrangiehIzar2021_RNA,IFNγ,perturbation_2,CDC123,2,"0,1,2",0.811169912931075,0.9089740129906656,0.0910259870093344,4.089695360514242e-05,135.0,strong_linear,five_fold_perturbation_label_OOF,0,0,0.8414502823730219,0.7820687010759945,0.854691091287563
frangieh_melanoma_ifng,env__v~frangiehizar2021%5Frna__v~patient-derived%5Fmelanoma__v~rna__v~ifn%CE%B3,FrangiehIzar2021_RNA,IFNγ,perturbation_2,CDH19,4,"0,1,2",0.47117114334116206,0.9794991809666782,0.020500819033321793,6.25124891274085e-06,460.0,strong_linear,five_fold_perturbation_label_OOF,0,0,0.492484727656731,0.47798807377564034,0.4758752500339516
frangieh_melanoma_ifng,env__v~frangiehizar2021%5Frna__v~patient-derived%5Fmelanoma__v~rna__v~ifn%CE%B3,FrangiehIzar2021_RNA,IFNγ,perturbation_2,CDK4,2,"0,1,2",0.5831923482927128,0.8756272040031381,0.1243727959968619,4.9968019600303104e-05,344.0,strong_linear,five_fold_perturbation_label_OOF,0,0,0.5582037154058559,0.6633283000014919,0.670948615881706
frangieh_melanoma_ifng,env__v~frangiehizar2021%5Frna__v~patient-derived%5Fmelanoma__v~rna__v~ifn%CE%B3,FrangiehIzar2021_RNA,IFNγ,perturbation_2,CDK6,3,"0,1,2",0.8245521952575248,0.8019169362427007,0.19808306375729934,8.720487727864308e-05,195.0,strong_linear,five_fold_perturbation_label_OOF,0,0,1.0224045163499018,0.8004620639649307,0.7495082206785655
frangieh_melanoma_ifng,env__v~frangiehizar2021%5Frna__v~patient-derived%5Fmelanoma__v~rna__v~ifn%CE%B3,FrangiehIzar2021_RNA,IFNγ,perturbation_2,CDKN1A,0,"0,1,2",0.4180269260236258,0.9182840041111585,0.08171599588884149,3.566583327621456e-05,394.0,strong_linear,five_fold_perturbation_label_OOF,0,0,0.5895046051840602,0.3866254940078636,0.4287520786050649
frangieh_melanoma_ifng,env__v~frangiehizar2021%5Frna__v~patient-derived%5Fmelanoma__v~rna__v~ifn%CE%B3,FrangiehIzar2021_RNA,IFNγ,perturbation_2,CDKN2A,4,"0,1,2",0.7744791107615215,0.8321054769382813,0.1678945230617187,0.0002004819947215703,393.0,strong_linear,five_fold_perturbation_label_OOF,0,0,0.7950438846595201,0.8640606280430023,0.7577211749549411
frangieh_melanoma_ifng,env__v~frangiehizar2021%5Frna__v~patient-derived%5Fmelanoma__v~rna__v~ifn%CE%B3,FrangiehIzar2021_RNA,IFNγ,perturbation_2,CDKN2B,1,"0,1,2",0.4389592941364351,0.9287134812371103,0.07128651876288972,2.8241758354104044e-05,412.0,strong_linear,five_fold_perturbation_label_OOF,0,0,0.5594017771188367,0.45013398938258886,0.44222414345381644
frangieh_melanoma_ifng,env__v~frangiehizar2021%5Frna__v~patient-derived%5Fmelanoma__v~rna__v~ifn%CE%B3,FrangiehIzar2021_RNA,IFNγ,perturbation_2,CGAS,0,"0,1,2",0.5717145424278405,0.8324762812188342,0.1675237187811658,7.379619709170813e-05,305.0,strong_linear,five_fold_perturbation_label_OOF,0,0,0.7617999921361681,0.5788218969236261,0.5881759594948837
frangieh_melanoma_ifng,env__v~frangiehizar2021%5Frna__v~patient-derived%5Fmelanoma__v~rna__v~ifn%CE%B3,FrangiehIzar2021_RNA,IFNγ,perturbation_2,CHCHD2,2,"0,1,2",0.7478596768225214,0.8057010288456118,0.1942989711543882,0.0001093219381942624,422.0,strong_linear,five_fold_perturbation_label_OOF,0,0,0.7855842424051801,0.7729633869028183,0.838925875425746
frangieh_melanoma_ifng,env__v~frangiehizar2021%5Frna__v~patient-derived%5Fmelanoma__v~rna__v~ifn%CE%B3,FrangiehIzar2021_RNA,IFNγ,perturbation_2,CITED1,1,"0,1,2",0.48437713594257026,0.9768315968014782,0.02316840319852176,6.6059369430130125e-06,417.0,strong_linear,five_fold_perturbation_label_OOF,0,0,0.5120957122892447,0.49233869040641187,0.4849100267578321
frangieh_melanoma_ifng,env__v~frangiehizar2021%5Frna__v~patient-derived%5Fmelanoma__v~rna__v~ifn%CE%B3,FrangiehIzar2021_RNA,IFNγ,perturbation_2,CKS1B,0,"0,1,2",0.8259198001415957,0.723460166565308,0.276539833434692,0.000386409259015864,408.0,strong_linear,five_fold_perturbation_label_OOF,0,0,0.8436047553081261,0.864784437459525,0.8829299318160903
frangieh_melanoma_ifng,env__v~frangiehizar2021%5Frna__v~patient-derived%5Fmelanoma__v~rna__v~ifn%CE%B3,FrangiehIzar2021_RNA,IFNγ,perturbation_2,CMSS1,3,"0,1,2",0.6051158633373478,0.8887204615785501,0.11127953842144989,3.4065071272564476e-05,399.0,strong_linear,five_fold_perturbation_label_OOF,0,0,0.6571758614515211,0.6426327762736719,0.6487463850717559
frangieh_melanoma_ifng,env__v~frangiehizar2021%5Frna__v~patient-derived%5Fmelanoma__v~rna__v~ifn%CE%B3,FrangiehIzar2021_RNA,IFNγ,perturbation_2,CORO1A,4,"0,1,2",0.6054401548396251,0.973140475305284,0.026859524694715975,8.52421623523865e-06,372.0,strong_linear,five_fold_perturbation_label_OOF,0,0,0.6188843494533213,0.6029209375461411,0.6265860719747425
frangieh_melanoma_ifng,env__v~frangiehizar2021%5Frna__v~patient-derived%5Fmelanoma__v~rna__v~ifn%CE%B3,FrangiehIzar2021_RNA,IFNγ,perturbation_2,CSPG4,0,"0,1,2",0.6323497231712943,0.9716397802422744,0.028360219757725624,7.85712610782481e-06,464.0,strong_linear,five_fold_perturbation_label_OOF,0,0,0.6623034703244278,0.6195509069370436,0.6476885864293555
frangieh_melanoma_ifng,env__v~frangiehizar2021%5Frna__v~patient-derived%5Fmelanoma__v~rna__v~ifn%CE%B3,FrangiehIzar2021_RNA,IFNγ,perturbation_2,CST3,2,"0,1,2",0.7765897365506802,0.8712817895758546,0.12871821042414544,0.00013719681850239275,273.0,strong_linear,five_fold_perturbation_label_OOF,0,0,0.8305730968382792,0.8402030064779179,0.7126691177310505
frangieh_melanoma_ifng,env__v~frangiehizar2021%5Frna__v~patient-derived%5Fmelanoma__v~rna__v~ifn%CE%B3,FrangiehIzar2021_RNA,IFNγ,perturbation_2,CTPS1,3,"0,1,2",1.1014005139465328,0.8444422982659057,0.15555770173409433,5.1975265802896094e-05,189.0,strong_linear,five_fold_perturbation_label_OOF,0,0,1.130120216250629,1.1037451906610838,1.0245135188932217
frangieh_melanoma_ifng,env__v~frangiehizar2021%5Frna__v~patient-derived%5Fmelanoma__v~rna__v~ifn%CE%B3,FrangiehIzar2021_RNA,IFNγ,perturbation_2,CTSA,4,"0,1,2",0.779309443612265,0.7762356553424575,0.22376434465754247,0.00028873289843503,366.0,strong_linear,five_fold_perturbation_label_OOF,0,0,0.7578057755348235,0.8343825021282977,0.8720873729526887
frangieh_melanoma_ifng,env__v~frangiehizar2021%5Frna__v~patient-derived%5Fmelanoma__v~rna__v~ifn%CE%B3,FrangiehIzar2021_RNA,IFNγ,perturbation_2,CTSB,0,"0,1,2",0.498847782162426,0.8750128509187781,0.12498714908122188,0.00015704034930543725,430.0,strong_linear,five_fold_perturbation_label_OOF,0,0,0.6471510477961894,0.49683388988529376,0.5210986020876875
frangieh_melanoma_ifng,env__v~frangiehizar2021%5Frna__v~patient-derived%5Fmelanoma__v~rna__v~ifn%CE%B3,FrangiehIzar2021_RNA,IFNγ,perturbation_2,CTSD,2,"0,1,2",0.5440037073158461,0.897826061824194,0.102173938175806,7.928039964658335e-05,475.0,strong_linear,five_fold_perturbation_label_OOF,0,0,0.5709823284052731,0.6238136284472344,0.5606116296700114
frangieh_melanoma_ifng,env__v~frangiehizar2021%5Frna__v~patient-derived%5Fmelanoma__v~rna__v~ifn%CE%B3,FrangiehIzar2021_RNA,IFNγ,perturbation_2,CTSL,1,"0,1,2",0.8241335545498334,0.8829478740483617,0.11705212595163828,0.00016385898770179447,354.0,strong_linear,five_fold_perturbation_label_OOF,0,0,0.8384488721593986,0.851458609288621,0.8430678374316166
frangieh_melanoma_ifng,env__v~frangiehizar2021%5Frna__v~patient-derived%5Fmelanoma__v~rna__v~ifn%CE%B3,FrangiehIzar2021_RNA,IFNγ,perturbation_2,CTSO,2,"0,1,2",0.4312116208023412,0.9586355320861458,0.041364467913854175,1.5134658757715072e-05,420.0,strong_linear,five_fold_perturbation_label_OOF,0,0,0.43424893511167073,0.46927162370347597,0.4581504342433289
frangieh_melanoma_ifng,env__v~frangiehizar2021%5Frna__v~patient-derived%5Fmelanoma__v~rna__v~ifn%CE%B3,FrangiehIzar2021_RNA,IFNγ,perturbation_2,CXCR4,0,"0,1,2",0.5381572334085993,0.9717564662407647,0.028243533759235273,7.809323987460723e-06,336.0,strong_linear,five_fold_perturbation_label_OOF,0,0,0.5673464579233278,0.5325416404167226,0.5546425044877727
frangieh_melanoma_ifng,env__v~frangiehizar2021%5Frna__v~patient-derived%5Fmelanoma__v~rna__v~ifn%CE%B3,FrangiehIzar2021_RNA,IFNγ,perturbation_2,CYP27A1,1,"0,1,2",0.6144402795247568,0.970692835801832,0.029307164198168034,8.870630629018423e-06,353.0,strong_linear,five_fold_perturbation_label_OOF,0,0,0.6171786584297657,0.6342196130791797,0.6249889813808709
frangieh_melanoma_ifng,env__v~frangiehizar2021%5Frna__v~patient-derived%5Fmelanoma__v~rna__v~ifn%CE%B3,FrangiehIzar2021_RNA,IFNγ,perturbation_2,DAG1,1,"0,1,2",0.7590285308313673,0.8761067196177842,0.12389328038221581,4.397923247256368e-05,321.0,strong_linear,five_fold_perturbation_label_OOF,0,0,0.8111608938603025,0.7757510561887333,0.780888948965294
frangieh_melanoma_ifng,env__v~frangiehizar2021%5Frna__v~patient-derived%5Fmelanoma__v~rna__v~ifn%CE%B3,FrangiehIzar2021_RNA,IFNγ,perturbation_2,DDR1,3,"0,1,2",0.4734669996018356,0.9328083461056594,0.06719165389434056,2.4671448574725164e-05,373.0,strong_linear,five_fold_perturbation_label_OOF,0,0,0.4938675922742438,0.4848929202345401,0.5455792137203046
frangieh_melanoma_ifng,env__v~frangiehizar2021%5Frna__v~patient-derived%5Fmelanoma__v~rna__v~ifn%CE%B3,FrangiehIzar2021_RNA,IFNγ,perturbation_2,DDX17,4,"0,1,2",0.643365110155764,0.8188071347753522,0.18119286522464784,0.00020229283770551934,306.0,strong_linear,five_fold_perturbation_label_OOF,0,0,0.614415633534985,0.5894130156941815,0.8000642296330988
frangieh_melanoma_ifng,env__v~frangiehizar2021%5Frna__v~patient-derived%5Fmelanoma__v~rna__v~ifn%CE%B3,FrangiehIzar2021_RNA,IFNγ,perturbation_2,DDX39A,0,"0,1,2",0.8439768374743938,0.7176295901358505,0.2823704098641495,0.00013877555313009996,247.0,strong_linear,five_fold_perturbation_label_OOF,0,0,0.9257274541169744,0.8967107851100975,0.8354237767534098
frangieh_melanoma_ifng,env__v~frangiehizar2021%5Frna__v~patient-derived%5Fmelanoma__v~rna__v~ifn%CE%B3,FrangiehIzar2021_RNA,IFNγ,perturbation_2,DLL3,1,"0,1,2",0.5276430507408236,0.9482095059583995,0.05179049404160052,1.815977591483442e-05,369.0,strong_linear,five_fold_perturbation_label_OOF,0,0,0.5349280522299636,0.5555310488764478,0.5633570772948364
frangieh_melanoma_ifng,env__v~frangiehizar2021%5Frna__v~patient-derived%5Fmelanoma__v~rna__v~ifn%CE%B3,FrangiehIzar2021_RNA,IFNγ,perturbation_2,DNAJC9,2,"0,1,2",0.9750044384807541,0.9162122506262144,0.08378774937378564,3.340313861614648e-05,21.0,strong_linear,five_fold_perturbation_label_OOF,0,0,0.9792492094890194,1.0020860436752232,0.949144145720223
frangieh_melanoma_ifng,env__v~frangiehizar2021%5Frna__v~patient-derived%5Fmelanoma__v~rna__v~ifn%CE%B3,FrangiehIzar2021_RNA,IFNγ,perturbation_2,DNMT1,1,"0,1,2",0.8593409537976264,0.8343372927361717,0.16566270726382826,0.00010944651284040387,140.0,strong_linear,five_fold_perturbation_label_OOF,0,0,0.8555057739444252,0.9253056145912884,0.876184534870381
frangieh_melanoma_ifng,env__v~frangiehizar2021%5Frna__v~patient-derived%5Fmelanoma__v~rna__v~ifn%CE%B3,FrangiehIzar2021_RNA,IFNγ,perturbation_2,E2F1,2,"0,1,2",0.5327411218484961,0.9139220425736827,0.0860779574263173,2.776837452047142e-05,257.0,strong_linear,five_fold_perturbation_label_OOF,0,0,0.5364411441706406,0.5966664291187016,0.5846269243919551
frangieh_melanoma_ifng,env__v~frangiehizar2021%5Frna__v~patient-derived%5Fmelanoma__v~rna__v~ifn%CE%B3,FrangiehIzar2021_RNA,IFNγ,perturbation_2,EEA1,1,"0,1,2",0.6034375071940362,0.902760903282264,0.097239096717736,3.433896512373047e-05,295.0,strong_linear,five_fold_perturbation_label_OOF,0,0,0.5309796295286607,0.6562198476872599,0.7083282777402911
frangieh_melanoma_ifng,env__v~frangiehizar2021%5Frna__v~patient-derived%5Fmelanoma__v~rna__v~ifn%CE%B3,FrangiehIzar2021_RNA,IFNγ,perturbation_2,EEF1G,3,"0,1,2",1.145517714603985,0.9752196431723479,0.024780356827652117,7.956202993571564e-06,87.0,strong_linear,five_fold_perturbation_label_OOF,0,0,1.1698298484051897,1.1273810538047382,1.1260957358369745
frangieh_melanoma_ifng,env__v~frangiehizar2021%5Frna__v~patient-derived%5Fmelanoma__v~rna__v~ifn%CE%B3,FrangiehIzar2021_RNA,IFNγ,perturbation_2,EIF2S3,0,"0,1,2",1.0722912661475574,0.873781308276369,0.12621869172363098,7.751881241243165e-05,21.0,strong_linear,five_fold_perturbation_label_OOF,0,0,1.0255480813757343,1.0999318657693955,1.0653203204023298
frangieh_melanoma_ifng,env__v~frangiehizar2021%5Frna__v~patient-derived%5Fmelanoma__v~rna__v~ifn%CE%B3,FrangiehIzar2021_RNA,IFNγ,perturbation_2,EIF3K,2,"0,1,2",0.7763500536943115,0.8616032043994517,0.1383967956005483,6.465992338009985e-05,319.0,strong_linear,five_fold_perturbation_label_OOF,0,0,0.8333246219976652,0.7708755368304078,0.8141409197977301
frangieh_melanoma_ifng,env__v~frangiehizar2021%5Frna__v~patient-derived%5Fmelanoma__v~rna__v~ifn%CE%B3,FrangiehIzar2021_RNA,IFNγ,perturbation_2,EIF4A1,2,"0,1,2",0.9948958600542066,0.8550308315305887,0.14496916846941132,0.0001047661715532068,47.0,strong_linear,five_fold_perturbation_label_OOF,0,0,0.9596488632653569,1.005183985288332,1.009695623102767
frangieh_melanoma_ifng,env__v~frangiehizar2021%5Frna__v~patient-derived%5Fmelanoma__v~rna__v~ifn%CE%B3,FrangiehIzar2021_RNA,IFNγ,perturbation_2,EMP1,3,"0,1,2",0.5285839111026494,0.9481009685986201,0.05189903140137986,1.7580563378211308e-05,376.0,strong_linear,five_fold_perturbation_label_OOF,0,0,0.5257852669369136,0.5443386728966428,0.5846571287527296
frangieh_melanoma_ifng,env__v~frangiehizar2021%5Frna__v~patient-derived%5Fmelanoma__v~rna__v~ifn%CE%B3,FrangiehIzar2021_RNA,IFNγ,perturbation_2,ENPP1,0,"0,1,2",0.5842192560763,0.960299325256179,0.039700674743820996,1.1061865465172401e-05,348.0,strong_linear,five_fold_perturbation_label_OOF,0,0,0.6544967346483626,0.5643570379573755,0.5870467165778352
frangieh_melanoma_ifng,env__v~frangiehizar2021%5Frna__v~patient-derived%5Fmelanoma__v~rna__v~ifn%CE%B3,FrangiehIzar2021_RNA,IFNγ,perturbation_2,EVA1A,3,"0,1,2",0.8430178851609693,0.8139669491459446,0.18603305085405542,9.021798421460411e-05,310.0,strong_linear,five_fold_perturbation_label_OOF,0,0,0.8178778849144199,0.9235100877662676,0.8459017180101379
frangieh_melanoma_ifng,env__v~frangiehizar2021%5Frna__v~patient-derived%5Fmelanoma__v~rna__v~ifn%CE%B3,FrangiehIzar2021_RNA,IFNγ,perturbation_2,FARSA,2,"0,1,2",1.1833626255822964,0.9576764596959656,0.0423235403040344,1.5297301396834363e-05,30.0,strong_linear,five_fold_perturbation_label_OOF,0,0,1.1514886156049624,1.1593471615674447,1.2183334535115438
frangieh_melanoma_ifng,env__v~frangiehizar2021%5Frna__v~patient-derived%5Fmelanoma__v~rna__v~ifn%CE%B3,FrangiehIzar2021_RNA,IFNγ,perturbation_2,FBL,4,"0,1,2",0.8259972309920498,0.8093869071781166,0.19061309282188343,0.00011530141468117453,134.0,strong_linear,five_fold_perturbation_label_OOF,0,0,0.8670186542470922,0.7359891874307409,0.9124849544059798
frangieh_melanoma_ifng,env__v~frangiehizar2021%5Frna__v~patient-derived%5Fmelanoma__v~rna__v~ifn%CE%B3,FrangiehIzar2021_RNA,IFNγ,perturbation_2,FBXO32,1,"0,1,2",0.5027657466090409,0.8739897684974428,0.1260102315025572,5.2956010467374376e-05,394.0,strong_linear,five_fold_perturbation_label_OOF,0,0,0.5658243740974407,0.5174754679579446,0.6133716086554013
frangieh_melanoma_ifng,env__v~frangiehizar2021%5Frna__v~patient-derived%5Fmelanoma__v~rna__v~ifn%CE%B3,FrangiehIzar2021_RNA,IFNγ,perturbation_2,FGFR1,4,"0,1,2",0.5469372941379049,0.9384004337778538,0.06159956622214624,3.1754034248042697e-05,465.0,strong_linear,five_fold_perturbation_label_OOF,0,0,0.5954978788551172,0.5313101883664992,0.594252881420841
frangieh_melanoma_ifng,env__v~frangiehizar2021%5Frna__v~patient-derived%5Fmelanoma__v~rna__v~ifn%CE%B3,FrangiehIzar2021_RNA,IFNγ,perturbation_2,FKBP4,0,"0,1,2",0.7327131365586763,0.7808998904313421,0.21910010956865789,0.00015574329346310062,282.0,strong_linear,five_fold_perturbation_label_OOF,0,0,0.7536346324528568,0.7899564922385166,0.8166887333702495
frangieh_melanoma_ifng,env__v~frangiehizar2021%5Frna__v~patient-derived%5Fmelanoma__v~rna__v~ifn%CE%B3,FrangiehIzar2021_RNA,IFNγ,perturbation_2,FMN1,4,"0,1,2",0.7399153937534115,0.9330108253063797,0.06698917469362031,2.3154865407647862e-05,420.0,strong_linear,five_fold_perturbation_label_OOF,0,0,0.7592411833168912,0.7636402830253443,0.747537978949367
frangieh_melanoma_ifng,env__v~frangiehizar2021%5Frna__v~patient-derived%5Fmelanoma__v~rna__v~ifn%CE%B3,FrangiehIzar2021_RNA,IFNγ,perturbation_2,FOS,2,"0,1,2",0.5382757954239199,0.9790384149839843,0.02096158501601575,6.2877360757068215e-06,279.0,strong_linear,five_fold_perturbation_label_OOF,0,0,0.558994480830812,0.5471134865500651,0.5381273812251743
frangieh_melanoma_ifng,env__v~frangiehizar2021%5Frna__v~patient-derived%5Fmelanoma__v~rna__v~ifn%CE%B3,FrangiehIzar2021_RNA,IFNγ,perturbation_2,FOXM1,3,"0,1,2",0.8129470437851074,0.8538556730229362,0.1461443269770638,6.536733743093688e-05,106.0,strong_linear,five_fold_perturbation_label_OOF,0,0,0.8966863855613841,0.9006239029346209,0.7329024440145808
frangieh_melanoma_ifng,env__v~frangiehizar2021%5Frna__v~patient-derived%5Fmelanoma__v~rna__v~ifn%CE%B3,FrangiehIzar2021_RNA,IFNγ,perturbation_2,FRZB,2,"0,1,2",0.5906699261571922,0.984028432290558,0.01597156770944197,4.949917045260045e-06,248.0,strong_linear,five_fold_perturbation_label_OOF,0,0,0.5973417687067315,0.601686261058276,0.5927985127516295
frangieh_melanoma_ifng,env__v~frangiehizar2021%5Frna__v~patient-derived%5Fmelanoma__v~rna__v~ifn%CE%B3,FrangiehIzar2021_RNA,IFNγ,perturbation_2,FSTL3,4,"0,1,2",0.5505420152564243,0.9097633209569588,0.09023667904304122,2.6422380644406127e-05,414.0,strong_linear,five_fold_perturbation_label_OOF,0,0,0.5855741029724814,0.5946770112344364,0.5877087830693969
frangieh_melanoma_ifng,env__v~frangiehizar2021%5Frna__v~patient-derived%5Fmelanoma__v~rna__v~ifn%CE%B3,FrangiehIzar2021_RNA,IFNγ,perturbation_2,FTH1,1,"0,1,2",0.8459295622020556,0.8116809987865498,0.18831900121345024,0.0003065173460306318,65.0,strong_linear,five_fold_perturbation_label_OOF,0,0,0.8759377012582765,0.8935313931150136,0.818071752544612
frangieh_melanoma_ifng,env__v~frangiehizar2021%5Frna__v~patient-derived%5Fmelanoma__v~rna__v~ifn%CE%B3,FrangiehIzar2021_RNA,IFNγ,perturbation_2,GAA,4,"0,1,2",0.5369353156669939,0.9788753088718111,0.021124691128188933,7.211311134731728e-06,335.0,strong_linear,five_fold_perturbation_label_OOF,0,0,0.5516594075933181,0.5415022454388612,0.5470856081136432
frangieh_melanoma_ifng,env__v~frangiehizar2021%5Frna__v~patient-derived%5Fmelanoma__v~rna__v~ifn%CE%B3,FrangiehIzar2021_RNA,IFNγ,perturbation_2,GAS5,3,"0,1,2",0.48486208258149566,0.9795606153113283,0.02043938468867168,6.156954320041386e-06,346.0,strong_linear,five_fold_perturbation_label_OOF,0,0,0.49539519408353405,0.4935916556283725,0.4968711012716027
frangieh_melanoma_ifng,env__v~frangiehizar2021%5Frna__v~patient-derived%5Fmelanoma__v~rna__v~ifn%CE%B3,FrangiehIzar2021_RNA,IFNγ,perturbation_2,GPATCH4,3,"0,1,2",0.6260170554000279,0.8444073594043884,0.15559264059561162,5.4168169055340473e-05,260.0,strong_linear,five_fold_perturbation_label_OOF,0,0,0.6898505359018399,0.6906506321647851,0.6755277802833306
frangieh_melanoma_ifng,env__v~frangiehizar2021%5Frna__v~patient-derived%5Fmelanoma__v~rna__v~ifn%CE%B3,FrangiehIzar2021_RNA,IFNγ,perturbation_2,GPI,3,"0,1,2",0.9469853178775507,0.8013685988932785,0.1986314011067215,8.492251779705415e-05,60.0,strong_linear,five_fold_perturbation_label_OOF,0,0,0.9197435933602445,1.0054686557007144,0.9449898799144678
frangieh_melanoma_ifng,env__v~frangiehizar2021%5Frna__v~patient-derived%5Fmelanoma__v~rna__v~ifn%CE%B3,FrangiehIzar2021_RNA,IFNγ,perturbation_2,GPNMB,3,"0,1,2",0.5980645521342249,0.9777432211459333,0.02225677885406674,6.8356372561701595e-06,306.0,strong_linear,five_fold_perturbation_label_OOF,0,0,0.6023467385722766,0.6110190426014075,0.6081983615106256
frangieh_melanoma_ifng,env__v~frangiehizar2021%5Frna__v~patient-derived%5Fmelanoma__v~rna__v~ifn%CE%B3,FrangiehIzar2021_RNA,IFNγ,perturbation_2,GRN,1,"0,1,2",0.7561764757119158,0.8935219696623476,0.10647803033765235,0.00012216559320908193,332.0,strong_linear,five_fold_perturbation_label_OOF,0,0,0.7835068764543954,0.7385402434990642,0.8095267704284121
frangieh_melanoma_ifng,env__v~frangiehizar2021%5Frna__v~patient-derived%5Fmelanoma__v~rna__v~ifn%CE%B3,FrangiehIzar2021_RNA,IFNγ,perturbation_2,GSEC,2,"0,1,2",0.6677701155673775,0.9741130937144148,0.02588690628558521,8.227162626630859e-06,168.0,strong_linear,five_fold_perturbation_label_OOF,0,0,0.6654452090610222,0.6774572151671178,0.6857006488024435
frangieh_melanoma_ifng,env__v~frangiehizar2021%5Frna__v~patient-derived%5Fmelanoma__v~rna__v~ifn%CE%B3,FrangiehIzar2021_RNA,IFNγ,perturbation_2,GSN,3,"0,1,2",0.6951181320796567,0.8936589032848978,0.10634109671510217,4.8330273736454897e-05,359.0,strong_linear,five_fold_perturbation_label_OOF,0,0,0.7206358246714633,0.6954071645880524,0.7568773214755327
frangieh_melanoma_ifng,env__v~frangiehizar2021%5Frna__v~patient-derived%5Fmelanoma__v~rna__v~ifn%CE%B3,FrangiehIzar2021_RNA,IFNγ,perturbation_2,HASPIN,1,"0,1,2",0.6643241262217161,0.9660737617110317,0.03392623828896835,1.0200860564124273e-05,204.0,strong_linear,five_fold_perturbation_label_OOF,0,0,0.6733326093899199,0.6643922130797466,0.6887490205484093
frangieh_melanoma_ifng,env__v~frangiehizar2021%5Frna__v~patient-derived%5Fmelanoma__v~rna__v~ifn%CE%B3,FrangiehIzar2021_RNA,IFNγ,perturbation_2,HLA-A,2,"0,1,2",0.6319362667442305,0.9232783784855042,0.0767216215144958,8.03965422219144e-05,386.0,strong_linear,five_fold_perturbation_label_OOF,0,0,0.6501978558563823,0.6590363124788372,0.6650699638594293
frangieh_melanoma_ifng,env__v~frangiehizar2021%5Frna__v~patient-derived%5Fmelanoma__v~rna__v~ifn%CE%B3,FrangiehIzar2021_RNA,IFNγ,perturbation_2,HLA-B,0,"0,1,2",0.7893336085418234,0.8728627835845851,0.12713721641541487,0.00029802757016463016,222.0,strong_linear,five_fold_perturbation_label_OOF,0,0,0.7906813143935331,0.8712099621218542,0.793333063665163
frangieh_melanoma_ifng,env__v~frangiehizar2021%5Frna__v~patient-derived%5Fmelanoma__v~rna__v~ifn%CE%B3,FrangiehIzar2021_RNA,IFNγ,perturbation_2,HLA-C,0,"0,1,2",0.5765230090528088,0.886863581320736,0.11313641867926405,0.00010090146149178293,256.0,strong_linear,five_fold_perturbation_label_OOF,0,0,0.5847176735370374,0.6007834159127786,0.676348558437236
frangieh_melanoma_ifng,env__v~frangiehizar2021%5Frna__v~patient-derived%5Fmelanoma__v~rna__v~ifn%CE%B3,FrangiehIzar2021_RNA,IFNγ,perturbation_2,HLA-DRB5,0,"0,1,2",0.48332582382091327,0.971632326712324,0.028367673287675976,7.8129166852829e-06,407.0,strong_linear,five_fold_perturbation_label_OOF,0,0,0.5471846681370787,0.4641218778457926,0.48511653714204395
frangieh_melanoma_ifng,env__v~frangiehizar2021%5Frna__v~patient-derived%5Fmelanoma__v~rna__v~ifn%CE%B3,FrangiehIzar2021_RNA,IFNγ,perturbation_2,HLA-E,1,"0,1,2",0.7271480855400375,0.8711372162330041,0.1288627837669959,0.000207138416683526,292.0,strong_linear,five_fold_perturbation_label_OOF,0,0,0.7072148647888397,0.7587173777257722,0.8229542718879022
frangieh_melanoma_ifng,env__v~frangiehizar2021%5Frna__v~patient-derived%5Fmelanoma__v~rna__v~ifn%CE%B3,FrangiehIzar2021_RNA,IFNγ,perturbation_2,HLA-F,0,"0,1,2",0.5155810685774742,0.9390926003618164,0.06090739963818359,3.319947360036313e-05,348.0,strong_linear,five_fold_perturbation_label_OOF,0,0,0.5775615943451162,0.5077593731052793,0.5413655030904391
frangieh_melanoma_ifng,env__v~frangiehizar2021%5Frna__v~patient-derived%5Fmelanoma__v~rna__v~ifn%CE%B3,FrangiehIzar2021_RNA,IFNγ,perturbation_2,HLA-H,3,"0,1,2",0.4989975526215692,0.9795606153113283,0.02043938468867168,6.156954320041386e-06,334.0,strong_linear,five_fold_perturbation_label_OOF,0,0,0.49324568975855876,0.5260904218750315,0.5097815665545853
frangieh_melanoma_ifng,env__v~frangiehizar2021%5Frna__v~patient-derived%5Fmelanoma__v~rna__v~ifn%CE%B3,FrangiehIzar2021_RNA,IFNγ,perturbation_2,HNRNPA1,2,"0,1,2",0.9739602958520372,0.852236360558377,0.14776363944162296,8.645990475567443e-05,243.0,strong_linear,five_fold_perturbation_label_OOF,0,0,0.9780411292125287,0.9771933527394924,0.9779666130441395
frangieh_melanoma_ifng,env__v~frangiehizar2021%5Frna__v~patient-derived%5Fmelanoma__v~rna__v~ifn%CE%B3,FrangiehIzar2021_RNA,IFNγ,perturbation_2,HNRNPC,0,"0,1,2",1.0135499687822782,0.7357578322590985,0.2642421677409015,0.00017520411245394444,96.0,strong_linear,five_fold_perturbation_label_OOF,0,0,1.032223583660121,0.9988401518550362,0.9981945155083622
frangieh_melanoma_ifng,env__v~frangiehizar2021%5Frna__v~patient-derived%5Fmelanoma__v~rna__v~ifn%CE%B3,FrangiehIzar2021_RNA,IFNγ,perturbation_2,HSPA1A,3,"0,1,2",0.6843885206946168,0.779462159104371,0.220537840895629,0.00019377836165967896,286.0,strong_linear,five_fold_perturbation_label_OOF,0,0,0.6580658325842872,0.8779046896801694,0.7084918242044149
frangieh_melanoma_ifng,env__v~frangiehizar2021%5Frna__v~patient-derived%5Fmelanoma__v~rna__v~ifn%CE%B3,FrangiehIzar2021_RNA,IFNγ,perturbation_2,IDH2,1,"0,1,2",0.6036763352639433,0.9041795117304146,0.09582048826958545,3.9724869258111205e-05,354.0,strong_linear,five_fold_perturbation_label_OOF,0,0,0.6281860130203734,0.6629279610510247,0.6292844976727747
frangieh_melanoma_ifng,env__v~frangiehizar2021%5Frna__v~patient-derived%5Fmelanoma__v~rna__v~ifn%CE%B3,FrangiehIzar2021_RNA,IFNγ,perturbation_2,IDI2-AS1,0,"0,1,2",0.458157232281897,0.971456228285814,0.028543771714185984,7.907606244922308e-06,340.0,strong_linear,five_fold_perturbation_label_OOF,0,0,0.5105538658932341,0.441121706562989,0.4710825788378541
frangieh_melanoma_ifng,env__v~frangiehizar2021%5Frna__v~patient-derived%5Fmelanoma__v~rna__v~ifn%CE%B3,FrangiehIzar2021_RNA,IFNγ,perturbation_2,IFNGR1,1,"0,1,2",0.7915654299619858,0.9101556063051106,0.08984439369488939,3.452061304452181e-05,289.0,strong_linear,five_fold_perturbation_label_OOF,0,0,0.7299876049029951,0.85588028553734,0.8285850987148953
frangieh_melanoma_ifng,env__v~frangiehizar2021%5Frna__v~patient-derived%5Fmelanoma__v~rna__v~ifn%CE%B3,FrangiehIzar2021_RNA,IFNγ,perturbation_2,IFNGR2,3,"0,1,2",0.8240804876668855,0.9032057796739387,0.09679422032606133,3.7452095736550055e-05,383.0,strong_linear,five_fold_perturbation_label_OOF,0,0,0.7233837276664212,0.8771206947299331,0.9303445157816821
frangieh_melanoma_ifng,env__v~frangiehizar2021%5Frna__v~patient-derived%5Fmelanoma__v~rna__v~ifn%CE%B3,FrangiehIzar2021_RNA,IFNγ,perturbation_2,ILF2,3,"0,1,2",0.8888057923089099,0.7292421404823551,0.27075785951764486,0.0001442655000405344,69.0,strong_linear,five_fold_perturbation_label_OOF,0,0,0.8968982109399458,0.8839022104972116,0.9794030605584886
frangieh_melanoma_ifng,env__v~frangiehizar2021%5Frna__v~patient-derived%5Fmelanoma__v~rna__v~ifn%CE%B3,FrangiehIzar2021_RNA,IFNγ,perturbation_2,IRF3,2,"0,1,2",0.5366750217098581,0.8521831823994552,0.14781681760054477,9.061908794192622e-05,315.0,strong_linear,five_fold_perturbation_label_OOF,0,0,0.5965463290670507,0.6169731608299155,0.5948834849099354
frangieh_melanoma_ifng,env__v~frangiehizar2021%5Frna__v~patient-derived%5Fmelanoma__v~rna__v~ifn%CE%B3,FrangiehIzar2021_RNA,IFNγ,perturbation_2,IRF4,1,"0,1,2",0.6209132457321713,0.9773906920031105,0.02260930799688954,6.465758553489204e-06,282.0,strong_linear,five_fold_perturbation_label_OOF,0,0,0.6284855936533049,0.6305176192885515,0.6293696224051502
frangieh_melanoma_ifng,env__v~frangiehizar2021%5Frna__v~patient-derived%5Fmelanoma__v~rna__v~ifn%CE%B3,FrangiehIzar2021_RNA,IFNγ,perturbation_2,ISYNA1,0,"0,1,2",0.5494260204788788,0.9295084123198637,0.0704915876801363,2.2222731341902313e-05,213.0,strong_linear,five_fold_perturbation_label_OOF,0,0,0.652860336477801,0.5208335062798028,0.5662692091986337
frangieh_melanoma_ifng,env__v~frangiehizar2021%5Frna__v~patient-derived%5Fmelanoma__v~rna__v~ifn%CE%B3,FrangiehIzar2021_RNA,IFNγ,perturbation_2,ITGA3,4,"0,1,2",0.6723245481316797,0.8337727898257379,0.16622721017426212,0.00023026875811546,286.0,strong_linear,five_fold_perturbation_label_OOF,0,0,0.7838258804062448,0.7060441001268041,0.6572206013106099
frangieh_melanoma_ifng,env__v~frangiehizar2021%5Frna__v~patient-derived%5Fmelanoma__v~rna__v~ifn%CE%B3,FrangiehIzar2021_RNA,IFNγ,perturbation_2,JAK1,1,"0,1,2",0.8937672635860634,0.8782244906605041,0.12177550933949588,0.00012805231432151353,338.0,strong_linear,five_fold_perturbation_label_OOF,0,0,0.889834291993771,0.8846494260724405,0.9498876397991248
frangieh_melanoma_ifng,env__v~frangiehizar2021%5Frna__v~patient-derived%5Fmelanoma__v~rna__v~ifn%CE%B3,FrangiehIzar2021_RNA,IFNγ,perturbation_2,JAK2,2,"0,1,2",0.7722690670626337,0.9463874778538472,0.05361252214615275,2.1689001776070798e-05,339.0,strong_linear,five_fold_perturbation_label_OOF,0,0,0.9453490338799273,0.6164563091158106,0.7927926255146003
frangieh_melanoma_ifng,env__v~frangiehizar2021%5Frna__v~patient-derived%5Fmelanoma__v~rna__v~ifn%CE%B3,FrangiehIzar2021_RNA,IFNγ,perturbation_2,JMJD7,3,"0,1,2",0.5638787940165325,0.9804773009028883,0.019522699097111684,6.170641365354126e-06,363.0,strong_linear,five_fold_perturbation_label_OOF,0,0,0.569615876625506,0.5752499386295385,0.5724327995443648
frangieh_melanoma_ifng,env__v~frangiehizar2021%5Frna__v~patient-derived%5Fmelanoma__v~rna__v~ifn%CE%B3,FrangiehIzar2021_RNA,IFNγ,perturbation_2,JPT1,3,"0,1,2",0.9521146612669277,0.7729419424944522,0.22705805750554775,0.00015190507347378362,197.0,strong_linear,five_fold_perturbation_label_OOF,0,0,1.0373712824979309,0.9691143603518375,0.8276638330912086
frangieh_melanoma_ifng,env__v~frangiehizar2021%5Frna__v~patient-derived%5Fmelanoma__v~rna__v~ifn%CE%B3,FrangiehIzar2021_RNA,IFNγ,perturbation_2,KCNN4,0,"0,1,2",0.6328670739469546,0.8730106615924932,0.1269893384075068,6.772835860660776e-05,354.0,strong_linear,five_fold_perturbation_label_OOF,0,0,0.7000301357451086,0.6594120456386107,0.6673816323860955
frangieh_melanoma_ifng,env__v~frangiehizar2021%5Frna__v~patient-derived%5Fmelanoma__v~rna__v~ifn%CE%B3,FrangiehIzar2021_RNA,IFNγ,perturbation_2,KDR,1,"0,1,2",0.5724948068719975,0.9611948512989117,0.03880514870108831,1.4410862241886149e-05,347.0,strong_linear,five_fold_perturbation_label_OOF,0,0,0.5878120752577561,0.5878556905492436,0.5914783916822042
frangieh_melanoma_ifng,env__v~frangiehizar2021%5Frna__v~patient-derived%5Fmelanoma__v~rna__v~ifn%CE%B3,FrangiehIzar2021_RNA,IFNγ,perturbation_2,KLF4,0,"0,1,2",0.5936776232782675,0.9453452573704295,0.054654742629570485,1.887468198875272e-05,289.0,strong_linear,five_fold_perturbation_label_OOF,0,0,0.6513080681131298,0.5978106197961874,0.5974796150760562
frangieh_melanoma_ifng,env__v~frangiehizar2021%5Frna__v~patient-derived%5Fmelanoma__v~rna__v~ifn%CE%B3,FrangiehIzar2021_RNA,IFNγ,perturbation_2,LAMP2,0,"0,1,2",0.5621652145190288,0.8478739200205995,0.15212607997940053,7.404394707394568e-05,308.0,strong_linear,five_fold_perturbation_label_OOF,0,0,0.7153797673639568,0.562183577526496,0.5954686427150422
frangieh_melanoma_ifng,env__v~frangiehizar2021%5Frna__v~patient-derived%5Fmelanoma__v~rna__v~ifn%CE%B3,FrangiehIzar2021_RNA,IFNγ,perturbation_2,LCP1,1,"0,1,2",0.5448983132145326,0.9550737506412662,0.044926249358733794,1.5843390723327835e-05,360.0,strong_linear,five_fold_perturbation_label_OOF,0,0,0.5891007519045248,0.5645277553948533,0.5442960411688103
frangieh_melanoma_ifng,env__v~frangiehizar2021%5Frna__v~patient-derived%5Fmelanoma__v~rna__v~ifn%CE%B3,FrangiehIzar2021_RNA,IFNγ,perturbation_2,LEF1-AS1,3,"0,1,2",0.7482201524073848,0.9795606153113283,0.02043938468867168,6.156954320041386e-06,358.0,strong_linear,five_fold_perturbation_label_OOF,0,0,0.7508721874972459,0.7540332665608374,0.7552120711650528
frangieh_melanoma_ifng,env__v~frangiehizar2021%5Frna__v~patient-derived%5Fmelanoma__v~rna__v~ifn%CE%B3,FrangiehIzar2021_RNA,IFNγ,perturbation_2,LGALS3,1,"0,1,2",0.8379425785427088,0.9169161537650146,0.08308384623498544,9.9602163444179e-05,262.0,strong_linear,five_fold_perturbation_label_OOF,0,0,0.7793824304724692,0.9319698419581137,0.7972502577900379
frangieh_melanoma_ifng,env__v~frangiehizar2021%5Frna__v~patient-derived%5Fmelanoma__v~rna__v~ifn%CE%B3,FrangiehIzar2021_RNA,IFNγ,perturbation_2,LGALS3BP,3,"0,1,2",0.764038180812493,0.857518746592556,0.142481253407444,0.00010208743664474331,252.0,strong_linear,five_fold_perturbation_label_OOF,0,0,0.7623471131117316,0.849736371439044,0.785122263135326
frangieh_melanoma_ifng,env__v~frangiehizar2021%5Frna__v~patient-derived%5Fmelanoma__v~rna__v~ifn%CE%B3,FrangiehIzar2021_RNA,IFNγ,perturbation_2,LINC00518,1,"0,1,2",0.6066230383082278,0.9774687909634295,0.022531209036570465,6.4452574099087485e-06,335.0,strong_linear,five_fold_perturbation_label_OOF,0,0,0.634143091864298,0.6038677705988755,0.6091857726860396
frangieh_melanoma_ifng,env__v~frangiehizar2021%5Frna__v~patient-derived%5Fmelanoma__v~rna__v~ifn%CE%B3,FrangiehIzar2021_RNA,IFNγ,perturbation_2,LRPAP1,4,"0,1,2",0.6462995845992621,0.883573797944868,0.11642620205513199,5.331512415376806e-05,333.0,strong_linear,five_fold_perturbation_label_OOF,0,0,0.6791020072459777,0.6688527169144731,0.7128087866947022
frangieh_melanoma_ifng,env__v~frangiehizar2021%5Frna__v~patient-derived%5Fmelanoma__v~rna__v~ifn%CE%B3,FrangiehIzar2021_RNA,IFNγ,perturbation_2,LRRC75A-AS1,2,"0,1,2",0.7384470126088658,0.9830966555694752,0.01690334443052477,4.818602550801246e-06,193.0,strong_linear,five_fold_perturbation_label_OOF,0,0,0.7395726685092368,0.7502341483819096,0.738738064214496
frangieh_melanoma_ifng,env__v~frangiehizar2021%5Frna__v~patient-derived%5Fmelanoma__v~rna__v~ifn%CE%B3,FrangiehIzar2021_RNA,IFNγ,perturbation_2,LY96,3,"0,1,2",0.512635910725582,0.9680322546060225,0.03196774539397751,1.0778491662069026e-05,318.0,strong_linear,five_fold_perturbation_label_OOF,0,0,0.5125265079638719,0.5258175522500288,0.5460158602465255
frangieh_melanoma_ifng,env__v~frangiehizar2021%5Frna__v~patient-derived%5Fmelanoma__v~rna__v~ifn%CE%B3,FrangiehIzar2021_RNA,IFNγ,perturbation_2,MC1R,4,"0,1,2",0.5047514767969294,0.9667328285284125,0.03326717147158753,1.0343700435161844e-05,291.0,strong_linear,five_fold_perturbation_label_OOF,0,0,0.5360346662699245,0.5096689739284119,0.5197677367415638
frangieh_melanoma_ifng,env__v~frangiehizar2021%5Frna__v~patient-derived%5Fmelanoma__v~rna__v~ifn%CE%B3,FrangiehIzar2021_RNA,IFNγ,perturbation_2,MDH2,2,"0,1,2",0.9292327590766264,0.8667179588901811,0.1332820411098189,5.991258194965228e-05,219.0,strong_linear,five_fold_perturbation_label_OOF,0,0,0.9270662655031598,0.9497916779421768,0.9377665668227883
frangieh_melanoma_ifng,env__v~frangiehizar2021%5Frna__v~patient-derived%5Fmelanoma__v~rna__v~ifn%CE%B3,FrangiehIzar2021_RNA,IFNγ,perturbation_2,MFGE8,3,"0,1,2",0.5797767115287791,0.9482425492822765,0.05175745071772353,1.8298973350702775e-05,423.0,strong_linear,five_fold_perturbation_label_OOF,0,0,0.5728563140180718,0.6271536491037277,0.6037740683213049
frangieh_melanoma_ifng,env__v~frangiehizar2021%5Frna__v~patient-derived%5Fmelanoma__v~rna__v~ifn%CE%B3,FrangiehIzar2021_RNA,IFNγ,perturbation_2,MIA,1,"0,1,2",0.6315864154295808,0.973984377191346,0.026015622808653993,7.859868936076418e-06,309.0,strong_linear,five_fold_perturbation_label_OOF,0,0,0.6373740183546447,0.6437693109503348,0.6423108945312859
frangieh_melanoma_ifng,env__v~frangiehizar2021%5Frna__v~patient-derived%5Fmelanoma__v~rna__v~ifn%CE%B3,FrangiehIzar2021_RNA,IFNγ,perturbation_2,MRPL47,1,"0,1,2",0.9614090390423239,0.9268154482058856,0.07318455179411443,2.0992926148999314e-05,166.0,strong_linear,five_fold_perturbation_label_OOF,0,0,0.9507415711171159,0.9352667124880741,1.009236520075139
frangieh_melanoma_ifng,env__v~frangiehizar2021%5Frna__v~patient-derived%5Fmelanoma__v~rna__v~ifn%CE%B3,FrangiehIzar2021_RNA,IFNγ,perturbation_2,MT2A,1,"0,1,2",0.7703373076113508,0.8813360789343948,0.1186639210656052,0.0003004937774426906,211.0,strong_linear,five_fold_perturbation_label_OOF,0,0,0.7640941706874871,0.8285535077103631,0.7965924954157582
frangieh_melanoma_ifng,env__v~frangiehizar2021%5Frna__v~patient-derived%5Fmelanoma__v~rna__v~ifn%CE%B3,FrangiehIzar2021_RNA,IFNγ,perturbation_2,MYC,2,"0,1,2",1.0431153301814093,0.8312869215718548,0.1687130784281452,8.106516121548853e-05,68.0,strong_linear,five_fold_perturbation_label_OOF,0,0,1.0980501161172755,0.9739953153714029,1.0394292757357209
frangieh_melanoma_ifng,env__v~frangiehizar2021%5Frna__v~patient-derived%5Fmelanoma__v~rna__v~ifn%CE%B3,FrangiehIzar2021_RNA,IFNγ,perturbation_2,NACA,3,"0,1,2",1.0451360560694756,0.7294761208609039,0.27052387913909615,0.0002084841205078759,42.0,strong_linear,five_fold_perturbation_label_OOF,0,0,1.1036462189093725,0.9933692648046601,1.0034935265314675
frangieh_melanoma_ifng,env__v~frangiehizar2021%5Frna__v~patient-derived%5Fmelanoma__v~rna__v~ifn%CE%B3,FrangiehIzar2021_RNA,IFNγ,perturbation_2,NCL,4,"0,1,2",0.8604923935538152,0.8787176338683471,0.12128236613165289,0.00017801382191019881,74.0,strong_linear,five_fold_perturbation_label_OOF,0,0,0.881176575081684,0.875008188576906,0.8754614393921419
frangieh_melanoma_ifng,env__v~frangiehizar2021%5Frna__v~patient-derived%5Fmelanoma__v~rna__v~ifn%CE%B3,FrangiehIzar2021_RNA,IFNγ,perturbation_2,NDUFA13,1,"0,1,2",0.8223156555805737,0.8709987651674941,0.12900123483250592,0.00016117729974592085,153.0,strong_linear,five_fold_perturbation_label_OOF,0,0,0.8226190108714092,0.8844800216570453,0.8275760032567416
frangieh_melanoma_ifng,env__v~frangiehizar2021%5Frna__v~patient-derived%5Fmelanoma__v~rna__v~ifn%CE%B3,FrangiehIzar2021_RNA,IFNγ,perturbation_2,NEAT1,2,"0,1,2",0.7032009414666165,0.8369315070365725,0.1630684929634275,0.0001569130640035021,254.0,strong_linear,five_fold_perturbation_label_OOF,0,0,0.7183706374206122,0.8039988485349591,0.7299524731731164
frangieh_melanoma_ifng,env__v~frangiehizar2021%5Frna__v~patient-derived%5Fmelanoma__v~rna__v~ifn%CE%B3,FrangiehIzar2021_RNA,IFNγ,perturbation_2,NGFR,0,"0,1,2",0.871417875132435,0.9723634534803466,0.027636546519653415,7.67503225554682e-06,239.0,strong_linear,five_fold_perturbation_label_OOF,0,0,0.8858838420272701,0.8644103117173698,0.8752581352253753
frangieh_melanoma_ifng,env__v~frangiehizar2021%5Frna__v~patient-derived%5Fmelanoma__v~rna__v~ifn%CE%B3,FrangiehIzar2021_RNA,IFNγ,perturbation_2,NME1,2,"0,1,2",0.9225404830531428,0.8137150179393373,0.18628498206066268,0.000192704769597742,262.0,strong_linear,five_fold_perturbation_label_OOF,0,0,0.9546066347565902,0.9434821455003574,0.9067074776188767
frangieh_melanoma_ifng,env__v~frangiehizar2021%5Frna__v~patient-derived%5Fmelanoma__v~rna__v~ifn%CE%B3,FrangiehIzar2021_RNA,IFNγ,perturbation_2,NMRK1,3,"0,1,2",0.5825818957513138,0.8881643967568952,0.11183560324310482,3.942645907298298e-05,290.0,strong_linear,five_fold_perturbation_label_OOF,0,0,0.5630181034818109,0.730826873156273,0.5901263908186603
frangieh_melanoma_ifng,env__v~frangiehizar2021%5Frna__v~patient-derived%5Fmelanoma__v~rna__v~ifn%CE%B3,FrangiehIzar2021_RNA,IFNγ,perturbation_2,NOLC1,1,"0,1,2",0.8027214151722573,0.8095422182535083,0.19045778174649175,9.822032404773071e-05,107.0,strong_linear,five_fold_perturbation_label_OOF,0,0,0.8453522765904735,0.8205143055015156,0.8541874166617501
frangieh_melanoma_ifng,env__v~frangiehizar2021%5Frna__v~patient-derived%5Fmelanoma__v~rna__v~ifn%CE%B3,FrangiehIzar2021_RNA,IFNγ,perturbation_2,NONO,4,"0,1,2",0.7653424782277273,0.8196556294384024,0.18034437056159758,7.232798775416436e-05,230.0,strong_linear,five_fold_perturbation_label_OOF,0,0,0.8497870721661542,0.7445481300257779,0.8164736994536823
frangieh_melanoma_ifng,env__v~frangiehizar2021%5Frna__v~patient-derived%5Fmelanoma__v~rna__v~ifn%CE%B3,FrangiehIzar2021_RNA,IFNγ,perturbation_2,NPC1,2,"0,1,2",0.4762061696976688,0.937952775505206,0.06204722449479405,2.1693332055697124e-05,319.0,strong_linear,five_fold_perturbation_label_OOF,0,0,0.5097447941657156,0.5513061876181466,0.4628838153577737
frangieh_melanoma_ifng,env__v~frangiehizar2021%5Frna__v~patient-derived%5Fmelanoma__v~rna__v~ifn%CE%B3,FrangiehIzar2021_RNA,IFNγ,perturbation_2,NPC2,3,"0,1,2",0.8613402722610682,0.8004677485921441,0.1995322514078559,0.00025825197178850197,282.0,strong_linear,five_fold_perturbation_label_OOF,0,0,0.8317564134777794,0.9645530852828021,0.890350332140828
frangieh_melanoma_ifng,env__v~frangiehizar2021%5Frna__v~patient-derived%5Fmelanoma__v~rna__v~ifn%CE%B3,FrangiehIzar2021_RNA,IFNγ,perturbation_2,NSG1,2,"0,1,2",0.5639007513739991,0.9781334163406509,0.021866583659349126,6.409589928602149e-06,290.0,strong_linear,five_fold_perturbation_label_OOF,0,0,0.5915837525238907,0.5762526250565662,0.553287921793018
frangieh_melanoma_ifng,env__v~frangiehizar2021%5Frna__v~patient-derived%5Fmelanoma__v~rna__v~ifn%CE%B3,FrangiehIzar2021_RNA,IFNγ,perturbation_2,NT5E,3,"0,1,2",0.6567506975972683,0.8930863135588892,0.10691368644111077,6.716749877001523e-05,356.0,strong_linear,five_fold_perturbation_label_OOF,0,0,0.6462483992929673,0.7328144536516245,0.6880193388483475
frangieh_melanoma_ifng,env__v~frangiehizar2021%5Frna__v~patient-derived%5Fmelanoma__v~rna__v~ifn%CE%B3,FrangiehIzar2021_RNA,IFNγ,perturbation_2,NUP50-AS1,4,"0,1,2",0.5951335138590561,0.9792231149503273,0.020776885049672678,6.107556408445845e-06,272.0,strong_linear,five_fold_perturbation_label_OOF,0,0,0.6028265429802364,0.5990480918781493,0.6088777288674587
frangieh_melanoma_ifng,env__v~frangiehizar2021%5Frna__v~patient-derived%5Fmelanoma__v~rna__v~ifn%CE%B3,FrangiehIzar2021_RNA,IFNγ,perturbation_2,P2RX4,3,"0,1,2",0.9045990031825984,0.9668222696940815,0.03317773030591853,1.2665471990609975e-05,133.0,strong_linear,five_fold_perturbation_label_OOF,0,0,0.9096849257046957,0.9060127420251701,0.9078315907028084
frangieh_melanoma_ifng,env__v~frangiehizar2021%5Frna__v~patient-derived%5Fmelanoma__v~rna__v~ifn%CE%B3,FrangiehIzar2021_RNA,IFNγ,perturbation_2,PABPC1,1,"0,1,2",0.9132702927308864,0.7841463724814429,0.21585362751855708,0.00010307264758249162,83.0,strong_linear,five_fold_perturbation_label_OOF,0,0,0.8670339019508524,1.003280956011532,0.9138342313325726
frangieh_melanoma_ifng,env__v~frangiehizar2021%5Frna__v~patient-derived%5Fmelanoma__v~rna__v~ifn%CE%B3,FrangiehIzar2021_RNA,IFNγ,perturbation_2,PAICS,2,"0,1,2",1.0074380409393628,0.8419070595317212,0.15809294046827882,7.940917890376708e-05,101.0,strong_linear,five_fold_perturbation_label_OOF,0,0,1.0547760265114396,0.9657775030062763,0.9778756837375167
frangieh_melanoma_ifng,env__v~frangiehizar2021%5Frna__v~patient-derived%5Fmelanoma__v~rna__v~ifn%CE%B3,FrangiehIzar2021_RNA,IFNγ,perturbation_2,PET100,1,"0,1,2",0.9722648132407197,0.892735025204447,0.10726497479555297,4.148031467972396e-05,145.0,strong_linear,five_fold_perturbation_label_OOF,0,0,0.9917150427356457,0.9236065894094486,1.001917850544932
frangieh_melanoma_ifng,env__v~frangiehizar2021%5Frna__v~patient-derived%5Fmelanoma__v~rna__v~ifn%CE%B3,FrangiehIzar2021_RNA,IFNγ,perturbation_2,PFDN4,2,"0,1,2",0.9129258253258201,0.8900949035980245,0.10990509640197554,0.00012026463509555714,284.0,strong_linear,five_fold_perturbation_label_OOF,0,0,0.9437760395647646,0.9308503811729545,0.8894359255156663
frangieh_melanoma_ifng,env__v~frangiehizar2021%5Frna__v~patient-derived%5Fmelanoma__v~rna__v~ifn%CE%B3,FrangiehIzar2021_RNA,IFNγ,perturbation_2,PFN1,4,"0,1,2",0.9110241049237956,0.9034244965961076,0.09657550340389243,6.747952061394221e-05,124.0,strong_linear,five_fold_perturbation_label_OOF,0,0,0.9149231286272094,0.9506064265105363,0.8844175727257749
frangieh_melanoma_ifng,env__v~frangiehizar2021%5Frna__v~patient-derived%5Fmelanoma__v~rna__v~ifn%CE%B3,FrangiehIzar2021_RNA,IFNγ,perturbation_2,PIK3IP1,1,"0,1,2",0.4268540327651992,0.9766029999169309,0.02339700008306911,6.64901359043078e-06,229.0,strong_linear,five_fold_perturbation_label_OOF,0,0,0.4611594688196774,0.4209689651901415,0.4397309262481083
frangieh_melanoma_ifng,env__v~frangiehizar2021%5Frna__v~patient-derived%5Fmelanoma__v~rna__v~ifn%CE%B3,FrangiehIzar2021_RNA,IFNγ,perturbation_2,POLD2,0,"0,1,2",0.790403152682918,0.8737608782702657,0.12623912172973428,5.815304325189825e-05,69.0,strong_linear,five_fold_perturbation_label_OOF,0,0,0.8381335253829771,0.8034812060655722,0.808760626045018
frangieh_melanoma_ifng,env__v~frangiehizar2021%5Frna__v~patient-derived%5Fmelanoma__v~rna__v~ifn%CE%B3,FrangiehIzar2021_RNA,IFNγ,perturbation_2,PPA1,3,"0,1,2",0.9371196693149354,0.8761561550117665,0.12384384498823353,0.00010668201465813684,56.0,strong_linear,five_fold_perturbation_label_OOF,0,0,0.9282961186923172,0.9626584006544854,0.9399315680007841
frangieh_melanoma_ifng,env__v~frangiehizar2021%5Frna__v~patient-derived%5Fmelanoma__v~rna__v~ifn%CE%B3,FrangiehIzar2021_RNA,IFNγ,perturbation_2,PPIA,2,"0,1,2",0.954230831039969,0.8285721929488026,0.17142780705119742,0.00013387561744122184,244.0,strong_linear,five_fold_perturbation_label_OOF,0,0,0.9536178214777419,0.9480273660237842,0.9831069180685491
frangieh_melanoma_ifng,env__v~frangiehizar2021%5Frna__v~patient-derived%5Fmelanoma__v~rna__v~ifn%CE%B3,FrangiehIzar2021_RNA,IFNγ,perturbation_2,PRELID3B,1,"0,1,2",0.94054547828261,0.8823566009512703,0.11764339904872967,4.5241486143360434e-05,44.0,strong_linear,five_fold_perturbation_label_OOF,0,0,0.9714770958234604,0.9550651866061265,0.9197849799901183
frangieh_melanoma_ifng,env__v~frangiehizar2021%5Frna__v~patient-derived%5Fmelanoma__v~rna__v~ifn%CE%B3,FrangiehIzar2021_RNA,IFNγ,perturbation_2,PROS1,0,"0,1,2",0.746026669804126,0.9259624610453093,0.07403753895469067,2.1932052324251027e-05,198.0,strong_linear,five_fold_perturbation_label_OOF,0,0,0.8102807541168898,0.7360620207443913,0.7485003131498293
frangieh_melanoma_ifng,env__v~frangiehizar2021%5Frna__v~patient-derived%5Fmelanoma__v~rna__v~ifn%CE%B3,FrangiehIzar2021_RNA,IFNγ,perturbation_2,PSAP,0,"0,1,2",0.5283261082332775,0.8445538437521843,0.15544615624781566,0.00013826415999761347,329.0,strong_linear,five_fold_perturbation_label_OOF,0,0,0.5880588172586452,0.5908341290939227,0.5971172274286993
frangieh_melanoma_ifng,env__v~frangiehizar2021%5Frna__v~patient-derived%5Fmelanoma__v~rna__v~ifn%CE%B3,FrangiehIzar2021_RNA,IFNγ,perturbation_2,PSMA7,1,"0,1,2",0.9604452074376777,0.8999812432233459,0.10001875677665406,7.343047403677726e-05,13.0,strong_linear,five_fold_perturbation_label_OOF,0,0,0.9554812507322487,0.9694659383997617,0.9647564186209335
frangieh_melanoma_ifng,env__v~frangiehizar2021%5Frna__v~patient-derived%5Fmelanoma__v~rna__v~ifn%CE%B3,FrangiehIzar2021_RNA,IFNγ,perturbation_2,PSMB8-AS1,1,"0,1,2",0.5986991546655787,0.9458988728356945,0.054101127164305485,1.9341647219505762e-05,224.0,strong_linear,five_fold_perturbation_label_OOF,0,0,0.6444895333625899,0.6380878427342975,0.5746521095278683
frangieh_melanoma_ifng,env__v~frangiehizar2021%5Frna__v~patient-derived%5Fmelanoma__v~rna__v~ifn%CE%B3,FrangiehIzar2021_RNA,IFNγ,perturbation_2,PTMA,3,"0,1,2",0.9684679075136318,0.7909526307131016,0.20904736928689838,0.00018799750775941283,224.0,strong_linear,five_fold_perturbation_label_OOF,0,0,1.0264840194157117,0.9416057720161659,0.9523934063247671
frangieh_melanoma_ifng,env__v~frangiehizar2021%5Frna__v~patient-derived%5Fmelanoma__v~rna__v~ifn%CE%B3,FrangiehIzar2021_RNA,IFNγ,perturbation_2,PUF60,1,"0,1,2",0.9781595792843498,0.9293992597640869,0.07060074023591312,2.4233210570067286e-05,109.0,strong_linear,five_fold_perturbation_label_OOF,0,0,1.0096116853011805,0.9484742277560103,0.9843893625506506
frangieh_melanoma_ifng,env__v~frangiehizar2021%5Frna__v~patient-derived%5Fmelanoma__v~rna__v~ifn%CE%B3,FrangiehIzar2021_RNA,IFNγ,perturbation_2,PYGB,0,"0,1,2",0.7123830870095604,0.8976304380821,0.10236956191790003,5.831900429226333e-05,230.0,strong_linear,five_fold_perturbation_label_OOF,0,0,0.8030777821315782,0.7351630946586334,0.6744689693209973
frangieh_melanoma_ifng,env__v~frangiehizar2021%5Frna__v~patient-derived%5Fmelanoma__v~rna__v~ifn%CE%B3,FrangiehIzar2021_RNA,IFNγ,perturbation_2,RAB27A,4,"0,1,2",0.67165442595764,0.941903766458902,0.05809623354109805,2.61014304819262e-05,267.0,strong_linear,five_fold_perturbation_label_OOF,0,0,0.6841325372933321,0.6762701657267925,0.7060355146024399
frangieh_melanoma_ifng,env__v~frangiehizar2021%5Frna__v~patient-derived%5Fmelanoma__v~rna__v~ifn%CE%B3,FrangiehIzar2021_RNA,IFNγ,perturbation_2,RACK1,0,"0,1,2",1.0030777322172326,0.8614359539415682,0.13856404605843176,0.0001026897233223893,21.0,strong_linear,five_fold_perturbation_label_OOF,0,0,1.0287054929674966,0.995450037019614,0.974247771655407
frangieh_melanoma_ifng,env__v~frangiehizar2021%5Frna__v~patient-derived%5Fmelanoma__v~rna__v~ifn%CE%B3,FrangiehIzar2021_RNA,IFNγ,perturbation_2,RB1,3,"0,1,2",0.5345200719980612,0.8625177978307507,0.13748220216924933,6.438635967056605e-05,287.0,strong_linear,five_fold_perturbation_label_OOF,0,0,0.5220448154304231,0.7405420645466534,0.5018090050871034
frangieh_melanoma_ifng,env__v~frangiehizar2021%5Frna__v~patient-derived%5Fmelanoma__v~rna__v~ifn%CE%B3,FrangiehIzar2021_RNA,IFNγ,perturbation_2,RBP7,1,"0,1,2",0.6076493433410113,0.9775431809647461,0.022456819035253872,6.451018660365972e-06,300.0,strong_linear,five_fold_perturbation_label_OOF,0,0,0.641482644429929,0.5892905860240741,0.6196133925779349
frangieh_melanoma_ifng,env__v~frangiehizar2021%5Frna__v~patient-derived%5Fmelanoma__v~rna__v~ifn%CE%B3,FrangiehIzar2021_RNA,IFNγ,perturbation_2,RNASEH2A,2,"0,1,2",0.7850445152176717,0.9821317355992716,0.017868264400728417,5.52013003628579e-06,156.0,strong_linear,five_fold_perturbation_label_OOF,0,0,0.7745391428071484,0.7961176670786942,0.7949317066247663
frangieh_melanoma_ifng,env__v~frangiehizar2021%5Frna__v~patient-derived%5Fmelanoma__v~rna__v~ifn%CE%B3,FrangiehIzar2021_RNA,IFNγ,perturbation_2,RNF213,3,"0,1,2",0.8770748054310751,0.825820939986397,0.17417906001360295,0.0004432431371832936,259.0,strong_linear,five_fold_perturbation_label_OOF,0,0,0.8537648924513535,0.8966671964356514,0.9241053453206223
frangieh_melanoma_ifng,env__v~frangiehizar2021%5Frna__v~patient-derived%5Fmelanoma__v~rna__v~ifn%CE%B3,FrangiehIzar2021_RNA,IFNγ,perturbation_2,ROMO1,3,"0,1,2",0.9845483172217399,0.8031932744133629,0.19680672558663714,0.00010655484544362948,66.0,strong_linear,five_fold_perturbation_label_OOF,0,0,0.9365014911420374,1.0096118745295608,1.015134365929478
frangieh_melanoma_ifng,env__v~frangiehizar2021%5Frna__v~patient-derived%5Fmelanoma__v~rna__v~ifn%CE%B3,FrangiehIzar2021_RNA,IFNγ,perturbation_2,RPSA,1,"0,1,2",0.9829853872636158,0.8251126980654043,0.17488730193459567,0.00015899772504135123,141.0,strong_linear,five_fold_perturbation_label_OOF,0,0,0.9606859360060996,1.0074172798486187,0.984455579229827
frangieh_melanoma_ifng,env__v~frangiehizar2021%5Frna__v~patient-derived%5Fmelanoma__v~rna__v~ifn%CE%B3,FrangiehIzar2021_RNA,IFNγ,perturbation_2,RRS1,4,"0,1,2",0.8679754564971505,0.8848363831059665,0.11516361689403354,5.6214585104896975e-05,89.0,strong_linear,five_fold_perturbation_label_OOF,0,0,0.8754494619307718,0.8935672939583356,0.8761642890922249
frangieh_melanoma_ifng,env__v~frangiehizar2021%5Frna__v~patient-derived%5Fmelanoma__v~rna__v~ifn%CE%B3,FrangiehIzar2021_RNA,IFNγ,perturbation_2,RTP4,4,"0,1,2",0.5908290573355157,0.9202838896206401,0.07971611037935988,2.974666740913667e-05,330.0,strong_linear,five_fold_perturbation_label_OOF,0,0,0.5867839610880863,0.6157530633783573,0.6609343034670109
frangieh_melanoma_ifng,env__v~frangiehizar2021%5Frna__v~patient-derived%5Fmelanoma__v~rna__v~ifn%CE%B3,FrangiehIzar2021_RNA,IFNγ,perturbation_2,RUVBL2,4,"0,1,2",0.9013059434436481,0.8877019521245072,0.1122980478754928,5.023330846238981e-05,27.0,strong_linear,five_fold_perturbation_label_OOF,0,0,0.916536464505937,0.9243290810530248,0.8907292345590339
frangieh_melanoma_ifng,env__v~frangiehizar2021%5Frna__v~patient-derived%5Fmelanoma__v~rna__v~ifn%CE%B3,FrangiehIzar2021_RNA,IFNγ,perturbation_2,S100A6,4,"0,1,2",0.8144103117506138,0.8470486920967278,0.15295130790327216,0.00011915303793461754,249.0,strong_linear,five_fold_perturbation_label_OOF,0,0,0.7795623422284154,0.8790905433242501,0.8700177874772937
frangieh_melanoma_ifng,env__v~frangiehizar2021%5Frna__v~patient-derived%5Fmelanoma__v~rna__v~ifn%CE%B3,FrangiehIzar2021_RNA,IFNγ,perturbation_2,S100B,0,"0,1,2",0.63178854775956,0.9718989703084521,0.02810102969154793,7.837741676369815e-06,276.0,strong_linear,five_fold_perturbation_label_OOF,0,0,0.6787019176963373,0.6246769523442692,0.6242507377478512
frangieh_melanoma_ifng,env__v~frangiehizar2021%5Frna__v~patient-derived%5Fmelanoma__v~rna__v~ifn%CE%B3,FrangiehIzar2021_RNA,IFNγ,perturbation_2,SAE1,4,"0,1,2",0.971140073870575,0.9114927329140755,0.08850726708592449,4.782757265277626e-05,38.0,strong_linear,five_fold_perturbation_label_OOF,0,0,0.9378461804337931,0.991065291029531,0.9843271745618734
frangieh_melanoma_ifng,env__v~frangiehizar2021%5Frna__v~patient-derived%5Fmelanoma__v~rna__v~ifn%CE%B3,FrangiehIzar2021_RNA,IFNγ,perturbation_2,SAT1,3,"0,1,2",0.6655299113072691,0.8099056125443985,0.19009438745560148,0.0001402600938095063,217.0,strong_linear,five_fold_perturbation_label_OOF,0,0,0.8671184429493832,0.6725693023425654,0.6595892350494339
frangieh_melanoma_ifng,env__v~frangiehizar2021%5Frna__v~patient-derived%5Fmelanoma__v~rna__v~ifn%CE%B3,FrangiehIzar2021_RNA,IFNγ,perturbation_2,SCARB2,4,"0,1,2",0.7026199603027026,0.6825646918402143,0.3174353081597857,0.00020264257943053865,251.0,strong_linear,five_fold_perturbation_label_OOF,0,0,0.7335771973210906,0.7543475112441005,0.8414653382271
frangieh_melanoma_ifng,env__v~frangiehizar2021%5Frna__v~patient-derived%5Fmelanoma__v~rna__v~ifn%CE%B3,FrangiehIzar2021_RNA,IFNγ,perturbation_2,SDC3,1,"0,1,2",0.6701637309489648,0.9640514169248012,0.03594858307519877,1.1204273704981175e-05,315.0,strong_linear,five_fold_perturbation_label_OOF,0,0,0.7004890993638624,0.6637604900367202,0.6830241477069475
frangieh_melanoma_ifng,env__v~frangiehizar2021%5Frna__v~patient-derived%5Fmelanoma__v~rna__v~ifn%CE%B3,FrangiehIzar2021_RNA,IFNγ,perturbation_2,SDCBP,4,"0,1,2",0.8662304711979297,0.7084327503703592,0.29156724962964076,0.00038755051150809696,259.0,strong_linear,five_fold_perturbation_label_OOF,0,0,0.8969658859609718,0.8087977339439641,1.0054497092856234
frangieh_melanoma_ifng,env__v~frangiehizar2021%5Frna__v~patient-derived%5Fmelanoma__v~rna__v~ifn%CE%B3,FrangiehIzar2021_RNA,IFNγ,perturbation_2,SEC11C,4,"0,1,2",0.683279120034973,0.8632998731343345,0.13670012686566546,8.75858694326956e-05,251.0,strong_linear,five_fold_perturbation_label_OOF,0,0,0.676295945429068,0.6966694609828961,0.8008838620734707
frangieh_melanoma_ifng,env__v~frangiehizar2021%5Frna__v~patient-derived%5Fmelanoma__v~rna__v~ifn%CE%B3,FrangiehIzar2021_RNA,IFNγ,perturbation_2,SERPINA3,3,"0,1,2",0.7753203431020669,0.9804213441434997,0.019578655856500315,6.197928606285028e-06,230.0,strong_linear,five_fold_perturbation_label_OOF,0,0,0.7688496230433193,0.7836351611409075,0.7872437062251327
frangieh_melanoma_ifng,env__v~frangiehizar2021%5Frna__v~patient-derived%5Fmelanoma__v~rna__v~ifn%CE%B3,FrangiehIzar2021_RNA,IFNγ,perturbation_2,SERPINE2,3,"0,1,2",0.7353026206352544,0.796119736819711,0.20388026318028896,0.00030252942263115154,226.0,strong_linear,five_fold_perturbation_label_OOF,0,0,0.8369518472279938,0.8193273841580011,0.7276641541143659
frangieh_melanoma_ifng,env__v~frangiehizar2021%5Frna__v~patient-derived%5Fmelanoma__v~rna__v~ifn%CE%B3,FrangiehIzar2021_RNA,IFNγ,perturbation_2,SERPINF1,3,"0,1,2",0.708793708848028,0.9803334596223251,0.0196665403776749,6.214012898003456e-06,240.0,strong_linear,five_fold_perturbation_label_OOF,0,0,0.7041207314109376,0.7160726790427786,0.7237382812470191
frangieh_melanoma_ifng,env__v~frangiehizar2021%5Frna__v~patient-derived%5Fmelanoma__v~rna__v~ifn%CE%B3,FrangiehIzar2021_RNA,IFNγ,perturbation_2,SET,2,"0,1,2",0.8397849985072707,0.8199462155354974,0.1800537844645026,0.0001285248005278098,196.0,strong_linear,five_fold_perturbation_label_OOF,0,0,0.8506995261670083,0.8129090244023971,0.9179961613207787
frangieh_melanoma_ifng,env__v~frangiehizar2021%5Frna__v~patient-derived%5Fmelanoma__v~rna__v~ifn%CE%B3,FrangiehIzar2021_RNA,IFNγ,perturbation_2,SGK1,0,"0,1,2",0.6627524611218698,0.87418539161186,0.12581460838813996,5.176665043080704e-05,260.0,strong_linear,five_fold_perturbation_label_OOF,0,0,0.7549274908111663,0.5937922768864162,0.7568231612745882
frangieh_melanoma_ifng,env__v~frangiehizar2021%5Frna__v~patient-derived%5Fmelanoma__v~rna__v~ifn%CE%B3,FrangiehIzar2021_RNA,IFNγ,perturbation_2,SHMT2,1,"0,1,2",0.7020531709486068,0.9048673078329839,0.09513269216701614,3.5329605443222426e-05,200.0,strong_linear,five_fold_perturbation_label_OOF,0,0,0.7032460789362869,0.7893137488190509,0.700781313530025
frangieh_melanoma_ifng,env__v~frangiehizar2021%5Frna__v~patient-derived%5Fmelanoma__v~rna__v~ifn%CE%B3,FrangiehIzar2021_RNA,IFNγ,perturbation_2,SINHCAF,3,"0,1,2",0.8449806917631217,0.847020641632566,0.15297935836743404,6.02466518513561e-05,173.0,strong_linear,five_fold_perturbation_label_OOF,0,0,0.8667931958814058,0.8450294000150482,0.8884051612597657
frangieh_melanoma_ifng,env__v~frangiehizar2021%5Frna__v~patient-derived%5Fmelanoma__v~rna__v~ifn%CE%B3,FrangiehIzar2021_RNA,IFNγ,perturbation_2,SLC19A1,2,"0,1,2",0.7788159010785547,0.9523895927036775,0.04761040729632249,1.619946664557201e-05,198.0,strong_linear,five_fold_perturbation_label_OOF,0,0,0.8495216817911166,0.7570944444646208,0.7567749088680755
frangieh_melanoma_ifng,env__v~frangiehizar2021%5Frna__v~patient-derived%5Fmelanoma__v~rna__v~ifn%CE%B3,FrangiehIzar2021_RNA,IFNγ,perturbation_2,SLC22A18,4,"0,1,2",0.5022991162934127,0.9379481654928421,0.0620518345071579,2.5948779657372408e-05,355.0,strong_linear,five_fold_perturbation_label_OOF,0,0,0.5327506635716891,0.5294074077162215,0.5378247733641648
frangieh_melanoma_ifng,env__v~frangiehizar2021%5Frna__v~patient-derived%5Fmelanoma__v~rna__v~ifn%CE%B3,FrangiehIzar2021_RNA,IFNγ,perturbation_2,SLC25A13,1,"0,1,2",0.7437504486786082,0.9185840577912531,0.08141594220874693,2.9007088243779595e-05,269.0,strong_linear,five_fold_perturbation_label_OOF,0,0,0.788440377622741,0.7622478998554856,0.7412721360369724
frangieh_melanoma_ifng,env__v~frangiehizar2021%5Frna__v~patient-derived%5Fmelanoma__v~rna__v~ifn%CE%B3,FrangiehIzar2021_RNA,IFNγ,perturbation_2,SLC26A2,0,"0,1,2",0.706528505887422,0.885180751101347,0.11481924889865303,4.300970249858606e-05,263.0,strong_linear,five_fold_perturbation_label_OOF,0,0,0.8575256098693379,0.6376776908369145,0.6980267559133088
frangieh_melanoma_ifng,env__v~frangiehizar2021%5Frna__v~patient-derived%5Fmelanoma__v~rna__v~ifn%CE%B3,FrangiehIzar2021_RNA,IFNγ,perturbation_2,SLC5A3,0,"0,1,2",0.7612177124305917,0.9166735118854032,0.08332648811459675,2.6608285858083095e-05,271.0,strong_linear,five_fold_perturbation_label_OOF,0,0,0.8344290578804878,0.7421550156563319,0.7650542672730964
frangieh_melanoma_ifng,env__v~frangiehizar2021%5Frna__v~patient-derived%5Fmelanoma__v~rna__v~ifn%CE%B3,FrangiehIzar2021_RNA,IFNγ,perturbation_2,SLC7A5P1,1,"0,1,2",0.6150640201733923,0.9771442004541848,0.02285579954581518,6.3874954243847145e-06,260.0,strong_linear,five_fold_perturbation_label_OOF,0,0,0.6206381794138369,0.6255395711920295,0.6252760994276545
frangieh_melanoma_ifng,env__v~frangiehizar2021%5Frna__v~patient-derived%5Fmelanoma__v~rna__v~ifn%CE%B3,FrangiehIzar2021_RNA,IFNγ,perturbation_2,SLIRP,2,"0,1,2",1.0872144150013034,0.8927961759197682,0.10720382408023177,8.211498155551216e-05,168.0,strong_linear,five_fold_perturbation_label_OOF,0,0,1.0930065416480892,1.0934299097692979,1.0459148594822993
frangieh_melanoma_ifng,env__v~frangiehizar2021%5Frna__v~patient-derived%5Fmelanoma__v~rna__v~ifn%CE%B3,FrangiehIzar2021_RNA,IFNγ,perturbation_2,SMAD3,1,"0,1,2",0.6676809904469376,0.9020275999144339,0.09797240008556607,3.9492852304616756e-05,271.0,strong_linear,five_fold_perturbation_label_OOF,0,0,0.6615223018438425,0.6527462038005506,0.7645910981685704
frangieh_melanoma_ifng,env__v~frangiehizar2021%5Frna__v~patient-derived%5Fmelanoma__v~rna__v~ifn%CE%B3,FrangiehIzar2021_RNA,IFNγ,perturbation_2,SMAD4,1,"0,1,2",0.6539137670531914,0.9479479251747875,0.05205207482521246,1.763867922164992e-05,272.0,strong_linear,five_fold_perturbation_label_OOF,0,0,0.6979412404615071,0.6690168961608924,0.6494477986652643
frangieh_melanoma_ifng,env__v~frangiehizar2021%5Frna__v~patient-derived%5Fmelanoma__v~rna__v~ifn%CE%B3,FrangiehIzar2021_RNA,IFNγ,perturbation_2,SNHG6,3,"0,1,2",0.7344966668158444,0.9795606153113283,0.02043938468867168,6.156954320041386e-06,202.0,strong_linear,five_fold_perturbation_label_OOF,0,0,0.7287772787032621,0.7553898197365547,0.736871823326086
frangieh_melanoma_ifng,env__v~frangiehizar2021%5Frna__v~patient-derived%5Fmelanoma__v~rna__v~ifn%CE%B3,FrangiehIzar2021_RNA,IFNγ,perturbation_2,SNRPE,2,"0,1,2",0.8704532288473276,0.8361714565703006,0.16382854342969944,7.997079672868937e-05,20.0,strong_linear,five_fold_perturbation_label_OOF,0,0,0.9069917982027814,0.92276796585605,0.8234155957667985
frangieh_melanoma_ifng,env__v~frangiehizar2021%5Frna__v~patient-derived%5Fmelanoma__v~rna__v~ifn%CE%B3,FrangiehIzar2021_RNA,IFNγ,perturbation_2,SNRPF,4,"0,1,2",0.9846434448106632,0.8175611084987655,0.1824388915012345,0.0001800514721686098,14.0,strong_linear,five_fold_perturbation_label_OOF,0,0,1.0185294889057348,0.9577923929538007,0.9900100401090248
frangieh_melanoma_ifng,env__v~frangiehizar2021%5Frna__v~patient-derived%5Fmelanoma__v~rna__v~ifn%CE%B3,FrangiehIzar2021_RNA,IFNγ,perturbation_2,SNRPG,0,"0,1,2",0.9258231684587774,0.7100260119265523,0.28997398807344765,0.0002194849474723506,38.0,strong_linear,five_fold_perturbation_label_OOF,0,0,0.9508136316339916,0.9767169001830964,0.9218753810007111
frangieh_melanoma_ifng,env__v~frangiehizar2021%5Frna__v~patient-derived%5Fmelanoma__v~rna__v~ifn%CE%B3,FrangiehIzar2021_RNA,IFNγ,perturbation_2,SOX4,2,"0,1,2",0.5006810939553361,0.9193671203955035,0.0806328796044965,3.872286409591381e-05,261.0,strong_linear,five_fold_perturbation_label_OOF,0,0,0.510031891640071,0.5906103782265928,0.5151312779945716
frangieh_melanoma_ifng,env__v~frangiehizar2021%5Frna__v~patient-derived%5Fmelanoma__v~rna__v~ifn%CE%B3,FrangiehIzar2021_RNA,IFNγ,perturbation_2,SP100,3,"0,1,2",0.7621992728845945,0.9177393282143039,0.08226067178569607,7.028924957613372e-05,232.0,strong_linear,five_fold_perturbation_label_OOF,0,0,0.7427428110932197,0.7992777246470291,0.7933424434440732
frangieh_melanoma_ifng,env__v~frangiehizar2021%5Frna__v~patient-derived%5Fmelanoma__v~rna__v~ifn%CE%B3,FrangiehIzar2021_RNA,IFNγ,perturbation_2,SPESP1,4,"0,1,2",0.7958874776170614,0.8806709016108485,0.11932909838915151,0.0001010706221714586,247.0,strong_linear,five_fold_perturbation_label_OOF,0,0,0.8623411443045245,0.8378160899937918,0.7481047997270208
frangieh_melanoma_ifng,env__v~frangiehizar2021%5Frna__v~patient-derived%5Fmelanoma__v~rna__v~ifn%CE%B3,FrangiehIzar2021_RNA,IFNγ,perturbation_2,SPINT1,0,"0,1,2",0.5975141755065769,0.9697573755002148,0.03024262449978521,8.304010164615921e-06,228.0,strong_linear,five_fold_perturbation_label_OOF,0,0,0.6495039677787158,0.5823888868592932,0.5984148821881505
frangieh_melanoma_ifng,env__v~frangiehizar2021%5Frna__v~patient-derived%5Fmelanoma__v~rna__v~ifn%CE%B3,FrangiehIzar2021_RNA,IFNγ,perturbation_2,SSR2,2,"0,1,2",0.7864306129902884,0.7936952657572354,0.20630473424276463,0.00014625460746794255,193.0,strong_linear,five_fold_perturbation_label_OOF,0,0,0.8524544828507972,0.6901766996691354,0.8614856357628544
frangieh_melanoma_ifng,env__v~frangiehizar2021%5Frna__v~patient-derived%5Fmelanoma__v~rna__v~ifn%CE%B3,FrangiehIzar2021_RNA,IFNγ,perturbation_2,ST3GAL6-AS1,0,"0,1,2",0.5520575139424042,0.973775707793403,0.026224292206597055,7.414860248555435e-06,257.0,strong_linear,five_fold_perturbation_label_OOF,0,0,0.5974769942484028,0.5414218203027306,0.5540151860037987
frangieh_melanoma_ifng,env__v~frangiehizar2021%5Frna__v~patient-derived%5Fmelanoma__v~rna__v~ifn%CE%B3,FrangiehIzar2021_RNA,IFNγ,perturbation_2,ST6GALNAC2,0,"0,1,2",0.815795077825317,0.9718819832550918,0.028118016744908214,7.794303185101294e-06,200.0,strong_linear,five_fold_perturbation_label_OOF,0,0,0.8326650835414436,0.8144920039375275,0.8161274980824277
frangieh_melanoma_ifng,env__v~frangiehizar2021%5Frna__v~patient-derived%5Fmelanoma__v~rna__v~ifn%CE%B3,FrangiehIzar2021_RNA,IFNγ,perturbation_2,STAT1,4,"0,1,2",0.5924374434563199,0.8625477764420569,0.13745222355794307,0.00046312105020088505,209.0,strong_linear,five_fold_perturbation_label_OOF,0,0,0.5195958485346183,0.7199133137672087,0.7951211214964641
frangieh_melanoma_ifng,env__v~frangiehizar2021%5Frna__v~patient-derived%5Fmelanoma__v~rna__v~ifn%CE%B3,FrangiehIzar2021_RNA,IFNγ,perturbation_2,STAT3,2,"0,1,2",0.6309598748360516,0.8948278702929958,0.10517212970700418,5.678626899828439e-05,211.0,strong_linear,five_fold_perturbation_label_OOF,0,0,0.7596334929018445,0.6333064723957667,0.6138198483730344
frangieh_melanoma_ifng,env__v~frangiehizar2021%5Frna__v~patient-derived%5Fmelanoma__v~rna__v~ifn%CE%B3,FrangiehIzar2021_RNA,IFNγ,perturbation_2,STOM,0,"0,1,2",0.8923940217068068,0.8402396351991689,0.1597603648008311,0.00013039385818037065,273.0,strong_linear,five_fold_perturbation_label_OOF,0,0,0.9138428833334304,0.874828516526539,0.9313792747927867
frangieh_melanoma_ifng,env__v~frangiehizar2021%5Frna__v~patient-derived%5Fmelanoma__v~rna__v~ifn%CE%B3,FrangiehIzar2021_RNA,IFNγ,perturbation_2,STX7,4,"0,1,2",0.6170521227221326,0.8817742112540005,0.11822578874599954,3.456189969830248e-05,246.0,strong_linear,five_fold_perturbation_label_OOF,0,0,0.6711015625494996,0.5774339578846149,0.7348193701103735
frangieh_melanoma_ifng,env__v~frangiehizar2021%5Frna__v~patient-derived%5Fmelanoma__v~rna__v~ifn%CE%B3,FrangiehIzar2021_RNA,IFNγ,perturbation_2,TAPBP,2,"0,1,2",0.68400086308127,0.9037866396013085,0.09621336039869155,6.063586653059641e-05,220.0,strong_linear,five_fold_perturbation_label_OOF,0,0,0.6924852199877678,0.7215839736223006,0.7252108174638181
frangieh_melanoma_ifng,env__v~frangiehizar2021%5Frna__v~patient-derived%5Fmelanoma__v~rna__v~ifn%CE%B3,FrangiehIzar2021_RNA,IFNγ,perturbation_2,TAPBPL,0,"0,1,2",0.5959843375145708,0.971919615206891,0.028080384793109037,8.970831719900045e-06,245.0,strong_linear,five_fold_perturbation_label_OOF,0,0,0.6490873160305048,0.5870300385697413,0.5874075605344217
frangieh_melanoma_ifng,env__v~frangiehizar2021%5Frna__v~patient-derived%5Fmelanoma__v~rna__v~ifn%CE%B3,FrangiehIzar2021_RNA,IFNγ,perturbation_2,TFAP2A,4,"0,1,2",0.7387687819315509,0.8626908000890895,0.1373091999109105,8.045111033605756e-05,242.0,strong_linear,five_fold_perturbation_label_OOF,0,0,0.8382818521155654,0.673525691869133,0.7805075500868034
frangieh_melanoma_ifng,env__v~frangiehizar2021%5Frna__v~patient-derived%5Fmelanoma__v~rna__v~ifn%CE%B3,FrangiehIzar2021_RNA,IFNγ,perturbation_2,TGFB1,2,"0,1,2",0.6696566994358146,0.8366980236838426,0.1633019763161574,0.00011675223126506927,261.0,strong_linear,five_fold_perturbation_label_OOF,0,0,0.7380220058502425,0.7540413643943547,0.6651100222970818
frangieh_melanoma_ifng,env__v~frangiehizar2021%5Frna__v~patient-derived%5Fmelanoma__v~rna__v~ifn%CE%B3,FrangiehIzar2021_RNA,IFNγ,perturbation_2,TIMM50,1,"0,1,2",0.8948495525254974,0.905238032887843,0.09476196711215701,3.418978826773059e-05,124.0,strong_linear,five_fold_perturbation_label_OOF,0,0,0.9194886567764765,0.8929598242825392,0.9044805351880658
frangieh_melanoma_ifng,env__v~frangiehizar2021%5Frna__v~patient-derived%5Fmelanoma__v~rna__v~ifn%CE%B3,FrangiehIzar2021_RNA,IFNγ,perturbation_2,TIMP1,0,"0,1,2",0.6361256036860649,0.8406683495004178,0.1593316504995822,0.00029735504716242155,229.0,strong_linear,five_fold_perturbation_label_OOF,0,0,0.6804019629345283,0.6300303117793153,0.7632214189242699
frangieh_melanoma_ifng,env__v~frangiehizar2021%5Frna__v~patient-derived%5Fmelanoma__v~rna__v~ifn%CE%B3,FrangiehIzar2021_RNA,IFNγ,perturbation_2,TIMP2,4,"0,1,2",0.8937274198413362,0.769358187559246,0.230641812440754,0.0002271851664700317,189.0,strong_linear,five_fold_perturbation_label_OOF,0,0,0.8837118808285999,0.8994136690185001,0.9566825654435388
frangieh_melanoma_ifng,env__v~frangiehizar2021%5Frna__v~patient-derived%5Fmelanoma__v~rna__v~ifn%CE%B3,FrangiehIzar2021_RNA,IFNγ,perturbation_2,TIMP3,1,"0,1,2",0.7569298001691281,0.8177295289209173,0.18227047107908267,0.0001554916564178336,184.0,strong_linear,five_fold_perturbation_label_OOF,0,0,0.7739126243580583,0.843601664729731,0.7869219040109381
frangieh_melanoma_ifng,env__v~frangiehizar2021%5Frna__v~patient-derived%5Fmelanoma__v~rna__v~ifn%CE%B3,FrangiehIzar2021_RNA,IFNγ,perturbation_2,TM4SF1,0,"0,1,2",0.8274156047133838,0.6928841212664917,0.3071158787335083,0.00022706836254141765,222.0,strong_linear,five_fold_perturbation_label_OOF,0,0,0.963123212604522,0.9280800908530114,0.6885748175607169
frangieh_melanoma_ifng,env__v~frangiehizar2021%5Frna__v~patient-derived%5Fmelanoma__v~rna__v~ifn%CE%B3,FrangiehIzar2021_RNA,IFNγ,perturbation_2,TMED10,2,"0,1,2",1.1286858698318114,0.9067618840320196,0.09323811596798037,5.3630418139627225e-05,66.0,strong_linear,five_fold_perturbation_label_OOF,0,0,1.1041779166193417,1.1077668348060827,1.1381269671110301
frangieh_melanoma_ifng,env__v~frangiehizar2021%5Frna__v~patient-derived%5Fmelanoma__v~rna__v~ifn%CE%B3,FrangiehIzar2021_RNA,IFNγ,perturbation_2,TMEM173,3,"0,1,2",0.6832185864167437,0.9612739190847625,0.03872608091523755,1.3005088733476418e-05,216.0,strong_linear,five_fold_perturbation_label_OOF,0,0,0.6740481316946949,0.7084171583956973,0.7060354230757575
frangieh_melanoma_ifng,env__v~frangiehizar2021%5Frna__v~patient-derived%5Fmelanoma__v~rna__v~ifn%CE%B3,FrangiehIzar2021_RNA,IFNγ,perturbation_2,TOP1MT,2,"0,1,2",0.8810912133215212,0.9559178483514313,0.04408215164856866,1.4947967443512099e-05,201.0,strong_linear,five_fold_perturbation_label_OOF,0,0,0.8747403470729944,0.906269479880512,0.8780974766316249
frangieh_melanoma_ifng,env__v~frangiehizar2021%5Frna__v~patient-derived%5Fmelanoma__v~rna__v~ifn%CE%B3,FrangiehIzar2021_RNA,IFNγ,perturbation_2,TP53,0,"0,1,2",0.6891591112117805,0.9688685152264661,0.03113148477353389,8.730319154897537e-06,218.0,strong_linear,five_fold_perturbation_label_OOF,0,0,0.7274348364333421,0.67624800217272,0.6941032442358532
frangieh_melanoma_ifng,env__v~frangiehizar2021%5Frna__v~patient-derived%5Fmelanoma__v~rna__v~ifn%CE%B3,FrangiehIzar2021_RNA,IFNγ,perturbation_2,TPP1,4,"0,1,2",0.9013836266278141,0.9457425567704479,0.05425744322955206,2.095752763144214e-05,217.0,strong_linear,five_fold_perturbation_label_OOF,0,0,0.8990575584706736,0.8675253433137113,0.9492307031381729
frangieh_melanoma_ifng,env__v~frangiehizar2021%5Frna__v~patient-derived%5Fmelanoma__v~rna__v~ifn%CE%B3,FrangiehIzar2021_RNA,IFNγ,perturbation_2,TPRKB,1,"0,1,2",1.010577481709952,0.8253349484325486,0.17466505156745138,0.00012209264303580548,50.0,strong_linear,five_fold_perturbation_label_OOF,0,0,0.9227562418447725,1.162726300956872,0.9661476083731698
frangieh_melanoma_ifng,env__v~frangiehizar2021%5Frna__v~patient-derived%5Fmelanoma__v~rna__v~ifn%CE%B3,FrangiehIzar2021_RNA,IFNγ,perturbation_2,TRIM22,3,"0,1,2",0.7738936185855874,0.93754429836501,0.062455701634990035,1.9075414948870006e-05,178.0,strong_linear,five_fold_perturbation_label_OOF,0,0,0.7911153582539208,0.7817642473103649,0.7909816656464772
frangieh_melanoma_ifng,env__v~frangiehizar2021%5Frna__v~patient-derived%5Fmelanoma__v~rna__v~ifn%CE%B3,FrangiehIzar2021_RNA,IFNγ,perturbation_2,TSC22D3,0,"0,1,2",0.6542548388889489,0.9383606056338284,0.06163939436617161,1.848822128606707e-05,238.0,strong_linear,five_fold_perturbation_label_OOF,0,0,0.7105909343718741,0.6577661903934069,0.6577748993528925
frangieh_melanoma_ifng,env__v~frangiehizar2021%5Frna__v~patient-derived%5Fmelanoma__v~rna__v~ifn%CE%B3,FrangiehIzar2021_RNA,IFNγ,perturbation_2,TTLL1,0,"0,1,2",0.7245967988258757,0.9530663485873525,0.04693365141264749,1.4632161920971505e-05,262.0,strong_linear,five_fold_perturbation_label_OOF,0,0,0.7730599433601218,0.728505244236056,0.7104370581723429
frangieh_melanoma_ifng,env__v~frangiehizar2021%5Frna__v~patient-derived%5Fmelanoma__v~rna__v~ifn%CE%B3,FrangiehIzar2021_RNA,IFNγ,perturbation_2,TXNDC17,4,"0,1,2",0.6859002892318131,0.8238601104563533,0.17613988954364668,0.00012695215248338884,215.0,strong_linear,five_fold_perturbation_label_OOF,0,0,0.6906558900949261,0.7977429323155267,0.696097755182931
frangieh_melanoma_ifng,env__v~frangiehizar2021%5Frna__v~patient-derived%5Fmelanoma__v~rna__v~ifn%CE%B3,FrangiehIzar2021_RNA,IFNγ,perturbation_2,TYR,0,"0,1,2",0.7397656109543219,0.9703880759640322,0.029611924035967796,8.001802025694259e-06,262.0,strong_linear,five_fold_perturbation_label_OOF,0,0,0.7731089278839621,0.7329790994287682,0.7375425128824946
frangieh_melanoma_ifng,env__v~frangiehizar2021%5Frna__v~patient-derived%5Fmelanoma__v~rna__v~ifn%CE%B3,FrangiehIzar2021_RNA,IFNγ,perturbation_2,UBA52,3,"0,1,2",0.9815417709009584,0.8068206373616492,0.19317936263835078,0.0001438382828564538,17.0,strong_linear,five_fold_perturbation_label_OOF,0,0,0.9614498680396028,0.9445475123509279,1.0553433936202072
frangieh_melanoma_ifng,env__v~frangiehizar2021%5Frna__v~patient-derived%5Fmelanoma__v~rna__v~ifn%CE%B3,FrangiehIzar2021_RNA,IFNγ,perturbation_2,UBC,2,"0,1,2",0.8778090164876932,0.7570435173122204,0.24295648268777958,0.0001737021366956847,95.0,strong_linear,five_fold_perturbation_label_OOF,0,0,0.9366274199049784,0.8887327882124222,0.8968211074028355
frangieh_melanoma_ifng,env__v~frangiehizar2021%5Frna__v~patient-derived%5Fmelanoma__v~rna__v~ifn%CE%B3,FrangiehIzar2021_RNA,IFNγ,perturbation_2,UCN2,4,"0,1,2",0.8386749496276209,0.9514256163937419,0.0485743836062581,1.562727174551339e-05,192.0,strong_linear,five_fold_perturbation_label_OOF,0,0,0.8390751728224402,0.83690282602232,0.8636837035976379
frangieh_melanoma_ifng,env__v~frangiehizar2021%5Frna__v~patient-derived%5Fmelanoma__v~rna__v~ifn%CE%B3,FrangiehIzar2021_RNA,IFNγ,perturbation_2,UQCRFS1,0,"0,1,2",0.9446445041630387,0.7114894355446987,0.2885105644553013,0.00020120442156731377,111.0,strong_linear,five_fold_perturbation_label_OOF,0,0,0.9180425745016687,0.9784317126983088,0.99297332414208
frangieh_melanoma_ifng,env__v~frangiehizar2021%5Frna__v~patient-derived%5Fmelanoma__v~rna__v~ifn%CE%B3,FrangiehIzar2021_RNA,IFNγ,perturbation_2,UQCRH,4,"0,1,2",1.0266196064429278,0.8488481066198168,0.1511518933801832,9.456371749556988e-05,76.0,strong_linear,five_fold_perturbation_label_OOF,0,0,1.0325180859056737,1.0513590437596496,0.9937891715209178
frangieh_melanoma_ifng,env__v~frangiehizar2021%5Frna__v~patient-derived%5Fmelanoma__v~rna__v~ifn%CE%B3,FrangiehIzar2021_RNA,IFNγ,perturbation_2,VAT1,4,"0,1,2",0.7619281121175513,0.8711148351987906,0.12888516480120937,0.00010114429665752158,154.0,strong_linear,five_fold_perturbation_label_OOF,0,0,0.7868730190238575,0.7482476973260797,0.8170172992359213
frangieh_melanoma_ifng,env__v~frangiehizar2021%5Frna__v~patient-derived%5Fmelanoma__v~rna__v~ifn%CE%B3,FrangiehIzar2021_RNA,IFNγ,perturbation_2,VDAC2,4,"0,1,2",0.9725649721679089,0.8681864263767644,0.13181357362323565,8.80572997126894e-05,223.0,strong_linear,five_fold_perturbation_label_OOF,0,0,0.9637198529810183,0.9916545928932499,0.9745481235824967
frangieh_melanoma_ifng,env__v~frangiehizar2021%5Frna__v~patient-derived%5Fmelanoma__v~rna__v~ifn%CE%B3,FrangiehIzar2021_RNA,IFNγ,perturbation_2,WBP2,4,"0,1,2",0.7210685117248652,0.9599821112750399,0.04001788872496015,1.941975898210303e-05,255.0,strong_linear,five_fold_perturbation_label_OOF,0,0,0.7273662102413783,0.7585905114480331,0.713707791778681
frangieh_melanoma_ifng,env__v~frangiehizar2021%5Frna__v~patient-derived%5Fmelanoma__v~rna__v~ifn%CE%B3,FrangiehIzar2021_RNA,IFNγ,perturbation_2,WNT7A,3,"0,1,2",0.7332386958549322,0.980514886732442,0.019485113267557974,6.1633729047035906e-06,267.0,strong_linear,five_fold_perturbation_label_OOF,0,0,0.7348054573799137,0.7294628129484385,0.7504861029758461
frangieh_melanoma_ifng,env__v~frangiehizar2021%5Frna__v~patient-derived%5Fmelanoma__v~rna__v~ifn%CE%B3,FrangiehIzar2021_RNA,IFNγ,perturbation_2,XAGE1A,3,"0,1,2",0.923033777082269,0.9798496481695093,0.020150351830490743,6.385942674597996e-06,160.0,strong_linear,five_fold_perturbation_label_OOF,0,0,0.9172662841542104,0.9173241093240025,0.9388756807780565
