environment_id,perturbation_label,n_cells_qc,n_guides,n_guides_with_two_or_more_cells,guide_cell_coverage_fraction,status,note
frangieh_melanoma_control,A2M,374,216,17,0.4679144385026738,audit_only_not_primary,guide-stratified split is reported for coverage; primary floors use environment×perturbation splits
frangieh_melanoma_control,ACSL3,183,113,4,0.40437158469945356,audit_only_not_primary,guide-stratified split is reported for coverage; primary floors use environment×perturbation splits
frangieh_melanoma_control,ACTA2,407,243,13,0.4348894348894349,audit_only_not_primary,guide-stratified split is reported for coverage; primary floors use environment×perturbation splits
frangieh_melanoma_control,AEBP1,387,228,12,0.4418604651162791,audit_only_not_primary,guide-stratified split is reported for coverage; primary floors use environment×perturbation splits
frangieh_melanoma_control,AGA,318,178,8,0.46540880503144655,audit_only_not_primary,guide-stratified split is reported for coverage; primary floors use environment×perturbation splits
frangieh_melanoma_control,AHCY,33,26,2,0.2727272727272727,audit_only_not_primary,guide-stratified split is reported for coverage; primary floors use environment×perturbation splits
frangieh_melanoma_control,AHNAK,320,171,7,0.4875,audit_only_not_primary,guide-stratified split is reported for coverage; primary floors use environment×perturbation splits
frangieh_melanoma_control,APOC2,323,180,11,0.47678018575851394,audit_only_not_primary,guide-stratified split is reported for coverage; primary floors use environment×perturbation splits
frangieh_melanoma_control,APOD,304,180,9,0.4375,audit_only_not_primary,guide-stratified split is reported for coverage; primary floors use environment×perturbation splits
frangieh_melanoma_control,APOE,317,177,6,0.4605678233438486,audit_only_not_primary,guide-stratified split is reported for coverage; primary floors use environment×perturbation splits
frangieh_melanoma_control,ARMC6,250,123,10,0.548,audit_only_not_primary,guide-stratified split is reported for coverage; primary floors use environment×perturbation splits
frangieh_melanoma_control,ATP1A1,10,9,1,0.2,audit_only_not_primary,guide-stratified split is reported for coverage; primary floors use environment×perturbation splits
frangieh_melanoma_control,ATP1B1,343,178,12,0.5160349854227405,audit_only_not_primary,guide-stratified split is reported for coverage; primary floors use environment×perturbation splits
frangieh_melanoma_control,ATP5MD,151,9,3,0.9602649006622517,audit_only_not_primary,guide-stratified split is reported for coverage; primary floors use environment×perturbation splits
frangieh_melanoma_control,B2M,367,227,14,0.4196185286103542,audit_only_not_primary,guide-stratified split is reported for coverage; primary floors use environment×perturbation splits
frangieh_melanoma_control,BOLA2,171,86,6,0.5321637426900585,audit_only_not_primary,guide-stratified split is reported for coverage; primary floors use environment×perturbation splits
frangieh_melanoma_control,BOLA2B,203,110,4,0.47783251231527096,audit_only_not_primary,guide-stratified split is reported for coverage; primary floors use environment×perturbation splits
frangieh_melanoma_control,BZW2,280,146,7,0.5035714285714286,audit_only_not_primary,guide-stratified split is reported for coverage; primary floors use environment×perturbation splits
frangieh_melanoma_control,C19orf48,303,158,12,0.5181518151815182,audit_only_not_primary,guide-stratified split is reported for coverage; primary floors use environment×perturbation splits
frangieh_melanoma_control,C1QBP,177,96,9,0.5084745762711864,audit_only_not_primary,guide-stratified split is reported for coverage; primary floors use environment×perturbation splits
frangieh_melanoma_control,C6orf226,273,158,12,0.4652014652014652,audit_only_not_primary,guide-stratified split is reported for coverage; primary floors use environment×perturbation splits
frangieh_melanoma_control,CCND1,201,117,4,0.43781094527363185,audit_only_not_primary,guide-stratified split is reported for coverage; primary floors use environment×perturbation splits
frangieh_melanoma_control,CCND2,278,177,7,0.38848920863309355,audit_only_not_primary,guide-stratified split is reported for coverage; primary floors use environment×perturbation splits
frangieh_melanoma_control,CCR10,264,146,8,0.4772727272727273,audit_only_not_primary,guide-stratified split is reported for coverage; primary floors use environment×perturbation splits
frangieh_melanoma_control,CCT3,52,27,5,0.5769230769230769,audit_only_not_primary,guide-stratified split is reported for coverage; primary floors use environment×perturbation splits
frangieh_melanoma_control,CCT6A,14,7,3,0.7142857142857143,audit_only_not_primary,guide-stratified split is reported for coverage; primary floors use environment×perturbation splits
frangieh_melanoma_control,CD151,282,154,9,0.4858156028368794,audit_only_not_primary,guide-stratified split is reported for coverage; primary floors use environment×perturbation splits
frangieh_melanoma_control,CD274,338,198,6,0.4319526627218935,audit_only_not_primary,guide-stratified split is reported for coverage; primary floors use environment×perturbation splits
frangieh_melanoma_control,CD44,339,174,13,0.5250737463126843,audit_only_not_primary,guide-stratified split is reported for coverage; primary floors use environment×perturbation splits
frangieh_melanoma_control,CD47,302,165,13,0.4966887417218543,audit_only_not_primary,guide-stratified split is reported for coverage; primary floors use environment×perturbation splits
frangieh_melanoma_control,CD58,288,156,10,0.4930555555555556,audit_only_not_primary,guide-stratified split is reported for coverage; primary floors use environment×perturbation splits
frangieh_melanoma_control,CD59,318,167,6,0.4937106918238994,audit_only_not_primary,guide-stratified split is reported for coverage; primary floors use environment×perturbation splits
frangieh_melanoma_control,CD63,220,116,7,0.5045454545454545,audit_only_not_primary,guide-stratified split is reported for coverage; primary floors use environment×perturbation splits
frangieh_melanoma_control,CDC123,88,47,5,0.5227272727272727,audit_only_not_primary,guide-stratified split is reported for coverage; primary floors use environment×perturbation splits
frangieh_melanoma_control,CDH19,335,172,13,0.5253731343283582,audit_only_not_primary,guide-stratified split is reported for coverage; primary floors use environment×perturbation splits
frangieh_melanoma_control,CDK4,240,118,4,0.525,audit_only_not_primary,guide-stratified split is reported for coverage; primary floors use environment×perturbation splits
frangieh_melanoma_control,CDK6,110,61,5,0.4909090909090909,audit_only_not_primary,guide-stratified split is reported for coverage; primary floors use environment×perturbation splits
frangieh_melanoma_control,CDKN1A,296,149,9,0.527027027027027,audit_only_not_primary,guide-stratified split is reported for coverage; primary floors use environment×perturbation splits
frangieh_melanoma_control,CDKN2A,224,114,8,0.5267857142857143,audit_only_not_primary,guide-stratified split is reported for coverage; primary floors use environment×perturbation splits
frangieh_melanoma_control,CDKN2B,255,121,6,0.5490196078431373,audit_only_not_primary,guide-stratified split is reported for coverage; primary floors use environment×perturbation splits
frangieh_melanoma_control,CGAS,195,63,7,0.7128205128205128,audit_only_not_primary,guide-stratified split is reported for coverage; primary floors use environment×perturbation splits
frangieh_melanoma_control,CHCHD2,255,112,8,0.592156862745098,audit_only_not_primary,guide-stratified split is reported for coverage; primary floors use environment×perturbation splits
frangieh_melanoma_control,CITED1,340,190,8,0.4647058823529412,audit_only_not_primary,guide-stratified split is reported for coverage; primary floors use environment×perturbation splits
frangieh_melanoma_control,CKS1B,264,131,6,0.5265151515151515,audit_only_not_primary,guide-stratified split is reported for coverage; primary floors use environment×perturbation splits
frangieh_melanoma_control,CMSS1,257,127,12,0.5525291828793775,audit_only_not_primary,guide-stratified split is reported for coverage; primary floors use environment×perturbation splits
frangieh_melanoma_control,CORO1A,264,129,6,0.5340909090909091,audit_only_not_primary,guide-stratified split is reported for coverage; primary floors use environment×perturbation splits
frangieh_melanoma_control,CSPG4,329,180,12,0.48936170212765956,audit_only_not_primary,guide-stratified split is reported for coverage; primary floors use environment×perturbation splits
frangieh_melanoma_control,CST3,195,102,5,0.5025641025641026,audit_only_not_primary,guide-stratified split is reported for coverage; primary floors use environment×perturbation splits
frangieh_melanoma_control,CTPS1,115,61,4,0.5043478260869565,audit_only_not_primary,guide-stratified split is reported for coverage; primary floors use environment×perturbation splits
frangieh_melanoma_control,CTSA,284,135,9,0.5563380281690141,audit_only_not_primary,guide-stratified split is reported for coverage; primary floors use environment×perturbation splits
frangieh_melanoma_control,CTSB,282,145,9,0.5177304964539007,audit_only_not_primary,guide-stratified split is reported for coverage; primary floors use environment×perturbation splits
frangieh_melanoma_control,CTSD,330,149,15,0.593939393939394,audit_only_not_primary,guide-stratified split is reported for coverage; primary floors use environment×perturbation splits
frangieh_melanoma_control,CTSL,270,123,13,0.5925925925925926,audit_only_not_primary,guide-stratified split is reported for coverage; primary floors use environment×perturbation splits
frangieh_melanoma_control,CTSO,299,131,7,0.5852842809364549,audit_only_not_primary,guide-stratified split is reported for coverage; primary floors use environment×perturbation splits
frangieh_melanoma_control,CXCR4,204,98,7,0.553921568627451,audit_only_not_primary,guide-stratified split is reported for coverage; primary floors use environment×perturbation splits
frangieh_melanoma_control,CYP27A1,279,130,8,0.5627240143369175,audit_only_not_primary,guide-stratified split is reported for coverage; primary floors use environment×perturbation splits
frangieh_melanoma_control,DAG1,246,124,8,0.5284552845528455,audit_only_not_primary,guide-stratified split is reported for coverage; primary floors use environment×perturbation splits
frangieh_melanoma_control,DDR1,210,97,9,0.580952380952381,audit_only_not_primary,guide-stratified split is reported for coverage; primary floors use environment×perturbation splits
frangieh_melanoma_control,DDX17,222,111,8,0.536036036036036,audit_only_not_primary,guide-stratified split is reported for coverage; primary floors use environment×perturbation splits
frangieh_melanoma_control,DDX39A,157,81,7,0.5286624203821656,audit_only_not_primary,guide-stratified split is reported for coverage; primary floors use environment×perturbation splits
frangieh_melanoma_control,DLL3,247,114,12,0.5870445344129555,audit_only_not_primary,guide-stratified split is reported for coverage; primary floors use environment×perturbation splits
frangieh_melanoma_control,DNMT1,84,35,4,0.6309523809523809,audit_only_not_primary,guide-stratified split is reported for coverage; primary floors use environment×perturbation splits
frangieh_melanoma_control,E2F1,167,71,5,0.6047904191616766,audit_only_not_primary,guide-stratified split is reported for coverage; primary floors use environment×perturbation splits
frangieh_melanoma_control,EEA1,183,77,5,0.6065573770491803,audit_only_not_primary,guide-stratified split is reported for coverage; primary floors use environment×perturbation splits
frangieh_melanoma_control,EEF1G,47,27,4,0.5106382978723404,audit_only_not_primary,guide-stratified split is reported for coverage; primary floors use environment×perturbation splits
frangieh_melanoma_control,EIF2S3,15,9,3,0.6,audit_only_not_primary,guide-stratified split is reported for coverage; primary floors use environment×perturbation splits
frangieh_melanoma_control,EIF3K,229,110,7,0.5502183406113537,audit_only_not_primary,guide-stratified split is reported for coverage; primary floors use environment×perturbation splits
frangieh_melanoma_control,EIF4A1,49,22,3,0.6122448979591837,audit_only_not_primary,guide-stratified split is reported for coverage; primary floors use environment×perturbation splits
frangieh_melanoma_control,EMP1,263,122,9,0.5703422053231939,audit_only_not_primary,guide-stratified split is reported for coverage; primary floors use environment×perturbation splits
frangieh_melanoma_control,ENPP1,218,89,5,0.6146788990825688,audit_only_not_primary,guide-stratified split is reported for coverage; primary floors use environment×perturbation splits
frangieh_melanoma_control,EVA1A,216,105,8,0.5509259259259259,audit_only_not_primary,guide-stratified split is reported for coverage; primary floors use environment×perturbation splits
frangieh_melanoma_control,FARSA,24,15,3,0.5,audit_only_not_primary,guide-stratified split is reported for coverage; primary floors use environment×perturbation splits
frangieh_melanoma_control,FBL,96,45,4,0.5729166666666666,audit_only_not_primary,guide-stratified split is reported for coverage; primary floors use environment×perturbation splits
frangieh_melanoma_control,FBXO32,249,126,5,0.5140562248995983,audit_only_not_primary,guide-stratified split is reported for coverage; primary floors use environment×perturbation splits
frangieh_melanoma_control,FGFR1,319,151,9,0.554858934169279,audit_only_not_primary,guide-stratified split is reported for coverage; primary floors use environment×perturbation splits
frangieh_melanoma_control,FKBP4,192,85,7,0.59375,audit_only_not_primary,guide-stratified split is reported for coverage; primary floors use environment×perturbation splits
frangieh_melanoma_control,FMN1,271,127,8,0.5608856088560885,audit_only_not_primary,guide-stratified split is reported for coverage; primary floors use environment×perturbation splits
frangieh_melanoma_control,FOS,217,101,5,0.5576036866359447,audit_only_not_primary,guide-stratified split is reported for coverage; primary floors use environment×perturbation splits
frangieh_melanoma_control,FOXM1,78,38,4,0.5641025641025641,audit_only_not_primary,guide-stratified split is reported for coverage; primary floors use environment×perturbation splits
frangieh_melanoma_control,FRZB,194,83,4,0.5927835051546392,audit_only_not_primary,guide-stratified split is reported for coverage; primary floors use environment×perturbation splits
frangieh_melanoma_control,FSTL3,278,118,9,0.6079136690647482,audit_only_not_primary,guide-stratified split is reported for coverage; primary floors use environment×perturbation splits
frangieh_melanoma_control,FTH1,37,22,2,0.4594594594594595,audit_only_not_primary,guide-stratified split is reported for coverage; primary floors use environment×perturbation splits
frangieh_melanoma_control,GAA,229,109,5,0.5458515283842795,audit_only_not_primary,guide-stratified split is reported for coverage; primary floors use environment×perturbation splits
frangieh_melanoma_control,GAS5,210,95,7,0.580952380952381,audit_only_not_primary,guide-stratified split is reported for coverage; primary floors use environment×perturbation splits
frangieh_melanoma_control,GPATCH4,156,58,4,0.6538461538461539,audit_only_not_primary,guide-stratified split is reported for coverage; primary floors use environment×perturbation splits
frangieh_melanoma_control,GPI,48,28,3,0.4791666666666667,audit_only_not_primary,guide-stratified split is reported for coverage; primary floors use environment×perturbation splits
frangieh_melanoma_control,GPNMB,209,83,6,0.631578947368421,audit_only_not_primary,guide-stratified split is reported for coverage; primary floors use environment×perturbation splits
frangieh_melanoma_control,GRN,193,84,9,0.6113989637305699,audit_only_not_primary,guide-stratified split is reported for coverage; primary floors use environment×perturbation splits
frangieh_melanoma_control,GSEC,92,5,3,0.9782608695652174,audit_only_not_primary,guide-stratified split is reported for coverage; primary floors use environment×perturbation splits
frangieh_melanoma_control,GSN,276,111,8,0.6268115942028986,audit_only_not_primary,guide-stratified split is reported for coverage; primary floors use environment×perturbation splits
frangieh_melanoma_control,HASPIN,128,68,6,0.515625,audit_only_not_primary,guide-stratified split is reported for coverage; primary floors use environment×perturbation splits
frangieh_melanoma_control,HLA-A,255,98,7,0.6431372549019608,audit_only_not_primary,guide-stratified split is reported for coverage; primary floors use environment×perturbation splits
frangieh_melanoma_control,HLA-B,145,47,5,0.7103448275862069,audit_only_not_primary,guide-stratified split is reported for coverage; primary floors use environment×perturbation splits
frangieh_melanoma_control,HLA-C,162,72,3,0.5740740740740741,audit_only_not_primary,guide-stratified split is reported for coverage; primary floors use environment×perturbation splits
frangieh_melanoma_control,HLA-DRB5,263,110,7,0.6083650190114068,audit_only_not_primary,guide-stratified split is reported for coverage; primary floors use environment×perturbation splits
frangieh_melanoma_control,HLA-E,205,93,10,0.5951219512195122,audit_only_not_primary,guide-stratified split is reported for coverage; primary floors use environment×perturbation splits
frangieh_melanoma_control,HLA-F,226,91,9,0.6371681415929203,audit_only_not_primary,guide-stratified split is reported for coverage; primary floors use environment×perturbation splits
frangieh_melanoma_control,HLA-H,221,83,11,0.6742081447963801,audit_only_not_primary,guide-stratified split is reported for coverage; primary floors use environment×perturbation splits
frangieh_melanoma_control,HNRNPA1,176,66,5,0.6534090909090909,audit_only_not_primary,guide-stratified split is reported for coverage; primary floors use environment×perturbation splits
frangieh_melanoma_control,HNRNPC,66,30,2,0.5757575757575758,audit_only_not_primary,guide-stratified split is reported for coverage; primary floors use environment×perturbation splits
frangieh_melanoma_control,HSPA1A,200,77,6,0.645,audit_only_not_primary,guide-stratified split is reported for coverage; primary floors use environment×perturbation splits
frangieh_melanoma_control,IDH2,254,92,8,0.6692913385826772,audit_only_not_primary,guide-stratified split is reported for coverage; primary floors use environment×perturbation splits
frangieh_melanoma_control,IDI2-AS1,203,71,6,0.6798029556650246,audit_only_not_primary,guide-stratified split is reported for coverage; primary floors use environment×perturbation splits
frangieh_melanoma_control,IFNGR1,202,70,5,0.6782178217821783,audit_only_not_primary,guide-stratified split is reported for coverage; primary floors use environment×perturbation splits
frangieh_melanoma_control,IFNGR2,215,72,7,0.6976744186046512,audit_only_not_primary,guide-stratified split is reported for coverage; primary floors use environment×perturbation splits
frangieh_melanoma_control,ILF2,52,21,4,0.6730769230769231,audit_only_not_primary,guide-stratified split is reported for coverage; primary floors use environment×perturbation splits
frangieh_melanoma_control,IRF3,198,69,4,0.6717171717171717,audit_only_not_primary,guide-stratified split is reported for coverage; primary floors use environment×perturbation splits
frangieh_melanoma_control,IRF4,173,73,4,0.6011560693641619,audit_only_not_primary,guide-stratified split is reported for coverage; primary floors use environment×perturbation splits
frangieh_melanoma_control,ISYNA1,162,57,6,0.6851851851851852,audit_only_not_primary,guide-stratified split is reported for coverage; primary floors use environment×perturbation splits
frangieh_melanoma_control,ITGA3,217,72,7,0.7004608294930875,audit_only_not_primary,guide-stratified split is reported for coverage; primary floors use environment×perturbation splits
frangieh_melanoma_control,JAK1,210,76,5,0.6619047619047619,audit_only_not_primary,guide-stratified split is reported for coverage; primary floors use environment×perturbation splits
frangieh_melanoma_control,JAK2,250,88,9,0.684,audit_only_not_primary,guide-stratified split is reported for coverage; primary floors use environment×perturbation splits
frangieh_melanoma_control,JMJD7,204,62,3,0.7107843137254902,audit_only_not_primary,guide-stratified split is reported for coverage; primary floors use environment×perturbation splits
frangieh_melanoma_control,JPT1,149,54,3,0.6577181208053692,audit_only_not_primary,guide-stratified split is reported for coverage; primary floors use environment×perturbation splits
frangieh_melanoma_control,KCNN4,192,72,6,0.65625,audit_only_not_primary,guide-stratified split is reported for coverage; primary floors use environment×perturbation splits
frangieh_melanoma_control,KDR,200,71,6,0.675,audit_only_not_primary,guide-stratified split is reported for coverage; primary floors use environment×perturbation splits
frangieh_melanoma_control,KLF4,200,76,8,0.66,audit_only_not_primary,guide-stratified split is reported for coverage; primary floors use environment×perturbation splits
frangieh_melanoma_control,LAMP2,226,75,10,0.7123893805309734,audit_only_not_primary,guide-stratified split is reported for coverage; primary floors use environment×perturbation splits
frangieh_melanoma_control,LCP1,215,70,6,0.7023255813953488,audit_only_not_primary,guide-stratified split is reported for coverage; primary floors use environment×perturbation splits
frangieh_melanoma_control,LEF1-AS1,213,76,3,0.6572769953051644,audit_only_not_primary,guide-stratified split is reported for coverage; primary floors use environment×perturbation splits
frangieh_melanoma_control,LGALS3,186,62,7,0.7043010752688172,audit_only_not_primary,guide-stratified split is reported for coverage; primary floors use environment×perturbation splits
frangieh_melanoma_control,LGALS3BP,175,53,6,0.7314285714285714,audit_only_not_primary,guide-stratified split is reported for coverage; primary floors use environment×perturbation splits
frangieh_melanoma_control,LINC00518,200,66,7,0.705,audit_only_not_primary,guide-stratified split is reported for coverage; primary floors use environment×perturbation splits
frangieh_melanoma_control,LRPAP1,176,55,5,0.7159090909090909,audit_only_not_primary,guide-stratified split is reported for coverage; primary floors use environment×perturbation splits
frangieh_melanoma_control,LRRC75A-AS1,119,5,3,0.9831932773109243,audit_only_not_primary,guide-stratified split is reported for coverage; primary floors use environment×perturbation splits
frangieh_melanoma_control,LY96,190,71,11,0.6842105263157895,audit_only_not_primary,guide-stratified split is reported for coverage; primary floors use environment×perturbation splits
frangieh_melanoma_control,MC1R,195,61,6,0.717948717948718,audit_only_not_primary,guide-stratified split is reported for coverage; primary floors use environment×perturbation splits
frangieh_melanoma_control,MDH2,164,46,3,0.7378048780487805,audit_only_not_primary,guide-stratified split is reported for coverage; primary floors use environment×perturbation splits
frangieh_melanoma_control,MFGE8,236,75,5,0.7033898305084746,audit_only_not_primary,guide-stratified split is reported for coverage; primary floors use environment×perturbation splits
frangieh_melanoma_control,MIA,167,60,3,0.6586826347305389,audit_only_not_primary,guide-stratified split is reported for coverage; primary floors use environment×perturbation splits
frangieh_melanoma_control,MRPL47,119,50,5,0.6218487394957983,audit_only_not_primary,guide-stratified split is reported for coverage; primary floors use environment×perturbation splits
frangieh_melanoma_control,MT2A,145,51,5,0.6827586206896552,audit_only_not_primary,guide-stratified split is reported for coverage; primary floors use environment×perturbation splits
frangieh_melanoma_control,MYC,40,12,3,0.775,audit_only_not_primary,guide-stratified split is reported for coverage; primary floors use environment×perturbation splits
frangieh_melanoma_control,NACA,20,8,3,0.75,audit_only_not_primary,guide-stratified split is reported for coverage; primary floors use environment×perturbation splits
frangieh_melanoma_control,NCL,45,18,3,0.6666666666666666,audit_only_not_primary,guide-stratified split is reported for coverage; primary floors use environment×perturbation splits
frangieh_melanoma_control,NDUFA13,109,30,4,0.7614678899082569,audit_only_not_primary,guide-stratified split is reported for coverage; primary floors use environment×perturbation splits
frangieh_melanoma_control,NEAT1,143,41,5,0.7482517482517482,audit_only_not_primary,guide-stratified split is reported for coverage; primary floors use environment×perturbation splits
frangieh_melanoma_control,NGFR,165,48,3,0.7272727272727273,audit_only_not_primary,guide-stratified split is reported for coverage; primary floors use environment×perturbation splits
frangieh_melanoma_control,NME1,156,45,5,0.7435897435897436,audit_only_not_primary,guide-stratified split is reported for coverage; primary floors use environment×perturbation splits
frangieh_melanoma_control,NMRK1,210,68,8,0.7142857142857143,audit_only_not_primary,guide-stratified split is reported for coverage; primary floors use environment×perturbation splits
frangieh_melanoma_control,NOLC1,82,27,5,0.7317073170731707,audit_only_not_primary,guide-stratified split is reported for coverage; primary floors use environment×perturbation splits
frangieh_melanoma_control,NONO,166,46,5,0.7530120481927711,audit_only_not_primary,guide-stratified split is reported for coverage; primary floors use environment×perturbation splits
frangieh_melanoma_control,NPC1,198,52,6,0.7676767676767676,audit_only_not_primary,guide-stratified split is reported for coverage; primary floors use environment×perturbation splits
frangieh_melanoma_control,NPC2,171,49,6,0.7485380116959064,audit_only_not_primary,guide-stratified split is reported for coverage; primary floors use environment×perturbation splits
frangieh_melanoma_control,NSG1,187,54,4,0.732620320855615,audit_only_not_primary,guide-stratified split is reported for coverage; primary floors use environment×perturbation splits
frangieh_melanoma_control,NT5E,247,70,7,0.7449392712550608,audit_only_not_primary,guide-stratified split is reported for coverage; primary floors use environment×perturbation splits
frangieh_melanoma_control,NUP50-AS1,153,3,3,1.0,audit_only_not_primary,guide-stratified split is reported for coverage; primary floors use environment×perturbation splits
frangieh_melanoma_control,P2RX4,95,28,5,0.7578947368421053,audit_only_not_primary,guide-stratified split is reported for coverage; primary floors use environment×perturbation splits
frangieh_melanoma_control,PABPC1,57,18,3,0.7368421052631579,audit_only_not_primary,guide-stratified split is reported for coverage; primary floors use environment×perturbation splits
frangieh_melanoma_control,PAICS,66,20,4,0.7575757575757576,audit_only_not_primary,guide-stratified split is reported for coverage; primary floors use environment×perturbation splits
frangieh_melanoma_control,PET100,87,21,4,0.8045977011494253,audit_only_not_primary,guide-stratified split is reported for coverage; primary floors use environment×perturbation splits
frangieh_melanoma_control,PFDN4,212,55,5,0.7641509433962265,audit_only_not_primary,guide-stratified split is reported for coverage; primary floors use environment×perturbation splits
frangieh_melanoma_control,PFN1,87,24,3,0.7586206896551724,audit_only_not_primary,guide-stratified split is reported for coverage; primary floors use environment×perturbation splits
frangieh_melanoma_control,PIK3IP1,158,47,3,0.7215189873417721,audit_only_not_primary,guide-stratified split is reported for coverage; primary floors use environment×perturbation splits
frangieh_melanoma_control,POLD2,44,15,3,0.7272727272727273,audit_only_not_primary,guide-stratified split is reported for coverage; primary floors use environment×perturbation splits
frangieh_melanoma_control,PPA1,31,9,3,0.8064516129032258,audit_only_not_primary,guide-stratified split is reported for coverage; primary floors use environment×perturbation splits
frangieh_melanoma_control,PPIA,149,42,6,0.7583892617449665,audit_only_not_primary,guide-stratified split is reported for coverage; primary floors use environment×perturbation splits
frangieh_melanoma_control,PRELID3B,33,13,3,0.696969696969697,audit_only_not_primary,guide-stratified split is reported for coverage; primary floors use environment×perturbation splits
frangieh_melanoma_control,PROS1,166,54,3,0.6927710843373494,audit_only_not_primary,guide-stratified split is reported for coverage; primary floors use environment×perturbation splits
frangieh_melanoma_control,PSAP,226,55,9,0.7964601769911505,audit_only_not_primary,guide-stratified split is reported for coverage; primary floors use environment×perturbation splits
frangieh_melanoma_control,PSMB8-AS1,161,37,5,0.8012422360248447,audit_only_not_primary,guide-stratified split is reported for coverage; primary floors use environment×perturbation splits
frangieh_melanoma_control,PTMA,149,44,3,0.7248322147651006,audit_only_not_primary,guide-stratified split is reported for coverage; primary floors use environment×perturbation splits
frangieh_melanoma_control,PUF60,55,12,4,0.8545454545454545,audit_only_not_primary,guide-stratified split is reported for coverage; primary floors use environment×perturbation splits
frangieh_melanoma_control,PYGB,172,41,5,0.7906976744186046,audit_only_not_primary,guide-stratified split is reported for coverage; primary floors use environment×perturbation splits
frangieh_melanoma_control,RAB27A,163,34,4,0.8159509202453987,audit_only_not_primary,guide-stratified split is reported for coverage; primary floors use environment×perturbation splits
frangieh_melanoma_control,RB1,197,41,5,0.817258883248731,audit_only_not_primary,guide-stratified split is reported for coverage; primary floors use environment×perturbation splits
frangieh_melanoma_control,RBP7,164,39,3,0.7804878048780488,audit_only_not_primary,guide-stratified split is reported for coverage; primary floors use environment×perturbation splits
frangieh_melanoma_control,RNASEH2A,92,25,7,0.8043478260869565,audit_only_not_primary,guide-stratified split is reported for coverage; primary floors use environment×perturbation splits
frangieh_melanoma_control,RNF213,156,29,4,0.8397435897435898,audit_only_not_primary,guide-stratified split is reported for coverage; primary floors use environment×perturbation splits
frangieh_melanoma_control,ROMO1,37,9,3,0.8378378378378378,audit_only_not_primary,guide-stratified split is reported for coverage; primary floors use environment×perturbation splits
frangieh_melanoma_control,RPSA,69,16,2,0.7971014492753623,audit_only_not_primary,guide-stratified split is reported for coverage; primary floors use environment×perturbation splits
frangieh_melanoma_control,RRS1,39,16,3,0.6666666666666666,audit_only_not_primary,guide-stratified split is reported for coverage; primary floors use environment×perturbation splits
frangieh_melanoma_control,RTP4,209,42,8,0.8373205741626795,audit_only_not_primary,guide-stratified split is reported for coverage; primary floors use environment×perturbation splits
frangieh_melanoma_control,RUVBL2,19,7,4,0.8421052631578947,audit_only_not_primary,guide-stratified split is reported for coverage; primary floors use environment×perturbation splits
frangieh_melanoma_control,S100A6,157,36,4,0.7961783439490446,audit_only_not_primary,guide-stratified split is reported for coverage; primary floors use environment×perturbation splits
frangieh_melanoma_control,S100B,189,42,5,0.8042328042328042,audit_only_not_primary,guide-stratified split is reported for coverage; primary floors use environment×perturbation splits
frangieh_melanoma_control,SAE1,22,4,2,0.9090909090909091,audit_only_not_primary,guide-stratified split is reported for coverage; primary floors use environment×perturbation splits
frangieh_melanoma_control,SAT1,175,36,8,0.84,audit_only_not_primary,guide-stratified split is reported for coverage; primary floors use environment×perturbation splits
frangieh_melanoma_control,SCARB2,181,43,3,0.7790055248618785,audit_only_not_primary,guide-stratified split is reported for coverage; primary floors use environment×perturbation splits
frangieh_melanoma_control,SDC3,165,35,5,0.8181818181818182,audit_only_not_primary,guide-stratified split is reported for coverage; primary floors use environment×perturbation splits
frangieh_melanoma_control,SDCBP,180,34,6,0.8444444444444444,audit_only_not_primary,guide-stratified split is reported for coverage; primary floors use environment×perturbation splits
frangieh_melanoma_control,SEC11C,181,35,6,0.8397790055248618,audit_only_not_primary,guide-stratified split is reported for coverage; primary floors use environment×perturbation splits
frangieh_melanoma_control,SERPINA3,151,40,5,0.7682119205298014,audit_only_not_primary,guide-stratified split is reported for coverage; primary floors use environment×perturbation splits
frangieh_melanoma_control,SERPINE2,143,31,5,0.8181818181818182,audit_only_not_primary,guide-stratified split is reported for coverage; primary floors use environment×perturbation splits
frangieh_melanoma_control,SERPINF1,181,35,4,0.8287292817679558,audit_only_not_primary,guide-stratified split is reported for coverage; primary floors use environment×perturbation splits
frangieh_melanoma_control,SET,123,18,4,0.8861788617886179,audit_only_not_primary,guide-stratified split is reported for coverage; primary floors use environment×perturbation splits
frangieh_melanoma_control,SGK1,134,29,4,0.8134328358208955,audit_only_not_primary,guide-stratified split is reported for coverage; primary floors use environment×perturbation splits
frangieh_melanoma_control,SHMT2,129,21,4,0.8682170542635659,audit_only_not_primary,guide-stratified split is reported for coverage; primary floors use environment×perturbation splits
frangieh_melanoma_control,SINHCAF,102,51,3,0.5294117647058824,audit_only_not_primary,guide-stratified split is reported for coverage; primary floors use environment×perturbation splits
frangieh_melanoma_control,SLC19A1,105,21,3,0.8285714285714286,audit_only_not_primary,guide-stratified split is reported for coverage; primary floors use environment×perturbation splits
frangieh_melanoma_control,SLC22A18,209,45,4,0.8038277511961722,audit_only_not_primary,guide-stratified split is reported for coverage; primary floors use environment×perturbation splits
frangieh_melanoma_control,SLC25A13,136,21,4,0.875,audit_only_not_primary,guide-stratified split is reported for coverage; primary floors use environment×perturbation splits
frangieh_melanoma_control,SLC26A2,166,31,5,0.8433734939759037,audit_only_not_primary,guide-stratified split is reported for coverage; primary floors use environment×perturbation splits
frangieh_melanoma_control,SLC5A3,178,21,5,0.9101123595505618,audit_only_not_primary,guide-stratified split is reported for coverage; primary floors use environment×perturbation splits
frangieh_melanoma_control,SLC7A5P1,144,21,4,0.8819444444444444,audit_only_not_primary,guide-stratified split is reported for coverage; primary floors use environment×perturbation splits
frangieh_melanoma_control,SLIRP,131,22,3,0.8549618320610687,audit_only_not_primary,guide-stratified split is reported for coverage; primary floors use environment×perturbation splits
frangieh_melanoma_control,SMAD3,176,24,4,0.8863636363636364,audit_only_not_primary,guide-stratified split is reported for coverage; primary floors use environment×perturbation splits
frangieh_melanoma_control,SMAD4,159,25,5,0.8742138364779874,audit_only_not_primary,guide-stratified split is reported for coverage; primary floors use environment×perturbation splits
frangieh_melanoma_control,SNHG6,134,24,4,0.8507462686567164,audit_only_not_primary,guide-stratified split is reported for coverage; primary floors use environment×perturbation splits
frangieh_melanoma_control,SNRPE,11,4,2,0.8181818181818182,audit_only_not_primary,guide-stratified split is reported for coverage; primary floors use environment×perturbation splits
frangieh_melanoma_control,SNRPF,11,2,2,1.0,audit_only_not_primary,guide-stratified split is reported for coverage; primary floors use environment×perturbation splits
frangieh_melanoma_control,SNRPG,19,6,2,0.7894736842105263,audit_only_not_primary,guide-stratified split is reported for coverage; primary floors use environment×perturbation splits
frangieh_melanoma_control,SOX4,187,21,4,0.9090909090909091,audit_only_not_primary,guide-stratified split is reported for coverage; primary floors use environment×perturbation splits
frangieh_melanoma_control,SP100,149,19,4,0.8993288590604027,audit_only_not_primary,guide-stratified split is reported for coverage; primary floors use environment×perturbation splits
frangieh_melanoma_control,SPESP1,169,20,3,0.8994082840236687,audit_only_not_primary,guide-stratified split is reported for coverage; primary floors use environment×perturbation splits
frangieh_melanoma_control,SPINT1,161,25,4,0.8695652173913043,audit_only_not_primary,guide-stratified split is reported for coverage; primary floors use environment×perturbation splits
frangieh_melanoma_control,SSR2,109,18,4,0.8715596330275229,audit_only_not_primary,guide-stratified split is reported for coverage; primary floors use environment×perturbation splits
frangieh_melanoma_control,ST3GAL6-AS1,161,29,5,0.8509316770186336,audit_only_not_primary,guide-stratified split is reported for coverage; primary floors use environment×perturbation splits
frangieh_melanoma_control,ST6GALNAC2,117,18,3,0.8717948717948718,audit_only_not_primary,guide-stratified split is reported for coverage; primary floors use environment×perturbation splits
frangieh_melanoma_control,STAT1,124,17,3,0.8870967741935484,audit_only_not_primary,guide-stratified split is reported for coverage; primary floors use environment×perturbation splits
frangieh_melanoma_control,STAT3,134,15,3,0.9104477611940298,audit_only_not_primary,guide-stratified split is reported for coverage; primary floors use environment×perturbation splits
frangieh_melanoma_control,STOM,161,22,5,0.8944099378881988,audit_only_not_primary,guide-stratified split is reported for coverage; primary floors use environment×perturbation splits
frangieh_melanoma_control,STX7,147,15,4,0.9251700680272109,audit_only_not_primary,guide-stratified split is reported for coverage; primary floors use environment×perturbation splits
frangieh_melanoma_control,TAPBP,141,20,4,0.8865248226950354,audit_only_not_primary,guide-stratified split is reported for coverage; primary floors use environment×perturbation splits
frangieh_melanoma_control,TAPBPL,154,16,4,0.922077922077922,audit_only_not_primary,guide-stratified split is reported for coverage; primary floors use environment×perturbation splits
frangieh_melanoma_control,TFAP2A,135,15,4,0.9185185185185185,audit_only_not_primary,guide-stratified split is reported for coverage; primary floors use environment×perturbation splits
frangieh_melanoma_control,TGFB1,181,21,3,0.9005524861878453,audit_only_not_primary,guide-stratified split is reported for coverage; primary floors use environment×perturbation splits
frangieh_melanoma_control,TIMM50,104,15,4,0.8942307692307693,audit_only_not_primary,guide-stratified split is reported for coverage; primary floors use environment×perturbation splits
frangieh_melanoma_control,TIMP1,146,14,4,0.9315068493150684,audit_only_not_primary,guide-stratified split is reported for coverage; primary floors use environment×perturbation splits
frangieh_melanoma_control,TIMP2,116,15,3,0.896551724137931,audit_only_not_primary,guide-stratified split is reported for coverage; primary floors use environment×perturbation splits
frangieh_melanoma_control,TIMP3,122,10,3,0.9426229508196722,audit_only_not_primary,guide-stratified split is reported for coverage; primary floors use environment×perturbation splits
frangieh_melanoma_control,TM4SF1,158,14,4,0.9367088607594937,audit_only_not_primary,guide-stratified split is reported for coverage; primary floors use environment×perturbation splits
frangieh_melanoma_control,TMED10,54,6,3,0.9444444444444444,audit_only_not_primary,guide-stratified split is reported for coverage; primary floors use environment×perturbation splits
frangieh_melanoma_control,TMEM173,148,9,3,0.9594594594594594,audit_only_not_primary,guide-stratified split is reported for coverage; primary floors use environment×perturbation splits
frangieh_melanoma_control,TOP1MT,144,9,3,0.9583333333333334,audit_only_not_primary,guide-stratified split is reported for coverage; primary floors use environment×perturbation splits
frangieh_melanoma_control,TP53,140,4,3,0.9928571428571429,audit_only_not_primary,guide-stratified split is reported for coverage; primary floors use environment×perturbation splits
frangieh_melanoma_control,TPP1,137,12,4,0.9416058394160584,audit_only_not_primary,guide-stratified split is reported for coverage; primary floors use environment×perturbation splits
frangieh_melanoma_control,TPRKB,48,6,3,0.9375,audit_only_not_primary,guide-stratified split is reported for coverage; primary floors use environment×perturbation splits
frangieh_melanoma_control,TRIM22,111,8,3,0.954954954954955,audit_only_not_primary,guide-stratified split is reported for coverage; primary floors use environment×perturbation splits
frangieh_melanoma_control,TSC22D3,181,15,4,0.9392265193370166,audit_only_not_primary,guide-stratified split is reported for coverage; primary floors use environment×perturbation splits
frangieh_melanoma_control,TTLL1,174,11,3,0.9540229885057471,audit_only_not_primary,guide-stratified split is reported for coverage; primary floors use environment×perturbation splits
frangieh_melanoma_control,TXNDC17,139,9,3,0.9568345323741008,audit_only_not_primary,guide-stratified split is reported for coverage; primary floors use environment×perturbation splits
frangieh_melanoma_control,TYR,141,11,3,0.9432624113475178,audit_only_not_primary,guide-stratified split is reported for coverage; primary floors use environment×perturbation splits
frangieh_melanoma_control,UBA52,10,3,2,0.9,audit_only_not_primary,guide-stratified split is reported for coverage; primary floors use environment×perturbation splits
frangieh_melanoma_control,UBC,56,3,2,0.9821428571428571,audit_only_not_primary,guide-stratified split is reported for coverage; primary floors use environment×perturbation splits
frangieh_melanoma_control,UCN2,110,6,4,0.9818181818181818,audit_only_not_primary,guide-stratified split is reported for coverage; primary floors use environment×perturbation splits
frangieh_melanoma_control,UQCRFS1,80,3,3,1.0,audit_only_not_primary,guide-stratified split is reported for coverage; primary floors use environment×perturbation splits
frangieh_melanoma_control,UQCRH,64,7,3,0.9375,audit_only_not_primary,guide-stratified split is reported for coverage; primary floors use environment×perturbation splits
frangieh_melanoma_control,VAT1,116,5,3,0.9827586206896551,audit_only_not_primary,guide-stratified split is reported for coverage; primary floors use environment×perturbation splits
frangieh_melanoma_control,VDAC2,136,5,3,0.9852941176470589,audit_only_not_primary,guide-stratified split is reported for coverage; primary floors use environment×perturbation splits
frangieh_melanoma_control,WBP2,125,5,3,0.984,audit_only_not_primary,guide-stratified split is reported for coverage; primary floors use environment×perturbation splits
frangieh_melanoma_control,WNT7A,150,4,3,0.9933333333333333,audit_only_not_primary,guide-stratified split is reported for coverage; primary floors use environment×perturbation splits
frangieh_melanoma_control,XAGE1A,100,4,3,0.99,audit_only_not_primary,guide-stratified split is reported for coverage; primary floors use environment×perturbation splits
frangieh_melanoma_coculture,A2M,436,186,23,0.6261467889908257,audit_only_not_primary,guide-stratified split is reported for coverage; primary floors use environment×perturbation splits
frangieh_melanoma_coculture,ACSL3,187,80,9,0.6203208556149733,audit_only_not_primary,guide-stratified split is reported for coverage; primary floors use environment×perturbation splits
frangieh_melanoma_coculture,ACTA2,448,178,22,0.6517857142857143,audit_only_not_primary,guide-stratified split is reported for coverage; primary floors use environment×perturbation splits
frangieh_melanoma_coculture,AEBP1,384,136,17,0.6901041666666666,audit_only_not_primary,guide-stratified split is reported for coverage; primary floors use environment×perturbation splits
frangieh_melanoma_coculture,AGA,381,146,14,0.6535433070866141,audit_only_not_primary,guide-stratified split is reported for coverage; primary floors use environment×perturbation splits
frangieh_melanoma_coculture,AHCY,20,15,4,0.45,audit_only_not_primary,guide-stratified split is reported for coverage; primary floors use environment×perturbation splits
frangieh_melanoma_coculture,AHNAK,309,117,16,0.6731391585760518,audit_only_not_primary,guide-stratified split is reported for coverage; primary floors use environment×perturbation splits
frangieh_melanoma_coculture,APOC2,345,135,14,0.6492753623188405,audit_only_not_primary,guide-stratified split is reported for coverage; primary floors use environment×perturbation splits
frangieh_melanoma_coculture,APOD,351,145,18,0.6381766381766382,audit_only_not_primary,guide-stratified split is reported for coverage; primary floors use environment×perturbation splits
frangieh_melanoma_coculture,APOE,354,129,22,0.6977401129943502,audit_only_not_primary,guide-stratified split is reported for coverage; primary floors use environment×perturbation splits
frangieh_melanoma_coculture,ARMC6,281,100,16,0.701067615658363,audit_only_not_primary,guide-stratified split is reported for coverage; primary floors use environment×perturbation splits
frangieh_melanoma_coculture,ATP1A1,10,7,3,0.6,audit_only_not_primary,guide-stratified split is reported for coverage; primary floors use environment×perturbation splits
frangieh_melanoma_coculture,ATP1B1,331,128,13,0.6525679758308157,audit_only_not_primary,guide-stratified split is reported for coverage; primary floors use environment×perturbation splits
frangieh_melanoma_coculture,ATP5MD,213,5,3,0.9906103286384976,audit_only_not_primary,guide-stratified split is reported for coverage; primary floors use environment×perturbation splits
frangieh_melanoma_coculture,B2M,479,186,27,0.6680584551148225,audit_only_not_primary,guide-stratified split is reported for coverage; primary floors use environment×perturbation splits
frangieh_melanoma_coculture,BOLA2,218,94,11,0.6192660550458715,audit_only_not_primary,guide-stratified split is reported for coverage; primary floors use environment×perturbation splits
frangieh_melanoma_coculture,BOLA2B,205,86,11,0.6341463414634146,audit_only_not_primary,guide-stratified split is reported for coverage; primary floors use environment×perturbation splits
frangieh_melanoma_coculture,BZW2,324,130,15,0.6450617283950617,audit_only_not_primary,guide-stratified split is reported for coverage; primary floors use environment×perturbation splits
frangieh_melanoma_coculture,C19orf48,375,127,16,0.704,audit_only_not_primary,guide-stratified split is reported for coverage; primary floors use environment×perturbation splits
frangieh_melanoma_coculture,C1QBP,194,85,11,0.6185567010309279,audit_only_not_primary,guide-stratified split is reported for coverage; primary floors use environment×perturbation splits
frangieh_melanoma_coculture,C6orf226,331,131,16,0.6525679758308157,audit_only_not_primary,guide-stratified split is reported for coverage; primary floors use environment×perturbation splits
frangieh_melanoma_coculture,CCND1,170,59,4,0.6764705882352942,audit_only_not_primary,guide-stratified split is reported for coverage; primary floors use environment×perturbation splits
frangieh_melanoma_coculture,CCND2,331,129,17,0.6616314199395771,audit_only_not_primary,guide-stratified split is reported for coverage; primary floors use environment×perturbation splits
frangieh_melanoma_coculture,CCR10,328,126,18,0.6707317073170732,audit_only_not_primary,guide-stratified split is reported for coverage; primary floors use environment×perturbation splits
frangieh_melanoma_coculture,CCT3,65,28,6,0.6615384615384615,audit_only_not_primary,guide-stratified split is reported for coverage; primary floors use environment×perturbation splits
frangieh_melanoma_coculture,CCT6A,21,9,3,0.7142857142857143,audit_only_not_primary,guide-stratified split is reported for coverage; primary floors use environment×perturbation splits
frangieh_melanoma_coculture,CD151,349,125,19,0.6962750716332379,audit_only_not_primary,guide-stratified split is reported for coverage; primary floors use environment×perturbation splits
frangieh_melanoma_coculture,CD274,371,143,15,0.6549865229110512,audit_only_not_primary,guide-stratified split is reported for coverage; primary floors use environment×perturbation splits
frangieh_melanoma_coculture,CD44,418,130,18,0.7320574162679426,audit_only_not_primary,guide-stratified split is reported for coverage; primary floors use environment×perturbation splits
frangieh_melanoma_coculture,CD47,306,113,11,0.6666666666666666,audit_only_not_primary,guide-stratified split is reported for coverage; primary floors use environment×perturbation splits
frangieh_melanoma_coculture,CD58,465,172,23,0.6795698924731183,audit_only_not_primary,guide-stratified split is reported for coverage; primary floors use environment×perturbation splits
frangieh_melanoma_coculture,CD59,403,155,18,0.6600496277915633,audit_only_not_primary,guide-stratified split is reported for coverage; primary floors use environment×perturbation splits
frangieh_melanoma_coculture,CD63,290,97,17,0.7241379310344828,audit_only_not_primary,guide-stratified split is reported for coverage; primary floors use environment×perturbation splits
frangieh_melanoma_coculture,CDC123,96,35,6,0.6979166666666666,audit_only_not_primary,guide-stratified split is reported for coverage; primary floors use environment×perturbation splits
frangieh_melanoma_coculture,CDH19,380,126,16,0.7105263157894737,audit_only_not_primary,guide-stratified split is reported for coverage; primary floors use environment×perturbation splits
frangieh_melanoma_coculture,CDK4,242,89,8,0.6652892561983471,audit_only_not_primary,guide-stratified split is reported for coverage; primary floors use environment×perturbation splits
frangieh_melanoma_coculture,CDK6,105,51,6,0.5714285714285714,audit_only_not_primary,guide-stratified split is reported for coverage; primary floors use environment×perturbation splits
frangieh_melanoma_coculture,CDKN1A,357,99,11,0.7535014005602241,audit_only_not_primary,guide-stratified split is reported for coverage; primary floors use environment×perturbation splits
frangieh_melanoma_coculture,CDKN2A,270,94,10,0.6888888888888889,audit_only_not_primary,guide-stratified split is reported for coverage; primary floors use environment×perturbation splits
frangieh_melanoma_coculture,CDKN2B,315,117,20,0.692063492063492,audit_only_not_primary,guide-stratified split is reported for coverage; primary floors use environment×perturbation splits
frangieh_melanoma_coculture,CGAS,264,47,7,0.8484848484848485,audit_only_not_primary,guide-stratified split is reported for coverage; primary floors use environment×perturbation splits
frangieh_melanoma_coculture,CHCHD2,339,116,12,0.6932153392330384,audit_only_not_primary,guide-stratified split is reported for coverage; primary floors use environment×perturbation splits
frangieh_melanoma_coculture,CITED1,349,100,17,0.7621776504297995,audit_only_not_primary,guide-stratified split is reported for coverage; primary floors use environment×perturbation splits
frangieh_melanoma_coculture,CKS1B,292,98,14,0.7123287671232876,audit_only_not_primary,guide-stratified split is reported for coverage; primary floors use environment×perturbation splits
frangieh_melanoma_coculture,CMSS1,338,125,14,0.6715976331360947,audit_only_not_primary,guide-stratified split is reported for coverage; primary floors use environment×perturbation splits
frangieh_melanoma_coculture,CORO1A,260,86,12,0.7153846153846154,audit_only_not_primary,guide-stratified split is reported for coverage; primary floors use environment×perturbation splits
frangieh_melanoma_coculture,CSPG4,401,134,17,0.7082294264339152,audit_only_not_primary,guide-stratified split is reported for coverage; primary floors use environment×perturbation splits
frangieh_melanoma_coculture,CST3,220,63,8,0.75,audit_only_not_primary,guide-stratified split is reported for coverage; primary floors use environment×perturbation splits
frangieh_melanoma_coculture,CTPS1,117,44,7,0.6837606837606838,audit_only_not_primary,guide-stratified split is reported for coverage; primary floors use environment×perturbation splits
frangieh_melanoma_coculture,CTSA,297,96,15,0.7272727272727273,audit_only_not_primary,guide-stratified split is reported for coverage; primary floors use environment×perturbation splits
frangieh_melanoma_coculture,CTSB,371,126,22,0.7196765498652291,audit_only_not_primary,guide-stratified split is reported for coverage; primary floors use environment×perturbation splits
frangieh_melanoma_coculture,CTSD,408,125,16,0.7328431372549019,audit_only_not_primary,guide-stratified split is reported for coverage; primary floors use environment×perturbation splits
frangieh_melanoma_coculture,CTSL,295,93,14,0.7322033898305085,audit_only_not_primary,guide-stratified split is reported for coverage; primary floors use environment×perturbation splits
frangieh_melanoma_coculture,CTSO,325,131,12,0.6338461538461538,audit_only_not_primary,guide-stratified split is reported for coverage; primary floors use environment×perturbation splits
frangieh_melanoma_coculture,CXCR4,299,92,13,0.7357859531772575,audit_only_not_primary,guide-stratified split is reported for coverage; primary floors use environment×perturbation splits
frangieh_melanoma_coculture,CYP27A1,312,87,14,0.7660256410256411,audit_only_not_primary,guide-stratified split is reported for coverage; primary floors use environment×perturbation splits
frangieh_melanoma_coculture,DAG1,279,93,10,0.7025089605734767,audit_only_not_primary,guide-stratified split is reported for coverage; primary floors use environment×perturbation splits
frangieh_melanoma_coculture,DDR1,304,104,13,0.7006578947368421,audit_only_not_primary,guide-stratified split is reported for coverage; primary floors use environment×perturbation splits
frangieh_melanoma_coculture,DDX17,233,89,10,0.6609442060085837,audit_only_not_primary,guide-stratified split is reported for coverage; primary floors use environment×perturbation splits
frangieh_melanoma_coculture,DDX39A,217,69,11,0.7327188940092166,audit_only_not_primary,guide-stratified split is reported for coverage; primary floors use environment×perturbation splits
frangieh_melanoma_coculture,DLL3,287,96,11,0.7038327526132404,audit_only_not_primary,guide-stratified split is reported for coverage; primary floors use environment×perturbation splits
frangieh_melanoma_coculture,DNMT1,116,43,9,0.7068965517241379,audit_only_not_primary,guide-stratified split is reported for coverage; primary floors use environment×perturbation splits
frangieh_melanoma_coculture,E2F1,177,50,6,0.751412429378531,audit_only_not_primary,guide-stratified split is reported for coverage; primary floors use environment×perturbation splits
frangieh_melanoma_coculture,EEA1,279,86,15,0.7455197132616488,audit_only_not_primary,guide-stratified split is reported for coverage; primary floors use environment×perturbation splits
frangieh_melanoma_coculture,EEF1G,53,24,6,0.660377358490566,audit_only_not_primary,guide-stratified split is reported for coverage; primary floors use environment×perturbation splits
frangieh_melanoma_coculture,EIF2S3,14,6,3,0.7857142857142857,audit_only_not_primary,guide-stratified split is reported for coverage; primary floors use environment×perturbation splits
frangieh_melanoma_coculture,EIF3K,227,76,12,0.7180616740088106,audit_only_not_primary,guide-stratified split is reported for coverage; primary floors use environment×perturbation splits
frangieh_melanoma_coculture,EIF4A1,37,17,4,0.6486486486486487,audit_only_not_primary,guide-stratified split is reported for coverage; primary floors use environment×perturbation splits
frangieh_melanoma_coculture,EMP1,298,107,17,0.697986577181208,audit_only_not_primary,guide-stratified split is reported for coverage; primary floors use environment×perturbation splits
frangieh_melanoma_coculture,ENPP1,278,79,8,0.7446043165467626,audit_only_not_primary,guide-stratified split is reported for coverage; primary floors use environment×perturbation splits
frangieh_melanoma_coculture,EVA1A,282,80,13,0.7624113475177305,audit_only_not_primary,guide-stratified split is reported for coverage; primary floors use environment×perturbation splits
frangieh_melanoma_coculture,FARSA,19,9,3,0.6842105263157895,audit_only_not_primary,guide-stratified split is reported for coverage; primary floors use environment×perturbation splits
frangieh_melanoma_coculture,FBL,94,33,5,0.7021276595744681,audit_only_not_primary,guide-stratified split is reported for coverage; primary floors use environment×perturbation splits
frangieh_melanoma_coculture,FBXO32,390,123,23,0.7435897435897436,audit_only_not_primary,guide-stratified split is reported for coverage; primary floors use environment×perturbation splits
frangieh_melanoma_coculture,FGFR1,395,129,16,0.7139240506329114,audit_only_not_primary,guide-stratified split is reported for coverage; primary floors use environment×perturbation splits
frangieh_melanoma_coculture,FKBP4,216,71,10,0.7175925925925926,audit_only_not_primary,guide-stratified split is reported for coverage; primary floors use environment×perturbation splits
frangieh_melanoma_coculture,FMN1,320,81,11,0.78125,audit_only_not_primary,guide-stratified split is reported for coverage; primary floors use environment×perturbation splits
frangieh_melanoma_coculture,FOS,222,60,10,0.7747747747747747,audit_only_not_primary,guide-stratified split is reported for coverage; primary floors use environment×perturbation splits
frangieh_melanoma_coculture,FOXM1,76,28,4,0.6842105263157895,audit_only_not_primary,guide-stratified split is reported for coverage; primary floors use environment×perturbation splits
frangieh_melanoma_coculture,FRZB,226,68,10,0.7433628318584071,audit_only_not_primary,guide-stratified split is reported for coverage; primary floors use environment×perturbation splits
frangieh_melanoma_coculture,FSTL3,341,88,15,0.7859237536656891,audit_only_not_primary,guide-stratified split is reported for coverage; primary floors use environment×perturbation splits
frangieh_melanoma_coculture,FTH1,23,9,4,0.782608695652174,audit_only_not_primary,guide-stratified split is reported for coverage; primary floors use environment×perturbation splits
frangieh_melanoma_coculture,GAA,330,96,11,0.7424242424242424,audit_only_not_primary,guide-stratified split is reported for coverage; primary floors use environment×perturbation splits
frangieh_melanoma_coculture,GAS5,307,88,11,0.749185667752443,audit_only_not_primary,guide-stratified split is reported for coverage; primary floors use environment×perturbation splits
frangieh_melanoma_coculture,GPATCH4,218,65,10,0.7477064220183486,audit_only_not_primary,guide-stratified split is reported for coverage; primary floors use environment×perturbation splits
frangieh_melanoma_coculture,GPI,39,11,3,0.7948717948717948,audit_only_not_primary,guide-stratified split is reported for coverage; primary floors use environment×perturbation splits
frangieh_melanoma_coculture,GPNMB,286,80,11,0.7587412587412588,audit_only_not_primary,guide-stratified split is reported for coverage; primary floors use environment×perturbation splits
frangieh_melanoma_coculture,GRN,272,78,10,0.75,audit_only_not_primary,guide-stratified split is reported for coverage; primary floors use environment×perturbation splits
frangieh_melanoma_coculture,GSEC,164,4,3,0.9939024390243902,audit_only_not_primary,guide-stratified split is reported for coverage; primary floors use environment×perturbation splits
frangieh_melanoma_coculture,GSN,316,72,6,0.7911392405063291,audit_only_not_primary,guide-stratified split is reported for coverage; primary floors use environment×perturbation splits
frangieh_melanoma_coculture,HASPIN,161,51,7,0.7267080745341615,audit_only_not_primary,guide-stratified split is reported for coverage; primary floors use environment×perturbation splits
frangieh_melanoma_coculture,HLA-A,335,76,14,0.8149253731343283,audit_only_not_primary,guide-stratified split is reported for coverage; primary floors use environment×perturbation splits
frangieh_melanoma_coculture,HLA-B,190,51,8,0.7736842105263158,audit_only_not_primary,guide-stratified split is reported for coverage; primary floors use environment×perturbation splits
frangieh_melanoma_coculture,HLA-C,212,52,8,0.7924528301886793,audit_only_not_primary,guide-stratified split is reported for coverage; primary floors use environment×perturbation splits
frangieh_melanoma_coculture,HLA-DRB5,360,90,15,0.7916666666666666,audit_only_not_primary,guide-stratified split is reported for coverage; primary floors use environment×perturbation splits
frangieh_melanoma_coculture,HLA-E,258,76,9,0.7403100775193798,audit_only_not_primary,guide-stratified split is reported for coverage; primary floors use environment×perturbation splits
frangieh_melanoma_coculture,HLA-F,305,85,14,0.7672131147540984,audit_only_not_primary,guide-stratified split is reported for coverage; primary floors use environment×perturbation splits
frangieh_melanoma_coculture,HLA-H,294,62,9,0.8197278911564626,audit_only_not_primary,guide-stratified split is reported for coverage; primary floors use environment×perturbation splits
frangieh_melanoma_coculture,HNRNPA1,239,71,9,0.7405857740585774,audit_only_not_primary,guide-stratified split is reported for coverage; primary floors use environment×perturbation splits
frangieh_melanoma_coculture,HNRNPC,55,10,3,0.8727272727272727,audit_only_not_primary,guide-stratified split is reported for coverage; primary floors use environment×perturbation splits
frangieh_melanoma_coculture,HSPA1A,229,54,10,0.8078602620087336,audit_only_not_primary,guide-stratified split is reported for coverage; primary floors use environment×perturbation splits
frangieh_melanoma_coculture,IDH2,355,84,16,0.8084507042253521,audit_only_not_primary,guide-stratified split is reported for coverage; primary floors use environment×perturbation splits
frangieh_melanoma_coculture,IDI2-AS1,276,61,8,0.8079710144927537,audit_only_not_primary,guide-stratified split is reported for coverage; primary floors use environment×perturbation splits
frangieh_melanoma_coculture,IFNGR1,414,111,16,0.7705314009661836,audit_only_not_primary,guide-stratified split is reported for coverage; primary floors use environment×perturbation splits
frangieh_melanoma_coculture,IFNGR2,603,156,17,0.7694859038142621,audit_only_not_primary,guide-stratified split is reported for coverage; primary floors use environment×perturbation splits
frangieh_melanoma_coculture,ILF2,45,17,6,0.7555555555555555,audit_only_not_primary,guide-stratified split is reported for coverage; primary floors use environment×perturbation splits
frangieh_melanoma_coculture,IRF3,284,65,9,0.8028169014084507,audit_only_not_primary,guide-stratified split is reported for coverage; primary floors use environment×perturbation splits
frangieh_melanoma_coculture,IRF4,229,52,9,0.8122270742358079,audit_only_not_primary,guide-stratified split is reported for coverage; primary floors use environment×perturbation splits
frangieh_melanoma_coculture,ISYNA1,197,55,13,0.7868020304568528,audit_only_not_primary,guide-stratified split is reported for coverage; primary floors use environment×perturbation splits
frangieh_melanoma_coculture,ITGA3,265,62,9,0.8,audit_only_not_primary,guide-stratified split is reported for coverage; primary floors use environment×perturbation splits
frangieh_melanoma_coculture,JAK1,477,99,18,0.8301886792452831,audit_only_not_primary,guide-stratified split is reported for coverage; primary floors use environment×perturbation splits
frangieh_melanoma_coculture,JAK2,528,114,16,0.8143939393939394,audit_only_not_primary,guide-stratified split is reported for coverage; primary floors use environment×perturbation splits
frangieh_melanoma_coculture,JMJD7,351,92,14,0.7777777777777778,audit_only_not_primary,guide-stratified split is reported for coverage; primary floors use environment×perturbation splits
frangieh_melanoma_coculture,JPT1,185,54,7,0.745945945945946,audit_only_not_primary,guide-stratified split is reported for coverage; primary floors use environment×perturbation splits
frangieh_melanoma_coculture,KCNN4,264,60,11,0.8143939393939394,audit_only_not_primary,guide-stratified split is reported for coverage; primary floors use environment×perturbation splits
frangieh_melanoma_coculture,KDR,284,70,8,0.7816901408450704,audit_only_not_primary,guide-stratified split is reported for coverage; primary floors use environment×perturbation splits
frangieh_melanoma_coculture,KLF4,242,67,11,0.768595041322314,audit_only_not_primary,guide-stratified split is reported for coverage; primary floors use environment×perturbation splits
frangieh_melanoma_coculture,LAMP2,301,67,11,0.813953488372093,audit_only_not_primary,guide-stratified split is reported for coverage; primary floors use environment×perturbation splits
frangieh_melanoma_coculture,LCP1,303,61,16,0.8514851485148515,audit_only_not_primary,guide-stratified split is reported for coverage; primary floors use environment×perturbation splits
frangieh_melanoma_coculture,LEF1-AS1,288,68,8,0.7916666666666666,audit_only_not_primary,guide-stratified split is reported for coverage; primary floors use environment×perturbation splits
frangieh_melanoma_coculture,LGALS3,196,56,10,0.7653061224489796,audit_only_not_primary,guide-stratified split is reported for coverage; primary floors use environment×perturbation splits
frangieh_melanoma_coculture,LGALS3BP,218,42,7,0.8394495412844036,audit_only_not_primary,guide-stratified split is reported for coverage; primary floors use environment×perturbation splits
frangieh_melanoma_coculture,LINC00518,290,59,13,0.8413793103448276,audit_only_not_primary,guide-stratified split is reported for coverage; primary floors use environment×perturbation splits
frangieh_melanoma_coculture,LRPAP1,284,62,7,0.8063380281690141,audit_only_not_primary,guide-stratified split is reported for coverage; primary floors use environment×perturbation splits
frangieh_melanoma_coculture,LRRC75A-AS1,199,3,3,1.0,audit_only_not_primary,guide-stratified split is reported for coverage; primary floors use environment×perturbation splits
frangieh_melanoma_coculture,LY96,280,53,6,0.8321428571428572,audit_only_not_primary,guide-stratified split is reported for coverage; primary floors use environment×perturbation splits
frangieh_melanoma_coculture,MC1R,241,61,10,0.7883817427385892,audit_only_not_primary,guide-stratified split is reported for coverage; primary floors use environment×perturbation splits
frangieh_melanoma_coculture,MDH2,200,46,9,0.815,audit_only_not_primary,guide-stratified split is reported for coverage; primary floors use environment×perturbation splits
frangieh_melanoma_coculture,MFGE8,325,58,11,0.8553846153846154,audit_only_not_primary,guide-stratified split is reported for coverage; primary floors use environment×perturbation splits
frangieh_melanoma_coculture,MIA,271,76,12,0.7638376383763837,audit_only_not_primary,guide-stratified split is reported for coverage; primary floors use environment×perturbation splits
frangieh_melanoma_coculture,MRPL47,107,23,5,0.8317757009345794,audit_only_not_primary,guide-stratified split is reported for coverage; primary floors use environment×perturbation splits
frangieh_melanoma_coculture,MT2A,183,40,9,0.8306010928961749,audit_only_not_primary,guide-stratified split is reported for coverage; primary floors use environment×perturbation splits
frangieh_melanoma_coculture,MYC,75,13,3,0.8666666666666667,audit_only_not_primary,guide-stratified split is reported for coverage; primary floors use environment×perturbation splits
frangieh_melanoma_coculture,NACA,31,12,4,0.7419354838709677,audit_only_not_primary,guide-stratified split is reported for coverage; primary floors use environment×perturbation splits
frangieh_melanoma_coculture,NCL,45,9,4,0.8888888888888888,audit_only_not_primary,guide-stratified split is reported for coverage; primary floors use environment×perturbation splits
frangieh_melanoma_coculture,NDUFA13,97,18,3,0.845360824742268,audit_only_not_primary,guide-stratified split is reported for coverage; primary floors use environment×perturbation splits
frangieh_melanoma_coculture,NEAT1,215,38,5,0.8465116279069768,audit_only_not_primary,guide-stratified split is reported for coverage; primary floors use environment×perturbation splits
frangieh_melanoma_coculture,NGFR,203,48,7,0.7980295566502463,audit_only_not_primary,guide-stratified split is reported for coverage; primary floors use environment×perturbation splits
frangieh_melanoma_coculture,NME1,205,38,7,0.848780487804878,audit_only_not_primary,guide-stratified split is reported for coverage; primary floors use environment×perturbation splits
frangieh_melanoma_coculture,NMRK1,253,55,8,0.8142292490118577,audit_only_not_primary,guide-stratified split is reported for coverage; primary floors use environment×perturbation splits
frangieh_melanoma_coculture,NOLC1,100,18,5,0.87,audit_only_not_primary,guide-stratified split is reported for coverage; primary floors use environment×perturbation splits
frangieh_melanoma_coculture,NONO,212,42,10,0.8490566037735849,audit_only_not_primary,guide-stratified split is reported for coverage; primary floors use environment×perturbation splits
frangieh_melanoma_coculture,NPC1,284,48,12,0.8732394366197183,audit_only_not_primary,guide-stratified split is reported for coverage; primary floors use environment×perturbation splits
frangieh_melanoma_coculture,NPC2,266,53,8,0.8308270676691729,audit_only_not_primary,guide-stratified split is reported for coverage; primary floors use environment×perturbation splits
frangieh_melanoma_coculture,NSG1,222,41,9,0.8558558558558559,audit_only_not_primary,guide-stratified split is reported for coverage; primary floors use environment×perturbation splits
frangieh_melanoma_coculture,NT5E,297,56,10,0.8451178451178452,audit_only_not_primary,guide-stratified split is reported for coverage; primary floors use environment×perturbation splits
frangieh_melanoma_coculture,NUP50-AS1,262,3,3,1.0,audit_only_not_primary,guide-stratified split is reported for coverage; primary floors use environment×perturbation splits
frangieh_melanoma_coculture,P2RX4,88,14,4,0.8863636363636364,audit_only_not_primary,guide-stratified split is reported for coverage; primary floors use environment×perturbation splits
frangieh_melanoma_coculture,PABPC1,85,15,4,0.8705882352941177,audit_only_not_primary,guide-stratified split is reported for coverage; primary floors use environment×perturbation splits
frangieh_melanoma_coculture,PAICS,61,10,3,0.8852459016393442,audit_only_not_primary,guide-stratified split is reported for coverage; primary floors use environment×perturbation splits
frangieh_melanoma_coculture,PET100,88,19,6,0.8522727272727273,audit_only_not_primary,guide-stratified split is reported for coverage; primary floors use environment×perturbation splits
frangieh_melanoma_coculture,PFDN4,220,44,6,0.8272727272727273,audit_only_not_primary,guide-stratified split is reported for coverage; primary floors use environment×perturbation splits
frangieh_melanoma_coculture,PFN1,120,27,6,0.825,audit_only_not_primary,guide-stratified split is reported for coverage; primary floors use environment×perturbation splits
frangieh_melanoma_coculture,PIK3IP1,218,41,6,0.8394495412844036,audit_only_not_primary,guide-stratified split is reported for coverage; primary floors use environment×perturbation splits
frangieh_melanoma_coculture,POLD2,36,9,3,0.8333333333333334,audit_only_not_primary,guide-stratified split is reported for coverage; primary floors use environment×perturbation splits
frangieh_melanoma_coculture,PPA1,34,9,3,0.8235294117647058,audit_only_not_primary,guide-stratified split is reported for coverage; primary floors use environment×perturbation splits
frangieh_melanoma_coculture,PPIA,209,44,6,0.8181818181818182,audit_only_not_primary,guide-stratified split is reported for coverage; primary floors use environment×perturbation splits
frangieh_melanoma_coculture,PRELID3B,21,3,1,0.9047619047619048,audit_only_not_primary,guide-stratified split is reported for coverage; primary floors use environment×perturbation splits
frangieh_melanoma_coculture,PROS1,199,35,8,0.864321608040201,audit_only_not_primary,guide-stratified split is reported for coverage; primary floors use environment×perturbation splits
frangieh_melanoma_coculture,PSAP,280,30,5,0.9107142857142857,audit_only_not_primary,guide-stratified split is reported for coverage; primary floors use environment×perturbation splits
frangieh_melanoma_coculture,PSMB8-AS1,216,32,8,0.8888888888888888,audit_only_not_primary,guide-stratified split is reported for coverage; primary floors use environment×perturbation splits
frangieh_melanoma_coculture,PTMA,259,40,8,0.8764478764478765,audit_only_not_primary,guide-stratified split is reported for coverage; primary floors use environment×perturbation splits
frangieh_melanoma_coculture,PUF60,70,12,4,0.8857142857142857,audit_only_not_primary,guide-stratified split is reported for coverage; primary floors use environment×perturbation splits
frangieh_melanoma_coculture,PYGB,179,26,5,0.88268156424581,audit_only_not_primary,guide-stratified split is reported for coverage; primary floors use environment×perturbation splits
frangieh_melanoma_coculture,RAB27A,249,35,9,0.8955823293172691,audit_only_not_primary,guide-stratified split is reported for coverage; primary floors use environment×perturbation splits
frangieh_melanoma_coculture,RB1,301,50,8,0.8604651162790697,audit_only_not_primary,guide-stratified split is reported for coverage; primary floors use environment×perturbation splits
frangieh_melanoma_coculture,RBP7,240,33,6,0.8875,audit_only_not_primary,guide-stratified split is reported for coverage; primary floors use environment×perturbation splits
frangieh_melanoma_coculture,RNASEH2A,58,12,3,0.8448275862068966,audit_only_not_primary,guide-stratified split is reported for coverage; primary floors use environment×perturbation splits
frangieh_melanoma_coculture,RNF213,205,37,8,0.8585365853658536,audit_only_not_primary,guide-stratified split is reported for coverage; primary floors use environment×perturbation splits
frangieh_melanoma_coculture,ROMO1,45,9,4,0.8888888888888888,audit_only_not_primary,guide-stratified split is reported for coverage; primary floors use environment×perturbation splits
frangieh_melanoma_coculture,RPSA,120,7,3,0.9666666666666667,audit_only_not_primary,guide-stratified split is reported for coverage; primary floors use environment×perturbation splits
frangieh_melanoma_coculture,RRS1,66,14,5,0.8636363636363636,audit_only_not_primary,guide-stratified split is reported for coverage; primary floors use environment×perturbation splits
frangieh_melanoma_coculture,RTP4,281,47,8,0.8612099644128114,audit_only_not_primary,guide-stratified split is reported for coverage; primary floors use environment×perturbation splits
frangieh_melanoma_coculture,RUVBL2,20,5,2,0.85,audit_only_not_primary,guide-stratified split is reported for coverage; primary floors use environment×perturbation splits
frangieh_melanoma_coculture,S100A6,239,34,4,0.8744769874476988,audit_only_not_primary,guide-stratified split is reported for coverage; primary floors use environment×perturbation splits
frangieh_melanoma_coculture,S100B,215,35,9,0.8790697674418605,audit_only_not_primary,guide-stratified split is reported for coverage; primary floors use environment×perturbation splits
frangieh_melanoma_coculture,SAE1,34,6,3,0.9117647058823529,audit_only_not_primary,guide-stratified split is reported for coverage; primary floors use environment×perturbation splits
frangieh_melanoma_coculture,SAT1,212,33,6,0.8726415094339622,audit_only_not_primary,guide-stratified split is reported for coverage; primary floors use environment×perturbation splits
frangieh_melanoma_coculture,SCARB2,213,36,5,0.8544600938967136,audit_only_not_primary,guide-stratified split is reported for coverage; primary floors use environment×perturbation splits
frangieh_melanoma_coculture,SDC3,269,27,6,0.9219330855018587,audit_only_not_primary,guide-stratified split is reported for coverage; primary floors use environment×perturbation splits
frangieh_melanoma_coculture,SDCBP,243,32,6,0.8930041152263375,audit_only_not_primary,guide-stratified split is reported for coverage; primary floors use environment×perturbation splits
frangieh_melanoma_coculture,SEC11C,220,25,4,0.9045454545454545,audit_only_not_primary,guide-stratified split is reported for coverage; primary floors use environment×perturbation splits
frangieh_melanoma_coculture,SERPINA3,182,27,5,0.8791208791208791,audit_only_not_primary,guide-stratified split is reported for coverage; primary floors use environment×perturbation splits
frangieh_melanoma_coculture,SERPINE2,189,31,8,0.8783068783068783,audit_only_not_primary,guide-stratified split is reported for coverage; primary floors use environment×perturbation splits
frangieh_melanoma_coculture,SERPINF1,235,27,3,0.8978723404255319,audit_only_not_primary,guide-stratified split is reported for coverage; primary floors use environment×perturbation splits
frangieh_melanoma_coculture,SET,166,20,4,0.9036144578313253,audit_only_not_primary,guide-stratified split is reported for coverage; primary floors use environment×perturbation splits
frangieh_melanoma_coculture,SGK1,210,18,7,0.9476190476190476,audit_only_not_primary,guide-stratified split is reported for coverage; primary floors use environment×perturbation splits
frangieh_melanoma_coculture,SHMT2,156,24,6,0.8846153846153846,audit_only_not_primary,guide-stratified split is reported for coverage; primary floors use environment×perturbation splits
frangieh_melanoma_coculture,SINHCAF,125,37,8,0.768,audit_only_not_primary,guide-stratified split is reported for coverage; primary floors use environment×perturbation splits
frangieh_melanoma_coculture,SLC19A1,191,23,4,0.900523560209424,audit_only_not_primary,guide-stratified split is reported for coverage; primary floors use environment×perturbation splits
frangieh_melanoma_coculture,SLC22A18,293,39,7,0.8907849829351536,audit_only_not_primary,guide-stratified split is reported for coverage; primary floors use environment×perturbation splits
frangieh_melanoma_coculture,SLC25A13,256,36,9,0.89453125,audit_only_not_primary,guide-stratified split is reported for coverage; primary floors use environment×perturbation splits
frangieh_melanoma_coculture,SLC26A2,247,21,7,0.9433198380566802,audit_only_not_primary,guide-stratified split is reported for coverage; primary floors use environment×perturbation splits
frangieh_melanoma_coculture,SLC5A3,260,25,5,0.9230769230769231,audit_only_not_primary,guide-stratified split is reported for coverage; primary floors use environment×perturbation splits
frangieh_melanoma_coculture,SLC7A5P1,197,22,6,0.9187817258883249,audit_only_not_primary,guide-stratified split is reported for coverage; primary floors use environment×perturbation splits
frangieh_melanoma_coculture,SLIRP,148,19,3,0.8918918918918919,audit_only_not_primary,guide-stratified split is reported for coverage; primary floors use environment×perturbation splits
frangieh_melanoma_coculture,SMAD3,272,30,8,0.9191176470588235,audit_only_not_primary,guide-stratified split is reported for coverage; primary floors use environment×perturbation splits
frangieh_melanoma_coculture,SMAD4,210,27,8,0.9095238095238095,audit_only_not_primary,guide-stratified split is reported for coverage; primary floors use environment×perturbation splits
frangieh_melanoma_coculture,SNHG6,198,19,9,0.9494949494949495,audit_only_not_primary,guide-stratified split is reported for coverage; primary floors use environment×perturbation splits
frangieh_melanoma_coculture,SNRPE,11,3,3,1.0,audit_only_not_primary,guide-stratified split is reported for coverage; primary floors use environment×perturbation splits
frangieh_melanoma_coculture,SNRPF,12,3,2,0.9166666666666666,audit_only_not_primary,guide-stratified split is reported for coverage; primary floors use environment×perturbation splits
frangieh_melanoma_coculture,SNRPG,26,6,4,0.9230769230769231,audit_only_not_primary,guide-stratified split is reported for coverage; primary floors use environment×perturbation splits
frangieh_melanoma_coculture,SOX4,220,17,6,0.95,audit_only_not_primary,guide-stratified split is reported for coverage; primary floors use environment×perturbation splits
frangieh_melanoma_coculture,SP100,237,22,5,0.9282700421940928,audit_only_not_primary,guide-stratified split is reported for coverage; primary floors use environment×perturbation splits
frangieh_melanoma_coculture,SPESP1,225,12,3,0.96,audit_only_not_primary,guide-stratified split is reported for coverage; primary floors use environment×perturbation splits
frangieh_melanoma_coculture,SPINT1,235,16,7,0.9617021276595744,audit_only_not_primary,guide-stratified split is reported for coverage; primary floors use environment×perturbation splits
frangieh_melanoma_coculture,SSR2,152,16,5,0.9276315789473685,audit_only_not_primary,guide-stratified split is reported for coverage; primary floors use environment×perturbation splits
frangieh_melanoma_coculture,ST3GAL6-AS1,221,23,7,0.9276018099547512,audit_only_not_primary,guide-stratified split is reported for coverage; primary floors use environment×perturbation splits
frangieh_melanoma_coculture,ST6GALNAC2,157,18,5,0.9171974522292994,audit_only_not_primary,guide-stratified split is reported for coverage; primary floors use environment×perturbation splits
frangieh_melanoma_coculture,STAT1,384,25,6,0.9505208333333334,audit_only_not_primary,guide-stratified split is reported for coverage; primary floors use environment×perturbation splits
frangieh_melanoma_coculture,STAT3,191,14,5,0.9528795811518325,audit_only_not_primary,guide-stratified split is reported for coverage; primary floors use environment×perturbation splits
frangieh_melanoma_coculture,STOM,235,18,6,0.948936170212766,audit_only_not_primary,guide-stratified split is reported for coverage; primary floors use environment×perturbation splits
frangieh_melanoma_coculture,STX7,212,17,6,0.9481132075471698,audit_only_not_primary,guide-stratified split is reported for coverage; primary floors use environment×perturbation splits
frangieh_melanoma_coculture,TAPBP,168,14,5,0.9464285714285714,audit_only_not_primary,guide-stratified split is reported for coverage; primary floors use environment×perturbation splits
frangieh_melanoma_coculture,TAPBPL,235,13,5,0.9659574468085106,audit_only_not_primary,guide-stratified split is reported for coverage; primary floors use environment×perturbation splits
frangieh_melanoma_coculture,TFAP2A,234,19,6,0.9444444444444444,audit_only_not_primary,guide-stratified split is reported for coverage; primary floors use environment×perturbation splits
frangieh_melanoma_coculture,TGFB1,269,22,6,0.9405204460966543,audit_only_not_primary,guide-stratified split is reported for coverage; primary floors use environment×perturbation splits
frangieh_melanoma_coculture,TIMM50,106,9,4,0.9528301886792453,audit_only_not_primary,guide-stratified split is reported for coverage; primary floors use environment×perturbation splits
frangieh_melanoma_coculture,TIMP1,239,13,6,0.9707112970711297,audit_only_not_primary,guide-stratified split is reported for coverage; primary floors use environment×perturbation splits
frangieh_melanoma_coculture,TIMP2,161,16,4,0.9254658385093167,audit_only_not_primary,guide-stratified split is reported for coverage; primary floors use environment×perturbation splits
frangieh_melanoma_coculture,TIMP3,202,13,3,0.9504950495049505,audit_only_not_primary,guide-stratified split is reported for coverage; primary floors use environment×perturbation splits
frangieh_melanoma_coculture,TM4SF1,217,9,4,0.9769585253456221,audit_only_not_primary,guide-stratified split is reported for coverage; primary floors use environment×perturbation splits
frangieh_melanoma_coculture,TMED10,43,6,3,0.9302325581395349,audit_only_not_primary,guide-stratified split is reported for coverage; primary floors use environment×perturbation splits
frangieh_melanoma_coculture,TMEM173,217,9,3,0.9723502304147466,audit_only_not_primary,guide-stratified split is reported for coverage; primary floors use environment×perturbation splits
frangieh_melanoma_coculture,TOP1MT,189,8,5,0.9841269841269841,audit_only_not_primary,guide-stratified split is reported for coverage; primary floors use environment×perturbation splits
frangieh_melanoma_coculture,TP53,191,8,4,0.9790575916230366,audit_only_not_primary,guide-stratified split is reported for coverage; primary floors use environment×perturbation splits
frangieh_melanoma_coculture,TPP1,206,12,3,0.9563106796116505,audit_only_not_primary,guide-stratified split is reported for coverage; primary floors use environment×perturbation splits
frangieh_melanoma_coculture,TPRKB,74,6,3,0.9594594594594594,audit_only_not_primary,guide-stratified split is reported for coverage; primary floors use environment×perturbation splits
frangieh_melanoma_coculture,TRIM22,161,4,3,0.9937888198757764,audit_only_not_primary,guide-stratified split is reported for coverage; primary floors use environment×perturbation splits
frangieh_melanoma_coculture,TSC22D3,257,13,4,0.9649805447470817,audit_only_not_primary,guide-stratified split is reported for coverage; primary floors use environment×perturbation splits
frangieh_melanoma_coculture,TTLL1,233,9,3,0.9742489270386266,audit_only_not_primary,guide-stratified split is reported for coverage; primary floors use environment×perturbation splits
frangieh_melanoma_coculture,TXNDC17,144,6,3,0.9791666666666666,audit_only_not_primary,guide-stratified split is reported for coverage; primary floors use environment×perturbation splits
frangieh_melanoma_coculture,TYR,255,10,3,0.9725490196078431,audit_only_not_primary,guide-stratified split is reported for coverage; primary floors use environment×perturbation splits
frangieh_melanoma_coculture,UBA52,15,1,1,1.0,audit_only_not_primary,guide-stratified split is reported for coverage; primary floors use environment×perturbation splits
frangieh_melanoma_coculture,UBC,75,5,2,0.96,audit_only_not_primary,guide-stratified split is reported for coverage; primary floors use environment×perturbation splits
frangieh_melanoma_coculture,UCN2,170,7,4,0.9823529411764705,audit_only_not_primary,guide-stratified split is reported for coverage; primary floors use environment×perturbation splits
frangieh_melanoma_coculture,UQCRFS1,108,4,3,0.9907407407407407,audit_only_not_primary,guide-stratified split is reported for coverage; primary floors use environment×perturbation splits
frangieh_melanoma_coculture,UQCRH,75,7,3,0.9466666666666667,audit_only_not_primary,guide-stratified split is reported for coverage; primary floors use environment×perturbation splits
frangieh_melanoma_coculture,VAT1,154,4,4,1.0,audit_only_not_primary,guide-stratified split is reported for coverage; primary floors use environment×perturbation splits
frangieh_melanoma_coculture,VDAC2,235,8,4,0.9829787234042553,audit_only_not_primary,guide-stratified split is reported for coverage; primary floors use environment×perturbation splits
frangieh_melanoma_coculture,WBP2,225,3,3,1.0,audit_only_not_primary,guide-stratified split is reported for coverage; primary floors use environment×perturbation splits
frangieh_melanoma_coculture,WNT7A,189,5,3,0.9894179894179894,audit_only_not_primary,guide-stratified split is reported for coverage; primary floors use environment×perturbation splits
frangieh_melanoma_coculture,XAGE1A,141,4,4,1.0,audit_only_not_primary,guide-stratified split is reported for coverage; primary floors use environment×perturbation splits
frangieh_melanoma_ifng,A2M,518,259,12,0.5231660231660231,audit_only_not_primary,guide-stratified split is reported for coverage; primary floors use environment×perturbation splits
frangieh_melanoma_ifng,ACSL3,224,112,10,0.5446428571428571,audit_only_not_primary,guide-stratified split is reported for coverage; primary floors use environment×perturbation splits
frangieh_melanoma_ifng,ACTA2,600,298,21,0.5383333333333333,audit_only_not_primary,guide-stratified split is reported for coverage; primary floors use environment×perturbation splits
frangieh_melanoma_ifng,AEBP1,523,249,19,0.5602294455066922,audit_only_not_primary,guide-stratified split is reported for coverage; primary floors use environment×perturbation splits
frangieh_melanoma_ifng,AGA,413,199,10,0.5423728813559322,audit_only_not_primary,guide-stratified split is reported for coverage; primary floors use environment×perturbation splits
frangieh_melanoma_ifng,AHCY,34,23,4,0.4411764705882353,audit_only_not_primary,guide-stratified split is reported for coverage; primary floors use environment×perturbation splits
frangieh_melanoma_ifng,AHNAK,425,209,23,0.5623529411764706,audit_only_not_primary,guide-stratified split is reported for coverage; primary floors use environment×perturbation splits
frangieh_melanoma_ifng,APOC2,464,212,15,0.5754310344827587,audit_only_not_primary,guide-stratified split is reported for coverage; primary floors use environment×perturbation splits
frangieh_melanoma_ifng,APOD,455,215,17,0.5648351648351648,audit_only_not_primary,guide-stratified split is reported for coverage; primary floors use environment×perturbation splits
frangieh_melanoma_ifng,APOE,454,206,22,0.5947136563876652,audit_only_not_primary,guide-stratified split is reported for coverage; primary floors use environment×perturbation splits
frangieh_melanoma_ifng,ARMC6,376,172,16,0.5851063829787234,audit_only_not_primary,guide-stratified split is reported for coverage; primary floors use environment×perturbation splits
frangieh_melanoma_ifng,ATP1A1,26,17,2,0.4230769230769231,audit_only_not_primary,guide-stratified split is reported for coverage; primary floors use environment×perturbation splits
frangieh_melanoma_ifng,ATP1B1,445,198,16,0.5910112359550562,audit_only_not_primary,guide-stratified split is reported for coverage; primary floors use environment×perturbation splits
frangieh_melanoma_ifng,ATP5MD,243,8,3,0.9794238683127572,audit_only_not_primary,guide-stratified split is reported for coverage; primary floors use environment×perturbation splits
frangieh_melanoma_ifng,B2M,528,246,28,0.5871212121212122,audit_only_not_primary,guide-stratified split is reported for coverage; primary floors use environment×perturbation splits
frangieh_melanoma_ifng,BOLA2,293,158,10,0.4948805460750853,audit_only_not_primary,guide-stratified split is reported for coverage; primary floors use environment×perturbation splits
frangieh_melanoma_ifng,BOLA2B,269,135,12,0.5427509293680297,audit_only_not_primary,guide-stratified split is reported for coverage; primary floors use environment×perturbation splits
frangieh_melanoma_ifng,BZW2,364,162,11,0.5851648351648352,audit_only_not_primary,guide-stratified split is reported for coverage; primary floors use environment×perturbation splits
frangieh_melanoma_ifng,C19orf48,446,179,12,0.625560538116592,audit_only_not_primary,guide-stratified split is reported for coverage; primary floors use environment×perturbation splits
frangieh_melanoma_ifng,C1QBP,301,139,9,0.5681063122923588,audit_only_not_primary,guide-stratified split is reported for coverage; primary floors use environment×perturbation splits
frangieh_melanoma_ifng,C6orf226,409,190,15,0.5721271393643031,audit_only_not_primary,guide-stratified split is reported for coverage; primary floors use environment×perturbation splits
frangieh_melanoma_ifng,CCND1,270,129,7,0.5481481481481482,audit_only_not_primary,guide-stratified split is reported for coverage; primary floors use environment×perturbation splits
frangieh_melanoma_ifng,CCND2,401,192,10,0.5461346633416458,audit_only_not_primary,guide-stratified split is reported for coverage; primary floors use environment×perturbation splits
frangieh_melanoma_ifng,CCR10,391,171,15,0.6010230179028133,audit_only_not_primary,guide-stratified split is reported for coverage; primary floors use environment×perturbation splits
frangieh_melanoma_ifng,CCT3,73,38,4,0.5342465753424658,audit_only_not_primary,guide-stratified split is reported for coverage; primary floors use environment×perturbation splits
frangieh_melanoma_ifng,CCT6A,21,11,2,0.5714285714285714,audit_only_not_primary,guide-stratified split is reported for coverage; primary floors use environment×perturbation splits
frangieh_melanoma_ifng,CD151,363,162,10,0.581267217630854,audit_only_not_primary,guide-stratified split is reported for coverage; primary floors use environment×perturbation splits
frangieh_melanoma_ifng,CD274,510,227,18,0.5901960784313726,audit_only_not_primary,guide-stratified split is reported for coverage; primary floors use environment×perturbation splits
frangieh_melanoma_ifng,CD44,434,177,20,0.6382488479262672,audit_only_not_primary,guide-stratified split is reported for coverage; primary floors use environment×perturbation splits
frangieh_melanoma_ifng,CD47,424,177,15,0.6179245283018868,audit_only_not_primary,guide-stratified split is reported for coverage; primary floors use environment×perturbation splits
frangieh_melanoma_ifng,CD58,411,196,14,0.5571776155717761,audit_only_not_primary,guide-stratified split is reported for coverage; primary floors use environment×perturbation splits
frangieh_melanoma_ifng,CD59,514,233,20,0.585603112840467,audit_only_not_primary,guide-stratified split is reported for coverage; primary floors use environment×perturbation splits
frangieh_melanoma_ifng,CD63,350,148,12,0.6114285714285714,audit_only_not_primary,guide-stratified split is reported for coverage; primary floors use environment×perturbation splits
frangieh_melanoma_ifng,CDC123,135,59,5,0.6,audit_only_not_primary,guide-stratified split is reported for coverage; primary floors use environment×perturbation splits
frangieh_melanoma_ifng,CDH19,460,194,17,0.6152173913043478,audit_only_not_primary,guide-stratified split is reported for coverage; primary floors use environment×perturbation splits
frangieh_melanoma_ifng,CDK4,344,145,9,0.6046511627906976,audit_only_not_primary,guide-stratified split is reported for coverage; primary floors use environment×perturbation splits
frangieh_melanoma_ifng,CDK6,195,95,8,0.5538461538461539,audit_only_not_primary,guide-stratified split is reported for coverage; primary floors use environment×perturbation splits
frangieh_melanoma_ifng,CDKN1A,394,184,13,0.565989847715736,audit_only_not_primary,guide-stratified split is reported for coverage; primary floors use environment×perturbation splits
frangieh_melanoma_ifng,CDKN2A,393,168,16,0.6132315521628499,audit_only_not_primary,guide-stratified split is reported for coverage; primary floors use environment×perturbation splits
frangieh_melanoma_ifng,CDKN2B,412,166,16,0.6359223300970874,audit_only_not_primary,guide-stratified split is reported for coverage; primary floors use environment×perturbation splits
frangieh_melanoma_ifng,CGAS,305,75,5,0.7704918032786885,audit_only_not_primary,guide-stratified split is reported for coverage; primary floors use environment×perturbation splits
frangieh_melanoma_ifng,CHCHD2,422,176,12,0.6113744075829384,audit_only_not_primary,guide-stratified split is reported for coverage; primary floors use environment×perturbation splits
frangieh_melanoma_ifng,CITED1,417,192,14,0.5731414868105515,audit_only_not_primary,guide-stratified split is reported for coverage; primary floors use environment×perturbation splits
frangieh_melanoma_ifng,CKS1B,408,184,11,0.5759803921568627,audit_only_not_primary,guide-stratified split is reported for coverage; primary floors use environment×perturbation splits
frangieh_melanoma_ifng,CMSS1,399,169,10,0.6015037593984962,audit_only_not_primary,guide-stratified split is reported for coverage; primary floors use environment×perturbation splits
frangieh_melanoma_ifng,CORO1A,372,156,17,0.6263440860215054,audit_only_not_primary,guide-stratified split is reported for coverage; primary floors use environment×perturbation splits
frangieh_melanoma_ifng,CSPG4,464,177,16,0.6530172413793104,audit_only_not_primary,guide-stratified split is reported for coverage; primary floors use environment×perturbation splits
frangieh_melanoma_ifng,CST3,273,104,10,0.6556776556776557,audit_only_not_primary,guide-stratified split is reported for coverage; primary floors use environment×perturbation splits
frangieh_melanoma_ifng,CTPS1,189,82,11,0.6243386243386243,audit_only_not_primary,guide-stratified split is reported for coverage; primary floors use environment×perturbation splits
frangieh_melanoma_ifng,CTSA,366,143,16,0.6530054644808743,audit_only_not_primary,guide-stratified split is reported for coverage; primary floors use environment×perturbation splits
frangieh_melanoma_ifng,CTSB,430,190,17,0.5976744186046512,audit_only_not_primary,guide-stratified split is reported for coverage; primary floors use environment×perturbation splits
frangieh_melanoma_ifng,CTSD,475,196,19,0.6273684210526316,audit_only_not_primary,guide-stratified split is reported for coverage; primary floors use environment×perturbation splits
frangieh_melanoma_ifng,CTSL,354,153,16,0.6129943502824858,audit_only_not_primary,guide-stratified split is reported for coverage; primary floors use environment×perturbation splits
frangieh_melanoma_ifng,CTSO,420,167,17,0.6428571428571429,audit_only_not_primary,guide-stratified split is reported for coverage; primary floors use environment×perturbation splits
frangieh_melanoma_ifng,CXCR4,336,126,13,0.6636904761904762,audit_only_not_primary,guide-stratified split is reported for coverage; primary floors use environment×perturbation splits
frangieh_melanoma_ifng,CYP27A1,353,122,14,0.6940509915014165,audit_only_not_primary,guide-stratified split is reported for coverage; primary floors use environment×perturbation splits
frangieh_melanoma_ifng,DAG1,321,136,7,0.5981308411214953,audit_only_not_primary,guide-stratified split is reported for coverage; primary floors use environment×perturbation splits
frangieh_melanoma_ifng,DDR1,373,153,10,0.6166219839142091,audit_only_not_primary,guide-stratified split is reported for coverage; primary floors use environment×perturbation splits
frangieh_melanoma_ifng,DDX17,306,143,12,0.5718954248366013,audit_only_not_primary,guide-stratified split is reported for coverage; primary floors use environment×perturbation splits
frangieh_melanoma_ifng,DDX39A,247,90,10,0.6761133603238867,audit_only_not_primary,guide-stratified split is reported for coverage; primary floors use environment×perturbation splits
frangieh_melanoma_ifng,DLL3,369,144,18,0.6585365853658537,audit_only_not_primary,guide-stratified split is reported for coverage; primary floors use environment×perturbation splits
frangieh_melanoma_ifng,DNMT1,140,66,8,0.5857142857142857,audit_only_not_primary,guide-stratified split is reported for coverage; primary floors use environment×perturbation splits
frangieh_melanoma_ifng,E2F1,257,108,7,0.6070038910505836,audit_only_not_primary,guide-stratified split is reported for coverage; primary floors use environment×perturbation splits
frangieh_melanoma_ifng,EEA1,295,125,8,0.6033898305084746,audit_only_not_primary,guide-stratified split is reported for coverage; primary floors use environment×perturbation splits
frangieh_melanoma_ifng,EEF1G,87,44,5,0.5517241379310345,audit_only_not_primary,guide-stratified split is reported for coverage; primary floors use environment×perturbation splits
frangieh_melanoma_ifng,EIF2S3,21,11,1,0.5238095238095238,audit_only_not_primary,guide-stratified split is reported for coverage; primary floors use environment×perturbation splits
frangieh_melanoma_ifng,EIF3K,319,131,11,0.6238244514106583,audit_only_not_primary,guide-stratified split is reported for coverage; primary floors use environment×perturbation splits
frangieh_melanoma_ifng,EIF4A1,47,27,4,0.5106382978723404,audit_only_not_primary,guide-stratified split is reported for coverage; primary floors use environment×perturbation splits
frangieh_melanoma_ifng,EMP1,376,132,12,0.6808510638297872,audit_only_not_primary,guide-stratified split is reported for coverage; primary floors use environment×perturbation splits
frangieh_melanoma_ifng,ENPP1,348,118,7,0.6810344827586207,audit_only_not_primary,guide-stratified split is reported for coverage; primary floors use environment×perturbation splits
frangieh_melanoma_ifng,EVA1A,310,122,12,0.6451612903225806,audit_only_not_primary,guide-stratified split is reported for coverage; primary floors use environment×perturbation splits
frangieh_melanoma_ifng,FARSA,30,18,3,0.5,audit_only_not_primary,guide-stratified split is reported for coverage; primary floors use environment×perturbation splits
frangieh_melanoma_ifng,FBL,134,50,5,0.664179104477612,audit_only_not_primary,guide-stratified split is reported for coverage; primary floors use environment×perturbation splits
frangieh_melanoma_ifng,FBXO32,394,144,19,0.682741116751269,audit_only_not_primary,guide-stratified split is reported for coverage; primary floors use environment×perturbation splits
frangieh_melanoma_ifng,FGFR1,465,165,14,0.6752688172043011,audit_only_not_primary,guide-stratified split is reported for coverage; primary floors use environment×perturbation splits
frangieh_melanoma_ifng,FKBP4,282,111,8,0.6347517730496454,audit_only_not_primary,guide-stratified split is reported for coverage; primary floors use environment×perturbation splits
frangieh_melanoma_ifng,FMN1,420,141,10,0.6880952380952381,audit_only_not_primary,guide-stratified split is reported for coverage; primary floors use environment×perturbation splits
frangieh_melanoma_ifng,FOS,279,98,6,0.6702508960573477,audit_only_not_primary,guide-stratified split is reported for coverage; primary floors use environment×perturbation splits
frangieh_melanoma_ifng,FOXM1,106,34,5,0.7264150943396226,audit_only_not_primary,guide-stratified split is reported for coverage; primary floors use environment×perturbation splits
frangieh_melanoma_ifng,FRZB,248,82,9,0.7056451612903226,audit_only_not_primary,guide-stratified split is reported for coverage; primary floors use environment×perturbation splits
frangieh_melanoma_ifng,FSTL3,414,153,10,0.6545893719806763,audit_only_not_primary,guide-stratified split is reported for coverage; primary floors use environment×perturbation splits
frangieh_melanoma_ifng,FTH1,65,27,4,0.6461538461538462,audit_only_not_primary,guide-stratified split is reported for coverage; primary floors use environment×perturbation splits
frangieh_melanoma_ifng,GAA,335,123,8,0.6567164179104478,audit_only_not_primary,guide-stratified split is reported for coverage; primary floors use environment×perturbation splits
frangieh_melanoma_ifng,GAS5,346,119,8,0.6791907514450867,audit_only_not_primary,guide-stratified split is reported for coverage; primary floors use environment×perturbation splits
frangieh_melanoma_ifng,GPATCH4,260,93,10,0.6807692307692308,audit_only_not_primary,guide-stratified split is reported for coverage; primary floors use environment×perturbation splits
frangieh_melanoma_ifng,GPI,60,26,4,0.6333333333333333,audit_only_not_primary,guide-stratified split is reported for coverage; primary floors use environment×perturbation splits
frangieh_melanoma_ifng,GPNMB,306,113,12,0.6699346405228758,audit_only_not_primary,guide-stratified split is reported for coverage; primary floors use environment×perturbation splits
frangieh_melanoma_ifng,GRN,332,112,10,0.6927710843373494,audit_only_not_primary,guide-stratified split is reported for coverage; primary floors use environment×perturbation splits
frangieh_melanoma_ifng,GSEC,168,4,3,0.9940476190476191,audit_only_not_primary,guide-stratified split is reported for coverage; primary floors use environment×perturbation splits
frangieh_melanoma_ifng,GSN,359,116,18,0.7270194986072424,audit_only_not_primary,guide-stratified split is reported for coverage; primary floors use environment×perturbation splits
frangieh_melanoma_ifng,HASPIN,204,92,5,0.5735294117647058,audit_only_not_primary,guide-stratified split is reported for coverage; primary floors use environment×perturbation splits
frangieh_melanoma_ifng,HLA-A,386,121,13,0.7202072538860104,audit_only_not_primary,guide-stratified split is reported for coverage; primary floors use environment×perturbation splits
frangieh_melanoma_ifng,HLA-B,222,76,6,0.6846846846846847,audit_only_not_primary,guide-stratified split is reported for coverage; primary floors use environment×perturbation splits
frangieh_melanoma_ifng,HLA-C,256,87,9,0.6953125,audit_only_not_primary,guide-stratified split is reported for coverage; primary floors use environment×perturbation splits
frangieh_melanoma_ifng,HLA-DRB5,407,149,14,0.6683046683046683,audit_only_not_primary,guide-stratified split is reported for coverage; primary floors use environment×perturbation splits
frangieh_melanoma_ifng,HLA-E,292,100,10,0.6917808219178082,audit_only_not_primary,guide-stratified split is reported for coverage; primary floors use environment×perturbation splits
frangieh_melanoma_ifng,HLA-F,348,111,13,0.7183908045977011,audit_only_not_primary,guide-stratified split is reported for coverage; primary floors use environment×perturbation splits
frangieh_melanoma_ifng,HLA-H,334,105,12,0.7215568862275449,audit_only_not_primary,guide-stratified split is reported for coverage; primary floors use environment×perturbation splits
frangieh_melanoma_ifng,HNRNPA1,243,94,6,0.6378600823045267,audit_only_not_primary,guide-stratified split is reported for coverage; primary floors use environment×perturbation splits
frangieh_melanoma_ifng,HNRNPC,96,27,6,0.78125,audit_only_not_primary,guide-stratified split is reported for coverage; primary floors use environment×perturbation splits
frangieh_melanoma_ifng,HSPA1A,286,87,8,0.7237762237762237,audit_only_not_primary,guide-stratified split is reported for coverage; primary floors use environment×perturbation splits
frangieh_melanoma_ifng,IDH2,354,119,12,0.6977401129943502,audit_only_not_primary,guide-stratified split is reported for coverage; primary floors use environment×perturbation splits
frangieh_melanoma_ifng,IDI2-AS1,340,102,11,0.7323529411764705,audit_only_not_primary,guide-stratified split is reported for coverage; primary floors use environment×perturbation splits
frangieh_melanoma_ifng,IFNGR1,289,108,8,0.6539792387543253,audit_only_not_primary,guide-stratified split is reported for coverage; primary floors use environment×perturbation splits
frangieh_melanoma_ifng,IFNGR2,383,125,11,0.7023498694516971,audit_only_not_primary,guide-stratified split is reported for coverage; primary floors use environment×perturbation splits
frangieh_melanoma_ifng,ILF2,69,26,3,0.6666666666666666,audit_only_not_primary,guide-stratified split is reported for coverage; primary floors use environment×perturbation splits
frangieh_melanoma_ifng,IRF3,315,102,16,0.726984126984127,audit_only_not_primary,guide-stratified split is reported for coverage; primary floors use environment×perturbation splits
frangieh_melanoma_ifng,IRF4,282,88,10,0.723404255319149,audit_only_not_primary,guide-stratified split is reported for coverage; primary floors use environment×perturbation splits
frangieh_melanoma_ifng,ISYNA1,213,66,4,0.7089201877934272,audit_only_not_primary,guide-stratified split is reported for coverage; primary floors use environment×perturbation splits
frangieh_melanoma_ifng,ITGA3,286,81,11,0.7552447552447552,audit_only_not_primary,guide-stratified split is reported for coverage; primary floors use environment×perturbation splits
frangieh_melanoma_ifng,JAK1,338,109,10,0.7071005917159763,audit_only_not_primary,guide-stratified split is reported for coverage; primary floors use environment×perturbation splits
frangieh_melanoma_ifng,JAK2,339,113,11,0.6991150442477876,audit_only_not_primary,guide-stratified split is reported for coverage; primary floors use environment×perturbation splits
frangieh_melanoma_ifng,JMJD7,363,104,10,0.7410468319559229,audit_only_not_primary,guide-stratified split is reported for coverage; primary floors use environment×perturbation splits
frangieh_melanoma_ifng,JPT1,197,57,6,0.7411167512690355,audit_only_not_primary,guide-stratified split is reported for coverage; primary floors use environment×perturbation splits
frangieh_melanoma_ifng,KCNN4,354,102,6,0.7288135593220338,audit_only_not_primary,guide-stratified split is reported for coverage; primary floors use environment×perturbation splits
frangieh_melanoma_ifng,KDR,347,80,7,0.7896253602305475,audit_only_not_primary,guide-stratified split is reported for coverage; primary floors use environment×perturbation splits
frangieh_melanoma_ifng,KLF4,289,86,11,0.740484429065744,audit_only_not_primary,guide-stratified split is reported for coverage; primary floors use environment×perturbation splits
frangieh_melanoma_ifng,LAMP2,308,74,10,0.7922077922077922,audit_only_not_primary,guide-stratified split is reported for coverage; primary floors use environment×perturbation splits
frangieh_melanoma_ifng,LCP1,360,83,9,0.7944444444444444,audit_only_not_primary,guide-stratified split is reported for coverage; primary floors use environment×perturbation splits
frangieh_melanoma_ifng,LEF1-AS1,358,83,13,0.8044692737430168,audit_only_not_primary,guide-stratified split is reported for coverage; primary floors use environment×perturbation splits
frangieh_melanoma_ifng,LGALS3,262,72,10,0.7633587786259542,audit_only_not_primary,guide-stratified split is reported for coverage; primary floors use environment×perturbation splits
frangieh_melanoma_ifng,LGALS3BP,252,75,7,0.7301587301587301,audit_only_not_primary,guide-stratified split is reported for coverage; primary floors use environment×perturbation splits
frangieh_melanoma_ifng,LINC00518,335,82,12,0.7910447761194029,audit_only_not_primary,guide-stratified split is reported for coverage; primary floors use environment×perturbation splits
frangieh_melanoma_ifng,LRPAP1,333,80,8,0.7837837837837838,audit_only_not_primary,guide-stratified split is reported for coverage; primary floors use environment×perturbation splits
frangieh_melanoma_ifng,LRRC75A-AS1,193,3,3,1.0,audit_only_not_primary,guide-stratified split is reported for coverage; primary floors use environment×perturbation splits
frangieh_melanoma_ifng,LY96,318,84,7,0.7578616352201258,audit_only_not_primary,guide-stratified split is reported for coverage; primary floors use environment×perturbation splits
frangieh_melanoma_ifng,MC1R,291,69,9,0.7938144329896907,audit_only_not_primary,guide-stratified split is reported for coverage; primary floors use environment×perturbation splits
frangieh_melanoma_ifng,MDH2,219,63,7,0.7442922374429224,audit_only_not_primary,guide-stratified split is reported for coverage; primary floors use environment×perturbation splits
frangieh_melanoma_ifng,MFGE8,423,101,13,0.7919621749408984,audit_only_not_primary,guide-stratified split is reported for coverage; primary floors use environment×perturbation splits
frangieh_melanoma_ifng,MIA,309,76,7,0.7766990291262136,audit_only_not_primary,guide-stratified split is reported for coverage; primary floors use environment×perturbation splits
frangieh_melanoma_ifng,MRPL47,166,46,6,0.7590361445783133,audit_only_not_primary,guide-stratified split is reported for coverage; primary floors use environment×perturbation splits
frangieh_melanoma_ifng,MT2A,211,54,7,0.7772511848341233,audit_only_not_primary,guide-stratified split is reported for coverage; primary floors use environment×perturbation splits
frangieh_melanoma_ifng,MYC,68,22,3,0.7205882352941176,audit_only_not_primary,guide-stratified split is reported for coverage; primary floors use environment×perturbation splits
frangieh_melanoma_ifng,NACA,42,15,4,0.7380952380952381,audit_only_not_primary,guide-stratified split is reported for coverage; primary floors use environment×perturbation splits
frangieh_melanoma_ifng,NCL,74,22,6,0.7837837837837838,audit_only_not_primary,guide-stratified split is reported for coverage; primary floors use environment×perturbation splits
frangieh_melanoma_ifng,NDUFA13,153,42,4,0.7516339869281046,audit_only_not_primary,guide-stratified split is reported for coverage; primary floors use environment×perturbation splits
frangieh_melanoma_ifng,NEAT1,254,58,8,0.8031496062992126,audit_only_not_primary,guide-stratified split is reported for coverage; primary floors use environment×perturbation splits
frangieh_melanoma_ifng,NGFR,239,65,6,0.7531380753138075,audit_only_not_primary,guide-stratified split is reported for coverage; primary floors use environment×perturbation splits
frangieh_melanoma_ifng,NME1,262,55,7,0.816793893129771,audit_only_not_primary,guide-stratified split is reported for coverage; primary floors use environment×perturbation splits
frangieh_melanoma_ifng,NMRK1,290,70,12,0.8,audit_only_not_primary,guide-stratified split is reported for coverage; primary floors use environment×perturbation splits
frangieh_melanoma_ifng,NOLC1,107,27,6,0.8037383177570093,audit_only_not_primary,guide-stratified split is reported for coverage; primary floors use environment×perturbation splits
frangieh_melanoma_ifng,NONO,230,58,9,0.7869565217391304,audit_only_not_primary,guide-stratified split is reported for coverage; primary floors use environment×perturbation splits
frangieh_melanoma_ifng,NPC1,319,83,8,0.7648902821316614,audit_only_not_primary,guide-stratified split is reported for coverage; primary floors use environment×perturbation splits
frangieh_melanoma_ifng,NPC2,282,71,9,0.7801418439716312,audit_only_not_primary,guide-stratified split is reported for coverage; primary floors use environment×perturbation splits
frangieh_melanoma_ifng,NSG1,290,73,8,0.7758620689655172,audit_only_not_primary,guide-stratified split is reported for coverage; primary floors use environment×perturbation splits
frangieh_melanoma_ifng,NT5E,356,73,8,0.8174157303370787,audit_only_not_primary,guide-stratified split is reported for coverage; primary floors use environment×perturbation splits
frangieh_melanoma_ifng,NUP50-AS1,272,3,3,1.0,audit_only_not_primary,guide-stratified split is reported for coverage; primary floors use environment×perturbation splits
frangieh_melanoma_ifng,P2RX4,133,31,7,0.8195488721804511,audit_only_not_primary,guide-stratified split is reported for coverage; primary floors use environment×perturbation splits
frangieh_melanoma_ifng,PABPC1,83,20,3,0.7951807228915663,audit_only_not_primary,guide-stratified split is reported for coverage; primary floors use environment×perturbation splits
frangieh_melanoma_ifng,PAICS,101,23,3,0.801980198019802,audit_only_not_primary,guide-stratified split is reported for coverage; primary floors use environment×perturbation splits
frangieh_melanoma_ifng,PET100,145,37,3,0.7655172413793103,audit_only_not_primary,guide-stratified split is reported for coverage; primary floors use environment×perturbation splits
frangieh_melanoma_ifng,PFDN4,284,60,7,0.8133802816901409,audit_only_not_primary,guide-stratified split is reported for coverage; primary floors use environment×perturbation splits
frangieh_melanoma_ifng,PFN1,124,28,3,0.7983870967741935,audit_only_not_primary,guide-stratified split is reported for coverage; primary floors use environment×perturbation splits
frangieh_melanoma_ifng,PIK3IP1,229,63,9,0.7641921397379913,audit_only_not_primary,guide-stratified split is reported for coverage; primary floors use environment×perturbation splits
frangieh_melanoma_ifng,POLD2,69,24,4,0.7101449275362319,audit_only_not_primary,guide-stratified split is reported for coverage; primary floors use environment×perturbation splits
frangieh_melanoma_ifng,PPA1,56,18,3,0.7321428571428571,audit_only_not_primary,guide-stratified split is reported for coverage; primary floors use environment×perturbation splits
frangieh_melanoma_ifng,PPIA,244,47,7,0.8360655737704918,audit_only_not_primary,guide-stratified split is reported for coverage; primary floors use environment×perturbation splits
frangieh_melanoma_ifng,PRELID3B,44,11,3,0.8181818181818182,audit_only_not_primary,guide-stratified split is reported for coverage; primary floors use environment×perturbation splits
frangieh_melanoma_ifng,PROS1,198,51,5,0.7676767676767676,audit_only_not_primary,guide-stratified split is reported for coverage; primary floors use environment×perturbation splits
frangieh_melanoma_ifng,PSAP,329,62,7,0.8328267477203647,audit_only_not_primary,guide-stratified split is reported for coverage; primary floors use environment×perturbation splits
frangieh_melanoma_ifng,PSMB8-AS1,224,40,5,0.84375,audit_only_not_primary,guide-stratified split is reported for coverage; primary floors use environment×perturbation splits
frangieh_melanoma_ifng,PTMA,224,42,5,0.8348214285714286,audit_only_not_primary,guide-stratified split is reported for coverage; primary floors use environment×perturbation splits
frangieh_melanoma_ifng,PUF60,109,25,5,0.8165137614678899,audit_only_not_primary,guide-stratified split is reported for coverage; primary floors use environment×perturbation splits
frangieh_melanoma_ifng,PYGB,230,52,7,0.8043478260869565,audit_only_not_primary,guide-stratified split is reported for coverage; primary floors use environment×perturbation splits
frangieh_melanoma_ifng,RAB27A,267,61,8,0.8014981273408239,audit_only_not_primary,guide-stratified split is reported for coverage; primary floors use environment×perturbation splits
frangieh_melanoma_ifng,RB1,287,45,4,0.8571428571428571,audit_only_not_primary,guide-stratified split is reported for coverage; primary floors use environment×perturbation splits
frangieh_melanoma_ifng,RBP7,300,60,11,0.8366666666666667,audit_only_not_primary,guide-stratified split is reported for coverage; primary floors use environment×perturbation splits
frangieh_melanoma_ifng,RNASEH2A,156,30,6,0.8461538461538461,audit_only_not_primary,guide-stratified split is reported for coverage; primary floors use environment×perturbation splits
frangieh_melanoma_ifng,RNF213,259,57,10,0.8185328185328186,audit_only_not_primary,guide-stratified split is reported for coverage; primary floors use environment×perturbation splits
frangieh_melanoma_ifng,ROMO1,66,14,3,0.8333333333333334,audit_only_not_primary,guide-stratified split is reported for coverage; primary floors use environment×perturbation splits
frangieh_melanoma_ifng,RPSA,141,25,2,0.8368794326241135,audit_only_not_primary,guide-stratified split is reported for coverage; primary floors use environment×perturbation splits
frangieh_melanoma_ifng,RRS1,89,32,4,0.6853932584269663,audit_only_not_primary,guide-stratified split is reported for coverage; primary floors use environment×perturbation splits
frangieh_melanoma_ifng,RTP4,330,57,6,0.8454545454545455,audit_only_not_primary,guide-stratified split is reported for coverage; primary floors use environment×perturbation splits
frangieh_melanoma_ifng,RUVBL2,27,11,3,0.7037037037037037,audit_only_not_primary,guide-stratified split is reported for coverage; primary floors use environment×perturbation splits
frangieh_melanoma_ifng,S100A6,249,38,5,0.8674698795180723,audit_only_not_primary,guide-stratified split is reported for coverage; primary floors use environment×perturbation splits
frangieh_melanoma_ifng,S100B,276,50,7,0.8442028985507246,audit_only_not_primary,guide-stratified split is reported for coverage; primary floors use environment×perturbation splits
frangieh_melanoma_ifng,SAE1,38,11,3,0.7894736842105263,audit_only_not_primary,guide-stratified split is reported for coverage; primary floors use environment×perturbation splits
frangieh_melanoma_ifng,SAT1,217,20,3,0.9216589861751152,audit_only_not_primary,guide-stratified split is reported for coverage; primary floors use environment×perturbation splits
frangieh_melanoma_ifng,SCARB2,251,45,6,0.8446215139442231,audit_only_not_primary,guide-stratified split is reported for coverage; primary floors use environment×perturbation splits
frangieh_melanoma_ifng,SDC3,315,43,7,0.8857142857142857,audit_only_not_primary,guide-stratified split is reported for coverage; primary floors use environment×perturbation splits
frangieh_melanoma_ifng,SDCBP,259,50,3,0.8185328185328186,audit_only_not_primary,guide-stratified split is reported for coverage; primary floors use environment×perturbation splits
frangieh_melanoma_ifng,SEC11C,251,44,4,0.8406374501992032,audit_only_not_primary,guide-stratified split is reported for coverage; primary floors use environment×perturbation splits
frangieh_melanoma_ifng,SERPINA3,230,35,5,0.8695652173913043,audit_only_not_primary,guide-stratified split is reported for coverage; primary floors use environment×perturbation splits
frangieh_melanoma_ifng,SERPINE2,226,35,5,0.8672566371681416,audit_only_not_primary,guide-stratified split is reported for coverage; primary floors use environment×perturbation splits
frangieh_melanoma_ifng,SERPINF1,240,41,5,0.85,audit_only_not_primary,guide-stratified split is reported for coverage; primary floors use environment×perturbation splits
frangieh_melanoma_ifng,SET,196,38,4,0.826530612244898,audit_only_not_primary,guide-stratified split is reported for coverage; primary floors use environment×perturbation splits
frangieh_melanoma_ifng,SGK1,260,35,3,0.8769230769230769,audit_only_not_primary,guide-stratified split is reported for coverage; primary floors use environment×perturbation splits
frangieh_melanoma_ifng,SHMT2,200,32,4,0.86,audit_only_not_primary,guide-stratified split is reported for coverage; primary floors use environment×perturbation splits
frangieh_melanoma_ifng,SINHCAF,173,69,8,0.6473988439306358,audit_only_not_primary,guide-stratified split is reported for coverage; primary floors use environment×perturbation splits
frangieh_melanoma_ifng,SLC19A1,198,32,6,0.8686868686868687,audit_only_not_primary,guide-stratified split is reported for coverage; primary floors use environment×perturbation splits
frangieh_melanoma_ifng,SLC22A18,355,44,8,0.8985915492957747,audit_only_not_primary,guide-stratified split is reported for coverage; primary floors use environment×perturbation splits
frangieh_melanoma_ifng,SLC25A13,269,28,4,0.9107806691449815,audit_only_not_primary,guide-stratified split is reported for coverage; primary floors use environment×perturbation splits
frangieh_melanoma_ifng,SLC26A2,263,31,7,0.908745247148289,audit_only_not_primary,guide-stratified split is reported for coverage; primary floors use environment×perturbation splits
frangieh_melanoma_ifng,SLC5A3,271,32,5,0.9003690036900369,audit_only_not_primary,guide-stratified split is reported for coverage; primary floors use environment×perturbation splits
frangieh_melanoma_ifng,SLC7A5P1,260,40,5,0.8653846153846154,audit_only_not_primary,guide-stratified split is reported for coverage; primary floors use environment×perturbation splits
frangieh_melanoma_ifng,SLIRP,168,22,5,0.8988095238095238,audit_only_not_primary,guide-stratified split is reported for coverage; primary floors use environment×perturbation splits
frangieh_melanoma_ifng,SMAD3,271,28,6,0.9188191881918819,audit_only_not_primary,guide-stratified split is reported for coverage; primary floors use environment×perturbation splits
frangieh_melanoma_ifng,SMAD4,272,24,7,0.9375,audit_only_not_primary,guide-stratified split is reported for coverage; primary floors use environment×perturbation splits
frangieh_melanoma_ifng,SNHG6,202,27,5,0.8910891089108911,audit_only_not_primary,guide-stratified split is reported for coverage; primary floors use environment×perturbation splits
frangieh_melanoma_ifng,SNRPE,20,4,3,0.95,audit_only_not_primary,guide-stratified split is reported for coverage; primary floors use environment×perturbation splits
frangieh_melanoma_ifng,SNRPF,14,3,3,1.0,audit_only_not_primary,guide-stratified split is reported for coverage; primary floors use environment×perturbation splits
frangieh_melanoma_ifng,SNRPG,38,6,3,0.9210526315789473,audit_only_not_primary,guide-stratified split is reported for coverage; primary floors use environment×perturbation splits
frangieh_melanoma_ifng,SOX4,261,33,4,0.8888888888888888,audit_only_not_primary,guide-stratified split is reported for coverage; primary floors use environment×perturbation splits
frangieh_melanoma_ifng,SP100,232,28,7,0.9094827586206896,audit_only_not_primary,guide-stratified split is reported for coverage; primary floors use environment×perturbation splits
frangieh_melanoma_ifng,SPESP1,247,30,5,0.8987854251012146,audit_only_not_primary,guide-stratified split is reported for coverage; primary floors use environment×perturbation splits
frangieh_melanoma_ifng,SPINT1,228,20,3,0.9254385964912281,audit_only_not_primary,guide-stratified split is reported for coverage; primary floors use environment×perturbation splits
frangieh_melanoma_ifng,SSR2,193,14,4,0.9481865284974094,audit_only_not_primary,guide-stratified split is reported for coverage; primary floors use environment×perturbation splits
frangieh_melanoma_ifng,ST3GAL6-AS1,257,32,8,0.9066147859922179,audit_only_not_primary,guide-stratified split is reported for coverage; primary floors use environment×perturbation splits
frangieh_melanoma_ifng,ST6GALNAC2,200,21,3,0.91,audit_only_not_primary,guide-stratified split is reported for coverage; primary floors use environment×perturbation splits
frangieh_melanoma_ifng,STAT1,209,23,3,0.9043062200956937,audit_only_not_primary,guide-stratified split is reported for coverage; primary floors use environment×perturbation splits
frangieh_melanoma_ifng,STAT3,211,22,7,0.9289099526066351,audit_only_not_primary,guide-stratified split is reported for coverage; primary floors use environment×perturbation splits
frangieh_melanoma_ifng,STOM,273,28,6,0.9194139194139194,audit_only_not_primary,guide-stratified split is reported for coverage; primary floors use environment×perturbation splits
frangieh_melanoma_ifng,STX7,246,22,4,0.926829268292683,audit_only_not_primary,guide-stratified split is reported for coverage; primary floors use environment×perturbation splits
frangieh_melanoma_ifng,TAPBP,220,21,4,0.9227272727272727,audit_only_not_primary,guide-stratified split is reported for coverage; primary floors use environment×perturbation splits
frangieh_melanoma_ifng,TAPBPL,245,21,5,0.9346938775510204,audit_only_not_primary,guide-stratified split is reported for coverage; primary floors use environment×perturbation splits
frangieh_melanoma_ifng,TFAP2A,242,25,5,0.9173553719008265,audit_only_not_primary,guide-stratified split is reported for coverage; primary floors use environment×perturbation splits
frangieh_melanoma_ifng,TGFB1,261,17,4,0.9501915708812261,audit_only_not_primary,guide-stratified split is reported for coverage; primary floors use environment×perturbation splits
frangieh_melanoma_ifng,TIMM50,124,14,3,0.9112903225806451,audit_only_not_primary,guide-stratified split is reported for coverage; primary floors use environment×perturbation splits
frangieh_melanoma_ifng,TIMP1,229,24,6,0.9213973799126638,audit_only_not_primary,guide-stratified split is reported for coverage; primary floors use environment×perturbation splits
frangieh_melanoma_ifng,TIMP2,189,11,3,0.9576719576719577,audit_only_not_primary,guide-stratified split is reported for coverage; primary floors use environment×perturbation splits
frangieh_melanoma_ifng,TIMP3,184,10,4,0.967391304347826,audit_only_not_primary,guide-stratified split is reported for coverage; primary floors use environment×perturbation splits
frangieh_melanoma_ifng,TM4SF1,222,13,3,0.954954954954955,audit_only_not_primary,guide-stratified split is reported for coverage; primary floors use environment×perturbation splits
frangieh_melanoma_ifng,TMED10,66,6,3,0.9545454545454546,audit_only_not_primary,guide-stratified split is reported for coverage; primary floors use environment×perturbation splits
frangieh_melanoma_ifng,TMEM173,216,14,3,0.9490740740740741,audit_only_not_primary,guide-stratified split is reported for coverage; primary floors use environment×perturbation splits
frangieh_melanoma_ifng,TOP1MT,201,11,4,0.9651741293532339,audit_only_not_primary,guide-stratified split is reported for coverage; primary floors use environment×perturbation splits
frangieh_melanoma_ifng,TP53,218,14,4,0.9541284403669725,audit_only_not_primary,guide-stratified split is reported for coverage; primary floors use environment×perturbation splits
frangieh_melanoma_ifng,TPP1,217,9,4,0.9769585253456221,audit_only_not_primary,guide-stratified split is reported for coverage; primary floors use environment×perturbation splits
frangieh_melanoma_ifng,TPRKB,50,5,3,0.96,audit_only_not_primary,guide-stratified split is reported for coverage; primary floors use environment×perturbation splits
frangieh_melanoma_ifng,TRIM22,178,11,3,0.9550561797752809,audit_only_not_primary,guide-stratified split is reported for coverage; primary floors use environment×perturbation splits
frangieh_melanoma_ifng,TSC22D3,238,8,3,0.9789915966386554,audit_only_not_primary,guide-stratified split is reported for coverage; primary floors use environment×perturbation splits
frangieh_melanoma_ifng,TTLL1,262,17,3,0.9465648854961832,audit_only_not_primary,guide-stratified split is reported for coverage; primary floors use environment×perturbation splits
frangieh_melanoma_ifng,TXNDC17,215,16,4,0.9441860465116279,audit_only_not_primary,guide-stratified split is reported for coverage; primary floors use environment×perturbation splits
frangieh_melanoma_ifng,TYR,262,10,3,0.9732824427480916,audit_only_not_primary,guide-stratified split is reported for coverage; primary floors use environment×perturbation splits
frangieh_melanoma_ifng,UBA52,17,4,3,0.9411764705882353,audit_only_not_primary,guide-stratified split is reported for coverage; primary floors use environment×perturbation splits
frangieh_melanoma_ifng,UBC,95,3,2,0.9894736842105263,audit_only_not_primary,guide-stratified split is reported for coverage; primary floors use environment×perturbation splits
frangieh_melanoma_ifng,UCN2,192,4,3,0.9947916666666666,audit_only_not_primary,guide-stratified split is reported for coverage; primary floors use environment×perturbation splits
frangieh_melanoma_ifng,UQCRFS1,111,8,3,0.954954954954955,audit_only_not_primary,guide-stratified split is reported for coverage; primary floors use environment×perturbation splits
frangieh_melanoma_ifng,UQCRH,76,5,3,0.9736842105263158,audit_only_not_primary,guide-stratified split is reported for coverage; primary floors use environment×perturbation splits
frangieh_melanoma_ifng,VAT1,154,6,3,0.9805194805194806,audit_only_not_primary,guide-stratified split is reported for coverage; primary floors use environment×perturbation splits
frangieh_melanoma_ifng,VDAC2,223,6,4,0.9910313901345291,audit_only_not_primary,guide-stratified split is reported for coverage; primary floors use environment×perturbation splits
frangieh_melanoma_ifng,WBP2,255,6,3,0.9882352941176471,audit_only_not_primary,guide-stratified split is reported for coverage; primary floors use environment×perturbation splits
frangieh_melanoma_ifng,WNT7A,267,6,3,0.9887640449438202,audit_only_not_primary,guide-stratified split is reported for coverage; primary floors use environment×perturbation splits
frangieh_melanoma_ifng,XAGE1A,160,5,3,0.9875,audit_only_not_primary,guide-stratified split is reported for coverage; primary floors use environment×perturbation splits
