candidate_id,estimand,analysis_label,source_context_id,left_target_context_id,right_target_context_id,metric,split_seed,member_pair,n_perturbations,eligibility_min_cells,cross_d,measurement_left_d,measurement_right_d,measurement_floor_max_d,joint_left_d,joint_right_d,joint_floor_max_d,delta_meas,delta_joint,raw_split_contract,budget_contract,refit_per_metric
nadig_hepg2_vs_jurkat,matched_budget_source_frozen_replication,primary_min20,nadig_hepg2,nadig_hepg2,nadig_jurkat,delta_cosine,20260908,"0,1",1255,20,0.3330238853199642,0.30270115709411155,0.3196623394778144,0.3196623394778144,0.30295405300647493,0.32441049200327876,0.32441049200327876,0.013361545842149769,0.008613393316685425,raw cells; independent half A/B within context×perturbation; controls split independently,"floor(min(n_left,n_right)/2) cells per half",0
nadig_hepg2_vs_jurkat,matched_budget_source_frozen_replication,primary_min20,nadig_hepg2,nadig_hepg2,nadig_jurkat,delta_cosine,20260908,"0,2",1255,20,0.3330238853199642,0.30270115709411155,0.3196623394778144,0.3196623394778144,0.3026731987520413,0.32266913208410375,0.32266913208410375,0.013361545842149769,0.010354753235860437,raw cells; independent half A/B within context×perturbation; controls split independently,"floor(min(n_left,n_right)/2) cells per half",0
nadig_hepg2_vs_jurkat,matched_budget_source_frozen_replication,primary_min20,nadig_hepg2,nadig_hepg2,nadig_jurkat,delta_cosine,20260908,"1,2",1255,20,0.3330238853199642,0.30270115709411155,0.3196623394778144,0.3196623394778144,0.3032202926730081,0.32352599172687246,0.32352599172687246,0.013361545842149769,0.009497893593091722,raw cells; independent half A/B within context×perturbation; controls split independently,"floor(min(n_left,n_right)/2) cells per half",0
nadig_hepg2_vs_jurkat,matched_budget_source_frozen_replication,primary_min20,nadig_hepg2,nadig_hepg2,nadig_jurkat,systema_centroid_accuracy,20260908,"0,1",1255,20,0.3195876779961494,0.30694955425506903,0.3125348685004798,0.3125348685004798,0.3070099188572663,0.317876500378073,0.317876500378073,0.00705280949566961,0.001711177618076376,raw cells; independent half A/B within context×perturbation; controls split independently,"floor(min(n_left,n_right)/2) cells per half",0
nadig_hepg2_vs_jurkat,matched_budget_source_frozen_replication,primary_min20,nadig_hepg2,nadig_hepg2,nadig_jurkat,systema_centroid_accuracy,20260908,"0,2",1255,20,0.3195876779961494,0.30694955425506903,0.3125348685004798,0.3125348685004798,0.30682342400732,0.31451578057784807,0.31451578057784807,0.00705280949566961,0.00507189741830133,raw cells; independent half A/B within context×perturbation; controls split independently,"floor(min(n_left,n_right)/2) cells per half",0
nadig_hepg2_vs_jurkat,matched_budget_source_frozen_replication,primary_min20,nadig_hepg2,nadig_hepg2,nadig_jurkat,systema_centroid_accuracy,20260908,"1,2",1255,20,0.3195876779961494,0.30694955425506903,0.3125348685004798,0.3125348685004798,0.3077018878235066,0.3161300571239762,0.3161300571239762,0.00705280949566961,0.003457620872173217,raw cells; independent half A/B within context×perturbation; controls split independently,"floor(min(n_left,n_right)/2) cells per half",0
nadig_hepg2_vs_jurkat,matched_budget_source_frozen_replication,primary_min20,nadig_hepg2,nadig_hepg2,nadig_jurkat,absolute_effect_rank_agreement,20260908,"0,1",1255,20,0.32913545181316195,0.3259377164388697,0.3128138165043176,0.3259377164388697,0.326019685214485,0.317366896052155,0.326019685214485,0.003197735374292243,0.003115766598676961,raw cells; independent half A/B within context×perturbation; controls split independently,"floor(min(n_left,n_right)/2) cells per half",0
nadig_hepg2_vs_jurkat,matched_budget_source_frozen_replication,primary_min20,nadig_hepg2,nadig_hepg2,nadig_jurkat,absolute_effect_rank_agreement,20260908,"0,2",1255,20,0.32913545181316195,0.3259377164388697,0.3128138165043176,0.3259377164388697,0.32578076847315685,0.3168871563189031,0.32578076847315685,0.003197735374292243,0.0033546833400051046,raw cells; independent half A/B within context×perturbation; controls split independently,"floor(min(n_left,n_right)/2) cells per half",0
nadig_hepg2_vs_jurkat,matched_budget_source_frozen_replication,primary_min20,nadig_hepg2,nadig_hepg2,nadig_jurkat,absolute_effect_rank_agreement,20260908,"1,2",1255,20,0.32913545181316195,0.3259377164388697,0.3128138165043176,0.3259377164388697,0.32581698723447516,0.31837244324138847,0.32581698723447516,0.003197735374292243,0.003318464578686786,raw cells; independent half A/B within context×perturbation; controls split independently,"floor(min(n_left,n_right)/2) cells per half",0
nadig_hepg2_vs_jurkat,matched_budget_source_frozen_replication,primary_min20,nadig_jurkat,nadig_hepg2,nadig_jurkat,delta_cosine,20260908,"0,1",1255,20,0.33266296854051103,0.32001372500428904,0.32063961061654495,0.32063961061654495,0.31992921456121287,0.325824612236858,0.325824612236858,0.012023357923966083,0.006838356303653037,raw cells; independent half A/B within context×perturbation; controls split independently,"floor(min(n_left,n_right)/2) cells per half",0
nadig_hepg2_vs_jurkat,matched_budget_source_frozen_replication,primary_min20,nadig_jurkat,nadig_hepg2,nadig_jurkat,delta_cosine,20260908,"0,2",1255,20,0.33266296854051103,0.32001372500428904,0.32063961061654495,0.32063961061654495,0.3202685271672481,0.32590276851128186,0.32590276851128186,0.012023357923966083,0.006760200029229169,raw cells; independent half A/B within context×perturbation; controls split independently,"floor(min(n_left,n_right)/2) cells per half",0
nadig_hepg2_vs_jurkat,matched_budget_source_frozen_replication,primary_min20,nadig_jurkat,nadig_hepg2,nadig_jurkat,delta_cosine,20260908,"1,2",1255,20,0.33266296854051103,0.32001372500428904,0.32063961061654495,0.32063961061654495,0.32029775634304886,0.32515996619582277,0.32515996619582277,0.012023357923966083,0.007503002344688259,raw cells; independent half A/B within context×perturbation; controls split independently,"floor(min(n_left,n_right)/2) cells per half",0
nadig_hepg2_vs_jurkat,matched_budget_source_frozen_replication,primary_min20,nadig_jurkat,nadig_hepg2,nadig_jurkat,systema_centroid_accuracy,20260908,"0,1",1255,20,0.3253524975059888,0.31439981699994285,0.31438202532771625,0.31439981699994285,0.31423619715714496,0.3196931571957783,0.3196931571957783,0.010952680506045975,0.005659340310210537,raw cells; independent half A/B within context×perturbation; controls split independently,"floor(min(n_left,n_right)/2) cells per half",0
nadig_hepg2_vs_jurkat,matched_budget_source_frozen_replication,primary_min20,nadig_jurkat,nadig_hepg2,nadig_jurkat,systema_centroid_accuracy,20260908,"0,2",1255,20,0.3253524975059888,0.31439981699994285,0.31438202532771625,0.31439981699994285,0.3147022754277944,0.3197678186774433,0.3197678186774433,0.010952680506045975,0.0055846788285455196,raw cells; independent half A/B within context×perturbation; controls split independently,"floor(min(n_left,n_right)/2) cells per half",0
nadig_hepg2_vs_jurkat,matched_budget_source_frozen_replication,primary_min20,nadig_jurkat,nadig_hepg2,nadig_jurkat,systema_centroid_accuracy,20260908,"1,2",1255,20,0.3253524975059888,0.31439981699994285,0.31438202532771625,0.31439981699994285,0.31476105148782857,0.3195997509165888,0.3195997509165888,0.010952680506045975,0.005752746589400004,raw cells; independent half A/B within context×perturbation; controls split independently,"floor(min(n_left,n_right)/2) cells per half",0
nadig_hepg2_vs_jurkat,matched_budget_source_frozen_replication,primary_min20,nadig_jurkat,nadig_hepg2,nadig_jurkat,absolute_effect_rank_agreement,20260908,"0,1",1255,20,0.3240473512647973,0.3301429052529912,0.3089708153033798,0.3301429052529912,0.33074400960750305,0.31452626495612446,0.33074400960750305,-0.006095553988193947,-0.006696658342705775,raw cells; independent half A/B within context×perturbation; controls split independently,"floor(min(n_left,n_right)/2) cells per half",0
nadig_hepg2_vs_jurkat,matched_budget_source_frozen_replication,primary_min20,nadig_jurkat,nadig_hepg2,nadig_jurkat,absolute_effect_rank_agreement,20260908,"0,2",1255,20,0.3240473512647973,0.3301429052529912,0.3089708153033798,0.3301429052529912,0.330367207406419,0.31486621297902484,0.330367207406419,-0.006095553988193947,-0.006319856141621727,raw cells; independent half A/B within context×perturbation; controls split independently,"floor(min(n_left,n_right)/2) cells per half",0
nadig_hepg2_vs_jurkat,matched_budget_source_frozen_replication,primary_min20,nadig_jurkat,nadig_hepg2,nadig_jurkat,absolute_effect_rank_agreement,20260908,"1,2",1255,20,0.3240473512647973,0.3301429052529912,0.3089708153033798,0.3301429052529912,0.3304301136760772,0.3143867909542055,0.3304301136760772,-0.006095553988193947,-0.006382762411279941,raw cells; independent half A/B within context×perturbation; controls split independently,"floor(min(n_left,n_right)/2) cells per half",0
nadig_hepg2_vs_jurkat,matched_budget_source_frozen_replication,sensitivity_min40,nadig_hepg2,nadig_hepg2,nadig_jurkat,delta_cosine,20260908,"0,1",345,40,0.3266725648803505,0.2755308392315471,0.3362655881361645,0.3362655881361645,0.276407145264577,0.3362234580384227,0.3362234580384227,-0.00959302325581396,-0.009550893158072171,raw cells; independent half A/B within context×perturbation; controls split independently,"floor(min(n_left,n_right)/2) cells per half",0
nadig_hepg2_vs_jurkat,matched_budget_source_frozen_replication,sensitivity_min40,nadig_hepg2,nadig_hepg2,nadig_jurkat,delta_cosine,20260908,"0,2",345,40,0.3266725648803505,0.2755308392315471,0.3362655881361645,0.3362655881361645,0.2748567576676778,0.33704078193461406,0.33704078193461406,-0.00959302325581396,-0.010368217054263551,raw cells; independent half A/B within context×perturbation; controls split independently,"floor(min(n_left,n_right)/2) cells per half",0
nadig_hepg2_vs_jurkat,matched_budget_source_frozen_replication,sensitivity_min40,nadig_hepg2,nadig_hepg2,nadig_jurkat,delta_cosine,20260908,"1,2",345,40,0.3266725648803505,0.2755308392315471,0.3362655881361645,0.3362655881361645,0.2757499157398045,0.3357178968655207,0.3357178968655207,-0.00959302325581396,-0.009045331985170213,raw cells; independent half A/B within context×perturbation; controls split independently,"floor(min(n_left,n_right)/2) cells per half",0
nadig_hepg2_vs_jurkat,matched_budget_source_frozen_replication,sensitivity_min40,nadig_hepg2,nadig_hepg2,nadig_jurkat,systema_centroid_accuracy,20260908,"0,1",345,40,0.3257035726322885,0.29177620492079537,0.3219666329625885,0.3219666329625885,0.2922354229861813,0.3226659925851028,0.3226659925851028,0.0037369396697000123,0.003037580047185684,raw cells; independent half A/B within context×perturbation; controls split independently,"floor(min(n_left,n_right)/2) cells per half",0
nadig_hepg2_vs_jurkat,matched_budget_source_frozen_replication,sensitivity_min40,nadig_hepg2,nadig_hepg2,nadig_jurkat,systema_centroid_accuracy,20260908,"0,2",345,40,0.3257035726322885,0.29177620492079537,0.3219666329625885,0.3219666329625885,0.2912453656892484,0.32147792382878326,0.32147792382878326,0.0037369396697000123,0.004225648803505233,raw cells; independent half A/B within context×perturbation; controls split independently,"floor(min(n_left,n_right)/2) cells per half",0
nadig_hepg2_vs_jurkat,matched_budget_source_frozen_replication,sensitivity_min40,nadig_hepg2,nadig_hepg2,nadig_jurkat,systema_centroid_accuracy,20260908,"1,2",345,40,0.3257035726322885,0.29177620492079537,0.3219666329625885,0.3219666329625885,0.2923744523087294,0.32105240984159084,0.32105240984159084,0.0037369396697000123,0.0046511627906976605,raw cells; independent half A/B within context×perturbation; controls split independently,"floor(min(n_left,n_right)/2) cells per half",0
nadig_hepg2_vs_jurkat,matched_budget_source_frozen_replication,sensitivity_min40,nadig_hepg2,nadig_hepg2,nadig_jurkat,absolute_effect_rank_agreement,20260908,"0,1",345,40,0.3328530502190765,0.31914391641388606,0.3419615773508594,0.3419615773508594,0.31852039096730705,0.3415739804516347,0.3415739804516347,-0.009108527131782895,-0.008720930232558155,raw cells; independent half A/B within context×perturbation; controls split independently,"floor(min(n_left,n_right)/2) cells per half",0
nadig_hepg2_vs_jurkat,matched_budget_source_frozen_replication,sensitivity_min40,nadig_hepg2,nadig_hepg2,nadig_jurkat,absolute_effect_rank_agreement,20260908,"0,2",345,40,0.3328530502190765,0.31914391641388606,0.3419615773508594,0.3419615773508594,0.319211324570273,0.3415571284125379,0.3415571284125379,-0.009108527131782895,-0.008704078193461362,raw cells; independent half A/B within context×perturbation; controls split independently,"floor(min(n_left,n_right)/2) cells per half",0
nadig_hepg2_vs_jurkat,matched_budget_source_frozen_replication,sensitivity_min40,nadig_hepg2,nadig_hepg2,nadig_jurkat,absolute_effect_rank_agreement,20260908,"1,2",345,40,0.3328530502190765,0.31914391641388606,0.3419615773508594,0.3419615773508594,0.3176525109538254,0.3418520390967307,0.3418520390967307,-0.009108527131782895,-0.008998988877654157,raw cells; independent half A/B within context×perturbation; controls split independently,"floor(min(n_left,n_right)/2) cells per half",0
nadig_hepg2_vs_jurkat,matched_budget_source_frozen_replication,sensitivity_min40,nadig_jurkat,nadig_hepg2,nadig_jurkat,delta_cosine,20260908,"0,1",345,40,0.3334133805190428,0.30210650488709134,0.3300303336703741,0.3300303336703741,0.30229187731715534,0.3301904280417931,0.3301904280417931,0.0033830468486686915,0.0032229524772496854,raw cells; independent half A/B within context×perturbation; controls split independently,"floor(min(n_left,n_right)/2) cells per half",0
nadig_hepg2_vs_jurkat,matched_budget_source_frozen_replication,sensitivity_min40,nadig_jurkat,nadig_hepg2,nadig_jurkat,delta_cosine,20260908,"0,2",345,40,0.3334133805190428,0.30210650488709134,0.3300303336703741,0.3300303336703741,0.3031344792719919,0.33007246376811594,0.33007246376811594,0.0033830468486686915,0.003340916750926848,raw cells; independent half A/B within context×perturbation; controls split independently,"floor(min(n_left,n_right)/2) cells per half",0
nadig_hepg2_vs_jurkat,matched_budget_source_frozen_replication,sensitivity_min40,nadig_jurkat,nadig_hepg2,nadig_jurkat,delta_cosine,20260908,"1,2",345,40,0.3334133805190428,0.30210650488709134,0.3300303336703741,0.3300303336703741,0.30257836198179977,0.32976912706437483,0.32976912706437483,0.0033830468486686915,0.003644253454667956,raw cells; independent half A/B within context×perturbation; controls split independently,"floor(min(n_left,n_right)/2) cells per half",0
nadig_hepg2_vs_jurkat,matched_budget_source_frozen_replication,sensitivity_min40,nadig_jurkat,nadig_hepg2,nadig_jurkat,systema_centroid_accuracy,20260908,"0,1",345,40,0.3284041118975396,0.3056370070778564,0.31817492416582405,0.31817492416582405,0.306757667677789,0.3181117290192113,0.3181117290192113,0.01022918773171555,0.010292382878328288,raw cells; independent half A/B within context×perturbation; controls split independently,"floor(min(n_left,n_right)/2) cells per half",0
nadig_hepg2_vs_jurkat,matched_budget_source_frozen_replication,sensitivity_min40,nadig_jurkat,nadig_hepg2,nadig_jurkat,systema_centroid_accuracy,20260908,"0,2",345,40,0.3284041118975396,0.3056370070778564,0.31817492416582405,0.31817492416582405,0.3059908998988877,0.3190470171890799,0.3190470171890799,0.01022918773171555,0.00935709470845969,raw cells; independent half A/B within context×perturbation; controls split independently,"floor(min(n_left,n_right)/2) cells per half",0
nadig_hepg2_vs_jurkat,matched_budget_source_frozen_replication,sensitivity_min40,nadig_jurkat,nadig_hepg2,nadig_jurkat,systema_centroid_accuracy,20260908,"1,2",345,40,0.3284041118975396,0.3056370070778564,0.31817492416582405,0.31817492416582405,0.3071199865183687,0.3194388270980789,0.3194388270980789,0.01022918773171555,0.008965284799460682,raw cells; independent half A/B within context×perturbation; controls split independently,"floor(min(n_left,n_right)/2) cells per half",0
nadig_hepg2_vs_jurkat,matched_budget_source_frozen_replication,sensitivity_min40,nadig_jurkat,nadig_hepg2,nadig_jurkat,absolute_effect_rank_agreement,20260908,"0,1",345,40,0.33121840242669365,0.3289180990899899,0.33830468486686893,0.33830468486686893,0.32869902258173245,0.33977081226828443,0.33977081226828443,-0.007086282440175284,-0.00855240984159078,raw cells; independent half A/B within context×perturbation; controls split independently,"floor(min(n_left,n_right)/2) cells per half",0
nadig_hepg2_vs_jurkat,matched_budget_source_frozen_replication,sensitivity_min40,nadig_jurkat,nadig_hepg2,nadig_jurkat,absolute_effect_rank_agreement,20260908,"0,2",345,40,0.33121840242669365,0.3289180990899899,0.33830468486686893,0.33830468486686893,0.32921300977418266,0.3380182002022245,0.3380182002022245,-0.007086282440175284,-0.006799797775530858,raw cells; independent half A/B within context×perturbation; controls split independently,"floor(min(n_left,n_right)/2) cells per half",0
nadig_hepg2_vs_jurkat,matched_budget_source_frozen_replication,sensitivity_min40,nadig_jurkat,nadig_hepg2,nadig_jurkat,absolute_effect_rank_agreement,20260908,"1,2",345,40,0.33121840242669365,0.3289180990899899,0.33830468486686893,0.33830468486686893,0.32929726996966635,0.33910515672396363,0.33910515672396363,-0.007086282440175284,-0.007886754297269982,raw cells; independent half A/B within context×perturbation; controls split independently,"floor(min(n_left,n_right)/2) cells per half",0
nadig_hepg2_vs_jurkat,matched_budget_source_frozen_replication,primary_min20,nadig_hepg2,nadig_hepg2,nadig_jurkat,delta_cosine,20260909,"0,1",1255,20,0.33244184347140937,0.3129351811255774,0.3169059011164274,0.3169059011164274,0.3130698895010071,0.32122800663375206,0.32122800663375206,0.015535942354981958,0.01121383683765731,raw cells; independent half A/B within context×perturbation; controls split independently,"floor(min(n_left,n_right)/2) cells per half",0
nadig_hepg2_vs_jurkat,matched_budget_source_frozen_replication,primary_min20,nadig_hepg2,nadig_hepg2,nadig_jurkat,delta_cosine,20260909,"0,2",1255,20,0.33244184347140937,0.3129351811255774,0.3169059011164274,0.3169059011164274,0.31346797816707656,0.3203365167718282,0.3203365167718282,0.015535942354981958,0.012105326699581198,raw cells; independent half A/B within context×perturbation; controls split independently,"floor(min(n_left,n_right)/2) cells per half",0
nadig_hepg2_vs_jurkat,matched_budget_source_frozen_replication,primary_min20,nadig_hepg2,nadig_hepg2,nadig_jurkat,delta_cosine,20260909,"1,2",1255,20,0.33244184347140937,0.3129351811255774,0.3169059011164274,0.3169059011164274,0.3137520095058363,0.321414819192131,0.321414819192131,0.015535942354981958,0.011027024279278375,raw cells; independent half A/B within context×perturbation; controls split independently,"floor(min(n_left,n_right)/2) cells per half",0
nadig_hepg2_vs_jurkat,matched_budget_source_frozen_replication,primary_min20,nadig_hepg2,nadig_hepg2,nadig_jurkat,systema_centroid_accuracy,20260909,"0,1",1255,20,0.31887887048298036,0.3099811281191025,0.3217770068053146,0.3217770068053146,0.30994903956740827,0.32391137205563714,0.32391137205563714,-0.002898136322334266,-0.005032501572656778,raw cells; independent half A/B within context×perturbation; controls split independently,"floor(min(n_left,n_right)/2) cells per half",0
nadig_hepg2_vs_jurkat,matched_budget_source_frozen_replication,primary_min20,nadig_hepg2,nadig_hepg2,nadig_jurkat,systema_centroid_accuracy,20260909,"0,2",1255,20,0.31887887048298036,0.3099811281191025,0.3217770068053146,0.3217770068053146,0.30996333644687596,0.3209071211168087,0.3209071211168087,-0.002898136322334266,-0.0020282506338283324,raw cells; independent half A/B within context×perturbation; controls split independently,"floor(min(n_left,n_right)/2) cells per half",0
nadig_hepg2_vs_jurkat,matched_budget_source_frozen_replication,primary_min20,nadig_hepg2,nadig_hepg2,nadig_jurkat,systema_centroid_accuracy,20260909,"1,2",1255,20,0.31887887048298036,0.3099811281191025,0.3217770068053146,0.3217770068053146,0.3100170291719883,0.32308533013083235,0.32308533013083235,-0.002898136322334266,-0.00420645964785199,raw cells; independent half A/B within context×perturbation; controls split independently,"floor(min(n_left,n_right)/2) cells per half",0
nadig_hepg2_vs_jurkat,matched_budget_source_frozen_replication,primary_min20,nadig_hepg2,nadig_hepg2,nadig_jurkat,absolute_effect_rank_agreement,20260909,"0,1",1255,20,0.3309177961201446,0.3300730093978155,0.30333212604128945,0.3300730093978155,0.3299691187403496,0.30879512254014246,0.3299691187403496,0.0008447867223291272,0.0009486773797949821,raw cells; independent half A/B within context×perturbation; controls split independently,"floor(min(n_left,n_right)/2) cells per half",0
nadig_hepg2_vs_jurkat,matched_budget_source_frozen_replication,primary_min20,nadig_hepg2,nadig_hepg2,nadig_jurkat,absolute_effect_rank_agreement,20260909,"0,2",1255,20,0.3309177961201446,0.3300730093978155,0.30333212604128945,0.3300730093978155,0.330525743914295,0.30787090870965894,0.330525743914295,0.0008447867223291272,0.0003920522058495912,raw cells; independent half A/B within context×perturbation; controls split independently,"floor(min(n_left,n_right)/2) cells per half",0
nadig_hepg2_vs_jurkat,matched_budget_source_frozen_replication,primary_min20,nadig_hepg2,nadig_hepg2,nadig_jurkat,absolute_effect_rank_agreement,20260909,"1,2",1255,20,0.3309177961201446,0.3300730093978155,0.30333212604128945,0.3300730093978155,0.32999389999809375,0.30857717455536704,0.32999389999809375,0.0008447867223291272,0.000923896122050849,raw cells; independent half A/B within context×perturbation; controls split independently,"floor(min(n_left,n_right)/2) cells per half",0
nadig_hepg2_vs_jurkat,matched_budget_source_frozen_replication,primary_min20,nadig_jurkat,nadig_hepg2,nadig_jurkat,delta_cosine,20260909,"0,1",1255,20,0.33255335913125805,0.3305235199552667,0.3178552139130877,0.3305235199552667,0.330673478335462,0.3226777102117845,0.330673478335462,0.002029839175991366,0.0018798807957960406,raw cells; independent half A/B within context×perturbation; controls split independently,"floor(min(n_left,n_right)/2) cells per half",0
nadig_hepg2_vs_jurkat,matched_budget_source_frozen_replication,primary_min20,nadig_jurkat,nadig_hepg2,nadig_jurkat,delta_cosine,20260909,"0,2",1255,20,0.33255335913125805,0.3305235199552667,0.3178552139130877,0.3305235199552667,0.33069508250888,0.323012574899763,0.33069508250888,0.002029839175991366,0.00185827662237803,raw cells; independent half A/B within context×perturbation; controls split independently,"floor(min(n_left,n_right)/2) cells per half",0
nadig_hepg2_vs_jurkat,matched_budget_source_frozen_replication,primary_min20,nadig_jurkat,nadig_hepg2,nadig_jurkat,delta_cosine,20260909,"1,2",1255,20,0.33255335913125805,0.3305235199552667,0.3178552139130877,0.3305235199552667,0.33077800440979305,0.3220813714837619,0.33077800440979305,0.002029839175991366,0.0017753547214650056,raw cells; independent half A/B within context×perturbation; controls split independently,"floor(min(n_left,n_right)/2) cells per half",0
nadig_hepg2_vs_jurkat,matched_budget_source_frozen_replication,primary_min20,nadig_jurkat,nadig_hepg2,nadig_jurkat,systema_centroid_accuracy,20260909,"0,1",1255,20,0.32523272142689214,0.32176493388487515,0.32004041251262894,0.32176493388487515,0.3222303767386594,0.32262369977823957,0.32262369977823957,0.003467787542016987,0.0026090216486525653,raw cells; independent half A/B within context×perturbation; controls split independently,"floor(min(n_left,n_right)/2) cells per half",0
nadig_hepg2_vs_jurkat,matched_budget_source_frozen_replication,primary_min20,nadig_jurkat,nadig_hepg2,nadig_jurkat,systema_centroid_accuracy,20260909,"0,2",1255,20,0.32523272142689214,0.32176493388487515,0.32004041251262894,0.32176493388487515,0.32221862152665254,0.32109107429929407,0.32221862152665254,0.003467787542016987,0.0030140999002395974,raw cells; independent half A/B within context×perturbation; controls split independently,"floor(min(n_left,n_right)/2) cells per half",0
nadig_hepg2_vs_jurkat,matched_budget_source_frozen_replication,primary_min20,nadig_jurkat,nadig_hepg2,nadig_jurkat,systema_centroid_accuracy,20260909,"1,2",1255,20,0.32523272142689214,0.32176493388487515,0.32004041251262894,0.32176493388487515,0.32162450675765836,0.3210183190682247,0.32162450675765836,0.003467787542016987,0.003608214669233778,raw cells; independent half A/B within context×perturbation; controls split independently,"floor(min(n_left,n_right)/2) cells per half",0
nadig_hepg2_vs_jurkat,matched_budget_source_frozen_replication,primary_min20,nadig_jurkat,nadig_hepg2,nadig_jurkat,absolute_effect_rank_agreement,20260909,"0,1",1255,20,0.32773372220845487,0.33429662530102877,0.301436677532295,0.33429662530102877,0.33608754773569194,0.3067147677233649,0.33608754773569194,-0.006562903092573902,-0.008353825527237069,raw cells; independent half A/B within context×perturbation; controls split independently,"floor(min(n_left,n_right)/2) cells per half",0
nadig_hepg2_vs_jurkat,matched_budget_source_frozen_replication,primary_min20,nadig_jurkat,nadig_hepg2,nadig_jurkat,absolute_effect_rank_agreement,20260909,"0,2",1255,20,0.32773372220845487,0.33429662530102877,0.301436677532295,0.33429662530102877,0.33418828672550627,0.30865310687076253,0.33418828672550627,-0.006562903092573902,-0.006454564517051398,raw cells; independent half A/B within context×perturbation; controls split independently,"floor(min(n_left,n_right)/2) cells per half",0
nadig_hepg2_vs_jurkat,matched_budget_source_frozen_replication,primary_min20,nadig_jurkat,nadig_hepg2,nadig_jurkat,absolute_effect_rank_agreement,20260909,"1,2",1255,20,0.32773372220845487,0.33429662530102877,0.301436677532295,0.33429662530102877,0.33455110975555513,0.30690158028174386,0.33455110975555513,-0.006562903092573902,-0.006817387547100262,raw cells; independent half A/B within context×perturbation; controls split independently,"floor(min(n_left,n_right)/2) cells per half",0
nadig_hepg2_vs_jurkat,matched_budget_source_frozen_replication,sensitivity_min40,nadig_hepg2,nadig_hepg2,nadig_jurkat,delta_cosine,20260909,"0,1",345,40,0.3332027300303336,0.2968655207280081,0.33198517020559487,0.33198517020559487,0.2982558139534884,0.33275615099427036,0.33275615099427036,0.0012175598247387565,0.000446579036063266,raw cells; independent half A/B within context×perturbation; controls split independently,"floor(min(n_left,n_right)/2) cells per half",0
nadig_hepg2_vs_jurkat,matched_budget_source_frozen_replication,sensitivity_min40,nadig_hepg2,nadig_hepg2,nadig_jurkat,delta_cosine,20260909,"0,2",345,40,0.3332027300303336,0.2968655207280081,0.33198517020559487,0.33198517020559487,0.297278395685878,0.33293309740478594,0.33293309740478594,0.0012175598247387565,0.00026963262554768885,raw cells; independent half A/B within context×perturbation; controls split independently,"floor(min(n_left,n_right)/2) cells per half",0
nadig_hepg2_vs_jurkat,matched_budget_source_frozen_replication,sensitivity_min40,nadig_hepg2,nadig_hepg2,nadig_jurkat,delta_cosine,20260909,"1,2",345,40,0.3332027300303336,0.2968655207280081,0.33198517020559487,0.33198517020559487,0.29817997977755306,0.3321831816649815,0.3321831816649815,0.0012175598247387565,0.0010195483653521187,raw cells; independent half A/B within context×perturbation; controls split independently,"floor(min(n_left,n_right)/2) cells per half",0
nadig_hepg2_vs_jurkat,matched_budget_source_frozen_replication,sensitivity_min40,nadig_hepg2,nadig_hepg2,nadig_jurkat,systema_centroid_accuracy,20260909,"0,1",345,40,0.33476154364678123,0.31263902932254806,0.33820357263228845,0.33820357263228845,0.312200876306033,0.33804347826086956,0.33804347826086956,-0.0034420289855072173,-0.003281934614088322,raw cells; independent half A/B within context×perturbation; controls split independently,"floor(min(n_left,n_right)/2) cells per half",0
nadig_hepg2_vs_jurkat,matched_budget_source_frozen_replication,sensitivity_min40,nadig_hepg2,nadig_hepg2,nadig_jurkat,systema_centroid_accuracy,20260909,"0,2",345,40,0.33476154364678123,0.31263902932254806,0.33820357263228845,0.33820357263228845,0.31227249747219415,0.33680485338725985,0.33680485338725985,-0.0034420289855072173,-0.002043309740478616,raw cells; independent half A/B within context×perturbation; controls split independently,"floor(min(n_left,n_right)/2) cells per half",0
nadig_hepg2_vs_jurkat,matched_budget_source_frozen_replication,sensitivity_min40,nadig_hepg2,nadig_hepg2,nadig_jurkat,systema_centroid_accuracy,20260909,"1,2",345,40,0.33476154364678123,0.31263902932254806,0.33820357263228845,0.33820357263228845,0.31316565554432085,0.3381108864172565,0.3381108864172565,-0.0034420289855072173,-0.003349342770475272,raw cells; independent half A/B within context×perturbation; controls split independently,"floor(min(n_left,n_right)/2) cells per half",0
nadig_hepg2_vs_jurkat,matched_budget_source_frozen_replication,sensitivity_min40,nadig_hepg2,nadig_hepg2,nadig_jurkat,absolute_effect_rank_agreement,20260909,"0,1",345,40,0.3431075160094371,0.33276036400404446,0.34223120997640716,0.34223120997640716,0.3319683181664982,0.34231968318166495,0.34231968318166495,0.000876306033029961,0.0007878328277721725,raw cells; independent half A/B within context×perturbation; controls split independently,"floor(min(n_left,n_right)/2) cells per half",0
nadig_hepg2_vs_jurkat,matched_budget_source_frozen_replication,sensitivity_min40,nadig_hepg2,nadig_hepg2,nadig_jurkat,absolute_effect_rank_agreement,20260909,"0,2",345,40,0.3431075160094371,0.33276036400404446,0.34223120997640716,0.34223120997640716,0.332381193124368,0.34184361307718236,0.34184361307718236,0.000876306033029961,0.0012639029322547568,raw cells; independent half A/B within context×perturbation; controls split independently,"floor(min(n_left,n_right)/2) cells per half",0
nadig_hepg2_vs_jurkat,matched_budget_source_frozen_replication,sensitivity_min40,nadig_hepg2,nadig_hepg2,nadig_jurkat,absolute_effect_rank_agreement,20260909,"1,2",345,40,0.3431075160094371,0.33276036400404446,0.34223120997640716,0.34223120997640716,0.3318082237950792,0.3411990225817324,0.3411990225817324,0.000876306033029961,0.001908493427704716,raw cells; independent half A/B within context×perturbation; controls split independently,"floor(min(n_left,n_right)/2) cells per half",0
nadig_hepg2_vs_jurkat,matched_budget_source_frozen_replication,sensitivity_min40,nadig_jurkat,nadig_hepg2,nadig_jurkat,delta_cosine,20260909,"0,1",345,40,0.3361181327940681,0.3187394674755646,0.3342517694641052,0.3342517694641052,0.3185372430064038,0.3342896865520728,0.3342896865520728,0.0018663633299629279,0.0018284462419952963,raw cells; independent half A/B within context×perturbation; controls split independently,"floor(min(n_left,n_right)/2) cells per half",0
nadig_hepg2_vs_jurkat,matched_budget_source_frozen_replication,sensitivity_min40,nadig_jurkat,nadig_hepg2,nadig_jurkat,delta_cosine,20260909,"0,2",345,40,0.3361181327940681,0.3187394674755646,0.3342517694641052,0.3342517694641052,0.31985170205594876,0.334340242669363,0.334340242669363,0.0018663633299629279,0.0017778901247050838,raw cells; independent half A/B within context×perturbation; controls split independently,"floor(min(n_left,n_right)/2) cells per half",0
nadig_hepg2_vs_jurkat,matched_budget_source_frozen_replication,sensitivity_min40,nadig_jurkat,nadig_hepg2,nadig_jurkat,delta_cosine,20260909,"1,2",345,40,0.3361181327940681,0.3187394674755646,0.3342517694641052,0.3342517694641052,0.31954836535220765,0.33457617121671723,0.33457617121671723,0.0018663633299629279,0.00154196157735087,raw cells; independent half A/B within context×perturbation; controls split independently,"floor(min(n_left,n_right)/2) cells per half",0
nadig_hepg2_vs_jurkat,matched_budget_source_frozen_replication,sensitivity_min40,nadig_jurkat,nadig_hepg2,nadig_jurkat,systema_centroid_accuracy,20260909,"0,1",345,40,0.3366489720256151,0.32282608695652176,0.33316481294236605,0.33316481294236605,0.32342012133468145,0.3350901584091675,0.3350901584091675,0.003484159083249061,0.0015588136164476074,raw cells; independent half A/B within context×perturbation; controls split independently,"floor(min(n_left,n_right)/2) cells per half",0
nadig_hepg2_vs_jurkat,matched_budget_source_frozen_replication,sensitivity_min40,nadig_jurkat,nadig_hepg2,nadig_jurkat,systema_centroid_accuracy,20260909,"0,2",345,40,0.3366489720256151,0.32282608695652176,0.33316481294236605,0.33316481294236605,0.32417425008426015,0.3327898550724638,0.3327898550724638,0.003484159083249061,0.0038591169531513314,raw cells; independent half A/B within context×perturbation; controls split independently,"floor(min(n_left,n_right)/2) cells per half",0
nadig_hepg2_vs_jurkat,matched_budget_source_frozen_replication,sensitivity_min40,nadig_jurkat,nadig_hepg2,nadig_jurkat,systema_centroid_accuracy,20260909,"1,2",345,40,0.3366489720256151,0.32282608695652176,0.33316481294236605,0.33316481294236605,0.32249325918436134,0.3327055948769801,0.3327055948769801,0.003484159083249061,0.003943377148635019,raw cells; independent half A/B within context×perturbation; controls split independently,"floor(min(n_left,n_right)/2) cells per half",0
nadig_hepg2_vs_jurkat,matched_budget_source_frozen_replication,sensitivity_min40,nadig_jurkat,nadig_hepg2,nadig_jurkat,absolute_effect_rank_agreement,20260909,"0,1",345,40,0.33756319514661276,0.3395854398382204,0.3464526457701382,0.3464526457701382,0.34170037074486015,0.3470129760701045,0.3470129760701045,-0.008889450623525419,-0.009449780923491746,raw cells; independent half A/B within context×perturbation; controls split independently,"floor(min(n_left,n_right)/2) cells per half",0
nadig_hepg2_vs_jurkat,matched_budget_source_frozen_replication,sensitivity_min40,nadig_jurkat,nadig_hepg2,nadig_jurkat,absolute_effect_rank_agreement,20260909,"0,2",345,40,0.33756319514661276,0.3395854398382204,0.3464526457701382,0.3464526457701382,0.3388776541961578,0.34758594539939336,0.34758594539939336,-0.008889450623525419,-0.010022750252780599,raw cells; independent half A/B within context×perturbation; controls split independently,"floor(min(n_left,n_right)/2) cells per half",0
nadig_hepg2_vs_jurkat,matched_budget_source_frozen_replication,sensitivity_min40,nadig_jurkat,nadig_hepg2,nadig_jurkat,absolute_effect_rank_agreement,20260909,"1,2",345,40,0.33756319514661276,0.3395854398382204,0.3464526457701382,0.3464526457701382,0.3403522076171217,0.3467644084934277,0.3467644084934277,-0.008889450623525419,-0.009201213346814952,raw cells; independent half A/B within context×perturbation; controls split independently,"floor(min(n_left,n_right)/2) cells per half",0
nadig_hepg2_vs_jurkat,matched_budget_source_frozen_replication,primary_min20,nadig_hepg2,nadig_hepg2,nadig_jurkat,delta_cosine,20260910,"0,1",1255,20,0.3280936858626102,0.2970713636681345,0.29460403998042917,0.2970713636681345,0.2968613583941745,0.29961684363026364,0.29961684363026364,0.03102232219447565,0.028476842232346533,raw cells; independent half A/B within context×perturbation; controls split independently,"floor(min(n_left,n_right)/2) cells per half",0
nadig_hepg2_vs_jurkat,matched_budget_source_frozen_replication,primary_min20,nadig_hepg2,nadig_hepg2,nadig_jurkat,delta_cosine,20260910,"0,2",1255,20,0.3280936858626102,0.2970713636681345,0.29460403998042917,0.2970713636681345,0.2971117126390769,0.2977798534728709,0.2977798534728709,0.03102232219447565,0.03031383238973928,raw cells; independent half A/B within context×perturbation; controls split independently,"floor(min(n_left,n_right)/2) cells per half",0
nadig_hepg2_vs_jurkat,matched_budget_source_frozen_replication,primary_min20,nadig_hepg2,nadig_hepg2,nadig_jurkat,delta_cosine,20260910,"1,2",1255,20,0.3280936858626102,0.2970713636681345,0.29460403998042917,0.2970713636681345,0.29744467107645967,0.2991641091137841,0.2991641091137841,0.03102232219447565,0.02892957674882607,raw cells; independent half A/B within context×perturbation; controls split independently,"floor(min(n_left,n_right)/2) cells per half",0
nadig_hepg2_vs_jurkat,matched_budget_source_frozen_replication,primary_min20,nadig_hepg2,nadig_hepg2,nadig_jurkat,systema_centroid_accuracy,20260910,"0,1",1255,20,0.3146536660376039,0.30100840656512706,0.28126092122737123,0.30100840656512706,0.3012660681039796,0.2853085266589146,0.3012660681039796,0.013645259472476856,0.013387597933624318,raw cells; independent half A/B within context×perturbation; controls split independently,"floor(min(n_left,n_right)/2) cells per half",0
nadig_hepg2_vs_jurkat,matched_budget_source_frozen_replication,primary_min20,nadig_hepg2,nadig_hepg2,nadig_jurkat,systema_centroid_accuracy,20260910,"0,2",1255,20,0.3146536660376039,0.30100840656512706,0.28126092122737123,0.30100840656512706,0.30126162018592295,0.2829832186405892,0.30126162018592295,0.013645259472476856,0.013392045851680967,raw cells; independent half A/B within context×perturbation; controls split independently,"floor(min(n_left,n_right)/2) cells per half",0
nadig_hepg2_vs_jurkat,matched_budget_source_frozen_replication,primary_min20,nadig_hepg2,nadig_hepg2,nadig_jurkat,systema_centroid_accuracy,20260910,"1,2",1255,20,0.3146536660376039,0.30100840656512706,0.28126092122737123,0.30100840656512706,0.30105701595531753,0.2842890002986459,0.30105701595531753,0.013645259472476856,0.013596650082286388,raw cells; independent half A/B within context×perturbation; controls split independently,"floor(min(n_left,n_right)/2) cells per half",0
nadig_hepg2_vs_jurkat,matched_budget_source_frozen_replication,primary_min20,nadig_hepg2,nadig_hepg2,nadig_jurkat,absolute_effect_rank_agreement,20260910,"0,1",1255,20,0.3369822146819421,0.3213112462430978,0.30630778322118224,0.3213112462430978,0.3215940067481271,0.310517737661793,0.3215940067481271,0.0156709684388443,0.015388207933815012,raw cells; independent half A/B within context×perturbation; controls split independently,"floor(min(n_left,n_right)/2) cells per half",0
nadig_hepg2_vs_jurkat,matched_budget_source_frozen_replication,primary_min20,nadig_hepg2,nadig_hepg2,nadig_jurkat,absolute_effect_rank_agreement,20260910,"0,2",1255,20,0.3369822146819421,0.3213112462430978,0.30630778322118224,0.3213112462430978,0.32210424649091035,0.3111185243078722,0.32210424649091035,0.0156709684388443,0.014877968191031765,raw cells; independent half A/B within context×perturbation; controls split independently,"floor(min(n_left,n_right)/2) cells per half",0
nadig_hepg2_vs_jurkat,matched_budget_source_frozen_replication,primary_min20,nadig_hepg2,nadig_hepg2,nadig_jurkat,absolute_effect_rank_agreement,20260910,"1,2",1255,20,0.3369822146819421,0.3213112462430978,0.30630778322118224,0.3213112462430978,0.32214809025461155,0.3115169306823742,0.32214809025461155,0.0156709684388443,0.014834124427330564,raw cells; independent half A/B within context×perturbation; controls split independently,"floor(min(n_left,n_right)/2) cells per half",0
nadig_hepg2_vs_jurkat,matched_budget_source_frozen_replication,primary_min20,nadig_jurkat,nadig_hepg2,nadig_jurkat,delta_cosine,20260910,"0,1",1255,20,0.3241617263005395,0.3180388493871404,0.29516765473989204,0.3180388493871404,0.31894495383696475,0.3010312815722755,0.31894495383696475,0.006122876913399133,0.00521677246357477,raw cells; independent half A/B within context×perturbation; controls split independently,"floor(min(n_left,n_right)/2) cells per half",0
nadig_hepg2_vs_jurkat,matched_budget_source_frozen_replication,primary_min20,nadig_jurkat,nadig_hepg2,nadig_jurkat,delta_cosine,20260910,"0,2",1255,20,0.3241617263005395,0.3180388493871404,0.29516765473989204,0.3180388493871404,0.31898625593320495,0.30115391702726574,0.31898625593320495,0.006122876913399133,0.005175470367334567,raw cells; independent half A/B within context×perturbation; controls split independently,"floor(min(n_left,n_right)/2) cells per half",0
nadig_hepg2_vs_jurkat,matched_budget_source_frozen_replication,primary_min20,nadig_jurkat,nadig_hepg2,nadig_jurkat,delta_cosine,20260910,"1,2",1255,20,0.3241617263005395,0.3180388493871404,0.29516765473989204,0.3180388493871404,0.31883756838674016,0.29962446863264647,0.31883756838674016,0.006122876913399133,0.0053241579137993655,raw cells; independent half A/B within context×perturbation; controls split independently,"floor(min(n_left,n_right)/2) cells per half",0
nadig_hepg2_vs_jurkat,matched_budget_source_frozen_replication,primary_min20,nadig_jurkat,nadig_hepg2,nadig_jurkat,systema_centroid_accuracy,20260910,"0,1",1255,20,0.3158260101539615,0.3114006493960363,0.28248092160862137,0.3114006493960363,0.31129866498916614,0.28572821949840194,0.31129866498916614,0.004425360757925212,0.00452734516479536,raw cells; independent half A/B within context×perturbation; controls split independently,"floor(min(n_left,n_right)/2) cells per half",0
nadig_hepg2_vs_jurkat,matched_budget_source_frozen_replication,primary_min20,nadig_jurkat,nadig_hepg2,nadig_jurkat,systema_centroid_accuracy,20260910,"0,2",1255,20,0.3158260101539615,0.3114006493960363,0.28248092160862137,0.3114006493960363,0.3110248003202501,0.2863833342864587,0.3110248003202501,0.004425360757925212,0.004801209833711406,raw cells; independent half A/B within context×perturbation; controls split independently,"floor(min(n_left,n_right)/2) cells per half",0
nadig_hepg2_vs_jurkat,matched_budget_source_frozen_replication,primary_min20,nadig_jurkat,nadig_hepg2,nadig_jurkat,systema_centroid_accuracy,20260910,"1,2",1255,20,0.3158260101539615,0.3114006493960363,0.28248092160862137,0.3114006493960363,0.3116735609396545,0.28492282862171725,0.3116735609396545,0.004425360757925212,0.004152449214307019,raw cells; independent half A/B within context×perturbation; controls split independently,"floor(min(n_left,n_right)/2) cells per half",0
nadig_hepg2_vs_jurkat,matched_budget_source_frozen_replication,primary_min20,nadig_jurkat,nadig_hepg2,nadig_jurkat,absolute_effect_rank_agreement,20260910,"0,1",1255,20,0.3359328237290074,0.3272104564199343,0.304317657599268,0.3272104564199343,0.3279558004028543,0.309451190453497,0.3279558004028543,0.008722367309073109,0.007977023326153077,raw cells; independent half A/B within context×perturbation; controls split independently,"floor(min(n_left,n_right)/2) cells per half",0
nadig_hepg2_vs_jurkat,matched_budget_source_frozen_replication,primary_min20,nadig_jurkat,nadig_hepg2,nadig_jurkat,absolute_effect_rank_agreement,20260910,"0,2",1255,20,0.3359328237290074,0.3272104564199343,0.304317657599268,0.3272104564199343,0.32729369602928005,0.31099779510347764,0.32729369602928005,0.008722367309073109,0.008639127699727356,raw cells; independent half A/B within context×perturbation; controls split independently,"floor(min(n_left,n_right)/2) cells per half",0
nadig_hepg2_vs_jurkat,matched_budget_source_frozen_replication,primary_min20,nadig_jurkat,nadig_hepg2,nadig_jurkat,absolute_effect_rank_agreement,20260910,"1,2",1255,20,0.3359328237290074,0.3272104564199343,0.304317657599268,0.3272104564199343,0.32773403991688743,0.31003895105383883,0.32773403991688743,0.008722367309073109,0.00819878381211997,raw cells; independent half A/B within context×perturbation; controls split independently,"floor(min(n_left,n_right)/2) cells per half",0
nadig_hepg2_vs_jurkat,matched_budget_source_frozen_replication,sensitivity_min40,nadig_hepg2,nadig_hepg2,nadig_jurkat,delta_cosine,20260910,"0,1",345,40,0.31724384900572966,0.2803168183350186,0.2852797438490057,0.2852797438490057,0.28113414223121,0.28653100775193796,0.28653100775193796,0.03196410515672399,0.0307128412537917,raw cells; independent half A/B within context×perturbation; controls split independently,"floor(min(n_left,n_right)/2) cells per half",0
nadig_hepg2_vs_jurkat,matched_budget_source_frozen_replication,sensitivity_min40,nadig_hepg2,nadig_hepg2,nadig_jurkat,delta_cosine,20260910,"0,2",345,40,0.31724384900572966,0.2803168183350186,0.2852797438490057,0.2852797438490057,0.28021570610043817,0.287015503875969,0.287015503875969,0.03196410515672399,0.030228345129760636,raw cells; independent half A/B within context×perturbation; controls split independently,"floor(min(n_left,n_right)/2) cells per half",0
nadig_hepg2_vs_jurkat,matched_budget_source_frozen_replication,sensitivity_min40,nadig_hepg2,nadig_hepg2,nadig_jurkat,delta_cosine,20260910,"1,2",345,40,0.31724384900572966,0.2803168183350186,0.2852797438490057,0.2852797438490057,0.2803926525109538,0.2882204246713852,0.2882204246713852,0.03196410515672399,0.02902342433434446,raw cells; independent half A/B within context×perturbation; controls split independently,"floor(min(n_left,n_right)/2) cells per half",0
nadig_hepg2_vs_jurkat,matched_budget_source_frozen_replication,sensitivity_min40,nadig_hepg2,nadig_hepg2,nadig_jurkat,systema_centroid_accuracy,20260910,"0,1",345,40,0.3214357937310415,0.29677283451297604,0.3004971351533536,0.3004971351533536,0.2977839568587799,0.30184529828109197,0.30184529828109197,0.020938658577687896,0.019590495449949508,raw cells; independent half A/B within context×perturbation; controls split independently,"floor(min(n_left,n_right)/2) cells per half",0
nadig_hepg2_vs_jurkat,matched_budget_source_frozen_replication,sensitivity_min40,nadig_hepg2,nadig_hepg2,nadig_jurkat,systema_centroid_accuracy,20260910,"0,2",345,40,0.3214357937310415,0.29677283451297604,0.3004971351533536,0.3004971351533536,0.2963473205257836,0.2987276710481968,0.2987276710481968,0.020938658577687896,0.022708122682844667,raw cells; independent half A/B within context×perturbation; controls split independently,"floor(min(n_left,n_right)/2) cells per half",0
nadig_hepg2_vs_jurkat,matched_budget_source_frozen_replication,sensitivity_min40,nadig_hepg2,nadig_hepg2,nadig_jurkat,systema_centroid_accuracy,20260910,"1,2",345,40,0.3214357937310415,0.29677283451297604,0.3004971351533536,0.3004971351533536,0.2964231547017189,0.29981884057971014,0.29981884057971014,0.020938658577687896,0.02161695315133133,raw cells; independent half A/B within context×perturbation; controls split independently,"floor(min(n_left,n_right)/2) cells per half",0
nadig_hepg2_vs_jurkat,matched_budget_source_frozen_replication,sensitivity_min40,nadig_hepg2,nadig_hepg2,nadig_jurkat,absolute_effect_rank_agreement,20260910,"0,1",345,40,0.3457406471183013,0.30694304010785306,0.3342349174250085,0.3342349174250085,0.30723795079204586,0.3346098752949107,0.3346098752949107,0.011505729693292832,0.011130771823390617,raw cells; independent half A/B within context×perturbation; controls split independently,"floor(min(n_left,n_right)/2) cells per half",0
nadig_hepg2_vs_jurkat,matched_budget_source_frozen_replication,sensitivity_min40,nadig_hepg2,nadig_hepg2,nadig_jurkat,absolute_effect_rank_agreement,20260910,"0,2",345,40,0.3457406471183013,0.30694304010785306,0.3342349174250085,0.3342349174250085,0.30775193798449607,0.3344961240310077,0.3344961240310077,0.011505729693292832,0.011244523087293623,raw cells; independent half A/B within context×perturbation; controls split independently,"floor(min(n_left,n_right)/2) cells per half",0
nadig_hepg2_vs_jurkat,matched_budget_source_frozen_replication,sensitivity_min40,nadig_hepg2,nadig_hepg2,nadig_jurkat,absolute_effect_rank_agreement,20260910,"1,2",345,40,0.3457406471183013,0.30694304010785306,0.3342349174250085,0.3342349174250085,0.3074148972025615,0.3350185372430064,0.3350185372430064,0.011505729693292832,0.010722109875294927,raw cells; independent half A/B within context×perturbation; controls split independently,"floor(min(n_left,n_right)/2) cells per half",0
nadig_hepg2_vs_jurkat,matched_budget_source_frozen_replication,sensitivity_min40,nadig_jurkat,nadig_hepg2,nadig_jurkat,delta_cosine,20260910,"0,1",345,40,0.3190680822379508,0.30198854061341424,0.2912874957869902,0.30198854061341424,0.3037158746208291,0.2945273003033366,0.3037158746208291,0.017079541624536565,0.015352207617121694,raw cells; independent half A/B within context×perturbation; controls split independently,"floor(min(n_left,n_right)/2) cells per half",0
nadig_hepg2_vs_jurkat,matched_budget_source_frozen_replication,sensitivity_min40,nadig_jurkat,nadig_hepg2,nadig_jurkat,delta_cosine,20260910,"0,2",345,40,0.3190680822379508,0.30198854061341424,0.2912874957869902,0.30198854061341424,0.304036063363667,0.2921764408493428,0.304036063363667,0.017079541624536565,0.015032018874283792,raw cells; independent half A/B within context×perturbation; controls split independently,"floor(min(n_left,n_right)/2) cells per half",0
nadig_hepg2_vs_jurkat,matched_budget_source_frozen_replication,sensitivity_min40,nadig_jurkat,nadig_hepg2,nadig_jurkat,delta_cosine,20260910,"1,2",345,40,0.3190680822379508,0.30198854061341424,0.2912874957869902,0.30198854061341424,0.3032271654870239,0.29269464105156723,0.3032271654870239,0.017079541624536565,0.015840916750926914,raw cells; independent half A/B within context×perturbation; controls split independently,"floor(min(n_left,n_right)/2) cells per half",0
nadig_hepg2_vs_jurkat,matched_budget_source_frozen_replication,sensitivity_min40,nadig_jurkat,nadig_hepg2,nadig_jurkat,systema_centroid_accuracy,20260910,"0,1",345,40,0.31898803505224127,0.30163464779238286,0.2995786990225817,0.30163464779238286,0.3032692955847658,0.3011375126390293,0.3032692955847658,0.01735338725985841,0.015718739467475484,raw cells; independent half A/B within context×perturbation; controls split independently,"floor(min(n_left,n_right)/2) cells per half",0
nadig_hepg2_vs_jurkat,matched_budget_source_frozen_replication,sensitivity_min40,nadig_jurkat,nadig_hepg2,nadig_jurkat,systema_centroid_accuracy,20260910,"0,2",345,40,0.31898803505224127,0.30163464779238286,0.2995786990225817,0.30163464779238286,0.3028227165487024,0.29933855746545335,0.3028227165487024,0.01735338725985841,0.01616531850353886,raw cells; independent half A/B within context×perturbation; controls split independently,"floor(min(n_left,n_right)/2) cells per half",0
nadig_hepg2_vs_jurkat,matched_budget_source_frozen_replication,sensitivity_min40,nadig_jurkat,nadig_hepg2,nadig_jurkat,systema_centroid_accuracy,20260910,"1,2",345,40,0.31898803505224127,0.30163464779238286,0.2995786990225817,0.30163464779238286,0.30260364004044493,0.29931327940680824,0.30260364004044493,0.01735338725985841,0.016384395011796338,raw cells; independent half A/B within context×perturbation; controls split independently,"floor(min(n_left,n_right)/2) cells per half",0
nadig_hepg2_vs_jurkat,matched_budget_source_frozen_replication,sensitivity_min40,nadig_jurkat,nadig_hepg2,nadig_jurkat,absolute_effect_rank_agreement,20260910,"0,1",345,40,0.3472994607347489,0.31981799797775534,0.3314037748567577,0.3314037748567577,0.32098078867542973,0.3313574317492417,0.3313574317492417,0.015895685877991172,0.015942028985507173,raw cells; independent half A/B within context×perturbation; controls split independently,"floor(min(n_left,n_right)/2) cells per half",0
nadig_hepg2_vs_jurkat,matched_budget_source_frozen_replication,sensitivity_min40,nadig_jurkat,nadig_hepg2,nadig_jurkat,absolute_effect_rank_agreement,20260910,"0,2",345,40,0.3472994607347489,0.31981799797775534,0.3314037748567577,0.3314037748567577,0.31973373778227165,0.3327435119649478,0.3327435119649478,0.015895685877991172,0.014555948769801097,raw cells; independent half A/B within context×perturbation; controls split independently,"floor(min(n_left,n_right)/2) cells per half",0
nadig_hepg2_vs_jurkat,matched_budget_source_frozen_replication,sensitivity_min40,nadig_jurkat,nadig_hepg2,nadig_jurkat,absolute_effect_rank_agreement,20260910,"1,2",345,40,0.3472994607347489,0.31981799797775534,0.3314037748567577,0.3314037748567577,0.3214105156723963,0.33355240984159085,0.33355240984159085,0.015895685877991172,0.01374705089315803,raw cells; independent half A/B within context×perturbation; controls split independently,"floor(min(n_left,n_right)/2) cells per half",0
nadig_hepg2_vs_jurkat,matched_budget_source_frozen_replication,primary_min20,nadig_hepg2,nadig_hepg2,nadig_jurkat,delta_cosine,20260911,"0,1",1255,20,0.3323684528234748,0.31050026369799905,0.32003723542830276,0.32003723542830276,0.31127102435552845,0.3250382838661303,0.3250382838661303,0.012331217395172067,0.007330168957344507,raw cells; independent half A/B within context×perturbation; controls split independently,"floor(min(n_left,n_right)/2) cells per half",0
nadig_hepg2_vs_jurkat,matched_budget_source_frozen_replication,primary_min20,nadig_hepg2,nadig_hepg2,nadig_jurkat,delta_cosine,20260911,"0,2",1255,20,0.3323684528234748,0.31050026369799905,0.32003723542830276,0.32003723542830276,0.31093997216874125,0.3236918355286986,0.3236918355286986,0.012331217395172067,0.008676617294776201,raw cells; independent half A/B within context×perturbation; controls split independently,"floor(min(n_left,n_right)/2) cells per half",0
nadig_hepg2_vs_jurkat,matched_budget_source_frozen_replication,primary_min20,nadig_hepg2,nadig_hepg2,nadig_jurkat,delta_cosine,20260911,"1,2",1255,20,0.3323684528234748,0.31050026369799905,0.32003723542830276,0.32003723542830276,0.31172852449849725,0.3238437001594896,0.3238437001594896,0.012331217395172067,0.008524752663985224,raw cells; independent half A/B within context×perturbation; controls split independently,"floor(min(n_left,n_right)/2) cells per half",0
nadig_hepg2_vs_jurkat,matched_budget_source_frozen_replication,primary_min20,nadig_hepg2,nadig_hepg2,nadig_jurkat,systema_centroid_accuracy,20260911,"0,1",1255,20,0.31780628681446466,0.3094575446221494,0.3100764406488877,0.3100764406488877,0.3097568259656748,0.314366457614518,0.314366457614518,0.007729846165576981,0.0034398291999466757,raw cells; independent half A/B within context×perturbation; controls split independently,"floor(min(n_left,n_right)/2) cells per half",0
nadig_hepg2_vs_jurkat,matched_budget_source_frozen_replication,primary_min20,nadig_hepg2,nadig_hepg2,nadig_jurkat,systema_centroid_accuracy,20260911,"0,2",1255,20,0.31780628681446466,0.3094575446221494,0.3100764406488877,0.3100764406488877,0.30935810188274016,0.31291580091118776,0.31291580091118776,0.007729846165576981,0.004890485903276898,raw cells; independent half A/B within context×perturbation; controls split independently,"floor(min(n_left,n_right)/2) cells per half",0
nadig_hepg2_vs_jurkat,matched_budget_source_frozen_replication,primary_min20,nadig_hepg2,nadig_hepg2,nadig_jurkat,systema_centroid_accuracy,20260911,"1,2",1255,20,0.31780628681446466,0.3094575446221494,0.3100764406488877,0.3100764406488877,0.3092348310108847,0.3129987228121009,0.3129987228121009,0.007729846165576981,0.004807564002363762,raw cells; independent half A/B within context×perturbation; controls split independently,"floor(min(n_left,n_right)/2) cells per half",0
nadig_hepg2_vs_jurkat,matched_budget_source_frozen_replication,primary_min20,nadig_hepg2,nadig_hepg2,nadig_jurkat,absolute_effect_rank_agreement,20260911,"0,1",1255,20,0.3315576609034357,0.3247399556479028,0.3268876646523952,0.3268876646523952,0.3251383620224048,0.3313965827280988,0.3313965827280988,0.004669996251040476,0.00016107817533689284,raw cells; independent half A/B within context×perturbation; controls split independently,"floor(min(n_left,n_right)/2) cells per half",0
nadig_hepg2_vs_jurkat,matched_budget_source_frozen_replication,primary_min20,nadig_hepg2,nadig_hepg2,nadig_jurkat,absolute_effect_rank_agreement,20260911,"0,2",1255,20,0.3315576609034357,0.3247399556479028,0.3268876646523952,0.3268876646523952,0.324905799449729,0.33106203574855286,0.33106203574855286,0.004669996251040476,0.0004956251548828283,raw cells; independent half A/B within context×perturbation; controls split independently,"floor(min(n_left,n_right)/2) cells per half",0
nadig_hepg2_vs_jurkat,matched_budget_source_frozen_replication,primary_min20,nadig_hepg2,nadig_hepg2,nadig_jurkat,absolute_effect_rank_agreement,20260911,"1,2",1255,20,0.3315576609034357,0.3247399556479028,0.3268876646523952,0.3268876646523952,0.325426205862356,0.33143311919784973,0.33143311919784973,0.004669996251040476,0.00012454170558595656,raw cells; independent half A/B within context×perturbation; controls split independently,"floor(min(n_left,n_right)/2) cells per half",0
nadig_hepg2_vs_jurkat,matched_budget_source_frozen_replication,primary_min20,nadig_jurkat,nadig_hepg2,nadig_jurkat,delta_cosine,20260911,"0,1",1255,20,0.32986681662504685,0.33042820742548146,0.32029394384185744,0.33042820742548146,0.3311741868252667,0.32541762773467536,0.3311741868252667,-0.0005613908004346024,-0.0013073702002198706,raw cells; independent half A/B within context×perturbation; controls split independently,"floor(min(n_left,n_right)/2) cells per half",0
nadig_hepg2_vs_jurkat,matched_budget_source_frozen_replication,primary_min20,nadig_jurkat,nadig_hepg2,nadig_jurkat,delta_cosine,20260911,"0,2",1255,20,0.32986681662504685,0.33042820742548146,0.32029394384185744,0.33042820742548146,0.330988009683753,0.32536107563366945,0.330988009683753,-0.0005613908004346024,-0.0011211930587061714,raw cells; independent half A/B within context×perturbation; controls split independently,"floor(min(n_left,n_right)/2) cells per half",0
nadig_hepg2_vs_jurkat,matched_budget_source_frozen_replication,primary_min20,nadig_jurkat,nadig_hepg2,nadig_jurkat,delta_cosine,20260911,"1,2",1255,20,0.32986681662504685,0.33042820742548146,0.32029394384185744,0.33042820742548146,0.33113224931216123,0.3241963565196948,0.33113224931216123,-0.0005613908004346024,-0.0012654326871143762,raw cells; independent half A/B within context×perturbation; controls split independently,"floor(min(n_left,n_right)/2) cells per half",0
nadig_hepg2_vs_jurkat,matched_budget_source_frozen_replication,primary_min20,nadig_jurkat,nadig_hepg2,nadig_jurkat,systema_centroid_accuracy,20260911,"0,1",1255,20,0.32447085660547603,0.3200251625078633,0.30639483533171935,0.3200251625078633,0.3198898187155683,0.30883134130146084,0.3198898187155683,0.004445694097612751,0.004581037889907713,raw cells; independent half A/B within context×perturbation; controls split independently,"floor(min(n_left,n_right)/2) cells per half",0
nadig_hepg2_vs_jurkat,matched_budget_source_frozen_replication,primary_min20,nadig_jurkat,nadig_hepg2,nadig_jurkat,systema_centroid_accuracy,20260911,"0,2",1255,20,0.32447085660547603,0.3200251625078633,0.30639483533171935,0.3200251625078633,0.3203435063573457,0.3100024145840879,0.3203435063573457,0.004445694097612751,0.004127350248130324,raw cells; independent half A/B within context×perturbation; controls split independently,"floor(min(n_left,n_right)/2) cells per half",0
nadig_hepg2_vs_jurkat,matched_budget_source_frozen_replication,primary_min20,nadig_jurkat,nadig_hepg2,nadig_jurkat,systema_centroid_accuracy,20260911,"1,2",1255,20,0.32447085660547603,0.3200251625078633,0.30639483533171935,0.3200251625078633,0.3196744123982539,0.30806979418847735,0.3196744123982539,0.004445694097612751,0.004796444207222139,raw cells; independent half A/B within context×perturbation; controls split independently,"floor(min(n_left,n_right)/2) cells per half",0
nadig_hepg2_vs_jurkat,matched_budget_source_frozen_replication,primary_min20,nadig_jurkat,nadig_hepg2,nadig_jurkat,absolute_effect_rank_agreement,20260911,"0,1",1255,20,0.329360389383455,0.32966189468600876,0.32459444518576414,0.32966189468600876,0.33059659289476856,0.3297009728232207,0.33059659289476856,-0.00030150530255373953,-0.0012362035113135383,raw cells; independent half A/B within context×perturbation; controls split independently,"floor(min(n_left,n_right)/2) cells per half",0
nadig_hepg2_vs_jurkat,matched_budget_source_frozen_replication,primary_min20,nadig_jurkat,nadig_hepg2,nadig_jurkat,absolute_effect_rank_agreement,20260911,"0,2",1255,20,0.329360389383455,0.32966189468600876,0.32459444518576414,0.32966189468600876,0.32965299884989546,0.33012543128919725,0.33012543128919725,-0.00030150530255373953,-0.0007650419057422253,raw cells; independent half A/B within context×perturbation; controls split independently,"floor(min(n_left,n_right)/2) cells per half",0
nadig_hepg2_vs_jurkat,matched_budget_source_frozen_replication,primary_min20,nadig_jurkat,nadig_hepg2,nadig_jurkat,absolute_effect_rank_agreement,20260911,"1,2",1255,20,0.329360389383455,0.32966189468600876,0.32459444518576414,0.32966189468600876,0.33037864490999325,0.32963361863550583,0.33037864490999325,-0.00030150530255373953,-0.0010182555265382254,raw cells; independent half A/B within context×perturbation; controls split independently,"floor(min(n_left,n_right)/2) cells per half",0
nadig_hepg2_vs_jurkat,matched_budget_source_frozen_replication,sensitivity_min40,nadig_hepg2,nadig_hepg2,nadig_jurkat,delta_cosine,20260911,"0,1",345,40,0.32125463431075163,0.28533029996629594,0.3178378833838894,0.3178378833838894,0.28677957532861476,0.31982642399730365,0.31982642399730365,0.003416750926862222,0.0014282103134479751,raw cells; independent half A/B within context×perturbation; controls split independently,"floor(min(n_left,n_right)/2) cells per half",0
nadig_hepg2_vs_jurkat,matched_budget_source_frozen_replication,sensitivity_min40,nadig_hepg2,nadig_hepg2,nadig_jurkat,delta_cosine,20260911,"0,2",345,40,0.32125463431075163,0.28533029996629594,0.3178378833838894,0.3178378833838894,0.2859369733737782,0.3188490057296933,0.3188490057296933,0.003416750926862222,0.0024056285810583056,raw cells; independent half A/B within context×perturbation; controls split independently,"floor(min(n_left,n_right)/2) cells per half",0
nadig_hepg2_vs_jurkat,matched_budget_source_frozen_replication,sensitivity_min40,nadig_hepg2,nadig_hepg2,nadig_jurkat,delta_cosine,20260911,"1,2",345,40,0.32125463431075163,0.28533029996629594,0.3178378833838894,0.3178378833838894,0.2866194809571958,0.3186552072800809,0.3186552072800809,0.003416750926862222,0.0025994270306707312,raw cells; independent half A/B within context×perturbation; controls split independently,"floor(min(n_left,n_right)/2) cells per half",0
nadig_hepg2_vs_jurkat,matched_budget_source_frozen_replication,sensitivity_min40,nadig_hepg2,nadig_hepg2,nadig_jurkat,systema_centroid_accuracy,20260911,"0,1",345,40,0.3305190428041793,0.3048365352207617,0.3251263902932255,0.3251263902932255,0.3058602965958881,0.32580468486686887,0.32580468486686887,0.005392652510953833,0.004714357937310454,raw cells; independent half A/B within context×perturbation; controls split independently,"floor(min(n_left,n_right)/2) cells per half",0
nadig_hepg2_vs_jurkat,matched_budget_source_frozen_replication,sensitivity_min40,nadig_hepg2,nadig_hepg2,nadig_jurkat,systema_centroid_accuracy,20260911,"0,2",345,40,0.3305190428041793,0.3048365352207617,0.3251263902932255,0.3251263902932255,0.3039981462756994,0.3239720256150994,0.3239720256150994,0.005392652510953833,0.006547017189079907,raw cells; independent half A/B within context×perturbation; controls split independently,"floor(min(n_left,n_right)/2) cells per half",0
nadig_hepg2_vs_jurkat,matched_budget_source_frozen_replication,sensitivity_min40,nadig_hepg2,nadig_hepg2,nadig_jurkat,systema_centroid_accuracy,20260911,"1,2",345,40,0.3305190428041793,0.3048365352207617,0.3251263902932255,0.3251263902932255,0.3050387596899225,0.32575412874957865,0.32575412874957865,0.005392652510953833,0.004764914054600666,raw cells; independent half A/B within context×perturbation; controls split independently,"floor(min(n_left,n_right)/2) cells per half",0
nadig_hepg2_vs_jurkat,matched_budget_source_frozen_replication,sensitivity_min40,nadig_hepg2,nadig_hepg2,nadig_jurkat,absolute_effect_rank_agreement,20260911,"0,1",345,40,0.31617374452308733,0.3182170542635659,0.3534799460734748,0.3534799460734748,0.3184192787327267,0.35304179305695993,0.35304179305695993,-0.0373062015503875,-0.0368680485338726,raw cells; independent half A/B within context×perturbation; controls split independently,"floor(min(n_left,n_right)/2) cells per half",0
nadig_hepg2_vs_jurkat,matched_budget_source_frozen_replication,sensitivity_min40,nadig_hepg2,nadig_hepg2,nadig_jurkat,absolute_effect_rank_agreement,20260911,"0,2",345,40,0.31617374452308733,0.3182170542635659,0.3534799460734748,0.3534799460734748,0.318056959892147,0.3530249410178632,0.3530249410178632,-0.0373062015503875,-0.03685119649477586,raw cells; independent half A/B within context×perturbation; controls split independently,"floor(min(n_left,n_right)/2) cells per half",0
nadig_hepg2_vs_jurkat,matched_budget_source_frozen_replication,sensitivity_min40,nadig_hepg2,nadig_hepg2,nadig_jurkat,absolute_effect_rank_agreement,20260911,"1,2",345,40,0.31617374452308733,0.3182170542635659,0.3534799460734748,0.3534799460734748,0.31817492416582405,0.35342938995618467,0.35342938995618467,-0.0373062015503875,-0.03725564543309734,raw cells; independent half A/B within context×perturbation; controls split independently,"floor(min(n_left,n_right)/2) cells per half",0
nadig_hepg2_vs_jurkat,matched_budget_source_frozen_replication,sensitivity_min40,nadig_jurkat,nadig_hepg2,nadig_jurkat,delta_cosine,20260911,"0,1",345,40,0.3227460397708123,0.32149477586788,0.3236349848331648,0.3236349848331648,0.32147792382878326,0.32499157398045164,0.32499157398045164,-0.0008889450623524864,-0.002245534209639355,raw cells; independent half A/B within context×perturbation; controls split independently,"floor(min(n_left,n_right)/2) cells per half",0
nadig_hepg2_vs_jurkat,matched_budget_source_frozen_replication,sensitivity_min40,nadig_jurkat,nadig_hepg2,nadig_jurkat,delta_cosine,20260911,"0,2",345,40,0.3227460397708123,0.32149477586788,0.3236349848331648,0.3236349848331648,0.321309403437816,0.32526963262554764,0.32526963262554764,-0.0008889450623524864,-0.002523592854735357,raw cells; independent half A/B within context×perturbation; controls split independently,"floor(min(n_left,n_right)/2) cells per half",0
nadig_hepg2_vs_jurkat,matched_budget_source_frozen_replication,sensitivity_min40,nadig_jurkat,nadig_hepg2,nadig_jurkat,delta_cosine,20260911,"1,2",345,40,0.3227460397708123,0.32149477586788,0.3236349848331648,0.3236349848331648,0.3216464442197506,0.32500000000000007,0.32500000000000007,-0.0008889450623524864,-0.002253960229187779,raw cells; independent half A/B within context×perturbation; controls split independently,"floor(min(n_left,n_right)/2) cells per half",0
nadig_hepg2_vs_jurkat,matched_budget_source_frozen_replication,sensitivity_min40,nadig_jurkat,nadig_hepg2,nadig_jurkat,systema_centroid_accuracy,20260911,"0,1",345,40,0.338721772834513,0.32068587799123693,0.323592854735423,0.323592854735423,0.32151584091675095,0.3220214020896528,0.3220214020896528,0.015128918099090005,0.016700370744860193,raw cells; independent half A/B within context×perturbation; controls split independently,"floor(min(n_left,n_right)/2) cells per half",0
nadig_hepg2_vs_jurkat,matched_budget_source_frozen_replication,sensitivity_min40,nadig_jurkat,nadig_hepg2,nadig_jurkat,systema_centroid_accuracy,20260911,"0,2",345,40,0.338721772834513,0.32068587799123693,0.323592854735423,0.323592854735423,0.3219919110212336,0.32191186383552406,0.3219919110212336,0.015128918099090005,0.0167298618132794,raw cells; independent half A/B within context×perturbation; controls split independently,"floor(min(n_left,n_right)/2) cells per half",0
nadig_hepg2_vs_jurkat,matched_budget_source_frozen_replication,sensitivity_min40,nadig_jurkat,nadig_hepg2,nadig_jurkat,systema_centroid_accuracy,20260911,"1,2",345,40,0.338721772834513,0.32068587799123693,0.323592854735423,0.323592854735423,0.32036568924839903,0.3224005729693293,0.3224005729693293,0.015128918099090005,0.01632119986518371,raw cells; independent half A/B within context×perturbation; controls split independently,"floor(min(n_left,n_right)/2) cells per half",0
nadig_hepg2_vs_jurkat,matched_budget_source_frozen_replication,sensitivity_min40,nadig_jurkat,nadig_hepg2,nadig_jurkat,absolute_effect_rank_agreement,20260911,"0,1",345,40,0.3154828109201213,0.33051904280417926,0.35213178294573644,0.35213178294573644,0.33154701718907986,0.35290697674418614,0.35290697674418614,-0.03664897202561512,-0.037424165824064826,raw cells; independent half A/B within context×perturbation; controls split independently,"floor(min(n_left,n_right)/2) cells per half",0
nadig_hepg2_vs_jurkat,matched_budget_source_frozen_replication,sensitivity_min40,nadig_jurkat,nadig_hepg2,nadig_jurkat,absolute_effect_rank_agreement,20260911,"0,2",345,40,0.3154828109201213,0.33051904280417926,0.35213178294573644,0.35213178294573644,0.33057802494101785,0.35293225480283114,0.35293225480283114,-0.03664897202561512,-0.03744944388270982,raw cells; independent half A/B within context×perturbation; controls split independently,"floor(min(n_left,n_right)/2) cells per half",0
nadig_hepg2_vs_jurkat,matched_budget_source_frozen_replication,sensitivity_min40,nadig_jurkat,nadig_hepg2,nadig_jurkat,absolute_effect_rank_agreement,20260911,"1,2",345,40,0.3154828109201213,0.33051904280417926,0.35213178294573644,0.35213178294573644,0.33099089989888775,0.35351365015166836,0.35351365015166836,-0.03664897202561512,-0.03803083923154704,raw cells; independent half A/B within context×perturbation; controls split independently,"floor(min(n_left,n_right)/2) cells per half",0
nadig_hepg2_vs_jurkat,matched_budget_source_frozen_replication,primary_min20,nadig_hepg2,nadig_hepg2,nadig_jurkat,delta_cosine,20260912,"0,1",1255,20,0.32847938389980746,0.30304745928566434,0.3025473862127249,0.30304745928566434,0.3034086937735502,0.30723835122031806,0.30723835122031806,0.02543192461414312,0.021241032679489402,raw cells; independent half A/B within context×perturbation; controls split independently,"floor(min(n_left,n_right)/2) cells per half",0
nadig_hepg2_vs_jurkat,matched_budget_source_frozen_replication,primary_min20,nadig_hepg2,nadig_hepg2,nadig_jurkat,delta_cosine,20260912,"0,2",1255,20,0.32847938389980746,0.30304745928566434,0.3025473862127249,0.30304745928566434,0.30322378746576695,0.30597260082477107,0.30597260082477107,0.02543192461414312,0.022506783075036396,raw cells; independent half A/B within context×perturbation; controls split independently,"floor(min(n_left,n_right)/2) cells per half",0
nadig_hepg2_vs_jurkat,matched_budget_source_frozen_replication,primary_min20,nadig_hepg2,nadig_hepg2,nadig_jurkat,delta_cosine,20260912,"1,2",1255,20,0.32847938389980746,0.30304745928566434,0.3025473862127249,0.30304745928566434,0.3039354543548295,0.3074219866943708,0.3074219866943708,0.02543192461414312,0.021057397205436645,raw cells; independent half A/B within context×perturbation; controls split independently,"floor(min(n_left,n_right)/2) cells per half",0
nadig_hepg2_vs_jurkat,matched_budget_source_frozen_replication,primary_min20,nadig_hepg2,nadig_hepg2,nadig_jurkat,systema_centroid_accuracy,20260912,"0,1",1255,20,0.3182027869383709,0.3057212934545709,0.29899413510233386,0.3057212934545709,0.30568761636071345,0.2993471091709716,0.30568761636071345,0.01248149348380001,0.012515170577657442,raw cells; independent half A/B within context×perturbation; controls split independently,"floor(min(n_left,n_right)/2) cells per half",0
nadig_hepg2_vs_jurkat,matched_budget_source_frozen_replication,primary_min20,nadig_hepg2,nadig_hepg2,nadig_jurkat,systema_centroid_accuracy,20260912,"0,2",1255,20,0.3182027869383709,0.3057212934545709,0.29899413510233386,0.3057212934545709,0.3053826162654009,0.2991374216054442,0.3053826162654009,0.01248149348380001,0.012820170672969977,raw cells; independent half A/B within context×perturbation; controls split independently,"floor(min(n_left,n_right)/2) cells per half",0
nadig_hepg2_vs_jurkat,matched_budget_source_frozen_replication,primary_min20,nadig_hepg2,nadig_hepg2,nadig_jurkat,systema_centroid_accuracy,20260912,"1,2",1255,20,0.3182027869383709,0.3057212934545709,0.29899413510233386,0.3057212934545709,0.30551160588904347,0.29921716642203117,0.30551160588904347,0.01248149348380001,0.012691181049327427,raw cells; independent half A/B within context×perturbation; controls split independently,"floor(min(n_left,n_right)/2) cells per half",0
nadig_hepg2_vs_jurkat,matched_budget_source_frozen_replication,primary_min20,nadig_hepg2,nadig_hepg2,nadig_jurkat,absolute_effect_rank_agreement,20260912,"0,1",1255,20,0.32716343557190697,0.31717150536609545,0.30883801317854576,0.31717150536609545,0.31745458357955736,0.3129621863423499,0.31745458357955736,0.009991930205811517,0.00970885199234961,raw cells; independent half A/B within context×perturbation; controls split independently,"floor(min(n_left,n_right)/2) cells per half",0
nadig_hepg2_vs_jurkat,matched_budget_source_frozen_replication,primary_min20,nadig_hepg2,nadig_hepg2,nadig_jurkat,absolute_effect_rank_agreement,20260912,"0,2",1255,20,0.32716343557190697,0.31717150536609545,0.30883801317854576,0.31717150536609545,0.31784028161675465,0.3134514573285804,0.31784028161675465,0.009991930205811517,0.009323153955152319,raw cells; independent half A/B within context×perturbation; controls split independently,"floor(min(n_left,n_right)/2) cells per half",0
nadig_hepg2_vs_jurkat,matched_budget_source_frozen_replication,primary_min20,nadig_hepg2,nadig_hepg2,nadig_jurkat,absolute_effect_rank_agreement,20260912,"1,2",1255,20,0.32716343557190697,0.31717150536609545,0.30883801317854576,0.31717150536609545,0.3182050108973993,0.31348513442243786,0.3182050108973993,0.009991930205811517,0.008958424674507692,raw cells; independent half A/B within context×perturbation; controls split independently,"floor(min(n_left,n_right)/2) cells per half",0
nadig_hepg2_vs_jurkat,matched_budget_source_frozen_replication,primary_min20,nadig_jurkat,nadig_hepg2,nadig_jurkat,delta_cosine,20260912,"0,1",1255,20,0.32717455536704854,0.319230256009455,0.30270814667962914,0.319230256009455,0.3203006157189424,0.3082772577949764,0.3203006157189424,0.007944299357593554,0.00687393964810612,raw cells; independent half A/B within context×perturbation; controls split independently,"floor(min(n_left,n_right)/2) cells per half",0
nadig_hepg2_vs_jurkat,matched_budget_source_frozen_replication,primary_min20,nadig_jurkat,nadig_hepg2,nadig_jurkat,delta_cosine,20260912,"0,2",1255,20,0.32717455536704854,0.319230256009455,0.30270814667962914,0.319230256009455,0.3199937093730342,0.3079836952032381,0.3199937093730342,0.007944299357593554,0.007180845994014362,raw cells; independent half A/B within context×perturbation; controls split independently,"floor(min(n_left,n_right)/2) cells per half",0
nadig_hepg2_vs_jurkat,matched_budget_source_frozen_replication,primary_min20,nadig_jurkat,nadig_hepg2,nadig_jurkat,delta_cosine,20260912,"1,2",1255,20,0.32717455536704854,0.319230256009455,0.30270814667962914,0.319230256009455,0.32001976146450883,0.30674653856662665,0.32001976146450883,0.007944299357593554,0.007154793902539702,raw cells; independent half A/B within context×perturbation; controls split independently,"floor(min(n_left,n_right)/2) cells per half",0
nadig_hepg2_vs_jurkat,matched_budget_source_frozen_replication,primary_min20,nadig_jurkat,nadig_hepg2,nadig_jurkat,systema_centroid_accuracy,20260912,"0,1",1255,20,0.3217642984680099,0.31506319220724754,0.30022557298715824,0.31506319220724754,0.3148239577574868,0.3010277867795167,0.3148239577574868,0.006701106260762368,0.00694034071052313,raw cells; independent half A/B within context×perturbation; controls split independently,"floor(min(n_left,n_right)/2) cells per half",0
nadig_hepg2_vs_jurkat,matched_budget_source_frozen_replication,primary_min20,nadig_jurkat,nadig_hepg2,nadig_jurkat,systema_centroid_accuracy,20260912,"0,2",1255,20,0.3217642984680099,0.31506319220724754,0.30022557298715824,0.31506319220724754,0.31519281724775544,0.30051722932830083,0.31519281724775544,0.006701106260762368,0.0065714812202544715,raw cells; independent half A/B within context×perturbation; controls split independently,"floor(min(n_left,n_right)/2) cells per half",0
nadig_hepg2_vs_jurkat,matched_budget_source_frozen_replication,primary_min20,nadig_jurkat,nadig_hepg2,nadig_jurkat,systema_centroid_accuracy,20260912,"1,2",1255,20,0.3217642984680099,0.31506319220724754,0.30022557298715824,0.31506319220724754,0.31495548904859033,0.3004632188947559,0.31495548904859033,0.006701106260762368,0.006808809419419581,raw cells; independent half A/B within context×perturbation; controls split independently,"floor(min(n_left,n_right)/2) cells per half",0
nadig_hepg2_vs_jurkat,matched_budget_source_frozen_replication,primary_min20,nadig_jurkat,nadig_hepg2,nadig_jurkat,absolute_effect_rank_agreement,20260912,"0,1",1255,20,0.3235069292209154,0.3222827986300412,0.30692540841419014,0.3222827986300412,0.3231733353666673,0.3119185141412023,0.3231733353666673,0.0012241305908741729,0.0003335938542480821,raw cells; independent half A/B within context×perturbation; controls split independently,"floor(min(n_left,n_right)/2) cells per half",0
nadig_hepg2_vs_jurkat,matched_budget_source_frozen_replication,primary_min20,nadig_jurkat,nadig_hepg2,nadig_jurkat,absolute_effect_rank_agreement,20260912,"0,2",1255,20,0.3235069292209154,0.3222827986300412,0.30692540841419014,0.3222827986300412,0.3223358559382883,0.31282811338378547,0.3223358559382883,0.0012241305908741729,0.0011710732826271109,raw cells; independent half A/B within context×perturbation; controls split independently,"floor(min(n_left,n_right)/2) cells per half",0
nadig_hepg2_vs_jurkat,matched_budget_source_frozen_replication,primary_min20,nadig_jurkat,nadig_hepg2,nadig_jurkat,absolute_effect_rank_agreement,20260912,"1,2",1255,20,0.3235069292209154,0.3222827986300412,0.30692540841419014,0.3222827986300412,0.3224241788825559,0.31161955050610957,0.3224241788825559,0.0012241305908741729,0.0010827503383594728,raw cells; independent half A/B within context×perturbation; controls split independently,"floor(min(n_left,n_right)/2) cells per half",0
nadig_hepg2_vs_jurkat,matched_budget_source_frozen_replication,sensitivity_min40,nadig_hepg2,nadig_hepg2,nadig_jurkat,delta_cosine,20260912,"0,1",345,40,0.315474384900573,0.28040107853050217,0.3018368722615437,0.3018368722615437,0.28040107853050217,0.30203488372093024,0.30203488372093024,0.013637512639029292,0.013439501179642765,raw cells; independent half A/B within context×perturbation; controls split independently,"floor(min(n_left,n_right)/2) cells per half",0
nadig_hepg2_vs_jurkat,matched_budget_source_frozen_replication,sensitivity_min40,nadig_hepg2,nadig_hepg2,nadig_jurkat,delta_cosine,20260912,"0,2",345,40,0.315474384900573,0.28040107853050217,0.3018368722615437,0.3018368722615437,0.2799882035726323,0.30273424334344456,0.30273424334344456,0.013637512639029292,0.012740141557128437,raw cells; independent half A/B within context×perturbation; controls split independently,"floor(min(n_left,n_right)/2) cells per half",0
nadig_hepg2_vs_jurkat,matched_budget_source_frozen_replication,sensitivity_min40,nadig_hepg2,nadig_hepg2,nadig_jurkat,delta_cosine,20260912,"1,2",345,40,0.315474384900573,0.28040107853050217,0.3018368722615437,0.3018368722615437,0.28092349174250086,0.30361476238624874,0.30361476238624874,0.013637512639029292,0.011859622514324264,raw cells; independent half A/B within context×perturbation; controls split independently,"floor(min(n_left,n_right)/2) cells per half",0
nadig_hepg2_vs_jurkat,matched_budget_source_frozen_replication,sensitivity_min40,nadig_hepg2,nadig_hepg2,nadig_jurkat,systema_centroid_accuracy,20260912,"0,1",345,40,0.31693629929221434,0.30700202224469164,0.299216380182002,0.30700202224469164,0.3070989214694978,0.30140293225480286,0.3070989214694978,0.0099342770475227,0.009837377822716542,raw cells; independent half A/B within context×perturbation; controls split independently,"floor(min(n_left,n_right)/2) cells per half",0
nadig_hepg2_vs_jurkat,matched_budget_source_frozen_replication,sensitivity_min40,nadig_hepg2,nadig_hepg2,nadig_jurkat,systema_centroid_accuracy,20260912,"0,2",345,40,0.31693629929221434,0.30700202224469164,0.299216380182002,0.30700202224469164,0.3072210987529491,0.30003370407819346,0.3072210987529491,0.0099342770475227,0.009715200539265223,raw cells; independent half A/B within context×perturbation; controls split independently,"floor(min(n_left,n_right)/2) cells per half",0
nadig_hepg2_vs_jurkat,matched_budget_source_frozen_replication,sensitivity_min40,nadig_hepg2,nadig_hepg2,nadig_jurkat,systema_centroid_accuracy,20260912,"1,2",345,40,0.31693629929221434,0.30700202224469164,0.299216380182002,0.30700202224469164,0.30631951466127405,0.3006825075834175,0.30631951466127405,0.0099342770475227,0.01061678463094029,raw cells; independent half A/B within context×perturbation; controls split independently,"floor(min(n_left,n_right)/2) cells per half",0
nadig_hepg2_vs_jurkat,matched_budget_source_frozen_replication,sensitivity_min40,nadig_hepg2,nadig_hepg2,nadig_jurkat,absolute_effect_rank_agreement,20260912,"0,1",345,40,0.3260911695315133,0.3074148972025615,0.3343697337377823,0.3343697337377823,0.30737276710481964,0.333025783619818,0.333025783619818,-0.00827856420626899,-0.0069346140883047025,raw cells; independent half A/B within context×perturbation; controls split independently,"floor(min(n_left,n_right)/2) cells per half",0
nadig_hepg2_vs_jurkat,matched_budget_source_frozen_replication,sensitivity_min40,nadig_hepg2,nadig_hepg2,nadig_jurkat,absolute_effect_rank_agreement,20260912,"0,2",345,40,0.3260911695315133,0.3074148972025615,0.3343697337377823,0.3343697337377823,0.3079457364341085,0.33539349511290867,0.33539349511290867,-0.00827856420626899,-0.009302325581395376,raw cells; independent half A/B within context×perturbation; controls split independently,"floor(min(n_left,n_right)/2) cells per half",0
nadig_hepg2_vs_jurkat,matched_budget_source_frozen_replication,sensitivity_min40,nadig_hepg2,nadig_hepg2,nadig_jurkat,absolute_effect_rank_agreement,20260912,"1,2",345,40,0.3260911695315133,0.3074148972025615,0.3343697337377823,0.3343697337377823,0.30796258847320523,0.33453404111897544,0.33453404111897544,-0.00827856420626899,-0.008442871587462153,raw cells; independent half A/B within context×perturbation; controls split independently,"floor(min(n_left,n_right)/2) cells per half",0
nadig_hepg2_vs_jurkat,matched_budget_source_frozen_replication,sensitivity_min40,nadig_jurkat,nadig_hepg2,nadig_jurkat,delta_cosine,20260912,"0,1",345,40,0.31804853387259857,0.30424671385237617,0.30183687226154365,0.30424671385237617,0.3046427367711493,0.30310920121334683,0.3046427367711493,0.0138018200202224,0.01340579710144929,raw cells; independent half A/B within context×perturbation; controls split independently,"floor(min(n_left,n_right)/2) cells per half",0
nadig_hepg2_vs_jurkat,matched_budget_source_frozen_replication,sensitivity_min40,nadig_jurkat,nadig_hepg2,nadig_jurkat,delta_cosine,20260912,"0,2",345,40,0.31804853387259857,0.30424671385237617,0.30183687226154365,0.30424671385237617,0.3041961577350859,0.30345045500505563,0.3041961577350859,0.0138018200202224,0.013852376137512667,raw cells; independent half A/B within context×perturbation; controls split independently,"floor(min(n_left,n_right)/2) cells per half",0
nadig_hepg2_vs_jurkat,matched_budget_source_frozen_replication,sensitivity_min40,nadig_jurkat,nadig_hepg2,nadig_jurkat,delta_cosine,20260912,"1,2",345,40,0.31804853387259857,0.30424671385237617,0.30183687226154365,0.30424671385237617,0.3031344792719919,0.30234243343444556,0.3031344792719919,0.0138018200202224,0.014914054600606685,raw cells; independent half A/B within context×perturbation; controls split independently,"floor(min(n_left,n_right)/2) cells per half",0
nadig_hepg2_vs_jurkat,matched_budget_source_frozen_replication,sensitivity_min40,nadig_jurkat,nadig_hepg2,nadig_jurkat,systema_centroid_accuracy,20260912,"0,1",345,40,0.3186973373778227,0.3205089315807213,0.2970677451971689,0.3205089315807213,0.32100606673407484,0.29672649140546004,0.32100606673407484,-0.0018115942028986143,-0.0023087293562521483,raw cells; independent half A/B within context×perturbation; controls split independently,"floor(min(n_left,n_right)/2) cells per half",0
nadig_hepg2_vs_jurkat,matched_budget_source_frozen_replication,sensitivity_min40,nadig_jurkat,nadig_hepg2,nadig_jurkat,systema_centroid_accuracy,20260912,"0,2",345,40,0.3186973373778227,0.3205089315807213,0.2970677451971689,0.3205089315807213,0.3212504213009775,0.296010279743849,0.3212504213009775,-0.0018115942028986143,-0.0025530839231547864,raw cells; independent half A/B within context×perturbation; controls split independently,"floor(min(n_left,n_right)/2) cells per half",0
nadig_hepg2_vs_jurkat,matched_budget_source_frozen_replication,sensitivity_min40,nadig_jurkat,nadig_hepg2,nadig_jurkat,systema_centroid_accuracy,20260912,"1,2",345,40,0.3186973373778227,0.3205089315807213,0.2970677451971689,0.3205089315807213,0.3207153690596562,0.2974005729693293,0.3207153690596562,-0.0018115942028986143,-0.0020180316818335098,raw cells; independent half A/B within context×perturbation; controls split independently,"floor(min(n_left,n_right)/2) cells per half",0
nadig_hepg2_vs_jurkat,matched_budget_source_frozen_replication,sensitivity_min40,nadig_jurkat,nadig_hepg2,nadig_jurkat,absolute_effect_rank_agreement,20260912,"0,1",345,40,0.3224047859791035,0.32113245702730026,0.3351870576339737,0.3351870576339737,0.32294405123019887,0.3367922143579373,0.3367922143579373,-0.012782271654870225,-0.014387428378833833,raw cells; independent half A/B within context×perturbation; controls split independently,"floor(min(n_left,n_right)/2) cells per half",0
nadig_hepg2_vs_jurkat,matched_budget_source_frozen_replication,sensitivity_min40,nadig_jurkat,nadig_hepg2,nadig_jurkat,absolute_effect_rank_agreement,20260912,"0,2",345,40,0.3224047859791035,0.32113245702730026,0.3351870576339737,0.3351870576339737,0.3211156049882036,0.337061846983485,0.337061846983485,-0.012782271654870225,-0.014657061004381522,raw cells; independent half A/B within context×perturbation; controls split independently,"floor(min(n_left,n_right)/2) cells per half",0
nadig_hepg2_vs_jurkat,matched_budget_source_frozen_replication,sensitivity_min40,nadig_jurkat,nadig_hepg2,nadig_jurkat,absolute_effect_rank_agreement,20260912,"1,2",345,40,0.3224047859791035,0.32113245702730026,0.3351870576339737,0.3351870576339737,0.3221688574317493,0.3367248062015504,0.3367248062015504,-0.012782271654870225,-0.014320020222446883,raw cells; independent half A/B within context×perturbation; controls split independently,"floor(min(n_left,n_right)/2) cells per half",0
nadig_hepg2_vs_jurkat,matched_budget_source_frozen_replication,primary_min20,nadig_hepg2,nadig_hepg2,nadig_jurkat,delta_cosine,20260913,"0,1",1255,20,0.32760187320891876,0.3050992203435064,0.319148922650705,0.319148922650705,0.30536101209198296,0.32354092402320545,0.32354092402320545,0.008452950558213768,0.004060949185713314,raw cells; independent half A/B within context×perturbation; controls split independently,"floor(min(n_left,n_right)/2) cells per half",0
nadig_hepg2_vs_jurkat,matched_budget_source_frozen_replication,primary_min20,nadig_hepg2,nadig_hepg2,nadig_jurkat,delta_cosine,20260913,"0,2",1255,20,0.32760187320891876,0.3050992203435064,0.319148922650705,0.319148922650705,0.3059646581139557,0.3225051945328733,0.3225051945328733,0.008452950558213768,0.005096678676045463,raw cells; independent half A/B within context×perturbation; controls split independently,"floor(min(n_left,n_right)/2) cells per half",0
nadig_hepg2_vs_jurkat,matched_budget_source_frozen_replication,primary_min20,nadig_hepg2,nadig_hepg2,nadig_jurkat,delta_cosine,20260913,"1,2",1255,20,0.32760187320891876,0.3050992203435064,0.319148922650705,0.319148922650705,0.3059621164464947,0.3214897983822287,0.3214897983822287,0.008452950558213768,0.006112074826690073,raw cells; independent half A/B within context×perturbation; controls split independently,"floor(min(n_left,n_right)/2) cells per half",0
nadig_hepg2_vs_jurkat,matched_budget_source_frozen_replication,primary_min20,nadig_hepg2,nadig_hepg2,nadig_jurkat,systema_centroid_accuracy,20260913,"0,1",1255,20,0.31114775348367296,0.3061832415155963,0.3145497753801381,0.3145497753801381,0.3066369291573737,0.32070887105485557,0.32070887105485557,-0.003402021896465157,-0.009561117571182609,raw cells; independent half A/B within context×perturbation; controls split independently,"floor(min(n_left,n_right)/2) cells per half",0
nadig_hepg2_vs_jurkat,matched_budget_source_frozen_replication,primary_min20,nadig_hepg2,nadig_hepg2,nadig_jurkat,systema_centroid_accuracy,20260913,"0,2",1255,20,0.31114775348367296,0.3061832415155963,0.3145497753801381,0.3145497753801381,0.30604059042935117,0.31712035430844404,0.31712035430844404,-0.003402021896465157,-0.005972600824771079,raw cells; independent half A/B within context×perturbation; controls split independently,"floor(min(n_left,n_right)/2) cells per half",0
nadig_hepg2_vs_jurkat,matched_budget_source_frozen_replication,primary_min20,nadig_hepg2,nadig_hepg2,nadig_jurkat,systema_centroid_accuracy,20260913,"1,2",1255,20,0.31114775348367296,0.3061832415155963,0.3145497753801381,0.3145497753801381,0.30627633008635313,0.3200080062525019,0.3200080062525019,-0.003402021896465157,-0.008860252768828958,raw cells; independent half A/B within context×perturbation; controls split independently,"floor(min(n_left,n_right)/2) cells per half",0
nadig_hepg2_vs_jurkat,matched_budget_source_frozen_replication,primary_min20,nadig_hepg2,nadig_hepg2,nadig_jurkat,absolute_effect_rank_agreement,20260913,"0,1",1255,20,0.329591998830833,0.31751526589018725,0.31037000324062597,0.31751526589018725,0.31805346397504086,0.3153030620738736,0.31805346397504086,0.012076732940645762,0.011538534855792149,raw cells; independent half A/B within context×perturbation; controls split independently,"floor(min(n_left,n_right)/2) cells per half",0
nadig_hepg2_vs_jurkat,matched_budget_source_frozen_replication,primary_min20,nadig_hepg2,nadig_hepg2,nadig_jurkat,absolute_effect_rank_agreement,20260913,"0,2",1255,20,0.329591998830833,0.31751526589018725,0.31037000324062597,0.31751526589018725,0.3183533807354315,0.31478710357930323,0.3183533807354315,0.012076732940645762,0.011238618095401498,raw cells; independent half A/B within context×perturbation; controls split independently,"floor(min(n_left,n_right)/2) cells per half",0
nadig_hepg2_vs_jurkat,matched_budget_source_frozen_replication,primary_min20,nadig_hepg2,nadig_hepg2,nadig_jurkat,absolute_effect_rank_agreement,20260913,"1,2",1255,20,0.329591998830833,0.31751526589018725,0.31037000324062597,0.31751526589018725,0.3181741931794354,0.3152814579004556,0.3181741931794354,0.012076732940645762,0.011417805651397606,raw cells; independent half A/B within context×perturbation; controls split independently,"floor(min(n_left,n_right)/2) cells per half",0
nadig_hepg2_vs_jurkat,matched_budget_source_frozen_replication,primary_min20,nadig_jurkat,nadig_hepg2,nadig_jurkat,delta_cosine,20260913,"0,1",1255,20,0.32894991008851354,0.3249331223749341,0.3211174440992013,0.3249331223749341,0.32609657065517833,0.32529499227968506,0.32609657065517833,0.004016787713579439,0.0028533394333352113,raw cells; independent half A/B within context×perturbation; controls split independently,"floor(min(n_left,n_right)/2) cells per half",0
nadig_hepg2_vs_jurkat,matched_budget_source_frozen_replication,primary_min20,nadig_jurkat,nadig_hepg2,nadig_jurkat,delta_cosine,20260913,"0,2",1255,20,0.32894991008851354,0.3249331223749341,0.3211174440992013,0.3249331223749341,0.32551961214154546,0.32490929424248777,0.32551961214154546,0.004016787713579439,0.003430297946968086,raw cells; independent half A/B within context×perturbation; controls split independently,"floor(min(n_left,n_right)/2) cells per half",0
nadig_hepg2_vs_jurkat,matched_budget_source_frozen_replication,primary_min20,nadig_jurkat,nadig_hepg2,nadig_jurkat,delta_cosine,20260913,"1,2",1255,20,0.32894991008851354,0.3249331223749341,0.3211174440992013,0.3249331223749341,0.32547831004530525,0.32461827331821047,0.32547831004530525,0.004016787713579439,0.0034716000432082894,raw cells; independent half A/B within context×perturbation; controls split independently,"floor(min(n_left,n_right)/2) cells per half",0
nadig_hepg2_vs_jurkat,matched_budget_source_frozen_replication,primary_min20,nadig_jurkat,nadig_hepg2,nadig_jurkat,systema_centroid_accuracy,20260913,"0,1",1255,20,0.31940023002090523,0.32260368414698465,0.3145345253753725,0.32260368414698465,0.32234316323223855,0.32006646460410354,0.32234316323223855,-0.003203454126079419,-0.0029429332113333206,raw cells; independent half A/B within context×perturbation; controls split independently,"floor(min(n_left,n_right)/2) cells per half",0
nadig_hepg2_vs_jurkat,matched_budget_source_frozen_replication,primary_min20,nadig_jurkat,nadig_hepg2,nadig_jurkat,systema_centroid_accuracy,20260913,"0,2",1255,20,0.31940023002090523,0.32260368414698465,0.3145345253753725,0.32260368414698465,0.32262497061197004,0.3207260273102169,0.32262497061197004,-0.003203454126079419,-0.003224740591064812,raw cells; independent half A/B within context×perturbation; controls split independently,"floor(min(n_left,n_right)/2) cells per half",0
nadig_hepg2_vs_jurkat,matched_budget_source_frozen_replication,primary_min20,nadig_jurkat,nadig_hepg2,nadig_jurkat,systema_centroid_accuracy,20260913,"1,2",1255,20,0.31940023002090523,0.32260368414698465,0.3145345253753725,0.32260368414698465,0.3230065384395433,0.31820723485642755,0.3230065384395433,-0.003203454126079419,-0.003606308418638071,raw cells; independent half A/B within context×perturbation; controls split independently,"floor(min(n_left,n_right)/2) cells per half",0
nadig_hepg2_vs_jurkat,matched_budget_source_frozen_replication,primary_min20,nadig_jurkat,nadig_hepg2,nadig_jurkat,absolute_effect_rank_agreement,20260913,"0,1",1255,20,0.3255783882015797,0.3224270382584494,0.30744200232562574,0.3224270382584494,0.32335855938288316,0.3113869879334337,0.32335855938288316,0.003151349943130266,0.0022198288186965343,raw cells; independent half A/B within context×perturbation; controls split independently,"floor(min(n_left,n_right)/2) cells per half",0
nadig_hepg2_vs_jurkat,matched_budget_source_frozen_replication,primary_min20,nadig_jurkat,nadig_hepg2,nadig_jurkat,absolute_effect_rank_agreement,20260913,"0,2",1255,20,0.3255783882015797,0.3224270382584494,0.30744200232562574,0.3224270382584494,0.32251154870152565,0.31294534779542116,0.32251154870152565,0.003151349943130266,0.0030668395000540416,raw cells; independent half A/B within context×perturbation; controls split independently,"floor(min(n_left,n_right)/2) cells per half",0
nadig_hepg2_vs_jurkat,matched_budget_source_frozen_replication,primary_min20,nadig_jurkat,nadig_hepg2,nadig_jurkat,absolute_effect_rank_agreement,20260913,"1,2",1255,20,0.3255783882015797,0.3224270382584494,0.30744200232562574,0.3224270382584494,0.32232155905882054,0.31284590505601195,0.32232155905882054,0.003151349943130266,0.0032568291427591545,raw cells; independent half A/B within context×perturbation; controls split independently,"floor(min(n_left,n_right)/2) cells per half",0
nadig_hepg2_vs_jurkat,matched_budget_source_frozen_replication,sensitivity_min40,nadig_hepg2,nadig_hepg2,nadig_jurkat,delta_cosine,20260913,"0,1",345,40,0.3193292888439501,0.29696663296258846,0.32116616110549373,0.32116616110549373,0.2965706100438153,0.3221772834512976,0.3221772834512976,-0.0018368722615436095,-0.0028479946073474705,raw cells; independent half A/B within context×perturbation; controls split independently,"floor(min(n_left,n_right)/2) cells per half",0
nadig_hepg2_vs_jurkat,matched_budget_source_frozen_replication,sensitivity_min40,nadig_hepg2,nadig_hepg2,nadig_jurkat,delta_cosine,20260913,"0,2",345,40,0.3193292888439501,0.29696663296258846,0.32116616110549373,0.32116616110549373,0.29717728345129757,0.3226407145264577,0.3226407145264577,-0.0018368722615436095,-0.003311425682507585,raw cells; independent half A/B within context×perturbation; controls split independently,"floor(min(n_left,n_right)/2) cells per half",0
nadig_hepg2_vs_jurkat,matched_budget_source_frozen_replication,sensitivity_min40,nadig_hepg2,nadig_hepg2,nadig_jurkat,delta_cosine,20260913,"1,2",345,40,0.3193292888439501,0.29696663296258846,0.32116616110549373,0.32116616110549373,0.29732052578361984,0.3215537580047185,0.3215537580047185,-0.0018368722615436095,-0.0022244691607684053,raw cells; independent half A/B within context×perturbation; controls split independently,"floor(min(n_left,n_right)/2) cells per half",0
nadig_hepg2_vs_jurkat,matched_budget_source_frozen_replication,sensitivity_min40,nadig_hepg2,nadig_hepg2,nadig_jurkat,systema_centroid_accuracy,20260913,"0,1",345,40,0.3193629929221436,0.31872261543646785,0.32230367374452307,0.32230367374452307,0.3193756319514661,0.3252738456353218,0.3252738456353218,-0.002940680822379471,-0.005910852713178205,raw cells; independent half A/B within context×perturbation; controls split independently,"floor(min(n_left,n_right)/2) cells per half",0
nadig_hepg2_vs_jurkat,matched_budget_source_frozen_replication,sensitivity_min40,nadig_hepg2,nadig_hepg2,nadig_jurkat,systema_centroid_accuracy,20260913,"0,2",345,40,0.3193629929221436,0.31872261543646785,0.32230367374452307,0.32230367374452307,0.3183855746545332,0.3225227502527806,0.3225227502527806,-0.002940680822379471,-0.003159757330637003,raw cells; independent half A/B within context×perturbation; controls split independently,"floor(min(n_left,n_right)/2) cells per half",0
nadig_hepg2_vs_jurkat,matched_budget_source_frozen_replication,sensitivity_min40,nadig_hepg2,nadig_hepg2,nadig_jurkat,systema_centroid_accuracy,20260913,"1,2",345,40,0.3193629929221436,0.31872261543646785,0.32230367374452307,0.32230367374452307,0.3172944051230199,0.3238793394000674,0.3238793394000674,-0.002940680822379471,-0.004516346477923816,raw cells; independent half A/B within context×perturbation; controls split independently,"floor(min(n_left,n_right)/2) cells per half",0
nadig_hepg2_vs_jurkat,matched_budget_source_frozen_replication,sensitivity_min40,nadig_hepg2,nadig_hepg2,nadig_jurkat,absolute_effect_rank_agreement,20260913,"0,1",345,40,0.33056538591169526,0.3183013144590495,0.34509605662285137,0.34509605662285137,0.3177789012470509,0.347623862487361,0.347623862487361,-0.014530670711156102,-0.017058476575665726,raw cells; independent half A/B within context×perturbation; controls split independently,"floor(min(n_left,n_right)/2) cells per half",0
nadig_hepg2_vs_jurkat,matched_budget_source_frozen_replication,sensitivity_min40,nadig_hepg2,nadig_hepg2,nadig_jurkat,absolute_effect_rank_agreement,20260913,"0,2",345,40,0.33056538591169526,0.3183013144590495,0.34509605662285137,0.34509605662285137,0.31965790360633634,0.3484159083249073,0.3484159083249073,-0.014530670711156102,-0.017850522413212055,raw cells; independent half A/B within context×perturbation; controls split independently,"floor(min(n_left,n_right)/2) cells per half",0
nadig_hepg2_vs_jurkat,matched_budget_source_frozen_replication,sensitivity_min40,nadig_hepg2,nadig_hepg2,nadig_jurkat,absolute_effect_rank_agreement,20260913,"1,2",345,40,0.33056538591169526,0.3183013144590495,0.34509605662285137,0.34509605662285137,0.318335018537243,0.3473036737445231,0.3473036737445231,-0.014530670711156102,-0.016738287832827825,raw cells; independent half A/B within context×perturbation; controls split independently,"floor(min(n_left,n_right)/2) cells per half",0
nadig_hepg2_vs_jurkat,matched_budget_source_frozen_replication,sensitivity_min40,nadig_jurkat,nadig_hepg2,nadig_jurkat,delta_cosine,20260913,"0,1",345,40,0.32290613414223124,0.3195146612740142,0.32158746208291206,0.32158746208291206,0.32165487023929895,0.3229103471520054,0.3229103471520054,0.0013186720593191814,-4.2130097741566175e-06,raw cells; independent half A/B within context×perturbation; controls split independently,"floor(min(n_left,n_right)/2) cells per half",0
nadig_hepg2_vs_jurkat,matched_budget_source_frozen_replication,sensitivity_min40,nadig_jurkat,nadig_hepg2,nadig_jurkat,delta_cosine,20260913,"0,2",345,40,0.32290613414223124,0.3195146612740142,0.32158746208291206,0.32158746208291206,0.31985170205594876,0.32243849005729697,0.32243849005729697,0.0013186720593191814,0.0004676440849342711,raw cells; independent half A/B within context×perturbation; controls split independently,"floor(min(n_left,n_right)/2) cells per half",0
nadig_hepg2_vs_jurkat,matched_budget_source_frozen_replication,sensitivity_min40,nadig_jurkat,nadig_hepg2,nadig_jurkat,delta_cosine,20260913,"1,2",345,40,0.32290613414223124,0.3195146612740142,0.32158746208291206,0.32158746208291206,0.3193461408830468,0.322278395685878,0.322278395685878,0.0013186720593191814,0.0006277384563532218,raw cells; independent half A/B within context×perturbation; controls split independently,"floor(min(n_left,n_right)/2) cells per half",0
nadig_hepg2_vs_jurkat,matched_budget_source_frozen_replication,sensitivity_min40,nadig_jurkat,nadig_hepg2,nadig_jurkat,systema_centroid_accuracy,20260913,"0,1",345,40,0.32222362655881365,0.3364004044489384,0.32135995955510616,0.3364004044489384,0.3367753623188406,0.32114509605662284,0.3367753623188406,-0.014176777890124725,-0.01455173576002694,raw cells; independent half A/B within context×perturbation; controls split independently,"floor(min(n_left,n_right)/2) cells per half",0
nadig_hepg2_vs_jurkat,matched_budget_source_frozen_replication,sensitivity_min40,nadig_jurkat,nadig_hepg2,nadig_jurkat,systema_centroid_accuracy,20260913,"0,2",345,40,0.32222362655881365,0.3364004044489384,0.32135995955510616,0.3364004044489384,0.3372093023255814,0.3235802157061004,0.3372093023255814,-0.014176777890124725,-0.014985675766767736,raw cells; independent half A/B within context×perturbation; controls split independently,"floor(min(n_left,n_right)/2) cells per half",0
nadig_hepg2_vs_jurkat,matched_budget_source_frozen_replication,sensitivity_min40,nadig_jurkat,nadig_hepg2,nadig_jurkat,systema_centroid_accuracy,20260913,"1,2",345,40,0.32222362655881365,0.3364004044489384,0.32135995955510616,0.3364004044489384,0.3356336366700371,0.3223752949106842,0.3356336366700371,-0.014176777890124725,-0.013410010111223447,raw cells; independent half A/B within context×perturbation; controls split independently,"floor(min(n_left,n_right)/2) cells per half",0
nadig_hepg2_vs_jurkat,matched_budget_source_frozen_replication,sensitivity_min40,nadig_jurkat,nadig_hepg2,nadig_jurkat,absolute_effect_rank_agreement,20260913,"0,1",345,40,0.32992922143579373,0.3211830131445905,0.34753960229187736,0.34753960229187736,0.323500168520391,0.34699191102123356,0.34699191102123356,-0.01761038085608363,-0.017062689585439827,raw cells; independent half A/B within context×perturbation; controls split independently,"floor(min(n_left,n_right)/2) cells per half",0
nadig_hepg2_vs_jurkat,matched_budget_source_frozen_replication,sensitivity_min40,nadig_jurkat,nadig_hepg2,nadig_jurkat,absolute_effect_rank_agreement,20260913,"0,2",345,40,0.32992922143579373,0.3211830131445905,0.34753960229187736,0.34753960229187736,0.3215453319851702,0.3474974721941355,0.3474974721941355,-0.01761038085608363,-0.017568250758341786,raw cells; independent half A/B within context×perturbation; controls split independently,"floor(min(n_left,n_right)/2) cells per half",0
nadig_hepg2_vs_jurkat,matched_budget_source_frozen_replication,sensitivity_min40,nadig_jurkat,nadig_hepg2,nadig_jurkat,absolute_effect_rank_agreement,20260913,"1,2",345,40,0.32992922143579373,0.3211830131445905,0.34753960229187736,0.34753960229187736,0.32284293899561844,0.34966295921806545,0.34966295921806545,-0.01761038085608363,-0.01973373778227172,raw cells; independent half A/B within context×perturbation; controls split independently,"floor(min(n_left,n_right)/2) cells per half",0
nadig_hepg2_vs_jurkat,matched_budget_source_frozen_replication,primary_min20,nadig_hepg2,nadig_hepg2,nadig_jurkat,delta_cosine,20260914,"0,1",1255,20,0.3239460022747924,0.29746468670771464,0.30954269048209077,0.30954269048209077,0.2977919263933103,0.3141141971190199,0.3141141971190199,0.014403311792701656,0.009831805155772533,raw cells; independent half A/B within context×perturbation; controls split independently,"floor(min(n_left,n_right)/2) cells per half",0
nadig_hepg2_vs_jurkat,matched_budget_source_frozen_replication,primary_min20,nadig_hepg2,nadig_hepg2,nadig_jurkat,delta_cosine,20260914,"0,2",1255,20,0.3239460022747924,0.29746468670771464,0.30954269048209077,0.30954269048209077,0.29831423905653304,0.31322906142574836,0.31322906142574836,0.014403311792701656,0.010716940849044065,raw cells; independent half A/B within context×perturbation; controls split independently,"floor(min(n_left,n_right)/2) cells per half",0
nadig_hepg2_vs_jurkat,matched_budget_source_frozen_replication,primary_min20,nadig_hepg2,nadig_hepg2,nadig_jurkat,delta_cosine,20260914,"1,2",1255,20,0.3239460022747924,0.29746468670771464,0.30954269048209077,0.30954269048209077,0.2981782598473729,0.31381300952489877,0.31381300952489877,0.014403311792701656,0.010132992749893655,raw cells; independent half A/B within context×perturbation; controls split independently,"floor(min(n_left,n_right)/2) cells per half",0
nadig_hepg2_vs_jurkat,matched_budget_source_frozen_replication,primary_min20,nadig_hepg2,nadig_hepg2,nadig_jurkat,systema_centroid_accuracy,20260914,"0,1",1255,20,0.30832554947673424,0.29982907286325194,0.2910361742821378,0.29982907286325194,0.2997080259504248,0.2970526188706101,0.2997080259504248,0.008496476613482296,0.008617523526309456,raw cells; independent half A/B within context×perturbation; controls split independently,"floor(min(n_left,n_right)/2) cells per half",0
nadig_hepg2_vs_jurkat,matched_budget_source_frozen_replication,primary_min20,nadig_hepg2,nadig_hepg2,nadig_jurkat,systema_centroid_accuracy,20260914,"0,2",1255,20,0.30832554947673424,0.29982907286325194,0.2910361742821378,0.29982907286325194,0.29981159889945797,0.29478132128582957,0.29981159889945797,0.008496476613482296,0.008513950577276275,raw cells; independent half A/B within context×perturbation; controls split independently,"floor(min(n_left,n_right)/2) cells per half",0
nadig_hepg2_vs_jurkat,matched_budget_source_frozen_replication,primary_min20,nadig_hepg2,nadig_hepg2,nadig_jurkat,systema_centroid_accuracy,20260914,"1,2",1255,20,0.30832554947673424,0.29982907286325194,0.2910361742821378,0.29982907286325194,0.2999853854120996,0.2963412696899801,0.2999853854120996,0.008496476613482296,0.008340164064634614,raw cells; independent half A/B within context×perturbation; controls split independently,"floor(min(n_left,n_right)/2) cells per half",0
nadig_hepg2_vs_jurkat,matched_budget_source_frozen_replication,primary_min20,nadig_hepg2,nadig_hepg2,nadig_jurkat,absolute_effect_rank_agreement,20260914,"0,1",1255,20,0.3281966233947782,0.32326451768682846,0.30871347147295986,0.32326451768682846,0.32305705408032936,0.3126200143604212,0.32305705408032936,0.004932105707949719,0.005139569314448811,raw cells; independent half A/B within context×perturbation; controls split independently,"floor(min(n_left,n_right)/2) cells per half",0
nadig_hepg2_vs_jurkat,matched_budget_source_frozen_replication,primary_min20,nadig_hepg2,nadig_hepg2,nadig_jurkat,absolute_effect_rank_agreement,20260914,"0,2",1255,20,0.3281966233947782,0.32326451768682846,0.30871347147295986,0.32326451768682846,0.323798585562058,0.3132767176906409,0.323798585562058,0.004932105707949719,0.004398037832720192,raw cells; independent half A/B within context×perturbation; controls split independently,"floor(min(n_left,n_right)/2) cells per half",0
nadig_hepg2_vs_jurkat,matched_budget_source_frozen_replication,primary_min20,nadig_hepg2,nadig_hepg2,nadig_jurkat,absolute_effect_rank_agreement,20260914,"1,2",1255,20,0.3281966233947782,0.32326451768682846,0.30871347147295986,0.32326451768682846,0.323982856452976,0.3139566137364418,0.323982856452976,0.004932105707949719,0.0042137669418021995,raw cells; independent half A/B within context×perturbation; controls split independently,"floor(min(n_left,n_right)/2) cells per half",0
nadig_hepg2_vs_jurkat,matched_budget_source_frozen_replication,primary_min20,nadig_jurkat,nadig_hepg2,nadig_jurkat,delta_cosine,20260914,"0,1",1255,20,0.3201630479676192,0.32039306887283403,0.3116039827929113,0.32039306887283403,0.3213617618838839,0.316746093774821,0.3213617618838839,-0.00023002090521484497,-0.0011987139162646931,raw cells; independent half A/B within context×perturbation; controls split independently,"floor(min(n_left,n_right)/2) cells per half",0
nadig_hepg2_vs_jurkat,matched_budget_source_frozen_replication,primary_min20,nadig_jurkat,nadig_hepg2,nadig_jurkat,delta_cosine,20260914,"0,2",1255,20,0.3201630479676192,0.32039306887283403,0.3116039827929113,0.32039306887283403,0.3204515272244356,0.3180239170908074,0.3204515272244356,-0.00023002090521484497,-0.0002884792568164096,raw cells; independent half A/B within context×perturbation; controls split independently,"floor(min(n_left,n_right)/2) cells per half",0
nadig_hepg2_vs_jurkat,matched_budget_source_frozen_replication,primary_min20,nadig_jurkat,nadig_hepg2,nadig_jurkat,delta_cosine,20260914,"1,2",1255,20,0.3201630479676192,0.32039306887283403,0.3116039827929113,0.32039306887283403,0.32109425138362024,0.31619772902012366,0.32109425138362024,-0.00023002090521484497,-0.0009312034160010585,raw cells; independent half A/B within context×perturbation; controls split independently,"floor(min(n_left,n_right)/2) cells per half",0
nadig_hepg2_vs_jurkat,matched_budget_source_frozen_replication,primary_min20,nadig_jurkat,nadig_hepg2,nadig_jurkat,systema_centroid_accuracy,20260914,"0,1",1255,20,0.31223590486538694,0.31254058725226685,0.29225935174771406,0.31254058725226685,0.31272708210221317,0.2966882072983981,0.31272708210221317,-0.00030468238687991755,-0.0004911772368262346,raw cells; independent half A/B within context×perturbation; controls split independently,"floor(min(n_left,n_right)/2) cells per half",0
nadig_hepg2_vs_jurkat,matched_budget_source_frozen_replication,primary_min20,nadig_jurkat,nadig_hepg2,nadig_jurkat,systema_centroid_accuracy,20260914,"0,2",1255,20,0.31223590486538694,0.31254058725226685,0.29225935174771406,0.31254058725226685,0.3124147747129504,0.29848707244387684,0.3124147747129504,-0.00030468238687991755,-0.00017886984756348978,raw cells; independent half A/B within context×perturbation; controls split independently,"floor(min(n_left,n_right)/2) cells per half",0
nadig_hepg2_vs_jurkat,matched_budget_source_frozen_replication,primary_min20,nadig_jurkat,nadig_hepg2,nadig_jurkat,systema_centroid_accuracy,20260914,"1,2",1255,20,0.31223590486538694,0.31254058725226685,0.29225935174771406,0.31254058725226685,0.3124808580669348,0.29594095706488244,0.3124808580669348,-0.00030468238687991755,-0.0002449532015478817,raw cells; independent half A/B within context×perturbation; controls split independently,"floor(min(n_left,n_right)/2) cells per half",0
nadig_hepg2_vs_jurkat,matched_budget_source_frozen_replication,primary_min20,nadig_jurkat,nadig_hepg2,nadig_jurkat,absolute_effect_rank_agreement,20260914,"0,1",1255,20,0.32720982100306906,0.3279284774776492,0.3049473557127153,0.3279284774776492,0.32879677462399204,0.31049931057270125,0.32879677462399204,-0.0007186564745801372,-0.0015869536209229818,raw cells; independent half A/B within context×perturbation; controls split independently,"floor(min(n_left,n_right)/2) cells per half",0
nadig_hepg2_vs_jurkat,matched_budget_source_frozen_replication,primary_min20,nadig_jurkat,nadig_hepg2,nadig_jurkat,absolute_effect_rank_agreement,20260914,"0,2",1255,20,0.32720982100306906,0.3279284774776492,0.3049473557127153,0.3279284774776492,0.3291742122419413,0.3112186024641466,0.3291742122419413,-0.0007186564745801372,-0.001964391238872265,raw cells; independent half A/B within context×perturbation; controls split independently,"floor(min(n_left,n_right)/2) cells per half",0
nadig_hepg2_vs_jurkat,matched_budget_source_frozen_replication,primary_min20,nadig_jurkat,nadig_hepg2,nadig_jurkat,absolute_effect_rank_agreement,20260914,"1,2",1255,20,0.32720982100306906,0.3279284774776492,0.3049473557127153,0.3279284774776492,0.32916277473836714,0.31109533159229114,0.32916277473836714,-0.0007186564745801372,-0.0019529537352980797,raw cells; independent half A/B within context×perturbation; controls split independently,"floor(min(n_left,n_right)/2) cells per half",0
nadig_hepg2_vs_jurkat,matched_budget_source_frozen_replication,sensitivity_min40,nadig_hepg2,nadig_hepg2,nadig_jurkat,delta_cosine,20260914,"0,1",345,40,0.32393832153690594,0.29167509268621505,0.3099932591843613,0.3099932591843613,0.29281260532524434,0.30998483316481296,0.30998483316481296,0.013945062352544613,0.013953488372092981,raw cells; independent half A/B within context×perturbation; controls split independently,"floor(min(n_left,n_right)/2) cells per half",0
nadig_hepg2_vs_jurkat,matched_budget_source_frozen_replication,sensitivity_min40,nadig_hepg2,nadig_hepg2,nadig_jurkat,delta_cosine,20260914,"0,2",345,40,0.32393832153690594,0.29167509268621505,0.3099932591843613,0.3099932591843613,0.2915065722952477,0.31226828446241994,0.31226828446241994,0.013945062352544613,0.011670037074485995,raw cells; independent half A/B within context×perturbation; controls split independently,"floor(min(n_left,n_right)/2) cells per half",0
nadig_hepg2_vs_jurkat,matched_budget_source_frozen_replication,sensitivity_min40,nadig_hepg2,nadig_hepg2,nadig_jurkat,delta_cosine,20260914,"1,2",345,40,0.32393832153690594,0.29167509268621505,0.3099932591843613,0.3099932591843613,0.2932170542635659,0.3110970677451972,0.3110970677451972,0.013945062352544613,0.012841253791708751,raw cells; independent half A/B within context×perturbation; controls split independently,"floor(min(n_left,n_right)/2) cells per half",0
nadig_hepg2_vs_jurkat,matched_budget_source_frozen_replication,sensitivity_min40,nadig_hepg2,nadig_hepg2,nadig_jurkat,systema_centroid_accuracy,20260914,"0,1",345,40,0.3196452645770138,0.3100185372430064,0.3030586450960567,0.3100185372430064,0.3098163127738456,0.30510195483653524,0.3098163127738456,0.009626727334007434,0.009828951803168229,raw cells; independent half A/B within context×perturbation; controls split independently,"floor(min(n_left,n_right)/2) cells per half",0
nadig_hepg2_vs_jurkat,matched_budget_source_frozen_replication,sensitivity_min40,nadig_hepg2,nadig_hepg2,nadig_jurkat,systema_centroid_accuracy,20260914,"0,2",345,40,0.3196452645770138,0.3100185372430064,0.3030586450960567,0.3100185372430064,0.3097194135490394,0.3028437815975733,0.3097194135490394,0.009626727334007434,0.009925851027974386,raw cells; independent half A/B within context×perturbation; controls split independently,"floor(min(n_left,n_right)/2) cells per half",0
nadig_hepg2_vs_jurkat,matched_budget_source_frozen_replication,sensitivity_min40,nadig_hepg2,nadig_hepg2,nadig_jurkat,systema_centroid_accuracy,20260914,"1,2",345,40,0.3196452645770138,0.3100185372430064,0.3030586450960567,0.3100185372430064,0.3094202898550725,0.3032608695652174,0.3094202898550725,0.009626727334007434,0.010224974721941338,raw cells; independent half A/B within context×perturbation; controls split independently,"floor(min(n_left,n_right)/2) cells per half",0
nadig_hepg2_vs_jurkat,matched_budget_source_frozen_replication,sensitivity_min40,nadig_hepg2,nadig_hepg2,nadig_jurkat,absolute_effect_rank_agreement,20260914,"0,1",345,40,0.32924671385237614,0.3183181664981463,0.3286653185035389,0.3286653185035389,0.31769464105156725,0.32924671385237614,0.32924671385237614,0.0005813953488372214,0.0,raw cells; independent half A/B within context×perturbation; controls split independently,"floor(min(n_left,n_right)/2) cells per half",0
nadig_hepg2_vs_jurkat,matched_budget_source_frozen_replication,sensitivity_min40,nadig_hepg2,nadig_hepg2,nadig_jurkat,absolute_effect_rank_agreement,20260914,"0,2",345,40,0.32924671385237614,0.3183181664981463,0.3286653185035389,0.3286653185035389,0.3186215032018874,0.3296764408493428,0.3296764408493428,0.0005813953488372214,-0.0004297269969666395,raw cells; independent half A/B within context×perturbation; controls split independently,"floor(min(n_left,n_right)/2) cells per half",0
nadig_hepg2_vs_jurkat,matched_budget_source_frozen_replication,sensitivity_min40,nadig_hepg2,nadig_hepg2,nadig_jurkat,absolute_effect_rank_agreement,20260914,"1,2",345,40,0.32924671385237614,0.3183181664981463,0.3286653185035389,0.3286653185035389,0.31954836535220765,0.3290866194809572,0.3290866194809572,0.0005813953488372214,0.00016009437141895067,raw cells; independent half A/B within context×perturbation; controls split independently,"floor(min(n_left,n_right)/2) cells per half",0
nadig_hepg2_vs_jurkat,matched_budget_source_frozen_replication,sensitivity_min40,nadig_jurkat,nadig_hepg2,nadig_jurkat,delta_cosine,20260914,"0,1",345,40,0.321309403437816,0.3251263902932255,0.31172901921132457,0.3251263902932255,0.32521907650825754,0.3140377485675767,0.32521907650825754,-0.0038169868554094877,-0.003909673070441544,raw cells; independent half A/B within context×perturbation; controls split independently,"floor(min(n_left,n_right)/2) cells per half",0
nadig_hepg2_vs_jurkat,matched_budget_source_frozen_replication,sensitivity_min40,nadig_jurkat,nadig_hepg2,nadig_jurkat,delta_cosine,20260914,"0,2",345,40,0.321309403437816,0.3251263902932255,0.31172901921132457,0.3251263902932255,0.32526963262554764,0.3149393326592518,0.32526963262554764,-0.0038169868554094877,-0.003960229187731645,raw cells; independent half A/B within context×perturbation; controls split independently,"floor(min(n_left,n_right)/2) cells per half",0
nadig_hepg2_vs_jurkat,matched_budget_source_frozen_replication,sensitivity_min40,nadig_jurkat,nadig_hepg2,nadig_jurkat,delta_cosine,20260914,"1,2",345,40,0.321309403437816,0.3251263902932255,0.31172901921132457,0.3251263902932255,0.3245871250421301,0.31506572295247726,0.3245871250421301,-0.0038169868554094877,-0.00327772160431411,raw cells; independent half A/B within context×perturbation; controls split independently,"floor(min(n_left,n_right)/2) cells per half",0
nadig_hepg2_vs_jurkat,matched_budget_source_frozen_replication,sensitivity_min40,nadig_jurkat,nadig_hepg2,nadig_jurkat,systema_centroid_accuracy,20260914,"0,1",345,40,0.3206142568250758,0.32226996966632965,0.30133973710819006,0.32226996966632965,0.3234369733737782,0.3012554769127065,0.3234369733737782,-0.0016557128412538202,-0.002822716548702364,raw cells; independent half A/B within context×perturbation; controls split independently,"floor(min(n_left,n_right)/2) cells per half",0
nadig_hepg2_vs_jurkat,matched_budget_source_frozen_replication,sensitivity_min40,nadig_jurkat,nadig_hepg2,nadig_jurkat,systema_centroid_accuracy,20260914,"0,2",345,40,0.3206142568250758,0.32226996966632965,0.30133973710819006,0.32226996966632965,0.3221983485001685,0.30166835187057633,0.3221983485001685,-0.0016557128412538202,-0.0015840916750926581,raw cells; independent half A/B within context×perturbation; controls split independently,"floor(min(n_left,n_right)/2) cells per half",0
nadig_hepg2_vs_jurkat,matched_budget_source_frozen_replication,sensitivity_min40,nadig_jurkat,nadig_hepg2,nadig_jurkat,systema_centroid_accuracy,20260914,"1,2",345,40,0.3206142568250758,0.32226996966632965,0.30133973710819006,0.32226996966632965,0.3233822042467138,0.30137344118638354,0.3233822042467138,-0.0016557128412538202,-0.002767947421637995,raw cells; independent half A/B within context×perturbation; controls split independently,"floor(min(n_left,n_right)/2) cells per half",0
nadig_hepg2_vs_jurkat,matched_budget_source_frozen_replication,sensitivity_min40,nadig_jurkat,nadig_hepg2,nadig_jurkat,absolute_effect_rank_agreement,20260914,"0,1",345,40,0.329082406471183,0.3265419615773508,0.3237613751263903,0.3265419615773508,0.32661779575328614,0.3240225817323896,0.32661779575328614,0.00254044489383215,0.0024646107178968313,raw cells; independent half A/B within context×perturbation; controls split independently,"floor(min(n_left,n_right)/2) cells per half",0
nadig_hepg2_vs_jurkat,matched_budget_source_frozen_replication,sensitivity_min40,nadig_jurkat,nadig_hepg2,nadig_jurkat,absolute_effect_rank_agreement,20260914,"0,2",345,40,0.329082406471183,0.3265419615773508,0.3237613751263903,0.3265419615773508,0.3267441860465116,0.3247977755308392,0.3267441860465116,0.00254044489383215,0.0023382204246713556,raw cells; independent half A/B within context×perturbation; controls split independently,"floor(min(n_left,n_right)/2) cells per half",0
nadig_hepg2_vs_jurkat,matched_budget_source_frozen_replication,sensitivity_min40,nadig_jurkat,nadig_hepg2,nadig_jurkat,absolute_effect_rank_agreement,20260914,"1,2",345,40,0.329082406471183,0.3265419615773508,0.3237613751263903,0.3265419615773508,0.32691270643747894,0.3251011122345804,0.32691270643747894,0.00254044489383215,0.002169700033704036,raw cells; independent half A/B within context×perturbation; controls split independently,"floor(min(n_left,n_right)/2) cells per half",0
nadig_hepg2_vs_jurkat,matched_budget_source_frozen_replication,primary_min20,nadig_hepg2,nadig_hepg2,nadig_jurkat,delta_cosine,20260915,"0,1",1255,20,0.3315236661011457,0.3056425017632818,0.3167978802493376,0.3167978802493376,0.3057320955412799,0.3209363502926095,0.3209363502926095,0.014725785851808115,0.010587315808536224,raw cells; independent half A/B within context×perturbation; controls split independently,"floor(min(n_left,n_right)/2) cells per half",0
nadig_hepg2_vs_jurkat,matched_budget_source_frozen_replication,primary_min20,nadig_hepg2,nadig_hepg2,nadig_jurkat,delta_cosine,20260915,"0,2",1255,20,0.3315236661011457,0.3056425017632818,0.3167978802493376,0.3167978802493376,0.30627219987672916,0.319934933313,0.319934933313,0.014725785851808115,0.011588732788145706,raw cells; independent half A/B within context×perturbation; controls split independently,"floor(min(n_left,n_right)/2) cells per half",0
nadig_hepg2_vs_jurkat,matched_budget_source_frozen_replication,primary_min20,nadig_hepg2,nadig_hepg2,nadig_jurkat,delta_cosine,20260915,"1,2",1255,20,0.3315236661011457,0.3056425017632818,0.3167978802493376,0.3167978802493376,0.30676718961474675,0.32046995431352737,0.32046995431352737,0.014725785851808115,0.011053711787618326,raw cells; independent half A/B within context×perturbation; controls split independently,"floor(min(n_left,n_right)/2) cells per half",0
nadig_hepg2_vs_jurkat,matched_budget_source_frozen_replication,primary_min20,nadig_hepg2,nadig_hepg2,nadig_jurkat,systema_centroid_accuracy,20260915,"0,1",1255,20,0.3185633860093915,0.30269988626038113,0.3063128665561042,0.3063128665561042,0.3026458758268362,0.3100945500295469,0.3100945500295469,0.012250519453287312,0.008468835979844602,raw cells; independent half A/B within context×perturbation; controls split independently,"floor(min(n_left,n_right)/2) cells per half",0
nadig_hepg2_vs_jurkat,matched_budget_source_frozen_replication,primary_min20,nadig_hepg2,nadig_hepg2,nadig_jurkat,systema_centroid_accuracy,20260915,"0,2",1255,20,0.3185633860093915,0.30269988626038113,0.3063128665561042,0.3063128665561042,0.3028943238211429,0.30861053394079185,0.30861053394079185,0.012250519453287312,0.009952852068599638,raw cells; independent half A/B within context×perturbation; controls split independently,"floor(min(n_left,n_right)/2) cells per half",0
nadig_hepg2_vs_jurkat,matched_budget_source_frozen_replication,primary_min20,nadig_hepg2,nadig_hepg2,nadig_jurkat,systema_centroid_accuracy,20260915,"1,2",1255,20,0.3185633860093915,0.30269988626038113,0.3063128665561042,0.3063128665561042,0.3030636624157278,0.3093863779332431,0.3093863779332431,0.012250519453287312,0.009177008076148407,raw cells; independent half A/B within context×perturbation; controls split independently,"floor(min(n_left,n_right)/2) cells per half",0
nadig_hepg2_vs_jurkat,matched_budget_source_frozen_replication,primary_min20,nadig_hepg2,nadig_hepg2,nadig_jurkat,absolute_effect_rank_agreement,20260915,"0,1",1255,20,0.3319284266443,0.3214345171149533,0.30848789848580166,0.3214345171149533,0.32129917332265834,0.31310515513702764,0.32129917332265834,0.010493909529346701,0.010629253321641663,raw cells; independent half A/B within context×perturbation; controls split independently,"floor(min(n_left,n_right)/2) cells per half",0
nadig_hepg2_vs_jurkat,matched_budget_source_frozen_replication,primary_min20,nadig_hepg2,nadig_hepg2,nadig_jurkat,absolute_effect_rank_agreement,20260915,"0,2",1255,20,0.3319284266443,0.3214345171149533,0.30848789848580166,0.3214345171149533,0.3215228400592208,0.31310706138762334,0.3215228400592208,0.010493909529346701,0.010405586585079174,raw cells; independent half A/B within context×perturbation; controls split independently,"floor(min(n_left,n_right)/2) cells per half",0
nadig_hepg2_vs_jurkat,matched_budget_source_frozen_replication,primary_min20,nadig_hepg2,nadig_hepg2,nadig_jurkat,absolute_effect_rank_agreement,20260915,"1,2",1255,20,0.3319284266443,0.3214345171149533,0.30848789848580166,0.3214345171149533,0.32232918406120337,0.31415105129720355,0.32232918406120337,0.010493909529346701,0.009599242583096634,raw cells; independent half A/B within context×perturbation; controls split independently,"floor(min(n_left,n_right)/2) cells per half",0
nadig_hepg2_vs_jurkat,matched_budget_source_frozen_replication,primary_min20,nadig_jurkat,nadig_hepg2,nadig_jurkat,delta_cosine,20260915,"0,1",1255,20,0.33173271824980777,0.3257826747237525,0.3183241515596307,0.3257826747237525,0.3261899769343678,0.3227240956429466,0.3261899769343678,0.005950043526055271,0.00554274131543997,raw cells; independent half A/B within context×perturbation; controls split independently,"floor(min(n_left,n_right)/2) cells per half",0
nadig_hepg2_vs_jurkat,matched_budget_source_frozen_replication,primary_min20,nadig_jurkat,nadig_hepg2,nadig_jurkat,delta_cosine,20260915,"0,2",1255,20,0.33173271824980777,0.3257826747237525,0.3183241515596307,0.3257826747237525,0.3261550290067799,0.3220162412550754,0.3261550290067799,0.005950043526055271,0.005577689243027872,raw cells; independent half A/B within context×perturbation; controls split independently,"floor(min(n_left,n_right)/2) cells per half",0
nadig_hepg2_vs_jurkat,matched_budget_source_frozen_replication,primary_min20,nadig_jurkat,nadig_hepg2,nadig_jurkat,delta_cosine,20260915,"1,2",1255,20,0.33173271824980777,0.3257826747237525,0.3183241515596307,0.3257826747237525,0.3268387375537722,0.3219260120602121,0.3268387375537722,0.005950043526055271,0.0048939806960355825,raw cells; independent half A/B within context×perturbation; controls split independently,"floor(min(n_left,n_right)/2) cells per half",0
nadig_hepg2_vs_jurkat,matched_budget_source_frozen_replication,primary_min20,nadig_jurkat,nadig_hepg2,nadig_jurkat,systema_centroid_accuracy,20260915,"0,1",1255,20,0.320618006443127,0.31287100402218876,0.30348081358775425,0.31287100402218876,0.3126486081193567,0.3073727418873151,0.3126486081193567,0.0077470024209382315,0.007969398323770305,raw cells; independent half A/B within context×perturbation; controls split independently,"floor(min(n_left,n_right)/2) cells per half",0
nadig_hepg2_vs_jurkat,matched_budget_source_frozen_replication,primary_min20,nadig_jurkat,nadig_hepg2,nadig_jurkat,systema_centroid_accuracy,20260915,"0,2",1255,20,0.320618006443127,0.31287100402218876,0.30348081358775425,0.31287100402218876,0.3127852227453821,0.3079226951841756,0.3127852227453821,0.0077470024209382315,0.007832783697744872,raw cells; independent half A/B within context×perturbation; controls split independently,"floor(min(n_left,n_right)/2) cells per half",0
nadig_hepg2_vs_jurkat,matched_budget_source_frozen_replication,primary_min20,nadig_jurkat,nadig_hepg2,nadig_jurkat,systema_centroid_accuracy,20260915,"1,2",1255,20,0.320618006443127,0.31287100402218876,0.30348081358775425,0.31287100402218876,0.3126648112494202,0.3060498039738971,0.3126648112494202,0.0077470024209382315,0.007953195193706797,raw cells; independent half A/B within context×perturbation; controls split independently,"floor(min(n_left,n_right)/2) cells per half",0
nadig_hepg2_vs_jurkat,matched_budget_source_frozen_replication,primary_min20,nadig_jurkat,nadig_hepg2,nadig_jurkat,absolute_effect_rank_agreement,20260915,"0,1",1255,20,0.3296126498789531,0.32709862305165305,0.3045781785140141,0.32709862305165305,0.3281947171441824,0.31000241458408795,0.3281947171441824,0.0025140268273000643,0.0014179327347706994,raw cells; independent half A/B within context×perturbation; controls split independently,"floor(min(n_left,n_right)/2) cells per half",0
nadig_hepg2_vs_jurkat,matched_budget_source_frozen_replication,primary_min20,nadig_jurkat,nadig_hepg2,nadig_jurkat,absolute_effect_rank_agreement,20260915,"0,2",1255,20,0.3296126498789531,0.32709862305165305,0.3045781785140141,0.32709862305165305,0.32712785222745383,0.31083481067754504,0.32712785222745383,0.0025140268273000643,0.002484797651499282,raw cells; independent half A/B within context×perturbation; controls split independently,"floor(min(n_left,n_right)/2) cells per half",0
nadig_hepg2_vs_jurkat,matched_budget_source_frozen_replication,primary_min20,nadig_jurkat,nadig_hepg2,nadig_jurkat,absolute_effect_rank_agreement,20260915,"1,2",1255,20,0.3296126498789531,0.32709862305165305,0.3045781785140141,0.32709862305165305,0.3277480190879226,0.31062575852888286,0.3277480190879226,0.0025140268273000643,0.0018646307910304971,raw cells; independent half A/B within context×perturbation; controls split independently,"floor(min(n_left,n_right)/2) cells per half",0
nadig_hepg2_vs_jurkat,matched_budget_source_frozen_replication,sensitivity_min40,nadig_hepg2,nadig_hepg2,nadig_jurkat,delta_cosine,20260915,"0,1",345,40,0.31193966970003373,0.2861644759015841,0.3379002359285474,0.3379002359285474,0.28604651162790695,0.33855746545331983,0.33855746545331983,-0.02596056622851367,-0.0266177957532861,raw cells; independent half A/B within context×perturbation; controls split independently,"floor(min(n_left,n_right)/2) cells per half",0
nadig_hepg2_vs_jurkat,matched_budget_source_frozen_replication,sensitivity_min40,nadig_hepg2,nadig_hepg2,nadig_jurkat,delta_cosine,20260915,"0,2",345,40,0.31193966970003373,0.2861644759015841,0.3379002359285474,0.3379002359285474,0.28600438153016516,0.33923154701718905,0.33923154701718905,-0.02596056622851367,-0.027291877317155322,raw cells; independent half A/B within context×perturbation; controls split independently,"floor(min(n_left,n_right)/2) cells per half",0
nadig_hepg2_vs_jurkat,matched_budget_source_frozen_replication,sensitivity_min40,nadig_hepg2,nadig_hepg2,nadig_jurkat,delta_cosine,20260915,"1,2",345,40,0.31193966970003373,0.2861644759015841,0.3379002359285474,0.3379002359285474,0.28594539939332664,0.33899983147960905,0.33899983147960905,-0.02596056622851367,-0.02706016177957532,raw cells; independent half A/B within context×perturbation; controls split independently,"floor(min(n_left,n_right)/2) cells per half",0
nadig_hepg2_vs_jurkat,matched_budget_source_frozen_replication,sensitivity_min40,nadig_hepg2,nadig_hepg2,nadig_jurkat,systema_centroid_accuracy,20260915,"0,1",345,40,0.31059571958206944,0.29847489046174586,0.33234748904617456,0.33234748904617456,0.2992585102797438,0.33339652847994605,0.33339652847994605,-0.02175176946410512,-0.022800808897876612,raw cells; independent half A/B within context×perturbation; controls split independently,"floor(min(n_left,n_right)/2) cells per half",0
nadig_hepg2_vs_jurkat,matched_budget_source_frozen_replication,sensitivity_min40,nadig_hepg2,nadig_hepg2,nadig_jurkat,systema_centroid_accuracy,20260915,"0,2",345,40,0.31059571958206944,0.29847489046174586,0.33234748904617456,0.33234748904617456,0.2990267947421638,0.3331774519716886,0.3331774519716886,-0.02175176946410512,-0.022581732389619136,raw cells; independent half A/B within context×perturbation; controls split independently,"floor(min(n_left,n_right)/2) cells per half",0
nadig_hepg2_vs_jurkat,matched_budget_source_frozen_replication,sensitivity_min40,nadig_hepg2,nadig_hepg2,nadig_jurkat,systema_centroid_accuracy,20260915,"1,2",345,40,0.31059571958206944,0.29847489046174586,0.33234748904617456,0.33234748904617456,0.2985085945399393,0.3313953488372093,0.3313953488372093,-0.02175176946410512,-0.02079962925513984,raw cells; independent half A/B within context×perturbation; controls split independently,"floor(min(n_left,n_right)/2) cells per half",0
nadig_hepg2_vs_jurkat,matched_budget_source_frozen_replication,sensitivity_min40,nadig_hepg2,nadig_hepg2,nadig_jurkat,absolute_effect_rank_agreement,20260915,"0,1",345,40,0.33407061004381533,0.30490394337714866,0.33855746545331983,0.33855746545331983,0.3043309740478598,0.33857431749241657,0.33857431749241657,-0.004486855409504498,-0.004503707448601235,raw cells; independent half A/B within context×perturbation; controls split independently,"floor(min(n_left,n_right)/2) cells per half",0
nadig_hepg2_vs_jurkat,matched_budget_source_frozen_replication,sensitivity_min40,nadig_hepg2,nadig_hepg2,nadig_jurkat,absolute_effect_rank_agreement,20260915,"0,2",345,40,0.33407061004381533,0.30490394337714866,0.33855746545331983,0.33855746545331983,0.30508931580721266,0.33858274351196493,0.33858274351196493,-0.004486855409504498,-0.004512133468149604,raw cells; independent half A/B within context×perturbation; controls split independently,"floor(min(n_left,n_right)/2) cells per half",0
nadig_hepg2_vs_jurkat,matched_budget_source_frozen_replication,sensitivity_min40,nadig_hepg2,nadig_hepg2,nadig_jurkat,absolute_effect_rank_agreement,20260915,"1,2",345,40,0.33407061004381533,0.30490394337714866,0.33855746545331983,0.33855746545331983,0.3060498820357263,0.33904617458712505,0.33904617458712505,-0.004486855409504498,-0.004975564543309718,raw cells; independent half A/B within context×perturbation; controls split independently,"floor(min(n_left,n_right)/2) cells per half",0
nadig_hepg2_vs_jurkat,matched_budget_source_frozen_replication,sensitivity_min40,nadig_jurkat,nadig_hepg2,nadig_jurkat,delta_cosine,20260915,"0,1",345,40,0.31964105156723965,0.3138692281766094,0.33653522076171216,0.33653522076171216,0.31419784293899566,0.33804347826086956,0.33804347826086956,-0.016894169194472508,-0.018402426693629903,raw cells; independent half A/B within context×perturbation; controls split independently,"floor(min(n_left,n_right)/2) cells per half",0
nadig_hepg2_vs_jurkat,matched_budget_source_frozen_replication,sensitivity_min40,nadig_jurkat,nadig_hepg2,nadig_jurkat,delta_cosine,20260915,"0,2",345,40,0.31964105156723965,0.3138692281766094,0.33653522076171216,0.33653522076171216,0.3136754297269969,0.33772328951803166,0.33772328951803166,-0.016894169194472508,-0.018082237950792,raw cells; independent half A/B within context×perturbation; controls split independently,"floor(min(n_left,n_right)/2) cells per half",0
nadig_hepg2_vs_jurkat,matched_budget_source_frozen_replication,sensitivity_min40,nadig_jurkat,nadig_hepg2,nadig_jurkat,delta_cosine,20260915,"1,2",345,40,0.31964105156723965,0.3138692281766094,0.33653522076171216,0.33653522076171216,0.3147623862487361,0.33748736097067744,0.33748736097067744,-0.016894169194472508,-0.017846309403437788,raw cells; independent half A/B within context×perturbation; controls split independently,"floor(min(n_left,n_right)/2) cells per half",0
nadig_hepg2_vs_jurkat,matched_budget_source_frozen_replication,sensitivity_min40,nadig_jurkat,nadig_hepg2,nadig_jurkat,systema_centroid_accuracy,20260915,"0,1",345,40,0.3160136501516684,0.31204078193461404,0.3330384226491405,0.3330384226491405,0.31199865183687225,0.3322590158409167,0.3322590158409167,-0.01702477249747214,-0.016245365689248337,raw cells; independent half A/B within context×perturbation; controls split independently,"floor(min(n_left,n_right)/2) cells per half",0
nadig_hepg2_vs_jurkat,matched_budget_source_frozen_replication,sensitivity_min40,nadig_jurkat,nadig_hepg2,nadig_jurkat,systema_centroid_accuracy,20260915,"0,2",345,40,0.3160136501516684,0.31204078193461404,0.3330384226491405,0.3330384226491405,0.312453656892484,0.33274772497472194,0.33274772497472194,-0.01702477249747214,-0.016734074823053557,raw cells; independent half A/B within context×perturbation; controls split independently,"floor(min(n_left,n_right)/2) cells per half",0
nadig_hepg2_vs_jurkat,matched_budget_source_frozen_replication,sensitivity_min40,nadig_jurkat,nadig_hepg2,nadig_jurkat,systema_centroid_accuracy,20260915,"1,2",345,40,0.3160136501516684,0.31204078193461404,0.3330384226491405,0.3330384226491405,0.31214189416919447,0.3327055948769801,0.3327055948769801,-0.01702477249747214,-0.016691944725311714,raw cells; independent half A/B within context×perturbation; controls split independently,"floor(min(n_left,n_right)/2) cells per half",0
nadig_hepg2_vs_jurkat,matched_budget_source_frozen_replication,sensitivity_min40,nadig_jurkat,nadig_hepg2,nadig_jurkat,absolute_effect_rank_agreement,20260915,"0,1",345,40,0.3294152342433434,0.3163633299629255,0.3397539602291877,0.3397539602291877,0.31724806201550393,0.3399772497472194,0.3399772497472194,-0.010338725985844288,-0.010562015503875977,raw cells; independent half A/B within context×perturbation; controls split independently,"floor(min(n_left,n_right)/2) cells per half",0
nadig_hepg2_vs_jurkat,matched_budget_source_frozen_replication,sensitivity_min40,nadig_jurkat,nadig_hepg2,nadig_jurkat,absolute_effect_rank_agreement,20260915,"0,2",345,40,0.3294152342433434,0.3163633299629255,0.3397539602291877,0.3397539602291877,0.3165655544320863,0.3407355915065723,0.3407355915065723,-0.010338725985844288,-0.011320357263228886,raw cells; independent half A/B within context×perturbation; controls split independently,"floor(min(n_left,n_right)/2) cells per half",0
nadig_hepg2_vs_jurkat,matched_budget_source_frozen_replication,sensitivity_min40,nadig_jurkat,nadig_hepg2,nadig_jurkat,absolute_effect_rank_agreement,20260915,"1,2",345,40,0.3294152342433434,0.3163633299629255,0.3397539602291877,0.3397539602291877,0.3177536231884058,0.340175261206606,0.340175261206606,-0.010338725985844288,-0.010760026963262614,raw cells; independent half A/B within context×perturbation; controls split independently,"floor(min(n_left,n_right)/2) cells per half",0
nadig_hepg2_vs_jurkat,matched_budget_source_frozen_replication,primary_min20,nadig_hepg2,nadig_hepg2,nadig_jurkat,delta_cosine,20260916,"0,1",1255,20,0.3220283141755148,0.30280600087687526,0.316392484289318,0.316392484289318,0.3028507977658743,0.31963660509477243,0.31963660509477243,0.005635829886196819,0.002391709080742377,raw cells; independent half A/B within context×perturbation; controls split independently,"floor(min(n_left,n_right)/2) cells per half",0
nadig_hepg2_vs_jurkat,matched_budget_source_frozen_replication,primary_min20,nadig_hepg2,nadig_hepg2,nadig_jurkat,delta_cosine,20260916,"0,2",1255,20,0.3220283141755148,0.30280600087687526,0.316392484289318,0.316392484289318,0.30338836043386264,0.3180105733366375,0.3180105733366375,0.005635829886196819,0.004017740838877293,raw cells; independent half A/B within context×perturbation; controls split independently,"floor(min(n_left,n_right)/2) cells per half",0
nadig_hepg2_vs_jurkat,matched_budget_source_frozen_replication,primary_min20,nadig_hepg2,nadig_hepg2,nadig_jurkat,delta_cosine,20260916,"1,2",1255,20,0.3220283141755148,0.30280600087687526,0.316392484289318,0.316392484289318,0.3034175896096635,0.31914225077362,0.31914225077362,0.005635829886196819,0.0028860634018947895,raw cells; independent half A/B within context×perturbation; controls split independently,"floor(min(n_left,n_right)/2) cells per half",0
nadig_hepg2_vs_jurkat,matched_budget_source_frozen_replication,primary_min20,nadig_hepg2,nadig_hepg2,nadig_jurkat,systema_centroid_accuracy,20260916,"0,1",1255,20,0.3123277226024133,0.29937347897087885,0.3053578350076568,0.3053578350076568,0.29964130717957516,0.3053124027017925,0.3053124027017925,0.00696988759475653,0.00701531990062082,raw cells; independent half A/B within context×perturbation; controls split independently,"floor(min(n_left,n_right)/2) cells per half",0
nadig_hepg2_vs_jurkat,matched_budget_source_frozen_replication,primary_min20,nadig_hepg2,nadig_hepg2,nadig_jurkat,systema_centroid_accuracy,20260916,"0,2",1255,20,0.3123277226024133,0.29937347897087885,0.3053578350076568,0.3053578350076568,0.29904846324431145,0.30557101736594294,0.30557101736594294,0.00696988759475653,0.006756705236470373,raw cells; independent half A/B within context×perturbation; controls split independently,"floor(min(n_left,n_right)/2) cells per half",0
nadig_hepg2_vs_jurkat,matched_budget_source_frozen_replication,primary_min20,nadig_hepg2,nadig_hepg2,nadig_jurkat,systema_centroid_accuracy,20260916,"1,2",1255,20,0.3123277226024133,0.29937347897087885,0.3053578350076568,0.3053578350076568,0.29971056761788567,0.30487873069127003,0.30487873069127003,0.00696988759475653,0.007448991911143288,raw cells; independent half A/B within context×perturbation; controls split independently,"floor(min(n_left,n_right)/2) cells per half",0
nadig_hepg2_vs_jurkat,matched_budget_source_frozen_replication,primary_min20,nadig_hepg2,nadig_hepg2,nadig_jurkat,absolute_effect_rank_agreement,20260916,"0,1",1255,20,0.3304088272110919,0.3229264759145237,0.30801070042001055,0.3229264759145237,0.3224721528558811,0.3115846025785216,0.3224721528558811,0.007482351296568157,0.007936674355210782,raw cells; independent half A/B within context×perturbation; controls split independently,"floor(min(n_left,n_right)/2) cells per half",0
nadig_hepg2_vs_jurkat,matched_budget_source_frozen_replication,primary_min20,nadig_hepg2,nadig_hepg2,nadig_jurkat,absolute_effect_rank_agreement,20260916,"0,2",1255,20,0.3304088272110919,0.3229264759145237,0.30801070042001055,0.3229264759145237,0.3231158301403636,0.31148166504635366,0.3231158301403636,0.007482351296568157,0.00729299707072828,raw cells; independent half A/B within context×perturbation; controls split independently,"floor(min(n_left,n_right)/2) cells per half",0
nadig_hepg2_vs_jurkat,matched_budget_source_frozen_replication,primary_min20,nadig_hepg2,nadig_hepg2,nadig_jurkat,absolute_effect_rank_agreement,20260916,"1,2",1255,20,0.3304088272110919,0.3229264759145237,0.30801070042001055,0.3229264759145237,0.32345133024520734,0.3115223317257287,0.32345133024520734,0.007482351296568157,0.0069574969658845465,raw cells; independent half A/B within context×perturbation; controls split independently,"floor(min(n_left,n_right)/2) cells per half",0
nadig_hepg2_vs_jurkat,matched_budget_source_frozen_replication,primary_min20,nadig_jurkat,nadig_hepg2,nadig_jurkat,delta_cosine,20260916,"0,1",1255,20,0.3203123709309492,0.3188394746373358,0.31713655743850755,0.3188394746373358,0.3195956207069648,0.3192617091442841,0.3195956207069648,0.0014728962936134127,0.0007167502239844303,raw cells; independent half A/B within context×perturbation; controls split independently,"floor(min(n_left,n_right)/2) cells per half",0
nadig_hepg2_vs_jurkat,matched_budget_source_frozen_replication,primary_min20,nadig_jurkat,nadig_hepg2,nadig_jurkat,delta_cosine,20260916,"0,2",1255,20,0.3203123709309492,0.3188394746373358,0.31713655743850755,0.3188394746373358,0.3197576520075996,0.3207577981534786,0.3207577981534786,0.0014728962936134127,-0.00044542722252938205,raw cells; independent half A/B within context×perturbation; controls split independently,"floor(min(n_left,n_right)/2) cells per half",0
nadig_hepg2_vs_jurkat,matched_budget_source_frozen_replication,primary_min20,nadig_jurkat,nadig_hepg2,nadig_jurkat,delta_cosine,20260916,"1,2",1255,20,0.3203123709309492,0.3188394746373358,0.31713655743850755,0.3188394746373358,0.3192931622791132,0.31921595912998724,0.3192931622791132,0.0014728962936134127,0.0010192086518360233,raw cells; independent half A/B within context×perturbation; controls split independently,"floor(min(n_left,n_right)/2) cells per half",0
nadig_hepg2_vs_jurkat,matched_budget_source_frozen_replication,primary_min20,nadig_jurkat,nadig_hepg2,nadig_jurkat,systema_centroid_accuracy,20260916,"0,1",1255,20,0.31578407264085606,0.31214726421268674,0.3078747212108504,0.31214726421268674,0.31233280593733515,0.31058636268323836,0.31233280593733515,0.0036368084281693247,0.0034512667035209166,raw cells; independent half A/B within context×perturbation; controls split independently,"floor(min(n_left,n_right)/2) cells per half",0
nadig_hepg2_vs_jurkat,matched_budget_source_frozen_replication,primary_min20,nadig_jurkat,nadig_hepg2,nadig_jurkat,systema_centroid_accuracy,20260916,"0,2",1255,20,0.31578407264085606,0.31214726421268674,0.3078747212108504,0.31214726421268674,0.3124357434695032,0.3114260660706456,0.3124357434695032,0.0036368084281693247,0.0033483291713528596,raw cells; independent half A/B within context×perturbation; controls split independently,"floor(min(n_left,n_right)/2) cells per half",0
nadig_hepg2_vs_jurkat,matched_budget_source_frozen_replication,primary_min20,nadig_jurkat,nadig_hepg2,nadig_jurkat,systema_centroid_accuracy,20260916,"1,2",1255,20,0.31578407264085606,0.31214726421268674,0.3078747212108504,0.31214726421268674,0.3120878527357873,0.308997185103287,0.3120878527357873,0.0036368084281693247,0.0036962199050687428,raw cells; independent half A/B within context×perturbation; controls split independently,"floor(min(n_left,n_right)/2) cells per half",0
nadig_hepg2_vs_jurkat,matched_budget_source_frozen_replication,primary_min20,nadig_jurkat,nadig_hepg2,nadig_jurkat,absolute_effect_rank_agreement,20260916,"0,1",1255,20,0.3301886552672881,0.32424814299421134,0.3047154285569047,0.32424814299421134,0.3258824351715943,0.30776860659435623,0.3258824351715943,0.005940512273076737,0.004306220095693758,raw cells; independent half A/B within context×perturbation; controls split independently,"floor(min(n_left,n_right)/2) cells per half",0
nadig_hepg2_vs_jurkat,matched_budget_source_frozen_replication,primary_min20,nadig_jurkat,nadig_hepg2,nadig_jurkat,absolute_effect_rank_agreement,20260916,"0,2",1255,20,0.3301886552672881,0.32424814299421134,0.3047154285569047,0.32424814299421134,0.32496425780133054,0.30902228406946375,0.32496425780133054,0.005940512273076737,0.005224397465957542,raw cells; independent half A/B within context×perturbation; controls split independently,"floor(min(n_left,n_right)/2) cells per half",0
nadig_hepg2_vs_jurkat,matched_budget_source_frozen_replication,primary_min20,nadig_jurkat,nadig_hepg2,nadig_jurkat,absolute_effect_rank_agreement,20260916,"1,2",1255,20,0.3301886552672881,0.32424814299421134,0.3047154285569047,0.32424814299421134,0.32530611207482674,0.30876366940531336,0.32530611207482674,0.005940512273076737,0.004882543192461342,raw cells; independent half A/B within context×perturbation; controls split independently,"floor(min(n_left,n_right)/2) cells per half",0
nadig_hepg2_vs_jurkat,matched_budget_source_frozen_replication,sensitivity_min40,nadig_hepg2,nadig_hepg2,nadig_jurkat,delta_cosine,20260916,"0,1",345,40,0.3316144253454668,0.2938827098078867,0.3090242669362993,0.3090242669362993,0.29445567913717563,0.3093823727671048,0.3093823727671048,0.022590158409167505,0.022232052578362027,raw cells; independent half A/B within context×perturbation; controls split independently,"floor(min(n_left,n_right)/2) cells per half",0
nadig_hepg2_vs_jurkat,matched_budget_source_frozen_replication,sensitivity_min40,nadig_hepg2,nadig_hepg2,nadig_jurkat,delta_cosine,20260916,"0,2",345,40,0.3316144253454668,0.2938827098078867,0.3090242669362993,0.3090242669362993,0.29447253117627237,0.31020812268284464,0.31020812268284464,0.022590158409167505,0.021406302662622168,raw cells; independent half A/B within context×perturbation; controls split independently,"floor(min(n_left,n_right)/2) cells per half",0
nadig_hepg2_vs_jurkat,matched_budget_source_frozen_replication,sensitivity_min40,nadig_hepg2,nadig_hepg2,nadig_jurkat,delta_cosine,20260916,"1,2",345,40,0.3316144253454668,0.2938827098078867,0.3090242669362993,0.3090242669362993,0.29413549039433773,0.30986265588136164,0.30986265588136164,0.022590158409167505,0.021751769464105175,raw cells; independent half A/B within context×perturbation; controls split independently,"floor(min(n_left,n_right)/2) cells per half",0
nadig_hepg2_vs_jurkat,matched_budget_source_frozen_replication,sensitivity_min40,nadig_hepg2,nadig_hepg2,nadig_jurkat,systema_centroid_accuracy,20260916,"0,1",345,40,0.3313953488372093,0.31294236602628916,0.31499831479609036,0.31499831479609036,0.31462756993596225,0.3145348837209302,0.31462756993596225,0.01639703404111892,0.016767778901247032,raw cells; independent half A/B within context×perturbation; controls split independently,"floor(min(n_left,n_right)/2) cells per half",0
nadig_hepg2_vs_jurkat,matched_budget_source_frozen_replication,sensitivity_min40,nadig_hepg2,nadig_hepg2,nadig_jurkat,systema_centroid_accuracy,20260916,"0,2",345,40,0.3313953488372093,0.31294236602628916,0.31499831479609036,0.31499831479609036,0.3123019885406134,0.31692366026289176,0.31692366026289176,0.01639703404111892,0.01447168857431752,raw cells; independent half A/B within context×perturbation; controls split independently,"floor(min(n_left,n_right)/2) cells per half",0
nadig_hepg2_vs_jurkat,matched_budget_source_frozen_replication,sensitivity_min40,nadig_hepg2,nadig_hepg2,nadig_jurkat,systema_centroid_accuracy,20260916,"1,2",345,40,0.3313953488372093,0.31294236602628916,0.31499831479609036,0.31499831479609036,0.31306033029996627,0.3139829794405123,0.3139829794405123,0.01639703404111892,0.01741236939669699,raw cells; independent half A/B within context×perturbation; controls split independently,"floor(min(n_left,n_right)/2) cells per half",0
nadig_hepg2_vs_jurkat,matched_budget_source_frozen_replication,sensitivity_min40,nadig_hepg2,nadig_hepg2,nadig_jurkat,absolute_effect_rank_agreement,20260916,"0,1",345,40,0.332402258173239,0.31388608021570613,0.3218149646107179,0.3218149646107179,0.31304347826086953,0.32177283451297606,0.32177283451297606,0.010587293562521083,0.010629423660262927,raw cells; independent half A/B within context×perturbation; controls split independently,"floor(min(n_left,n_right)/2) cells per half",0
nadig_hepg2_vs_jurkat,matched_budget_source_frozen_replication,sensitivity_min40,nadig_hepg2,nadig_hepg2,nadig_jurkat,absolute_effect_rank_agreement,20260916,"0,2",345,40,0.332402258173239,0.31388608021570613,0.3218149646107179,0.3218149646107179,0.31469497809234914,0.32153690596562184,0.32153690596562184,0.010587293562521083,0.01086535220761714,raw cells; independent half A/B within context×perturbation; controls split independently,"floor(min(n_left,n_right)/2) cells per half",0
nadig_hepg2_vs_jurkat,matched_budget_source_frozen_replication,sensitivity_min40,nadig_hepg2,nadig_hepg2,nadig_jurkat,absolute_effect_rank_agreement,20260916,"1,2",345,40,0.332402258173239,0.31388608021570613,0.3218149646107179,0.3218149646107179,0.314046174587125,0.32209302325581396,0.32209302325581396,0.010587293562521083,0.010309234917425025,raw cells; independent half A/B within context×perturbation; controls split independently,"floor(min(n_left,n_right)/2) cells per half",0
nadig_hepg2_vs_jurkat,matched_budget_source_frozen_replication,sensitivity_min40,nadig_jurkat,nadig_hepg2,nadig_jurkat,delta_cosine,20260916,"0,1",345,40,0.3321073474890462,0.3234748904617459,0.3121924502864847,0.3234748904617459,0.32342433434445567,0.3125126390293225,0.32342433434445567,0.008632457027300311,0.008683013144590523,raw cells; independent half A/B within context×perturbation; controls split independently,"floor(min(n_left,n_right)/2) cells per half",0
nadig_hepg2_vs_jurkat,matched_budget_source_frozen_replication,sensitivity_min40,nadig_jurkat,nadig_hepg2,nadig_jurkat,delta_cosine,20260916,"0,2",345,40,0.3321073474890462,0.3234748904617459,0.3121924502864847,0.3234748904617459,0.32422480620155036,0.31253791708796763,0.32422480620155036,0.008632457027300311,0.007882541287495826,raw cells; independent half A/B within context×perturbation; controls split independently,"floor(min(n_left,n_right)/2) cells per half",0
nadig_hepg2_vs_jurkat,matched_budget_source_frozen_replication,sensitivity_min40,nadig_jurkat,nadig_hepg2,nadig_jurkat,delta_cosine,20260916,"1,2",345,40,0.3321073474890462,0.3234748904617459,0.3121924502864847,0.3234748904617459,0.32371924502864846,0.31209133805190425,0.32371924502864846,0.008632457027300311,0.008388102460397728,raw cells; independent half A/B within context×perturbation; controls split independently,"floor(min(n_left,n_right)/2) cells per half",0
nadig_hepg2_vs_jurkat,matched_budget_source_frozen_replication,sensitivity_min40,nadig_jurkat,nadig_hepg2,nadig_jurkat,systema_centroid_accuracy,20260916,"0,1",345,40,0.33640461745871253,0.3224384900572969,0.3159757330637007,0.3224384900572969,0.32347489046174593,0.315659757330637,0.32347489046174593,0.013966127401415618,0.012929726996966595,raw cells; independent half A/B within context×perturbation; controls split independently,"floor(min(n_left,n_right)/2) cells per half",0
nadig_hepg2_vs_jurkat,matched_budget_source_frozen_replication,sensitivity_min40,nadig_jurkat,nadig_hepg2,nadig_jurkat,systema_centroid_accuracy,20260916,"0,2",345,40,0.33640461745871253,0.3224384900572969,0.3159757330637007,0.3224384900572969,0.32332743511964945,0.31520896528479947,0.32332743511964945,0.013966127401415618,0.013077182339063076,raw cells; independent half A/B within context×perturbation; controls split independently,"floor(min(n_left,n_right)/2) cells per half",0
nadig_hepg2_vs_jurkat,matched_budget_source_frozen_replication,sensitivity_min40,nadig_jurkat,nadig_hepg2,nadig_jurkat,systema_centroid_accuracy,20260916,"1,2",345,40,0.33640461745871253,0.3224384900572969,0.3159757330637007,0.3224384900572969,0.32255224132119986,0.312891809908999,0.32255224132119986,0.013966127401415618,0.013852376137512667,raw cells; independent half A/B within context×perturbation; controls split independently,"floor(min(n_left,n_right)/2) cells per half",0
nadig_hepg2_vs_jurkat,matched_budget_source_frozen_replication,sensitivity_min40,nadig_jurkat,nadig_hepg2,nadig_jurkat,absolute_effect_rank_agreement,20260916,"0,1",345,40,0.33501853724300645,0.3180990899898888,0.32092180653859115,0.32092180653859115,0.319396697000337,0.3220845972362656,0.3220845972362656,0.014096730704415306,0.012933940006740863,raw cells; independent half A/B within context×perturbation; controls split independently,"floor(min(n_left,n_right)/2) cells per half",0
nadig_hepg2_vs_jurkat,matched_budget_source_frozen_replication,sensitivity_min40,nadig_jurkat,nadig_hepg2,nadig_jurkat,absolute_effect_rank_agreement,20260916,"0,2",345,40,0.33501853724300645,0.3180990899898888,0.32092180653859115,0.32092180653859115,0.31831816649814626,0.3228766430738119,0.3228766430738119,0.014096730704415306,0.012141894169194534,raw cells; independent half A/B within context×perturbation; controls split independently,"floor(min(n_left,n_right)/2) cells per half",0
nadig_hepg2_vs_jurkat,matched_budget_source_frozen_replication,sensitivity_min40,nadig_jurkat,nadig_hepg2,nadig_jurkat,absolute_effect_rank_agreement,20260916,"1,2",345,40,0.33501853724300645,0.3180990899898888,0.32092180653859115,0.32092180653859115,0.3188911358274351,0.32221941354903944,0.32221941354903944,0.014096730704415306,0.012799123693967018,raw cells; independent half A/B within context×perturbation; controls split independently,"floor(min(n_left,n_right)/2) cells per half",0
nadig_hepg2_vs_jurkat,matched_budget_source_frozen_replication,primary_min20,nadig_hepg2,nadig_hepg2,nadig_jurkat,delta_cosine,20260917,"0,1",1255,20,0.3332440572637679,0.30020968756552735,0.31844551618089045,0.31844551618089045,0.30047846889952157,0.32292679362295634,0.32292679362295634,0.014798541082877426,0.010317263640811536,raw cells; independent half A/B within context×perturbation; controls split independently,"floor(min(n_left,n_right)/2) cells per half",0
nadig_hepg2_vs_jurkat,matched_budget_source_frozen_replication,primary_min20,nadig_hepg2,nadig_hepg2,nadig_jurkat,delta_cosine,20260917,"0,2",1255,20,0.3332440572637679,0.30020968756552735,0.31844551618089045,0.31844551618089045,0.30013343754169924,0.32123499621926965,0.32123499621926965,0.014798541082877426,0.012009061044498226,raw cells; independent half A/B within context×perturbation; controls split independently,"floor(min(n_left,n_right)/2) cells per half",0
nadig_hepg2_vs_jurkat,matched_budget_source_frozen_replication,primary_min20,nadig_hepg2,nadig_hepg2,nadig_jurkat,delta_cosine,20260917,"1,2",1255,20,0.3332440572637679,0.30020968756552735,0.31844551618089045,0.31844551618089045,0.30075614606962897,0.32204356418028046,0.32204356418028046,0.014798541082877426,0.011200493083487417,raw cells; independent half A/B within context×perturbation; controls split independently,"floor(min(n_left,n_right)/2) cells per half",0
nadig_hepg2_vs_jurkat,matched_budget_source_frozen_replication,primary_min20,nadig_hepg2,nadig_hepg2,nadig_jurkat,systema_centroid_accuracy,20260917,"0,1",1255,20,0.31854464121186704,0.3053896058509185,0.3137949001442396,0.3137949001442396,0.3055249496432134,0.3172836564428093,0.3172836564428093,0.004749741067627433,0.001260984769057727,raw cells; independent half A/B within context×perturbation; controls split independently,"floor(min(n_left,n_right)/2) cells per half",0
nadig_hepg2_vs_jurkat,matched_budget_source_frozen_replication,primary_min20,nadig_hepg2,nadig_hepg2,nadig_jurkat,systema_centroid_accuracy,20260917,"0,2",1255,20,0.31854464121186704,0.3053896058509185,0.3137949001442396,0.3137949001442396,0.3055649809057232,0.31504254115912744,0.31504254115912744,0.004749741067627433,0.0035021000527395985,raw cells; independent half A/B within context×perturbation; controls split independently,"floor(min(n_left,n_right)/2) cells per half",0
nadig_hepg2_vs_jurkat,matched_budget_source_frozen_replication,primary_min20,nadig_hepg2,nadig_hepg2,nadig_jurkat,systema_centroid_accuracy,20260917,"1,2",1255,20,0.31854464121186704,0.3053896058509185,0.3137949001442396,0.3137949001442396,0.306155283173526,0.3159283122692642,0.3159283122692642,0.004749741067627433,0.0026163289426028302,raw cells; independent half A/B within context×perturbation; controls split independently,"floor(min(n_left,n_right)/2) cells per half",0
nadig_hepg2_vs_jurkat,matched_budget_source_frozen_replication,primary_min20,nadig_hepg2,nadig_hepg2,nadig_jurkat,absolute_effect_rank_agreement,20260917,"0,1",1255,20,0.3291920039141679,0.32714500848281514,0.31211549336942496,0.32714500848281514,0.32711133138895776,0.3165961353946256,0.32711133138895776,0.0020469954313527827,0.0020806725252101588,raw cells; independent half A/B within context×perturbation; controls split independently,"floor(min(n_left,n_right)/2) cells per half",0
nadig_hepg2_vs_jurkat,matched_budget_source_frozen_replication,primary_min20,nadig_hepg2,nadig_hepg2,nadig_jurkat,absolute_effect_rank_agreement,20260917,"0,2",1255,20,0.3291920039141679,0.32714500848281514,0.31211549336942496,0.32714500848281514,0.32685843547659443,0.3159035310115201,0.32685843547659443,0.0020469954313527827,0.0023335684375734855,raw cells; independent half A/B within context×perturbation; controls split independently,"floor(min(n_left,n_right)/2) cells per half",0
nadig_hepg2_vs_jurkat,matched_budget_source_frozen_replication,primary_min20,nadig_hepg2,nadig_hepg2,nadig_jurkat,absolute_effect_rank_agreement,20260917,"1,2",1255,20,0.3291920039141679,0.32714500848281514,0.31211549336942496,0.32714500848281514,0.3268892531945583,0.3173703908449138,0.3268892531945583,0.0020469954313527827,0.002302750719609614,raw cells; independent half A/B within context×perturbation; controls split independently,"floor(min(n_left,n_right)/2) cells per half",0
nadig_hepg2_vs_jurkat,matched_budget_source_frozen_replication,primary_min20,nadig_jurkat,nadig_hepg2,nadig_jurkat,delta_cosine,20260917,"0,1",1255,20,0.3325470049626057,0.3175775367429802,0.3197176207450898,0.3197176207450898,0.31761216696213546,0.3246656118746704,0.3246656118746704,0.012829384217515893,0.007881393087935284,raw cells; independent half A/B within context×perturbation; controls split independently,"floor(min(n_left,n_right)/2) cells per half",0
nadig_hepg2_vs_jurkat,matched_budget_source_frozen_replication,primary_min20,nadig_jurkat,nadig_hepg2,nadig_jurkat,delta_cosine,20260917,"0,2",1255,20,0.3325470049626057,0.3175775367429802,0.3197176207450898,0.3197176207450898,0.3178923857997039,0.32486958068841065,0.32486958068841065,0.012829384217515893,0.007677424274195044,raw cells; independent half A/B within context×perturbation; controls split independently,"floor(min(n_left,n_right)/2) cells per half",0
nadig_hepg2_vs_jurkat,matched_budget_source_frozen_replication,primary_min20,nadig_jurkat,nadig_hepg2,nadig_jurkat,delta_cosine,20260917,"1,2",1255,20,0.3325470049626057,0.3175775367429802,0.3197176207450898,0.3197176207450898,0.3179921462475457,0.32394568456635975,0.32394568456635975,0.012829384217515893,0.008601320396245948,raw cells; independent half A/B within context×perturbation; controls split independently,"floor(min(n_left,n_right)/2) cells per half",0
nadig_hepg2_vs_jurkat,matched_budget_source_frozen_replication,primary_min20,nadig_jurkat,nadig_hepg2,nadig_jurkat,systema_centroid_accuracy,20260917,"0,1",1255,20,0.3245137472438793,0.31230738926272583,0.31596739040647615,0.31596739040647615,0.3125215247463098,0.3189160423695966,0.3189160423695966,0.00854635683740318,0.0055977048742827384,raw cells; independent half A/B within context×perturbation; controls split independently,"floor(min(n_left,n_right)/2) cells per half",0
nadig_hepg2_vs_jurkat,matched_budget_source_frozen_replication,primary_min20,nadig_jurkat,nadig_hepg2,nadig_jurkat,systema_centroid_accuracy,20260917,"0,2",1255,20,0.3245137472438793,0.31230738926272583,0.31596739040647615,0.31596739040647615,0.31300158218799445,0.3193230268717792,0.3193230268717792,0.00854635683740318,0.0051907203721001105,raw cells; independent half A/B within context×perturbation; controls split independently,"floor(min(n_left,n_right)/2) cells per half",0
nadig_hepg2_vs_jurkat,matched_budget_source_frozen_replication,primary_min20,nadig_jurkat,nadig_hepg2,nadig_jurkat,systema_centroid_accuracy,20260917,"1,2",1255,20,0.3245137472438793,0.31230738926272583,0.31596739040647615,0.31596739040647615,0.31304415511796513,0.3186329641561346,0.3186329641561346,0.00854635683740318,0.005880783087744701,raw cells; independent half A/B within context×perturbation; controls split independently,"floor(min(n_left,n_right)/2) cells per half",0
nadig_hepg2_vs_jurkat,matched_budget_source_frozen_replication,primary_min20,nadig_jurkat,nadig_hepg2,nadig_jurkat,absolute_effect_rank_agreement,20260917,"0,1",1255,20,0.324695794175769,0.3305038220324444,0.3087655756559091,0.3305038220324444,0.3312590149767755,0.31399950437484514,0.3312590149767755,-0.005808027856675391,-0.00656322080100652,raw cells; independent half A/B within context×perturbation; controls split independently,"floor(min(n_left,n_right)/2) cells per half",0
nadig_hepg2_vs_jurkat,matched_budget_source_frozen_replication,primary_min20,nadig_jurkat,nadig_hepg2,nadig_jurkat,absolute_effect_rank_agreement,20260917,"0,2",1255,20,0.324695794175769,0.3305038220324444,0.3087655756559091,0.3305038220324444,0.3309190669538751,0.31442904617574363,0.3309190669538751,-0.005808027856675391,-0.0062232727781060815,raw cells; independent half A/B within context×perturbation; controls split independently,"floor(min(n_left,n_right)/2) cells per half",0
nadig_hepg2_vs_jurkat,matched_budget_source_frozen_replication,primary_min20,nadig_jurkat,nadig_hepg2,nadig_jurkat,absolute_effect_rank_agreement,20260917,"1,2",1255,20,0.324695794175769,0.3305038220324444,0.3087655756559091,0.3305038220324444,0.33088666069374817,0.31381618660922495,0.33088666069374817,-0.005808027856675391,-0.006190866517979177,raw cells; independent half A/B within context×perturbation; controls split independently,"floor(min(n_left,n_right)/2) cells per half",0
nadig_hepg2_vs_jurkat,matched_budget_source_frozen_replication,sensitivity_min40,nadig_hepg2,nadig_hepg2,nadig_jurkat,delta_cosine,20260917,"0,1",345,40,0.3275994270306707,0.2741489720256151,0.3343107516009437,0.3343107516009437,0.275185372430064,0.3340832490731379,0.3340832490731379,-0.006711324570273014,-0.006483822042467224,raw cells; independent half A/B within context×perturbation; controls split independently,"floor(min(n_left,n_right)/2) cells per half",0
nadig_hepg2_vs_jurkat,matched_budget_source_frozen_replication,sensitivity_min40,nadig_hepg2,nadig_hepg2,nadig_jurkat,delta_cosine,20260917,"0,2",345,40,0.3275994270306707,0.2741489720256151,0.3343107516009437,0.3343107516009437,0.27355072463768115,0.3349511290866195,0.3349511290866195,-0.006711324570273014,-0.007351702055948817,raw cells; independent half A/B within context×perturbation; controls split independently,"floor(min(n_left,n_right)/2) cells per half",0
nadig_hepg2_vs_jurkat,matched_budget_source_frozen_replication,sensitivity_min40,nadig_hepg2,nadig_hepg2,nadig_jurkat,delta_cosine,20260917,"1,2",345,40,0.3275994270306707,0.2741489720256151,0.3343107516009437,0.3343107516009437,0.27442703067071117,0.33360296595888106,0.33360296595888106,-0.006711324570273014,-0.006003538928210372,raw cells; independent half A/B within context×perturbation; controls split independently,"floor(min(n_left,n_right)/2) cells per half",0
nadig_hepg2_vs_jurkat,matched_budget_source_frozen_replication,sensitivity_min40,nadig_hepg2,nadig_hepg2,nadig_jurkat,systema_centroid_accuracy,20260917,"0,1",345,40,0.3260364004044489,0.2900151668351871,0.3197000337040782,0.3197000337040782,0.29027216043141224,0.3191481294236603,0.3191481294236603,0.0063363667003707436,0.006888270980788647,raw cells; independent half A/B within context×perturbation; controls split independently,"floor(min(n_left,n_right)/2) cells per half",0
nadig_hepg2_vs_jurkat,matched_budget_source_frozen_replication,sensitivity_min40,nadig_hepg2,nadig_hepg2,nadig_jurkat,systema_centroid_accuracy,20260917,"0,2",345,40,0.3260364004044489,0.2900151668351871,0.3197000337040782,0.3197000337040782,0.28947590158409164,0.32000337040781934,0.32000337040781934,0.0063363667003707436,0.00603302999662958,raw cells; independent half A/B within context×perturbation; controls split independently,"floor(min(n_left,n_right)/2) cells per half",0
nadig_hepg2_vs_jurkat,matched_budget_source_frozen_replication,sensitivity_min40,nadig_hepg2,nadig_hepg2,nadig_jurkat,systema_centroid_accuracy,20260917,"1,2",345,40,0.3260364004044489,0.2900151668351871,0.3197000337040782,0.3197000337040782,0.29030165149983145,0.31860043815301653,0.31860043815301653,0.0063363667003707436,0.007435962251432393,raw cells; independent half A/B within context×perturbation; controls split independently,"floor(min(n_left,n_right)/2) cells per half",0
nadig_hepg2_vs_jurkat,matched_budget_source_frozen_replication,sensitivity_min40,nadig_hepg2,nadig_hepg2,nadig_jurkat,absolute_effect_rank_agreement,20260917,"0,1",345,40,0.3335355578024941,0.31985170205594876,0.33845635321873946,0.33845635321873946,0.3193461408830469,0.33829625884732056,0.33829625884732056,-0.004920795416245349,-0.004760701044826454,raw cells; independent half A/B within context×perturbation; controls split independently,"floor(min(n_left,n_right)/2) cells per half",0
nadig_hepg2_vs_jurkat,matched_budget_source_frozen_replication,sensitivity_min40,nadig_hepg2,nadig_hepg2,nadig_jurkat,absolute_effect_rank_agreement,20260917,"0,2",345,40,0.3335355578024941,0.31985170205594876,0.33845635321873946,0.33845635321873946,0.3200202224469161,0.33787495786990224,0.33787495786990224,-0.004920795416245349,-0.004339400067408128,raw cells; independent half A/B within context×perturbation; controls split independently,"floor(min(n_left,n_right)/2) cells per half",0
nadig_hepg2_vs_jurkat,matched_budget_source_frozen_replication,sensitivity_min40,nadig_hepg2,nadig_hepg2,nadig_jurkat,absolute_effect_rank_agreement,20260917,"1,2",345,40,0.3335355578024941,0.31985170205594876,0.33845635321873946,0.33845635321873946,0.3182086282440175,0.33807718233906303,0.33807718233906303,-0.004920795416245349,-0.004541624536568922,raw cells; independent half A/B within context×perturbation; controls split independently,"floor(min(n_left,n_right)/2) cells per half",0
nadig_hepg2_vs_jurkat,matched_budget_source_frozen_replication,sensitivity_min40,nadig_jurkat,nadig_hepg2,nadig_jurkat,delta_cosine,20260917,"0,1",345,40,0.33427283451297607,0.3006572295247725,0.32703067071115605,0.32703067071115605,0.30098584428715874,0.32738456353218737,0.32738456353218737,0.007242163801820023,0.006888270980788702,raw cells; independent half A/B within context×perturbation; controls split independently,"floor(min(n_left,n_right)/2) cells per half",0
nadig_hepg2_vs_jurkat,matched_budget_source_frozen_replication,sensitivity_min40,nadig_jurkat,nadig_hepg2,nadig_jurkat,delta_cosine,20260917,"0,2",345,40,0.33427283451297607,0.3006572295247725,0.32703067071115605,0.32703067071115605,0.3014914054600607,0.3273592854735423,0.3273592854735423,0.007242163801820023,0.006913549039433753,raw cells; independent half A/B within context×perturbation; controls split independently,"floor(min(n_left,n_right)/2) cells per half",0
nadig_hepg2_vs_jurkat,matched_budget_source_frozen_replication,sensitivity_min40,nadig_jurkat,nadig_hepg2,nadig_jurkat,delta_cosine,20260917,"1,2",345,40,0.33427283451297607,0.3006572295247725,0.32703067071115605,0.32703067071115605,0.3011290866194809,0.3268874283788339,0.3268874283788339,0.007242163801820023,0.007385406134142181,raw cells; independent half A/B within context×perturbation; controls split independently,"floor(min(n_left,n_right)/2) cells per half",0
nadig_hepg2_vs_jurkat,matched_budget_source_frozen_replication,sensitivity_min40,nadig_jurkat,nadig_hepg2,nadig_jurkat,systema_centroid_accuracy,20260917,"0,1",345,40,0.3291961577350859,0.3044657903606336,0.31809908998988873,0.31809908998988873,0.3051103808560836,0.31680148297944055,0.31680148297944055,0.011097067745197198,0.012394674755645374,raw cells; independent half A/B within context×perturbation; controls split independently,"floor(min(n_left,n_right)/2) cells per half",0
nadig_hepg2_vs_jurkat,matched_budget_source_frozen_replication,sensitivity_min40,nadig_jurkat,nadig_hepg2,nadig_jurkat,systema_centroid_accuracy,20260917,"0,2",345,40,0.3291961577350859,0.3044657903606336,0.31809908998988873,0.31809908998988873,0.3042382878328278,0.3175303336703741,0.3175303336703741,0.011097067745197198,0.011665824064711838,raw cells; independent half A/B within context×perturbation; controls split independently,"floor(min(n_left,n_right)/2) cells per half",0
nadig_hepg2_vs_jurkat,matched_budget_source_frozen_replication,sensitivity_min40,nadig_jurkat,nadig_hepg2,nadig_jurkat,systema_centroid_accuracy,20260917,"1,2",345,40,0.3291961577350859,0.3044657903606336,0.31809908998988873,0.31809908998988873,0.3056833501853724,0.31847404785979105,0.31847404785979105,0.011097067745197198,0.010722109875294872,raw cells; independent half A/B within context×perturbation; controls split independently,"floor(min(n_left,n_right)/2) cells per half",0
nadig_hepg2_vs_jurkat,matched_budget_source_frozen_replication,sensitivity_min40,nadig_jurkat,nadig_hepg2,nadig_jurkat,absolute_effect_rank_agreement,20260917,"0,1",345,40,0.3323811931243681,0.3298618132794068,0.3349511290866195,0.3349511290866195,0.33003875968992247,0.33656892483990564,0.33656892483990564,-0.002569935962251413,-0.004187731715537546,raw cells; independent half A/B within context×perturbation; controls split independently,"floor(min(n_left,n_right)/2) cells per half",0
nadig_hepg2_vs_jurkat,matched_budget_source_frozen_replication,sensitivity_min40,nadig_jurkat,nadig_hepg2,nadig_jurkat,absolute_effect_rank_agreement,20260917,"0,2",345,40,0.3323811931243681,0.3298618132794068,0.3349511290866195,0.3349511290866195,0.3301988540613414,0.335077519379845,0.335077519379845,-0.002569935962251413,-0.0026963262554768885,raw cells; independent half A/B within context×perturbation; controls split independently,"floor(min(n_left,n_right)/2) cells per half",0
nadig_hepg2_vs_jurkat,matched_budget_source_frozen_replication,sensitivity_min40,nadig_jurkat,nadig_hepg2,nadig_jurkat,absolute_effect_rank_agreement,20260917,"1,2",345,40,0.3323811931243681,0.3298618132794068,0.3349511290866195,0.3349511290866195,0.33035894843276037,0.3354566902595214,0.3354566902595214,-0.002569935962251413,-0.0030754971351533156,raw cells; independent half A/B within context×perturbation; controls split independently,"floor(min(n_left,n_right)/2) cells per half",0
nadig_hepg2_vs_jurkat,matched_budget_source_frozen_replication,primary_min20,nadig_hepg2,nadig_hepg2,nadig_jurkat,delta_cosine,20260918,"0,1",1255,20,0.3315897494551301,0.31203860792873167,0.32171028803446505,0.32171028803446505,0.3121243892055383,0.32528673186043705,0.32528673186043705,0.009879461420665037,0.006303017594693039,raw cells; independent half A/B within context×perturbation; controls split independently,"floor(min(n_left,n_right)/2) cells per half",0
nadig_hepg2_vs_jurkat,matched_budget_source_frozen_replication,primary_min20,nadig_hepg2,nadig_hepg2,nadig_jurkat,delta_cosine,20260918,"0,2",1255,20,0.3315897494551301,0.31203860792873167,0.32171028803446505,0.32171028803446505,0.31253359766674926,0.3247942837898804,0.3247942837898804,0.009879461420665037,0.006795465665249689,raw cells; independent half A/B within context×perturbation; controls split independently,"floor(min(n_left,n_right)/2) cells per half",0
nadig_hepg2_vs_jurkat,matched_budget_source_frozen_replication,primary_min20,nadig_hepg2,nadig_hepg2,nadig_jurkat,delta_cosine,20260918,"1,2",1255,20,0.3315897494551301,0.31203860792873167,0.32171028803446505,0.32171028803446505,0.3128652852704017,0.3255377215222046,0.3255377215222046,0.009879461420665037,0.0060520279329254745,raw cells; independent half A/B within context×perturbation; controls split independently,"floor(min(n_left,n_right)/2) cells per half",0
nadig_hepg2_vs_jurkat,matched_budget_source_frozen_replication,primary_min20,nadig_hepg2,nadig_hepg2,nadig_jurkat,systema_centroid_accuracy,20260918,"0,1",1255,20,0.3172099480864421,0.30862769019615316,0.3215469859000998,0.3215469859000998,0.30880878400274503,0.32193554331319063,0.32193554331319063,-0.004337037813657685,-0.004725595226748536,raw cells; independent half A/B within context×perturbation; controls split independently,"floor(min(n_left,n_right)/2) cells per half",0
nadig_hepg2_vs_jurkat,matched_budget_source_frozen_replication,primary_min20,nadig_hepg2,nadig_hepg2,nadig_jurkat,systema_centroid_accuracy,20260918,"0,2",1255,20,0.3172099480864421,0.30862769019615316,0.3215469859000998,0.3215469859000998,0.3086600964562801,0.3212540587252267,0.3212540587252267,-0.004337037813657685,-0.004044110638784626,raw cells; independent half A/B within context×perturbation; controls split independently,"floor(min(n_left,n_right)/2) cells per half",0
nadig_hepg2_vs_jurkat,matched_budget_source_frozen_replication,primary_min20,nadig_hepg2,nadig_hepg2,nadig_jurkat,systema_centroid_accuracy,20260918,"1,2",1255,20,0.3172099480864421,0.30862769019615316,0.3215469859000998,0.3215469859000998,0.30876176315471765,0.3213106108262325,0.3213106108262325,-0.004337037813657685,-0.004100662739790428,raw cells; independent half A/B within context×perturbation; controls split independently,"floor(min(n_left,n_right)/2) cells per half",0
nadig_hepg2_vs_jurkat,matched_budget_source_frozen_replication,primary_min20,nadig_hepg2,nadig_hepg2,nadig_jurkat,absolute_effect_rank_agreement,20260918,"0,1",1255,20,0.3300504520990996,0.3297444988784893,0.3113174097866906,0.3297444988784893,0.32962821759215133,0.31612592691435215,0.32962821759215133,0.00030595322061033325,0.00042223450694828246,raw cells; independent half A/B within context×perturbation; controls split independently,"floor(min(n_left,n_right)/2) cells per half",0
nadig_hepg2_vs_jurkat,matched_budget_source_frozen_replication,primary_min20,nadig_hepg2,nadig_hepg2,nadig_jurkat,absolute_effect_rank_agreement,20260918,"0,2",1255,20,0.3300504520990996,0.3297444988784893,0.3113174097866906,0.3297444988784893,0.330182936515501,0.3150123588580288,0.330182936515501,0.00030595322061033325,-0.00013248441640140163,raw cells; independent half A/B within context×perturbation; controls split independently,"floor(min(n_left,n_right)/2) cells per half",0
nadig_hepg2_vs_jurkat,matched_budget_source_frozen_replication,primary_min20,nadig_hepg2,nadig_hepg2,nadig_jurkat,absolute_effect_rank_agreement,20260918,"1,2",1255,20,0.3300504520990996,0.3297444988784893,0.3113174097866906,0.3297444988784893,0.3296244050909599,0.31564999968229157,0.3296244050909599,0.00030595322061033325,0.0004260470081396961,raw cells; independent half A/B within context×perturbation; controls split independently,"floor(min(n_left,n_right)/2) cells per half",0
nadig_hepg2_vs_jurkat,matched_budget_source_frozen_replication,primary_min20,nadig_jurkat,nadig_hepg2,nadig_jurkat,delta_cosine,20260918,"0,1",1255,20,0.33241452054620435,0.3295271863105791,0.32256174663387915,0.3295271863105791,0.32971654053641897,0.32679807087439716,0.32971654053641897,0.0028873342356252607,0.0026979800097853834,raw cells; independent half A/B within context×perturbation; controls split independently,"floor(min(n_left,n_right)/2) cells per half",0
nadig_hepg2_vs_jurkat,matched_budget_source_frozen_replication,primary_min20,nadig_jurkat,nadig_hepg2,nadig_jurkat,delta_cosine,20260918,"0,2",1255,20,0.33241452054620435,0.3295271863105791,0.32256174663387915,0.3295271863105791,0.32981121764933885,0.3269934615604567,0.32981121764933885,0.0028873342356252607,0.0026033028968655003,raw cells; independent half A/B within context×perturbation; controls split independently,"floor(min(n_left,n_right)/2) cells per half",0
nadig_hepg2_vs_jurkat,matched_budget_source_frozen_replication,primary_min20,nadig_jurkat,nadig_hepg2,nadig_jurkat,delta_cosine,20260918,"1,2",1255,20,0.33241452054620435,0.3295271863105791,0.32256174663387915,0.3295271863105791,0.3297991447288994,0.32619156547653094,0.3297991447288994,0.0028873342356252607,0.002615375817304977,raw cells; independent half A/B within context×perturbation; controls split independently,"floor(min(n_left,n_right)/2) cells per half",0
nadig_hepg2_vs_jurkat,matched_budget_source_frozen_replication,primary_min20,nadig_jurkat,nadig_hepg2,nadig_jurkat,systema_centroid_accuracy,20260918,"0,1",1255,20,0.32441557533820065,0.32064723561892783,0.3189068288250507,0.32064723561892783,0.3208168919219454,0.32114985035932825,0.32114985035932825,0.0037683397192728174,0.0032657249788723974,raw cells; independent half A/B within context×perturbation; controls split independently,"floor(min(n_left,n_right)/2) cells per half",0
nadig_hepg2_vs_jurkat,matched_budget_source_frozen_replication,primary_min20,nadig_jurkat,nadig_hepg2,nadig_jurkat,systema_centroid_accuracy,20260918,"0,2",1255,20,0.32441557533820065,0.32064723561892783,0.3189068288250507,0.32064723561892783,0.3209163346613546,0.31976241763408886,0.3209163346613546,0.0037683397192728174,0.0034992406768460382,raw cells; independent half A/B within context×perturbation; controls split independently,"floor(min(n_left,n_right)/2) cells per half",0
nadig_hepg2_vs_jurkat,matched_budget_source_frozen_replication,primary_min20,nadig_jurkat,nadig_hepg2,nadig_jurkat,systema_centroid_accuracy,20260918,"1,2",1255,20,0.32441557533820065,0.32064723561892783,0.3189068288250507,0.32064723561892783,0.3203177719743038,0.3184064380436786,0.3203177719743038,0.0037683397192728174,0.004097803363896868,raw cells; independent half A/B within context×perturbation; controls split independently,"floor(min(n_left,n_right)/2) cells per half",0
nadig_hepg2_vs_jurkat,matched_budget_source_frozen_replication,primary_min20,nadig_jurkat,nadig_hepg2,nadig_jurkat,absolute_effect_rank_agreement,20260918,"0,1",1255,20,0.32695883134130144,0.33369933344770836,0.30913920077266693,0.33369933344770836,0.3355744486170152,0.31337647813848274,0.3355744486170152,-0.00674050210640692,-0.00861561727571375,raw cells; independent half A/B within context×perturbation; controls split independently,"floor(min(n_left,n_right)/2) cells per half",0
nadig_hepg2_vs_jurkat,matched_budget_source_frozen_replication,primary_min20,nadig_jurkat,nadig_hepg2,nadig_jurkat,absolute_effect_rank_agreement,20260918,"0,2",1255,20,0.32695883134130144,0.33369933344770836,0.30913920077266693,0.33369933344770836,0.33374444804514003,0.31528781206910794,0.33374444804514003,-0.00674050210640692,-0.006785616703838593,raw cells; independent half A/B within context×perturbation; controls split independently,"floor(min(n_left,n_right)/2) cells per half",0
nadig_hepg2_vs_jurkat,matched_budget_source_frozen_replication,primary_min20,nadig_jurkat,nadig_hepg2,nadig_jurkat,absolute_effect_rank_agreement,20260918,"1,2",1255,20,0.32695883134130144,0.33369933344770836,0.30913920077266693,0.33369933344770836,0.3340303856344955,0.3134790979622181,0.3340303856344955,-0.00674050210640692,-0.00707155429319406,raw cells; independent half A/B within context×perturbation; controls split independently,"floor(min(n_left,n_right)/2) cells per half",0
nadig_hepg2_vs_jurkat,matched_budget_source_frozen_replication,sensitivity_min40,nadig_hepg2,nadig_hepg2,nadig_jurkat,delta_cosine,20260918,"0,1",345,40,0.3308518705763397,0.2954162453656892,0.33321536905965626,0.33321536905965626,0.2968570947084597,0.33421385237613754,0.33421385237613754,-0.002363498483316573,-0.003361981799797853,raw cells; independent half A/B within context×perturbation; controls split independently,"floor(min(n_left,n_right)/2) cells per half",0
nadig_hepg2_vs_jurkat,matched_budget_source_frozen_replication,sensitivity_min40,nadig_hepg2,nadig_hepg2,nadig_jurkat,delta_cosine,20260918,"0,2",345,40,0.3308518705763397,0.2954162453656892,0.33321536905965626,0.33321536905965626,0.2961324570273003,0.3340200539265251,0.3340200539265251,-0.002363498483316573,-0.0031681833501854273,raw cells; independent half A/B within context×perturbation; controls split independently,"floor(min(n_left,n_right)/2) cells per half",0
nadig_hepg2_vs_jurkat,matched_budget_source_frozen_replication,sensitivity_min40,nadig_hepg2,nadig_hepg2,nadig_jurkat,delta_cosine,20260918,"1,2",345,40,0.3308518705763397,0.2954162453656892,0.33321536905965626,0.33321536905965626,0.29707617121671726,0.33364930906639706,0.33364930906639706,-0.002363498483316573,-0.002797438490057369,raw cells; independent half A/B within context×perturbation; controls split independently,"floor(min(n_left,n_right)/2) cells per half",0
nadig_hepg2_vs_jurkat,matched_budget_source_frozen_replication,sensitivity_min40,nadig_hepg2,nadig_hepg2,nadig_jurkat,systema_centroid_accuracy,20260918,"0,1",345,40,0.334340242669363,0.31049039433771486,0.3325918436130772,0.3325918436130772,0.31046932928884396,0.3328530502190765,0.3328530502190765,0.001748399056285821,0.0014871924502865008,raw cells; independent half A/B within context×perturbation; controls split independently,"floor(min(n_left,n_right)/2) cells per half",0
nadig_hepg2_vs_jurkat,matched_budget_source_frozen_replication,sensitivity_min40,nadig_hepg2,nadig_hepg2,nadig_jurkat,systema_centroid_accuracy,20260918,"0,2",345,40,0.334340242669363,0.31049039433771486,0.3325918436130772,0.3325918436130772,0.3100353892821031,0.3321452645770139,0.3321452645770139,0.001748399056285821,0.0021949780923491424,raw cells; independent half A/B within context×perturbation; controls split independently,"floor(min(n_left,n_right)/2) cells per half",0
nadig_hepg2_vs_jurkat,matched_budget_source_frozen_replication,sensitivity_min40,nadig_hepg2,nadig_hepg2,nadig_jurkat,systema_centroid_accuracy,20260918,"1,2",345,40,0.334340242669363,0.31049039433771486,0.3325918436130772,0.3325918436130772,0.31115183687226156,0.3328993933265926,0.3328993933265926,0.001748399056285821,0.001440849342770445,raw cells; independent half A/B within context×perturbation; controls split independently,"floor(min(n_left,n_right)/2) cells per half",0
nadig_hepg2_vs_jurkat,matched_budget_source_frozen_replication,sensitivity_min40,nadig_hepg2,nadig_hepg2,nadig_jurkat,absolute_effect_rank_agreement,20260918,"0,1",345,40,0.33887765419615773,0.33181664981462755,0.33756319514661276,0.33756319514661276,0.33099932591843617,0.337660094371419,0.337660094371419,0.0013144590495449693,0.0012175598247387565,raw cells; independent half A/B within context×perturbation; controls split independently,"floor(min(n_left,n_right)/2) cells per half",0
nadig_hepg2_vs_jurkat,matched_budget_source_frozen_replication,sensitivity_min40,nadig_hepg2,nadig_hepg2,nadig_jurkat,absolute_effect_rank_agreement,20260918,"0,2",345,40,0.33887765419615773,0.33181664981462755,0.33756319514661276,0.33756319514661276,0.3317408156386923,0.33670374115267954,0.33670374115267954,0.0013144590495449693,0.002173913043478193,raw cells; independent half A/B within context×perturbation; controls split independently,"floor(min(n_left,n_right)/2) cells per half",0
nadig_hepg2_vs_jurkat,matched_budget_source_frozen_replication,sensitivity_min40,nadig_hepg2,nadig_hepg2,nadig_jurkat,absolute_effect_rank_agreement,20260918,"1,2",345,40,0.33887765419615773,0.33181664981462755,0.33756319514661276,0.33756319514661276,0.33074654533198516,0.3365057296932929,0.3365057296932929,0.0013144590495449693,0.0023719245028648306,raw cells; independent half A/B within context×perturbation; controls split independently,"floor(min(n_left,n_right)/2) cells per half",0
nadig_hepg2_vs_jurkat,matched_budget_source_frozen_replication,sensitivity_min40,nadig_jurkat,nadig_hepg2,nadig_jurkat,delta_cosine,20260918,"0,1",345,40,0.33728934951129086,0.31814964610717894,0.33581900910010115,0.33581900910010115,0.3180401078530502,0.33571368385574657,0.33571368385574657,0.0014703404111897078,0.0015756656555442894,raw cells; independent half A/B within context×perturbation; controls split independently,"floor(min(n_left,n_right)/2) cells per half",0
nadig_hepg2_vs_jurkat,matched_budget_source_frozen_replication,sensitivity_min40,nadig_jurkat,nadig_hepg2,nadig_jurkat,delta_cosine,20260918,"0,2",345,40,0.33728934951129086,0.31814964610717894,0.33581900910010115,0.33581900910010115,0.3195652173913044,0.33578109201213346,0.33578109201213346,0.0014703404111897078,0.001508257499157395,raw cells; independent half A/B within context×perturbation; controls split independently,"floor(min(n_left,n_right)/2) cells per half",0
nadig_hepg2_vs_jurkat,matched_budget_source_frozen_replication,sensitivity_min40,nadig_jurkat,nadig_hepg2,nadig_jurkat,delta_cosine,20260918,"1,2",345,40,0.33728934951129086,0.31814964610717894,0.33581900910010115,0.33581900910010115,0.31905965621840243,0.33623609706774527,0.33623609706774527,0.0014703404111897078,0.0010532524435455937,raw cells; independent half A/B within context×perturbation; controls split independently,"floor(min(n_left,n_right)/2) cells per half",0
nadig_hepg2_vs_jurkat,matched_budget_source_frozen_replication,sensitivity_min40,nadig_jurkat,nadig_hepg2,nadig_jurkat,systema_centroid_accuracy,20260918,"0,1",345,40,0.34200792045837547,0.3217391304347826,0.3336366700370745,0.3336366700370745,0.3222362655881362,0.3353134479271992,0.3353134479271992,0.00837125042130099,0.0066944725311762765,raw cells; independent half A/B within context×perturbation; controls split independently,"floor(min(n_left,n_right)/2) cells per half",0
nadig_hepg2_vs_jurkat,matched_budget_source_frozen_replication,sensitivity_min40,nadig_jurkat,nadig_hepg2,nadig_jurkat,systema_centroid_accuracy,20260918,"0,2",345,40,0.34200792045837547,0.3217391304347826,0.3336366700370745,0.3336366700370745,0.3231252106504887,0.33316059993259184,0.33316059993259184,0.00837125042130099,0.00884732052578363,raw cells; independent half A/B within context×perturbation; controls split independently,"floor(min(n_left,n_right)/2) cells per half",0
nadig_hepg2_vs_jurkat,matched_budget_source_frozen_replication,sensitivity_min40,nadig_jurkat,nadig_hepg2,nadig_jurkat,systema_centroid_accuracy,20260918,"1,2",345,40,0.34200792045837547,0.3217391304347826,0.3336366700370745,0.3336366700370745,0.32140630266262216,0.33316059993259184,0.33316059993259184,0.00837125042130099,0.00884732052578363,raw cells; independent half A/B within context×perturbation; controls split independently,"floor(min(n_left,n_right)/2) cells per half",0
nadig_hepg2_vs_jurkat,matched_budget_source_frozen_replication,sensitivity_min40,nadig_jurkat,nadig_hepg2,nadig_jurkat,absolute_effect_rank_agreement,20260918,"0,1",345,40,0.3365857768790023,0.33788338388945066,0.3368132794068083,0.33788338388945066,0.34037748567576676,0.33664897202561506,0.34037748567576676,-0.0012976070104483428,-0.003791708796764437,raw cells; independent half A/B within context×perturbation; controls split independently,"floor(min(n_left,n_right)/2) cells per half",0
nadig_hepg2_vs_jurkat,matched_budget_source_frozen_replication,sensitivity_min40,nadig_jurkat,nadig_hepg2,nadig_jurkat,absolute_effect_rank_agreement,20260918,"0,2",345,40,0.3365857768790023,0.33788338388945066,0.3368132794068083,0.33788338388945066,0.3376137512639029,0.33744101786316144,0.3376137512639029,-0.0012976070104483428,-0.0010279743849005984,raw cells; independent half A/B within context×perturbation; controls split independently,"floor(min(n_left,n_right)/2) cells per half",0
nadig_hepg2_vs_jurkat,matched_budget_source_frozen_replication,sensitivity_min40,nadig_jurkat,nadig_hepg2,nadig_jurkat,absolute_effect_rank_agreement,20260918,"1,2",345,40,0.3365857768790023,0.33788338388945066,0.3368132794068083,0.33788338388945066,0.33902089652848,0.3374199528142905,0.33902089652848,-0.0012976070104483428,-0.0024351196494776794,raw cells; independent half A/B within context×perturbation; controls split independently,"floor(min(n_left,n_right)/2) cells per half",0
nadig_hepg2_vs_jurkat,matched_budget_source_frozen_replication,primary_min20,nadig_hepg2,nadig_hepg2,nadig_jurkat,delta_cosine,20260919,"0,1",1255,20,0.3287306912700077,0.3036587303100199,0.30770315865723713,0.30770315865723713,0.3037772355553861,0.31165926406018674,0.31165926406018674,0.021027532612770572,0.017071427209820966,raw cells; independent half A/B within context×perturbation; controls split independently,"floor(min(n_left,n_right)/2) cells per half",0
nadig_hepg2_vs_jurkat,matched_budget_source_frozen_replication,primary_min20,nadig_hepg2,nadig_hepg2,nadig_jurkat,delta_cosine,20260919,"0,2",1255,20,0.3287306912700077,0.3036587303100199,0.30770315865723713,0.30770315865723713,0.30428080342108443,0.3097924093101279,0.3097924093101279,0.021027532612770572,0.018938281959879788,raw cells; independent half A/B within context×perturbation; controls split independently,"floor(min(n_left,n_right)/2) cells per half",0
nadig_hepg2_vs_jurkat,matched_budget_source_frozen_replication,primary_min20,nadig_hepg2,nadig_hepg2,nadig_jurkat,delta_cosine,20260919,"1,2",1255,20,0.3287306912700077,0.3036587303100199,0.30770315865723713,0.30770315865723713,0.30440566283510295,0.31090756590861435,0.31090756590861435,0.021027532612770572,0.017823125361393355,raw cells; independent half A/B within context×perturbation; controls split independently,"floor(min(n_left,n_right)/2) cells per half",0
nadig_hepg2_vs_jurkat,matched_budget_source_frozen_replication,primary_min20,nadig_hepg2,nadig_hepg2,nadig_jurkat,systema_centroid_accuracy,20260919,"0,1",1255,20,0.3153742287627798,0.2975866867458396,0.3052625224778716,0.3052625224778716,0.29778461909936016,0.3069524136309626,0.3069524136309626,0.010111706284908206,0.008421815131817223,raw cells; independent half A/B within context×perturbation; controls split independently,"floor(min(n_left,n_right)/2) cells per half",0
nadig_hepg2_vs_jurkat,matched_budget_source_frozen_replication,primary_min20,nadig_hepg2,nadig_hepg2,nadig_jurkat,systema_centroid_accuracy,20260919,"0,2",1255,20,0.3153742287627798,0.2975866867458396,0.3052625224778716,0.3052625224778716,0.29792695247717266,0.3057819757652007,0.3057819757652007,0.010111706284908206,0.009592252997579098,raw cells; independent half A/B within context×perturbation; controls split independently,"floor(min(n_left,n_right)/2) cells per half",0
nadig_hepg2_vs_jurkat,matched_budget_source_frozen_replication,primary_min20,nadig_hepg2,nadig_hepg2,nadig_jurkat,systema_centroid_accuracy,20260919,"1,2",1255,20,0.3153742287627798,0.2975866867458396,0.3052625224778716,0.3052625224778716,0.29792313997598124,0.3064008717919391,0.3064008717919391,0.010111706284908206,0.008973356970840729,raw cells; independent half A/B within context×perturbation; controls split independently,"floor(min(n_left,n_right)/2) cells per half",0
nadig_hepg2_vs_jurkat,matched_budget_source_frozen_replication,primary_min20,nadig_hepg2,nadig_hepg2,nadig_jurkat,absolute_effect_rank_agreement,20260919,"0,1",1255,20,0.3262452582016432,0.3223666736562522,0.3097441176283701,0.3223666736562522,0.3226402206167356,0.3137637647178432,0.3226402206167356,0.003878584545390973,0.0036050375849076,raw cells; independent half A/B within context×perturbation; controls split independently,"floor(min(n_left,n_right)/2) cells per half",0
nadig_hepg2_vs_jurkat,matched_budget_source_frozen_replication,primary_min20,nadig_hepg2,nadig_hepg2,nadig_jurkat,absolute_effect_rank_agreement,20260919,"0,2",1255,20,0.3262452582016432,0.3223666736562522,0.3097441176283701,0.3223666736562522,0.3229820748902318,0.3137269105396595,0.3229820748902318,0.003878584545390973,0.0032631833114113995,raw cells; independent half A/B within context×perturbation; controls split independently,"floor(min(n_left,n_right)/2) cells per half",0
nadig_hepg2_vs_jurkat,matched_budget_source_frozen_replication,primary_min20,nadig_hepg2,nadig_hepg2,nadig_jurkat,absolute_effect_rank_agreement,20260919,"1,2",1255,20,0.3262452582016432,0.3223666736562522,0.3097441176283701,0.3223666736562522,0.3225290226653196,0.3152264943416128,0.3225290226653196,0.003878584545390973,0.003716235536323609,raw cells; independent half A/B within context×perturbation; controls split independently,"floor(min(n_left,n_right)/2) cells per half",0
nadig_hepg2_vs_jurkat,matched_budget_source_frozen_replication,primary_min20,nadig_jurkat,nadig_hepg2,nadig_jurkat,delta_cosine,20260919,"0,1",1255,20,0.3231952572485179,0.3217064755332736,0.3087515964848739,0.3217064755332736,0.322421637215095,0.31396265019666153,0.322421637215095,0.0014887817152443028,0.000773620033422906,raw cells; independent half A/B within context×perturbation; controls split independently,"floor(min(n_left,n_right)/2) cells per half",0
nadig_hepg2_vs_jurkat,matched_budget_source_frozen_replication,primary_min20,nadig_jurkat,nadig_hepg2,nadig_jurkat,delta_cosine,20260919,"0,2",1255,20,0.3231952572485179,0.3217064755332736,0.3087515964848739,0.3217064755332736,0.32200543916836644,0.3137555042985951,0.32200543916836644,0.0014887817152443028,0.0011898180801514502,raw cells; independent half A/B within context×perturbation; controls split independently,"floor(min(n_left,n_right)/2) cells per half",0
nadig_hepg2_vs_jurkat,matched_budget_source_frozen_replication,primary_min20,nadig_jurkat,nadig_hepg2,nadig_jurkat,delta_cosine,20260919,"1,2",1255,20,0.3231952572485179,0.3217064755332736,0.3087515964848739,0.3217064755332736,0.32232886635277075,0.31219619131130977,0.32232886635277075,0.0014887817152443028,0.0008663908957471378,raw cells; independent half A/B within context×perturbation; controls split independently,"floor(min(n_left,n_right)/2) cells per half",0
nadig_hepg2_vs_jurkat,matched_budget_source_frozen_replication,primary_min20,nadig_jurkat,nadig_hepg2,nadig_jurkat,systema_centroid_accuracy,20260919,"0,1",1255,20,0.3179664118645037,0.3085558880903817,0.3055096996384478,0.3085558880903817,0.3076373930116853,0.30496991301143117,0.3076373930116853,0.009410523774121993,0.010329018852818395,raw cells; independent half A/B within context×perturbation; controls split independently,"floor(min(n_left,n_right)/2) cells per half",0
nadig_hepg2_vs_jurkat,matched_budget_source_frozen_replication,primary_min20,nadig_jurkat,nadig_hepg2,nadig_jurkat,systema_centroid_accuracy,20260919,"0,2",1255,20,0.3179664118645037,0.3085558880903817,0.3055096996384478,0.3085558880903817,0.3089047319493954,0.30701087198256416,0.3089047319493954,0.009410523774121993,0.009061679915108312,raw cells; independent half A/B within context×perturbation; controls split independently,"floor(min(n_left,n_right)/2) cells per half",0
nadig_hepg2_vs_jurkat,matched_budget_source_frozen_replication,primary_min20,nadig_jurkat,nadig_hepg2,nadig_jurkat,systema_centroid_accuracy,20260919,"1,2",1255,20,0.3179664118645037,0.3085558880903817,0.3055096996384478,0.3085558880903817,0.30876303398844807,0.30627823633694884,0.30876303398844807,0.009410523774121993,0.00920337787605563,raw cells; independent half A/B within context×perturbation; controls split independently,"floor(min(n_left,n_right)/2) cells per half",0
nadig_hepg2_vs_jurkat,matched_budget_source_frozen_replication,primary_min20,nadig_jurkat,nadig_hepg2,nadig_jurkat,absolute_effect_rank_agreement,20260919,"0,1",1255,20,0.32278064774395243,0.32342781982119373,0.3052491787237017,0.32342781982119373,0.3242980232181323,0.3108738888147569,0.3242980232181323,-0.0006471720772412981,-0.0015173754741798495,raw cells; independent half A/B within context×perturbation; controls split independently,"floor(min(n_left,n_right)/2) cells per half",0
nadig_hepg2_vs_jurkat,matched_budget_source_frozen_replication,primary_min20,nadig_jurkat,nadig_hepg2,nadig_jurkat,absolute_effect_rank_agreement,20260919,"0,2",1255,20,0.32278064774395243,0.32342781982119373,0.3052491787237017,0.32342781982119373,0.32445878368503656,0.31090947215921005,0.32445878368503656,-0.0006471720772412981,-0.0016781359410841246,raw cells; independent half A/B within context×perturbation; controls split independently,"floor(min(n_left,n_right)/2) cells per half",0
nadig_hepg2_vs_jurkat,matched_budget_source_frozen_replication,primary_min20,nadig_jurkat,nadig_hepg2,nadig_jurkat,absolute_effect_rank_agreement,20260919,"1,2",1255,20,0.32278064774395243,0.32342781982119373,0.3052491787237017,0.32342781982119373,0.32382908557158924,0.3095706488241611,0.32382908557158924,-0.0006471720772412981,-0.0010484378276368056,raw cells; independent half A/B within context×perturbation; controls split independently,"floor(min(n_left,n_right)/2) cells per half",0
nadig_hepg2_vs_jurkat,matched_budget_source_frozen_replication,sensitivity_min40,nadig_hepg2,nadig_hepg2,nadig_jurkat,delta_cosine,20260919,"0,1",345,40,0.33199359622514324,0.29079878665318504,0.3141388608021571,0.3141388608021571,0.29047859791034714,0.31483822042467136,0.31483822042467136,0.017854735422986157,0.017155375800471884,raw cells; independent half A/B within context×perturbation; controls split independently,"floor(min(n_left,n_right)/2) cells per half",0
nadig_hepg2_vs_jurkat,matched_budget_source_frozen_replication,sensitivity_min40,nadig_hepg2,nadig_hepg2,nadig_jurkat,delta_cosine,20260919,"0,2",345,40,0.33199359622514324,0.29079878665318504,0.3141388608021571,0.3141388608021571,0.29188574317492416,0.3145348837209303,0.3145348837209303,0.017854735422986157,0.017458712504212937,raw cells; independent half A/B within context×perturbation; controls split independently,"floor(min(n_left,n_right)/2) cells per half",0
nadig_hepg2_vs_jurkat,matched_budget_source_frozen_replication,sensitivity_min40,nadig_hepg2,nadig_hepg2,nadig_jurkat,delta_cosine,20260919,"1,2",345,40,0.33199359622514324,0.29079878665318504,0.3141388608021571,0.3141388608021571,0.2904954499494439,0.31456858779912367,0.31456858779912367,0.017854735422986157,0.017425008426019573,raw cells; independent half A/B within context×perturbation; controls split independently,"floor(min(n_left,n_right)/2) cells per half",0
nadig_hepg2_vs_jurkat,matched_budget_source_frozen_replication,sensitivity_min40,nadig_hepg2,nadig_hepg2,nadig_jurkat,systema_centroid_accuracy,20260919,"0,1",345,40,0.32084175935288173,0.3020896528479946,0.3147202561509943,0.3147202561509943,0.30278901247050893,0.3160936973373778,0.3160936973373778,0.006121503201887424,0.004748062015503929,raw cells; independent half A/B within context×perturbation; controls split independently,"floor(min(n_left,n_right)/2) cells per half",0
nadig_hepg2_vs_jurkat,matched_budget_source_frozen_replication,sensitivity_min40,nadig_hepg2,nadig_hepg2,nadig_jurkat,systema_centroid_accuracy,20260919,"0,2",345,40,0.32084175935288173,0.3020896528479946,0.3147202561509943,0.3147202561509943,0.3028227165487024,0.31385658914728687,0.31385658914728687,0.006121503201887424,0.0069851702055948595,raw cells; independent half A/B within context×perturbation; controls split independently,"floor(min(n_left,n_right)/2) cells per half",0
nadig_hepg2_vs_jurkat,matched_budget_source_frozen_replication,sensitivity_min40,nadig_hepg2,nadig_hepg2,nadig_jurkat,systema_centroid_accuracy,20260919,"1,2",345,40,0.32084175935288173,0.3020896528479946,0.3147202561509943,0.3147202561509943,0.30195483653522076,0.3148045163464779,0.3148045163464779,0.006121503201887424,0.006037243006403847,raw cells; independent half A/B within context×perturbation; controls split independently,"floor(min(n_left,n_right)/2) cells per half",0
nadig_hepg2_vs_jurkat,matched_budget_source_frozen_replication,sensitivity_min40,nadig_hepg2,nadig_hepg2,nadig_jurkat,absolute_effect_rank_agreement,20260919,"0,1",345,40,0.3262133468149646,0.29563532187394675,0.3180485338725986,0.3180485338725986,0.2969582069430401,0.31728176609369735,0.31728176609369735,0.008164812942365984,0.008931580721267263,raw cells; independent half A/B within context×perturbation; controls split independently,"floor(min(n_left,n_right)/2) cells per half",0
nadig_hepg2_vs_jurkat,matched_budget_source_frozen_replication,sensitivity_min40,nadig_hepg2,nadig_hepg2,nadig_jurkat,absolute_effect_rank_agreement,20260919,"0,2",345,40,0.3262133468149646,0.29563532187394675,0.3180485338725986,0.3180485338725986,0.2973289518031682,0.3186215032018874,0.3186215032018874,0.008164812942365984,0.007591843613077187,raw cells; independent half A/B within context×perturbation; controls split independently,"floor(min(n_left,n_right)/2) cells per half",0
nadig_hepg2_vs_jurkat,matched_budget_source_frozen_replication,sensitivity_min40,nadig_hepg2,nadig_hepg2,nadig_jurkat,absolute_effect_rank_agreement,20260919,"1,2",345,40,0.3262133468149646,0.29563532187394675,0.3180485338725986,0.3180485338725986,0.2968149646107179,0.3186552072800809,0.3186552072800809,0.008164812942365984,0.007558139534883712,raw cells; independent half A/B within context×perturbation; controls split independently,"floor(min(n_left,n_right)/2) cells per half",0
nadig_hepg2_vs_jurkat,matched_budget_source_frozen_replication,sensitivity_min40,nadig_jurkat,nadig_hepg2,nadig_jurkat,delta_cosine,20260919,"0,1",345,40,0.3304095045500506,0.3059824738793394,0.31820020222446915,0.31820020222446915,0.3064206268958544,0.31944725311762723,0.31944725311762723,0.012209302325581428,0.010962251432423353,raw cells; independent half A/B within context×perturbation; controls split independently,"floor(min(n_left,n_right)/2) cells per half",0
nadig_hepg2_vs_jurkat,matched_budget_source_frozen_replication,sensitivity_min40,nadig_jurkat,nadig_hepg2,nadig_jurkat,delta_cosine,20260919,"0,2",345,40,0.3304095045500506,0.3059824738793394,0.31820020222446915,0.31820020222446915,0.3056622851365015,0.31896697000337043,0.31896697000337043,0.012209302325581428,0.01144253454668015,raw cells; independent half A/B within context×perturbation; controls split independently,"floor(min(n_left,n_right)/2) cells per half",0
nadig_hepg2_vs_jurkat,matched_budget_source_frozen_replication,sensitivity_min40,nadig_jurkat,nadig_hepg2,nadig_jurkat,delta_cosine,20260919,"1,2",345,40,0.3304095045500506,0.3059824738793394,0.31820020222446915,0.31820020222446915,0.3049292214357937,0.31876474553420964,0.31876474553420964,0.012209302325581428,0.011644759015840944,raw cells; independent half A/B within context×perturbation; controls split independently,"floor(min(n_left,n_right)/2) cells per half",0
nadig_hepg2_vs_jurkat,matched_budget_source_frozen_replication,sensitivity_min40,nadig_jurkat,nadig_hepg2,nadig_jurkat,systema_centroid_accuracy,20260919,"0,1",345,40,0.3197210987529491,0.31043141220087633,0.3178294573643411,0.3178294573643411,0.3112908661948096,0.31605578024941017,0.31605578024941017,0.0018916413886079786,0.0036653185035389058,raw cells; independent half A/B within context×perturbation; controls split independently,"floor(min(n_left,n_right)/2) cells per half",0
nadig_hepg2_vs_jurkat,matched_budget_source_frozen_replication,sensitivity_min40,nadig_jurkat,nadig_hepg2,nadig_jurkat,systema_centroid_accuracy,20260919,"0,2",345,40,0.3197210987529491,0.31043141220087633,0.3178294573643411,0.3178294573643411,0.3112992922143579,0.3184319177620492,0.3184319177620492,0.0018916413886079786,0.001289180990899863,raw cells; independent half A/B within context×perturbation; controls split independently,"floor(min(n_left,n_right)/2) cells per half",0
nadig_hepg2_vs_jurkat,matched_budget_source_frozen_replication,sensitivity_min40,nadig_jurkat,nadig_hepg2,nadig_jurkat,systema_centroid_accuracy,20260919,"1,2",345,40,0.3197210987529491,0.31043141220087633,0.3178294573643411,0.3178294573643411,0.3111097067745197,0.317458712504213,0.317458712504213,0.0018916413886079786,0.0022623862487360924,raw cells; independent half A/B within context×perturbation; controls split independently,"floor(min(n_left,n_right)/2) cells per half",0
nadig_hepg2_vs_jurkat,matched_budget_source_frozen_replication,sensitivity_min40,nadig_jurkat,nadig_hepg2,nadig_jurkat,absolute_effect_rank_agreement,20260919,"0,1",345,40,0.3270475227502528,0.30151668351870575,0.3197337377822716,0.3197337377822716,0.30197168857431744,0.3199865183687226,0.3199865183687226,0.007313784967981185,0.007061004381530178,raw cells; independent half A/B within context×perturbation; controls split independently,"floor(min(n_left,n_right)/2) cells per half",0
nadig_hepg2_vs_jurkat,matched_budget_source_frozen_replication,sensitivity_min40,nadig_jurkat,nadig_hepg2,nadig_jurkat,absolute_effect_rank_agreement,20260919,"0,2",345,40,0.3270475227502528,0.30151668351870575,0.3197337377822716,0.3197337377822716,0.3025952140208965,0.32006235254465787,0.32006235254465787,0.007313784967981185,0.006985170205594915,raw cells; independent half A/B within context×perturbation; controls split independently,"floor(min(n_left,n_right)/2) cells per half",0
nadig_hepg2_vs_jurkat,matched_budget_source_frozen_replication,sensitivity_min40,nadig_jurkat,nadig_hepg2,nadig_jurkat,absolute_effect_rank_agreement,20260919,"1,2",345,40,0.3270475227502528,0.30151668351870575,0.3197337377822716,0.3197337377822716,0.30215706100438156,0.32010448264239977,0.32010448264239977,0.007313784967981185,0.006943040107853016,raw cells; independent half A/B within context×perturbation; controls split independently,"floor(min(n_left,n_right)/2) cells per half",0
nadig_hepg2_vs_jurkat,matched_budget_source_frozen_replication,primary_min20,nadig_hepg2,nadig_hepg2,nadig_jurkat,delta_cosine,20260920,"0,1",1255,20,0.3315297025613654,0.31074045127305766,0.3180013597920916,0.3180013597920916,0.31158428487008905,0.32358794487123277,0.32358794487123277,0.013528342769273782,0.007941757690132611,raw cells; independent half A/B within context×perturbation; controls split independently,"floor(min(n_left,n_right)/2) cells per half",0
nadig_hepg2_vs_jurkat,matched_budget_source_frozen_replication,primary_min20,nadig_hepg2,nadig_hepg2,nadig_jurkat,delta_cosine,20260920,"0,2",1255,20,0.3315297025613654,0.31074045127305766,0.3180013597920916,0.3180013597920916,0.3111890555799132,0.3217782776390451,0.3217782776390451,0.013528342769273782,0.009751424922320284,raw cells; independent half A/B within context×perturbation; controls split independently,"floor(min(n_left,n_right)/2) cells per half",0
nadig_hepg2_vs_jurkat,matched_budget_source_frozen_replication,primary_min20,nadig_hepg2,nadig_hepg2,nadig_jurkat,delta_cosine,20260920,"1,2",1255,20,0.3315297025613654,0.31074045127305766,0.3180013597920916,0.3180013597920916,0.3120093787529309,0.3219282360192404,0.3219282360192404,0.013528342769273782,0.009601466542124959,raw cells; independent half A/B within context×perturbation; controls split independently,"floor(min(n_left,n_right)/2) cells per half",0
nadig_hepg2_vs_jurkat,matched_budget_source_frozen_replication,primary_min20,nadig_hepg2,nadig_hepg2,nadig_jurkat,systema_centroid_accuracy,20260920,"0,1",1255,20,0.3192416935130292,0.31048310744263774,0.3091887632881552,0.31048310744263774,0.31071535230688097,0.3127223164757239,0.3127223164757239,0.008758586070391483,0.006519377037305318,raw cells; independent half A/B within context×perturbation; controls split independently,"floor(min(n_left,n_right)/2) cells per half",0
nadig_hepg2_vs_jurkat,matched_budget_source_frozen_replication,primary_min20,nadig_hepg2,nadig_hepg2,nadig_jurkat,systema_centroid_accuracy,20260920,"0,2",1255,20,0.3192416935130292,0.31048310744263774,0.3091887632881552,0.31048310744263774,0.31052440953887794,0.31213392045851684,0.31213392045851684,0.008758586070391483,0.0071077730545123785,raw cells; independent half A/B within context×perturbation; controls split independently,"floor(min(n_left,n_right)/2) cells per half",0
nadig_hepg2_vs_jurkat,matched_budget_source_frozen_replication,primary_min20,nadig_hepg2,nadig_hepg2,nadig_jurkat,systema_centroid_accuracy,20260920,"1,2",1255,20,0.3192416935130292,0.31048310744263774,0.3091887632881552,0.31048310744263774,0.31027786779516703,0.31139493064424917,0.31139493064424917,0.008758586070391483,0.007846762868780055,raw cells; independent half A/B within context×perturbation; controls split independently,"floor(min(n_left,n_right)/2) cells per half",0
nadig_hepg2_vs_jurkat,matched_budget_source_frozen_replication,primary_min20,nadig_hepg2,nadig_hepg2,nadig_jurkat,absolute_effect_rank_agreement,20260920,"0,1",1255,20,0.33034210844024225,0.325241934971438,0.31909427680029484,0.325241934971438,0.32558251841120367,0.3243714138660668,0.32558251841120367,0.005100173468804259,0.004759590029038585,raw cells; independent half A/B within context×perturbation; controls split independently,"floor(min(n_left,n_right)/2) cells per half",0
nadig_hepg2_vs_jurkat,matched_budget_source_frozen_replication,primary_min20,nadig_hepg2,nadig_hepg2,nadig_jurkat,absolute_effect_rank_agreement,20260920,"0,2",1255,20,0.33034210844024225,0.325241934971438,0.31909427680029484,0.325241934971438,0.32544590378517824,0.3245220076631274,0.32544590378517824,0.005100173468804259,0.004896204655064018,raw cells; independent half A/B within context×perturbation; controls split independently,"floor(min(n_left,n_right)/2) cells per half",0
nadig_hepg2_vs_jurkat,matched_budget_source_frozen_replication,primary_min20,nadig_hepg2,nadig_hepg2,nadig_jurkat,absolute_effect_rank_agreement,20260920,"1,2",1255,20,0.33034210844024225,0.325241934971438,0.31909427680029484,0.325241934971438,0.3259262789352955,0.3248829244425806,0.3259262789352955,0.005100173468804259,0.004415829504946733,raw cells; independent half A/B within context×perturbation; controls split independently,"floor(min(n_left,n_right)/2) cells per half",0
nadig_hepg2_vs_jurkat,matched_budget_source_frozen_replication,primary_min20,nadig_jurkat,nadig_hepg2,nadig_jurkat,delta_cosine,20260920,"0,1",1255,20,0.3299081187212871,0.330345603233001,0.3188998392395331,0.330345603233001,0.3311227180591827,0.3244025492924633,0.3311227180591827,-0.0004374845117138815,-0.0012145993378955833,raw cells; independent half A/B within context×perturbation; controls split independently,"floor(min(n_left,n_right)/2) cells per half",0
nadig_hepg2_vs_jurkat,matched_budget_source_frozen_replication,primary_min20,nadig_jurkat,nadig_hepg2,nadig_jurkat,delta_cosine,20260920,"0,2",1255,20,0.3299081187212871,0.330345603233001,0.3188998392395331,0.330345603233001,0.33098102009823543,0.32445592430914305,0.33098102009823543,-0.0004374845117138815,-0.0010729013769483209,raw cells; independent half A/B within context×perturbation; controls split independently,"floor(min(n_left,n_right)/2) cells per half",0
nadig_hepg2_vs_jurkat,matched_budget_source_frozen_replication,primary_min20,nadig_jurkat,nadig_hepg2,nadig_jurkat,delta_cosine,20260920,"1,2",1255,20,0.3299081187212871,0.330345603233001,0.3188998392395331,0.330345603233001,0.3310668013750421,0.3232105072532835,0.3310668013750421,-0.0004374845117138815,-0.001158682653754961,raw cells; independent half A/B within context×perturbation; controls split independently,"floor(min(n_left,n_right)/2) cells per half",0
nadig_hepg2_vs_jurkat,matched_budget_source_frozen_replication,primary_min20,nadig_jurkat,nadig_hepg2,nadig_jurkat,systema_centroid_accuracy,20260920,"0,1",1255,20,0.32421319506662344,0.3213747879296212,0.30749092942424877,0.3213747879296212,0.32122324100726285,0.31209547773817015,0.32122324100726285,0.00283840713700223,0.002989954059360589,raw cells; independent half A/B within context×perturbation; controls split independently,"floor(min(n_left,n_right)/2) cells per half",0
nadig_hepg2_vs_jurkat,matched_budget_source_frozen_replication,primary_min20,nadig_jurkat,nadig_hepg2,nadig_jurkat,systema_centroid_accuracy,20260920,"0,2",1255,20,0.32421319506662344,0.3213747879296212,0.30749092942424877,0.3213747879296212,0.3217696995113644,0.3134549521213392,0.3217696995113644,0.00283840713700223,0.002443495555259023,raw cells; independent half A/B within context×perturbation; controls split independently,"floor(min(n_left,n_right)/2) cells per half",0
nadig_hepg2_vs_jurkat,matched_budget_source_frozen_replication,primary_min20,nadig_jurkat,nadig_hepg2,nadig_jurkat,systema_centroid_accuracy,20260920,"1,2",1255,20,0.32421319506662344,0.3213747879296212,0.30749092942424877,0.3213747879296212,0.32108154304631553,0.31108548263088,0.32108154304631553,0.00283840713700223,0.003131652020307907,raw cells; independent half A/B within context×perturbation; controls split independently,"floor(min(n_left,n_right)/2) cells per half",0
nadig_hepg2_vs_jurkat,matched_budget_source_frozen_replication,primary_min20,nadig_jurkat,nadig_hepg2,nadig_jurkat,absolute_effect_rank_agreement,20260920,"0,1",1255,20,0.32934418625339157,0.3297152697026885,0.31858848497556824,0.3297152697026885,0.33068555125590143,0.3243123200976,0.33068555125590143,-0.00037108344929692727,-0.0013413650025098645,raw cells; independent half A/B within context×perturbation; controls split independently,"floor(min(n_left,n_right)/2) cells per half",0
nadig_hepg2_vs_jurkat,matched_budget_source_frozen_replication,primary_min20,nadig_jurkat,nadig_hepg2,nadig_jurkat,absolute_effect_rank_agreement,20260920,"0,2",1255,20,0.32934418625339157,0.3297152697026885,0.31858848497556824,0.3297152697026885,0.32972289470507127,0.32473233064552,0.32972289470507127,-0.00037108344929692727,-0.000378708451679699,raw cells; independent half A/B within context×perturbation; controls split independently,"floor(min(n_left,n_right)/2) cells per half",0
nadig_hepg2_vs_jurkat,matched_budget_source_frozen_replication,primary_min20,nadig_jurkat,nadig_hepg2,nadig_jurkat,absolute_effect_rank_agreement,20260920,"1,2",1255,20,0.32934418625339157,0.3297152697026885,0.31858848497556824,0.3297152697026885,0.33035576990284476,0.3245620389256372,0.33035576990284476,-0.00037108344929692727,-0.001011583649453196,raw cells; independent half A/B within context×perturbation; controls split independently,"floor(min(n_left,n_right)/2) cells per half",0
nadig_hepg2_vs_jurkat,matched_budget_source_frozen_replication,sensitivity_min40,nadig_hepg2,nadig_hepg2,nadig_jurkat,delta_cosine,20260920,"0,1",345,40,0.32039518031681835,0.28517863161442536,0.31394506235254466,0.31394506235254466,0.2863835524098416,0.31663296258847323,0.31663296258847323,0.006450117964273694,0.0037622177283451186,raw cells; independent half A/B within context×perturbation; controls split independently,"floor(min(n_left,n_right)/2) cells per half",0
nadig_hepg2_vs_jurkat,matched_budget_source_frozen_replication,sensitivity_min40,nadig_hepg2,nadig_hepg2,nadig_jurkat,delta_cosine,20260920,"0,2",345,40,0.32039518031681835,0.28517863161442536,0.31394506235254466,0.31394506235254466,0.28556622851365016,0.3159420289855073,0.3159420289855073,0.006450117964273694,0.004453151331311078,raw cells; independent half A/B within context×perturbation; controls split independently,"floor(min(n_left,n_right)/2) cells per half",0
nadig_hepg2_vs_jurkat,matched_budget_source_frozen_replication,sensitivity_min40,nadig_hepg2,nadig_hepg2,nadig_jurkat,delta_cosine,20260920,"1,2",345,40,0.32039518031681835,0.28517863161442536,0.31394506235254466,0.31394506235254466,0.2863414223120998,0.31504044489383215,0.31504044489383215,0.006450117964273694,0.005354735422986201,raw cells; independent half A/B within context×perturbation; controls split independently,"floor(min(n_left,n_right)/2) cells per half",0
nadig_hepg2_vs_jurkat,matched_budget_source_frozen_replication,sensitivity_min40,nadig_hepg2,nadig_hepg2,nadig_jurkat,systema_centroid_accuracy,20260920,"0,1",345,40,0.33146275699359623,0.3069093360296596,0.32492416582406475,0.32492416582406475,0.30747387933940007,0.3243975396022919,0.3243975396022919,0.0065385911695314824,0.007065217391304335,raw cells; independent half A/B within context×perturbation; controls split independently,"floor(min(n_left,n_right)/2) cells per half",0
nadig_hepg2_vs_jurkat,matched_budget_source_frozen_replication,sensitivity_min40,nadig_hepg2,nadig_hepg2,nadig_jurkat,systema_centroid_accuracy,20260920,"0,2",345,40,0.33146275699359623,0.3069093360296596,0.32492416582406475,0.32492416582406475,0.3060161779575329,0.3239973036737445,0.3239973036737445,0.0065385911695314824,0.0074654533198517115,raw cells; independent half A/B within context×perturbation; controls split independently,"floor(min(n_left,n_right)/2) cells per half",0
nadig_hepg2_vs_jurkat,matched_budget_source_frozen_replication,sensitivity_min40,nadig_hepg2,nadig_hepg2,nadig_jurkat,systema_centroid_accuracy,20260920,"1,2",345,40,0.33146275699359623,0.3069093360296596,0.32492416582406475,0.32492416582406475,0.30680401078530506,0.3247977755308392,0.3247977755308392,0.0065385911695314824,0.006664981462757014,raw cells; independent half A/B within context×perturbation; controls split independently,"floor(min(n_left,n_right)/2) cells per half",0
nadig_hepg2_vs_jurkat,matched_budget_source_frozen_replication,sensitivity_min40,nadig_hepg2,nadig_hepg2,nadig_jurkat,absolute_effect_rank_agreement,20260920,"0,1",345,40,0.31608948432760364,0.31949780923491744,0.3423070441523424,0.3423070441523424,0.3195315133131109,0.3422649140546006,0.3422649140546006,-0.02621755982473878,-0.026175429726996935,raw cells; independent half A/B within context×perturbation; controls split independently,"floor(min(n_left,n_right)/2) cells per half",0
nadig_hepg2_vs_jurkat,matched_budget_source_frozen_replication,sensitivity_min40,nadig_hepg2,nadig_hepg2,nadig_jurkat,absolute_effect_rank_agreement,20260920,"0,2",345,40,0.31608948432760364,0.31949780923491744,0.3423070441523424,0.3423070441523424,0.31922817660936975,0.3428800134816312,0.3428800134816312,-0.02621755982473878,-0.026790529154027576,raw cells; independent half A/B within context×perturbation; controls split independently,"floor(min(n_left,n_right)/2) cells per half",0
nadig_hepg2_vs_jurkat,matched_budget_source_frozen_replication,sensitivity_min40,nadig_hepg2,nadig_hepg2,nadig_jurkat,absolute_effect_rank_agreement,20260920,"1,2",345,40,0.31608948432760364,0.31949780923491744,0.3423070441523424,0.3423070441523424,0.31890798786653185,0.3431327940680823,0.3431327940680823,-0.02621755982473878,-0.027043309740478638,raw cells; independent half A/B within context×perturbation; controls split independently,"floor(min(n_left,n_right)/2) cells per half",0
nadig_hepg2_vs_jurkat,matched_budget_source_frozen_replication,sensitivity_min40,nadig_jurkat,nadig_hepg2,nadig_jurkat,delta_cosine,20260920,"0,1",345,40,0.32281344792719924,0.32083754634310757,0.3201634647792383,0.32083754634310757,0.3209386585776879,0.32241321199865186,0.32241321199865186,0.001975901584091666,0.00040023592854737666,raw cells; independent half A/B within context×perturbation; controls split independently,"floor(min(n_left,n_right)/2) cells per half",0
nadig_hepg2_vs_jurkat,matched_budget_source_frozen_replication,sensitivity_min40,nadig_jurkat,nadig_hepg2,nadig_jurkat,delta_cosine,20260920,"0,2",345,40,0.32281344792719924,0.32083754634310757,0.3201634647792383,0.32083754634310757,0.3209555106167847,0.3226744186046512,0.3226744186046512,0.001975901584091666,0.00013902932254805656,raw cells; independent half A/B within context×perturbation; controls split independently,"floor(min(n_left,n_right)/2) cells per half",0
nadig_hepg2_vs_jurkat,matched_budget_source_frozen_replication,sensitivity_min40,nadig_jurkat,nadig_hepg2,nadig_jurkat,delta_cosine,20260920,"1,2",345,40,0.32281344792719924,0.32083754634310757,0.3201634647792383,0.32083754634310757,0.3212588473205258,0.3223458038422649,0.3223458038422649,0.001975901584091666,0.00046764408493432663,raw cells; independent half A/B within context×perturbation; controls split independently,"floor(min(n_left,n_right)/2) cells per half",0
nadig_hepg2_vs_jurkat,matched_budget_source_frozen_replication,sensitivity_min40,nadig_jurkat,nadig_hepg2,nadig_jurkat,systema_centroid_accuracy,20260920,"0,1",345,40,0.33626980114593863,0.32274182676103813,0.3238203572632289,0.3238203572632289,0.3232431749241658,0.3227755308392315,0.3232431749241658,0.012449443882709743,0.013026626221772808,raw cells; independent half A/B within context×perturbation; controls split independently,"floor(min(n_left,n_right)/2) cells per half",0
nadig_hepg2_vs_jurkat,matched_budget_source_frozen_replication,sensitivity_min40,nadig_jurkat,nadig_hepg2,nadig_jurkat,systema_centroid_accuracy,20260920,"0,2",345,40,0.33626980114593863,0.32274182676103813,0.3238203572632289,0.3238203572632289,0.3234875294910684,0.324170037074486,0.324170037074486,0.012449443882709743,0.012099764071452634,raw cells; independent half A/B within context×perturbation; controls split independently,"floor(min(n_left,n_right)/2) cells per half",0
nadig_hepg2_vs_jurkat,matched_budget_source_frozen_replication,sensitivity_min40,nadig_jurkat,nadig_hepg2,nadig_jurkat,systema_centroid_accuracy,20260920,"1,2",345,40,0.33626980114593863,0.32274182676103813,0.3238203572632289,0.3238203572632289,0.3219582069430401,0.3233864172564881,0.3233864172564881,0.012449443882709743,0.01288338388945054,raw cells; independent half A/B within context×perturbation; controls split independently,"floor(min(n_left,n_right)/2) cells per half",0
nadig_hepg2_vs_jurkat,matched_budget_source_frozen_replication,sensitivity_min40,nadig_jurkat,nadig_hepg2,nadig_jurkat,absolute_effect_rank_agreement,20260920,"0,1",345,40,0.3158114256825076,0.33099089989888775,0.3449191102123357,0.3449191102123357,0.3320525783619818,0.3465706100438153,0.3465706100438153,-0.029107684529828093,-0.0307591843613077,raw cells; independent half A/B within context×perturbation; controls split independently,"floor(min(n_left,n_right)/2) cells per half",0
nadig_hepg2_vs_jurkat,matched_budget_source_frozen_replication,sensitivity_min40,nadig_jurkat,nadig_hepg2,nadig_jurkat,absolute_effect_rank_agreement,20260920,"0,2",345,40,0.3158114256825076,0.33099089989888775,0.3449191102123357,0.3449191102123357,0.330881361644759,0.3454752275025278,0.3454752275025278,-0.029107684529828093,-0.029663801820020208,raw cells; independent half A/B within context×perturbation; controls split independently,"floor(min(n_left,n_right)/2) cells per half",0
nadig_hepg2_vs_jurkat,matched_budget_source_frozen_replication,sensitivity_min40,nadig_jurkat,nadig_hepg2,nadig_jurkat,absolute_effect_rank_agreement,20260920,"1,2",345,40,0.3158114256825076,0.33099089989888775,0.3449191102123357,0.3449191102123357,0.3313026626221773,0.34747219413549035,0.34747219413549035,-0.029107684529828093,-0.03166076845298277,raw cells; independent half A/B within context×perturbation; controls split independently,"floor(min(n_left,n_right)/2) cells per half",0
nadig_hepg2_vs_jurkat,matched_budget_source_frozen_replication,primary_min20,nadig_hepg2,nadig_hepg2,nadig_jurkat,delta_cosine,20260921,"0,1",1255,20,0.3280920973204471,0.3043786576183305,0.3027202196000686,0.3043786576183305,0.3045807201814751,0.30731714291160717,0.30731714291160717,0.02371343970211659,0.02077495440883992,raw cells; independent half A/B within context×perturbation; controls split independently,"floor(min(n_left,n_right)/2) cells per half",0
nadig_hepg2_vs_jurkat,matched_budget_source_frozen_replication,primary_min20,nadig_hepg2,nadig_hepg2,nadig_jurkat,delta_cosine,20260921,"0,2",1255,20,0.3280920973204471,0.3043786576183305,0.3027202196000686,0.3043786576183305,0.30455339725626995,0.3061695800529938,0.3061695800529938,0.02371343970211659,0.021922517267453312,raw cells; independent half A/B within context×perturbation; controls split independently,"floor(min(n_left,n_right)/2) cells per half",0
nadig_hepg2_vs_jurkat,matched_budget_source_frozen_replication,primary_min20,nadig_hepg2,nadig_hepg2,nadig_jurkat,delta_cosine,20260921,"1,2",1255,20,0.3280920973204471,0.3043786576183305,0.3027202196000686,0.3043786576183305,0.30528031415009815,0.3074969658844685,0.3074969658844685,0.02371343970211659,0.020595131435978575,raw cells; independent half A/B within context×perturbation; controls split independently,"floor(min(n_left,n_right)/2) cells per half",0
nadig_hepg2_vs_jurkat,matched_budget_source_frozen_replication,primary_min20,nadig_hepg2,nadig_hepg2,nadig_jurkat,systema_centroid_accuracy,20260921,"0,1",1255,20,0.3176309117596599,0.3068930021540632,0.2993131143686816,0.3068930021540632,0.3068520177662556,0.2996457550976318,0.3068520177662556,0.01073790960559673,0.010778893993404315,raw cells; independent half A/B within context×perturbation; controls split independently,"floor(min(n_left,n_right)/2) cells per half",0
nadig_hepg2_vs_jurkat,matched_budget_source_frozen_replication,primary_min20,nadig_hepg2,nadig_hepg2,nadig_jurkat,systema_centroid_accuracy,20260921,"0,2",1255,20,0.3176309117596599,0.3068930021540632,0.2993131143686816,0.3068930021540632,0.30654256975288635,0.299453859204331,0.30654256975288635,0.01073790960559673,0.011088342006773555,raw cells; independent half A/B within context×perturbation; controls split independently,"floor(min(n_left,n_right)/2) cells per half",0
nadig_hepg2_vs_jurkat,matched_budget_source_frozen_replication,primary_min20,nadig_hepg2,nadig_hepg2,nadig_jurkat,systema_centroid_accuracy,20260921,"1,2",1255,20,0.3176309117596599,0.3068930021540632,0.2993131143686816,0.3068930021540632,0.30662199686104064,0.2995031040113867,0.30662199686104064,0.01073790960559673,0.01100891489861927,raw cells; independent half A/B within context×perturbation; controls split independently,"floor(min(n_left,n_right)/2) cells per half",0
nadig_hepg2_vs_jurkat,matched_budget_source_frozen_replication,primary_min20,nadig_hepg2,nadig_hepg2,nadig_jurkat,absolute_effect_rank_agreement,20260921,"0,1",1255,20,0.32713198243707786,0.317587703412824,0.30919892995799897,0.317587703412824,0.3177967555614861,0.3133307281241859,0.3177967555614861,0.009544279024253866,0.00933522687559174,raw cells; independent half A/B within context×perturbation; controls split independently,"floor(min(n_left,n_right)/2) cells per half",0
nadig_hepg2_vs_jurkat,matched_budget_source_frozen_replication,primary_min20,nadig_hepg2,nadig_hepg2,nadig_jurkat,absolute_effect_rank_agreement,20260921,"0,2",1255,20,0.32713198243707786,0.317587703412824,0.30919892995799897,0.317587703412824,0.3182377348659588,0.31383397828145154,0.3182377348659588,0.009544279024253866,0.008894247571119063,raw cells; independent half A/B within context×perturbation; controls split independently,"floor(min(n_left,n_right)/2) cells per half",0
nadig_hepg2_vs_jurkat,matched_budget_source_frozen_replication,primary_min20,nadig_hepg2,nadig_hepg2,nadig_jurkat,absolute_effect_rank_agreement,20260921,"1,2",1255,20,0.32713198243707786,0.317587703412824,0.30919892995799897,0.317587703412824,0.31868379750535336,0.3138314366139906,0.31868379750535336,0.009544279024253866,0.0084481849317245,raw cells; independent half A/B within context×perturbation; controls split independently,"floor(min(n_left,n_right)/2) cells per half",0
nadig_hepg2_vs_jurkat,matched_budget_source_frozen_replication,primary_min20,nadig_jurkat,nadig_hepg2,nadig_jurkat,delta_cosine,20260921,"0,1",1255,20,0.326242081117317,0.32080672525210163,0.30303348011462916,0.32080672525210163,0.3218716839182345,0.3085117266182479,0.3218716839182345,0.005435355865215374,0.004370397199082499,raw cells; independent half A/B within context×perturbation; controls split independently,"floor(min(n_left,n_right)/2) cells per half",0
nadig_hepg2_vs_jurkat,matched_budget_source_frozen_replication,primary_min20,nadig_jurkat,nadig_hepg2,nadig_jurkat,delta_cosine,20260921,"0,2",1255,20,0.326242081117317,0.32080672525210163,0.30303348011462916,0.32080672525210163,0.3215311004784689,0.30823087236381425,0.3215311004784689,0.005435355865215374,0.004710980638848117,raw cells; independent half A/B within context×perturbation; controls split independently,"floor(min(n_left,n_right)/2) cells per half",0
nadig_hepg2_vs_jurkat,matched_budget_source_frozen_replication,primary_min20,nadig_jurkat,nadig_hepg2,nadig_jurkat,delta_cosine,20260921,"1,2",1255,20,0.326242081117317,0.32080672525210163,0.30303348011462916,0.32080672525210163,0.32153364214592983,0.30706742408357,0.32153364214592983,0.005435355865215374,0.004708438971387174,raw cells; independent half A/B within context×perturbation; controls split independently,"floor(min(n_left,n_right)/2) cells per half",0
nadig_hepg2_vs_jurkat,matched_budget_source_frozen_replication,primary_min20,nadig_jurkat,nadig_hepg2,nadig_jurkat,systema_centroid_accuracy,20260921,"0,1",1255,20,0.32129885561422566,0.31678199482770675,0.3006493960362696,0.31678199482770675,0.31640678116878573,0.3013480368795949,0.31640678116878573,0.004516860786518917,0.004892074445439931,raw cells; independent half A/B within context×perturbation; controls split independently,"floor(min(n_left,n_right)/2) cells per half",0
nadig_hepg2_vs_jurkat,matched_budget_source_frozen_replication,primary_min20,nadig_jurkat,nadig_hepg2,nadig_jurkat,systema_centroid_accuracy,20260921,"0,2",1255,20,0.32129885561422566,0.31678199482770675,0.3006493960362696,0.31678199482770675,0.31692464591395186,0.3008663908957472,0.31692464591395186,0.004516860786518917,0.004374209700273801,raw cells; independent half A/B within context×perturbation; controls split independently,"floor(min(n_left,n_right)/2) cells per half",0
nadig_hepg2_vs_jurkat,matched_budget_source_frozen_replication,primary_min20,nadig_jurkat,nadig_hepg2,nadig_jurkat,systema_centroid_accuracy,20260921,"1,2",1255,20,0.32129885561422566,0.31678199482770675,0.3006493960362696,0.31678199482770675,0.3164299738843669,0.3008508231825489,0.3164299738843669,0.004516860786518917,0.004868881729858776,raw cells; independent half A/B within context×perturbation; controls split independently,"floor(min(n_left,n_right)/2) cells per half",0
nadig_hepg2_vs_jurkat,matched_budget_source_frozen_replication,primary_min20,nadig_jurkat,nadig_hepg2,nadig_jurkat,absolute_effect_rank_agreement,20260921,"0,1",1255,20,0.32365021572402575,0.3213811420982736,0.3076688461465144,0.3213811420982736,0.32239844449951394,0.3125590143413587,0.32239844449951394,0.002269073625752127,0.0012517712245118107,raw cells; independent half A/B within context×perturbation; controls split independently,"floor(min(n_left,n_right)/2) cells per half",0
nadig_hepg2_vs_jurkat,matched_budget_source_frozen_replication,primary_min20,nadig_jurkat,nadig_hepg2,nadig_jurkat,absolute_effect_rank_agreement,20260921,"0,2",1255,20,0.32365021572402575,0.3213811420982736,0.3076688461465144,0.3213811420982736,0.3214859858810373,0.3134533635791761,0.3214859858810373,0.002269073625752127,0.0021642298429884743,raw cells; independent half A/B within context×perturbation; controls split independently,"floor(min(n_left,n_right)/2) cells per half",0
nadig_hepg2_vs_jurkat,matched_budget_source_frozen_replication,primary_min20,nadig_jurkat,nadig_hepg2,nadig_jurkat,absolute_effect_rank_agreement,20260921,"1,2",1255,20,0.32365021572402575,0.3213811420982736,0.3076688461465144,0.3213811420982736,0.3215641421554611,0.31233185281203735,0.3215641421554611,0.002269073625752127,0.0020860735685646614,raw cells; independent half A/B within context×perturbation; controls split independently,"floor(min(n_left,n_right)/2) cells per half",0
nadig_hepg2_vs_jurkat,matched_budget_source_frozen_replication,sensitivity_min40,nadig_hepg2,nadig_hepg2,nadig_jurkat,delta_cosine,20260921,"0,1",345,40,0.31349427030670707,0.2804684866868891,0.3012301988540613,0.3012301988540613,0.2806622851365015,0.3013945062352545,0.3013945062352545,0.012264071452645742,0.012099764071452579,raw cells; independent half A/B within context×perturbation; controls split independently,"floor(min(n_left,n_right)/2) cells per half",0
nadig_hepg2_vs_jurkat,matched_budget_source_frozen_replication,sensitivity_min40,nadig_hepg2,nadig_hepg2,nadig_jurkat,delta_cosine,20260921,"0,2",345,40,0.31349427030670707,0.2804684866868891,0.3012301988540613,0.3012301988540613,0.2802662622177283,0.30202645770138187,0.30202645770138187,0.012264071452645742,0.0114678126053252,raw cells; independent half A/B within context×perturbation; controls split independently,"floor(min(n_left,n_right)/2) cells per half",0
nadig_hepg2_vs_jurkat,matched_budget_source_frozen_replication,sensitivity_min40,nadig_hepg2,nadig_hepg2,nadig_jurkat,delta_cosine,20260921,"1,2",345,40,0.31349427030670707,0.2804684866868891,0.3012301988540613,0.3012301988540613,0.28131951466127403,0.3029870239298955,0.3029870239298955,0.012264071452645742,0.010507246376811552,raw cells; independent half A/B within context×perturbation; controls split independently,"floor(min(n_left,n_right)/2) cells per half",0
nadig_hepg2_vs_jurkat,matched_budget_source_frozen_replication,sensitivity_min40,nadig_hepg2,nadig_hepg2,nadig_jurkat,systema_centroid_accuracy,20260921,"0,1",345,40,0.3150530839231547,0.30924334344455684,0.29898887765419613,0.30924334344455684,0.30968570947084595,0.30117964273677117,0.30968570947084595,0.005809740478597836,0.005367374452308726,raw cells; independent half A/B within context×perturbation; controls split independently,"floor(min(n_left,n_right)/2) cells per half",0
nadig_hepg2_vs_jurkat,matched_budget_source_frozen_replication,sensitivity_min40,nadig_hepg2,nadig_hepg2,nadig_jurkat,systema_centroid_accuracy,20260921,"0,2",345,40,0.3150530839231547,0.30924334344455684,0.29898887765419613,0.30924334344455684,0.3098289518031682,0.3002275025278059,0.3098289518031682,0.005809740478597836,0.005224132119986458,raw cells; independent half A/B within context×perturbation; controls split independently,"floor(min(n_left,n_right)/2) cells per half",0
nadig_hepg2_vs_jurkat,matched_budget_source_frozen_replication,sensitivity_min40,nadig_hepg2,nadig_hepg2,nadig_jurkat,systema_centroid_accuracy,20260921,"1,2",345,40,0.3150530839231547,0.30924334344455684,0.29898887765419613,0.30924334344455684,0.3088220424671385,0.30023171553758005,0.3088220424671385,0.005809740478597836,0.006231041456016162,raw cells; independent half A/B within context×perturbation; controls split independently,"floor(min(n_left,n_right)/2) cells per half",0
nadig_hepg2_vs_jurkat,matched_budget_source_frozen_replication,sensitivity_min40,nadig_hepg2,nadig_hepg2,nadig_jurkat,absolute_effect_rank_agreement,20260921,"0,1",345,40,0.3264703404111898,0.30840916750926867,0.3333923154701719,0.3333923154701719,0.3084681496461072,0.33198095719582066,0.33198095719582066,-0.006921975058982122,-0.005510616784630884,raw cells; independent half A/B within context×perturbation; controls split independently,"floor(min(n_left,n_right)/2) cells per half",0
nadig_hepg2_vs_jurkat,matched_budget_source_frozen_replication,sensitivity_min40,nadig_hepg2,nadig_hepg2,nadig_jurkat,absolute_effect_rank_agreement,20260921,"0,2",345,40,0.3264703404111898,0.30840916750926867,0.3333923154701719,0.3333923154701719,0.3091759352881699,0.33439079878665323,0.33439079878665323,-0.006921975058982122,-0.007920458375463457,raw cells; independent half A/B within context×perturbation; controls split independently,"floor(min(n_left,n_right)/2) cells per half",0
nadig_hepg2_vs_jurkat,matched_budget_source_frozen_replication,sensitivity_min40,nadig_hepg2,nadig_hepg2,nadig_jurkat,absolute_effect_rank_agreement,20260921,"1,2",345,40,0.3264703404111898,0.30840916750926867,0.3333923154701719,0.3333923154701719,0.3093613077182339,0.33352291877317153,0.33352291877317153,-0.006921975058982122,-0.007052578361981754,raw cells; independent half A/B within context×perturbation; controls split independently,"floor(min(n_left,n_right)/2) cells per half",0
nadig_hepg2_vs_jurkat,matched_budget_source_frozen_replication,sensitivity_min40,nadig_jurkat,nadig_hepg2,nadig_jurkat,delta_cosine,20260921,"0,1",345,40,0.31606841927873275,0.30473542298618134,0.3007077856420627,0.30473542298618134,0.30481968318166497,0.30199696663296255,0.30481968318166497,0.011332996292551412,0.01124873609706778,raw cells; independent half A/B within context×perturbation; controls split independently,"floor(min(n_left,n_right)/2) cells per half",0
nadig_hepg2_vs_jurkat,matched_budget_source_frozen_replication,sensitivity_min40,nadig_jurkat,nadig_hepg2,nadig_jurkat,delta_cosine,20260921,"0,2",345,40,0.31606841927873275,0.30473542298618134,0.3007077856420627,0.30473542298618134,0.3046848668688911,0.3023719245028649,0.3046848668688911,0.011332996292551412,0.011383552409841624,raw cells; independent half A/B within context×perturbation; controls split independently,"floor(min(n_left,n_right)/2) cells per half",0
nadig_hepg2_vs_jurkat,matched_budget_source_frozen_replication,sensitivity_min40,nadig_jurkat,nadig_hepg2,nadig_jurkat,delta_cosine,20260921,"1,2",345,40,0.31606841927873275,0.30473542298618134,0.3007077856420627,0.30473542298618134,0.30353050219076505,0.301314459049545,0.30353050219076505,0.011332996292551412,0.012537917087967698,raw cells; independent half A/B within context×perturbation; controls split independently,"floor(min(n_left,n_right)/2) cells per half",0
nadig_hepg2_vs_jurkat,matched_budget_source_frozen_replication,sensitivity_min40,nadig_jurkat,nadig_hepg2,nadig_jurkat,systema_centroid_accuracy,20260921,"0,1",345,40,0.3161526794742164,0.3240057296932929,0.2973626558813616,0.3240057296932929,0.3238709133805191,0.29669278732726656,0.3238709133805191,-0.007853050219076507,-0.007718233906302718,raw cells; independent half A/B within context×perturbation; controls split independently,"floor(min(n_left,n_right)/2) cells per half",0
nadig_hepg2_vs_jurkat,matched_budget_source_frozen_replication,sensitivity_min40,nadig_jurkat,nadig_hepg2,nadig_jurkat,systema_centroid_accuracy,20260921,"0,2",345,40,0.3161526794742164,0.3240057296932929,0.2973626558813616,0.3240057296932929,0.3243006403774857,0.29593023255813955,0.3243006403774857,-0.007853050219076507,-0.008147960903269302,raw cells; independent half A/B within context×perturbation; controls split independently,"floor(min(n_left,n_right)/2) cells per half",0
nadig_hepg2_vs_jurkat,matched_budget_source_frozen_replication,sensitivity_min40,nadig_jurkat,nadig_hepg2,nadig_jurkat,systema_centroid_accuracy,20260921,"1,2",345,40,0.3161526794742164,0.3240057296932929,0.2973626558813616,0.3240057296932929,0.32235001685203907,0.29766599258510285,0.32235001685203907,-0.007853050219076507,-0.006197337377822687,raw cells; independent half A/B within context×perturbation; controls split independently,"floor(min(n_left,n_right)/2) cells per half",0
nadig_hepg2_vs_jurkat,matched_budget_source_frozen_replication,sensitivity_min40,nadig_jurkat,nadig_hepg2,nadig_jurkat,absolute_effect_rank_agreement,20260921,"0,1",345,40,0.32251432423323223,0.32071115604988204,0.3347994607347489,0.3347994607347489,0.3222868217054264,0.33617711493090663,0.33617711493090663,-0.012285136501516691,-0.013662790697674398,raw cells; independent half A/B within context×perturbation; controls split independently,"floor(min(n_left,n_right)/2) cells per half",0
nadig_hepg2_vs_jurkat,matched_budget_source_frozen_replication,sensitivity_min40,nadig_jurkat,nadig_hepg2,nadig_jurkat,absolute_effect_rank_agreement,20260921,"0,2",345,40,0.32251432423323223,0.32071115604988204,0.3347994607347489,0.3347994607347489,0.32023087293562524,0.3365984159083249,0.3365984159083249,-0.012285136501516691,-0.01408409167509267,raw cells; independent half A/B within context×perturbation; controls split independently,"floor(min(n_left,n_right)/2) cells per half",0
nadig_hepg2_vs_jurkat,matched_budget_source_frozen_replication,sensitivity_min40,nadig_jurkat,nadig_hepg2,nadig_jurkat,absolute_effect_rank_agreement,20260921,"1,2",345,40,0.32251432423323223,0.32071115604988204,0.3347994607347489,0.3347994607347489,0.3215706100438153,0.3361349848331648,0.3361349848331648,-0.012285136501516691,-0.013620660599932555,raw cells; independent half A/B within context×perturbation; controls split independently,"floor(min(n_left,n_right)/2) cells per half",0
nadig_hepg2_vs_jurkat,matched_budget_source_frozen_replication,primary_min20,nadig_hepg2,nadig_hepg2,nadig_jurkat,delta_cosine,20260922,"0,1",1255,20,0.32700616989776143,0.30593288727069395,0.3228127362956468,0.3228127362956468,0.30621818944318424,0.3268133208791628,0.3268133208791628,0.00419343360211466,0.00019284901859861758,raw cells; independent half A/B within context×perturbation; controls split independently,"floor(min(n_left,n_right)/2) cells per half",0
nadig_hepg2_vs_jurkat,matched_budget_source_frozen_replication,primary_min20,nadig_hepg2,nadig_hepg2,nadig_jurkat,delta_cosine,20260922,"0,2",1255,20,0.32700616989776143,0.30593288727069395,0.3228127362956468,0.3228127362956468,0.30675892919549874,0.32583604974043223,0.32583604974043223,0.00419343360211466,0.001170120157329202,raw cells; independent half A/B within context×perturbation; controls split independently,"floor(min(n_left,n_right)/2) cells per half",0
nadig_hepg2_vs_jurkat,matched_budget_source_frozen_replication,primary_min20,nadig_hepg2,nadig_hepg2,nadig_jurkat,delta_cosine,20260922,"1,2",1255,20,0.32700616989776143,0.30593288727069395,0.3228127362956468,0.3228127362956468,0.30681929379769596,0.3251567891114966,0.3251567891114966,0.00419343360211466,0.0018493807862648426,raw cells; independent half A/B within context×perturbation; controls split independently,"floor(min(n_left,n_right)/2) cells per half",0
nadig_hepg2_vs_jurkat,matched_budget_source_frozen_replication,primary_min20,nadig_hepg2,nadig_hepg2,nadig_jurkat,systema_centroid_accuracy,20260922,"0,1",1255,20,0.3095191800580771,0.3069292209153815,0.316606619772902,0.316606619772902,0.3073867210583503,0.32145548587150596,0.32145548587150596,-0.007087439714824895,-0.01193630581342886,raw cells; independent half A/B within context×perturbation; controls split independently,"floor(min(n_left,n_right)/2) cells per half",0
nadig_hepg2_vs_jurkat,matched_budget_source_frozen_replication,primary_min20,nadig_hepg2,nadig_hepg2,nadig_jurkat,systema_centroid_accuracy,20260922,"0,2",1255,20,0.3095191800580771,0.3069292209153815,0.316606619772902,0.316606619772902,0.30678815837129947,0.3181859483914422,0.3181859483914422,-0.007087439714824895,-0.008666768333365105,raw cells; independent half A/B within context×perturbation; controls split independently,"floor(min(n_left,n_right)/2) cells per half",0
nadig_hepg2_vs_jurkat,matched_budget_source_frozen_replication,primary_min20,nadig_hepg2,nadig_hepg2,nadig_jurkat,systema_centroid_accuracy,20260922,"1,2",1255,20,0.3095191800580771,0.3069292209153815,0.316606619772902,0.316606619772902,0.307044231367989,0.3214386473245773,0.3214386473245773,-0.007087439714824895,-0.011919467266500172,raw cells; independent half A/B within context×perturbation; controls split independently,"floor(min(n_left,n_right)/2) cells per half",0
nadig_hepg2_vs_jurkat,matched_budget_source_frozen_replication,primary_min20,nadig_hepg2,nadig_hepg2,nadig_jurkat,absolute_effect_rank_agreement,20260922,"0,1",1255,20,0.3306486970777178,0.31719628662383953,0.31512800472750147,0.31719628662383953,0.3177243180388494,0.3193798966812177,0.3193798966812177,0.013452410453878294,0.011268800396500134,raw cells; independent half A/B within context×perturbation; controls split independently,"floor(min(n_left,n_right)/2) cells per half",0
nadig_hepg2_vs_jurkat,matched_budget_source_frozen_replication,primary_min20,nadig_hepg2,nadig_hepg2,nadig_jurkat,absolute_effect_rank_agreement,20260922,"0,2",1255,20,0.3306486970777178,0.31719628662383953,0.31512800472750147,0.31719628662383953,0.31797848478494317,0.318857584017995,0.318857584017995,0.013452410453878294,0.011791113059722802,raw cells; independent half A/B within context×perturbation; controls split independently,"floor(min(n_left,n_right)/2) cells per half",0
nadig_hepg2_vs_jurkat,matched_budget_source_frozen_replication,primary_min20,nadig_hepg2,nadig_hepg2,nadig_jurkat,absolute_effect_rank_agreement,20260922,"1,2",1255,20,0.3306486970777178,0.31719628662383953,0.31512800472750147,0.31719628662383953,0.3178228076529607,0.3193748133462958,0.3193748133462958,0.013452410453878294,0.011273883731422019,raw cells; independent half A/B within context×perturbation; controls split independently,"floor(min(n_left,n_right)/2) cells per half",0
nadig_hepg2_vs_jurkat,matched_budget_source_frozen_replication,primary_min20,nadig_jurkat,nadig_hepg2,nadig_jurkat,delta_cosine,20260922,"0,1",1255,20,0.3281740660960623,0.32592818518589123,0.3233223406215648,0.32592818518589123,0.3270331751145339,0.3271682011983962,0.3271682011983962,0.002245880910171083,0.001005864897666131,raw cells; independent half A/B within context×perturbation; controls split independently,"floor(min(n_left,n_right)/2) cells per half",0
nadig_hepg2_vs_jurkat,matched_budget_source_frozen_replication,primary_min20,nadig_jurkat,nadig_hepg2,nadig_jurkat,delta_cosine,20260922,"0,2",1255,20,0.3281740660960623,0.32592818518589123,0.3233223406215648,0.32592818518589123,0.32646765410447526,0.3268657427705446,0.3268657427705446,0.002245880910171083,0.001308323325517724,raw cells; independent half A/B within context×perturbation; controls split independently,"floor(min(n_left,n_right)/2) cells per half",0
nadig_hepg2_vs_jurkat,matched_budget_source_frozen_replication,primary_min20,nadig_jurkat,nadig_hepg2,nadig_jurkat,delta_cosine,20260922,"1,2",1255,20,0.3281740660960623,0.32592818518589123,0.3233223406215648,0.32592818518589123,0.3264492270153835,0.32668591979768324,0.32668591979768324,0.002245880910171083,0.0014881462983790672,raw cells; independent half A/B within context×perturbation; controls split independently,"floor(min(n_left,n_right)/2) cells per half",0
nadig_hepg2_vs_jurkat,matched_budget_source_frozen_replication,primary_min20,nadig_jurkat,nadig_hepg2,nadig_jurkat,systema_centroid_accuracy,20260922,"0,1",1255,20,0.31718643766242843,0.323260705185637,0.3154228381529703,0.323260705185637,0.3228889863194749,0.3200988708642305,0.3228889863194749,-0.006074267523208554,-0.005702548657046447,raw cells; independent half A/B within context×perturbation; controls split independently,"floor(min(n_left,n_right)/2) cells per half",0
nadig_hepg2_vs_jurkat,matched_budget_source_frozen_replication,primary_min20,nadig_jurkat,nadig_hepg2,nadig_jurkat,systema_centroid_accuracy,20260922,"0,2",1255,20,0.31718643766242843,0.323260705185637,0.3154228381529703,0.323260705185637,0.323252444766389,0.3209474700877511,0.323252444766389,-0.006074267523208554,-0.006066007103960547,raw cells; independent half A/B within context×perturbation; controls split independently,"floor(min(n_left,n_right)/2) cells per half",0
nadig_hepg2_vs_jurkat,matched_budget_source_frozen_replication,primary_min20,nadig_jurkat,nadig_hepg2,nadig_jurkat,systema_centroid_accuracy,20260922,"1,2",1255,20,0.31718643766242843,0.323260705185637,0.3154228381529703,0.323260705185637,0.3235987469579418,0.31785616703838554,0.3235987469579418,-0.006074267523208554,-0.006412309295513341,raw cells; independent half A/B within context×perturbation; controls split independently,"floor(min(n_left,n_right)/2) cells per half",0
nadig_hepg2_vs_jurkat,matched_budget_source_frozen_replication,primary_min20,nadig_jurkat,nadig_hepg2,nadig_jurkat,absolute_effect_rank_agreement,20260922,"0,1",1255,20,0.3266884614651442,0.3221970173532346,0.308431981801661,0.3221970173532346,0.3231240905596116,0.3123242278096545,0.3231240905596116,0.004491444111909604,0.0035643709055325767,raw cells; independent half A/B within context×perturbation; controls split independently,"floor(min(n_left,n_right)/2) cells per half",0
nadig_hepg2_vs_jurkat,matched_budget_source_frozen_replication,primary_min20,nadig_jurkat,nadig_hepg2,nadig_jurkat,absolute_effect_rank_agreement,20260922,"0,2",1255,20,0.3266884614651442,0.3221970173532346,0.308431981801661,0.3221970173532346,0.32239336116459205,0.3137313584577162,0.32239336116459205,0.004491444111909604,0.004295100300552135,raw cells; independent half A/B within context×perturbation; controls split independently,"floor(min(n_left,n_right)/2) cells per half",0
nadig_hepg2_vs_jurkat,matched_budget_source_frozen_replication,primary_min20,nadig_jurkat,nadig_hepg2,nadig_jurkat,absolute_effect_rank_agreement,20260922,"1,2",1255,20,0.3266884614651442,0.3221970173532346,0.308431981801661,0.3221970173532346,0.3221010694065842,0.3135061031789906,0.3221010694065842,0.004491444111909604,0.004587392058560014,raw cells; independent half A/B within context×perturbation; controls split independently,"floor(min(n_left,n_right)/2) cells per half",0
nadig_hepg2_vs_jurkat,matched_budget_source_frozen_replication,sensitivity_min40,nadig_hepg2,nadig_hepg2,nadig_jurkat,delta_cosine,20260922,"0,1",345,40,0.3172227839568588,0.2967981125716212,0.32291877317155376,0.32291877317155376,0.2963515335355578,0.32325581395348835,0.32325581395348835,-0.005695989214694941,-0.006033029996629524,raw cells; independent half A/B within context×perturbation; controls split independently,"floor(min(n_left,n_right)/2) cells per half",0
nadig_hepg2_vs_jurkat,matched_budget_source_frozen_replication,sensitivity_min40,nadig_hepg2,nadig_hepg2,nadig_jurkat,delta_cosine,20260922,"0,2",345,40,0.3172227839568588,0.2967981125716212,0.32291877317155376,0.32291877317155376,0.2970171890798786,0.32403943377148636,0.32403943377148636,-0.005695989214694941,-0.00681664981462754,raw cells; independent half A/B within context×perturbation; controls split independently,"floor(min(n_left,n_right)/2) cells per half",0
nadig_hepg2_vs_jurkat,matched_budget_source_frozen_replication,sensitivity_min40,nadig_hepg2,nadig_hepg2,nadig_jurkat,delta_cosine,20260922,"1,2",345,40,0.3172227839568588,0.2967981125716212,0.32291877317155376,0.32291877317155376,0.29710987529491073,0.3235085945399393,0.3235085945399393,-0.005695989214694941,-0.006285810583080476,raw cells; independent half A/B within context×perturbation; controls split independently,"floor(min(n_left,n_right)/2) cells per half",0
nadig_hepg2_vs_jurkat,matched_budget_source_frozen_replication,sensitivity_min40,nadig_hepg2,nadig_hepg2,nadig_jurkat,systema_centroid_accuracy,20260922,"0,1",345,40,0.3164644421975059,0.3183855746545332,0.3200539265251095,0.3200539265251095,0.3191523424334344,0.3227671048196832,0.3227671048196832,-0.003589484327603587,-0.006302662622177269,raw cells; independent half A/B within context×perturbation; controls split independently,"floor(min(n_left,n_right)/2) cells per half",0
nadig_hepg2_vs_jurkat,matched_budget_source_frozen_replication,sensitivity_min40,nadig_hepg2,nadig_hepg2,nadig_jurkat,systema_centroid_accuracy,20260922,"0,2",345,40,0.3164644421975059,0.3183855746545332,0.3200539265251095,0.3200539265251095,0.3181201550387597,0.3206058308055275,0.3206058308055275,-0.003589484327603587,-0.004141388608021601,raw cells; independent half A/B within context×perturbation; controls split independently,"floor(min(n_left,n_right)/2) cells per half",0
nadig_hepg2_vs_jurkat,matched_budget_source_frozen_replication,sensitivity_min40,nadig_hepg2,nadig_hepg2,nadig_jurkat,systema_centroid_accuracy,20260922,"1,2",345,40,0.3164644421975059,0.3183855746545332,0.3200539265251095,0.3200539265251095,0.3170416245365689,0.3218781597573306,0.3218781597573306,-0.003589484327603587,-0.005413717559824671,raw cells; independent half A/B within context×perturbation; controls split independently,"floor(min(n_left,n_right)/2) cells per half",0
nadig_hepg2_vs_jurkat,matched_budget_source_frozen_replication,sensitivity_min40,nadig_hepg2,nadig_hepg2,nadig_jurkat,absolute_effect_rank_agreement,20260922,"0,1",345,40,0.3306875631951466,0.31808223795079205,0.33417593528816986,0.33417593528816986,0.3175598247387934,0.3354651162790698,0.3354651162790698,-0.003488372093023273,-0.004777553083923192,raw cells; independent half A/B within context×perturbation; controls split independently,"floor(min(n_left,n_right)/2) cells per half",0
nadig_hepg2_vs_jurkat,matched_budget_source_frozen_replication,sensitivity_min40,nadig_hepg2,nadig_hepg2,nadig_jurkat,absolute_effect_rank_agreement,20260922,"0,2",345,40,0.3306875631951466,0.31808223795079205,0.33417593528816986,0.33417593528816986,0.3193461408830468,0.33627401415571284,0.33627401415571284,-0.003488372093023273,-0.005586450960566258,raw cells; independent half A/B within context×perturbation; controls split independently,"floor(min(n_left,n_right)/2) cells per half",0
nadig_hepg2_vs_jurkat,matched_budget_source_frozen_replication,sensitivity_min40,nadig_hepg2,nadig_hepg2,nadig_jurkat,absolute_effect_rank_agreement,20260922,"1,2",345,40,0.3306875631951466,0.31808223795079205,0.33417593528816986,0.33417593528816986,0.31798955173576005,0.33520390967307045,0.33520390967307045,-0.003488372093023273,-0.0045163464779238716,raw cells; independent half A/B within context×perturbation; controls split independently,"floor(min(n_left,n_right)/2) cells per half",0
nadig_hepg2_vs_jurkat,matched_budget_source_frozen_replication,sensitivity_min40,nadig_jurkat,nadig_hepg2,nadig_jurkat,delta_cosine,20260922,"0,1",345,40,0.3214779238287833,0.3196831816649815,0.3180653859116953,0.3196831816649815,0.32181496461071785,0.31922817660936975,0.32181496461071785,0.0017947421638018213,-0.0003370407819345278,raw cells; independent half A/B within context×perturbation; controls split independently,"floor(min(n_left,n_right)/2) cells per half",0
nadig_hepg2_vs_jurkat,matched_budget_source_frozen_replication,sensitivity_min40,nadig_jurkat,nadig_hepg2,nadig_jurkat,delta_cosine,20260922,"0,2",345,40,0.3214779238287833,0.3196831816649815,0.3180653859116953,0.3196831816649815,0.32001179642736777,0.31905123019885406,0.32001179642736777,0.0017947421638018213,0.0014661274014155512,raw cells; independent half A/B within context×perturbation; controls split independently,"floor(min(n_left,n_right)/2) cells per half",0
nadig_hepg2_vs_jurkat,matched_budget_source_frozen_replication,sensitivity_min40,nadig_jurkat,nadig_hepg2,nadig_jurkat,delta_cosine,20260922,"1,2",345,40,0.3214779238287833,0.3196831816649815,0.3180653859116953,0.3196831816649815,0.31962419952814286,0.3195062352544658,0.31962419952814286,0.0017947421638018213,0.001853724300640458,raw cells; independent half A/B within context×perturbation; controls split independently,"floor(min(n_left,n_right)/2) cells per half",0
nadig_hepg2_vs_jurkat,matched_budget_source_frozen_replication,sensitivity_min40,nadig_jurkat,nadig_hepg2,nadig_jurkat,systema_centroid_accuracy,20260922,"0,1",345,40,0.3202687900235929,0.3358105830805527,0.3172901921132457,0.3358105830805527,0.33607178968655205,0.3177789012470509,0.33607178968655205,-0.015541793056959852,-0.015802999662959172,raw cells; independent half A/B within context×perturbation; controls split independently,"floor(min(n_left,n_right)/2) cells per half",0
nadig_hepg2_vs_jurkat,matched_budget_source_frozen_replication,sensitivity_min40,nadig_jurkat,nadig_hepg2,nadig_jurkat,systema_centroid_accuracy,20260922,"0,2",345,40,0.3202687900235929,0.3358105830805527,0.3172901921132457,0.3358105830805527,0.3365647118301315,0.31854145601617795,0.3365647118301315,-0.015541793056959852,-0.016295921806538605,raw cells; independent half A/B within context×perturbation; controls split independently,"floor(min(n_left,n_right)/2) cells per half",0
nadig_hepg2_vs_jurkat,matched_budget_source_frozen_replication,sensitivity_min40,nadig_jurkat,nadig_hepg2,nadig_jurkat,systema_centroid_accuracy,20260922,"1,2",345,40,0.3202687900235929,0.3358105830805527,0.3172901921132457,0.3358105830805527,0.33506066734074824,0.3161948095719582,0.33506066734074824,-0.015541793056959852,-0.014791877317155366,raw cells; independent half A/B within context×perturbation; controls split independently,"floor(min(n_left,n_right)/2) cells per half",0
nadig_hepg2_vs_jurkat,matched_budget_source_frozen_replication,sensitivity_min40,nadig_jurkat,nadig_hepg2,nadig_jurkat,absolute_effect_rank_agreement,20260922,"0,1",345,40,0.3301988540613414,0.3210481968318166,0.32883383889450624,0.32883383889450624,0.3233737782271655,0.3284546680148298,0.3284546680148298,0.0013650151668351818,0.0017441860465116088,raw cells; independent half A/B within context×perturbation; controls split independently,"floor(min(n_left,n_right)/2) cells per half",0
nadig_hepg2_vs_jurkat,matched_budget_source_frozen_replication,sensitivity_min40,nadig_jurkat,nadig_hepg2,nadig_jurkat,absolute_effect_rank_agreement,20260922,"0,2",345,40,0.3301988540613414,0.3210481968318166,0.32883383889450624,0.32883383889450624,0.3215284799460735,0.3293141220087631,0.3293141220087631,0.0013650151668351818,0.0008847320525783298,raw cells; independent half A/B within context×perturbation; controls split independently,"floor(min(n_left,n_right)/2) cells per half",0
nadig_hepg2_vs_jurkat,matched_budget_source_frozen_replication,sensitivity_min40,nadig_jurkat,nadig_hepg2,nadig_jurkat,absolute_effect_rank_agreement,20260922,"1,2",345,40,0.3301988540613414,0.3210481968318166,0.32883383889450624,0.32883383889450624,0.3225985844287159,0.3312942366026289,0.3312942366026289,0.0013650151668351818,-0.001095382541287493,raw cells; independent half A/B within context×perturbation; controls split independently,"floor(min(n_left,n_right)/2) cells per half",0
nadig_hepg2_vs_jurkat,matched_budget_source_frozen_replication,primary_min20,nadig_hepg2,nadig_hepg2,nadig_jurkat,delta_cosine,20260923,"0,1",1255,20,0.3241782471390356,0.2975485617339255,0.31314550410797004,0.31314550410797004,0.29784784307745094,0.3170927136748064,0.3170927136748064,0.01103274303106555,0.007085533464229188,raw cells; independent half A/B within context×perturbation; controls split independently,"floor(min(n_left,n_right)/2) cells per half",0
nadig_hepg2_vs_jurkat,matched_budget_source_frozen_replication,primary_min20,nadig_hepg2,nadig_hepg2,nadig_jurkat,delta_cosine,20260923,"0,2",1255,20,0.3241782471390356,0.2975485617339255,0.31314550410797004,0.31314550410797004,0.2983930307478221,0.3166288593631852,0.3166288593631852,0.01103274303106555,0.0075493877758504024,raw cells; independent half A/B within context×perturbation; controls split independently,"floor(min(n_left,n_right)/2) cells per half",0
nadig_hepg2_vs_jurkat,matched_budget_source_frozen_replication,primary_min20,nadig_hepg2,nadig_hepg2,nadig_jurkat,delta_cosine,20260923,"1,2",1255,20,0.3241782471390356,0.2975485617339255,0.31314550410797004,0.31314550410797004,0.29826213487358383,0.31694339071147626,0.31694339071147626,0.01103274303106555,0.007234856427559333,raw cells; independent half A/B within context×perturbation; controls split independently,"floor(min(n_left,n_right)/2) cells per half",0
nadig_hepg2_vs_jurkat,matched_budget_source_frozen_replication,primary_min20,nadig_hepg2,nadig_hepg2,nadig_jurkat,systema_centroid_accuracy,20260923,"0,1",1255,20,0.308148903588199,0.2999459895664551,0.29579608201960894,0.2999459895664551,0.29982462494519535,0.298995723644497,0.29982462494519535,0.008202914021743946,0.008324278643003669,raw cells; independent half A/B within context×perturbation; controls split independently,"floor(min(n_left,n_right)/2) cells per half",0
nadig_hepg2_vs_jurkat,matched_budget_source_frozen_replication,primary_min20,nadig_hepg2,nadig_hepg2,nadig_jurkat,systema_centroid_accuracy,20260923,"0,2",1255,20,0.308148903588199,0.2999459895664551,0.29579608201960894,0.2999459895664551,0.2999030989280518,0.29734904083824193,0.2999030989280518,0.008202914021743946,0.008245804660147238,raw cells; independent half A/B within context×perturbation; controls split independently,"floor(min(n_left,n_right)/2) cells per half",0
nadig_hepg2_vs_jurkat,matched_budget_source_frozen_replication,primary_min20,nadig_hepg2,nadig_hepg2,nadig_jurkat,systema_centroid_accuracy,20260923,"1,2",1255,20,0.308148903588199,0.2999459895664551,0.29579608201960894,0.2999459895664551,0.3001092917008203,0.29926259872789546,0.3001092917008203,0.008202914021743946,0.008039611887378728,raw cells; independent half A/B within context×perturbation; controls split independently,"floor(min(n_left,n_right)/2) cells per half",0
nadig_hepg2_vs_jurkat,matched_budget_source_frozen_replication,primary_min20,nadig_hepg2,nadig_hepg2,nadig_jurkat,absolute_effect_rank_agreement,20260923,"0,1",1255,20,0.32602222688194593,0.3236813511504222,0.31210723295017695,0.3236813511504222,0.3234719812933275,0.3155117965141031,0.3234719812933275,0.0023408757315237505,0.0025502455886184383,raw cells; independent half A/B within context×perturbation; controls split independently,"floor(min(n_left,n_right)/2) cells per half",0
nadig_hepg2_vs_jurkat,matched_budget_source_frozen_replication,primary_min20,nadig_hepg2,nadig_hepg2,nadig_jurkat,absolute_effect_rank_agreement,20260923,"0,2",1255,20,0.32602222688194593,0.3236813511504222,0.31210723295017695,0.3236813511504222,0.324226856529226,0.315850473703273,0.324226856529226,0.0023408757315237505,0.0017953703527199272,raw cells; independent half A/B within context×perturbation; controls split independently,"floor(min(n_left,n_right)/2) cells per half",0
nadig_hepg2_vs_jurkat,matched_budget_source_frozen_replication,primary_min20,nadig_hepg2,nadig_hepg2,nadig_jurkat,absolute_effect_rank_agreement,20260923,"1,2",1255,20,0.32602222688194593,0.3236813511504222,0.31210723295017695,0.3236813511504222,0.32441557533820065,0.3166205989439372,0.32441557533820065,0.0023408757315237505,0.0016066515437452855,raw cells; independent half A/B within context×perturbation; controls split independently,"floor(min(n_left,n_right)/2) cells per half",0
nadig_hepg2_vs_jurkat,matched_budget_source_frozen_replication,primary_min20,nadig_jurkat,nadig_hepg2,nadig_jurkat,delta_cosine,20260923,"0,1",1255,20,0.3203361990633955,0.3202011729795332,0.3129536082146693,0.3202011729795332,0.32115016806776087,0.317639172178908,0.32115016806776087,0.00013502608386228854,-0.0008139690043653669,raw cells; independent half A/B within context×perturbation; controls split independently,"floor(min(n_left,n_right)/2) cells per half",0
nadig_hepg2_vs_jurkat,matched_budget_source_frozen_replication,primary_min20,nadig_jurkat,nadig_hepg2,nadig_jurkat,delta_cosine,20260923,"0,2",1255,20,0.3203361990633955,0.3202011729795332,0.3129536082146693,0.3202011729795332,0.32024565216009965,0.31891191215997255,0.32024565216009965,0.00013502608386228854,9.054690329585169e-05,raw cells; independent half A/B within context×perturbation; controls split independently,"floor(min(n_left,n_right)/2) cells per half",0
nadig_hepg2_vs_jurkat,matched_budget_source_frozen_replication,primary_min20,nadig_jurkat,nadig_hepg2,nadig_jurkat,delta_cosine,20260923,"1,2",1255,20,0.3203361990633955,0.3202011729795332,0.3129536082146693,0.3202011729795332,0.3208928242373409,0.3171765887010173,0.3208928242373409,0.00013502608386228854,-0.0005566251739453909,raw cells; independent half A/B within context×perturbation; controls split independently,"floor(min(n_left,n_right)/2) cells per half",0
nadig_hepg2_vs_jurkat,matched_budget_source_frozen_replication,primary_min20,nadig_jurkat,nadig_hepg2,nadig_jurkat,systema_centroid_accuracy,20260923,"0,1",1255,20,0.3129275561231946,0.3122038163136926,0.2929551332151458,0.3122038163136926,0.3123693424070862,0.29635651969474575,0.3123693424070862,0.000723739809502022,0.0005582137161084244,raw cells; independent half A/B within context×perturbation; controls split independently,"floor(min(n_left,n_right)/2) cells per half",0
nadig_hepg2_vs_jurkat,matched_budget_source_frozen_replication,primary_min20,nadig_jurkat,nadig_hepg2,nadig_jurkat,systema_centroid_accuracy,20260923,"0,2",1255,20,0.3129275561231946,0.3122038163136926,0.2929551332151458,0.3122038163136926,0.3120595766852844,0.29776587430183576,0.3120595766852844,0.000723739809502022,0.0008679794379102268,raw cells; independent half A/B within context×perturbation; controls split independently,"floor(min(n_left,n_right)/2) cells per half",0
nadig_hepg2_vs_jurkat,matched_budget_source_frozen_replication,primary_min20,nadig_jurkat,nadig_hepg2,nadig_jurkat,systema_centroid_accuracy,20260923,"1,2",1255,20,0.3129275561231946,0.3122038163136926,0.2929551332151458,0.3122038163136926,0.31214027462716915,0.29530172769845653,0.31214027462716915,0.000723739809502022,0.0007872814960254715,raw cells; independent half A/B within context×perturbation; controls split independently,"floor(min(n_left,n_right)/2) cells per half",0
nadig_hepg2_vs_jurkat,matched_budget_source_frozen_replication,primary_min20,nadig_jurkat,nadig_hepg2,nadig_jurkat,absolute_effect_rank_agreement,20260923,"0,1",1255,20,0.3259170653907496,0.3282906650908328,0.3069578146743171,0.3282906650908328,0.3291500664010624,0.3117482224213195,0.3291500664010624,-0.0023735997000832176,-0.0032330010103128193,raw cells; independent half A/B within context×perturbation; controls split independently,"floor(min(n_left,n_right)/2) cells per half",0
nadig_hepg2_vs_jurkat,matched_budget_source_frozen_replication,primary_min20,nadig_jurkat,nadig_hepg2,nadig_jurkat,absolute_effect_rank_agreement,20260923,"0,2",1255,20,0.3259170653907496,0.3282906650908328,0.3069578146743171,0.3282906650908328,0.3295567331948125,0.31226227466529416,0.3295567331948125,-0.0023735997000832176,-0.003639667804062885,raw cells; independent half A/B within context×perturbation; controls split independently,"floor(min(n_left,n_right)/2) cells per half",0
nadig_hepg2_vs_jurkat,matched_budget_source_frozen_replication,primary_min20,nadig_jurkat,nadig_hepg2,nadig_jurkat,absolute_effect_rank_agreement,20260923,"1,2",1255,20,0.3259170653907496,0.3282906650908328,0.3069578146743171,0.3282906650908328,0.3295128894311113,0.3123029413446692,0.3295128894311113,-0.0023735997000832176,-0.0035958240403616837,raw cells; independent half A/B within context×perturbation; controls split independently,"floor(min(n_left,n_right)/2) cells per half",0
nadig_hepg2_vs_jurkat,matched_budget_source_frozen_replication,sensitivity_min40,nadig_hepg2,nadig_hepg2,nadig_jurkat,delta_cosine,20260923,"0,1",345,40,0.3221688574317493,0.2920289855072464,0.31700370744860124,0.31700370744860124,0.2930653859116953,0.3170458375463431,0.3170458375463431,0.005165149983148043,0.005123019885406199,raw cells; independent half A/B within context×perturbation; controls split independently,"floor(min(n_left,n_right)/2) cells per half",0
nadig_hepg2_vs_jurkat,matched_budget_source_frozen_replication,sensitivity_min40,nadig_hepg2,nadig_hepg2,nadig_jurkat,delta_cosine,20260923,"0,2",345,40,0.3221688574317493,0.2920289855072464,0.31700370744860124,0.31700370744860124,0.2918267610380856,0.31893326592517696,0.31893326592517696,0.005165149983148043,0.0032355915065723218,raw cells; independent half A/B within context×perturbation; controls split independently,"floor(min(n_left,n_right)/2) cells per half",0
nadig_hepg2_vs_jurkat,matched_budget_source_frozen_replication,sensitivity_min40,nadig_hepg2,nadig_hepg2,nadig_jurkat,delta_cosine,20260923,"1,2",345,40,0.3221688574317493,0.2920289855072464,0.31700370744860124,0.31700370744860124,0.29357094708459724,0.3183013144590495,0.3183013144590495,0.005165149983148043,0.0038675429726997557,raw cells; independent half A/B within context×perturbation; controls split independently,"floor(min(n_left,n_right)/2) cells per half",0
nadig_hepg2_vs_jurkat,matched_budget_source_frozen_replication,sensitivity_min40,nadig_hepg2,nadig_hepg2,nadig_jurkat,systema_centroid_accuracy,20260923,"0,1",345,40,0.31765672396359956,0.30988372093023253,0.309917425008426,0.309917425008426,0.30982895180316816,0.3107052578361982,0.3107052578361982,0.007739298955173557,0.0069514661274013845,raw cells; independent half A/B within context×perturbation; controls split independently,"floor(min(n_left,n_right)/2) cells per half",0
nadig_hepg2_vs_jurkat,matched_budget_source_frozen_replication,sensitivity_min40,nadig_hepg2,nadig_hepg2,nadig_jurkat,systema_centroid_accuracy,20260923,"0,2",345,40,0.31765672396359956,0.30988372093023253,0.309917425008426,0.309917425008426,0.3096604314122009,0.3097657566565555,0.3097657566565555,0.007739298955173557,0.007890967307044083,raw cells; independent half A/B within context×perturbation; controls split independently,"floor(min(n_left,n_right)/2) cells per half",0
nadig_hepg2_vs_jurkat,matched_budget_source_frozen_replication,sensitivity_min40,nadig_hepg2,nadig_hepg2,nadig_jurkat,systema_centroid_accuracy,20260923,"1,2",345,40,0.31765672396359956,0.30988372093023253,0.309917425008426,0.309917425008426,0.30945399393326595,0.31054095045500507,0.31054095045500507,0.007739298955173557,0.007115773508594492,raw cells; independent half A/B within context×perturbation; controls split independently,"floor(min(n_left,n_right)/2) cells per half",0
nadig_hepg2_vs_jurkat,matched_budget_source_frozen_replication,sensitivity_min40,nadig_hepg2,nadig_hepg2,nadig_jurkat,absolute_effect_rank_agreement,20260923,"0,1",345,40,0.3273003033367038,0.3188068756319515,0.32510953825412875,0.32510953825412875,0.31822548028311426,0.3254887091338052,0.3254887091338052,0.0021907650825750413,0.0018115942028986143,raw cells; independent half A/B within context×perturbation; controls split independently,"floor(min(n_left,n_right)/2) cells per half",0
nadig_hepg2_vs_jurkat,matched_budget_source_frozen_replication,sensitivity_min40,nadig_hepg2,nadig_hepg2,nadig_jurkat,absolute_effect_rank_agreement,20260923,"0,2",345,40,0.3273003033367038,0.3188068756319515,0.32510953825412875,0.32510953825412875,0.3191102123356926,0.3256825075834176,0.3256825075834176,0.0021907650825750413,0.0016177957532861886,raw cells; independent half A/B within context×perturbation; controls split independently,"floor(min(n_left,n_right)/2) cells per half",0
nadig_hepg2_vs_jurkat,matched_budget_source_frozen_replication,sensitivity_min40,nadig_hepg2,nadig_hepg2,nadig_jurkat,absolute_effect_rank_agreement,20260923,"1,2",345,40,0.3273003033367038,0.3188068756319515,0.32510953825412875,0.32510953825412875,0.32007920458375466,0.32535389282103133,0.32535389282103133,0.0021907650825750413,0.0019464105156724587,raw cells; independent half A/B within context×perturbation; controls split independently,"floor(min(n_left,n_right)/2) cells per half",0
nadig_hepg2_vs_jurkat,matched_budget_source_frozen_replication,sensitivity_min40,nadig_jurkat,nadig_hepg2,nadig_jurkat,delta_cosine,20260923,"0,1",345,40,0.3210734748904618,0.3251432423323222,0.31604314122008764,0.3251432423323222,0.3252359285473543,0.3178547354229862,0.3252359285473543,-0.004069767441860439,-0.004162453656892495,raw cells; independent half A/B within context×perturbation; controls split independently,"floor(min(n_left,n_right)/2) cells per half",0
nadig_hepg2_vs_jurkat,matched_budget_source_frozen_replication,sensitivity_min40,nadig_jurkat,nadig_hepg2,nadig_jurkat,delta_cosine,20260923,"0,2",345,40,0.3210734748904618,0.3251432423323222,0.31604314122008764,0.3251432423323222,0.32523592854735417,0.31842770475227505,0.32523592854735417,-0.004069767441860439,-0.004162453656892384,raw cells; independent half A/B within context×perturbation; controls split independently,"floor(min(n_left,n_right)/2) cells per half",0
nadig_hepg2_vs_jurkat,matched_budget_source_frozen_replication,sensitivity_min40,nadig_jurkat,nadig_hepg2,nadig_jurkat,delta_cosine,20260923,"1,2",345,40,0.3210734748904618,0.3251432423323222,0.31604314122008764,0.3251432423323222,0.3246124031007752,0.31897539602291874,0.3246124031007752,-0.004069767441860439,-0.00353892821031343,raw cells; independent half A/B within context×perturbation; controls split independently,"floor(min(n_left,n_right)/2) cells per half",0
nadig_hepg2_vs_jurkat,matched_budget_source_frozen_replication,sensitivity_min40,nadig_jurkat,nadig_hepg2,nadig_jurkat,systema_centroid_accuracy,20260923,"0,1",345,40,0.3213683855746545,0.3215537580047186,0.3033114256825076,0.3215537580047186,0.3227249747219414,0.3051061678463094,0.3227249747219414,-0.0001853724300640569,-0.0013565891472868685,raw cells; independent half A/B within context×perturbation; controls split independently,"floor(min(n_left,n_right)/2) cells per half",0
nadig_hepg2_vs_jurkat,matched_budget_source_frozen_replication,sensitivity_min40,nadig_jurkat,nadig_hepg2,nadig_jurkat,systema_centroid_accuracy,20260923,"0,2",345,40,0.3213683855746545,0.3215537580047186,0.3033114256825076,0.3215537580047186,0.3213220424671385,0.3045500505561173,0.3213220424671385,-0.0001853724300640569,4.634310751600035e-05,raw cells; independent half A/B within context×perturbation; controls split independently,"floor(min(n_left,n_right)/2) cells per half",0
nadig_hepg2_vs_jurkat,matched_budget_source_frozen_replication,sensitivity_min40,nadig_jurkat,nadig_hepg2,nadig_jurkat,systema_centroid_accuracy,20260923,"1,2",345,40,0.3213683855746545,0.3215537580047186,0.3033114256825076,0.3215537580047186,0.3225985844287159,0.30533788338388945,0.3225985844287159,-0.0001853724300640569,-0.0012301988540613928,raw cells; independent half A/B within context×perturbation; controls split independently,"floor(min(n_left,n_right)/2) cells per half",0
nadig_hepg2_vs_jurkat,matched_budget_source_frozen_replication,sensitivity_min40,nadig_jurkat,nadig_hepg2,nadig_jurkat,absolute_effect_rank_agreement,20260923,"0,1",345,40,0.3281639703404112,0.3265251095382541,0.31801482979440504,0.3265251095382541,0.32664307381193125,0.3177367711493091,0.32664307381193125,0.0016388608021571383,0.0015208965284799758,raw cells; independent half A/B within context×perturbation; controls split independently,"floor(min(n_left,n_right)/2) cells per half",0
nadig_hepg2_vs_jurkat,matched_budget_source_frozen_replication,sensitivity_min40,nadig_jurkat,nadig_hepg2,nadig_jurkat,absolute_effect_rank_agreement,20260923,"0,2",345,40,0.3281639703404112,0.3265251095382541,0.31801482979440504,0.3265251095382541,0.32682002022244694,0.31849511290866195,0.32682002022244694,0.0016388608021571383,0.0013439501179642876,raw cells; independent half A/B within context×perturbation; controls split independently,"floor(min(n_left,n_right)/2) cells per half",0
nadig_hepg2_vs_jurkat,matched_budget_source_frozen_replication,sensitivity_min40,nadig_jurkat,nadig_hepg2,nadig_jurkat,absolute_effect_rank_agreement,20260923,"1,2",345,40,0.3281639703404112,0.3265251095382541,0.31801482979440504,0.3265251095382541,0.3268705763397371,0.3194809571958207,0.3268705763397371,0.0016388608021571383,0.0012933940006741307,raw cells; independent half A/B within context×perturbation; controls split independently,"floor(min(n_left,n_right)/2) cells per half",0
nadig_hepg2_vs_jurkat,matched_budget_source_frozen_replication,primary_min20,nadig_hepg2,nadig_hepg2,nadig_jurkat,delta_cosine,20260924,"0,1",1255,20,0.33211905170387035,0.30571493928591853,0.3233820698068968,0.3233820698068968,0.30572574137262754,0.32652515933077897,0.32652515933077897,0.008736981896973528,0.00559389237309138,raw cells; independent half A/B within context×perturbation; controls split independently,"floor(min(n_left,n_right)/2) cells per half",0
nadig_hepg2_vs_jurkat,matched_budget_source_frozen_replication,primary_min20,nadig_hepg2,nadig_hepg2,nadig_jurkat,delta_cosine,20260924,"0,2",1255,20,0.33211905170387035,0.30571493928591853,0.3233820698068968,0.3233820698068968,0.3062537727876373,0.32546687254173096,0.32546687254173096,0.008736981896973528,0.006652179162139393,raw cells; independent half A/B within context×perturbation; controls split independently,"floor(min(n_left,n_right)/2) cells per half",0
nadig_hepg2_vs_jurkat,matched_budget_source_frozen_replication,primary_min20,nadig_hepg2,nadig_hepg2,nadig_jurkat,delta_cosine,20260924,"1,2",1255,20,0.33211905170387035,0.30571493928591853,0.3233820698068968,0.3233820698068968,0.3067665541978815,0.32622587798725355,0.32622587798725355,0.008736981896973528,0.005893173716616795,raw cells; independent half A/B within context×perturbation; controls split independently,"floor(min(n_left,n_right)/2) cells per half",0
nadig_hepg2_vs_jurkat,matched_budget_source_frozen_replication,primary_min20,nadig_hepg2,nadig_hepg2,nadig_jurkat,systema_centroid_accuracy,20260924,"0,1",1255,20,0.3207816262859249,0.30300043843763697,0.3129707644700306,0.3129707644700306,0.3030414228254446,0.31368465531812145,0.31368465531812145,0.007810861815894299,0.007096970967803429,raw cells; independent half A/B within context×perturbation; controls split independently,"floor(min(n_left,n_right)/2) cells per half",0
nadig_hepg2_vs_jurkat,matched_budget_source_frozen_replication,primary_min20,nadig_hepg2,nadig_hepg2,nadig_jurkat,systema_centroid_accuracy,20260924,"0,2",1255,20,0.3207816262859249,0.30300043843763697,0.3129707644700306,0.3129707644700306,0.3034598448312015,0.3131677436982533,0.3131677436982533,0.007810861815894299,0.007613882587671594,raw cells; independent half A/B within context×perturbation; controls split independently,"floor(min(n_left,n_right)/2) cells per half",0
nadig_hepg2_vs_jurkat,matched_budget_source_frozen_replication,primary_min20,nadig_hepg2,nadig_hepg2,nadig_jurkat,systema_centroid_accuracy,20260924,"1,2",1255,20,0.3207816262859249,0.30300043843763697,0.3129707644700306,0.3129707644700306,0.3034855792142435,0.3135184938078627,0.3135184938078627,0.007810861815894299,0.007263132478062206,raw cells; independent half A/B within context×perturbation; controls split independently,"floor(min(n_left,n_right)/2) cells per half",0
nadig_hepg2_vs_jurkat,matched_budget_source_frozen_replication,primary_min20,nadig_hepg2,nadig_hepg2,nadig_jurkat,absolute_effect_rank_agreement,20260924,"0,1",1255,20,0.3325428747529817,0.32272568418510966,0.31718294286966964,0.32272568418510966,0.3226513404118772,0.3209925846851827,0.3226513404118772,0.009817190567872058,0.009891534341104513,raw cells; independent half A/B within context×perturbation; controls split independently,"floor(min(n_left,n_right)/2) cells per half",0
nadig_hepg2_vs_jurkat,matched_budget_source_frozen_replication,primary_min20,nadig_hepg2,nadig_hepg2,nadig_jurkat,absolute_effect_rank_agreement,20260924,"0,2",1255,20,0.3325428747529817,0.32272568418510966,0.31718294286966964,0.32272568418510966,0.3229366425843675,0.320650412703254,0.3229366425843675,0.009817190567872058,0.009606232168614226,raw cells; independent half A/B within context×perturbation; controls split independently,"floor(min(n_left,n_right)/2) cells per half",0
nadig_hepg2_vs_jurkat,matched_budget_source_frozen_replication,primary_min20,nadig_hepg2,nadig_hepg2,nadig_jurkat,absolute_effect_rank_agreement,20260924,"1,2",1255,20,0.3325428747529817,0.32272568418510966,0.31718294286966964,0.32272568418510966,0.3236902469865355,0.32219638193636935,0.3236902469865355,0.009817190567872058,0.008852627766446242,raw cells; independent half A/B within context×perturbation; controls split independently,"floor(min(n_left,n_right)/2) cells per half",0
nadig_hepg2_vs_jurkat,matched_budget_source_frozen_replication,primary_min20,nadig_jurkat,nadig_hepg2,nadig_jurkat,delta_cosine,20260924,"0,1",1255,20,0.33219371318553537,0.3256263621749048,0.3233401322937913,0.3256263621749048,0.326008883127776,0.32685017505734637,0.32685017505734637,0.006567351010630551,0.005343538128188996,raw cells; independent half A/B within context×perturbation; controls split independently,"floor(min(n_left,n_right)/2) cells per half",0
nadig_hepg2_vs_jurkat,matched_budget_source_frozen_replication,primary_min20,nadig_jurkat,nadig_hepg2,nadig_jurkat,delta_cosine,20260924,"0,2",1255,20,0.33219371318553537,0.3256263621749048,0.3233401322937913,0.3256263621749048,0.3260330289686549,0.3264794093164821,0.3264794093164821,0.006567351010630551,0.00571430386905325,raw cells; independent half A/B within context×perturbation; controls split independently,"floor(min(n_left,n_right)/2) cells per half",0
nadig_hepg2_vs_jurkat,matched_budget_source_frozen_replication,primary_min20,nadig_jurkat,nadig_hepg2,nadig_jurkat,delta_cosine,20260924,"1,2",1255,20,0.33219371318553537,0.3256263621749048,0.3233401322937913,0.3256263621749048,0.32674850835890884,0.3261435915032057,0.32674850835890884,0.006567351010630551,0.005445204826626526,raw cells; independent half A/B within context×perturbation; controls split independently,"floor(min(n_left,n_right)/2) cells per half",0
nadig_hepg2_vs_jurkat,matched_budget_source_frozen_replication,primary_min20,nadig_jurkat,nadig_hepg2,nadig_jurkat,systema_centroid_accuracy,20260924,"0,1",1255,20,0.3226379966577073,0.3136976813638587,0.3104780241077159,0.3136976813638587,0.31346257712372205,0.3122686288339465,0.31346257712372205,0.008940315293848589,0.009175419533985263,raw cells; independent half A/B within context×perturbation; controls split independently,"floor(min(n_left,n_right)/2) cells per half",0
nadig_hepg2_vs_jurkat,matched_budget_source_frozen_replication,primary_min20,nadig_jurkat,nadig_hepg2,nadig_jurkat,systema_centroid_accuracy,20260924,"0,2",1255,20,0.3226379966577073,0.3136976813638587,0.3104780241077159,0.3136976813638587,0.3135149990151039,0.3130638530407874,0.3135149990151039,0.008940315293848589,0.009122997642603436,raw cells; independent half A/B within context×perturbation; controls split independently,"floor(min(n_left,n_right)/2) cells per half",0
nadig_hepg2_vs_jurkat,matched_budget_source_frozen_replication,primary_min20,nadig_jurkat,nadig_hepg2,nadig_jurkat,systema_centroid_accuracy,20260924,"1,2",1255,20,0.3226379966577073,0.3136976813638587,0.3104780241077159,0.3136976813638587,0.31356710319805303,0.3115849202869543,0.31356710319805303,0.008940315293848589,0.009070893459654283,raw cells; independent half A/B within context×perturbation; controls split independently,"floor(min(n_left,n_right)/2) cells per half",0
nadig_hepg2_vs_jurkat,matched_budget_source_frozen_replication,primary_min20,nadig_jurkat,nadig_hepg2,nadig_jurkat,absolute_effect_rank_agreement,20260924,"0,1",1255,20,0.3302232854864434,0.3284978109888993,0.31367226468924936,0.3284978109888993,0.3295754779923369,0.3184798286916132,0.3295754779923369,0.0017254744975441216,0.0006478074941065337,raw cells; independent half A/B within context×perturbation; controls split independently,"floor(min(n_left,n_right)/2) cells per half",0
nadig_hepg2_vs_jurkat,matched_budget_source_frozen_replication,primary_min20,nadig_jurkat,nadig_hepg2,nadig_jurkat,absolute_effect_rank_agreement,20260924,"0,2",1255,20,0.3302232854864434,0.3284978109888993,0.31367226468924936,0.3284978109888993,0.3286325193643289,0.3188521829746405,0.3286325193643289,0.0017254744975441216,0.0015907661221145064,raw cells; independent half A/B within context×perturbation; controls split independently,"floor(min(n_left,n_right)/2) cells per half",0
nadig_hepg2_vs_jurkat,matched_budget_source_frozen_replication,primary_min20,nadig_jurkat,nadig_hepg2,nadig_jurkat,absolute_effect_rank_agreement,20260924,"1,2",1255,20,0.3302232854864434,0.3284978109888993,0.31367226468924936,0.3284978109888993,0.32918024870216106,0.3184973026554071,0.32918024870216106,0.0017254744975441216,0.0010430367842823585,raw cells; independent half A/B within context×perturbation; controls split independently,"floor(min(n_left,n_right)/2) cells per half",0
nadig_hepg2_vs_jurkat,matched_budget_source_frozen_replication,sensitivity_min40,nadig_hepg2,nadig_hepg2,nadig_jurkat,delta_cosine,20260924,"0,1",345,40,0.3092180653859117,0.28808560835861136,0.3446410515672396,0.3446410515672396,0.2877738456353218,0.3459133805190428,0.3459133805190428,-0.03542298618132794,-0.03669531513313112,raw cells; independent half A/B within context×perturbation; controls split independently,"floor(min(n_left,n_right)/2) cells per half",0
nadig_hepg2_vs_jurkat,matched_budget_source_frozen_replication,sensitivity_min40,nadig_hepg2,nadig_hepg2,nadig_jurkat,delta_cosine,20260924,"0,2",345,40,0.3092180653859117,0.28808560835861136,0.3446410515672396,0.3446410515672396,0.2877738456353218,0.34540781934614084,0.34540781934614084,-0.03542298618132794,-0.036189753960229165,raw cells; independent half A/B within context×perturbation; controls split independently,"floor(min(n_left,n_right)/2) cells per half",0
nadig_hepg2_vs_jurkat,matched_budget_source_frozen_replication,sensitivity_min40,nadig_hepg2,nadig_hepg2,nadig_jurkat,delta_cosine,20260924,"1,2",345,40,0.3092180653859117,0.28808560835861136,0.3446410515672396,0.3446410515672396,0.28768958543983825,0.345226659925851,0.345226659925851,-0.03542298618132794,-0.03600859453993932,raw cells; independent half A/B within context×perturbation; controls split independently,"floor(min(n_left,n_right)/2) cells per half",0
nadig_hepg2_vs_jurkat,matched_budget_source_frozen_replication,sensitivity_min40,nadig_hepg2,nadig_hepg2,nadig_jurkat,systema_centroid_accuracy,20260924,"0,1",345,40,0.30950033704078195,0.3016177957532862,0.33469834850016855,0.33469834850016855,0.3028648466464442,0.33455510616784634,0.33455510616784634,-0.025198011459386604,-0.02505476912706439,raw cells; independent half A/B within context×perturbation; controls split independently,"floor(min(n_left,n_right)/2) cells per half",0
nadig_hepg2_vs_jurkat,matched_budget_source_frozen_replication,sensitivity_min40,nadig_hepg2,nadig_hepg2,nadig_jurkat,systema_centroid_accuracy,20260924,"0,2",345,40,0.30950033704078195,0.3016177957532862,0.33469834850016855,0.33469834850016855,0.302536231884058,0.33423491742500844,0.33423491742500844,-0.025198011459386604,-0.02473458038422649,raw cells; independent half A/B within context×perturbation; controls split independently,"floor(min(n_left,n_right)/2) cells per half",0
nadig_hepg2_vs_jurkat,matched_budget_source_frozen_replication,sensitivity_min40,nadig_hepg2,nadig_hepg2,nadig_jurkat,systema_centroid_accuracy,20260924,"1,2",345,40,0.30950033704078195,0.3016177957532862,0.33469834850016855,0.33469834850016855,0.3018958543983822,0.33462251432423323,0.33462251432423323,-0.025198011459386604,-0.025122177283451286,raw cells; independent half A/B within context×perturbation; controls split independently,"floor(min(n_left,n_right)/2) cells per half",0
nadig_hepg2_vs_jurkat,matched_budget_source_frozen_replication,sensitivity_min40,nadig_hepg2,nadig_hepg2,nadig_jurkat,absolute_effect_rank_agreement,20260924,"0,1",345,40,0.3375,0.3083417593528817,0.3437310414560162,0.3437310414560162,0.3076086956521739,0.3439585439838221,0.3439585439838221,-0.006231041456016162,-0.006458543983822063,raw cells; independent half A/B within context×perturbation; controls split independently,"floor(min(n_left,n_right)/2) cells per half",0
nadig_hepg2_vs_jurkat,matched_budget_source_frozen_replication,sensitivity_min40,nadig_hepg2,nadig_hepg2,nadig_jurkat,absolute_effect_rank_agreement,20260924,"0,2",345,40,0.3375,0.3083417593528817,0.3437310414560162,0.3437310414560162,0.30874620829120325,0.3435540950455005,0.3435540950455005,-0.006231041456016162,-0.006054095045500474,raw cells; independent half A/B within context×perturbation; controls split independently,"floor(min(n_left,n_right)/2) cells per half",0
nadig_hepg2_vs_jurkat,matched_budget_source_frozen_replication,sensitivity_min40,nadig_hepg2,nadig_hepg2,nadig_jurkat,absolute_effect_rank_agreement,20260924,"1,2",345,40,0.3375,0.3083417593528817,0.3437310414560162,0.3437310414560162,0.30939501179642737,0.3443461408830468,0.3443461408830468,-0.006231041456016162,-0.006846140883046803,raw cells; independent half A/B within context×perturbation; controls split independently,"floor(min(n_left,n_right)/2) cells per half",0
nadig_hepg2_vs_jurkat,matched_budget_source_frozen_replication,sensitivity_min40,nadig_jurkat,nadig_hepg2,nadig_jurkat,delta_cosine,20260924,"0,1",345,40,0.3184487698011459,0.3158746208291203,0.3406808223795079,0.3406808223795079,0.31625379170879675,0.34137175598247393,0.34137175598247393,-0.022232052578362027,-0.022922986181328042,raw cells; independent half A/B within context×perturbation; controls split independently,"floor(min(n_left,n_right)/2) cells per half",0
nadig_hepg2_vs_jurkat,matched_budget_source_frozen_replication,sensitivity_min40,nadig_jurkat,nadig_hepg2,nadig_jurkat,delta_cosine,20260924,"0,2",345,40,0.3184487698011459,0.3158746208291203,0.3406808223795079,0.3406808223795079,0.31554600606673405,0.34127485675766767,0.34127485675766767,-0.022232052578362027,-0.022826086956521774,raw cells; independent half A/B within context×perturbation; controls split independently,"floor(min(n_left,n_right)/2) cells per half",0
nadig_hepg2_vs_jurkat,matched_budget_source_frozen_replication,sensitivity_min40,nadig_jurkat,nadig_hepg2,nadig_jurkat,delta_cosine,20260924,"1,2",345,40,0.3184487698011459,0.3158746208291203,0.3406808223795079,0.3406808223795079,0.31691102123356923,0.3408156386922817,0.3408156386922817,-0.022232052578362027,-0.022366868891135816,raw cells; independent half A/B within context×perturbation; controls split independently,"floor(min(n_left,n_right)/2) cells per half",0
nadig_hepg2_vs_jurkat,matched_budget_source_frozen_replication,sensitivity_min40,nadig_jurkat,nadig_hepg2,nadig_jurkat,systema_centroid_accuracy,20260924,"0,1",345,40,0.31506572295247726,0.31477081226828446,0.3366447590158409,0.3366447590158409,0.3148550724637681,0.3354903943377149,0.3354903943377149,-0.021579036063363644,-0.020424671385237625,raw cells; independent half A/B within context×perturbation; controls split independently,"floor(min(n_left,n_right)/2) cells per half",0
nadig_hepg2_vs_jurkat,matched_budget_source_frozen_replication,sensitivity_min40,nadig_jurkat,nadig_hepg2,nadig_jurkat,systema_centroid_accuracy,20260924,"0,2",345,40,0.31506572295247726,0.31477081226828446,0.3366447590158409,0.3366447590158409,0.3152932254802831,0.33610128075497137,0.33610128075497137,-0.021579036063363644,-0.02103555780249411,raw cells; independent half A/B within context×perturbation; controls split independently,"floor(min(n_left,n_right)/2) cells per half",0
nadig_hepg2_vs_jurkat,matched_budget_source_frozen_replication,sensitivity_min40,nadig_jurkat,nadig_hepg2,nadig_jurkat,systema_centroid_accuracy,20260924,"1,2",345,40,0.31506572295247726,0.31477081226828446,0.3366447590158409,0.3366447590158409,0.3148929895517357,0.335932760364004,0.335932760364004,-0.021579036063363644,-0.020867037411526734,raw cells; independent half A/B within context×perturbation; controls split independently,"floor(min(n_left,n_right)/2) cells per half",0
nadig_hepg2_vs_jurkat,matched_budget_source_frozen_replication,sensitivity_min40,nadig_jurkat,nadig_hepg2,nadig_jurkat,absolute_effect_rank_agreement,20260924,"0,1",345,40,0.3333796764408493,0.32067745197168857,0.34349511290866197,0.34349511290866197,0.3214357937310415,0.34313700707785644,0.34313700707785644,-0.010115436467812655,-0.009757330637007122,raw cells; independent half A/B within context×perturbation; controls split independently,"floor(min(n_left,n_right)/2) cells per half",0
nadig_hepg2_vs_jurkat,matched_budget_source_frozen_replication,sensitivity_min40,nadig_jurkat,nadig_hepg2,nadig_jurkat,absolute_effect_rank_agreement,20260924,"0,2",345,40,0.3333796764408493,0.32067745197168857,0.34349511290866197,0.34349511290866197,0.32119143916413884,0.3441902595214021,0.3441902595214021,-0.010115436467812655,-0.010810583080552771,raw cells; independent half A/B within context×perturbation; controls split independently,"floor(min(n_left,n_right)/2) cells per half",0
nadig_hepg2_vs_jurkat,matched_budget_source_frozen_replication,sensitivity_min40,nadig_jurkat,nadig_hepg2,nadig_jurkat,absolute_effect_rank_agreement,20260924,"1,2",345,40,0.3333796764408493,0.32067745197168857,0.34349511290866197,0.34349511290866197,0.32188237276710485,0.34274519716885743,0.34274519716885743,-0.010115436467812655,-0.009365520728008114,raw cells; independent half A/B within context×perturbation; controls split independently,"floor(min(n_left,n_right)/2) cells per half",0
nadig_hepg2_vs_jurkat,matched_budget_source_frozen_replication,primary_min20,nadig_hepg2,nadig_hepg2,nadig_jurkat,delta_cosine,20260925,"0,1",1255,20,0.32386562204134023,0.3045197201624126,0.31865838083074405,0.31865838083074405,0.3046029597717582,0.32157208486627653,0.32157208486627653,0.005207241210596181,0.002293537175063698,raw cells; independent half A/B within context×perturbation; controls split independently,"floor(min(n_left,n_right)/2) cells per half",0
nadig_hepg2_vs_jurkat,matched_budget_source_frozen_replication,primary_min20,nadig_hepg2,nadig_hepg2,nadig_jurkat,delta_cosine,20260925,"0,2",1255,20,0.32386562204134023,0.3045197201624126,0.31865838083074405,0.31865838083074405,0.30514846515056204,0.3200782198161104,0.3200782198161104,0.005207241210596181,0.00378740222522983,raw cells; independent half A/B within context×perturbation; controls split independently,"floor(min(n_left,n_right)/2) cells per half",0
nadig_hepg2_vs_jurkat,matched_budget_source_frozen_replication,primary_min20,nadig_hepg2,nadig_hepg2,nadig_jurkat,delta_cosine,20260925,"1,2",1255,20,0.32386562204134023,0.3045197201624126,0.31865838083074405,0.31865838083074405,0.3052342464273686,0.3212257826747238,0.3212257826747238,0.005207241210596181,0.0026398393666164366,raw cells; independent half A/B within context×perturbation; controls split independently,"floor(min(n_left,n_right)/2) cells per half",0
nadig_hepg2_vs_jurkat,matched_budget_source_frozen_replication,primary_min20,nadig_hepg2,nadig_hepg2,nadig_jurkat,systema_centroid_accuracy,20260925,"0,1",1255,20,0.3148887702777407,0.29993518747974607,0.31024800320250095,0.31024800320250095,0.3003723542830274,0.30977271138730567,0.30977271138730567,0.004640767075239749,0.005116058890435038,raw cells; independent half A/B within context×perturbation; controls split independently,"floor(min(n_left,n_right)/2) cells per half",0
nadig_hepg2_vs_jurkat,matched_budget_source_frozen_replication,primary_min20,nadig_hepg2,nadig_hepg2,nadig_jurkat,systema_centroid_accuracy,20260925,"0,2",1255,20,0.3148887702777407,0.29993518747974607,0.31024800320250095,0.31024800320250095,0.2999183489328173,0.3090998049270224,0.3090998049270224,0.004640767075239749,0.0057889653507183225,raw cells; independent half A/B within context×perturbation; controls split independently,"floor(min(n_left,n_right)/2) cells per half",0
nadig_hepg2_vs_jurkat,matched_budget_source_frozen_replication,primary_min20,nadig_hepg2,nadig_hepg2,nadig_jurkat,systema_centroid_accuracy,20260925,"1,2",1255,20,0.3148887702777407,0.29993518747974607,0.31024800320250095,0.31024800320250095,0.30041683346359377,0.3092002007917294,0.3092002007917294,0.004640767075239749,0.005688569486011319,raw cells; independent half A/B within context×perturbation; controls split independently,"floor(min(n_left,n_right)/2) cells per half",0
nadig_hepg2_vs_jurkat,matched_budget_source_frozen_replication,primary_min20,nadig_hepg2,nadig_hepg2,nadig_jurkat,absolute_effect_rank_agreement,20260925,"0,1",1255,20,0.3311627493216925,0.3226564237467991,0.30999701354073345,0.3226564237467991,0.3224016215838401,0.3133269156229944,0.3224016215838401,0.008506325574893392,0.00876112773785237,raw cells; independent half A/B within context×perturbation; controls split independently,"floor(min(n_left,n_right)/2) cells per half",0
nadig_hepg2_vs_jurkat,matched_budget_source_frozen_replication,primary_min20,nadig_hepg2,nadig_hepg2,nadig_jurkat,absolute_effect_rank_agreement,20260925,"0,2",1255,20,0.3311627493216925,0.3226564237467991,0.30999701354073345,0.3226564237467991,0.32293950196026106,0.31326750414609505,0.32293950196026106,0.008506325574893392,0.00822324736143143,raw cells; independent half A/B within context×perturbation; controls split independently,"floor(min(n_left,n_right)/2) cells per half",0
nadig_hepg2_vs_jurkat,matched_budget_source_frozen_replication,primary_min20,nadig_hepg2,nadig_hepg2,nadig_jurkat,absolute_effect_rank_agreement,20260925,"1,2",1255,20,0.3311627493216925,0.3226564237467991,0.30999701354073345,0.3226564237467991,0.32325403330855207,0.3132595614352796,0.32325403330855207,0.008506325574893392,0.007908716013140416,raw cells; independent half A/B within context×perturbation; controls split independently,"floor(min(n_left,n_right)/2) cells per half",0
nadig_hepg2_vs_jurkat,matched_budget_source_frozen_replication,primary_min20,nadig_jurkat,nadig_hepg2,nadig_jurkat,delta_cosine,20260925,"0,1",1255,20,0.3213446056285226,0.31995208956836135,0.31928934977792184,0.31995208956836135,0.32073651168849326,0.3214287983631662,0.3214287983631662,0.0013925160601612196,-8.419273464360666e-05,raw cells; independent half A/B within context×perturbation; controls split independently,"floor(min(n_left,n_right)/2) cells per half",0
nadig_hepg2_vs_jurkat,matched_budget_source_frozen_replication,primary_min20,nadig_jurkat,nadig_hepg2,nadig_jurkat,delta_cosine,20260925,"0,2",1255,20,0.3213446056285226,0.31995208956836135,0.31928934977792184,0.31995208956836135,0.32098495968279994,0.32274792377539285,0.32274792377539285,0.0013925160601612196,-0.0014033181468702804,raw cells; independent half A/B within context×perturbation; controls split independently,"floor(min(n_left,n_right)/2) cells per half",0
nadig_hepg2_vs_jurkat,matched_budget_source_frozen_replication,primary_min20,nadig_jurkat,nadig_hepg2,nadig_jurkat,delta_cosine,20260925,"1,2",1255,20,0.3213446056285226,0.31995208956836135,0.31928934977792184,0.31995208956836135,0.3203851261620186,0.3213814598067062,0.3213814598067062,0.0013925160601612196,-3.685417818360959e-05,raw cells; independent half A/B within context×perturbation; controls split independently,"floor(min(n_left,n_right)/2) cells per half",0
nadig_hepg2_vs_jurkat,matched_budget_source_frozen_replication,primary_min20,nadig_jurkat,nadig_hepg2,nadig_jurkat,systema_centroid_accuracy,20260925,"0,1",1255,20,0.31697960947279463,0.31338950418422007,0.3101850969328428,0.31338950418422007,0.31378536889126113,0.3122803840459534,0.31378536889126113,0.0035901052885745632,0.003194240581533503,raw cells; independent half A/B within context×perturbation; controls split independently,"floor(min(n_left,n_right)/2) cells per half",0
nadig_hepg2_vs_jurkat,matched_budget_source_frozen_replication,primary_min20,nadig_jurkat,nadig_hepg2,nadig_jurkat,systema_centroid_accuracy,20260925,"0,2",1255,20,0.31697960947279463,0.31338950418422007,0.3101850969328428,0.31338950418422007,0.31396455644725724,0.3136382698869593,0.31396455644725724,0.0035901052885745632,0.0030150530255373953,raw cells; independent half A/B within context×perturbation; controls split independently,"floor(min(n_left,n_right)/2) cells per half",0
nadig_hepg2_vs_jurkat,matched_budget_source_frozen_replication,primary_min20,nadig_jurkat,nadig_hepg2,nadig_jurkat,systema_centroid_accuracy,20260925,"1,2",1255,20,0.31697960947279463,0.31338950418422007,0.3101850969328428,0.31338950418422007,0.3136017334172084,0.31142670148751084,0.3136017334172084,0.0035901052885745632,0.0033778760555862597,raw cells; independent half A/B within context×perturbation; controls split independently,"floor(min(n_left,n_right)/2) cells per half",0
nadig_hepg2_vs_jurkat,matched_budget_source_frozen_replication,primary_min20,nadig_jurkat,nadig_hepg2,nadig_jurkat,absolute_effect_rank_agreement,20260925,"0,1",1255,20,0.3313956296028009,0.3239742783252953,0.306705554178819,0.3239742783252953,0.3255513829848072,0.309515049848453,0.3255513829848072,0.0074213512775055945,0.005844246617993709,raw cells; independent half A/B within context×perturbation; controls split independently,"floor(min(n_left,n_right)/2) cells per half",0
nadig_hepg2_vs_jurkat,matched_budget_source_frozen_replication,primary_min20,nadig_jurkat,nadig_hepg2,nadig_jurkat,absolute_effect_rank_agreement,20260925,"0,2",1255,20,0.3313956296028009,0.3239742783252953,0.306705554178819,0.3239742783252953,0.32474789835871826,0.3104014563754551,0.32474789835871826,0.0074213512775055945,0.006647731244082633,raw cells; independent half A/B within context×perturbation; controls split independently,"floor(min(n_left,n_right)/2) cells per half",0
nadig_hepg2_vs_jurkat,matched_budget_source_frozen_replication,primary_min20,nadig_jurkat,nadig_hepg2,nadig_jurkat,absolute_effect_rank_agreement,20260925,"1,2",1255,20,0.3313956296028009,0.3239742783252953,0.306705554178819,0.3239742783252953,0.32486989839684327,0.3102105136074521,0.32486989839684327,0.0074213512775055945,0.006525731205957619,raw cells; independent half A/B within context×perturbation; controls split independently,"floor(min(n_left,n_right)/2) cells per half",0
nadig_hepg2_vs_jurkat,matched_budget_source_frozen_replication,sensitivity_min40,nadig_hepg2,nadig_hepg2,nadig_jurkat,delta_cosine,20260925,"0,1",345,40,0.33158914728682165,0.2941354903943377,0.31684361307718234,0.31684361307718234,0.2950455005055611,0.3172396359959555,0.3172396359959555,0.01474553420963931,0.014349511290866146,raw cells; independent half A/B within context×perturbation; controls split independently,"floor(min(n_left,n_right)/2) cells per half",0
nadig_hepg2_vs_jurkat,matched_budget_source_frozen_replication,sensitivity_min40,nadig_hepg2,nadig_hepg2,nadig_jurkat,delta_cosine,20260925,"0,2",345,40,0.33158914728682165,0.2941354903943377,0.31684361307718234,0.31684361307718234,0.29502022244691606,0.3180148297944051,0.3180148297944051,0.01474553420963931,0.013574317492416554,raw cells; independent half A/B within context×perturbation; controls split independently,"floor(min(n_left,n_right)/2) cells per half",0
nadig_hepg2_vs_jurkat,matched_budget_source_frozen_replication,sensitivity_min40,nadig_hepg2,nadig_hepg2,nadig_jurkat,delta_cosine,20260925,"1,2",345,40,0.33158914728682165,0.2941354903943377,0.31684361307718234,0.31684361307718234,0.2947674418604651,0.3177030670711156,0.3177030670711156,0.01474553420963931,0.013886080215706031,raw cells; independent half A/B within context×perturbation; controls split independently,"floor(min(n_left,n_right)/2) cells per half",0
nadig_hepg2_vs_jurkat,matched_budget_source_frozen_replication,sensitivity_min40,nadig_hepg2,nadig_hepg2,nadig_jurkat,systema_centroid_accuracy,20260925,"0,1",345,40,0.33449191102123355,0.31370913380519044,0.32141051567239637,0.32141051567239637,0.3153732726659926,0.3211324570273003,0.3211324570273003,0.013081395348837177,0.013359453993933235,raw cells; independent half A/B within context×perturbation; controls split independently,"floor(min(n_left,n_right)/2) cells per half",0
nadig_hepg2_vs_jurkat,matched_budget_source_frozen_replication,sensitivity_min40,nadig_hepg2,nadig_hepg2,nadig_jurkat,systema_centroid_accuracy,20260925,"0,2",345,40,0.33449191102123355,0.31370913380519044,0.32141051567239637,0.32141051567239637,0.31355746545331986,0.32260701044826423,0.32260701044826423,0.013081395348837177,0.011884900572969315,raw cells; independent half A/B within context×perturbation; controls split independently,"floor(min(n_left,n_right)/2) cells per half",0
nadig_hepg2_vs_jurkat,matched_budget_source_frozen_replication,sensitivity_min40,nadig_hepg2,nadig_hepg2,nadig_jurkat,systema_centroid_accuracy,20260925,"1,2",345,40,0.33449191102123355,0.31370913380519044,0.32141051567239637,0.32141051567239637,0.31409673070441524,0.3205637007077856,0.3205637007077856,0.013081395348837177,0.01392821031344793,raw cells; independent half A/B within context×perturbation; controls split independently,"floor(min(n_left,n_right)/2) cells per half",0
nadig_hepg2_vs_jurkat,matched_budget_source_frozen_replication,sensitivity_min40,nadig_hepg2,nadig_hepg2,nadig_jurkat,absolute_effect_rank_agreement,20260925,"0,1",345,40,0.335077519379845,0.3151162790697674,0.32447758678800137,0.32447758678800137,0.3145180316818335,0.3238582743511965,0.3238582743511965,0.010599932591843608,0.011219245028648461,raw cells; independent half A/B within context×perturbation; controls split independently,"floor(min(n_left,n_right)/2) cells per half",0
nadig_hepg2_vs_jurkat,matched_budget_source_frozen_replication,sensitivity_min40,nadig_hepg2,nadig_hepg2,nadig_jurkat,absolute_effect_rank_agreement,20260925,"0,2",345,40,0.335077519379845,0.3151162790697674,0.32447758678800137,0.32447758678800137,0.3161779575328615,0.3243849005729693,0.3243849005729693,0.010599932591843608,0.010692618806875664,raw cells; independent half A/B within context×perturbation; controls split independently,"floor(min(n_left,n_right)/2) cells per half",0
nadig_hepg2_vs_jurkat,matched_budget_source_frozen_replication,sensitivity_min40,nadig_hepg2,nadig_hepg2,nadig_jurkat,absolute_effect_rank_agreement,20260925,"1,2",345,40,0.335077519379845,0.3151162790697674,0.32447758678800137,0.32447758678800137,0.31569767441860463,0.32451971688574316,0.32451971688574316,0.010599932591843608,0.01055780249410182,raw cells; independent half A/B within context×perturbation; controls split independently,"floor(min(n_left,n_right)/2) cells per half",0
nadig_hepg2_vs_jurkat,matched_budget_source_frozen_replication,sensitivity_min40,nadig_jurkat,nadig_hepg2,nadig_jurkat,delta_cosine,20260925,"0,1",345,40,0.33094455679137175,0.3236097067745197,0.31988540613414224,0.3236097067745197,0.32406471183013147,0.32073222109875293,0.32406471183013147,0.007334850016852024,0.006879844961240278,raw cells; independent half A/B within context×perturbation; controls split independently,"floor(min(n_left,n_right)/2) cells per half",0
nadig_hepg2_vs_jurkat,matched_budget_source_frozen_replication,sensitivity_min40,nadig_jurkat,nadig_hepg2,nadig_jurkat,delta_cosine,20260925,"0,2",345,40,0.33094455679137175,0.3236097067745197,0.31988540613414224,0.3236097067745197,0.3246629592180654,0.32005392652510956,0.3246629592180654,0.007334850016852024,0.0062815975733063745,raw cells; independent half A/B within context×perturbation; controls split independently,"floor(min(n_left,n_right)/2) cells per half",0
nadig_hepg2_vs_jurkat,matched_budget_source_frozen_replication,sensitivity_min40,nadig_jurkat,nadig_hepg2,nadig_jurkat,delta_cosine,20260925,"1,2",345,40,0.33094455679137175,0.3236097067745197,0.31988540613414224,0.3236097067745197,0.3241573980451635,0.3205552746882373,0.3241573980451635,0.007334850016852024,0.006787158746208222,raw cells; independent half A/B within context×perturbation; controls split independently,"floor(min(n_left,n_right)/2) cells per half",0
nadig_hepg2_vs_jurkat,matched_budget_source_frozen_replication,sensitivity_min40,nadig_jurkat,nadig_hepg2,nadig_jurkat,systema_centroid_accuracy,20260925,"0,1",345,40,0.33814459049545,0.32387091338051904,0.32071115604988204,0.32387091338051904,0.3252443545669026,0.320247724974722,0.3252443545669026,0.014273677114930938,0.012900235928547388,raw cells; independent half A/B within context×perturbation; controls split independently,"floor(min(n_left,n_right)/2) cells per half",0
nadig_hepg2_vs_jurkat,matched_budget_source_frozen_replication,sensitivity_min40,nadig_jurkat,nadig_hepg2,nadig_jurkat,systema_centroid_accuracy,20260925,"0,2",345,40,0.33814459049545,0.32387091338051904,0.32071115604988204,0.32387091338051904,0.325046343107516,0.32199612403100775,0.325046343107516,0.014273677114930938,0.01309824738793397,raw cells; independent half A/B within context×perturbation; controls split independently,"floor(min(n_left,n_right)/2) cells per half",0
nadig_hepg2_vs_jurkat,matched_budget_source_frozen_replication,sensitivity_min40,nadig_jurkat,nadig_hepg2,nadig_jurkat,systema_centroid_accuracy,20260925,"1,2",345,40,0.33814459049545,0.32387091338051904,0.32071115604988204,0.32387091338051904,0.32457869902258174,0.318912200876306,0.32457869902258174,0.014273677114930938,0.013565891472868241,raw cells; independent half A/B within context×perturbation; controls split independently,"floor(min(n_left,n_right)/2) cells per half",0
nadig_hepg2_vs_jurkat,matched_budget_source_frozen_replication,sensitivity_min40,nadig_jurkat,nadig_hepg2,nadig_jurkat,absolute_effect_rank_agreement,20260925,"0,1",345,40,0.33483316481294234,0.32000337040781934,0.3241068419278733,0.3241068419278733,0.32119143916413884,0.3251221772834513,0.3251221772834513,0.010726322885069028,0.009710987529491066,raw cells; independent half A/B within context×perturbation; controls split independently,"floor(min(n_left,n_right)/2) cells per half",0
nadig_hepg2_vs_jurkat,matched_budget_source_frozen_replication,sensitivity_min40,nadig_jurkat,nadig_hepg2,nadig_jurkat,absolute_effect_rank_agreement,20260925,"0,2",345,40,0.33483316481294234,0.32000337040781934,0.3241068419278733,0.3241068419278733,0.3195736434108527,0.3258131108864173,0.3258131108864173,0.010726322885069028,0.009020053926525051,raw cells; independent half A/B within context×perturbation; controls split independently,"floor(min(n_left,n_right)/2) cells per half",0
nadig_hepg2_vs_jurkat,matched_budget_source_frozen_replication,sensitivity_min40,nadig_jurkat,nadig_hepg2,nadig_jurkat,absolute_effect_rank_agreement,20260925,"1,2",345,40,0.33483316481294234,0.32000337040781934,0.3241068419278733,0.3241068419278733,0.3203067071115605,0.32463768115942027,0.32463768115942027,0.010726322885069028,0.010195483653522075,raw cells; independent half A/B within context×perturbation; controls split independently,"floor(min(n_left,n_right)/2) cells per half",0
nadig_hepg2_vs_jurkat,matched_budget_source_frozen_replication,primary_min20,nadig_hepg2,nadig_hepg2,nadig_jurkat,delta_cosine,20260926,"0,1",1255,20,0.3330238853199642,0.30270115709411155,0.3196623394778144,0.3196623394778144,0.30295405300647493,0.32441049200327876,0.32441049200327876,0.013361545842149769,0.008613393316685425,raw cells; independent half A/B within context×perturbation; controls split independently,"floor(min(n_left,n_right)/2) cells per half",0
nadig_hepg2_vs_jurkat,matched_budget_source_frozen_replication,primary_min20,nadig_hepg2,nadig_hepg2,nadig_jurkat,delta_cosine,20260926,"0,2",1255,20,0.3330238853199642,0.30270115709411155,0.3196623394778144,0.3196623394778144,0.3026731987520413,0.32266913208410375,0.32266913208410375,0.013361545842149769,0.010354753235860437,raw cells; independent half A/B within context×perturbation; controls split independently,"floor(min(n_left,n_right)/2) cells per half",0
nadig_hepg2_vs_jurkat,matched_budget_source_frozen_replication,primary_min20,nadig_hepg2,nadig_hepg2,nadig_jurkat,delta_cosine,20260926,"1,2",1255,20,0.3330238853199642,0.30270115709411155,0.3196623394778144,0.3196623394778144,0.3032202926730081,0.32352599172687246,0.32352599172687246,0.013361545842149769,0.009497893593091722,raw cells; independent half A/B within context×perturbation; controls split independently,"floor(min(n_left,n_right)/2) cells per half",0
nadig_hepg2_vs_jurkat,matched_budget_source_frozen_replication,primary_min20,nadig_hepg2,nadig_hepg2,nadig_jurkat,systema_centroid_accuracy,20260926,"0,1",1255,20,0.3195876779961494,0.30694955425506903,0.3125348685004798,0.3125348685004798,0.3070099188572663,0.317876500378073,0.317876500378073,0.00705280949566961,0.001711177618076376,raw cells; independent half A/B within context×perturbation; controls split independently,"floor(min(n_left,n_right)/2) cells per half",0
nadig_hepg2_vs_jurkat,matched_budget_source_frozen_replication,primary_min20,nadig_hepg2,nadig_hepg2,nadig_jurkat,systema_centroid_accuracy,20260926,"0,2",1255,20,0.3195876779961494,0.30694955425506903,0.3125348685004798,0.3125348685004798,0.30682342400732,0.31451578057784807,0.31451578057784807,0.00705280949566961,0.00507189741830133,raw cells; independent half A/B within context×perturbation; controls split independently,"floor(min(n_left,n_right)/2) cells per half",0
nadig_hepg2_vs_jurkat,matched_budget_source_frozen_replication,primary_min20,nadig_hepg2,nadig_hepg2,nadig_jurkat,systema_centroid_accuracy,20260926,"1,2",1255,20,0.3195876779961494,0.30694955425506903,0.3125348685004798,0.3125348685004798,0.3077018878235066,0.3161300571239762,0.3161300571239762,0.00705280949566961,0.003457620872173217,raw cells; independent half A/B within context×perturbation; controls split independently,"floor(min(n_left,n_right)/2) cells per half",0
nadig_hepg2_vs_jurkat,matched_budget_source_frozen_replication,primary_min20,nadig_hepg2,nadig_hepg2,nadig_jurkat,absolute_effect_rank_agreement,20260926,"0,1",1255,20,0.32913545181316195,0.3259377164388697,0.3128138165043176,0.3259377164388697,0.326019685214485,0.317366896052155,0.326019685214485,0.003197735374292243,0.003115766598676961,raw cells; independent half A/B within context×perturbation; controls split independently,"floor(min(n_left,n_right)/2) cells per half",0
nadig_hepg2_vs_jurkat,matched_budget_source_frozen_replication,primary_min20,nadig_hepg2,nadig_hepg2,nadig_jurkat,absolute_effect_rank_agreement,20260926,"0,2",1255,20,0.32913545181316195,0.3259377164388697,0.3128138165043176,0.3259377164388697,0.32578076847315685,0.3168871563189031,0.32578076847315685,0.003197735374292243,0.0033546833400051046,raw cells; independent half A/B within context×perturbation; controls split independently,"floor(min(n_left,n_right)/2) cells per half",0
nadig_hepg2_vs_jurkat,matched_budget_source_frozen_replication,primary_min20,nadig_hepg2,nadig_hepg2,nadig_jurkat,absolute_effect_rank_agreement,20260926,"1,2",1255,20,0.32913545181316195,0.3259377164388697,0.3128138165043176,0.3259377164388697,0.32581698723447516,0.31837244324138847,0.32581698723447516,0.003197735374292243,0.003318464578686786,raw cells; independent half A/B within context×perturbation; controls split independently,"floor(min(n_left,n_right)/2) cells per half",0
nadig_hepg2_vs_jurkat,matched_budget_source_frozen_replication,primary_min20,nadig_jurkat,nadig_hepg2,nadig_jurkat,delta_cosine,20260926,"0,1",1255,20,0.33266296854051103,0.32001372500428904,0.32063961061654495,0.32063961061654495,0.31992921456121287,0.325824612236858,0.325824612236858,0.012023357923966083,0.006838356303653037,raw cells; independent half A/B within context×perturbation; controls split independently,"floor(min(n_left,n_right)/2) cells per half",0
nadig_hepg2_vs_jurkat,matched_budget_source_frozen_replication,primary_min20,nadig_jurkat,nadig_hepg2,nadig_jurkat,delta_cosine,20260926,"0,2",1255,20,0.33266296854051103,0.32001372500428904,0.32063961061654495,0.32063961061654495,0.3202685271672481,0.32590276851128186,0.32590276851128186,0.012023357923966083,0.006760200029229169,raw cells; independent half A/B within context×perturbation; controls split independently,"floor(min(n_left,n_right)/2) cells per half",0
nadig_hepg2_vs_jurkat,matched_budget_source_frozen_replication,primary_min20,nadig_jurkat,nadig_hepg2,nadig_jurkat,delta_cosine,20260926,"1,2",1255,20,0.33266296854051103,0.32001372500428904,0.32063961061654495,0.32063961061654495,0.32029775634304886,0.32515996619582277,0.32515996619582277,0.012023357923966083,0.007503002344688259,raw cells; independent half A/B within context×perturbation; controls split independently,"floor(min(n_left,n_right)/2) cells per half",0
nadig_hepg2_vs_jurkat,matched_budget_source_frozen_replication,primary_min20,nadig_jurkat,nadig_hepg2,nadig_jurkat,systema_centroid_accuracy,20260926,"0,1",1255,20,0.3253524975059888,0.31439981699994285,0.31438202532771625,0.31439981699994285,0.31423619715714496,0.3196931571957783,0.3196931571957783,0.010952680506045975,0.005659340310210537,raw cells; independent half A/B within context×perturbation; controls split independently,"floor(min(n_left,n_right)/2) cells per half",0
nadig_hepg2_vs_jurkat,matched_budget_source_frozen_replication,primary_min20,nadig_jurkat,nadig_hepg2,nadig_jurkat,systema_centroid_accuracy,20260926,"0,2",1255,20,0.3253524975059888,0.31439981699994285,0.31438202532771625,0.31439981699994285,0.3147022754277944,0.3197678186774433,0.3197678186774433,0.010952680506045975,0.0055846788285455196,raw cells; independent half A/B within context×perturbation; controls split independently,"floor(min(n_left,n_right)/2) cells per half",0
nadig_hepg2_vs_jurkat,matched_budget_source_frozen_replication,primary_min20,nadig_jurkat,nadig_hepg2,nadig_jurkat,systema_centroid_accuracy,20260926,"1,2",1255,20,0.3253524975059888,0.31439981699994285,0.31438202532771625,0.31439981699994285,0.31476105148782857,0.3195997509165888,0.3195997509165888,0.010952680506045975,0.005752746589400004,raw cells; independent half A/B within context×perturbation; controls split independently,"floor(min(n_left,n_right)/2) cells per half",0
nadig_hepg2_vs_jurkat,matched_budget_source_frozen_replication,primary_min20,nadig_jurkat,nadig_hepg2,nadig_jurkat,absolute_effect_rank_agreement,20260926,"0,1",1255,20,0.3240473512647973,0.3301429052529912,0.3089708153033798,0.3301429052529912,0.33074400960750305,0.31452626495612446,0.33074400960750305,-0.006095553988193947,-0.006696658342705775,raw cells; independent half A/B within context×perturbation; controls split independently,"floor(min(n_left,n_right)/2) cells per half",0
nadig_hepg2_vs_jurkat,matched_budget_source_frozen_replication,primary_min20,nadig_jurkat,nadig_hepg2,nadig_jurkat,absolute_effect_rank_agreement,20260926,"0,2",1255,20,0.3240473512647973,0.3301429052529912,0.3089708153033798,0.3301429052529912,0.330367207406419,0.31486621297902484,0.330367207406419,-0.006095553988193947,-0.006319856141621727,raw cells; independent half A/B within context×perturbation; controls split independently,"floor(min(n_left,n_right)/2) cells per half",0
nadig_hepg2_vs_jurkat,matched_budget_source_frozen_replication,primary_min20,nadig_jurkat,nadig_hepg2,nadig_jurkat,absolute_effect_rank_agreement,20260926,"1,2",1255,20,0.3240473512647973,0.3301429052529912,0.3089708153033798,0.3301429052529912,0.3304301136760772,0.3143867909542055,0.3304301136760772,-0.006095553988193947,-0.006382762411279941,raw cells; independent half A/B within context×perturbation; controls split independently,"floor(min(n_left,n_right)/2) cells per half",0
nadig_hepg2_vs_jurkat,matched_budget_source_frozen_replication,sensitivity_min40,nadig_hepg2,nadig_hepg2,nadig_jurkat,delta_cosine,20260926,"0,1",345,40,0.3266725648803505,0.2755308392315471,0.3362655881361645,0.3362655881361645,0.276407145264577,0.3362234580384227,0.3362234580384227,-0.00959302325581396,-0.009550893158072171,raw cells; independent half A/B within context×perturbation; controls split independently,"floor(min(n_left,n_right)/2) cells per half",0
nadig_hepg2_vs_jurkat,matched_budget_source_frozen_replication,sensitivity_min40,nadig_hepg2,nadig_hepg2,nadig_jurkat,delta_cosine,20260926,"0,2",345,40,0.3266725648803505,0.2755308392315471,0.3362655881361645,0.3362655881361645,0.2748567576676778,0.33704078193461406,0.33704078193461406,-0.00959302325581396,-0.010368217054263551,raw cells; independent half A/B within context×perturbation; controls split independently,"floor(min(n_left,n_right)/2) cells per half",0
nadig_hepg2_vs_jurkat,matched_budget_source_frozen_replication,sensitivity_min40,nadig_hepg2,nadig_hepg2,nadig_jurkat,delta_cosine,20260926,"1,2",345,40,0.3266725648803505,0.2755308392315471,0.3362655881361645,0.3362655881361645,0.2757499157398045,0.3357178968655207,0.3357178968655207,-0.00959302325581396,-0.009045331985170213,raw cells; independent half A/B within context×perturbation; controls split independently,"floor(min(n_left,n_right)/2) cells per half",0
nadig_hepg2_vs_jurkat,matched_budget_source_frozen_replication,sensitivity_min40,nadig_hepg2,nadig_hepg2,nadig_jurkat,systema_centroid_accuracy,20260926,"0,1",345,40,0.3257035726322885,0.29177620492079537,0.3219666329625885,0.3219666329625885,0.2922354229861813,0.3226659925851028,0.3226659925851028,0.0037369396697000123,0.003037580047185684,raw cells; independent half A/B within context×perturbation; controls split independently,"floor(min(n_left,n_right)/2) cells per half",0
nadig_hepg2_vs_jurkat,matched_budget_source_frozen_replication,sensitivity_min40,nadig_hepg2,nadig_hepg2,nadig_jurkat,systema_centroid_accuracy,20260926,"0,2",345,40,0.3257035726322885,0.29177620492079537,0.3219666329625885,0.3219666329625885,0.2912453656892484,0.32147792382878326,0.32147792382878326,0.0037369396697000123,0.004225648803505233,raw cells; independent half A/B within context×perturbation; controls split independently,"floor(min(n_left,n_right)/2) cells per half",0
nadig_hepg2_vs_jurkat,matched_budget_source_frozen_replication,sensitivity_min40,nadig_hepg2,nadig_hepg2,nadig_jurkat,systema_centroid_accuracy,20260926,"1,2",345,40,0.3257035726322885,0.29177620492079537,0.3219666329625885,0.3219666329625885,0.2923744523087294,0.32105240984159084,0.32105240984159084,0.0037369396697000123,0.0046511627906976605,raw cells; independent half A/B within context×perturbation; controls split independently,"floor(min(n_left,n_right)/2) cells per half",0
nadig_hepg2_vs_jurkat,matched_budget_source_frozen_replication,sensitivity_min40,nadig_hepg2,nadig_hepg2,nadig_jurkat,absolute_effect_rank_agreement,20260926,"0,1",345,40,0.3328530502190765,0.31914391641388606,0.3419615773508594,0.3419615773508594,0.31852039096730705,0.3415739804516347,0.3415739804516347,-0.009108527131782895,-0.008720930232558155,raw cells; independent half A/B within context×perturbation; controls split independently,"floor(min(n_left,n_right)/2) cells per half",0
nadig_hepg2_vs_jurkat,matched_budget_source_frozen_replication,sensitivity_min40,nadig_hepg2,nadig_hepg2,nadig_jurkat,absolute_effect_rank_agreement,20260926,"0,2",345,40,0.3328530502190765,0.31914391641388606,0.3419615773508594,0.3419615773508594,0.319211324570273,0.3415571284125379,0.3415571284125379,-0.009108527131782895,-0.008704078193461362,raw cells; independent half A/B within context×perturbation; controls split independently,"floor(min(n_left,n_right)/2) cells per half",0
nadig_hepg2_vs_jurkat,matched_budget_source_frozen_replication,sensitivity_min40,nadig_hepg2,nadig_hepg2,nadig_jurkat,absolute_effect_rank_agreement,20260926,"1,2",345,40,0.3328530502190765,0.31914391641388606,0.3419615773508594,0.3419615773508594,0.3176525109538254,0.3418520390967307,0.3418520390967307,-0.009108527131782895,-0.008998988877654157,raw cells; independent half A/B within context×perturbation; controls split independently,"floor(min(n_left,n_right)/2) cells per half",0
nadig_hepg2_vs_jurkat,matched_budget_source_frozen_replication,sensitivity_min40,nadig_jurkat,nadig_hepg2,nadig_jurkat,delta_cosine,20260926,"0,1",345,40,0.3334133805190428,0.30210650488709134,0.3300303336703741,0.3300303336703741,0.30229187731715534,0.3301904280417931,0.3301904280417931,0.0033830468486686915,0.0032229524772496854,raw cells; independent half A/B within context×perturbation; controls split independently,"floor(min(n_left,n_right)/2) cells per half",0
nadig_hepg2_vs_jurkat,matched_budget_source_frozen_replication,sensitivity_min40,nadig_jurkat,nadig_hepg2,nadig_jurkat,delta_cosine,20260926,"0,2",345,40,0.3334133805190428,0.30210650488709134,0.3300303336703741,0.3300303336703741,0.3031344792719919,0.33007246376811594,0.33007246376811594,0.0033830468486686915,0.003340916750926848,raw cells; independent half A/B within context×perturbation; controls split independently,"floor(min(n_left,n_right)/2) cells per half",0
nadig_hepg2_vs_jurkat,matched_budget_source_frozen_replication,sensitivity_min40,nadig_jurkat,nadig_hepg2,nadig_jurkat,delta_cosine,20260926,"1,2",345,40,0.3334133805190428,0.30210650488709134,0.3300303336703741,0.3300303336703741,0.30257836198179977,0.32976912706437483,0.32976912706437483,0.0033830468486686915,0.003644253454667956,raw cells; independent half A/B within context×perturbation; controls split independently,"floor(min(n_left,n_right)/2) cells per half",0
nadig_hepg2_vs_jurkat,matched_budget_source_frozen_replication,sensitivity_min40,nadig_jurkat,nadig_hepg2,nadig_jurkat,systema_centroid_accuracy,20260926,"0,1",345,40,0.3284041118975396,0.3056370070778564,0.31817492416582405,0.31817492416582405,0.306757667677789,0.3181117290192113,0.3181117290192113,0.01022918773171555,0.010292382878328288,raw cells; independent half A/B within context×perturbation; controls split independently,"floor(min(n_left,n_right)/2) cells per half",0
nadig_hepg2_vs_jurkat,matched_budget_source_frozen_replication,sensitivity_min40,nadig_jurkat,nadig_hepg2,nadig_jurkat,systema_centroid_accuracy,20260926,"0,2",345,40,0.3284041118975396,0.3056370070778564,0.31817492416582405,0.31817492416582405,0.3059908998988877,0.3190470171890799,0.3190470171890799,0.01022918773171555,0.00935709470845969,raw cells; independent half A/B within context×perturbation; controls split independently,"floor(min(n_left,n_right)/2) cells per half",0
nadig_hepg2_vs_jurkat,matched_budget_source_frozen_replication,sensitivity_min40,nadig_jurkat,nadig_hepg2,nadig_jurkat,systema_centroid_accuracy,20260926,"1,2",345,40,0.3284041118975396,0.3056370070778564,0.31817492416582405,0.31817492416582405,0.3071199865183687,0.3194388270980789,0.3194388270980789,0.01022918773171555,0.008965284799460682,raw cells; independent half A/B within context×perturbation; controls split independently,"floor(min(n_left,n_right)/2) cells per half",0
nadig_hepg2_vs_jurkat,matched_budget_source_frozen_replication,sensitivity_min40,nadig_jurkat,nadig_hepg2,nadig_jurkat,absolute_effect_rank_agreement,20260926,"0,1",345,40,0.33121840242669365,0.3289180990899899,0.33830468486686893,0.33830468486686893,0.32869902258173245,0.33977081226828443,0.33977081226828443,-0.007086282440175284,-0.00855240984159078,raw cells; independent half A/B within context×perturbation; controls split independently,"floor(min(n_left,n_right)/2) cells per half",0
nadig_hepg2_vs_jurkat,matched_budget_source_frozen_replication,sensitivity_min40,nadig_jurkat,nadig_hepg2,nadig_jurkat,absolute_effect_rank_agreement,20260926,"0,2",345,40,0.33121840242669365,0.3289180990899899,0.33830468486686893,0.33830468486686893,0.32921300977418266,0.3380182002022245,0.3380182002022245,-0.007086282440175284,-0.006799797775530858,raw cells; independent half A/B within context×perturbation; controls split independently,"floor(min(n_left,n_right)/2) cells per half",0
nadig_hepg2_vs_jurkat,matched_budget_source_frozen_replication,sensitivity_min40,nadig_jurkat,nadig_hepg2,nadig_jurkat,absolute_effect_rank_agreement,20260926,"1,2",345,40,0.33121840242669365,0.3289180990899899,0.33830468486686893,0.33830468486686893,0.32929726996966635,0.33910515672396363,0.33910515672396363,-0.007086282440175284,-0.007886754297269982,raw cells; independent half A/B within context×perturbation; controls split independently,"floor(min(n_left,n_right)/2) cells per half",0
nadig_hepg2_vs_jurkat,matched_budget_source_frozen_replication,primary_min20,nadig_hepg2,nadig_hepg2,nadig_jurkat,delta_cosine,20260927,"0,1",1255,20,0.33244184347140937,0.3129351811255774,0.3169059011164274,0.3169059011164274,0.3130698895010071,0.32122800663375206,0.32122800663375206,0.015535942354981958,0.01121383683765731,raw cells; independent half A/B within context×perturbation; controls split independently,"floor(min(n_left,n_right)/2) cells per half",0
nadig_hepg2_vs_jurkat,matched_budget_source_frozen_replication,primary_min20,nadig_hepg2,nadig_hepg2,nadig_jurkat,delta_cosine,20260927,"0,2",1255,20,0.33244184347140937,0.3129351811255774,0.3169059011164274,0.3169059011164274,0.31346797816707656,0.3203365167718282,0.3203365167718282,0.015535942354981958,0.012105326699581198,raw cells; independent half A/B within context×perturbation; controls split independently,"floor(min(n_left,n_right)/2) cells per half",0
nadig_hepg2_vs_jurkat,matched_budget_source_frozen_replication,primary_min20,nadig_hepg2,nadig_hepg2,nadig_jurkat,delta_cosine,20260927,"1,2",1255,20,0.33244184347140937,0.3129351811255774,0.3169059011164274,0.3169059011164274,0.3137520095058363,0.321414819192131,0.321414819192131,0.015535942354981958,0.011027024279278375,raw cells; independent half A/B within context×perturbation; controls split independently,"floor(min(n_left,n_right)/2) cells per half",0
nadig_hepg2_vs_jurkat,matched_budget_source_frozen_replication,primary_min20,nadig_hepg2,nadig_hepg2,nadig_jurkat,systema_centroid_accuracy,20260927,"0,1",1255,20,0.31887887048298036,0.3099811281191025,0.3217770068053146,0.3217770068053146,0.30994903956740827,0.32391137205563714,0.32391137205563714,-0.002898136322334266,-0.005032501572656778,raw cells; independent half A/B within context×perturbation; controls split independently,"floor(min(n_left,n_right)/2) cells per half",0
nadig_hepg2_vs_jurkat,matched_budget_source_frozen_replication,primary_min20,nadig_hepg2,nadig_hepg2,nadig_jurkat,systema_centroid_accuracy,20260927,"0,2",1255,20,0.31887887048298036,0.3099811281191025,0.3217770068053146,0.3217770068053146,0.30996333644687596,0.3209071211168087,0.3209071211168087,-0.002898136322334266,-0.0020282506338283324,raw cells; independent half A/B within context×perturbation; controls split independently,"floor(min(n_left,n_right)/2) cells per half",0
nadig_hepg2_vs_jurkat,matched_budget_source_frozen_replication,primary_min20,nadig_hepg2,nadig_hepg2,nadig_jurkat,systema_centroid_accuracy,20260927,"1,2",1255,20,0.31887887048298036,0.3099811281191025,0.3217770068053146,0.3217770068053146,0.3100170291719883,0.32308533013083235,0.32308533013083235,-0.002898136322334266,-0.00420645964785199,raw cells; independent half A/B within context×perturbation; controls split independently,"floor(min(n_left,n_right)/2) cells per half",0
nadig_hepg2_vs_jurkat,matched_budget_source_frozen_replication,primary_min20,nadig_hepg2,nadig_hepg2,nadig_jurkat,absolute_effect_rank_agreement,20260927,"0,1",1255,20,0.3309177961201446,0.3300730093978155,0.30333212604128945,0.3300730093978155,0.3299691187403496,0.30879512254014246,0.3299691187403496,0.0008447867223291272,0.0009486773797949821,raw cells; independent half A/B within context×perturbation; controls split independently,"floor(min(n_left,n_right)/2) cells per half",0
nadig_hepg2_vs_jurkat,matched_budget_source_frozen_replication,primary_min20,nadig_hepg2,nadig_hepg2,nadig_jurkat,absolute_effect_rank_agreement,20260927,"0,2",1255,20,0.3309177961201446,0.3300730093978155,0.30333212604128945,0.3300730093978155,0.330525743914295,0.30787090870965894,0.330525743914295,0.0008447867223291272,0.0003920522058495912,raw cells; independent half A/B within context×perturbation; controls split independently,"floor(min(n_left,n_right)/2) cells per half",0
nadig_hepg2_vs_jurkat,matched_budget_source_frozen_replication,primary_min20,nadig_hepg2,nadig_hepg2,nadig_jurkat,absolute_effect_rank_agreement,20260927,"1,2",1255,20,0.3309177961201446,0.3300730093978155,0.30333212604128945,0.3300730093978155,0.32999389999809375,0.30857717455536704,0.32999389999809375,0.0008447867223291272,0.000923896122050849,raw cells; independent half A/B within context×perturbation; controls split independently,"floor(min(n_left,n_right)/2) cells per half",0
nadig_hepg2_vs_jurkat,matched_budget_source_frozen_replication,primary_min20,nadig_jurkat,nadig_hepg2,nadig_jurkat,delta_cosine,20260927,"0,1",1255,20,0.33255335913125805,0.3305235199552667,0.3178552139130877,0.3305235199552667,0.330673478335462,0.3226777102117845,0.330673478335462,0.002029839175991366,0.0018798807957960406,raw cells; independent half A/B within context×perturbation; controls split independently,"floor(min(n_left,n_right)/2) cells per half",0
nadig_hepg2_vs_jurkat,matched_budget_source_frozen_replication,primary_min20,nadig_jurkat,nadig_hepg2,nadig_jurkat,delta_cosine,20260927,"0,2",1255,20,0.33255335913125805,0.3305235199552667,0.3178552139130877,0.3305235199552667,0.33069508250888,0.323012574899763,0.33069508250888,0.002029839175991366,0.00185827662237803,raw cells; independent half A/B within context×perturbation; controls split independently,"floor(min(n_left,n_right)/2) cells per half",0
nadig_hepg2_vs_jurkat,matched_budget_source_frozen_replication,primary_min20,nadig_jurkat,nadig_hepg2,nadig_jurkat,delta_cosine,20260927,"1,2",1255,20,0.33255335913125805,0.3305235199552667,0.3178552139130877,0.3305235199552667,0.33077800440979305,0.3220813714837619,0.33077800440979305,0.002029839175991366,0.0017753547214650056,raw cells; independent half A/B within context×perturbation; controls split independently,"floor(min(n_left,n_right)/2) cells per half",0
nadig_hepg2_vs_jurkat,matched_budget_source_frozen_replication,primary_min20,nadig_jurkat,nadig_hepg2,nadig_jurkat,systema_centroid_accuracy,20260927,"0,1",1255,20,0.32523272142689214,0.32176493388487515,0.32004041251262894,0.32176493388487515,0.3222303767386594,0.32262369977823957,0.32262369977823957,0.003467787542016987,0.0026090216486525653,raw cells; independent half A/B within context×perturbation; controls split independently,"floor(min(n_left,n_right)/2) cells per half",0
nadig_hepg2_vs_jurkat,matched_budget_source_frozen_replication,primary_min20,nadig_jurkat,nadig_hepg2,nadig_jurkat,systema_centroid_accuracy,20260927,"0,2",1255,20,0.32523272142689214,0.32176493388487515,0.32004041251262894,0.32176493388487515,0.32221862152665254,0.32109107429929407,0.32221862152665254,0.003467787542016987,0.0030140999002395974,raw cells; independent half A/B within context×perturbation; controls split independently,"floor(min(n_left,n_right)/2) cells per half",0
nadig_hepg2_vs_jurkat,matched_budget_source_frozen_replication,primary_min20,nadig_jurkat,nadig_hepg2,nadig_jurkat,systema_centroid_accuracy,20260927,"1,2",1255,20,0.32523272142689214,0.32176493388487515,0.32004041251262894,0.32176493388487515,0.32162450675765836,0.3210183190682247,0.32162450675765836,0.003467787542016987,0.003608214669233778,raw cells; independent half A/B within context×perturbation; controls split independently,"floor(min(n_left,n_right)/2) cells per half",0
nadig_hepg2_vs_jurkat,matched_budget_source_frozen_replication,primary_min20,nadig_jurkat,nadig_hepg2,nadig_jurkat,absolute_effect_rank_agreement,20260927,"0,1",1255,20,0.32773372220845487,0.33429662530102877,0.301436677532295,0.33429662530102877,0.33608754773569194,0.3067147677233649,0.33608754773569194,-0.006562903092573902,-0.008353825527237069,raw cells; independent half A/B within context×perturbation; controls split independently,"floor(min(n_left,n_right)/2) cells per half",0
nadig_hepg2_vs_jurkat,matched_budget_source_frozen_replication,primary_min20,nadig_jurkat,nadig_hepg2,nadig_jurkat,absolute_effect_rank_agreement,20260927,"0,2",1255,20,0.32773372220845487,0.33429662530102877,0.301436677532295,0.33429662530102877,0.33418828672550627,0.30865310687076253,0.33418828672550627,-0.006562903092573902,-0.006454564517051398,raw cells; independent half A/B within context×perturbation; controls split independently,"floor(min(n_left,n_right)/2) cells per half",0
nadig_hepg2_vs_jurkat,matched_budget_source_frozen_replication,primary_min20,nadig_jurkat,nadig_hepg2,nadig_jurkat,absolute_effect_rank_agreement,20260927,"1,2",1255,20,0.32773372220845487,0.33429662530102877,0.301436677532295,0.33429662530102877,0.33455110975555513,0.30690158028174386,0.33455110975555513,-0.006562903092573902,-0.006817387547100262,raw cells; independent half A/B within context×perturbation; controls split independently,"floor(min(n_left,n_right)/2) cells per half",0
nadig_hepg2_vs_jurkat,matched_budget_source_frozen_replication,sensitivity_min40,nadig_hepg2,nadig_hepg2,nadig_jurkat,delta_cosine,20260927,"0,1",345,40,0.3332027300303336,0.2968655207280081,0.33198517020559487,0.33198517020559487,0.2982558139534884,0.33275615099427036,0.33275615099427036,0.0012175598247387565,0.000446579036063266,raw cells; independent half A/B within context×perturbation; controls split independently,"floor(min(n_left,n_right)/2) cells per half",0
nadig_hepg2_vs_jurkat,matched_budget_source_frozen_replication,sensitivity_min40,nadig_hepg2,nadig_hepg2,nadig_jurkat,delta_cosine,20260927,"0,2",345,40,0.3332027300303336,0.2968655207280081,0.33198517020559487,0.33198517020559487,0.297278395685878,0.33293309740478594,0.33293309740478594,0.0012175598247387565,0.00026963262554768885,raw cells; independent half A/B within context×perturbation; controls split independently,"floor(min(n_left,n_right)/2) cells per half",0
nadig_hepg2_vs_jurkat,matched_budget_source_frozen_replication,sensitivity_min40,nadig_hepg2,nadig_hepg2,nadig_jurkat,delta_cosine,20260927,"1,2",345,40,0.3332027300303336,0.2968655207280081,0.33198517020559487,0.33198517020559487,0.29817997977755306,0.3321831816649815,0.3321831816649815,0.0012175598247387565,0.0010195483653521187,raw cells; independent half A/B within context×perturbation; controls split independently,"floor(min(n_left,n_right)/2) cells per half",0
nadig_hepg2_vs_jurkat,matched_budget_source_frozen_replication,sensitivity_min40,nadig_hepg2,nadig_hepg2,nadig_jurkat,systema_centroid_accuracy,20260927,"0,1",345,40,0.33476154364678123,0.31263902932254806,0.33820357263228845,0.33820357263228845,0.312200876306033,0.33804347826086956,0.33804347826086956,-0.0034420289855072173,-0.003281934614088322,raw cells; independent half A/B within context×perturbation; controls split independently,"floor(min(n_left,n_right)/2) cells per half",0
nadig_hepg2_vs_jurkat,matched_budget_source_frozen_replication,sensitivity_min40,nadig_hepg2,nadig_hepg2,nadig_jurkat,systema_centroid_accuracy,20260927,"0,2",345,40,0.33476154364678123,0.31263902932254806,0.33820357263228845,0.33820357263228845,0.31227249747219415,0.33680485338725985,0.33680485338725985,-0.0034420289855072173,-0.002043309740478616,raw cells; independent half A/B within context×perturbation; controls split independently,"floor(min(n_left,n_right)/2) cells per half",0
nadig_hepg2_vs_jurkat,matched_budget_source_frozen_replication,sensitivity_min40,nadig_hepg2,nadig_hepg2,nadig_jurkat,systema_centroid_accuracy,20260927,"1,2",345,40,0.33476154364678123,0.31263902932254806,0.33820357263228845,0.33820357263228845,0.31316565554432085,0.3381108864172565,0.3381108864172565,-0.0034420289855072173,-0.003349342770475272,raw cells; independent half A/B within context×perturbation; controls split independently,"floor(min(n_left,n_right)/2) cells per half",0
nadig_hepg2_vs_jurkat,matched_budget_source_frozen_replication,sensitivity_min40,nadig_hepg2,nadig_hepg2,nadig_jurkat,absolute_effect_rank_agreement,20260927,"0,1",345,40,0.3431075160094371,0.33276036400404446,0.34223120997640716,0.34223120997640716,0.3319683181664982,0.34231968318166495,0.34231968318166495,0.000876306033029961,0.0007878328277721725,raw cells; independent half A/B within context×perturbation; controls split independently,"floor(min(n_left,n_right)/2) cells per half",0
nadig_hepg2_vs_jurkat,matched_budget_source_frozen_replication,sensitivity_min40,nadig_hepg2,nadig_hepg2,nadig_jurkat,absolute_effect_rank_agreement,20260927,"0,2",345,40,0.3431075160094371,0.33276036400404446,0.34223120997640716,0.34223120997640716,0.332381193124368,0.34184361307718236,0.34184361307718236,0.000876306033029961,0.0012639029322547568,raw cells; independent half A/B within context×perturbation; controls split independently,"floor(min(n_left,n_right)/2) cells per half",0
nadig_hepg2_vs_jurkat,matched_budget_source_frozen_replication,sensitivity_min40,nadig_hepg2,nadig_hepg2,nadig_jurkat,absolute_effect_rank_agreement,20260927,"1,2",345,40,0.3431075160094371,0.33276036400404446,0.34223120997640716,0.34223120997640716,0.3318082237950792,0.3411990225817324,0.3411990225817324,0.000876306033029961,0.001908493427704716,raw cells; independent half A/B within context×perturbation; controls split independently,"floor(min(n_left,n_right)/2) cells per half",0
nadig_hepg2_vs_jurkat,matched_budget_source_frozen_replication,sensitivity_min40,nadig_jurkat,nadig_hepg2,nadig_jurkat,delta_cosine,20260927,"0,1",345,40,0.3361181327940681,0.3187394674755646,0.3342517694641052,0.3342517694641052,0.3185372430064038,0.3342896865520728,0.3342896865520728,0.0018663633299629279,0.0018284462419952963,raw cells; independent half A/B within context×perturbation; controls split independently,"floor(min(n_left,n_right)/2) cells per half",0
nadig_hepg2_vs_jurkat,matched_budget_source_frozen_replication,sensitivity_min40,nadig_jurkat,nadig_hepg2,nadig_jurkat,delta_cosine,20260927,"0,2",345,40,0.3361181327940681,0.3187394674755646,0.3342517694641052,0.3342517694641052,0.31985170205594876,0.334340242669363,0.334340242669363,0.0018663633299629279,0.0017778901247050838,raw cells; independent half A/B within context×perturbation; controls split independently,"floor(min(n_left,n_right)/2) cells per half",0
nadig_hepg2_vs_jurkat,matched_budget_source_frozen_replication,sensitivity_min40,nadig_jurkat,nadig_hepg2,nadig_jurkat,delta_cosine,20260927,"1,2",345,40,0.3361181327940681,0.3187394674755646,0.3342517694641052,0.3342517694641052,0.31954836535220765,0.33457617121671723,0.33457617121671723,0.0018663633299629279,0.00154196157735087,raw cells; independent half A/B within context×perturbation; controls split independently,"floor(min(n_left,n_right)/2) cells per half",0
nadig_hepg2_vs_jurkat,matched_budget_source_frozen_replication,sensitivity_min40,nadig_jurkat,nadig_hepg2,nadig_jurkat,systema_centroid_accuracy,20260927,"0,1",345,40,0.3366489720256151,0.32282608695652176,0.33316481294236605,0.33316481294236605,0.32342012133468145,0.3350901584091675,0.3350901584091675,0.003484159083249061,0.0015588136164476074,raw cells; independent half A/B within context×perturbation; controls split independently,"floor(min(n_left,n_right)/2) cells per half",0
nadig_hepg2_vs_jurkat,matched_budget_source_frozen_replication,sensitivity_min40,nadig_jurkat,nadig_hepg2,nadig_jurkat,systema_centroid_accuracy,20260927,"0,2",345,40,0.3366489720256151,0.32282608695652176,0.33316481294236605,0.33316481294236605,0.32417425008426015,0.3327898550724638,0.3327898550724638,0.003484159083249061,0.0038591169531513314,raw cells; independent half A/B within context×perturbation; controls split independently,"floor(min(n_left,n_right)/2) cells per half",0
nadig_hepg2_vs_jurkat,matched_budget_source_frozen_replication,sensitivity_min40,nadig_jurkat,nadig_hepg2,nadig_jurkat,systema_centroid_accuracy,20260927,"1,2",345,40,0.3366489720256151,0.32282608695652176,0.33316481294236605,0.33316481294236605,0.32249325918436134,0.3327055948769801,0.3327055948769801,0.003484159083249061,0.003943377148635019,raw cells; independent half A/B within context×perturbation; controls split independently,"floor(min(n_left,n_right)/2) cells per half",0
nadig_hepg2_vs_jurkat,matched_budget_source_frozen_replication,sensitivity_min40,nadig_jurkat,nadig_hepg2,nadig_jurkat,absolute_effect_rank_agreement,20260927,"0,1",345,40,0.33756319514661276,0.3395854398382204,0.3464526457701382,0.3464526457701382,0.34170037074486015,0.3470129760701045,0.3470129760701045,-0.008889450623525419,-0.009449780923491746,raw cells; independent half A/B within context×perturbation; controls split independently,"floor(min(n_left,n_right)/2) cells per half",0
nadig_hepg2_vs_jurkat,matched_budget_source_frozen_replication,sensitivity_min40,nadig_jurkat,nadig_hepg2,nadig_jurkat,absolute_effect_rank_agreement,20260927,"0,2",345,40,0.33756319514661276,0.3395854398382204,0.3464526457701382,0.3464526457701382,0.3388776541961578,0.34758594539939336,0.34758594539939336,-0.008889450623525419,-0.010022750252780599,raw cells; independent half A/B within context×perturbation; controls split independently,"floor(min(n_left,n_right)/2) cells per half",0
nadig_hepg2_vs_jurkat,matched_budget_source_frozen_replication,sensitivity_min40,nadig_jurkat,nadig_hepg2,nadig_jurkat,absolute_effect_rank_agreement,20260927,"1,2",345,40,0.33756319514661276,0.3395854398382204,0.3464526457701382,0.3464526457701382,0.3403522076171217,0.3467644084934277,0.3467644084934277,-0.008889450623525419,-0.009201213346814952,raw cells; independent half A/B within context×perturbation; controls split independently,"floor(min(n_left,n_right)/2) cells per half",0
nadig_hepg2_vs_jurkat,matched_budget_source_frozen_replication,primary_min20,nadig_hepg2,nadig_hepg2,nadig_jurkat,delta_cosine,20260928,"0,1",1255,20,0.327518633599573,0.30500263697999075,0.30744645024368233,0.30744645024368233,0.3051449703578032,0.3115480661087706,0.3115480661087706,0.02007218335589067,0.01597056749080239,raw cells; independent half A/B within context×perturbation; controls split independently,"floor(min(n_left,n_right)/2) cells per half",0
nadig_hepg2_vs_jurkat,matched_budget_source_frozen_replication,primary_min20,nadig_hepg2,nadig_hepg2,nadig_jurkat,delta_cosine,20260928,"0,2",1255,20,0.327518633599573,0.30500263697999075,0.30744645024368233,0.30744645024368233,0.3055541788190142,0.3099595239456846,0.3099595239456846,0.02007218335589067,0.017559109653888405,raw cells; independent half A/B within context×perturbation; controls split independently,"floor(min(n_left,n_right)/2) cells per half",0
nadig_hepg2_vs_jurkat,matched_budget_source_frozen_replication,primary_min20,nadig_hepg2,nadig_hepg2,nadig_jurkat,delta_cosine,20260928,"1,2",1255,20,0.327518633599573,0.30500263697999075,0.30744645024368233,0.30744645024368233,0.30571875178710994,0.31094251383620225,0.31094251383620225,0.02007218335589067,0.016576119763370756,raw cells; independent half A/B within context×perturbation; controls split independently,"floor(min(n_left,n_right)/2) cells per half",0
nadig_hepg2_vs_jurkat,matched_budget_source_frozen_replication,primary_min20,nadig_hepg2,nadig_hepg2,nadig_jurkat,systema_centroid_accuracy,20260928,"0,1",1255,20,0.3148757442320034,0.29806769731282207,0.30397516790890666,0.30397516790890666,0.2981347337921043,0.3050728505435991,0.3050728505435991,0.010900576323096711,0.009802893688404257,raw cells; independent half A/B within context×perturbation; controls split independently,"floor(min(n_left,n_right)/2) cells per half",0
nadig_hepg2_vs_jurkat,matched_budget_source_frozen_replication,primary_min20,nadig_hepg2,nadig_hepg2,nadig_jurkat,systema_centroid_accuracy,20260928,"0,2",1255,20,0.3148757442320034,0.29806769731282207,0.30397516790890666,0.30397516790890666,0.298331713020327,0.30392115747536175,0.30392115747536175,0.010900576323096711,0.010954586756641627,raw cells; independent half A/B within context×perturbation; controls split independently,"floor(min(n_left,n_right)/2) cells per half",0
nadig_hepg2_vs_jurkat,matched_budget_source_frozen_replication,primary_min20,nadig_hepg2,nadig_hepg2,nadig_jurkat,systema_centroid_accuracy,20260928,"1,2",1255,20,0.3148757442320034,0.29806769731282207,0.30397516790890666,0.30397516790890666,0.2984444995139061,0.30478468899521527,0.30478468899521527,0.010900576323096711,0.010091055236788105,raw cells; independent half A/B within context×perturbation; controls split independently,"floor(min(n_left,n_right)/2) cells per half",0
nadig_hepg2_vs_jurkat,matched_budget_source_frozen_replication,primary_min20,nadig_hepg2,nadig_hepg2,nadig_jurkat,absolute_effect_rank_agreement,20260928,"0,1",1255,20,0.32467927333727287,0.32198796520457246,0.3084847214014755,0.32198796520457246,0.32220146527129123,0.3128297019259485,0.32220146527129123,0.0026913081327004096,0.002477808065981635,raw cells; independent half A/B within context×perturbation; controls split independently,"floor(min(n_left,n_right)/2) cells per half",0
nadig_hepg2_vs_jurkat,matched_budget_source_frozen_replication,primary_min20,nadig_hepg2,nadig_hepg2,nadig_jurkat,absolute_effect_rank_agreement,20260928,"0,2",1255,20,0.32467927333727287,0.32198796520457246,0.3084847214014755,0.32198796520457246,0.32260622581444554,0.3128779936077063,0.32260622581444554,0.0026913081327004096,0.0020730475228273315,raw cells; independent half A/B within context×perturbation; controls split independently,"floor(min(n_left,n_right)/2) cells per half",0
nadig_hepg2_vs_jurkat,matched_budget_source_frozen_replication,primary_min20,nadig_hepg2,nadig_hepg2,nadig_jurkat,absolute_effect_rank_agreement,20260928,"1,2",1255,20,0.32467927333727287,0.32198796520457246,0.3084847214014755,0.32198796520457246,0.32210678815837135,0.3141761502633803,0.32210678815837135,0.0026913081327004096,0.002572485178901518,raw cells; independent half A/B within context×perturbation; controls split independently,"floor(min(n_left,n_right)/2) cells per half",0
nadig_hepg2_vs_jurkat,matched_budget_source_frozen_replication,primary_min20,nadig_jurkat,nadig_hepg2,nadig_jurkat,delta_cosine,20260928,"0,1",1255,20,0.32184277245086634,0.32311138222230695,0.30857622143006924,0.32311138222230695,0.32389929913519766,0.31390101476073373,0.32389929913519766,-0.0012686097714406097,-0.002056526684331317,raw cells; independent half A/B within context×perturbation; controls split independently,"floor(min(n_left,n_right)/2) cells per half",0
nadig_hepg2_vs_jurkat,matched_budget_source_frozen_replication,primary_min20,nadig_jurkat,nadig_hepg2,nadig_jurkat,delta_cosine,20260928,"0,2",1255,20,0.32184277245086634,0.32311138222230695,0.30857622143006924,0.32311138222230695,0.32340176772971907,0.31368243135909313,0.32340176772971907,-0.0012686097714406097,-0.0015589952788527262,raw cells; independent half A/B within context×perturbation; controls split independently,"floor(min(n_left,n_right)/2) cells per half",0
nadig_hepg2_vs_jurkat,matched_budget_source_frozen_replication,primary_min20,nadig_jurkat,nadig_hepg2,nadig_jurkat,delta_cosine,20260928,"1,2",1255,20,0.32184277245086634,0.32311138222230695,0.30857622143006924,0.32311138222230695,0.3237531532561937,0.31213010795732543,0.3237531532561937,-0.0012686097714406097,-0.0019103808053273497,raw cells; independent half A/B within context×perturbation; controls split independently,"floor(min(n_left,n_right)/2) cells per half",0
nadig_hepg2_vs_jurkat,matched_budget_source_frozen_replication,primary_min20,nadig_jurkat,nadig_hepg2,nadig_jurkat,systema_centroid_accuracy,20260928,"0,1",1255,20,0.31831176093075864,0.3092294299675302,0.30548873088189504,0.3092294299675302,0.30845771618470297,0.3046741264606645,0.30845771618470297,0.009082330963228413,0.009854044746055668,raw cells; independent half A/B within context×perturbation; controls split independently,"floor(min(n_left,n_right)/2) cells per half",0
nadig_hepg2_vs_jurkat,matched_budget_source_frozen_replication,primary_min20,nadig_jurkat,nadig_hepg2,nadig_jurkat,systema_centroid_accuracy,20260928,"0,2",1255,20,0.31831176093075864,0.3092294299675302,0.30548873088189504,0.3092294299675302,0.30972156032965426,0.30641898117259825,0.30972156032965426,0.009082330963228413,0.00859020060110438,raw cells; independent half A/B within context×perturbation; controls split independently,"floor(min(n_left,n_right)/2) cells per half",0
nadig_hepg2_vs_jurkat,matched_budget_source_frozen_replication,primary_min20,nadig_jurkat,nadig_hepg2,nadig_jurkat,systema_centroid_accuracy,20260928,"1,2",1255,20,0.31831176093075864,0.3092294299675302,0.30548873088189504,0.3092294299675302,0.30954427902425385,0.3059061997623541,0.30954427902425385,0.009082330963228413,0.008767481906504782,raw cells; independent half A/B within context×perturbation; controls split independently,"floor(min(n_left,n_right)/2) cells per half",0
nadig_hepg2_vs_jurkat,matched_budget_source_frozen_replication,primary_min20,nadig_jurkat,nadig_hepg2,nadig_jurkat,absolute_effect_rank_agreement,20260928,"0,1",1255,20,0.3212616837276095,0.3229690488444944,0.30408255335913126,0.3229690488444944,0.323884049130432,0.30947343004378025,0.323884049130432,-0.0017073651168849069,-0.002622365402822513,raw cells; independent half A/B within context×perturbation; controls split independently,"floor(min(n_left,n_right)/2) cells per half",0
nadig_hepg2_vs_jurkat,matched_budget_source_frozen_replication,primary_min20,nadig_jurkat,nadig_hepg2,nadig_jurkat,absolute_effect_rank_agreement,20260928,"0,2",1255,20,0.3212616837276095,0.3229690488444944,0.30408255335913126,0.3229690488444944,0.32400986166974843,0.3096297425926279,0.32400986166974843,-0.0017073651168849069,-0.0027481779421389407,raw cells; independent half A/B within context×perturbation; controls split independently,"floor(min(n_left,n_right)/2) cells per half",0
nadig_hepg2_vs_jurkat,matched_budget_source_frozen_replication,primary_min20,nadig_jurkat,nadig_hepg2,nadig_jurkat,absolute_effect_rank_agreement,20260928,"1,2",1255,20,0.3212616837276095,0.3229690488444944,0.30408255335913126,0.3229690488444944,0.3233712677201878,0.30840847137764726,0.3233712677201878,-0.0017073651168849069,-0.0021095839925783233,raw cells; independent half A/B within context×perturbation; controls split independently,"floor(min(n_left,n_right)/2) cells per half",0
nadig_hepg2_vs_jurkat,matched_budget_source_frozen_replication,sensitivity_min40,nadig_hepg2,nadig_hepg2,nadig_jurkat,delta_cosine,20260928,"0,1",345,40,0.33076339737108196,0.29207954162453653,0.31634647792382875,0.31634647792382875,0.2917509268621503,0.31696157735085945,0.31696157735085945,0.014416919447253207,0.01380182002022251,raw cells; independent half A/B within context×perturbation; controls split independently,"floor(min(n_left,n_right)/2) cells per half",0
nadig_hepg2_vs_jurkat,matched_budget_source_frozen_replication,sensitivity_min40,nadig_hepg2,nadig_hepg2,nadig_jurkat,delta_cosine,20260928,"0,2",345,40,0.33076339737108196,0.29207954162453653,0.31634647792382875,0.31634647792382875,0.29290529154027634,0.3169194472531176,0.3169194472531176,0.014416919447253207,0.013843950117964354,raw cells; independent half A/B within context×perturbation; controls split independently,"floor(min(n_left,n_right)/2) cells per half",0
nadig_hepg2_vs_jurkat,matched_budget_source_frozen_replication,sensitivity_min40,nadig_hepg2,nadig_hepg2,nadig_jurkat,delta_cosine,20260928,"1,2",345,40,0.33076339737108196,0.29207954162453653,0.31634647792382875,0.31634647792382875,0.29180148297944053,0.3166329625884732,0.3166329625884732,0.014416919447253207,0.01413043478260878,raw cells; independent half A/B within context×perturbation; controls split independently,"floor(min(n_left,n_right)/2) cells per half",0
nadig_hepg2_vs_jurkat,matched_budget_source_frozen_replication,sensitivity_min40,nadig_hepg2,nadig_hepg2,nadig_jurkat,systema_centroid_accuracy,20260928,"0,1",345,40,0.3222531176272329,0.3020390967307044,0.3149140546006067,0.3149140546006067,0.3027468823727671,0.31530165149983147,0.31530165149983147,0.007339063026626236,0.00695146612740144,raw cells; independent half A/B within context×perturbation; controls split independently,"floor(min(n_left,n_right)/2) cells per half",0
nadig_hepg2_vs_jurkat,matched_budget_source_frozen_replication,sensitivity_min40,nadig_hepg2,nadig_hepg2,nadig_jurkat,systema_centroid_accuracy,20260928,"0,2",345,40,0.3222531176272329,0.3020390967307044,0.3149140546006067,0.3149140546006067,0.30261206605999325,0.31410515672396355,0.31410515672396355,0.007339063026626236,0.008147960903269358,raw cells; independent half A/B within context×perturbation; controls split independently,"floor(min(n_left,n_right)/2) cells per half",0
nadig_hepg2_vs_jurkat,matched_budget_source_frozen_replication,sensitivity_min40,nadig_hepg2,nadig_hepg2,nadig_jurkat,systema_centroid_accuracy,20260928,"1,2",345,40,0.3222531176272329,0.3020390967307044,0.3149140546006067,0.3149140546006067,0.30167256488035055,0.31538169868554095,0.31538169868554095,0.007339063026626236,0.006871418941691965,raw cells; independent half A/B within context×perturbation; controls split independently,"floor(min(n_left,n_right)/2) cells per half",0
nadig_hepg2_vs_jurkat,matched_budget_source_frozen_replication,sensitivity_min40,nadig_hepg2,nadig_hepg2,nadig_jurkat,absolute_effect_rank_agreement,20260928,"0,1",345,40,0.322901921132457,0.29464105156723963,0.3167003707448601,0.3167003707448601,0.29546680148297944,0.3157398045163465,0.3157398045163465,0.006201550387596899,0.007162116616110548,raw cells; independent half A/B within context×perturbation; controls split independently,"floor(min(n_left,n_right)/2) cells per half",0
nadig_hepg2_vs_jurkat,matched_budget_source_frozen_replication,sensitivity_min40,nadig_hepg2,nadig_hepg2,nadig_jurkat,absolute_effect_rank_agreement,20260928,"0,2",345,40,0.322901921132457,0.29464105156723963,0.3167003707448601,0.3167003707448601,0.29585439838220423,0.3172649140546006,0.3172649140546006,0.006201550387596899,0.005637007077856415,raw cells; independent half A/B within context×perturbation; controls split independently,"floor(min(n_left,n_right)/2) cells per half",0
nadig_hepg2_vs_jurkat,matched_budget_source_frozen_replication,sensitivity_min40,nadig_hepg2,nadig_hepg2,nadig_jurkat,absolute_effect_rank_agreement,20260928,"1,2",345,40,0.322901921132457,0.29464105156723963,0.3167003707448601,0.3167003707448601,0.2954415234243344,0.31730704415234245,0.31730704415234245,0.006201550387596899,0.0055948769801145715,raw cells; independent half A/B within context×perturbation; controls split independently,"floor(min(n_left,n_right)/2) cells per half",0
nadig_hepg2_vs_jurkat,matched_budget_source_frozen_replication,sensitivity_min40,nadig_jurkat,nadig_hepg2,nadig_jurkat,delta_cosine,20260928,"0,1",345,40,0.3286948095719582,0.3080889787664307,0.3191607684529828,0.3191607684529828,0.30841759352881704,0.3207532861476239,0.3207532861476239,0.009534041118975378,0.007941523424334296,raw cells; independent half A/B within context×perturbation; controls split independently,"floor(min(n_left,n_right)/2) cells per half",0
nadig_hepg2_vs_jurkat,matched_budget_source_frozen_replication,sensitivity_min40,nadig_jurkat,nadig_hepg2,nadig_jurkat,delta_cosine,20260928,"0,2",345,40,0.3286948095719582,0.3080889787664307,0.3191607684529828,0.3191607684529828,0.30756656555443207,0.3204920795416245,0.3204920795416245,0.009534041118975378,0.008202730030333671,raw cells; independent half A/B within context×perturbation; controls split independently,"floor(min(n_left,n_right)/2) cells per half",0
nadig_hepg2_vs_jurkat,matched_budget_source_frozen_replication,sensitivity_min40,nadig_jurkat,nadig_hepg2,nadig_jurkat,delta_cosine,20260928,"1,2",345,40,0.3286948095719582,0.3080889787664307,0.3191607684529828,0.3191607684529828,0.3071115604988204,0.32002864846646445,0.32002864846646445,0.009534041118975378,0.00866616110549373,raw cells; independent half A/B within context×perturbation; controls split independently,"floor(min(n_left,n_right)/2) cells per half",0
nadig_hepg2_vs_jurkat,matched_budget_source_frozen_replication,sensitivity_min40,nadig_jurkat,nadig_hepg2,nadig_jurkat,systema_centroid_accuracy,20260928,"0,1",345,40,0.3200286484664644,0.30947084597236263,0.3179137175598247,0.3179137175598247,0.31078951803168187,0.31627485675766764,0.31627485675766764,0.002114930906639667,0.00375379170879675,raw cells; independent half A/B within context×perturbation; controls split independently,"floor(min(n_left,n_right)/2) cells per half",0
nadig_hepg2_vs_jurkat,matched_budget_source_frozen_replication,sensitivity_min40,nadig_jurkat,nadig_hepg2,nadig_jurkat,systema_centroid_accuracy,20260928,"0,2",345,40,0.3200286484664644,0.30947084597236263,0.3179137175598247,0.3179137175598247,0.31041877317155375,0.31650657229524776,0.31650657229524776,0.002114930906639667,0.003522076171216637,raw cells; independent half A/B within context×perturbation; controls split independently,"floor(min(n_left,n_right)/2) cells per half",0
nadig_hepg2_vs_jurkat,matched_budget_source_frozen_replication,sensitivity_min40,nadig_jurkat,nadig_hepg2,nadig_jurkat,systema_centroid_accuracy,20260928,"1,2",345,40,0.3200286484664644,0.30947084597236263,0.3179137175598247,0.3179137175598247,0.31054516346477923,0.31730283114256824,0.31730283114256824,0.002114930906639667,0.0027258173238961514,raw cells; independent half A/B within context×perturbation; controls split independently,"floor(min(n_left,n_right)/2) cells per half",0
nadig_hepg2_vs_jurkat,matched_budget_source_frozen_replication,sensitivity_min40,nadig_jurkat,nadig_hepg2,nadig_jurkat,absolute_effect_rank_agreement,20260928,"0,1",345,40,0.32445230872935626,0.2993764745534209,0.3203572632288507,0.3203572632288507,0.30014324233232215,0.32047522750252777,0.32047522750252777,0.004095045500505545,0.003977081226828494,raw cells; independent half A/B within context×perturbation; controls split independently,"floor(min(n_left,n_right)/2) cells per half",0
nadig_hepg2_vs_jurkat,matched_budget_source_frozen_replication,sensitivity_min40,nadig_jurkat,nadig_hepg2,nadig_jurkat,absolute_effect_rank_agreement,20260928,"0,2",345,40,0.32445230872935626,0.2993764745534209,0.3203572632288507,0.3203572632288507,0.3007499157398045,0.3204499494438827,0.3204499494438827,0.004095045500505545,0.004002359285473545,raw cells; independent half A/B within context×perturbation; controls split independently,"floor(min(n_left,n_right)/2) cells per half",0
nadig_hepg2_vs_jurkat,matched_budget_source_frozen_replication,sensitivity_min40,nadig_jurkat,nadig_hepg2,nadig_jurkat,absolute_effect_rank_agreement,20260928,"1,2",345,40,0.32445230872935626,0.2993764745534209,0.3203572632288507,0.3203572632288507,0.30041287495786995,0.3209049544994944,0.3209049544994944,0.004095045500505545,0.0035473542298618543,raw cells; independent half A/B within context×perturbation; controls split independently,"floor(min(n_left,n_right)/2) cells per half",0
nadig_hepg2_vs_jurkat,matched_budget_source_frozen_replication,primary_min20,nadig_hepg2,nadig_hepg2,nadig_jurkat,delta_cosine,20260929,"0,1",1255,20,0.3272126803789626,0.3011678961983009,0.31645411972524573,0.31645411972524573,0.30080412004295415,0.3206307147804317,0.3206307147804317,0.010758560653716887,0.0065819655985309145,raw cells; independent half A/B within context×perturbation; controls split independently,"floor(min(n_left,n_right)/2) cells per half",0
nadig_hepg2_vs_jurkat,matched_budget_source_frozen_replication,primary_min20,nadig_hepg2,nadig_hepg2,nadig_jurkat,delta_cosine,20260929,"0,2",1255,20,0.3272126803789626,0.3011678961983009,0.31645411972524573,0.31645411972524573,0.3015923546642775,0.3196420061381269,0.3196420061381269,0.010758560653716887,0.00757067424083574,raw cells; independent half A/B within context×perturbation; controls split independently,"floor(min(n_left,n_right)/2) cells per half",0
nadig_hepg2_vs_jurkat,matched_budget_source_frozen_replication,primary_min20,nadig_hepg2,nadig_hepg2,nadig_jurkat,delta_cosine,20260929,"1,2",1255,20,0.3272126803789626,0.3011678961983009,0.31645411972524573,0.31645411972524573,0.3019774172846096,0.32057924601434773,0.32057924601434773,0.010758560653716887,0.0066334343646148874,raw cells; independent half A/B within context×perturbation; controls split independently,"floor(min(n_left,n_right)/2) cells per half",0
nadig_hepg2_vs_jurkat,matched_budget_source_frozen_replication,primary_min20,nadig_hepg2,nadig_hepg2,nadig_jurkat,systema_centroid_accuracy,20260929,"0,1",1255,20,0.3153805829314321,0.30215978192493187,0.31840421408465025,0.31840421408465025,0.3023329330207082,0.31954002173125673,0.31954002173125673,-0.0030236311532181315,-0.004159438799824611,raw cells; independent half A/B within context×perturbation; controls split independently,"floor(min(n_left,n_right)/2) cells per half",0
nadig_hepg2_vs_jurkat,matched_budget_source_frozen_replication,primary_min20,nadig_hepg2,nadig_hepg2,nadig_jurkat,systema_centroid_accuracy,20260929,"0,2",1255,20,0.3153805829314321,0.30215978192493187,0.31840421408465025,0.31840421408465025,0.30228781842327657,0.31878864128811707,0.31878864128811707,-0.0030236311532181315,-0.003408058356684951,raw cells; independent half A/B within context×perturbation; controls split independently,"floor(min(n_left,n_right)/2) cells per half",0
nadig_hepg2_vs_jurkat,matched_budget_source_frozen_replication,primary_min20,nadig_hepg2,nadig_hepg2,nadig_jurkat,systema_centroid_accuracy,20260929,"1,2",1255,20,0.3153805829314321,0.30215978192493187,0.31840421408465025,0.31840421408465025,0.30288447485973174,0.31920515704327823,0.31920515704327823,-0.0030236311532181315,-0.003824574111846113,raw cells; independent half A/B within context×perturbation; controls split independently,"floor(min(n_left,n_right)/2) cells per half",0
nadig_hepg2_vs_jurkat,matched_budget_source_frozen_replication,primary_min20,nadig_hepg2,nadig_hepg2,nadig_jurkat,absolute_effect_rank_agreement,20260929,"0,1",1255,20,0.33405961481029633,0.3251625078632837,0.3015040317200099,0.3251625078632837,0.3254980079681275,0.3056463142644732,0.3254980079681275,0.008897106947012623,0.008561606842168834,raw cells; independent half A/B within context×perturbation; controls split independently,"floor(min(n_left,n_right)/2) cells per half",0
nadig_hepg2_vs_jurkat,matched_budget_source_frozen_replication,primary_min20,nadig_hepg2,nadig_hepg2,nadig_jurkat,absolute_effect_rank_agreement,20260929,"0,2",1255,20,0.33405961481029633,0.3251625078632837,0.3015040317200099,0.3251625078632837,0.32570706011678957,0.3052688766465239,0.32570706011678957,0.008897106947012623,0.008352554693506764,raw cells; independent half A/B within context×perturbation; controls split independently,"floor(min(n_left,n_right)/2) cells per half",0
nadig_hepg2_vs_jurkat,matched_budget_source_frozen_replication,primary_min20,nadig_hepg2,nadig_hepg2,nadig_jurkat,absolute_effect_rank_agreement,20260929,"1,2",1255,20,0.33405961481029633,0.3251625078632837,0.3015040317200099,0.3251625078632837,0.3257340653335621,0.3063865749124713,0.3257340653335621,0.008897106947012623,0.00832554947673425,raw cells; independent half A/B within context×perturbation; controls split independently,"floor(min(n_left,n_right)/2) cells per half",0
nadig_hepg2_vs_jurkat,matched_budget_source_frozen_replication,primary_min20,nadig_jurkat,nadig_hepg2,nadig_jurkat,delta_cosine,20260929,"0,1",1255,20,0.3214017931463937,0.3190065892728925,0.3138158689007923,0.3190065892728925,0.3202211886107881,0.3198326311976972,0.3202211886107881,0.002395203873501228,0.001180604535605645,raw cells; independent half A/B within context×perturbation; controls split independently,"floor(min(n_left,n_right)/2) cells per half",0
nadig_hepg2_vs_jurkat,matched_budget_source_frozen_replication,primary_min20,nadig_jurkat,nadig_hepg2,nadig_jurkat,delta_cosine,20260929,"0,2",1255,20,0.3214017931463937,0.3190065892728925,0.3138158689007923,0.3190065892728925,0.3197484384630537,0.31914193306518746,0.3197484384630537,0.002395203873501228,0.001653354683340047,raw cells; independent half A/B within context×perturbation; controls split independently,"floor(min(n_left,n_right)/2) cells per half",0
nadig_hepg2_vs_jurkat,matched_budget_source_frozen_replication,primary_min20,nadig_jurkat,nadig_hepg2,nadig_jurkat,delta_cosine,20260929,"1,2",1255,20,0.3214017931463937,0.3190065892728925,0.3138158689007923,0.3190065892728925,0.3201767094302217,0.3193662352186152,0.3201767094302217,0.002395203873501228,0.0012250837161720263,raw cells; independent half A/B within context×perturbation; controls split independently,"floor(min(n_left,n_right)/2) cells per half",0
nadig_hepg2_vs_jurkat,matched_budget_source_frozen_replication,primary_min20,nadig_jurkat,nadig_hepg2,nadig_jurkat,systema_centroid_accuracy,20260929,"0,1",1255,20,0.3211968712073556,0.31411642107804827,0.31582060911060705,0.31582060911060705,0.31377329597082165,0.3178345628649676,0.3178345628649676,0.005376262096748574,0.003362308342388043,raw cells; independent half A/B within context×perturbation; controls split independently,"floor(min(n_left,n_right)/2) cells per half",0
nadig_hepg2_vs_jurkat,matched_budget_source_frozen_replication,primary_min20,nadig_jurkat,nadig_hepg2,nadig_jurkat,systema_centroid_accuracy,20260929,"0,2",1255,20,0.3211968712073556,0.31411642107804827,0.31582060911060705,0.31582060911060705,0.3138765512114222,0.3177189169954949,0.3177189169954949,0.005376262096748574,0.003477954211860701,raw cells; independent half A/B within context×perturbation; controls split independently,"floor(min(n_left,n_right)/2) cells per half",0
nadig_hepg2_vs_jurkat,matched_budget_source_frozen_replication,primary_min20,nadig_jurkat,nadig_hepg2,nadig_jurkat,systema_centroid_accuracy,20260929,"1,2",1255,20,0.3211968712073556,0.31411642107804827,0.31582060911060705,0.31582060911060705,0.3143670930313832,0.3176293232174968,0.3176293232174968,0.005376262096748574,0.0035675479898588103,raw cells; independent half A/B within context×perturbation; controls split independently,"floor(min(n_left,n_right)/2) cells per half",0
nadig_hepg2_vs_jurkat,matched_budget_source_frozen_replication,primary_min20,nadig_jurkat,nadig_hepg2,nadig_jurkat,absolute_effect_rank_agreement,20260929,"0,1",1255,20,0.33106838991720516,0.3277308628325613,0.29783132223895487,0.3277308628325613,0.3279774045762722,0.3025073549502151,0.3279774045762722,0.0033375270846438543,0.003090985340932939,raw cells; independent half A/B within context×perturbation; controls split independently,"floor(min(n_left,n_right)/2) cells per half",0
nadig_hepg2_vs_jurkat,matched_budget_source_frozen_replication,primary_min20,nadig_jurkat,nadig_hepg2,nadig_jurkat,absolute_effect_rank_agreement,20260929,"0,2",1255,20,0.33106838991720516,0.3277308628325613,0.29783132223895487,0.3277308628325613,0.32766319093641383,0.3041232200385062,0.32766319093641383,0.0033375270846438543,0.003405198980791335,raw cells; independent half A/B within context×perturbation; controls split independently,"floor(min(n_left,n_right)/2) cells per half",0
nadig_hepg2_vs_jurkat,matched_budget_source_frozen_replication,primary_min20,nadig_jurkat,nadig_hepg2,nadig_jurkat,absolute_effect_rank_agreement,20260929,"1,2",1255,20,0.33106838991720516,0.3277308628325613,0.29783132223895487,0.3277308628325613,0.32812768066490017,0.3030754176277347,0.32812768066490017,0.0033375270846438543,0.002940709252304996,raw cells; independent half A/B within context×perturbation; controls split independently,"floor(min(n_left,n_right)/2) cells per half",0
nadig_hepg2_vs_jurkat,matched_budget_source_frozen_replication,sensitivity_min40,nadig_hepg2,nadig_hepg2,nadig_jurkat,delta_cosine,20260929,"0,1",345,40,0.3383594539939333,0.27145264577013817,0.3444388270980789,0.3444388270980789,0.2722362655881362,0.34474216380182,0.34474216380182,-0.00607937310414558,-0.006382709807886688,raw cells; independent half A/B within context×perturbation; controls split independently,"floor(min(n_left,n_right)/2) cells per half",0
nadig_hepg2_vs_jurkat,matched_budget_source_frozen_replication,sensitivity_min40,nadig_hepg2,nadig_hepg2,nadig_jurkat,delta_cosine,20260929,"0,2",345,40,0.3383594539939333,0.27145264577013817,0.3444388270980789,0.3444388270980789,0.2717981125716211,0.34535726322885074,0.34535726322885074,-0.00607937310414558,-0.00699780923491744,raw cells; independent half A/B within context×perturbation; controls split independently,"floor(min(n_left,n_right)/2) cells per half",0
nadig_hepg2_vs_jurkat,matched_budget_source_frozen_replication,sensitivity_min40,nadig_hepg2,nadig_hepg2,nadig_jurkat,delta_cosine,20260929,"1,2",345,40,0.3383594539939333,0.27145264577013817,0.3444388270980789,0.3444388270980789,0.2728597910347152,0.34483063700707783,0.34483063700707783,-0.00607937310414558,-0.0064711830131445325,raw cells; independent half A/B within context×perturbation; controls split independently,"floor(min(n_left,n_right)/2) cells per half",0
nadig_hepg2_vs_jurkat,matched_budget_source_frozen_replication,sensitivity_min40,nadig_hepg2,nadig_hepg2,nadig_jurkat,systema_centroid_accuracy,20260929,"0,1",345,40,0.3269253454668015,0.2884732052578362,0.34257667677789017,0.34257667677789017,0.2903395685877991,0.34330131445904954,0.34330131445904954,-0.015651331311088645,-0.016375968992248024,raw cells; independent half A/B within context×perturbation; controls split independently,"floor(min(n_left,n_right)/2) cells per half",0
nadig_hepg2_vs_jurkat,matched_budget_source_frozen_replication,sensitivity_min40,nadig_hepg2,nadig_hepg2,nadig_jurkat,systema_centroid_accuracy,20260929,"0,2",345,40,0.3269253454668015,0.2884732052578362,0.34257667677789017,0.34257667677789017,0.28837630603303,0.344025952140209,0.344025952140209,-0.015651331311088645,-0.01710060667340746,raw cells; independent half A/B within context×perturbation; controls split independently,"floor(min(n_left,n_right)/2) cells per half",0
nadig_hepg2_vs_jurkat,matched_budget_source_frozen_replication,sensitivity_min40,nadig_hepg2,nadig_hepg2,nadig_jurkat,systema_centroid_accuracy,20260929,"1,2",345,40,0.3269253454668015,0.2884732052578362,0.34257667677789017,0.34257667677789017,0.2887175598247388,0.3418899561846983,0.3418899561846983,-0.015651331311088645,-0.014964610717896787,raw cells; independent half A/B within context×perturbation; controls split independently,"floor(min(n_left,n_right)/2) cells per half",0
nadig_hepg2_vs_jurkat,matched_budget_source_frozen_replication,sensitivity_min40,nadig_hepg2,nadig_hepg2,nadig_jurkat,absolute_effect_rank_agreement,20260929,"0,1",345,40,0.33889450623525447,0.29720256150994273,0.3300303336703741,0.3300303336703741,0.2971604314122009,0.32938153016515,0.32938153016515,0.008864172564880368,0.009512976070104484,raw cells; independent half A/B within context×perturbation; controls split independently,"floor(min(n_left,n_right)/2) cells per half",0
nadig_hepg2_vs_jurkat,matched_budget_source_frozen_replication,sensitivity_min40,nadig_hepg2,nadig_hepg2,nadig_jurkat,absolute_effect_rank_agreement,20260929,"0,2",345,40,0.33889450623525447,0.29720256150994273,0.3300303336703741,0.3300303336703741,0.29802831142568253,0.3300092686215032,0.3300092686215032,0.008864172564880368,0.008885237613751262,raw cells; independent half A/B within context×perturbation; controls split independently,"floor(min(n_left,n_right)/2) cells per half",0
nadig_hepg2_vs_jurkat,matched_budget_source_frozen_replication,sensitivity_min40,nadig_hepg2,nadig_hepg2,nadig_jurkat,absolute_effect_rank_agreement,20260929,"1,2",345,40,0.33889450623525447,0.29720256150994273,0.3300303336703741,0.3300303336703741,0.29706774519716883,0.3305401078530502,0.3305401078530502,0.008864172564880368,0.008354398382204253,raw cells; independent half A/B within context×perturbation; controls split independently,"floor(min(n_left,n_right)/2) cells per half",0
nadig_hepg2_vs_jurkat,matched_budget_source_frozen_replication,sensitivity_min40,nadig_jurkat,nadig_hepg2,nadig_jurkat,delta_cosine,20260929,"0,1",345,40,0.33191354903943376,0.3004044489383215,0.3406302662622177,0.3406302662622177,0.3017104819683182,0.34069767441860466,0.34069767441860466,-0.008716717222783943,-0.008784125379170893,raw cells; independent half A/B within context×perturbation; controls split independently,"floor(min(n_left,n_right)/2) cells per half",0
nadig_hepg2_vs_jurkat,matched_budget_source_frozen_replication,sensitivity_min40,nadig_jurkat,nadig_hepg2,nadig_jurkat,delta_cosine,20260929,"0,2",345,40,0.33191354903943376,0.3004044489383215,0.3406302662622177,0.3406302662622177,0.3014408493427705,0.3411779575328615,0.3411779575328615,-0.008716717222783943,-0.009264408493427745,raw cells; independent half A/B within context×perturbation; controls split independently,"floor(min(n_left,n_right)/2) cells per half",0
nadig_hepg2_vs_jurkat,matched_budget_source_frozen_replication,sensitivity_min40,nadig_jurkat,nadig_hepg2,nadig_jurkat,delta_cosine,20260929,"1,2",345,40,0.33191354903943376,0.3004044489383215,0.3406302662622177,0.3406302662622177,0.30055611729019205,0.3409588810246039,0.3409588810246039,-0.008716717222783943,-0.009045331985170157,raw cells; independent half A/B within context×perturbation; controls split independently,"floor(min(n_left,n_right)/2) cells per half",0
nadig_hepg2_vs_jurkat,matched_budget_source_frozen_replication,sensitivity_min40,nadig_jurkat,nadig_hepg2,nadig_jurkat,systema_centroid_accuracy,20260929,"0,1",345,40,0.3336619480957196,0.3065217391304348,0.3451550387596899,0.3451550387596899,0.3064711830131446,0.3444051230198854,0.3444051230198854,-0.011493090663970307,-0.010743174924165821,raw cells; independent half A/B within context×perturbation; controls split independently,"floor(min(n_left,n_right)/2) cells per half",0
nadig_hepg2_vs_jurkat,matched_budget_source_frozen_replication,sensitivity_min40,nadig_jurkat,nadig_hepg2,nadig_jurkat,systema_centroid_accuracy,20260929,"0,2",345,40,0.3336619480957196,0.3065217391304348,0.3451550387596899,0.3451550387596899,0.30639956184698347,0.34368048533872597,0.34368048533872597,-0.011493090663970307,-0.010018537243006387,raw cells; independent half A/B within context×perturbation; controls split independently,"floor(min(n_left,n_right)/2) cells per half",0
nadig_hepg2_vs_jurkat,matched_budget_source_frozen_replication,sensitivity_min40,nadig_jurkat,nadig_hepg2,nadig_jurkat,systema_centroid_accuracy,20260929,"1,2",345,40,0.3336619480957196,0.3065217391304348,0.3451550387596899,0.3451550387596899,0.30736434108527133,0.34407650825749914,0.34407650825749914,-0.011493090663970307,-0.010414560161779551,raw cells; independent half A/B within context×perturbation; controls split independently,"floor(min(n_left,n_right)/2) cells per half",0
nadig_hepg2_vs_jurkat,matched_budget_source_frozen_replication,sensitivity_min40,nadig_jurkat,nadig_hepg2,nadig_jurkat,absolute_effect_rank_agreement,20260929,"0,1",345,40,0.3381403774856757,0.30438153016514996,0.3327435119649478,0.3327435119649478,0.3048870913380519,0.33325328614762384,0.33325328614762384,0.005396865520727934,0.004887091338051874,raw cells; independent half A/B within context×perturbation; controls split independently,"floor(min(n_left,n_right)/2) cells per half",0
nadig_hepg2_vs_jurkat,matched_budget_source_frozen_replication,sensitivity_min40,nadig_jurkat,nadig_hepg2,nadig_jurkat,absolute_effect_rank_agreement,20260929,"0,2",345,40,0.3381403774856757,0.30438153016514996,0.3327435119649478,0.3327435119649478,0.3048281092012134,0.3340326929558477,0.3340326929558477,0.005396865520727934,0.004107684529828015,raw cells; independent half A/B within context×perturbation; controls split independently,"floor(min(n_left,n_right)/2) cells per half",0
nadig_hepg2_vs_jurkat,matched_budget_source_frozen_replication,sensitivity_min40,nadig_jurkat,nadig_hepg2,nadig_jurkat,absolute_effect_rank_agreement,20260929,"1,2",345,40,0.3381403774856757,0.30438153016514996,0.3327435119649478,0.3327435119649478,0.3059824738793394,0.33352291877317153,0.33352291877317153,0.005396865520727934,0.0046174587125041855,raw cells; independent half A/B within context×perturbation; controls split independently,"floor(min(n_left,n_right)/2) cells per half",0
nadig_hepg2_vs_jurkat,matched_budget_source_frozen_replication,primary_min20,nadig_hepg2,nadig_hepg2,nadig_jurkat,delta_cosine,20260930,"0,1",1255,20,0.32847938389980746,0.30304745928566434,0.3025473862127249,0.30304745928566434,0.3034086937735502,0.30723835122031806,0.30723835122031806,0.02543192461414312,0.021241032679489402,raw cells; independent half A/B within context×perturbation; controls split independently,"floor(min(n_left,n_right)/2) cells per half",0
nadig_hepg2_vs_jurkat,matched_budget_source_frozen_replication,primary_min20,nadig_hepg2,nadig_hepg2,nadig_jurkat,delta_cosine,20260930,"0,2",1255,20,0.32847938389980746,0.30304745928566434,0.3025473862127249,0.30304745928566434,0.30322378746576695,0.30597260082477107,0.30597260082477107,0.02543192461414312,0.022506783075036396,raw cells; independent half A/B within context×perturbation; controls split independently,"floor(min(n_left,n_right)/2) cells per half",0
nadig_hepg2_vs_jurkat,matched_budget_source_frozen_replication,primary_min20,nadig_hepg2,nadig_hepg2,nadig_jurkat,delta_cosine,20260930,"1,2",1255,20,0.32847938389980746,0.30304745928566434,0.3025473862127249,0.30304745928566434,0.3039354543548295,0.3074219866943708,0.3074219866943708,0.02543192461414312,0.021057397205436645,raw cells; independent half A/B within context×perturbation; controls split independently,"floor(min(n_left,n_right)/2) cells per half",0
nadig_hepg2_vs_jurkat,matched_budget_source_frozen_replication,primary_min20,nadig_hepg2,nadig_hepg2,nadig_jurkat,systema_centroid_accuracy,20260930,"0,1",1255,20,0.3182027869383709,0.3057212934545709,0.29899413510233386,0.3057212934545709,0.30568761636071345,0.2993471091709716,0.30568761636071345,0.01248149348380001,0.012515170577657442,raw cells; independent half A/B within context×perturbation; controls split independently,"floor(min(n_left,n_right)/2) cells per half",0
nadig_hepg2_vs_jurkat,matched_budget_source_frozen_replication,primary_min20,nadig_hepg2,nadig_hepg2,nadig_jurkat,systema_centroid_accuracy,20260930,"0,2",1255,20,0.3182027869383709,0.3057212934545709,0.29899413510233386,0.3057212934545709,0.3053826162654009,0.2991374216054442,0.3053826162654009,0.01248149348380001,0.012820170672969977,raw cells; independent half A/B within context×perturbation; controls split independently,"floor(min(n_left,n_right)/2) cells per half",0
nadig_hepg2_vs_jurkat,matched_budget_source_frozen_replication,primary_min20,nadig_hepg2,nadig_hepg2,nadig_jurkat,systema_centroid_accuracy,20260930,"1,2",1255,20,0.3182027869383709,0.3057212934545709,0.29899413510233386,0.3057212934545709,0.30551160588904347,0.29921716642203117,0.30551160588904347,0.01248149348380001,0.012691181049327427,raw cells; independent half A/B within context×perturbation; controls split independently,"floor(min(n_left,n_right)/2) cells per half",0
nadig_hepg2_vs_jurkat,matched_budget_source_frozen_replication,primary_min20,nadig_hepg2,nadig_hepg2,nadig_jurkat,absolute_effect_rank_agreement,20260930,"0,1",1255,20,0.32716343557190697,0.31717150536609545,0.30883801317854576,0.31717150536609545,0.31745458357955736,0.3129621863423499,0.31745458357955736,0.009991930205811517,0.00970885199234961,raw cells; independent half A/B within context×perturbation; controls split independently,"floor(min(n_left,n_right)/2) cells per half",0
nadig_hepg2_vs_jurkat,matched_budget_source_frozen_replication,primary_min20,nadig_hepg2,nadig_hepg2,nadig_jurkat,absolute_effect_rank_agreement,20260930,"0,2",1255,20,0.32716343557190697,0.31717150536609545,0.30883801317854576,0.31717150536609545,0.31784028161675465,0.3134514573285804,0.31784028161675465,0.009991930205811517,0.009323153955152319,raw cells; independent half A/B within context×perturbation; controls split independently,"floor(min(n_left,n_right)/2) cells per half",0
nadig_hepg2_vs_jurkat,matched_budget_source_frozen_replication,primary_min20,nadig_hepg2,nadig_hepg2,nadig_jurkat,absolute_effect_rank_agreement,20260930,"1,2",1255,20,0.32716343557190697,0.31717150536609545,0.30883801317854576,0.31717150536609545,0.3182050108973993,0.31348513442243786,0.3182050108973993,0.009991930205811517,0.008958424674507692,raw cells; independent half A/B within context×perturbation; controls split independently,"floor(min(n_left,n_right)/2) cells per half",0
nadig_hepg2_vs_jurkat,matched_budget_source_frozen_replication,primary_min20,nadig_jurkat,nadig_hepg2,nadig_jurkat,delta_cosine,20260930,"0,1",1255,20,0.32717455536704854,0.319230256009455,0.30270814667962914,0.319230256009455,0.3203006157189424,0.3082772577949764,0.3203006157189424,0.007944299357593554,0.00687393964810612,raw cells; independent half A/B within context×perturbation; controls split independently,"floor(min(n_left,n_right)/2) cells per half",0
nadig_hepg2_vs_jurkat,matched_budget_source_frozen_replication,primary_min20,nadig_jurkat,nadig_hepg2,nadig_jurkat,delta_cosine,20260930,"0,2",1255,20,0.32717455536704854,0.319230256009455,0.30270814667962914,0.319230256009455,0.3199937093730342,0.3079836952032381,0.3199937093730342,0.007944299357593554,0.007180845994014362,raw cells; independent half A/B within context×perturbation; controls split independently,"floor(min(n_left,n_right)/2) cells per half",0
nadig_hepg2_vs_jurkat,matched_budget_source_frozen_replication,primary_min20,nadig_jurkat,nadig_hepg2,nadig_jurkat,delta_cosine,20260930,"1,2",1255,20,0.32717455536704854,0.319230256009455,0.30270814667962914,0.319230256009455,0.32001976146450883,0.30674653856662665,0.32001976146450883,0.007944299357593554,0.007154793902539702,raw cells; independent half A/B within context×perturbation; controls split independently,"floor(min(n_left,n_right)/2) cells per half",0
nadig_hepg2_vs_jurkat,matched_budget_source_frozen_replication,primary_min20,nadig_jurkat,nadig_hepg2,nadig_jurkat,systema_centroid_accuracy,20260930,"0,1",1255,20,0.3217642984680099,0.31506319220724754,0.30022557298715824,0.31506319220724754,0.3148239577574868,0.3010277867795167,0.3148239577574868,0.006701106260762368,0.00694034071052313,raw cells; independent half A/B within context×perturbation; controls split independently,"floor(min(n_left,n_right)/2) cells per half",0
nadig_hepg2_vs_jurkat,matched_budget_source_frozen_replication,primary_min20,nadig_jurkat,nadig_hepg2,nadig_jurkat,systema_centroid_accuracy,20260930,"0,2",1255,20,0.3217642984680099,0.31506319220724754,0.30022557298715824,0.31506319220724754,0.31519281724775544,0.30051722932830083,0.31519281724775544,0.006701106260762368,0.0065714812202544715,raw cells; independent half A/B within context×perturbation; controls split independently,"floor(min(n_left,n_right)/2) cells per half",0
nadig_hepg2_vs_jurkat,matched_budget_source_frozen_replication,primary_min20,nadig_jurkat,nadig_hepg2,nadig_jurkat,systema_centroid_accuracy,20260930,"1,2",1255,20,0.3217642984680099,0.31506319220724754,0.30022557298715824,0.31506319220724754,0.31495548904859033,0.3004632188947559,0.31495548904859033,0.006701106260762368,0.006808809419419581,raw cells; independent half A/B within context×perturbation; controls split independently,"floor(min(n_left,n_right)/2) cells per half",0
nadig_hepg2_vs_jurkat,matched_budget_source_frozen_replication,primary_min20,nadig_jurkat,nadig_hepg2,nadig_jurkat,absolute_effect_rank_agreement,20260930,"0,1",1255,20,0.3235069292209154,0.3222827986300412,0.30692540841419014,0.3222827986300412,0.3231733353666673,0.3119185141412023,0.3231733353666673,0.0012241305908741729,0.0003335938542480821,raw cells; independent half A/B within context×perturbation; controls split independently,"floor(min(n_left,n_right)/2) cells per half",0
nadig_hepg2_vs_jurkat,matched_budget_source_frozen_replication,primary_min20,nadig_jurkat,nadig_hepg2,nadig_jurkat,absolute_effect_rank_agreement,20260930,"0,2",1255,20,0.3235069292209154,0.3222827986300412,0.30692540841419014,0.3222827986300412,0.3223358559382883,0.31282811338378547,0.3223358559382883,0.0012241305908741729,0.0011710732826271109,raw cells; independent half A/B within context×perturbation; controls split independently,"floor(min(n_left,n_right)/2) cells per half",0
nadig_hepg2_vs_jurkat,matched_budget_source_frozen_replication,primary_min20,nadig_jurkat,nadig_hepg2,nadig_jurkat,absolute_effect_rank_agreement,20260930,"1,2",1255,20,0.3235069292209154,0.3222827986300412,0.30692540841419014,0.3222827986300412,0.3224241788825559,0.31161955050610957,0.3224241788825559,0.0012241305908741729,0.0010827503383594728,raw cells; independent half A/B within context×perturbation; controls split independently,"floor(min(n_left,n_right)/2) cells per half",0
nadig_hepg2_vs_jurkat,matched_budget_source_frozen_replication,sensitivity_min40,nadig_hepg2,nadig_hepg2,nadig_jurkat,delta_cosine,20260930,"0,1",345,40,0.315474384900573,0.28040107853050217,0.3018368722615437,0.3018368722615437,0.28040107853050217,0.30203488372093024,0.30203488372093024,0.013637512639029292,0.013439501179642765,raw cells; independent half A/B within context×perturbation; controls split independently,"floor(min(n_left,n_right)/2) cells per half",0
nadig_hepg2_vs_jurkat,matched_budget_source_frozen_replication,sensitivity_min40,nadig_hepg2,nadig_hepg2,nadig_jurkat,delta_cosine,20260930,"0,2",345,40,0.315474384900573,0.28040107853050217,0.3018368722615437,0.3018368722615437,0.2799882035726323,0.30273424334344456,0.30273424334344456,0.013637512639029292,0.012740141557128437,raw cells; independent half A/B within context×perturbation; controls split independently,"floor(min(n_left,n_right)/2) cells per half",0
nadig_hepg2_vs_jurkat,matched_budget_source_frozen_replication,sensitivity_min40,nadig_hepg2,nadig_hepg2,nadig_jurkat,delta_cosine,20260930,"1,2",345,40,0.315474384900573,0.28040107853050217,0.3018368722615437,0.3018368722615437,0.28092349174250086,0.30361476238624874,0.30361476238624874,0.013637512639029292,0.011859622514324264,raw cells; independent half A/B within context×perturbation; controls split independently,"floor(min(n_left,n_right)/2) cells per half",0
nadig_hepg2_vs_jurkat,matched_budget_source_frozen_replication,sensitivity_min40,nadig_hepg2,nadig_hepg2,nadig_jurkat,systema_centroid_accuracy,20260930,"0,1",345,40,0.31693629929221434,0.30700202224469164,0.299216380182002,0.30700202224469164,0.3070989214694978,0.30140293225480286,0.3070989214694978,0.0099342770475227,0.009837377822716542,raw cells; independent half A/B within context×perturbation; controls split independently,"floor(min(n_left,n_right)/2) cells per half",0
nadig_hepg2_vs_jurkat,matched_budget_source_frozen_replication,sensitivity_min40,nadig_hepg2,nadig_hepg2,nadig_jurkat,systema_centroid_accuracy,20260930,"0,2",345,40,0.31693629929221434,0.30700202224469164,0.299216380182002,0.30700202224469164,0.3072210987529491,0.30003370407819346,0.3072210987529491,0.0099342770475227,0.009715200539265223,raw cells; independent half A/B within context×perturbation; controls split independently,"floor(min(n_left,n_right)/2) cells per half",0
nadig_hepg2_vs_jurkat,matched_budget_source_frozen_replication,sensitivity_min40,nadig_hepg2,nadig_hepg2,nadig_jurkat,systema_centroid_accuracy,20260930,"1,2",345,40,0.31693629929221434,0.30700202224469164,0.299216380182002,0.30700202224469164,0.30631951466127405,0.3006825075834175,0.30631951466127405,0.0099342770475227,0.01061678463094029,raw cells; independent half A/B within context×perturbation; controls split independently,"floor(min(n_left,n_right)/2) cells per half",0
nadig_hepg2_vs_jurkat,matched_budget_source_frozen_replication,sensitivity_min40,nadig_hepg2,nadig_hepg2,nadig_jurkat,absolute_effect_rank_agreement,20260930,"0,1",345,40,0.3260911695315133,0.3074148972025615,0.3343697337377823,0.3343697337377823,0.30737276710481964,0.333025783619818,0.333025783619818,-0.00827856420626899,-0.0069346140883047025,raw cells; independent half A/B within context×perturbation; controls split independently,"floor(min(n_left,n_right)/2) cells per half",0
nadig_hepg2_vs_jurkat,matched_budget_source_frozen_replication,sensitivity_min40,nadig_hepg2,nadig_hepg2,nadig_jurkat,absolute_effect_rank_agreement,20260930,"0,2",345,40,0.3260911695315133,0.3074148972025615,0.3343697337377823,0.3343697337377823,0.3079457364341085,0.33539349511290867,0.33539349511290867,-0.00827856420626899,-0.009302325581395376,raw cells; independent half A/B within context×perturbation; controls split independently,"floor(min(n_left,n_right)/2) cells per half",0
nadig_hepg2_vs_jurkat,matched_budget_source_frozen_replication,sensitivity_min40,nadig_hepg2,nadig_hepg2,nadig_jurkat,absolute_effect_rank_agreement,20260930,"1,2",345,40,0.3260911695315133,0.3074148972025615,0.3343697337377823,0.3343697337377823,0.30796258847320523,0.33453404111897544,0.33453404111897544,-0.00827856420626899,-0.008442871587462153,raw cells; independent half A/B within context×perturbation; controls split independently,"floor(min(n_left,n_right)/2) cells per half",0
nadig_hepg2_vs_jurkat,matched_budget_source_frozen_replication,sensitivity_min40,nadig_jurkat,nadig_hepg2,nadig_jurkat,delta_cosine,20260930,"0,1",345,40,0.31804853387259857,0.30424671385237617,0.30183687226154365,0.30424671385237617,0.3046427367711493,0.30310920121334683,0.3046427367711493,0.0138018200202224,0.01340579710144929,raw cells; independent half A/B within context×perturbation; controls split independently,"floor(min(n_left,n_right)/2) cells per half",0
nadig_hepg2_vs_jurkat,matched_budget_source_frozen_replication,sensitivity_min40,nadig_jurkat,nadig_hepg2,nadig_jurkat,delta_cosine,20260930,"0,2",345,40,0.31804853387259857,0.30424671385237617,0.30183687226154365,0.30424671385237617,0.3041961577350859,0.30345045500505563,0.3041961577350859,0.0138018200202224,0.013852376137512667,raw cells; independent half A/B within context×perturbation; controls split independently,"floor(min(n_left,n_right)/2) cells per half",0
nadig_hepg2_vs_jurkat,matched_budget_source_frozen_replication,sensitivity_min40,nadig_jurkat,nadig_hepg2,nadig_jurkat,delta_cosine,20260930,"1,2",345,40,0.31804853387259857,0.30424671385237617,0.30183687226154365,0.30424671385237617,0.3031344792719919,0.30234243343444556,0.3031344792719919,0.0138018200202224,0.014914054600606685,raw cells; independent half A/B within context×perturbation; controls split independently,"floor(min(n_left,n_right)/2) cells per half",0
nadig_hepg2_vs_jurkat,matched_budget_source_frozen_replication,sensitivity_min40,nadig_jurkat,nadig_hepg2,nadig_jurkat,systema_centroid_accuracy,20260930,"0,1",345,40,0.3186973373778227,0.3205089315807213,0.2970677451971689,0.3205089315807213,0.32100606673407484,0.29672649140546004,0.32100606673407484,-0.0018115942028986143,-0.0023087293562521483,raw cells; independent half A/B within context×perturbation; controls split independently,"floor(min(n_left,n_right)/2) cells per half",0
nadig_hepg2_vs_jurkat,matched_budget_source_frozen_replication,sensitivity_min40,nadig_jurkat,nadig_hepg2,nadig_jurkat,systema_centroid_accuracy,20260930,"0,2",345,40,0.3186973373778227,0.3205089315807213,0.2970677451971689,0.3205089315807213,0.3212504213009775,0.296010279743849,0.3212504213009775,-0.0018115942028986143,-0.0025530839231547864,raw cells; independent half A/B within context×perturbation; controls split independently,"floor(min(n_left,n_right)/2) cells per half",0
nadig_hepg2_vs_jurkat,matched_budget_source_frozen_replication,sensitivity_min40,nadig_jurkat,nadig_hepg2,nadig_jurkat,systema_centroid_accuracy,20260930,"1,2",345,40,0.3186973373778227,0.3205089315807213,0.2970677451971689,0.3205089315807213,0.3207153690596562,0.2974005729693293,0.3207153690596562,-0.0018115942028986143,-0.0020180316818335098,raw cells; independent half A/B within context×perturbation; controls split independently,"floor(min(n_left,n_right)/2) cells per half",0
nadig_hepg2_vs_jurkat,matched_budget_source_frozen_replication,sensitivity_min40,nadig_jurkat,nadig_hepg2,nadig_jurkat,absolute_effect_rank_agreement,20260930,"0,1",345,40,0.3224047859791035,0.32113245702730026,0.3351870576339737,0.3351870576339737,0.32294405123019887,0.3367922143579373,0.3367922143579373,-0.012782271654870225,-0.014387428378833833,raw cells; independent half A/B within context×perturbation; controls split independently,"floor(min(n_left,n_right)/2) cells per half",0
nadig_hepg2_vs_jurkat,matched_budget_source_frozen_replication,sensitivity_min40,nadig_jurkat,nadig_hepg2,nadig_jurkat,absolute_effect_rank_agreement,20260930,"0,2",345,40,0.3224047859791035,0.32113245702730026,0.3351870576339737,0.3351870576339737,0.3211156049882036,0.337061846983485,0.337061846983485,-0.012782271654870225,-0.014657061004381522,raw cells; independent half A/B within context×perturbation; controls split independently,"floor(min(n_left,n_right)/2) cells per half",0
nadig_hepg2_vs_jurkat,matched_budget_source_frozen_replication,sensitivity_min40,nadig_jurkat,nadig_hepg2,nadig_jurkat,absolute_effect_rank_agreement,20260930,"1,2",345,40,0.3224047859791035,0.32113245702730026,0.3351870576339737,0.3351870576339737,0.3221688574317493,0.3367248062015504,0.3367248062015504,-0.012782271654870225,-0.014320020222446883,raw cells; independent half A/B within context×perturbation; controls split independently,"floor(min(n_left,n_right)/2) cells per half",0
nadig_hepg2_vs_jurkat,matched_budget_source_frozen_replication,primary_min20,nadig_hepg2,nadig_hepg2,nadig_jurkat,delta_cosine,20260931,"0,1",1255,20,0.32760187320891876,0.3050992203435064,0.319148922650705,0.319148922650705,0.30536101209198296,0.32354092402320545,0.32354092402320545,0.008452950558213768,0.004060949185713314,raw cells; independent half A/B within context×perturbation; controls split independently,"floor(min(n_left,n_right)/2) cells per half",0
nadig_hepg2_vs_jurkat,matched_budget_source_frozen_replication,primary_min20,nadig_hepg2,nadig_hepg2,nadig_jurkat,delta_cosine,20260931,"0,2",1255,20,0.32760187320891876,0.3050992203435064,0.319148922650705,0.319148922650705,0.3059646581139557,0.3225051945328733,0.3225051945328733,0.008452950558213768,0.005096678676045463,raw cells; independent half A/B within context×perturbation; controls split independently,"floor(min(n_left,n_right)/2) cells per half",0
nadig_hepg2_vs_jurkat,matched_budget_source_frozen_replication,primary_min20,nadig_hepg2,nadig_hepg2,nadig_jurkat,delta_cosine,20260931,"1,2",1255,20,0.32760187320891876,0.3050992203435064,0.319148922650705,0.319148922650705,0.3059621164464947,0.3214897983822287,0.3214897983822287,0.008452950558213768,0.006112074826690073,raw cells; independent half A/B within context×perturbation; controls split independently,"floor(min(n_left,n_right)/2) cells per half",0
nadig_hepg2_vs_jurkat,matched_budget_source_frozen_replication,primary_min20,nadig_hepg2,nadig_hepg2,nadig_jurkat,systema_centroid_accuracy,20260931,"0,1",1255,20,0.31114775348367296,0.3061832415155963,0.3145497753801381,0.3145497753801381,0.3066369291573737,0.32070887105485557,0.32070887105485557,-0.003402021896465157,-0.009561117571182609,raw cells; independent half A/B within context×perturbation; controls split independently,"floor(min(n_left,n_right)/2) cells per half",0
nadig_hepg2_vs_jurkat,matched_budget_source_frozen_replication,primary_min20,nadig_hepg2,nadig_hepg2,nadig_jurkat,systema_centroid_accuracy,20260931,"0,2",1255,20,0.31114775348367296,0.3061832415155963,0.3145497753801381,0.3145497753801381,0.30604059042935117,0.31712035430844404,0.31712035430844404,-0.003402021896465157,-0.005972600824771079,raw cells; independent half A/B within context×perturbation; controls split independently,"floor(min(n_left,n_right)/2) cells per half",0
nadig_hepg2_vs_jurkat,matched_budget_source_frozen_replication,primary_min20,nadig_hepg2,nadig_hepg2,nadig_jurkat,systema_centroid_accuracy,20260931,"1,2",1255,20,0.31114775348367296,0.3061832415155963,0.3145497753801381,0.3145497753801381,0.30627633008635313,0.3200080062525019,0.3200080062525019,-0.003402021896465157,-0.008860252768828958,raw cells; independent half A/B within context×perturbation; controls split independently,"floor(min(n_left,n_right)/2) cells per half",0
nadig_hepg2_vs_jurkat,matched_budget_source_frozen_replication,primary_min20,nadig_hepg2,nadig_hepg2,nadig_jurkat,absolute_effect_rank_agreement,20260931,"0,1",1255,20,0.329591998830833,0.31751526589018725,0.31037000324062597,0.31751526589018725,0.31805346397504086,0.3153030620738736,0.31805346397504086,0.012076732940645762,0.011538534855792149,raw cells; independent half A/B within context×perturbation; controls split independently,"floor(min(n_left,n_right)/2) cells per half",0
nadig_hepg2_vs_jurkat,matched_budget_source_frozen_replication,primary_min20,nadig_hepg2,nadig_hepg2,nadig_jurkat,absolute_effect_rank_agreement,20260931,"0,2",1255,20,0.329591998830833,0.31751526589018725,0.31037000324062597,0.31751526589018725,0.3183533807354315,0.31478710357930323,0.3183533807354315,0.012076732940645762,0.011238618095401498,raw cells; independent half A/B within context×perturbation; controls split independently,"floor(min(n_left,n_right)/2) cells per half",0
nadig_hepg2_vs_jurkat,matched_budget_source_frozen_replication,primary_min20,nadig_hepg2,nadig_hepg2,nadig_jurkat,absolute_effect_rank_agreement,20260931,"1,2",1255,20,0.329591998830833,0.31751526589018725,0.31037000324062597,0.31751526589018725,0.3181741931794354,0.3152814579004556,0.3181741931794354,0.012076732940645762,0.011417805651397606,raw cells; independent half A/B within context×perturbation; controls split independently,"floor(min(n_left,n_right)/2) cells per half",0
nadig_hepg2_vs_jurkat,matched_budget_source_frozen_replication,primary_min20,nadig_jurkat,nadig_hepg2,nadig_jurkat,delta_cosine,20260931,"0,1",1255,20,0.32894991008851354,0.3249331223749341,0.3211174440992013,0.3249331223749341,0.32609657065517833,0.32529499227968506,0.32609657065517833,0.004016787713579439,0.0028533394333352113,raw cells; independent half A/B within context×perturbation; controls split independently,"floor(min(n_left,n_right)/2) cells per half",0
nadig_hepg2_vs_jurkat,matched_budget_source_frozen_replication,primary_min20,nadig_jurkat,nadig_hepg2,nadig_jurkat,delta_cosine,20260931,"0,2",1255,20,0.32894991008851354,0.3249331223749341,0.3211174440992013,0.3249331223749341,0.32551961214154546,0.32490929424248777,0.32551961214154546,0.004016787713579439,0.003430297946968086,raw cells; independent half A/B within context×perturbation; controls split independently,"floor(min(n_left,n_right)/2) cells per half",0
nadig_hepg2_vs_jurkat,matched_budget_source_frozen_replication,primary_min20,nadig_jurkat,nadig_hepg2,nadig_jurkat,delta_cosine,20260931,"1,2",1255,20,0.32894991008851354,0.3249331223749341,0.3211174440992013,0.3249331223749341,0.32547831004530525,0.32461827331821047,0.32547831004530525,0.004016787713579439,0.0034716000432082894,raw cells; independent half A/B within context×perturbation; controls split independently,"floor(min(n_left,n_right)/2) cells per half",0
nadig_hepg2_vs_jurkat,matched_budget_source_frozen_replication,primary_min20,nadig_jurkat,nadig_hepg2,nadig_jurkat,systema_centroid_accuracy,20260931,"0,1",1255,20,0.31940023002090523,0.32260368414698465,0.3145345253753725,0.32260368414698465,0.32234316323223855,0.32006646460410354,0.32234316323223855,-0.003203454126079419,-0.0029429332113333206,raw cells; independent half A/B within context×perturbation; controls split independently,"floor(min(n_left,n_right)/2) cells per half",0
nadig_hepg2_vs_jurkat,matched_budget_source_frozen_replication,primary_min20,nadig_jurkat,nadig_hepg2,nadig_jurkat,systema_centroid_accuracy,20260931,"0,2",1255,20,0.31940023002090523,0.32260368414698465,0.3145345253753725,0.32260368414698465,0.32262497061197004,0.3207260273102169,0.32262497061197004,-0.003203454126079419,-0.003224740591064812,raw cells; independent half A/B within context×perturbation; controls split independently,"floor(min(n_left,n_right)/2) cells per half",0
nadig_hepg2_vs_jurkat,matched_budget_source_frozen_replication,primary_min20,nadig_jurkat,nadig_hepg2,nadig_jurkat,systema_centroid_accuracy,20260931,"1,2",1255,20,0.31940023002090523,0.32260368414698465,0.3145345253753725,0.32260368414698465,0.3230065384395433,0.31820723485642755,0.3230065384395433,-0.003203454126079419,-0.003606308418638071,raw cells; independent half A/B within context×perturbation; controls split independently,"floor(min(n_left,n_right)/2) cells per half",0
nadig_hepg2_vs_jurkat,matched_budget_source_frozen_replication,primary_min20,nadig_jurkat,nadig_hepg2,nadig_jurkat,absolute_effect_rank_agreement,20260931,"0,1",1255,20,0.3255783882015797,0.3224270382584494,0.30744200232562574,0.3224270382584494,0.32335855938288316,0.3113869879334337,0.32335855938288316,0.003151349943130266,0.0022198288186965343,raw cells; independent half A/B within context×perturbation; controls split independently,"floor(min(n_left,n_right)/2) cells per half",0
nadig_hepg2_vs_jurkat,matched_budget_source_frozen_replication,primary_min20,nadig_jurkat,nadig_hepg2,nadig_jurkat,absolute_effect_rank_agreement,20260931,"0,2",1255,20,0.3255783882015797,0.3224270382584494,0.30744200232562574,0.3224270382584494,0.32251154870152565,0.31294534779542116,0.32251154870152565,0.003151349943130266,0.0030668395000540416,raw cells; independent half A/B within context×perturbation; controls split independently,"floor(min(n_left,n_right)/2) cells per half",0
nadig_hepg2_vs_jurkat,matched_budget_source_frozen_replication,primary_min20,nadig_jurkat,nadig_hepg2,nadig_jurkat,absolute_effect_rank_agreement,20260931,"1,2",1255,20,0.3255783882015797,0.3224270382584494,0.30744200232562574,0.3224270382584494,0.32232155905882054,0.31284590505601195,0.32232155905882054,0.003151349943130266,0.0032568291427591545,raw cells; independent half A/B within context×perturbation; controls split independently,"floor(min(n_left,n_right)/2) cells per half",0
nadig_hepg2_vs_jurkat,matched_budget_source_frozen_replication,sensitivity_min40,nadig_hepg2,nadig_hepg2,nadig_jurkat,delta_cosine,20260931,"0,1",345,40,0.3193292888439501,0.29696663296258846,0.32116616110549373,0.32116616110549373,0.2965706100438153,0.3221772834512976,0.3221772834512976,-0.0018368722615436095,-0.0028479946073474705,raw cells; independent half A/B within context×perturbation; controls split independently,"floor(min(n_left,n_right)/2) cells per half",0
nadig_hepg2_vs_jurkat,matched_budget_source_frozen_replication,sensitivity_min40,nadig_hepg2,nadig_hepg2,nadig_jurkat,delta_cosine,20260931,"0,2",345,40,0.3193292888439501,0.29696663296258846,0.32116616110549373,0.32116616110549373,0.29717728345129757,0.3226407145264577,0.3226407145264577,-0.0018368722615436095,-0.003311425682507585,raw cells; independent half A/B within context×perturbation; controls split independently,"floor(min(n_left,n_right)/2) cells per half",0
nadig_hepg2_vs_jurkat,matched_budget_source_frozen_replication,sensitivity_min40,nadig_hepg2,nadig_hepg2,nadig_jurkat,delta_cosine,20260931,"1,2",345,40,0.3193292888439501,0.29696663296258846,0.32116616110549373,0.32116616110549373,0.29732052578361984,0.3215537580047185,0.3215537580047185,-0.0018368722615436095,-0.0022244691607684053,raw cells; independent half A/B within context×perturbation; controls split independently,"floor(min(n_left,n_right)/2) cells per half",0
nadig_hepg2_vs_jurkat,matched_budget_source_frozen_replication,sensitivity_min40,nadig_hepg2,nadig_hepg2,nadig_jurkat,systema_centroid_accuracy,20260931,"0,1",345,40,0.3193629929221436,0.31872261543646785,0.32230367374452307,0.32230367374452307,0.3193756319514661,0.3252738456353218,0.3252738456353218,-0.002940680822379471,-0.005910852713178205,raw cells; independent half A/B within context×perturbation; controls split independently,"floor(min(n_left,n_right)/2) cells per half",0
nadig_hepg2_vs_jurkat,matched_budget_source_frozen_replication,sensitivity_min40,nadig_hepg2,nadig_hepg2,nadig_jurkat,systema_centroid_accuracy,20260931,"0,2",345,40,0.3193629929221436,0.31872261543646785,0.32230367374452307,0.32230367374452307,0.3183855746545332,0.3225227502527806,0.3225227502527806,-0.002940680822379471,-0.003159757330637003,raw cells; independent half A/B within context×perturbation; controls split independently,"floor(min(n_left,n_right)/2) cells per half",0
nadig_hepg2_vs_jurkat,matched_budget_source_frozen_replication,sensitivity_min40,nadig_hepg2,nadig_hepg2,nadig_jurkat,systema_centroid_accuracy,20260931,"1,2",345,40,0.3193629929221436,0.31872261543646785,0.32230367374452307,0.32230367374452307,0.3172944051230199,0.3238793394000674,0.3238793394000674,-0.002940680822379471,-0.004516346477923816,raw cells; independent half A/B within context×perturbation; controls split independently,"floor(min(n_left,n_right)/2) cells per half",0
nadig_hepg2_vs_jurkat,matched_budget_source_frozen_replication,sensitivity_min40,nadig_hepg2,nadig_hepg2,nadig_jurkat,absolute_effect_rank_agreement,20260931,"0,1",345,40,0.33056538591169526,0.3183013144590495,0.34509605662285137,0.34509605662285137,0.3177789012470509,0.347623862487361,0.347623862487361,-0.014530670711156102,-0.017058476575665726,raw cells; independent half A/B within context×perturbation; controls split independently,"floor(min(n_left,n_right)/2) cells per half",0
nadig_hepg2_vs_jurkat,matched_budget_source_frozen_replication,sensitivity_min40,nadig_hepg2,nadig_hepg2,nadig_jurkat,absolute_effect_rank_agreement,20260931,"0,2",345,40,0.33056538591169526,0.3183013144590495,0.34509605662285137,0.34509605662285137,0.31965790360633634,0.3484159083249073,0.3484159083249073,-0.014530670711156102,-0.017850522413212055,raw cells; independent half A/B within context×perturbation; controls split independently,"floor(min(n_left,n_right)/2) cells per half",0
nadig_hepg2_vs_jurkat,matched_budget_source_frozen_replication,sensitivity_min40,nadig_hepg2,nadig_hepg2,nadig_jurkat,absolute_effect_rank_agreement,20260931,"1,2",345,40,0.33056538591169526,0.3183013144590495,0.34509605662285137,0.34509605662285137,0.318335018537243,0.3473036737445231,0.3473036737445231,-0.014530670711156102,-0.016738287832827825,raw cells; independent half A/B within context×perturbation; controls split independently,"floor(min(n_left,n_right)/2) cells per half",0
nadig_hepg2_vs_jurkat,matched_budget_source_frozen_replication,sensitivity_min40,nadig_jurkat,nadig_hepg2,nadig_jurkat,delta_cosine,20260931,"0,1",345,40,0.32290613414223124,0.3195146612740142,0.32158746208291206,0.32158746208291206,0.32165487023929895,0.3229103471520054,0.3229103471520054,0.0013186720593191814,-4.2130097741566175e-06,raw cells; independent half A/B within context×perturbation; controls split independently,"floor(min(n_left,n_right)/2) cells per half",0
nadig_hepg2_vs_jurkat,matched_budget_source_frozen_replication,sensitivity_min40,nadig_jurkat,nadig_hepg2,nadig_jurkat,delta_cosine,20260931,"0,2",345,40,0.32290613414223124,0.3195146612740142,0.32158746208291206,0.32158746208291206,0.31985170205594876,0.32243849005729697,0.32243849005729697,0.0013186720593191814,0.0004676440849342711,raw cells; independent half A/B within context×perturbation; controls split independently,"floor(min(n_left,n_right)/2) cells per half",0
nadig_hepg2_vs_jurkat,matched_budget_source_frozen_replication,sensitivity_min40,nadig_jurkat,nadig_hepg2,nadig_jurkat,delta_cosine,20260931,"1,2",345,40,0.32290613414223124,0.3195146612740142,0.32158746208291206,0.32158746208291206,0.3193461408830468,0.322278395685878,0.322278395685878,0.0013186720593191814,0.0006277384563532218,raw cells; independent half A/B within context×perturbation; controls split independently,"floor(min(n_left,n_right)/2) cells per half",0
nadig_hepg2_vs_jurkat,matched_budget_source_frozen_replication,sensitivity_min40,nadig_jurkat,nadig_hepg2,nadig_jurkat,systema_centroid_accuracy,20260931,"0,1",345,40,0.32222362655881365,0.3364004044489384,0.32135995955510616,0.3364004044489384,0.3367753623188406,0.32114509605662284,0.3367753623188406,-0.014176777890124725,-0.01455173576002694,raw cells; independent half A/B within context×perturbation; controls split independently,"floor(min(n_left,n_right)/2) cells per half",0
nadig_hepg2_vs_jurkat,matched_budget_source_frozen_replication,sensitivity_min40,nadig_jurkat,nadig_hepg2,nadig_jurkat,systema_centroid_accuracy,20260931,"0,2",345,40,0.32222362655881365,0.3364004044489384,0.32135995955510616,0.3364004044489384,0.3372093023255814,0.3235802157061004,0.3372093023255814,-0.014176777890124725,-0.014985675766767736,raw cells; independent half A/B within context×perturbation; controls split independently,"floor(min(n_left,n_right)/2) cells per half",0
nadig_hepg2_vs_jurkat,matched_budget_source_frozen_replication,sensitivity_min40,nadig_jurkat,nadig_hepg2,nadig_jurkat,systema_centroid_accuracy,20260931,"1,2",345,40,0.32222362655881365,0.3364004044489384,0.32135995955510616,0.3364004044489384,0.3356336366700371,0.3223752949106842,0.3356336366700371,-0.014176777890124725,-0.013410010111223447,raw cells; independent half A/B within context×perturbation; controls split independently,"floor(min(n_left,n_right)/2) cells per half",0
nadig_hepg2_vs_jurkat,matched_budget_source_frozen_replication,sensitivity_min40,nadig_jurkat,nadig_hepg2,nadig_jurkat,absolute_effect_rank_agreement,20260931,"0,1",345,40,0.32992922143579373,0.3211830131445905,0.34753960229187736,0.34753960229187736,0.323500168520391,0.34699191102123356,0.34699191102123356,-0.01761038085608363,-0.017062689585439827,raw cells; independent half A/B within context×perturbation; controls split independently,"floor(min(n_left,n_right)/2) cells per half",0
nadig_hepg2_vs_jurkat,matched_budget_source_frozen_replication,sensitivity_min40,nadig_jurkat,nadig_hepg2,nadig_jurkat,absolute_effect_rank_agreement,20260931,"0,2",345,40,0.32992922143579373,0.3211830131445905,0.34753960229187736,0.34753960229187736,0.3215453319851702,0.3474974721941355,0.3474974721941355,-0.01761038085608363,-0.017568250758341786,raw cells; independent half A/B within context×perturbation; controls split independently,"floor(min(n_left,n_right)/2) cells per half",0
nadig_hepg2_vs_jurkat,matched_budget_source_frozen_replication,sensitivity_min40,nadig_jurkat,nadig_hepg2,nadig_jurkat,absolute_effect_rank_agreement,20260931,"1,2",345,40,0.32992922143579373,0.3211830131445905,0.34753960229187736,0.34753960229187736,0.32284293899561844,0.34966295921806545,0.34966295921806545,-0.01761038085608363,-0.01973373778227172,raw cells; independent half A/B within context×perturbation; controls split independently,"floor(min(n_left,n_right)/2) cells per half",0
nadig_hepg2_vs_jurkat,matched_budget_source_frozen_replication,primary_min20,nadig_hepg2,nadig_hepg2,nadig_jurkat,delta_cosine,20260932,"0,1",1255,20,0.3239460022747924,0.29746468670771464,0.30954269048209077,0.30954269048209077,0.2977919263933103,0.3141141971190199,0.3141141971190199,0.014403311792701656,0.009831805155772533,raw cells; independent half A/B within context×perturbation; controls split independently,"floor(min(n_left,n_right)/2) cells per half",0
nadig_hepg2_vs_jurkat,matched_budget_source_frozen_replication,primary_min20,nadig_hepg2,nadig_hepg2,nadig_jurkat,delta_cosine,20260932,"0,2",1255,20,0.3239460022747924,0.29746468670771464,0.30954269048209077,0.30954269048209077,0.29831423905653304,0.31322906142574836,0.31322906142574836,0.014403311792701656,0.010716940849044065,raw cells; independent half A/B within context×perturbation; controls split independently,"floor(min(n_left,n_right)/2) cells per half",0
nadig_hepg2_vs_jurkat,matched_budget_source_frozen_replication,primary_min20,nadig_hepg2,nadig_hepg2,nadig_jurkat,delta_cosine,20260932,"1,2",1255,20,0.3239460022747924,0.29746468670771464,0.30954269048209077,0.30954269048209077,0.2981782598473729,0.31381300952489877,0.31381300952489877,0.014403311792701656,0.010132992749893655,raw cells; independent half A/B within context×perturbation; controls split independently,"floor(min(n_left,n_right)/2) cells per half",0
nadig_hepg2_vs_jurkat,matched_budget_source_frozen_replication,primary_min20,nadig_hepg2,nadig_hepg2,nadig_jurkat,systema_centroid_accuracy,20260932,"0,1",1255,20,0.30832554947673424,0.29982907286325194,0.2910361742821378,0.29982907286325194,0.2997080259504248,0.2970526188706101,0.2997080259504248,0.008496476613482296,0.008617523526309456,raw cells; independent half A/B within context×perturbation; controls split independently,"floor(min(n_left,n_right)/2) cells per half",0
nadig_hepg2_vs_jurkat,matched_budget_source_frozen_replication,primary_min20,nadig_hepg2,nadig_hepg2,nadig_jurkat,systema_centroid_accuracy,20260932,"0,2",1255,20,0.30832554947673424,0.29982907286325194,0.2910361742821378,0.29982907286325194,0.29981159889945797,0.29478132128582957,0.29981159889945797,0.008496476613482296,0.008513950577276275,raw cells; independent half A/B within context×perturbation; controls split independently,"floor(min(n_left,n_right)/2) cells per half",0
nadig_hepg2_vs_jurkat,matched_budget_source_frozen_replication,primary_min20,nadig_hepg2,nadig_hepg2,nadig_jurkat,systema_centroid_accuracy,20260932,"1,2",1255,20,0.30832554947673424,0.29982907286325194,0.2910361742821378,0.29982907286325194,0.2999853854120996,0.2963412696899801,0.2999853854120996,0.008496476613482296,0.008340164064634614,raw cells; independent half A/B within context×perturbation; controls split independently,"floor(min(n_left,n_right)/2) cells per half",0
nadig_hepg2_vs_jurkat,matched_budget_source_frozen_replication,primary_min20,nadig_hepg2,nadig_hepg2,nadig_jurkat,absolute_effect_rank_agreement,20260932,"0,1",1255,20,0.3281966233947782,0.32326451768682846,0.30871347147295986,0.32326451768682846,0.32305705408032936,0.3126200143604212,0.32305705408032936,0.004932105707949719,0.005139569314448811,raw cells; independent half A/B within context×perturbation; controls split independently,"floor(min(n_left,n_right)/2) cells per half",0
nadig_hepg2_vs_jurkat,matched_budget_source_frozen_replication,primary_min20,nadig_hepg2,nadig_hepg2,nadig_jurkat,absolute_effect_rank_agreement,20260932,"0,2",1255,20,0.3281966233947782,0.32326451768682846,0.30871347147295986,0.32326451768682846,0.323798585562058,0.3132767176906409,0.323798585562058,0.004932105707949719,0.004398037832720192,raw cells; independent half A/B within context×perturbation; controls split independently,"floor(min(n_left,n_right)/2) cells per half",0
nadig_hepg2_vs_jurkat,matched_budget_source_frozen_replication,primary_min20,nadig_hepg2,nadig_hepg2,nadig_jurkat,absolute_effect_rank_agreement,20260932,"1,2",1255,20,0.3281966233947782,0.32326451768682846,0.30871347147295986,0.32326451768682846,0.323982856452976,0.3139566137364418,0.323982856452976,0.004932105707949719,0.0042137669418021995,raw cells; independent half A/B within context×perturbation; controls split independently,"floor(min(n_left,n_right)/2) cells per half",0
nadig_hepg2_vs_jurkat,matched_budget_source_frozen_replication,primary_min20,nadig_jurkat,nadig_hepg2,nadig_jurkat,delta_cosine,20260932,"0,1",1255,20,0.3201630479676192,0.32039306887283403,0.3116039827929113,0.32039306887283403,0.3213617618838839,0.316746093774821,0.3213617618838839,-0.00023002090521484497,-0.0011987139162646931,raw cells; independent half A/B within context×perturbation; controls split independently,"floor(min(n_left,n_right)/2) cells per half",0
nadig_hepg2_vs_jurkat,matched_budget_source_frozen_replication,primary_min20,nadig_jurkat,nadig_hepg2,nadig_jurkat,delta_cosine,20260932,"0,2",1255,20,0.3201630479676192,0.32039306887283403,0.3116039827929113,0.32039306887283403,0.3204515272244356,0.3180239170908074,0.3204515272244356,-0.00023002090521484497,-0.0002884792568164096,raw cells; independent half A/B within context×perturbation; controls split independently,"floor(min(n_left,n_right)/2) cells per half",0
nadig_hepg2_vs_jurkat,matched_budget_source_frozen_replication,primary_min20,nadig_jurkat,nadig_hepg2,nadig_jurkat,delta_cosine,20260932,"1,2",1255,20,0.3201630479676192,0.32039306887283403,0.3116039827929113,0.32039306887283403,0.32109425138362024,0.31619772902012366,0.32109425138362024,-0.00023002090521484497,-0.0009312034160010585,raw cells; independent half A/B within context×perturbation; controls split independently,"floor(min(n_left,n_right)/2) cells per half",0
nadig_hepg2_vs_jurkat,matched_budget_source_frozen_replication,primary_min20,nadig_jurkat,nadig_hepg2,nadig_jurkat,systema_centroid_accuracy,20260932,"0,1",1255,20,0.31223590486538694,0.31254058725226685,0.29225935174771406,0.31254058725226685,0.31272708210221317,0.2966882072983981,0.31272708210221317,-0.00030468238687991755,-0.0004911772368262346,raw cells; independent half A/B within context×perturbation; controls split independently,"floor(min(n_left,n_right)/2) cells per half",0
nadig_hepg2_vs_jurkat,matched_budget_source_frozen_replication,primary_min20,nadig_jurkat,nadig_hepg2,nadig_jurkat,systema_centroid_accuracy,20260932,"0,2",1255,20,0.31223590486538694,0.31254058725226685,0.29225935174771406,0.31254058725226685,0.3124147747129504,0.29848707244387684,0.3124147747129504,-0.00030468238687991755,-0.00017886984756348978,raw cells; independent half A/B within context×perturbation; controls split independently,"floor(min(n_left,n_right)/2) cells per half",0
nadig_hepg2_vs_jurkat,matched_budget_source_frozen_replication,primary_min20,nadig_jurkat,nadig_hepg2,nadig_jurkat,systema_centroid_accuracy,20260932,"1,2",1255,20,0.31223590486538694,0.31254058725226685,0.29225935174771406,0.31254058725226685,0.3124808580669348,0.29594095706488244,0.3124808580669348,-0.00030468238687991755,-0.0002449532015478817,raw cells; independent half A/B within context×perturbation; controls split independently,"floor(min(n_left,n_right)/2) cells per half",0
nadig_hepg2_vs_jurkat,matched_budget_source_frozen_replication,primary_min20,nadig_jurkat,nadig_hepg2,nadig_jurkat,absolute_effect_rank_agreement,20260932,"0,1",1255,20,0.32720982100306906,0.3279284774776492,0.3049473557127153,0.3279284774776492,0.32879677462399204,0.31049931057270125,0.32879677462399204,-0.0007186564745801372,-0.0015869536209229818,raw cells; independent half A/B within context×perturbation; controls split independently,"floor(min(n_left,n_right)/2) cells per half",0
nadig_hepg2_vs_jurkat,matched_budget_source_frozen_replication,primary_min20,nadig_jurkat,nadig_hepg2,nadig_jurkat,absolute_effect_rank_agreement,20260932,"0,2",1255,20,0.32720982100306906,0.3279284774776492,0.3049473557127153,0.3279284774776492,0.3291742122419413,0.3112186024641466,0.3291742122419413,-0.0007186564745801372,-0.001964391238872265,raw cells; independent half A/B within context×perturbation; controls split independently,"floor(min(n_left,n_right)/2) cells per half",0
nadig_hepg2_vs_jurkat,matched_budget_source_frozen_replication,primary_min20,nadig_jurkat,nadig_hepg2,nadig_jurkat,absolute_effect_rank_agreement,20260932,"1,2",1255,20,0.32720982100306906,0.3279284774776492,0.3049473557127153,0.3279284774776492,0.32916277473836714,0.31109533159229114,0.32916277473836714,-0.0007186564745801372,-0.0019529537352980797,raw cells; independent half A/B within context×perturbation; controls split independently,"floor(min(n_left,n_right)/2) cells per half",0
nadig_hepg2_vs_jurkat,matched_budget_source_frozen_replication,sensitivity_min40,nadig_hepg2,nadig_hepg2,nadig_jurkat,delta_cosine,20260932,"0,1",345,40,0.32393832153690594,0.29167509268621505,0.3099932591843613,0.3099932591843613,0.29281260532524434,0.30998483316481296,0.30998483316481296,0.013945062352544613,0.013953488372092981,raw cells; independent half A/B within context×perturbation; controls split independently,"floor(min(n_left,n_right)/2) cells per half",0
nadig_hepg2_vs_jurkat,matched_budget_source_frozen_replication,sensitivity_min40,nadig_hepg2,nadig_hepg2,nadig_jurkat,delta_cosine,20260932,"0,2",345,40,0.32393832153690594,0.29167509268621505,0.3099932591843613,0.3099932591843613,0.2915065722952477,0.31226828446241994,0.31226828446241994,0.013945062352544613,0.011670037074485995,raw cells; independent half A/B within context×perturbation; controls split independently,"floor(min(n_left,n_right)/2) cells per half",0
nadig_hepg2_vs_jurkat,matched_budget_source_frozen_replication,sensitivity_min40,nadig_hepg2,nadig_hepg2,nadig_jurkat,delta_cosine,20260932,"1,2",345,40,0.32393832153690594,0.29167509268621505,0.3099932591843613,0.3099932591843613,0.2932170542635659,0.3110970677451972,0.3110970677451972,0.013945062352544613,0.012841253791708751,raw cells; independent half A/B within context×perturbation; controls split independently,"floor(min(n_left,n_right)/2) cells per half",0
nadig_hepg2_vs_jurkat,matched_budget_source_frozen_replication,sensitivity_min40,nadig_hepg2,nadig_hepg2,nadig_jurkat,systema_centroid_accuracy,20260932,"0,1",345,40,0.3196452645770138,0.3100185372430064,0.3030586450960567,0.3100185372430064,0.3098163127738456,0.30510195483653524,0.3098163127738456,0.009626727334007434,0.009828951803168229,raw cells; independent half A/B within context×perturbation; controls split independently,"floor(min(n_left,n_right)/2) cells per half",0
nadig_hepg2_vs_jurkat,matched_budget_source_frozen_replication,sensitivity_min40,nadig_hepg2,nadig_hepg2,nadig_jurkat,systema_centroid_accuracy,20260932,"0,2",345,40,0.3196452645770138,0.3100185372430064,0.3030586450960567,0.3100185372430064,0.3097194135490394,0.3028437815975733,0.3097194135490394,0.009626727334007434,0.009925851027974386,raw cells; independent half A/B within context×perturbation; controls split independently,"floor(min(n_left,n_right)/2) cells per half",0
nadig_hepg2_vs_jurkat,matched_budget_source_frozen_replication,sensitivity_min40,nadig_hepg2,nadig_hepg2,nadig_jurkat,systema_centroid_accuracy,20260932,"1,2",345,40,0.3196452645770138,0.3100185372430064,0.3030586450960567,0.3100185372430064,0.3094202898550725,0.3032608695652174,0.3094202898550725,0.009626727334007434,0.010224974721941338,raw cells; independent half A/B within context×perturbation; controls split independently,"floor(min(n_left,n_right)/2) cells per half",0
nadig_hepg2_vs_jurkat,matched_budget_source_frozen_replication,sensitivity_min40,nadig_hepg2,nadig_hepg2,nadig_jurkat,absolute_effect_rank_agreement,20260932,"0,1",345,40,0.32924671385237614,0.3183181664981463,0.3286653185035389,0.3286653185035389,0.31769464105156725,0.32924671385237614,0.32924671385237614,0.0005813953488372214,0.0,raw cells; independent half A/B within context×perturbation; controls split independently,"floor(min(n_left,n_right)/2) cells per half",0
nadig_hepg2_vs_jurkat,matched_budget_source_frozen_replication,sensitivity_min40,nadig_hepg2,nadig_hepg2,nadig_jurkat,absolute_effect_rank_agreement,20260932,"0,2",345,40,0.32924671385237614,0.3183181664981463,0.3286653185035389,0.3286653185035389,0.3186215032018874,0.3296764408493428,0.3296764408493428,0.0005813953488372214,-0.0004297269969666395,raw cells; independent half A/B within context×perturbation; controls split independently,"floor(min(n_left,n_right)/2) cells per half",0
nadig_hepg2_vs_jurkat,matched_budget_source_frozen_replication,sensitivity_min40,nadig_hepg2,nadig_hepg2,nadig_jurkat,absolute_effect_rank_agreement,20260932,"1,2",345,40,0.32924671385237614,0.3183181664981463,0.3286653185035389,0.3286653185035389,0.31954836535220765,0.3290866194809572,0.3290866194809572,0.0005813953488372214,0.00016009437141895067,raw cells; independent half A/B within context×perturbation; controls split independently,"floor(min(n_left,n_right)/2) cells per half",0
nadig_hepg2_vs_jurkat,matched_budget_source_frozen_replication,sensitivity_min40,nadig_jurkat,nadig_hepg2,nadig_jurkat,delta_cosine,20260932,"0,1",345,40,0.321309403437816,0.3251263902932255,0.31172901921132457,0.3251263902932255,0.32521907650825754,0.3140377485675767,0.32521907650825754,-0.0038169868554094877,-0.003909673070441544,raw cells; independent half A/B within context×perturbation; controls split independently,"floor(min(n_left,n_right)/2) cells per half",0
nadig_hepg2_vs_jurkat,matched_budget_source_frozen_replication,sensitivity_min40,nadig_jurkat,nadig_hepg2,nadig_jurkat,delta_cosine,20260932,"0,2",345,40,0.321309403437816,0.3251263902932255,0.31172901921132457,0.3251263902932255,0.32526963262554764,0.3149393326592518,0.32526963262554764,-0.0038169868554094877,-0.003960229187731645,raw cells; independent half A/B within context×perturbation; controls split independently,"floor(min(n_left,n_right)/2) cells per half",0
nadig_hepg2_vs_jurkat,matched_budget_source_frozen_replication,sensitivity_min40,nadig_jurkat,nadig_hepg2,nadig_jurkat,delta_cosine,20260932,"1,2",345,40,0.321309403437816,0.3251263902932255,0.31172901921132457,0.3251263902932255,0.3245871250421301,0.31506572295247726,0.3245871250421301,-0.0038169868554094877,-0.00327772160431411,raw cells; independent half A/B within context×perturbation; controls split independently,"floor(min(n_left,n_right)/2) cells per half",0
nadig_hepg2_vs_jurkat,matched_budget_source_frozen_replication,sensitivity_min40,nadig_jurkat,nadig_hepg2,nadig_jurkat,systema_centroid_accuracy,20260932,"0,1",345,40,0.3206142568250758,0.32226996966632965,0.30133973710819006,0.32226996966632965,0.3234369733737782,0.3012554769127065,0.3234369733737782,-0.0016557128412538202,-0.002822716548702364,raw cells; independent half A/B within context×perturbation; controls split independently,"floor(min(n_left,n_right)/2) cells per half",0
nadig_hepg2_vs_jurkat,matched_budget_source_frozen_replication,sensitivity_min40,nadig_jurkat,nadig_hepg2,nadig_jurkat,systema_centroid_accuracy,20260932,"0,2",345,40,0.3206142568250758,0.32226996966632965,0.30133973710819006,0.32226996966632965,0.3221983485001685,0.30166835187057633,0.3221983485001685,-0.0016557128412538202,-0.0015840916750926581,raw cells; independent half A/B within context×perturbation; controls split independently,"floor(min(n_left,n_right)/2) cells per half",0
nadig_hepg2_vs_jurkat,matched_budget_source_frozen_replication,sensitivity_min40,nadig_jurkat,nadig_hepg2,nadig_jurkat,systema_centroid_accuracy,20260932,"1,2",345,40,0.3206142568250758,0.32226996966632965,0.30133973710819006,0.32226996966632965,0.3233822042467138,0.30137344118638354,0.3233822042467138,-0.0016557128412538202,-0.002767947421637995,raw cells; independent half A/B within context×perturbation; controls split independently,"floor(min(n_left,n_right)/2) cells per half",0
nadig_hepg2_vs_jurkat,matched_budget_source_frozen_replication,sensitivity_min40,nadig_jurkat,nadig_hepg2,nadig_jurkat,absolute_effect_rank_agreement,20260932,"0,1",345,40,0.329082406471183,0.3265419615773508,0.3237613751263903,0.3265419615773508,0.32661779575328614,0.3240225817323896,0.32661779575328614,0.00254044489383215,0.0024646107178968313,raw cells; independent half A/B within context×perturbation; controls split independently,"floor(min(n_left,n_right)/2) cells per half",0
nadig_hepg2_vs_jurkat,matched_budget_source_frozen_replication,sensitivity_min40,nadig_jurkat,nadig_hepg2,nadig_jurkat,absolute_effect_rank_agreement,20260932,"0,2",345,40,0.329082406471183,0.3265419615773508,0.3237613751263903,0.3265419615773508,0.3267441860465116,0.3247977755308392,0.3267441860465116,0.00254044489383215,0.0023382204246713556,raw cells; independent half A/B within context×perturbation; controls split independently,"floor(min(n_left,n_right)/2) cells per half",0
nadig_hepg2_vs_jurkat,matched_budget_source_frozen_replication,sensitivity_min40,nadig_jurkat,nadig_hepg2,nadig_jurkat,absolute_effect_rank_agreement,20260932,"1,2",345,40,0.329082406471183,0.3265419615773508,0.3237613751263903,0.3265419615773508,0.32691270643747894,0.3251011122345804,0.32691270643747894,0.00254044489383215,0.002169700033704036,raw cells; independent half A/B within context×perturbation; controls split independently,"floor(min(n_left,n_right)/2) cells per half",0
nadig_hepg2_vs_jurkat,matched_budget_source_frozen_replication,primary_min20,nadig_hepg2,nadig_hepg2,nadig_jurkat,delta_cosine,20260933,"0,1",1255,20,0.3315236661011457,0.3056425017632818,0.3167978802493376,0.3167978802493376,0.3057320955412799,0.3209363502926095,0.3209363502926095,0.014725785851808115,0.010587315808536224,raw cells; independent half A/B within context×perturbation; controls split independently,"floor(min(n_left,n_right)/2) cells per half",0
nadig_hepg2_vs_jurkat,matched_budget_source_frozen_replication,primary_min20,nadig_hepg2,nadig_hepg2,nadig_jurkat,delta_cosine,20260933,"0,2",1255,20,0.3315236661011457,0.3056425017632818,0.3167978802493376,0.3167978802493376,0.30627219987672916,0.319934933313,0.319934933313,0.014725785851808115,0.011588732788145706,raw cells; independent half A/B within context×perturbation; controls split independently,"floor(min(n_left,n_right)/2) cells per half",0
nadig_hepg2_vs_jurkat,matched_budget_source_frozen_replication,primary_min20,nadig_hepg2,nadig_hepg2,nadig_jurkat,delta_cosine,20260933,"1,2",1255,20,0.3315236661011457,0.3056425017632818,0.3167978802493376,0.3167978802493376,0.30676718961474675,0.32046995431352737,0.32046995431352737,0.014725785851808115,0.011053711787618326,raw cells; independent half A/B within context×perturbation; controls split independently,"floor(min(n_left,n_right)/2) cells per half",0
nadig_hepg2_vs_jurkat,matched_budget_source_frozen_replication,primary_min20,nadig_hepg2,nadig_hepg2,nadig_jurkat,systema_centroid_accuracy,20260933,"0,1",1255,20,0.3185633860093915,0.30269988626038113,0.3063128665561042,0.3063128665561042,0.3026458758268362,0.3100945500295469,0.3100945500295469,0.012250519453287312,0.008468835979844602,raw cells; independent half A/B within context×perturbation; controls split independently,"floor(min(n_left,n_right)/2) cells per half",0
nadig_hepg2_vs_jurkat,matched_budget_source_frozen_replication,primary_min20,nadig_hepg2,nadig_hepg2,nadig_jurkat,systema_centroid_accuracy,20260933,"0,2",1255,20,0.3185633860093915,0.30269988626038113,0.3063128665561042,0.3063128665561042,0.3028943238211429,0.30861053394079185,0.30861053394079185,0.012250519453287312,0.009952852068599638,raw cells; independent half A/B within context×perturbation; controls split independently,"floor(min(n_left,n_right)/2) cells per half",0
nadig_hepg2_vs_jurkat,matched_budget_source_frozen_replication,primary_min20,nadig_hepg2,nadig_hepg2,nadig_jurkat,systema_centroid_accuracy,20260933,"1,2",1255,20,0.3185633860093915,0.30269988626038113,0.3063128665561042,0.3063128665561042,0.3030636624157278,0.3093863779332431,0.3093863779332431,0.012250519453287312,0.009177008076148407,raw cells; independent half A/B within context×perturbation; controls split independently,"floor(min(n_left,n_right)/2) cells per half",0
nadig_hepg2_vs_jurkat,matched_budget_source_frozen_replication,primary_min20,nadig_hepg2,nadig_hepg2,nadig_jurkat,absolute_effect_rank_agreement,20260933,"0,1",1255,20,0.3319284266443,0.3214345171149533,0.30848789848580166,0.3214345171149533,0.32129917332265834,0.31310515513702764,0.32129917332265834,0.010493909529346701,0.010629253321641663,raw cells; independent half A/B within context×perturbation; controls split independently,"floor(min(n_left,n_right)/2) cells per half",0
nadig_hepg2_vs_jurkat,matched_budget_source_frozen_replication,primary_min20,nadig_hepg2,nadig_hepg2,nadig_jurkat,absolute_effect_rank_agreement,20260933,"0,2",1255,20,0.3319284266443,0.3214345171149533,0.30848789848580166,0.3214345171149533,0.3215228400592208,0.31310706138762334,0.3215228400592208,0.010493909529346701,0.010405586585079174,raw cells; independent half A/B within context×perturbation; controls split independently,"floor(min(n_left,n_right)/2) cells per half",0
nadig_hepg2_vs_jurkat,matched_budget_source_frozen_replication,primary_min20,nadig_hepg2,nadig_hepg2,nadig_jurkat,absolute_effect_rank_agreement,20260933,"1,2",1255,20,0.3319284266443,0.3214345171149533,0.30848789848580166,0.3214345171149533,0.32232918406120337,0.31415105129720355,0.32232918406120337,0.010493909529346701,0.009599242583096634,raw cells; independent half A/B within context×perturbation; controls split independently,"floor(min(n_left,n_right)/2) cells per half",0
nadig_hepg2_vs_jurkat,matched_budget_source_frozen_replication,primary_min20,nadig_jurkat,nadig_hepg2,nadig_jurkat,delta_cosine,20260933,"0,1",1255,20,0.33173271824980777,0.3257826747237525,0.3183241515596307,0.3257826747237525,0.3261899769343678,0.3227240956429466,0.3261899769343678,0.005950043526055271,0.00554274131543997,raw cells; independent half A/B within context×perturbation; controls split independently,"floor(min(n_left,n_right)/2) cells per half",0
nadig_hepg2_vs_jurkat,matched_budget_source_frozen_replication,primary_min20,nadig_jurkat,nadig_hepg2,nadig_jurkat,delta_cosine,20260933,"0,2",1255,20,0.33173271824980777,0.3257826747237525,0.3183241515596307,0.3257826747237525,0.3261550290067799,0.3220162412550754,0.3261550290067799,0.005950043526055271,0.005577689243027872,raw cells; independent half A/B within context×perturbation; controls split independently,"floor(min(n_left,n_right)/2) cells per half",0
nadig_hepg2_vs_jurkat,matched_budget_source_frozen_replication,primary_min20,nadig_jurkat,nadig_hepg2,nadig_jurkat,delta_cosine,20260933,"1,2",1255,20,0.33173271824980777,0.3257826747237525,0.3183241515596307,0.3257826747237525,0.3268387375537722,0.3219260120602121,0.3268387375537722,0.005950043526055271,0.0048939806960355825,raw cells; independent half A/B within context×perturbation; controls split independently,"floor(min(n_left,n_right)/2) cells per half",0
nadig_hepg2_vs_jurkat,matched_budget_source_frozen_replication,primary_min20,nadig_jurkat,nadig_hepg2,nadig_jurkat,systema_centroid_accuracy,20260933,"0,1",1255,20,0.320618006443127,0.31287100402218876,0.30348081358775425,0.31287100402218876,0.3126486081193567,0.3073727418873151,0.3126486081193567,0.0077470024209382315,0.007969398323770305,raw cells; independent half A/B within context×perturbation; controls split independently,"floor(min(n_left,n_right)/2) cells per half",0
nadig_hepg2_vs_jurkat,matched_budget_source_frozen_replication,primary_min20,nadig_jurkat,nadig_hepg2,nadig_jurkat,systema_centroid_accuracy,20260933,"0,2",1255,20,0.320618006443127,0.31287100402218876,0.30348081358775425,0.31287100402218876,0.3127852227453821,0.3079226951841756,0.3127852227453821,0.0077470024209382315,0.007832783697744872,raw cells; independent half A/B within context×perturbation; controls split independently,"floor(min(n_left,n_right)/2) cells per half",0
nadig_hepg2_vs_jurkat,matched_budget_source_frozen_replication,primary_min20,nadig_jurkat,nadig_hepg2,nadig_jurkat,systema_centroid_accuracy,20260933,"1,2",1255,20,0.320618006443127,0.31287100402218876,0.30348081358775425,0.31287100402218876,0.3126648112494202,0.3060498039738971,0.3126648112494202,0.0077470024209382315,0.007953195193706797,raw cells; independent half A/B within context×perturbation; controls split independently,"floor(min(n_left,n_right)/2) cells per half",0
nadig_hepg2_vs_jurkat,matched_budget_source_frozen_replication,primary_min20,nadig_jurkat,nadig_hepg2,nadig_jurkat,absolute_effect_rank_agreement,20260933,"0,1",1255,20,0.3296126498789531,0.32709862305165305,0.3045781785140141,0.32709862305165305,0.3281947171441824,0.31000241458408795,0.3281947171441824,0.0025140268273000643,0.0014179327347706994,raw cells; independent half A/B within context×perturbation; controls split independently,"floor(min(n_left,n_right)/2) cells per half",0
nadig_hepg2_vs_jurkat,matched_budget_source_frozen_replication,primary_min20,nadig_jurkat,nadig_hepg2,nadig_jurkat,absolute_effect_rank_agreement,20260933,"0,2",1255,20,0.3296126498789531,0.32709862305165305,0.3045781785140141,0.32709862305165305,0.32712785222745383,0.31083481067754504,0.32712785222745383,0.0025140268273000643,0.002484797651499282,raw cells; independent half A/B within context×perturbation; controls split independently,"floor(min(n_left,n_right)/2) cells per half",0
nadig_hepg2_vs_jurkat,matched_budget_source_frozen_replication,primary_min20,nadig_jurkat,nadig_hepg2,nadig_jurkat,absolute_effect_rank_agreement,20260933,"1,2",1255,20,0.3296126498789531,0.32709862305165305,0.3045781785140141,0.32709862305165305,0.3277480190879226,0.31062575852888286,0.3277480190879226,0.0025140268273000643,0.0018646307910304971,raw cells; independent half A/B within context×perturbation; controls split independently,"floor(min(n_left,n_right)/2) cells per half",0
nadig_hepg2_vs_jurkat,matched_budget_source_frozen_replication,sensitivity_min40,nadig_hepg2,nadig_hepg2,nadig_jurkat,delta_cosine,20260933,"0,1",345,40,0.31193966970003373,0.2861644759015841,0.3379002359285474,0.3379002359285474,0.28604651162790695,0.33855746545331983,0.33855746545331983,-0.02596056622851367,-0.0266177957532861,raw cells; independent half A/B within context×perturbation; controls split independently,"floor(min(n_left,n_right)/2) cells per half",0
nadig_hepg2_vs_jurkat,matched_budget_source_frozen_replication,sensitivity_min40,nadig_hepg2,nadig_hepg2,nadig_jurkat,delta_cosine,20260933,"0,2",345,40,0.31193966970003373,0.2861644759015841,0.3379002359285474,0.3379002359285474,0.28600438153016516,0.33923154701718905,0.33923154701718905,-0.02596056622851367,-0.027291877317155322,raw cells; independent half A/B within context×perturbation; controls split independently,"floor(min(n_left,n_right)/2) cells per half",0
nadig_hepg2_vs_jurkat,matched_budget_source_frozen_replication,sensitivity_min40,nadig_hepg2,nadig_hepg2,nadig_jurkat,delta_cosine,20260933,"1,2",345,40,0.31193966970003373,0.2861644759015841,0.3379002359285474,0.3379002359285474,0.28594539939332664,0.33899983147960905,0.33899983147960905,-0.02596056622851367,-0.02706016177957532,raw cells; independent half A/B within context×perturbation; controls split independently,"floor(min(n_left,n_right)/2) cells per half",0
nadig_hepg2_vs_jurkat,matched_budget_source_frozen_replication,sensitivity_min40,nadig_hepg2,nadig_hepg2,nadig_jurkat,systema_centroid_accuracy,20260933,"0,1",345,40,0.31059571958206944,0.29847489046174586,0.33234748904617456,0.33234748904617456,0.2992585102797438,0.33339652847994605,0.33339652847994605,-0.02175176946410512,-0.022800808897876612,raw cells; independent half A/B within context×perturbation; controls split independently,"floor(min(n_left,n_right)/2) cells per half",0
nadig_hepg2_vs_jurkat,matched_budget_source_frozen_replication,sensitivity_min40,nadig_hepg2,nadig_hepg2,nadig_jurkat,systema_centroid_accuracy,20260933,"0,2",345,40,0.31059571958206944,0.29847489046174586,0.33234748904617456,0.33234748904617456,0.2990267947421638,0.3331774519716886,0.3331774519716886,-0.02175176946410512,-0.022581732389619136,raw cells; independent half A/B within context×perturbation; controls split independently,"floor(min(n_left,n_right)/2) cells per half",0
nadig_hepg2_vs_jurkat,matched_budget_source_frozen_replication,sensitivity_min40,nadig_hepg2,nadig_hepg2,nadig_jurkat,systema_centroid_accuracy,20260933,"1,2",345,40,0.31059571958206944,0.29847489046174586,0.33234748904617456,0.33234748904617456,0.2985085945399393,0.3313953488372093,0.3313953488372093,-0.02175176946410512,-0.02079962925513984,raw cells; independent half A/B within context×perturbation; controls split independently,"floor(min(n_left,n_right)/2) cells per half",0
nadig_hepg2_vs_jurkat,matched_budget_source_frozen_replication,sensitivity_min40,nadig_hepg2,nadig_hepg2,nadig_jurkat,absolute_effect_rank_agreement,20260933,"0,1",345,40,0.33407061004381533,0.30490394337714866,0.33855746545331983,0.33855746545331983,0.3043309740478598,0.33857431749241657,0.33857431749241657,-0.004486855409504498,-0.004503707448601235,raw cells; independent half A/B within context×perturbation; controls split independently,"floor(min(n_left,n_right)/2) cells per half",0
nadig_hepg2_vs_jurkat,matched_budget_source_frozen_replication,sensitivity_min40,nadig_hepg2,nadig_hepg2,nadig_jurkat,absolute_effect_rank_agreement,20260933,"0,2",345,40,0.33407061004381533,0.30490394337714866,0.33855746545331983,0.33855746545331983,0.30508931580721266,0.33858274351196493,0.33858274351196493,-0.004486855409504498,-0.004512133468149604,raw cells; independent half A/B within context×perturbation; controls split independently,"floor(min(n_left,n_right)/2) cells per half",0
nadig_hepg2_vs_jurkat,matched_budget_source_frozen_replication,sensitivity_min40,nadig_hepg2,nadig_hepg2,nadig_jurkat,absolute_effect_rank_agreement,20260933,"1,2",345,40,0.33407061004381533,0.30490394337714866,0.33855746545331983,0.33855746545331983,0.3060498820357263,0.33904617458712505,0.33904617458712505,-0.004486855409504498,-0.004975564543309718,raw cells; independent half A/B within context×perturbation; controls split independently,"floor(min(n_left,n_right)/2) cells per half",0
nadig_hepg2_vs_jurkat,matched_budget_source_frozen_replication,sensitivity_min40,nadig_jurkat,nadig_hepg2,nadig_jurkat,delta_cosine,20260933,"0,1",345,40,0.31964105156723965,0.3138692281766094,0.33653522076171216,0.33653522076171216,0.31419784293899566,0.33804347826086956,0.33804347826086956,-0.016894169194472508,-0.018402426693629903,raw cells; independent half A/B within context×perturbation; controls split independently,"floor(min(n_left,n_right)/2) cells per half",0
nadig_hepg2_vs_jurkat,matched_budget_source_frozen_replication,sensitivity_min40,nadig_jurkat,nadig_hepg2,nadig_jurkat,delta_cosine,20260933,"0,2",345,40,0.31964105156723965,0.3138692281766094,0.33653522076171216,0.33653522076171216,0.3136754297269969,0.33772328951803166,0.33772328951803166,-0.016894169194472508,-0.018082237950792,raw cells; independent half A/B within context×perturbation; controls split independently,"floor(min(n_left,n_right)/2) cells per half",0
nadig_hepg2_vs_jurkat,matched_budget_source_frozen_replication,sensitivity_min40,nadig_jurkat,nadig_hepg2,nadig_jurkat,delta_cosine,20260933,"1,2",345,40,0.31964105156723965,0.3138692281766094,0.33653522076171216,0.33653522076171216,0.3147623862487361,0.33748736097067744,0.33748736097067744,-0.016894169194472508,-0.017846309403437788,raw cells; independent half A/B within context×perturbation; controls split independently,"floor(min(n_left,n_right)/2) cells per half",0
nadig_hepg2_vs_jurkat,matched_budget_source_frozen_replication,sensitivity_min40,nadig_jurkat,nadig_hepg2,nadig_jurkat,systema_centroid_accuracy,20260933,"0,1",345,40,0.3160136501516684,0.31204078193461404,0.3330384226491405,0.3330384226491405,0.31199865183687225,0.3322590158409167,0.3322590158409167,-0.01702477249747214,-0.016245365689248337,raw cells; independent half A/B within context×perturbation; controls split independently,"floor(min(n_left,n_right)/2) cells per half",0
nadig_hepg2_vs_jurkat,matched_budget_source_frozen_replication,sensitivity_min40,nadig_jurkat,nadig_hepg2,nadig_jurkat,systema_centroid_accuracy,20260933,"0,2",345,40,0.3160136501516684,0.31204078193461404,0.3330384226491405,0.3330384226491405,0.312453656892484,0.33274772497472194,0.33274772497472194,-0.01702477249747214,-0.016734074823053557,raw cells; independent half A/B within context×perturbation; controls split independently,"floor(min(n_left,n_right)/2) cells per half",0
nadig_hepg2_vs_jurkat,matched_budget_source_frozen_replication,sensitivity_min40,nadig_jurkat,nadig_hepg2,nadig_jurkat,systema_centroid_accuracy,20260933,"1,2",345,40,0.3160136501516684,0.31204078193461404,0.3330384226491405,0.3330384226491405,0.31214189416919447,0.3327055948769801,0.3327055948769801,-0.01702477249747214,-0.016691944725311714,raw cells; independent half A/B within context×perturbation; controls split independently,"floor(min(n_left,n_right)/2) cells per half",0
nadig_hepg2_vs_jurkat,matched_budget_source_frozen_replication,sensitivity_min40,nadig_jurkat,nadig_hepg2,nadig_jurkat,absolute_effect_rank_agreement,20260933,"0,1",345,40,0.3294152342433434,0.3163633299629255,0.3397539602291877,0.3397539602291877,0.31724806201550393,0.3399772497472194,0.3399772497472194,-0.010338725985844288,-0.010562015503875977,raw cells; independent half A/B within context×perturbation; controls split independently,"floor(min(n_left,n_right)/2) cells per half",0
nadig_hepg2_vs_jurkat,matched_budget_source_frozen_replication,sensitivity_min40,nadig_jurkat,nadig_hepg2,nadig_jurkat,absolute_effect_rank_agreement,20260933,"0,2",345,40,0.3294152342433434,0.3163633299629255,0.3397539602291877,0.3397539602291877,0.3165655544320863,0.3407355915065723,0.3407355915065723,-0.010338725985844288,-0.011320357263228886,raw cells; independent half A/B within context×perturbation; controls split independently,"floor(min(n_left,n_right)/2) cells per half",0
nadig_hepg2_vs_jurkat,matched_budget_source_frozen_replication,sensitivity_min40,nadig_jurkat,nadig_hepg2,nadig_jurkat,absolute_effect_rank_agreement,20260933,"1,2",345,40,0.3294152342433434,0.3163633299629255,0.3397539602291877,0.3397539602291877,0.3177536231884058,0.340175261206606,0.340175261206606,-0.010338725985844288,-0.010760026963262614,raw cells; independent half A/B within context×perturbation; controls split independently,"floor(min(n_left,n_right)/2) cells per half",0
nadig_hepg2_vs_jurkat,matched_budget_source_frozen_replication,primary_min20,nadig_hepg2,nadig_hepg2,nadig_jurkat,delta_cosine,20260934,"0,1",1255,20,0.3220283141755148,0.30280600087687526,0.316392484289318,0.316392484289318,0.3028507977658743,0.31963660509477243,0.31963660509477243,0.005635829886196819,0.002391709080742377,raw cells; independent half A/B within context×perturbation; controls split independently,"floor(min(n_left,n_right)/2) cells per half",0
nadig_hepg2_vs_jurkat,matched_budget_source_frozen_replication,primary_min20,nadig_hepg2,nadig_hepg2,nadig_jurkat,delta_cosine,20260934,"0,2",1255,20,0.3220283141755148,0.30280600087687526,0.316392484289318,0.316392484289318,0.30338836043386264,0.3180105733366375,0.3180105733366375,0.005635829886196819,0.004017740838877293,raw cells; independent half A/B within context×perturbation; controls split independently,"floor(min(n_left,n_right)/2) cells per half",0
nadig_hepg2_vs_jurkat,matched_budget_source_frozen_replication,primary_min20,nadig_hepg2,nadig_hepg2,nadig_jurkat,delta_cosine,20260934,"1,2",1255,20,0.3220283141755148,0.30280600087687526,0.316392484289318,0.316392484289318,0.3034175896096635,0.31914225077362,0.31914225077362,0.005635829886196819,0.0028860634018947895,raw cells; independent half A/B within context×perturbation; controls split independently,"floor(min(n_left,n_right)/2) cells per half",0
nadig_hepg2_vs_jurkat,matched_budget_source_frozen_replication,primary_min20,nadig_hepg2,nadig_hepg2,nadig_jurkat,systema_centroid_accuracy,20260934,"0,1",1255,20,0.3123277226024133,0.29937347897087885,0.3053578350076568,0.3053578350076568,0.29964130717957516,0.3053124027017925,0.3053124027017925,0.00696988759475653,0.00701531990062082,raw cells; independent half A/B within context×perturbation; controls split independently,"floor(min(n_left,n_right)/2) cells per half",0
nadig_hepg2_vs_jurkat,matched_budget_source_frozen_replication,primary_min20,nadig_hepg2,nadig_hepg2,nadig_jurkat,systema_centroid_accuracy,20260934,"0,2",1255,20,0.3123277226024133,0.29937347897087885,0.3053578350076568,0.3053578350076568,0.29904846324431145,0.30557101736594294,0.30557101736594294,0.00696988759475653,0.006756705236470373,raw cells; independent half A/B within context×perturbation; controls split independently,"floor(min(n_left,n_right)/2) cells per half",0
nadig_hepg2_vs_jurkat,matched_budget_source_frozen_replication,primary_min20,nadig_hepg2,nadig_hepg2,nadig_jurkat,systema_centroid_accuracy,20260934,"1,2",1255,20,0.3123277226024133,0.29937347897087885,0.3053578350076568,0.3053578350076568,0.29971056761788567,0.30487873069127003,0.30487873069127003,0.00696988759475653,0.007448991911143288,raw cells; independent half A/B within context×perturbation; controls split independently,"floor(min(n_left,n_right)/2) cells per half",0
nadig_hepg2_vs_jurkat,matched_budget_source_frozen_replication,primary_min20,nadig_hepg2,nadig_hepg2,nadig_jurkat,absolute_effect_rank_agreement,20260934,"0,1",1255,20,0.3304088272110919,0.3229264759145237,0.30801070042001055,0.3229264759145237,0.3224721528558811,0.3115846025785216,0.3224721528558811,0.007482351296568157,0.007936674355210782,raw cells; independent half A/B within context×perturbation; controls split independently,"floor(min(n_left,n_right)/2) cells per half",0
nadig_hepg2_vs_jurkat,matched_budget_source_frozen_replication,primary_min20,nadig_hepg2,nadig_hepg2,nadig_jurkat,absolute_effect_rank_agreement,20260934,"0,2",1255,20,0.3304088272110919,0.3229264759145237,0.30801070042001055,0.3229264759145237,0.3231158301403636,0.31148166504635366,0.3231158301403636,0.007482351296568157,0.00729299707072828,raw cells; independent half A/B within context×perturbation; controls split independently,"floor(min(n_left,n_right)/2) cells per half",0
nadig_hepg2_vs_jurkat,matched_budget_source_frozen_replication,primary_min20,nadig_hepg2,nadig_hepg2,nadig_jurkat,absolute_effect_rank_agreement,20260934,"1,2",1255,20,0.3304088272110919,0.3229264759145237,0.30801070042001055,0.3229264759145237,0.32345133024520734,0.3115223317257287,0.32345133024520734,0.007482351296568157,0.0069574969658845465,raw cells; independent half A/B within context×perturbation; controls split independently,"floor(min(n_left,n_right)/2) cells per half",0
nadig_hepg2_vs_jurkat,matched_budget_source_frozen_replication,primary_min20,nadig_jurkat,nadig_hepg2,nadig_jurkat,delta_cosine,20260934,"0,1",1255,20,0.3203123709309492,0.3188394746373358,0.31713655743850755,0.3188394746373358,0.3195956207069648,0.3192617091442841,0.3195956207069648,0.0014728962936134127,0.0007167502239844303,raw cells; independent half A/B within context×perturbation; controls split independently,"floor(min(n_left,n_right)/2) cells per half",0
nadig_hepg2_vs_jurkat,matched_budget_source_frozen_replication,primary_min20,nadig_jurkat,nadig_hepg2,nadig_jurkat,delta_cosine,20260934,"0,2",1255,20,0.3203123709309492,0.3188394746373358,0.31713655743850755,0.3188394746373358,0.3197576520075996,0.3207577981534786,0.3207577981534786,0.0014728962936134127,-0.00044542722252938205,raw cells; independent half A/B within context×perturbation; controls split independently,"floor(min(n_left,n_right)/2) cells per half",0
nadig_hepg2_vs_jurkat,matched_budget_source_frozen_replication,primary_min20,nadig_jurkat,nadig_hepg2,nadig_jurkat,delta_cosine,20260934,"1,2",1255,20,0.3203123709309492,0.3188394746373358,0.31713655743850755,0.3188394746373358,0.3192931622791132,0.31921595912998724,0.3192931622791132,0.0014728962936134127,0.0010192086518360233,raw cells; independent half A/B within context×perturbation; controls split independently,"floor(min(n_left,n_right)/2) cells per half",0
nadig_hepg2_vs_jurkat,matched_budget_source_frozen_replication,primary_min20,nadig_jurkat,nadig_hepg2,nadig_jurkat,systema_centroid_accuracy,20260934,"0,1",1255,20,0.31578407264085606,0.31214726421268674,0.3078747212108504,0.31214726421268674,0.31233280593733515,0.31058636268323836,0.31233280593733515,0.0036368084281693247,0.0034512667035209166,raw cells; independent half A/B within context×perturbation; controls split independently,"floor(min(n_left,n_right)/2) cells per half",0
nadig_hepg2_vs_jurkat,matched_budget_source_frozen_replication,primary_min20,nadig_jurkat,nadig_hepg2,nadig_jurkat,systema_centroid_accuracy,20260934,"0,2",1255,20,0.31578407264085606,0.31214726421268674,0.3078747212108504,0.31214726421268674,0.3124357434695032,0.3114260660706456,0.3124357434695032,0.0036368084281693247,0.0033483291713528596,raw cells; independent half A/B within context×perturbation; controls split independently,"floor(min(n_left,n_right)/2) cells per half",0
nadig_hepg2_vs_jurkat,matched_budget_source_frozen_replication,primary_min20,nadig_jurkat,nadig_hepg2,nadig_jurkat,systema_centroid_accuracy,20260934,"1,2",1255,20,0.31578407264085606,0.31214726421268674,0.3078747212108504,0.31214726421268674,0.3120878527357873,0.308997185103287,0.3120878527357873,0.0036368084281693247,0.0036962199050687428,raw cells; independent half A/B within context×perturbation; controls split independently,"floor(min(n_left,n_right)/2) cells per half",0
nadig_hepg2_vs_jurkat,matched_budget_source_frozen_replication,primary_min20,nadig_jurkat,nadig_hepg2,nadig_jurkat,absolute_effect_rank_agreement,20260934,"0,1",1255,20,0.3301886552672881,0.32424814299421134,0.3047154285569047,0.32424814299421134,0.3258824351715943,0.30776860659435623,0.3258824351715943,0.005940512273076737,0.004306220095693758,raw cells; independent half A/B within context×perturbation; controls split independently,"floor(min(n_left,n_right)/2) cells per half",0
nadig_hepg2_vs_jurkat,matched_budget_source_frozen_replication,primary_min20,nadig_jurkat,nadig_hepg2,nadig_jurkat,absolute_effect_rank_agreement,20260934,"0,2",1255,20,0.3301886552672881,0.32424814299421134,0.3047154285569047,0.32424814299421134,0.32496425780133054,0.30902228406946375,0.32496425780133054,0.005940512273076737,0.005224397465957542,raw cells; independent half A/B within context×perturbation; controls split independently,"floor(min(n_left,n_right)/2) cells per half",0
nadig_hepg2_vs_jurkat,matched_budget_source_frozen_replication,primary_min20,nadig_jurkat,nadig_hepg2,nadig_jurkat,absolute_effect_rank_agreement,20260934,"1,2",1255,20,0.3301886552672881,0.32424814299421134,0.3047154285569047,0.32424814299421134,0.32530611207482674,0.30876366940531336,0.32530611207482674,0.005940512273076737,0.004882543192461342,raw cells; independent half A/B within context×perturbation; controls split independently,"floor(min(n_left,n_right)/2) cells per half",0
nadig_hepg2_vs_jurkat,matched_budget_source_frozen_replication,sensitivity_min40,nadig_hepg2,nadig_hepg2,nadig_jurkat,delta_cosine,20260934,"0,1",345,40,0.3316144253454668,0.2938827098078867,0.3090242669362993,0.3090242669362993,0.29445567913717563,0.3093823727671048,0.3093823727671048,0.022590158409167505,0.022232052578362027,raw cells; independent half A/B within context×perturbation; controls split independently,"floor(min(n_left,n_right)/2) cells per half",0
nadig_hepg2_vs_jurkat,matched_budget_source_frozen_replication,sensitivity_min40,nadig_hepg2,nadig_hepg2,nadig_jurkat,delta_cosine,20260934,"0,2",345,40,0.3316144253454668,0.2938827098078867,0.3090242669362993,0.3090242669362993,0.29447253117627237,0.31020812268284464,0.31020812268284464,0.022590158409167505,0.021406302662622168,raw cells; independent half A/B within context×perturbation; controls split independently,"floor(min(n_left,n_right)/2) cells per half",0
nadig_hepg2_vs_jurkat,matched_budget_source_frozen_replication,sensitivity_min40,nadig_hepg2,nadig_hepg2,nadig_jurkat,delta_cosine,20260934,"1,2",345,40,0.3316144253454668,0.2938827098078867,0.3090242669362993,0.3090242669362993,0.29413549039433773,0.30986265588136164,0.30986265588136164,0.022590158409167505,0.021751769464105175,raw cells; independent half A/B within context×perturbation; controls split independently,"floor(min(n_left,n_right)/2) cells per half",0
nadig_hepg2_vs_jurkat,matched_budget_source_frozen_replication,sensitivity_min40,nadig_hepg2,nadig_hepg2,nadig_jurkat,systema_centroid_accuracy,20260934,"0,1",345,40,0.3313953488372093,0.31294236602628916,0.31499831479609036,0.31499831479609036,0.31462756993596225,0.3145348837209302,0.31462756993596225,0.01639703404111892,0.016767778901247032,raw cells; independent half A/B within context×perturbation; controls split independently,"floor(min(n_left,n_right)/2) cells per half",0
nadig_hepg2_vs_jurkat,matched_budget_source_frozen_replication,sensitivity_min40,nadig_hepg2,nadig_hepg2,nadig_jurkat,systema_centroid_accuracy,20260934,"0,2",345,40,0.3313953488372093,0.31294236602628916,0.31499831479609036,0.31499831479609036,0.3123019885406134,0.31692366026289176,0.31692366026289176,0.01639703404111892,0.01447168857431752,raw cells; independent half A/B within context×perturbation; controls split independently,"floor(min(n_left,n_right)/2) cells per half",0
nadig_hepg2_vs_jurkat,matched_budget_source_frozen_replication,sensitivity_min40,nadig_hepg2,nadig_hepg2,nadig_jurkat,systema_centroid_accuracy,20260934,"1,2",345,40,0.3313953488372093,0.31294236602628916,0.31499831479609036,0.31499831479609036,0.31306033029996627,0.3139829794405123,0.3139829794405123,0.01639703404111892,0.01741236939669699,raw cells; independent half A/B within context×perturbation; controls split independently,"floor(min(n_left,n_right)/2) cells per half",0
nadig_hepg2_vs_jurkat,matched_budget_source_frozen_replication,sensitivity_min40,nadig_hepg2,nadig_hepg2,nadig_jurkat,absolute_effect_rank_agreement,20260934,"0,1",345,40,0.332402258173239,0.31388608021570613,0.3218149646107179,0.3218149646107179,0.31304347826086953,0.32177283451297606,0.32177283451297606,0.010587293562521083,0.010629423660262927,raw cells; independent half A/B within context×perturbation; controls split independently,"floor(min(n_left,n_right)/2) cells per half",0
nadig_hepg2_vs_jurkat,matched_budget_source_frozen_replication,sensitivity_min40,nadig_hepg2,nadig_hepg2,nadig_jurkat,absolute_effect_rank_agreement,20260934,"0,2",345,40,0.332402258173239,0.31388608021570613,0.3218149646107179,0.3218149646107179,0.31469497809234914,0.32153690596562184,0.32153690596562184,0.010587293562521083,0.01086535220761714,raw cells; independent half A/B within context×perturbation; controls split independently,"floor(min(n_left,n_right)/2) cells per half",0
nadig_hepg2_vs_jurkat,matched_budget_source_frozen_replication,sensitivity_min40,nadig_hepg2,nadig_hepg2,nadig_jurkat,absolute_effect_rank_agreement,20260934,"1,2",345,40,0.332402258173239,0.31388608021570613,0.3218149646107179,0.3218149646107179,0.314046174587125,0.32209302325581396,0.32209302325581396,0.010587293562521083,0.010309234917425025,raw cells; independent half A/B within context×perturbation; controls split independently,"floor(min(n_left,n_right)/2) cells per half",0
nadig_hepg2_vs_jurkat,matched_budget_source_frozen_replication,sensitivity_min40,nadig_jurkat,nadig_hepg2,nadig_jurkat,delta_cosine,20260934,"0,1",345,40,0.3321073474890462,0.3234748904617459,0.3121924502864847,0.3234748904617459,0.32342433434445567,0.3125126390293225,0.32342433434445567,0.008632457027300311,0.008683013144590523,raw cells; independent half A/B within context×perturbation; controls split independently,"floor(min(n_left,n_right)/2) cells per half",0
nadig_hepg2_vs_jurkat,matched_budget_source_frozen_replication,sensitivity_min40,nadig_jurkat,nadig_hepg2,nadig_jurkat,delta_cosine,20260934,"0,2",345,40,0.3321073474890462,0.3234748904617459,0.3121924502864847,0.3234748904617459,0.32422480620155036,0.31253791708796763,0.32422480620155036,0.008632457027300311,0.007882541287495826,raw cells; independent half A/B within context×perturbation; controls split independently,"floor(min(n_left,n_right)/2) cells per half",0
nadig_hepg2_vs_jurkat,matched_budget_source_frozen_replication,sensitivity_min40,nadig_jurkat,nadig_hepg2,nadig_jurkat,delta_cosine,20260934,"1,2",345,40,0.3321073474890462,0.3234748904617459,0.3121924502864847,0.3234748904617459,0.32371924502864846,0.31209133805190425,0.32371924502864846,0.008632457027300311,0.008388102460397728,raw cells; independent half A/B within context×perturbation; controls split independently,"floor(min(n_left,n_right)/2) cells per half",0
nadig_hepg2_vs_jurkat,matched_budget_source_frozen_replication,sensitivity_min40,nadig_jurkat,nadig_hepg2,nadig_jurkat,systema_centroid_accuracy,20260934,"0,1",345,40,0.33640461745871253,0.3224384900572969,0.3159757330637007,0.3224384900572969,0.32347489046174593,0.315659757330637,0.32347489046174593,0.013966127401415618,0.012929726996966595,raw cells; independent half A/B within context×perturbation; controls split independently,"floor(min(n_left,n_right)/2) cells per half",0
nadig_hepg2_vs_jurkat,matched_budget_source_frozen_replication,sensitivity_min40,nadig_jurkat,nadig_hepg2,nadig_jurkat,systema_centroid_accuracy,20260934,"0,2",345,40,0.33640461745871253,0.3224384900572969,0.3159757330637007,0.3224384900572969,0.32332743511964945,0.31520896528479947,0.32332743511964945,0.013966127401415618,0.013077182339063076,raw cells; independent half A/B within context×perturbation; controls split independently,"floor(min(n_left,n_right)/2) cells per half",0
nadig_hepg2_vs_jurkat,matched_budget_source_frozen_replication,sensitivity_min40,nadig_jurkat,nadig_hepg2,nadig_jurkat,systema_centroid_accuracy,20260934,"1,2",345,40,0.33640461745871253,0.3224384900572969,0.3159757330637007,0.3224384900572969,0.32255224132119986,0.312891809908999,0.32255224132119986,0.013966127401415618,0.013852376137512667,raw cells; independent half A/B within context×perturbation; controls split independently,"floor(min(n_left,n_right)/2) cells per half",0
nadig_hepg2_vs_jurkat,matched_budget_source_frozen_replication,sensitivity_min40,nadig_jurkat,nadig_hepg2,nadig_jurkat,absolute_effect_rank_agreement,20260934,"0,1",345,40,0.33501853724300645,0.3180990899898888,0.32092180653859115,0.32092180653859115,0.319396697000337,0.3220845972362656,0.3220845972362656,0.014096730704415306,0.012933940006740863,raw cells; independent half A/B within context×perturbation; controls split independently,"floor(min(n_left,n_right)/2) cells per half",0
nadig_hepg2_vs_jurkat,matched_budget_source_frozen_replication,sensitivity_min40,nadig_jurkat,nadig_hepg2,nadig_jurkat,absolute_effect_rank_agreement,20260934,"0,2",345,40,0.33501853724300645,0.3180990899898888,0.32092180653859115,0.32092180653859115,0.31831816649814626,0.3228766430738119,0.3228766430738119,0.014096730704415306,0.012141894169194534,raw cells; independent half A/B within context×perturbation; controls split independently,"floor(min(n_left,n_right)/2) cells per half",0
nadig_hepg2_vs_jurkat,matched_budget_source_frozen_replication,sensitivity_min40,nadig_jurkat,nadig_hepg2,nadig_jurkat,absolute_effect_rank_agreement,20260934,"1,2",345,40,0.33501853724300645,0.3180990899898888,0.32092180653859115,0.32092180653859115,0.3188911358274351,0.32221941354903944,0.32221941354903944,0.014096730704415306,0.012799123693967018,raw cells; independent half A/B within context×perturbation; controls split independently,"floor(min(n_left,n_right)/2) cells per half",0
nadig_hepg2_vs_jurkat,matched_budget_source_frozen_replication,primary_min20,nadig_hepg2,nadig_hepg2,nadig_jurkat,delta_cosine,20260935,"0,1",1255,20,0.3332440572637679,0.30020968756552735,0.31844551618089045,0.31844551618089045,0.30047846889952157,0.32292679362295634,0.32292679362295634,0.014798541082877426,0.010317263640811536,raw cells; independent half A/B within context×perturbation; controls split independently,"floor(min(n_left,n_right)/2) cells per half",0
nadig_hepg2_vs_jurkat,matched_budget_source_frozen_replication,primary_min20,nadig_hepg2,nadig_hepg2,nadig_jurkat,delta_cosine,20260935,"0,2",1255,20,0.3332440572637679,0.30020968756552735,0.31844551618089045,0.31844551618089045,0.30013343754169924,0.32123499621926965,0.32123499621926965,0.014798541082877426,0.012009061044498226,raw cells; independent half A/B within context×perturbation; controls split independently,"floor(min(n_left,n_right)/2) cells per half",0
nadig_hepg2_vs_jurkat,matched_budget_source_frozen_replication,primary_min20,nadig_hepg2,nadig_hepg2,nadig_jurkat,delta_cosine,20260935,"1,2",1255,20,0.3332440572637679,0.30020968756552735,0.31844551618089045,0.31844551618089045,0.30075614606962897,0.32204356418028046,0.32204356418028046,0.014798541082877426,0.011200493083487417,raw cells; independent half A/B within context×perturbation; controls split independently,"floor(min(n_left,n_right)/2) cells per half",0
nadig_hepg2_vs_jurkat,matched_budget_source_frozen_replication,primary_min20,nadig_hepg2,nadig_hepg2,nadig_jurkat,systema_centroid_accuracy,20260935,"0,1",1255,20,0.31854464121186704,0.3053896058509185,0.3137949001442396,0.3137949001442396,0.3055249496432134,0.3172836564428093,0.3172836564428093,0.004749741067627433,0.001260984769057727,raw cells; independent half A/B within context×perturbation; controls split independently,"floor(min(n_left,n_right)/2) cells per half",0
nadig_hepg2_vs_jurkat,matched_budget_source_frozen_replication,primary_min20,nadig_hepg2,nadig_hepg2,nadig_jurkat,systema_centroid_accuracy,20260935,"0,2",1255,20,0.31854464121186704,0.3053896058509185,0.3137949001442396,0.3137949001442396,0.3055649809057232,0.31504254115912744,0.31504254115912744,0.004749741067627433,0.0035021000527395985,raw cells; independent half A/B within context×perturbation; controls split independently,"floor(min(n_left,n_right)/2) cells per half",0
nadig_hepg2_vs_jurkat,matched_budget_source_frozen_replication,primary_min20,nadig_hepg2,nadig_hepg2,nadig_jurkat,systema_centroid_accuracy,20260935,"1,2",1255,20,0.31854464121186704,0.3053896058509185,0.3137949001442396,0.3137949001442396,0.306155283173526,0.3159283122692642,0.3159283122692642,0.004749741067627433,0.0026163289426028302,raw cells; independent half A/B within context×perturbation; controls split independently,"floor(min(n_left,n_right)/2) cells per half",0
nadig_hepg2_vs_jurkat,matched_budget_source_frozen_replication,primary_min20,nadig_hepg2,nadig_hepg2,nadig_jurkat,absolute_effect_rank_agreement,20260935,"0,1",1255,20,0.3291920039141679,0.32714500848281514,0.31211549336942496,0.32714500848281514,0.32711133138895776,0.3165961353946256,0.32711133138895776,0.0020469954313527827,0.0020806725252101588,raw cells; independent half A/B within context×perturbation; controls split independently,"floor(min(n_left,n_right)/2) cells per half",0
nadig_hepg2_vs_jurkat,matched_budget_source_frozen_replication,primary_min20,nadig_hepg2,nadig_hepg2,nadig_jurkat,absolute_effect_rank_agreement,20260935,"0,2",1255,20,0.3291920039141679,0.32714500848281514,0.31211549336942496,0.32714500848281514,0.32685843547659443,0.3159035310115201,0.32685843547659443,0.0020469954313527827,0.0023335684375734855,raw cells; independent half A/B within context×perturbation; controls split independently,"floor(min(n_left,n_right)/2) cells per half",0
nadig_hepg2_vs_jurkat,matched_budget_source_frozen_replication,primary_min20,nadig_hepg2,nadig_hepg2,nadig_jurkat,absolute_effect_rank_agreement,20260935,"1,2",1255,20,0.3291920039141679,0.32714500848281514,0.31211549336942496,0.32714500848281514,0.3268892531945583,0.3173703908449138,0.3268892531945583,0.0020469954313527827,0.002302750719609614,raw cells; independent half A/B within context×perturbation; controls split independently,"floor(min(n_left,n_right)/2) cells per half",0
nadig_hepg2_vs_jurkat,matched_budget_source_frozen_replication,primary_min20,nadig_jurkat,nadig_hepg2,nadig_jurkat,delta_cosine,20260935,"0,1",1255,20,0.3325470049626057,0.3175775367429802,0.3197176207450898,0.3197176207450898,0.31761216696213546,0.3246656118746704,0.3246656118746704,0.012829384217515893,0.007881393087935284,raw cells; independent half A/B within context×perturbation; controls split independently,"floor(min(n_left,n_right)/2) cells per half",0
nadig_hepg2_vs_jurkat,matched_budget_source_frozen_replication,primary_min20,nadig_jurkat,nadig_hepg2,nadig_jurkat,delta_cosine,20260935,"0,2",1255,20,0.3325470049626057,0.3175775367429802,0.3197176207450898,0.3197176207450898,0.3178923857997039,0.32486958068841065,0.32486958068841065,0.012829384217515893,0.007677424274195044,raw cells; independent half A/B within context×perturbation; controls split independently,"floor(min(n_left,n_right)/2) cells per half",0
nadig_hepg2_vs_jurkat,matched_budget_source_frozen_replication,primary_min20,nadig_jurkat,nadig_hepg2,nadig_jurkat,delta_cosine,20260935,"1,2",1255,20,0.3325470049626057,0.3175775367429802,0.3197176207450898,0.3197176207450898,0.3179921462475457,0.32394568456635975,0.32394568456635975,0.012829384217515893,0.008601320396245948,raw cells; independent half A/B within context×perturbation; controls split independently,"floor(min(n_left,n_right)/2) cells per half",0
nadig_hepg2_vs_jurkat,matched_budget_source_frozen_replication,primary_min20,nadig_jurkat,nadig_hepg2,nadig_jurkat,systema_centroid_accuracy,20260935,"0,1",1255,20,0.3245137472438793,0.31230738926272583,0.31596739040647615,0.31596739040647615,0.3125215247463098,0.3189160423695966,0.3189160423695966,0.00854635683740318,0.0055977048742827384,raw cells; independent half A/B within context×perturbation; controls split independently,"floor(min(n_left,n_right)/2) cells per half",0
nadig_hepg2_vs_jurkat,matched_budget_source_frozen_replication,primary_min20,nadig_jurkat,nadig_hepg2,nadig_jurkat,systema_centroid_accuracy,20260935,"0,2",1255,20,0.3245137472438793,0.31230738926272583,0.31596739040647615,0.31596739040647615,0.31300158218799445,0.3193230268717792,0.3193230268717792,0.00854635683740318,0.0051907203721001105,raw cells; independent half A/B within context×perturbation; controls split independently,"floor(min(n_left,n_right)/2) cells per half",0
nadig_hepg2_vs_jurkat,matched_budget_source_frozen_replication,primary_min20,nadig_jurkat,nadig_hepg2,nadig_jurkat,systema_centroid_accuracy,20260935,"1,2",1255,20,0.3245137472438793,0.31230738926272583,0.31596739040647615,0.31596739040647615,0.31304415511796513,0.3186329641561346,0.3186329641561346,0.00854635683740318,0.005880783087744701,raw cells; independent half A/B within context×perturbation; controls split independently,"floor(min(n_left,n_right)/2) cells per half",0
nadig_hepg2_vs_jurkat,matched_budget_source_frozen_replication,primary_min20,nadig_jurkat,nadig_hepg2,nadig_jurkat,absolute_effect_rank_agreement,20260935,"0,1",1255,20,0.324695794175769,0.3305038220324444,0.3087655756559091,0.3305038220324444,0.3312590149767755,0.31399950437484514,0.3312590149767755,-0.005808027856675391,-0.00656322080100652,raw cells; independent half A/B within context×perturbation; controls split independently,"floor(min(n_left,n_right)/2) cells per half",0
nadig_hepg2_vs_jurkat,matched_budget_source_frozen_replication,primary_min20,nadig_jurkat,nadig_hepg2,nadig_jurkat,absolute_effect_rank_agreement,20260935,"0,2",1255,20,0.324695794175769,0.3305038220324444,0.3087655756559091,0.3305038220324444,0.3309190669538751,0.31442904617574363,0.3309190669538751,-0.005808027856675391,-0.0062232727781060815,raw cells; independent half A/B within context×perturbation; controls split independently,"floor(min(n_left,n_right)/2) cells per half",0
nadig_hepg2_vs_jurkat,matched_budget_source_frozen_replication,primary_min20,nadig_jurkat,nadig_hepg2,nadig_jurkat,absolute_effect_rank_agreement,20260935,"1,2",1255,20,0.324695794175769,0.3305038220324444,0.3087655756559091,0.3305038220324444,0.33088666069374817,0.31381618660922495,0.33088666069374817,-0.005808027856675391,-0.006190866517979177,raw cells; independent half A/B within context×perturbation; controls split independently,"floor(min(n_left,n_right)/2) cells per half",0
nadig_hepg2_vs_jurkat,matched_budget_source_frozen_replication,sensitivity_min40,nadig_hepg2,nadig_hepg2,nadig_jurkat,delta_cosine,20260935,"0,1",345,40,0.3275994270306707,0.2741489720256151,0.3343107516009437,0.3343107516009437,0.275185372430064,0.3340832490731379,0.3340832490731379,-0.006711324570273014,-0.006483822042467224,raw cells; independent half A/B within context×perturbation; controls split independently,"floor(min(n_left,n_right)/2) cells per half",0
nadig_hepg2_vs_jurkat,matched_budget_source_frozen_replication,sensitivity_min40,nadig_hepg2,nadig_hepg2,nadig_jurkat,delta_cosine,20260935,"0,2",345,40,0.3275994270306707,0.2741489720256151,0.3343107516009437,0.3343107516009437,0.27355072463768115,0.3349511290866195,0.3349511290866195,-0.006711324570273014,-0.007351702055948817,raw cells; independent half A/B within context×perturbation; controls split independently,"floor(min(n_left,n_right)/2) cells per half",0
nadig_hepg2_vs_jurkat,matched_budget_source_frozen_replication,sensitivity_min40,nadig_hepg2,nadig_hepg2,nadig_jurkat,delta_cosine,20260935,"1,2",345,40,0.3275994270306707,0.2741489720256151,0.3343107516009437,0.3343107516009437,0.27442703067071117,0.33360296595888106,0.33360296595888106,-0.006711324570273014,-0.006003538928210372,raw cells; independent half A/B within context×perturbation; controls split independently,"floor(min(n_left,n_right)/2) cells per half",0
nadig_hepg2_vs_jurkat,matched_budget_source_frozen_replication,sensitivity_min40,nadig_hepg2,nadig_hepg2,nadig_jurkat,systema_centroid_accuracy,20260935,"0,1",345,40,0.3260364004044489,0.2900151668351871,0.3197000337040782,0.3197000337040782,0.29027216043141224,0.3191481294236603,0.3191481294236603,0.0063363667003707436,0.006888270980788647,raw cells; independent half A/B within context×perturbation; controls split independently,"floor(min(n_left,n_right)/2) cells per half",0
nadig_hepg2_vs_jurkat,matched_budget_source_frozen_replication,sensitivity_min40,nadig_hepg2,nadig_hepg2,nadig_jurkat,systema_centroid_accuracy,20260935,"0,2",345,40,0.3260364004044489,0.2900151668351871,0.3197000337040782,0.3197000337040782,0.28947590158409164,0.32000337040781934,0.32000337040781934,0.0063363667003707436,0.00603302999662958,raw cells; independent half A/B within context×perturbation; controls split independently,"floor(min(n_left,n_right)/2) cells per half",0
nadig_hepg2_vs_jurkat,matched_budget_source_frozen_replication,sensitivity_min40,nadig_hepg2,nadig_hepg2,nadig_jurkat,systema_centroid_accuracy,20260935,"1,2",345,40,0.3260364004044489,0.2900151668351871,0.3197000337040782,0.3197000337040782,0.29030165149983145,0.31860043815301653,0.31860043815301653,0.0063363667003707436,0.007435962251432393,raw cells; independent half A/B within context×perturbation; controls split independently,"floor(min(n_left,n_right)/2) cells per half",0
nadig_hepg2_vs_jurkat,matched_budget_source_frozen_replication,sensitivity_min40,nadig_hepg2,nadig_hepg2,nadig_jurkat,absolute_effect_rank_agreement,20260935,"0,1",345,40,0.3335355578024941,0.31985170205594876,0.33845635321873946,0.33845635321873946,0.3193461408830469,0.33829625884732056,0.33829625884732056,-0.004920795416245349,-0.004760701044826454,raw cells; independent half A/B within context×perturbation; controls split independently,"floor(min(n_left,n_right)/2) cells per half",0
nadig_hepg2_vs_jurkat,matched_budget_source_frozen_replication,sensitivity_min40,nadig_hepg2,nadig_hepg2,nadig_jurkat,absolute_effect_rank_agreement,20260935,"0,2",345,40,0.3335355578024941,0.31985170205594876,0.33845635321873946,0.33845635321873946,0.3200202224469161,0.33787495786990224,0.33787495786990224,-0.004920795416245349,-0.004339400067408128,raw cells; independent half A/B within context×perturbation; controls split independently,"floor(min(n_left,n_right)/2) cells per half",0
nadig_hepg2_vs_jurkat,matched_budget_source_frozen_replication,sensitivity_min40,nadig_hepg2,nadig_hepg2,nadig_jurkat,absolute_effect_rank_agreement,20260935,"1,2",345,40,0.3335355578024941,0.31985170205594876,0.33845635321873946,0.33845635321873946,0.3182086282440175,0.33807718233906303,0.33807718233906303,-0.004920795416245349,-0.004541624536568922,raw cells; independent half A/B within context×perturbation; controls split independently,"floor(min(n_left,n_right)/2) cells per half",0
nadig_hepg2_vs_jurkat,matched_budget_source_frozen_replication,sensitivity_min40,nadig_jurkat,nadig_hepg2,nadig_jurkat,delta_cosine,20260935,"0,1",345,40,0.33427283451297607,0.3006572295247725,0.32703067071115605,0.32703067071115605,0.30098584428715874,0.32738456353218737,0.32738456353218737,0.007242163801820023,0.006888270980788702,raw cells; independent half A/B within context×perturbation; controls split independently,"floor(min(n_left,n_right)/2) cells per half",0
nadig_hepg2_vs_jurkat,matched_budget_source_frozen_replication,sensitivity_min40,nadig_jurkat,nadig_hepg2,nadig_jurkat,delta_cosine,20260935,"0,2",345,40,0.33427283451297607,0.3006572295247725,0.32703067071115605,0.32703067071115605,0.3014914054600607,0.3273592854735423,0.3273592854735423,0.007242163801820023,0.006913549039433753,raw cells; independent half A/B within context×perturbation; controls split independently,"floor(min(n_left,n_right)/2) cells per half",0
nadig_hepg2_vs_jurkat,matched_budget_source_frozen_replication,sensitivity_min40,nadig_jurkat,nadig_hepg2,nadig_jurkat,delta_cosine,20260935,"1,2",345,40,0.33427283451297607,0.3006572295247725,0.32703067071115605,0.32703067071115605,0.3011290866194809,0.3268874283788339,0.3268874283788339,0.007242163801820023,0.007385406134142181,raw cells; independent half A/B within context×perturbation; controls split independently,"floor(min(n_left,n_right)/2) cells per half",0
nadig_hepg2_vs_jurkat,matched_budget_source_frozen_replication,sensitivity_min40,nadig_jurkat,nadig_hepg2,nadig_jurkat,systema_centroid_accuracy,20260935,"0,1",345,40,0.3291961577350859,0.3044657903606336,0.31809908998988873,0.31809908998988873,0.3051103808560836,0.31680148297944055,0.31680148297944055,0.011097067745197198,0.012394674755645374,raw cells; independent half A/B within context×perturbation; controls split independently,"floor(min(n_left,n_right)/2) cells per half",0
nadig_hepg2_vs_jurkat,matched_budget_source_frozen_replication,sensitivity_min40,nadig_jurkat,nadig_hepg2,nadig_jurkat,systema_centroid_accuracy,20260935,"0,2",345,40,0.3291961577350859,0.3044657903606336,0.31809908998988873,0.31809908998988873,0.3042382878328278,0.3175303336703741,0.3175303336703741,0.011097067745197198,0.011665824064711838,raw cells; independent half A/B within context×perturbation; controls split independently,"floor(min(n_left,n_right)/2) cells per half",0
nadig_hepg2_vs_jurkat,matched_budget_source_frozen_replication,sensitivity_min40,nadig_jurkat,nadig_hepg2,nadig_jurkat,systema_centroid_accuracy,20260935,"1,2",345,40,0.3291961577350859,0.3044657903606336,0.31809908998988873,0.31809908998988873,0.3056833501853724,0.31847404785979105,0.31847404785979105,0.011097067745197198,0.010722109875294872,raw cells; independent half A/B within context×perturbation; controls split independently,"floor(min(n_left,n_right)/2) cells per half",0
nadig_hepg2_vs_jurkat,matched_budget_source_frozen_replication,sensitivity_min40,nadig_jurkat,nadig_hepg2,nadig_jurkat,absolute_effect_rank_agreement,20260935,"0,1",345,40,0.3323811931243681,0.3298618132794068,0.3349511290866195,0.3349511290866195,0.33003875968992247,0.33656892483990564,0.33656892483990564,-0.002569935962251413,-0.004187731715537546,raw cells; independent half A/B within context×perturbation; controls split independently,"floor(min(n_left,n_right)/2) cells per half",0
nadig_hepg2_vs_jurkat,matched_budget_source_frozen_replication,sensitivity_min40,nadig_jurkat,nadig_hepg2,nadig_jurkat,absolute_effect_rank_agreement,20260935,"0,2",345,40,0.3323811931243681,0.3298618132794068,0.3349511290866195,0.3349511290866195,0.3301988540613414,0.335077519379845,0.335077519379845,-0.002569935962251413,-0.0026963262554768885,raw cells; independent half A/B within context×perturbation; controls split independently,"floor(min(n_left,n_right)/2) cells per half",0
nadig_hepg2_vs_jurkat,matched_budget_source_frozen_replication,sensitivity_min40,nadig_jurkat,nadig_hepg2,nadig_jurkat,absolute_effect_rank_agreement,20260935,"1,2",345,40,0.3323811931243681,0.3298618132794068,0.3349511290866195,0.3349511290866195,0.33035894843276037,0.3354566902595214,0.3354566902595214,-0.002569935962251413,-0.0030754971351533156,raw cells; independent half A/B within context×perturbation; controls split independently,"floor(min(n_left,n_right)/2) cells per half",0
nadig_hepg2_vs_jurkat,matched_budget_source_frozen_replication,primary_min20,nadig_hepg2,nadig_hepg2,nadig_jurkat,delta_cosine,20260936,"0,1",1255,20,0.3315897494551301,0.31203860792873167,0.32171028803446505,0.32171028803446505,0.3121243892055383,0.32528673186043705,0.32528673186043705,0.009879461420665037,0.006303017594693039,raw cells; independent half A/B within context×perturbation; controls split independently,"floor(min(n_left,n_right)/2) cells per half",0
nadig_hepg2_vs_jurkat,matched_budget_source_frozen_replication,primary_min20,nadig_hepg2,nadig_hepg2,nadig_jurkat,delta_cosine,20260936,"0,2",1255,20,0.3315897494551301,0.31203860792873167,0.32171028803446505,0.32171028803446505,0.31253359766674926,0.3247942837898804,0.3247942837898804,0.009879461420665037,0.006795465665249689,raw cells; independent half A/B within context×perturbation; controls split independently,"floor(min(n_left,n_right)/2) cells per half",0
nadig_hepg2_vs_jurkat,matched_budget_source_frozen_replication,primary_min20,nadig_hepg2,nadig_hepg2,nadig_jurkat,delta_cosine,20260936,"1,2",1255,20,0.3315897494551301,0.31203860792873167,0.32171028803446505,0.32171028803446505,0.3128652852704017,0.3255377215222046,0.3255377215222046,0.009879461420665037,0.0060520279329254745,raw cells; independent half A/B within context×perturbation; controls split independently,"floor(min(n_left,n_right)/2) cells per half",0
nadig_hepg2_vs_jurkat,matched_budget_source_frozen_replication,primary_min20,nadig_hepg2,nadig_hepg2,nadig_jurkat,systema_centroid_accuracy,20260936,"0,1",1255,20,0.3172099480864421,0.30862769019615316,0.3215469859000998,0.3215469859000998,0.30880878400274503,0.32193554331319063,0.32193554331319063,-0.004337037813657685,-0.004725595226748536,raw cells; independent half A/B within context×perturbation; controls split independently,"floor(min(n_left,n_right)/2) cells per half",0
nadig_hepg2_vs_jurkat,matched_budget_source_frozen_replication,primary_min20,nadig_hepg2,nadig_hepg2,nadig_jurkat,systema_centroid_accuracy,20260936,"0,2",1255,20,0.3172099480864421,0.30862769019615316,0.3215469859000998,0.3215469859000998,0.3086600964562801,0.3212540587252267,0.3212540587252267,-0.004337037813657685,-0.004044110638784626,raw cells; independent half A/B within context×perturbation; controls split independently,"floor(min(n_left,n_right)/2) cells per half",0
nadig_hepg2_vs_jurkat,matched_budget_source_frozen_replication,primary_min20,nadig_hepg2,nadig_hepg2,nadig_jurkat,systema_centroid_accuracy,20260936,"1,2",1255,20,0.3172099480864421,0.30862769019615316,0.3215469859000998,0.3215469859000998,0.30876176315471765,0.3213106108262325,0.3213106108262325,-0.004337037813657685,-0.004100662739790428,raw cells; independent half A/B within context×perturbation; controls split independently,"floor(min(n_left,n_right)/2) cells per half",0
nadig_hepg2_vs_jurkat,matched_budget_source_frozen_replication,primary_min20,nadig_hepg2,nadig_hepg2,nadig_jurkat,absolute_effect_rank_agreement,20260936,"0,1",1255,20,0.3300504520990996,0.3297444988784893,0.3113174097866906,0.3297444988784893,0.32962821759215133,0.31612592691435215,0.32962821759215133,0.00030595322061033325,0.00042223450694828246,raw cells; independent half A/B within context×perturbation; controls split independently,"floor(min(n_left,n_right)/2) cells per half",0
nadig_hepg2_vs_jurkat,matched_budget_source_frozen_replication,primary_min20,nadig_hepg2,nadig_hepg2,nadig_jurkat,absolute_effect_rank_agreement,20260936,"0,2",1255,20,0.3300504520990996,0.3297444988784893,0.3113174097866906,0.3297444988784893,0.330182936515501,0.3150123588580288,0.330182936515501,0.00030595322061033325,-0.00013248441640140163,raw cells; independent half A/B within context×perturbation; controls split independently,"floor(min(n_left,n_right)/2) cells per half",0
nadig_hepg2_vs_jurkat,matched_budget_source_frozen_replication,primary_min20,nadig_hepg2,nadig_hepg2,nadig_jurkat,absolute_effect_rank_agreement,20260936,"1,2",1255,20,0.3300504520990996,0.3297444988784893,0.3113174097866906,0.3297444988784893,0.3296244050909599,0.31564999968229157,0.3296244050909599,0.00030595322061033325,0.0004260470081396961,raw cells; independent half A/B within context×perturbation; controls split independently,"floor(min(n_left,n_right)/2) cells per half",0
nadig_hepg2_vs_jurkat,matched_budget_source_frozen_replication,primary_min20,nadig_jurkat,nadig_hepg2,nadig_jurkat,delta_cosine,20260936,"0,1",1255,20,0.33241452054620435,0.3295271863105791,0.32256174663387915,0.3295271863105791,0.32971654053641897,0.32679807087439716,0.32971654053641897,0.0028873342356252607,0.0026979800097853834,raw cells; independent half A/B within context×perturbation; controls split independently,"floor(min(n_left,n_right)/2) cells per half",0
nadig_hepg2_vs_jurkat,matched_budget_source_frozen_replication,primary_min20,nadig_jurkat,nadig_hepg2,nadig_jurkat,delta_cosine,20260936,"0,2",1255,20,0.33241452054620435,0.3295271863105791,0.32256174663387915,0.3295271863105791,0.32981121764933885,0.3269934615604567,0.32981121764933885,0.0028873342356252607,0.0026033028968655003,raw cells; independent half A/B within context×perturbation; controls split independently,"floor(min(n_left,n_right)/2) cells per half",0
nadig_hepg2_vs_jurkat,matched_budget_source_frozen_replication,primary_min20,nadig_jurkat,nadig_hepg2,nadig_jurkat,delta_cosine,20260936,"1,2",1255,20,0.33241452054620435,0.3295271863105791,0.32256174663387915,0.3295271863105791,0.3297991447288994,0.32619156547653094,0.3297991447288994,0.0028873342356252607,0.002615375817304977,raw cells; independent half A/B within context×perturbation; controls split independently,"floor(min(n_left,n_right)/2) cells per half",0
nadig_hepg2_vs_jurkat,matched_budget_source_frozen_replication,primary_min20,nadig_jurkat,nadig_hepg2,nadig_jurkat,systema_centroid_accuracy,20260936,"0,1",1255,20,0.32441557533820065,0.32064723561892783,0.3189068288250507,0.32064723561892783,0.3208168919219454,0.32114985035932825,0.32114985035932825,0.0037683397192728174,0.0032657249788723974,raw cells; independent half A/B within context×perturbation; controls split independently,"floor(min(n_left,n_right)/2) cells per half",0
nadig_hepg2_vs_jurkat,matched_budget_source_frozen_replication,primary_min20,nadig_jurkat,nadig_hepg2,nadig_jurkat,systema_centroid_accuracy,20260936,"0,2",1255,20,0.32441557533820065,0.32064723561892783,0.3189068288250507,0.32064723561892783,0.3209163346613546,0.31976241763408886,0.3209163346613546,0.0037683397192728174,0.0034992406768460382,raw cells; independent half A/B within context×perturbation; controls split independently,"floor(min(n_left,n_right)/2) cells per half",0
nadig_hepg2_vs_jurkat,matched_budget_source_frozen_replication,primary_min20,nadig_jurkat,nadig_hepg2,nadig_jurkat,systema_centroid_accuracy,20260936,"1,2",1255,20,0.32441557533820065,0.32064723561892783,0.3189068288250507,0.32064723561892783,0.3203177719743038,0.3184064380436786,0.3203177719743038,0.0037683397192728174,0.004097803363896868,raw cells; independent half A/B within context×perturbation; controls split independently,"floor(min(n_left,n_right)/2) cells per half",0
nadig_hepg2_vs_jurkat,matched_budget_source_frozen_replication,primary_min20,nadig_jurkat,nadig_hepg2,nadig_jurkat,absolute_effect_rank_agreement,20260936,"0,1",1255,20,0.32695883134130144,0.33369933344770836,0.30913920077266693,0.33369933344770836,0.3355744486170152,0.31337647813848274,0.3355744486170152,-0.00674050210640692,-0.00861561727571375,raw cells; independent half A/B within context×perturbation; controls split independently,"floor(min(n_left,n_right)/2) cells per half",0
nadig_hepg2_vs_jurkat,matched_budget_source_frozen_replication,primary_min20,nadig_jurkat,nadig_hepg2,nadig_jurkat,absolute_effect_rank_agreement,20260936,"0,2",1255,20,0.32695883134130144,0.33369933344770836,0.30913920077266693,0.33369933344770836,0.33374444804514003,0.31528781206910794,0.33374444804514003,-0.00674050210640692,-0.006785616703838593,raw cells; independent half A/B within context×perturbation; controls split independently,"floor(min(n_left,n_right)/2) cells per half",0
nadig_hepg2_vs_jurkat,matched_budget_source_frozen_replication,primary_min20,nadig_jurkat,nadig_hepg2,nadig_jurkat,absolute_effect_rank_agreement,20260936,"1,2",1255,20,0.32695883134130144,0.33369933344770836,0.30913920077266693,0.33369933344770836,0.3340303856344955,0.3134790979622181,0.3340303856344955,-0.00674050210640692,-0.00707155429319406,raw cells; independent half A/B within context×perturbation; controls split independently,"floor(min(n_left,n_right)/2) cells per half",0
nadig_hepg2_vs_jurkat,matched_budget_source_frozen_replication,sensitivity_min40,nadig_hepg2,nadig_hepg2,nadig_jurkat,delta_cosine,20260936,"0,1",345,40,0.3308518705763397,0.2954162453656892,0.33321536905965626,0.33321536905965626,0.2968570947084597,0.33421385237613754,0.33421385237613754,-0.002363498483316573,-0.003361981799797853,raw cells; independent half A/B within context×perturbation; controls split independently,"floor(min(n_left,n_right)/2) cells per half",0
nadig_hepg2_vs_jurkat,matched_budget_source_frozen_replication,sensitivity_min40,nadig_hepg2,nadig_hepg2,nadig_jurkat,delta_cosine,20260936,"0,2",345,40,0.3308518705763397,0.2954162453656892,0.33321536905965626,0.33321536905965626,0.2961324570273003,0.3340200539265251,0.3340200539265251,-0.002363498483316573,-0.0031681833501854273,raw cells; independent half A/B within context×perturbation; controls split independently,"floor(min(n_left,n_right)/2) cells per half",0
nadig_hepg2_vs_jurkat,matched_budget_source_frozen_replication,sensitivity_min40,nadig_hepg2,nadig_hepg2,nadig_jurkat,delta_cosine,20260936,"1,2",345,40,0.3308518705763397,0.2954162453656892,0.33321536905965626,0.33321536905965626,0.29707617121671726,0.33364930906639706,0.33364930906639706,-0.002363498483316573,-0.002797438490057369,raw cells; independent half A/B within context×perturbation; controls split independently,"floor(min(n_left,n_right)/2) cells per half",0
nadig_hepg2_vs_jurkat,matched_budget_source_frozen_replication,sensitivity_min40,nadig_hepg2,nadig_hepg2,nadig_jurkat,systema_centroid_accuracy,20260936,"0,1",345,40,0.334340242669363,0.31049039433771486,0.3325918436130772,0.3325918436130772,0.31046932928884396,0.3328530502190765,0.3328530502190765,0.001748399056285821,0.0014871924502865008,raw cells; independent half A/B within context×perturbation; controls split independently,"floor(min(n_left,n_right)/2) cells per half",0
nadig_hepg2_vs_jurkat,matched_budget_source_frozen_replication,sensitivity_min40,nadig_hepg2,nadig_hepg2,nadig_jurkat,systema_centroid_accuracy,20260936,"0,2",345,40,0.334340242669363,0.31049039433771486,0.3325918436130772,0.3325918436130772,0.3100353892821031,0.3321452645770139,0.3321452645770139,0.001748399056285821,0.0021949780923491424,raw cells; independent half A/B within context×perturbation; controls split independently,"floor(min(n_left,n_right)/2) cells per half",0
nadig_hepg2_vs_jurkat,matched_budget_source_frozen_replication,sensitivity_min40,nadig_hepg2,nadig_hepg2,nadig_jurkat,systema_centroid_accuracy,20260936,"1,2",345,40,0.334340242669363,0.31049039433771486,0.3325918436130772,0.3325918436130772,0.31115183687226156,0.3328993933265926,0.3328993933265926,0.001748399056285821,0.001440849342770445,raw cells; independent half A/B within context×perturbation; controls split independently,"floor(min(n_left,n_right)/2) cells per half",0
nadig_hepg2_vs_jurkat,matched_budget_source_frozen_replication,sensitivity_min40,nadig_hepg2,nadig_hepg2,nadig_jurkat,absolute_effect_rank_agreement,20260936,"0,1",345,40,0.33887765419615773,0.33181664981462755,0.33756319514661276,0.33756319514661276,0.33099932591843617,0.337660094371419,0.337660094371419,0.0013144590495449693,0.0012175598247387565,raw cells; independent half A/B within context×perturbation; controls split independently,"floor(min(n_left,n_right)/2) cells per half",0
nadig_hepg2_vs_jurkat,matched_budget_source_frozen_replication,sensitivity_min40,nadig_hepg2,nadig_hepg2,nadig_jurkat,absolute_effect_rank_agreement,20260936,"0,2",345,40,0.33887765419615773,0.33181664981462755,0.33756319514661276,0.33756319514661276,0.3317408156386923,0.33670374115267954,0.33670374115267954,0.0013144590495449693,0.002173913043478193,raw cells; independent half A/B within context×perturbation; controls split independently,"floor(min(n_left,n_right)/2) cells per half",0
nadig_hepg2_vs_jurkat,matched_budget_source_frozen_replication,sensitivity_min40,nadig_hepg2,nadig_hepg2,nadig_jurkat,absolute_effect_rank_agreement,20260936,"1,2",345,40,0.33887765419615773,0.33181664981462755,0.33756319514661276,0.33756319514661276,0.33074654533198516,0.3365057296932929,0.3365057296932929,0.0013144590495449693,0.0023719245028648306,raw cells; independent half A/B within context×perturbation; controls split independently,"floor(min(n_left,n_right)/2) cells per half",0
nadig_hepg2_vs_jurkat,matched_budget_source_frozen_replication,sensitivity_min40,nadig_jurkat,nadig_hepg2,nadig_jurkat,delta_cosine,20260936,"0,1",345,40,0.33728934951129086,0.31814964610717894,0.33581900910010115,0.33581900910010115,0.3180401078530502,0.33571368385574657,0.33571368385574657,0.0014703404111897078,0.0015756656555442894,raw cells; independent half A/B within context×perturbation; controls split independently,"floor(min(n_left,n_right)/2) cells per half",0
nadig_hepg2_vs_jurkat,matched_budget_source_frozen_replication,sensitivity_min40,nadig_jurkat,nadig_hepg2,nadig_jurkat,delta_cosine,20260936,"0,2",345,40,0.33728934951129086,0.31814964610717894,0.33581900910010115,0.33581900910010115,0.3195652173913044,0.33578109201213346,0.33578109201213346,0.0014703404111897078,0.001508257499157395,raw cells; independent half A/B within context×perturbation; controls split independently,"floor(min(n_left,n_right)/2) cells per half",0
nadig_hepg2_vs_jurkat,matched_budget_source_frozen_replication,sensitivity_min40,nadig_jurkat,nadig_hepg2,nadig_jurkat,delta_cosine,20260936,"1,2",345,40,0.33728934951129086,0.31814964610717894,0.33581900910010115,0.33581900910010115,0.31905965621840243,0.33623609706774527,0.33623609706774527,0.0014703404111897078,0.0010532524435455937,raw cells; independent half A/B within context×perturbation; controls split independently,"floor(min(n_left,n_right)/2) cells per half",0
nadig_hepg2_vs_jurkat,matched_budget_source_frozen_replication,sensitivity_min40,nadig_jurkat,nadig_hepg2,nadig_jurkat,systema_centroid_accuracy,20260936,"0,1",345,40,0.34200792045837547,0.3217391304347826,0.3336366700370745,0.3336366700370745,0.3222362655881362,0.3353134479271992,0.3353134479271992,0.00837125042130099,0.0066944725311762765,raw cells; independent half A/B within context×perturbation; controls split independently,"floor(min(n_left,n_right)/2) cells per half",0
nadig_hepg2_vs_jurkat,matched_budget_source_frozen_replication,sensitivity_min40,nadig_jurkat,nadig_hepg2,nadig_jurkat,systema_centroid_accuracy,20260936,"0,2",345,40,0.34200792045837547,0.3217391304347826,0.3336366700370745,0.3336366700370745,0.3231252106504887,0.33316059993259184,0.33316059993259184,0.00837125042130099,0.00884732052578363,raw cells; independent half A/B within context×perturbation; controls split independently,"floor(min(n_left,n_right)/2) cells per half",0
nadig_hepg2_vs_jurkat,matched_budget_source_frozen_replication,sensitivity_min40,nadig_jurkat,nadig_hepg2,nadig_jurkat,systema_centroid_accuracy,20260936,"1,2",345,40,0.34200792045837547,0.3217391304347826,0.3336366700370745,0.3336366700370745,0.32140630266262216,0.33316059993259184,0.33316059993259184,0.00837125042130099,0.00884732052578363,raw cells; independent half A/B within context×perturbation; controls split independently,"floor(min(n_left,n_right)/2) cells per half",0
nadig_hepg2_vs_jurkat,matched_budget_source_frozen_replication,sensitivity_min40,nadig_jurkat,nadig_hepg2,nadig_jurkat,absolute_effect_rank_agreement,20260936,"0,1",345,40,0.3365857768790023,0.33788338388945066,0.3368132794068083,0.33788338388945066,0.34037748567576676,0.33664897202561506,0.34037748567576676,-0.0012976070104483428,-0.003791708796764437,raw cells; independent half A/B within context×perturbation; controls split independently,"floor(min(n_left,n_right)/2) cells per half",0
nadig_hepg2_vs_jurkat,matched_budget_source_frozen_replication,sensitivity_min40,nadig_jurkat,nadig_hepg2,nadig_jurkat,absolute_effect_rank_agreement,20260936,"0,2",345,40,0.3365857768790023,0.33788338388945066,0.3368132794068083,0.33788338388945066,0.3376137512639029,0.33744101786316144,0.3376137512639029,-0.0012976070104483428,-0.0010279743849005984,raw cells; independent half A/B within context×perturbation; controls split independently,"floor(min(n_left,n_right)/2) cells per half",0
nadig_hepg2_vs_jurkat,matched_budget_source_frozen_replication,sensitivity_min40,nadig_jurkat,nadig_hepg2,nadig_jurkat,absolute_effect_rank_agreement,20260936,"1,2",345,40,0.3365857768790023,0.33788338388945066,0.3368132794068083,0.33788338388945066,0.33902089652848,0.3374199528142905,0.33902089652848,-0.0012976070104483428,-0.0024351196494776794,raw cells; independent half A/B within context×perturbation; controls split independently,"floor(min(n_left,n_right)/2) cells per half",0
nadig_hepg2_vs_jurkat,matched_budget_source_frozen_replication,primary_min20,nadig_hepg2,nadig_hepg2,nadig_jurkat,delta_cosine,20260937,"0,1",1255,20,0.3287306912700077,0.3036587303100199,0.30770315865723713,0.30770315865723713,0.3037772355553861,0.31165926406018674,0.31165926406018674,0.021027532612770572,0.017071427209820966,raw cells; independent half A/B within context×perturbation; controls split independently,"floor(min(n_left,n_right)/2) cells per half",0
nadig_hepg2_vs_jurkat,matched_budget_source_frozen_replication,primary_min20,nadig_hepg2,nadig_hepg2,nadig_jurkat,delta_cosine,20260937,"0,2",1255,20,0.3287306912700077,0.3036587303100199,0.30770315865723713,0.30770315865723713,0.30428080342108443,0.3097924093101279,0.3097924093101279,0.021027532612770572,0.018938281959879788,raw cells; independent half A/B within context×perturbation; controls split independently,"floor(min(n_left,n_right)/2) cells per half",0
nadig_hepg2_vs_jurkat,matched_budget_source_frozen_replication,primary_min20,nadig_hepg2,nadig_hepg2,nadig_jurkat,delta_cosine,20260937,"1,2",1255,20,0.3287306912700077,0.3036587303100199,0.30770315865723713,0.30770315865723713,0.30440566283510295,0.31090756590861435,0.31090756590861435,0.021027532612770572,0.017823125361393355,raw cells; independent half A/B within context×perturbation; controls split independently,"floor(min(n_left,n_right)/2) cells per half",0
nadig_hepg2_vs_jurkat,matched_budget_source_frozen_replication,primary_min20,nadig_hepg2,nadig_hepg2,nadig_jurkat,systema_centroid_accuracy,20260937,"0,1",1255,20,0.3153742287627798,0.2975866867458396,0.3052625224778716,0.3052625224778716,0.29778461909936016,0.3069524136309626,0.3069524136309626,0.010111706284908206,0.008421815131817223,raw cells; independent half A/B within context×perturbation; controls split independently,"floor(min(n_left,n_right)/2) cells per half",0
nadig_hepg2_vs_jurkat,matched_budget_source_frozen_replication,primary_min20,nadig_hepg2,nadig_hepg2,nadig_jurkat,systema_centroid_accuracy,20260937,"0,2",1255,20,0.3153742287627798,0.2975866867458396,0.3052625224778716,0.3052625224778716,0.29792695247717266,0.3057819757652007,0.3057819757652007,0.010111706284908206,0.009592252997579098,raw cells; independent half A/B within context×perturbation; controls split independently,"floor(min(n_left,n_right)/2) cells per half",0
nadig_hepg2_vs_jurkat,matched_budget_source_frozen_replication,primary_min20,nadig_hepg2,nadig_hepg2,nadig_jurkat,systema_centroid_accuracy,20260937,"1,2",1255,20,0.3153742287627798,0.2975866867458396,0.3052625224778716,0.3052625224778716,0.29792313997598124,0.3064008717919391,0.3064008717919391,0.010111706284908206,0.008973356970840729,raw cells; independent half A/B within context×perturbation; controls split independently,"floor(min(n_left,n_right)/2) cells per half",0
nadig_hepg2_vs_jurkat,matched_budget_source_frozen_replication,primary_min20,nadig_hepg2,nadig_hepg2,nadig_jurkat,absolute_effect_rank_agreement,20260937,"0,1",1255,20,0.3262452582016432,0.3223666736562522,0.3097441176283701,0.3223666736562522,0.3226402206167356,0.3137637647178432,0.3226402206167356,0.003878584545390973,0.0036050375849076,raw cells; independent half A/B within context×perturbation; controls split independently,"floor(min(n_left,n_right)/2) cells per half",0
nadig_hepg2_vs_jurkat,matched_budget_source_frozen_replication,primary_min20,nadig_hepg2,nadig_hepg2,nadig_jurkat,absolute_effect_rank_agreement,20260937,"0,2",1255,20,0.3262452582016432,0.3223666736562522,0.3097441176283701,0.3223666736562522,0.3229820748902318,0.3137269105396595,0.3229820748902318,0.003878584545390973,0.0032631833114113995,raw cells; independent half A/B within context×perturbation; controls split independently,"floor(min(n_left,n_right)/2) cells per half",0
nadig_hepg2_vs_jurkat,matched_budget_source_frozen_replication,primary_min20,nadig_hepg2,nadig_hepg2,nadig_jurkat,absolute_effect_rank_agreement,20260937,"1,2",1255,20,0.3262452582016432,0.3223666736562522,0.3097441176283701,0.3223666736562522,0.3225290226653196,0.3152264943416128,0.3225290226653196,0.003878584545390973,0.003716235536323609,raw cells; independent half A/B within context×perturbation; controls split independently,"floor(min(n_left,n_right)/2) cells per half",0
nadig_hepg2_vs_jurkat,matched_budget_source_frozen_replication,primary_min20,nadig_jurkat,nadig_hepg2,nadig_jurkat,delta_cosine,20260937,"0,1",1255,20,0.3231952572485179,0.3217064755332736,0.3087515964848739,0.3217064755332736,0.322421637215095,0.31396265019666153,0.322421637215095,0.0014887817152443028,0.000773620033422906,raw cells; independent half A/B within context×perturbation; controls split independently,"floor(min(n_left,n_right)/2) cells per half",0
nadig_hepg2_vs_jurkat,matched_budget_source_frozen_replication,primary_min20,nadig_jurkat,nadig_hepg2,nadig_jurkat,delta_cosine,20260937,"0,2",1255,20,0.3231952572485179,0.3217064755332736,0.3087515964848739,0.3217064755332736,0.32200543916836644,0.3137555042985951,0.32200543916836644,0.0014887817152443028,0.0011898180801514502,raw cells; independent half A/B within context×perturbation; controls split independently,"floor(min(n_left,n_right)/2) cells per half",0
nadig_hepg2_vs_jurkat,matched_budget_source_frozen_replication,primary_min20,nadig_jurkat,nadig_hepg2,nadig_jurkat,delta_cosine,20260937,"1,2",1255,20,0.3231952572485179,0.3217064755332736,0.3087515964848739,0.3217064755332736,0.32232886635277075,0.31219619131130977,0.32232886635277075,0.0014887817152443028,0.0008663908957471378,raw cells; independent half A/B within context×perturbation; controls split independently,"floor(min(n_left,n_right)/2) cells per half",0
nadig_hepg2_vs_jurkat,matched_budget_source_frozen_replication,primary_min20,nadig_jurkat,nadig_hepg2,nadig_jurkat,systema_centroid_accuracy,20260937,"0,1",1255,20,0.3179664118645037,0.3085558880903817,0.3055096996384478,0.3085558880903817,0.3076373930116853,0.30496991301143117,0.3076373930116853,0.009410523774121993,0.010329018852818395,raw cells; independent half A/B within context×perturbation; controls split independently,"floor(min(n_left,n_right)/2) cells per half",0
nadig_hepg2_vs_jurkat,matched_budget_source_frozen_replication,primary_min20,nadig_jurkat,nadig_hepg2,nadig_jurkat,systema_centroid_accuracy,20260937,"0,2",1255,20,0.3179664118645037,0.3085558880903817,0.3055096996384478,0.3085558880903817,0.3089047319493954,0.30701087198256416,0.3089047319493954,0.009410523774121993,0.009061679915108312,raw cells; independent half A/B within context×perturbation; controls split independently,"floor(min(n_left,n_right)/2) cells per half",0
nadig_hepg2_vs_jurkat,matched_budget_source_frozen_replication,primary_min20,nadig_jurkat,nadig_hepg2,nadig_jurkat,systema_centroid_accuracy,20260937,"1,2",1255,20,0.3179664118645037,0.3085558880903817,0.3055096996384478,0.3085558880903817,0.30876303398844807,0.30627823633694884,0.30876303398844807,0.009410523774121993,0.00920337787605563,raw cells; independent half A/B within context×perturbation; controls split independently,"floor(min(n_left,n_right)/2) cells per half",0
nadig_hepg2_vs_jurkat,matched_budget_source_frozen_replication,primary_min20,nadig_jurkat,nadig_hepg2,nadig_jurkat,absolute_effect_rank_agreement,20260937,"0,1",1255,20,0.32278064774395243,0.32342781982119373,0.3052491787237017,0.32342781982119373,0.3242980232181323,0.3108738888147569,0.3242980232181323,-0.0006471720772412981,-0.0015173754741798495,raw cells; independent half A/B within context×perturbation; controls split independently,"floor(min(n_left,n_right)/2) cells per half",0
nadig_hepg2_vs_jurkat,matched_budget_source_frozen_replication,primary_min20,nadig_jurkat,nadig_hepg2,nadig_jurkat,absolute_effect_rank_agreement,20260937,"0,2",1255,20,0.32278064774395243,0.32342781982119373,0.3052491787237017,0.32342781982119373,0.32445878368503656,0.31090947215921005,0.32445878368503656,-0.0006471720772412981,-0.0016781359410841246,raw cells; independent half A/B within context×perturbation; controls split independently,"floor(min(n_left,n_right)/2) cells per half",0
nadig_hepg2_vs_jurkat,matched_budget_source_frozen_replication,primary_min20,nadig_jurkat,nadig_hepg2,nadig_jurkat,absolute_effect_rank_agreement,20260937,"1,2",1255,20,0.32278064774395243,0.32342781982119373,0.3052491787237017,0.32342781982119373,0.32382908557158924,0.3095706488241611,0.32382908557158924,-0.0006471720772412981,-0.0010484378276368056,raw cells; independent half A/B within context×perturbation; controls split independently,"floor(min(n_left,n_right)/2) cells per half",0
nadig_hepg2_vs_jurkat,matched_budget_source_frozen_replication,sensitivity_min40,nadig_hepg2,nadig_hepg2,nadig_jurkat,delta_cosine,20260937,"0,1",345,40,0.33199359622514324,0.29079878665318504,0.3141388608021571,0.3141388608021571,0.29047859791034714,0.31483822042467136,0.31483822042467136,0.017854735422986157,0.017155375800471884,raw cells; independent half A/B within context×perturbation; controls split independently,"floor(min(n_left,n_right)/2) cells per half",0
nadig_hepg2_vs_jurkat,matched_budget_source_frozen_replication,sensitivity_min40,nadig_hepg2,nadig_hepg2,nadig_jurkat,delta_cosine,20260937,"0,2",345,40,0.33199359622514324,0.29079878665318504,0.3141388608021571,0.3141388608021571,0.29188574317492416,0.3145348837209303,0.3145348837209303,0.017854735422986157,0.017458712504212937,raw cells; independent half A/B within context×perturbation; controls split independently,"floor(min(n_left,n_right)/2) cells per half",0
nadig_hepg2_vs_jurkat,matched_budget_source_frozen_replication,sensitivity_min40,nadig_hepg2,nadig_hepg2,nadig_jurkat,delta_cosine,20260937,"1,2",345,40,0.33199359622514324,0.29079878665318504,0.3141388608021571,0.3141388608021571,0.2904954499494439,0.31456858779912367,0.31456858779912367,0.017854735422986157,0.017425008426019573,raw cells; independent half A/B within context×perturbation; controls split independently,"floor(min(n_left,n_right)/2) cells per half",0
nadig_hepg2_vs_jurkat,matched_budget_source_frozen_replication,sensitivity_min40,nadig_hepg2,nadig_hepg2,nadig_jurkat,systema_centroid_accuracy,20260937,"0,1",345,40,0.32084175935288173,0.3020896528479946,0.3147202561509943,0.3147202561509943,0.30278901247050893,0.3160936973373778,0.3160936973373778,0.006121503201887424,0.004748062015503929,raw cells; independent half A/B within context×perturbation; controls split independently,"floor(min(n_left,n_right)/2) cells per half",0
nadig_hepg2_vs_jurkat,matched_budget_source_frozen_replication,sensitivity_min40,nadig_hepg2,nadig_hepg2,nadig_jurkat,systema_centroid_accuracy,20260937,"0,2",345,40,0.32084175935288173,0.3020896528479946,0.3147202561509943,0.3147202561509943,0.3028227165487024,0.31385658914728687,0.31385658914728687,0.006121503201887424,0.0069851702055948595,raw cells; independent half A/B within context×perturbation; controls split independently,"floor(min(n_left,n_right)/2) cells per half",0
nadig_hepg2_vs_jurkat,matched_budget_source_frozen_replication,sensitivity_min40,nadig_hepg2,nadig_hepg2,nadig_jurkat,systema_centroid_accuracy,20260937,"1,2",345,40,0.32084175935288173,0.3020896528479946,0.3147202561509943,0.3147202561509943,0.30195483653522076,0.3148045163464779,0.3148045163464779,0.006121503201887424,0.006037243006403847,raw cells; independent half A/B within context×perturbation; controls split independently,"floor(min(n_left,n_right)/2) cells per half",0
nadig_hepg2_vs_jurkat,matched_budget_source_frozen_replication,sensitivity_min40,nadig_hepg2,nadig_hepg2,nadig_jurkat,absolute_effect_rank_agreement,20260937,"0,1",345,40,0.3262133468149646,0.29563532187394675,0.3180485338725986,0.3180485338725986,0.2969582069430401,0.31728176609369735,0.31728176609369735,0.008164812942365984,0.008931580721267263,raw cells; independent half A/B within context×perturbation; controls split independently,"floor(min(n_left,n_right)/2) cells per half",0
nadig_hepg2_vs_jurkat,matched_budget_source_frozen_replication,sensitivity_min40,nadig_hepg2,nadig_hepg2,nadig_jurkat,absolute_effect_rank_agreement,20260937,"0,2",345,40,0.3262133468149646,0.29563532187394675,0.3180485338725986,0.3180485338725986,0.2973289518031682,0.3186215032018874,0.3186215032018874,0.008164812942365984,0.007591843613077187,raw cells; independent half A/B within context×perturbation; controls split independently,"floor(min(n_left,n_right)/2) cells per half",0
nadig_hepg2_vs_jurkat,matched_budget_source_frozen_replication,sensitivity_min40,nadig_hepg2,nadig_hepg2,nadig_jurkat,absolute_effect_rank_agreement,20260937,"1,2",345,40,0.3262133468149646,0.29563532187394675,0.3180485338725986,0.3180485338725986,0.2968149646107179,0.3186552072800809,0.3186552072800809,0.008164812942365984,0.007558139534883712,raw cells; independent half A/B within context×perturbation; controls split independently,"floor(min(n_left,n_right)/2) cells per half",0
nadig_hepg2_vs_jurkat,matched_budget_source_frozen_replication,sensitivity_min40,nadig_jurkat,nadig_hepg2,nadig_jurkat,delta_cosine,20260937,"0,1",345,40,0.3304095045500506,0.3059824738793394,0.31820020222446915,0.31820020222446915,0.3064206268958544,0.31944725311762723,0.31944725311762723,0.012209302325581428,0.010962251432423353,raw cells; independent half A/B within context×perturbation; controls split independently,"floor(min(n_left,n_right)/2) cells per half",0
nadig_hepg2_vs_jurkat,matched_budget_source_frozen_replication,sensitivity_min40,nadig_jurkat,nadig_hepg2,nadig_jurkat,delta_cosine,20260937,"0,2",345,40,0.3304095045500506,0.3059824738793394,0.31820020222446915,0.31820020222446915,0.3056622851365015,0.31896697000337043,0.31896697000337043,0.012209302325581428,0.01144253454668015,raw cells; independent half A/B within context×perturbation; controls split independently,"floor(min(n_left,n_right)/2) cells per half",0
nadig_hepg2_vs_jurkat,matched_budget_source_frozen_replication,sensitivity_min40,nadig_jurkat,nadig_hepg2,nadig_jurkat,delta_cosine,20260937,"1,2",345,40,0.3304095045500506,0.3059824738793394,0.31820020222446915,0.31820020222446915,0.3049292214357937,0.31876474553420964,0.31876474553420964,0.012209302325581428,0.011644759015840944,raw cells; independent half A/B within context×perturbation; controls split independently,"floor(min(n_left,n_right)/2) cells per half",0
nadig_hepg2_vs_jurkat,matched_budget_source_frozen_replication,sensitivity_min40,nadig_jurkat,nadig_hepg2,nadig_jurkat,systema_centroid_accuracy,20260937,"0,1",345,40,0.3197210987529491,0.31043141220087633,0.3178294573643411,0.3178294573643411,0.3112908661948096,0.31605578024941017,0.31605578024941017,0.0018916413886079786,0.0036653185035389058,raw cells; independent half A/B within context×perturbation; controls split independently,"floor(min(n_left,n_right)/2) cells per half",0
nadig_hepg2_vs_jurkat,matched_budget_source_frozen_replication,sensitivity_min40,nadig_jurkat,nadig_hepg2,nadig_jurkat,systema_centroid_accuracy,20260937,"0,2",345,40,0.3197210987529491,0.31043141220087633,0.3178294573643411,0.3178294573643411,0.3112992922143579,0.3184319177620492,0.3184319177620492,0.0018916413886079786,0.001289180990899863,raw cells; independent half A/B within context×perturbation; controls split independently,"floor(min(n_left,n_right)/2) cells per half",0
nadig_hepg2_vs_jurkat,matched_budget_source_frozen_replication,sensitivity_min40,nadig_jurkat,nadig_hepg2,nadig_jurkat,systema_centroid_accuracy,20260937,"1,2",345,40,0.3197210987529491,0.31043141220087633,0.3178294573643411,0.3178294573643411,0.3111097067745197,0.317458712504213,0.317458712504213,0.0018916413886079786,0.0022623862487360924,raw cells; independent half A/B within context×perturbation; controls split independently,"floor(min(n_left,n_right)/2) cells per half",0
nadig_hepg2_vs_jurkat,matched_budget_source_frozen_replication,sensitivity_min40,nadig_jurkat,nadig_hepg2,nadig_jurkat,absolute_effect_rank_agreement,20260937,"0,1",345,40,0.3270475227502528,0.30151668351870575,0.3197337377822716,0.3197337377822716,0.30197168857431744,0.3199865183687226,0.3199865183687226,0.007313784967981185,0.007061004381530178,raw cells; independent half A/B within context×perturbation; controls split independently,"floor(min(n_left,n_right)/2) cells per half",0
nadig_hepg2_vs_jurkat,matched_budget_source_frozen_replication,sensitivity_min40,nadig_jurkat,nadig_hepg2,nadig_jurkat,absolute_effect_rank_agreement,20260937,"0,2",345,40,0.3270475227502528,0.30151668351870575,0.3197337377822716,0.3197337377822716,0.3025952140208965,0.32006235254465787,0.32006235254465787,0.007313784967981185,0.006985170205594915,raw cells; independent half A/B within context×perturbation; controls split independently,"floor(min(n_left,n_right)/2) cells per half",0
nadig_hepg2_vs_jurkat,matched_budget_source_frozen_replication,sensitivity_min40,nadig_jurkat,nadig_hepg2,nadig_jurkat,absolute_effect_rank_agreement,20260937,"1,2",345,40,0.3270475227502528,0.30151668351870575,0.3197337377822716,0.3197337377822716,0.30215706100438156,0.32010448264239977,0.32010448264239977,0.007313784967981185,0.006943040107853016,raw cells; independent half A/B within context×perturbation; controls split independently,"floor(min(n_left,n_right)/2) cells per half",0
