analysis,metric,method,environment_key,predictor,scenario,heldout_environment_id,heldout_predictor,n,aurc,optimal_aurc,excess_aurc,brier,mean_continuous_risk,risk_at_50,risk_at_80,ftr_at_50,ftr_at_80,log_loss,auroc,auprc
selective_risk_under_alternative_fidelity,delta_cosine,raw_normalized_uq,frangieh_melanoma_coculture,mean_matching,in_domain,,,50.0,0.7433460803906126,0.6797754020221507,0.06357067836846186,0.3281925384867996,0.7543339736981385,0.7565242039164931,0.7551768289907198,0.31999999999999995,0.375,1.029534300754479,0.5,0.62
selective_risk_under_alternative_fidelity,delta_cosine,best_scalar_uq,frangieh_melanoma_coculture,mean_matching,in_domain,,,50.0,0.7433460803906126,0.6797754020221507,0.06357067836846186,0.3443543074366348,0.7543339736981385,0.7565242039164931,0.7551768289907198,0.31999999999999995,0.375,0.8972747032691961,0.5,0.62
selective_risk_under_alternative_fidelity,delta_cosine,u_only_rf,frangieh_melanoma_coculture,mean_matching,in_domain,,,50.0,0.7433460803906126,0.6797754020221507,0.06357067836846186,0.2757276659526708,0.7543339736981385,0.7565242039164931,0.7551768289907198,0.31999999999999995,0.375,0.745108746269251,0.5,0.62
selective_risk_under_alternative_fidelity,delta_cosine,u_p_rf,frangieh_melanoma_coculture,mean_matching,in_domain,,,50.0,0.7433460803906126,0.6797754020221507,0.06357067836846186,0.27563772718429114,0.7543339736981385,0.7565242039164931,0.7551768289907198,0.31999999999999995,0.375,0.7449241177933742,0.5,0.62
selective_risk_under_alternative_fidelity,delta_cosine,u_ps_rf,frangieh_melanoma_coculture,mean_matching,in_domain,,,50.0,0.7433460803906126,0.6797754020221507,0.06357067836846186,0.2753746607537612,0.7543339736981385,0.7565242039164931,0.7551768289907198,0.31999999999999995,0.375,0.7443842450941591,0.5,0.62
selective_risk_under_alternative_fidelity,delta_cosine,u_psn_rf,frangieh_melanoma_coculture,mean_matching,in_domain,,,50.0,0.7433460803906126,0.6797754020221507,0.06357067836846186,0.27575791091346163,0.7543339736981385,0.7565242039164931,0.7551768289907198,0.31999999999999995,0.375,0.7451708399952838,0.5,0.62
selective_risk_under_alternative_fidelity,delta_cosine,ptl_rf,frangieh_melanoma_coculture,mean_matching,in_domain,,,50.0,0.7433460803906126,0.6797754020221507,0.06357067836846186,0.2770059342766969,0.7543339736981385,0.7565242039164931,0.7551768289907198,0.31999999999999995,0.375,0.7477357873674486,0.5,0.62
selective_risk_under_alternative_fidelity,centered_delta_cosine,raw_normalized_uq,frangieh_melanoma_coculture,mean_matching,in_domain,,,50.0,0.7741373355553255,0.6950484297675931,0.07908890578773242,0.3281925384867996,0.7670373753234924,0.7858558308138758,0.7738961360213934,0.31999999999999995,0.375,1.029534300754479,0.5,0.62
selective_risk_under_alternative_fidelity,centered_delta_cosine,best_scalar_uq,frangieh_melanoma_coculture,mean_matching,in_domain,,,50.0,0.7741373355553255,0.6950484297675931,0.07908890578773242,0.3443543074366348,0.7670373753234924,0.7858558308138758,0.7738961360213934,0.31999999999999995,0.375,0.8972747032691961,0.5,0.62
selective_risk_under_alternative_fidelity,centered_delta_cosine,u_only_rf,frangieh_melanoma_coculture,mean_matching,in_domain,,,50.0,0.7741373355553255,0.6950484297675931,0.07908890578773242,0.2757276659526708,0.7670373753234924,0.7858558308138758,0.7738961360213934,0.31999999999999995,0.375,0.745108746269251,0.5,0.62
selective_risk_under_alternative_fidelity,centered_delta_cosine,u_p_rf,frangieh_melanoma_coculture,mean_matching,in_domain,,,50.0,0.7741373355553255,0.6950484297675931,0.07908890578773242,0.27563772718429114,0.7670373753234924,0.7858558308138758,0.7738961360213934,0.31999999999999995,0.375,0.7449241177933742,0.5,0.62
selective_risk_under_alternative_fidelity,centered_delta_cosine,u_ps_rf,frangieh_melanoma_coculture,mean_matching,in_domain,,,50.0,0.7741373355553255,0.6950484297675931,0.07908890578773242,0.2753746607537612,0.7670373753234924,0.7858558308138758,0.7738961360213934,0.31999999999999995,0.375,0.7443842450941591,0.5,0.62
selective_risk_under_alternative_fidelity,centered_delta_cosine,u_psn_rf,frangieh_melanoma_coculture,mean_matching,in_domain,,,50.0,0.7741373355553255,0.6950484297675931,0.07908890578773242,0.27575791091346163,0.7670373753234924,0.7858558308138758,0.7738961360213934,0.31999999999999995,0.375,0.7451708399952838,0.5,0.62
selective_risk_under_alternative_fidelity,centered_delta_cosine,ptl_rf,frangieh_melanoma_coculture,mean_matching,in_domain,,,50.0,0.7741373355553255,0.6950484297675931,0.07908890578773242,0.2770059342766969,0.7670373753234924,0.7858558308138758,0.7738961360213934,0.31999999999999995,0.375,0.7477357873674486,0.5,0.62
selective_risk_under_alternative_fidelity,absolute_effect_rank_agreement,raw_normalized_uq,frangieh_melanoma_coculture,mean_matching,in_domain,,,50.0,0.6736055909130094,0.6557271612640099,0.01787842964899955,0.3281925384867996,0.6780723440086491,0.6723166315060347,0.6762741144496127,0.31999999999999995,0.375,1.029534300754479,0.5,0.62
selective_risk_under_alternative_fidelity,absolute_effect_rank_agreement,best_scalar_uq,frangieh_melanoma_coculture,mean_matching,in_domain,,,50.0,0.6736055909130094,0.6557271612640099,0.01787842964899955,0.3443543074366348,0.6780723440086491,0.6723166315060347,0.6762741144496127,0.31999999999999995,0.375,0.8972747032691961,0.5,0.62
selective_risk_under_alternative_fidelity,absolute_effect_rank_agreement,u_only_rf,frangieh_melanoma_coculture,mean_matching,in_domain,,,50.0,0.6736055909130094,0.6557271612640099,0.01787842964899955,0.2757276659526708,0.6780723440086491,0.6723166315060347,0.6762741144496127,0.31999999999999995,0.375,0.745108746269251,0.5,0.62
selective_risk_under_alternative_fidelity,absolute_effect_rank_agreement,u_p_rf,frangieh_melanoma_coculture,mean_matching,in_domain,,,50.0,0.6736055909130094,0.6557271612640099,0.01787842964899955,0.27563772718429114,0.6780723440086491,0.6723166315060347,0.6762741144496127,0.31999999999999995,0.375,0.7449241177933742,0.5,0.62
selective_risk_under_alternative_fidelity,absolute_effect_rank_agreement,u_ps_rf,frangieh_melanoma_coculture,mean_matching,in_domain,,,50.0,0.6736055909130094,0.6557271612640099,0.01787842964899955,0.2753746607537612,0.6780723440086491,0.6723166315060347,0.6762741144496127,0.31999999999999995,0.375,0.7443842450941591,0.5,0.62
selective_risk_under_alternative_fidelity,absolute_effect_rank_agreement,u_psn_rf,frangieh_melanoma_coculture,mean_matching,in_domain,,,50.0,0.6736055909130094,0.6557271612640099,0.01787842964899955,0.27575791091346163,0.6780723440086491,0.6723166315060347,0.6762741144496127,0.31999999999999995,0.375,0.7451708399952838,0.5,0.62
selective_risk_under_alternative_fidelity,absolute_effect_rank_agreement,ptl_rf,frangieh_melanoma_coculture,mean_matching,in_domain,,,50.0,0.6736055909130094,0.6557271612640099,0.01787842964899955,0.2770059342766969,0.6780723440086491,0.6723166315060347,0.6762741144496127,0.31999999999999995,0.375,0.7477357873674486,0.5,0.62
selective_risk_under_alternative_fidelity,delta_cosine,raw_normalized_uq,frangieh_melanoma_coculture,mean_matching,leave_environment_out,env__v~frangiehizar2021%5Frna__v~patient-derived%5Fmelanoma__v~rna__v~co-culture,,50.0,0.7433460803906126,0.6797754020221507,0.06357067836846186,0.54,0.7543339736981385,0.7565242039164931,0.7551768289907198,0.52,0.55,6.216984351109382,0.5,0.46
selective_risk_under_alternative_fidelity,delta_cosine,best_scalar_uq,frangieh_melanoma_coculture,mean_matching,leave_environment_out,env__v~frangiehizar2021%5Frna__v~patient-derived%5Fmelanoma__v~rna__v~co-culture,,50.0,0.7433460803906126,0.6797754020221507,0.06357067836846186,0.29133676980694023,0.7543339736981385,0.7565242039164931,0.7551768289907198,0.52,0.55,0.7899531848689293,0.5,0.46
selective_risk_under_alternative_fidelity,delta_cosine,u_only_rf,frangieh_melanoma_coculture,mean_matching,leave_environment_out,env__v~frangiehizar2021%5Frna__v~patient-derived%5Fmelanoma__v~rna__v~co-culture,,50.0,0.7433460803906126,0.6797754020221507,0.06357067836846186,0.25434090394300995,0.7543339736981385,0.7565242039164931,0.7551768289907198,0.52,0.55,0.7022550990408698,0.5,0.46
selective_risk_under_alternative_fidelity,delta_cosine,u_p_rf,frangieh_melanoma_coculture,mean_matching,leave_environment_out,env__v~frangiehizar2021%5Frna__v~patient-derived%5Fmelanoma__v~rna__v~co-culture,,50.0,0.7433460803906126,0.6797754020221507,0.06357067836846186,0.2685053555808627,0.7543339736981385,0.7565242039164931,0.7551768289907198,0.52,0.55,0.7335604484454815,0.5,0.46
selective_risk_under_alternative_fidelity,delta_cosine,u_ps_rf,frangieh_melanoma_coculture,mean_matching,leave_environment_out,env__v~frangiehizar2021%5Frna__v~patient-derived%5Fmelanoma__v~rna__v~co-culture,,50.0,0.7433460803906126,0.6797754020221507,0.06357067836846186,0.2582987996417455,0.7543339736981385,0.7565242039164931,0.7551768289907198,0.52,0.55,0.7107350579814101,0.5,0.46
selective_risk_under_alternative_fidelity,delta_cosine,u_psn_rf,frangieh_melanoma_coculture,mean_matching,leave_environment_out,env__v~frangiehizar2021%5Frna__v~patient-derived%5Fmelanoma__v~rna__v~co-culture,,50.0,0.7433460803906126,0.6797754020221507,0.06357067836846186,0.2627366177187631,0.7543339736981385,0.7565242039164931,0.7551768289907198,0.52,0.55,0.7204895844448451,0.5,0.46
selective_risk_under_alternative_fidelity,delta_cosine,ptl_rf,frangieh_melanoma_coculture,mean_matching,leave_environment_out,env__v~frangiehizar2021%5Frna__v~patient-derived%5Fmelanoma__v~rna__v~co-culture,,50.0,0.7433460803906126,0.6797754020221507,0.06357067836846186,0.25243739943076093,0.7543339736981385,0.7565242039164931,0.7551768289907198,0.52,0.55,0.6982521982991149,0.5,0.46
selective_risk_under_alternative_fidelity,centered_delta_cosine,raw_normalized_uq,frangieh_melanoma_coculture,mean_matching,leave_environment_out,env__v~frangiehizar2021%5Frna__v~patient-derived%5Fmelanoma__v~rna__v~co-culture,,50.0,0.7741373355553255,0.6950484297675931,0.07908890578773242,0.54,0.7670373753234924,0.7858558308138758,0.7738961360213934,0.52,0.55,6.216984351109382,0.5,0.46
selective_risk_under_alternative_fidelity,centered_delta_cosine,best_scalar_uq,frangieh_melanoma_coculture,mean_matching,leave_environment_out,env__v~frangiehizar2021%5Frna__v~patient-derived%5Fmelanoma__v~rna__v~co-culture,,50.0,0.7741373355553255,0.6950484297675931,0.07908890578773242,0.29133676980694023,0.7670373753234924,0.7858558308138758,0.7738961360213934,0.52,0.55,0.7899531848689293,0.5,0.46
selective_risk_under_alternative_fidelity,centered_delta_cosine,u_only_rf,frangieh_melanoma_coculture,mean_matching,leave_environment_out,env__v~frangiehizar2021%5Frna__v~patient-derived%5Fmelanoma__v~rna__v~co-culture,,50.0,0.7741373355553255,0.6950484297675931,0.07908890578773242,0.25434090394300995,0.7670373753234924,0.7858558308138758,0.7738961360213934,0.52,0.55,0.7022550990408698,0.5,0.46
selective_risk_under_alternative_fidelity,centered_delta_cosine,u_p_rf,frangieh_melanoma_coculture,mean_matching,leave_environment_out,env__v~frangiehizar2021%5Frna__v~patient-derived%5Fmelanoma__v~rna__v~co-culture,,50.0,0.7741373355553255,0.6950484297675931,0.07908890578773242,0.2685053555808627,0.7670373753234924,0.7858558308138758,0.7738961360213934,0.52,0.55,0.7335604484454815,0.5,0.46
selective_risk_under_alternative_fidelity,centered_delta_cosine,u_ps_rf,frangieh_melanoma_coculture,mean_matching,leave_environment_out,env__v~frangiehizar2021%5Frna__v~patient-derived%5Fmelanoma__v~rna__v~co-culture,,50.0,0.7741373355553255,0.6950484297675931,0.07908890578773242,0.2582987996417455,0.7670373753234924,0.7858558308138758,0.7738961360213934,0.52,0.55,0.7107350579814101,0.5,0.46
selective_risk_under_alternative_fidelity,centered_delta_cosine,u_psn_rf,frangieh_melanoma_coculture,mean_matching,leave_environment_out,env__v~frangiehizar2021%5Frna__v~patient-derived%5Fmelanoma__v~rna__v~co-culture,,50.0,0.7741373355553255,0.6950484297675931,0.07908890578773242,0.2627366177187631,0.7670373753234924,0.7858558308138758,0.7738961360213934,0.52,0.55,0.7204895844448451,0.5,0.46
selective_risk_under_alternative_fidelity,centered_delta_cosine,ptl_rf,frangieh_melanoma_coculture,mean_matching,leave_environment_out,env__v~frangiehizar2021%5Frna__v~patient-derived%5Fmelanoma__v~rna__v~co-culture,,50.0,0.7741373355553255,0.6950484297675931,0.07908890578773242,0.25243739943076093,0.7670373753234924,0.7858558308138758,0.7738961360213934,0.52,0.55,0.6982521982991149,0.5,0.46
selective_risk_under_alternative_fidelity,absolute_effect_rank_agreement,raw_normalized_uq,frangieh_melanoma_coculture,mean_matching,leave_environment_out,env__v~frangiehizar2021%5Frna__v~patient-derived%5Fmelanoma__v~rna__v~co-culture,,50.0,0.6736055909130094,0.6557271612640099,0.01787842964899955,0.54,0.6780723440086491,0.6723166315060347,0.6762741144496127,0.52,0.55,6.216984351109382,0.5,0.46
selective_risk_under_alternative_fidelity,absolute_effect_rank_agreement,best_scalar_uq,frangieh_melanoma_coculture,mean_matching,leave_environment_out,env__v~frangiehizar2021%5Frna__v~patient-derived%5Fmelanoma__v~rna__v~co-culture,,50.0,0.6736055909130094,0.6557271612640099,0.01787842964899955,0.29133676980694023,0.6780723440086491,0.6723166315060347,0.6762741144496127,0.52,0.55,0.7899531848689293,0.5,0.46
selective_risk_under_alternative_fidelity,absolute_effect_rank_agreement,u_only_rf,frangieh_melanoma_coculture,mean_matching,leave_environment_out,env__v~frangiehizar2021%5Frna__v~patient-derived%5Fmelanoma__v~rna__v~co-culture,,50.0,0.6736055909130094,0.6557271612640099,0.01787842964899955,0.25434090394300995,0.6780723440086491,0.6723166315060347,0.6762741144496127,0.52,0.55,0.7022550990408698,0.5,0.46
selective_risk_under_alternative_fidelity,absolute_effect_rank_agreement,u_p_rf,frangieh_melanoma_coculture,mean_matching,leave_environment_out,env__v~frangiehizar2021%5Frna__v~patient-derived%5Fmelanoma__v~rna__v~co-culture,,50.0,0.6736055909130094,0.6557271612640099,0.01787842964899955,0.2685053555808627,0.6780723440086491,0.6723166315060347,0.6762741144496127,0.52,0.55,0.7335604484454815,0.5,0.46
selective_risk_under_alternative_fidelity,absolute_effect_rank_agreement,u_ps_rf,frangieh_melanoma_coculture,mean_matching,leave_environment_out,env__v~frangiehizar2021%5Frna__v~patient-derived%5Fmelanoma__v~rna__v~co-culture,,50.0,0.6736055909130094,0.6557271612640099,0.01787842964899955,0.2582987996417455,0.6780723440086491,0.6723166315060347,0.6762741144496127,0.52,0.55,0.7107350579814101,0.5,0.46
selective_risk_under_alternative_fidelity,absolute_effect_rank_agreement,u_psn_rf,frangieh_melanoma_coculture,mean_matching,leave_environment_out,env__v~frangiehizar2021%5Frna__v~patient-derived%5Fmelanoma__v~rna__v~co-culture,,50.0,0.6736055909130094,0.6557271612640099,0.01787842964899955,0.2627366177187631,0.6780723440086491,0.6723166315060347,0.6762741144496127,0.52,0.55,0.7204895844448451,0.5,0.46
selective_risk_under_alternative_fidelity,absolute_effect_rank_agreement,ptl_rf,frangieh_melanoma_coculture,mean_matching,leave_environment_out,env__v~frangiehizar2021%5Frna__v~patient-derived%5Fmelanoma__v~rna__v~co-culture,,50.0,0.6736055909130094,0.6557271612640099,0.01787842964899955,0.25243739943076093,0.6780723440086491,0.6723166315060347,0.6762741144496127,0.52,0.55,0.6982521982991149,0.5,0.46
selective_risk_under_alternative_fidelity,delta_cosine,raw_normalized_uq,frangieh_melanoma_coculture,mean_matching,leave_predictor_out,,mean_matching,50.0,0.7433460803906126,0.6797754020221507,0.06357067836846186,0.28,0.7543339736981385,0.7565242039164931,0.7551768289907198,0.24,0.275,3.2236263302289387,0.5,0.72
selective_risk_under_alternative_fidelity,delta_cosine,best_scalar_uq,frangieh_melanoma_coculture,mean_matching,leave_predictor_out,,mean_matching,50.0,0.7433460803906126,0.6797754020221507,0.06357067836846186,0.21468389574978353,0.7543339736981385,0.7565242039164931,0.7551768289907198,0.24,0.275,0.6338283854551438,0.5,0.72
selective_risk_under_alternative_fidelity,delta_cosine,u_only_rf,frangieh_melanoma_coculture,mean_matching,leave_predictor_out,,mean_matching,50.0,0.7433460803906126,0.6797754020221507,0.06357067836846186,0.24912201062293732,0.7543339736981385,0.7565242039164931,0.7551768289907198,0.24,0.275,0.8246405846738256,0.5,0.72
selective_risk_under_alternative_fidelity,delta_cosine,u_p_rf,frangieh_melanoma_coculture,mean_matching,leave_predictor_out,,mean_matching,50.0,0.7433460803906126,0.6797754020221507,0.06357067836846186,0.21911189905870923,0.7543339736981385,0.7565242039164931,0.7551768289907198,0.24,0.275,0.650622407424224,0.5,0.72
selective_risk_under_alternative_fidelity,delta_cosine,u_ps_rf,frangieh_melanoma_coculture,mean_matching,leave_predictor_out,,mean_matching,50.0,0.7433460803906126,0.6797754020221507,0.06357067836846186,0.21529902169123047,0.7543339736981385,0.7565242039164931,0.7551768289907198,0.24,0.275,0.6360686239470159,0.5,0.72
selective_risk_under_alternative_fidelity,delta_cosine,u_psn_rf,frangieh_melanoma_coculture,mean_matching,leave_predictor_out,,mean_matching,50.0,0.7433460803906126,0.6797754020221507,0.06357067836846186,0.21531214652594075,0.7543339736981385,0.7565242039164931,0.7551768289907198,0.24,0.275,0.6361167414231771,0.5,0.72
selective_risk_under_alternative_fidelity,delta_cosine,ptl_rf,frangieh_melanoma_coculture,mean_matching,leave_predictor_out,,mean_matching,50.0,0.7433460803906126,0.6797754020221507,0.06357067836846186,0.2059669692513173,0.7543339736981385,0.7565242039164931,0.7551768289907198,0.24,0.275,0.605105715820742,0.5,0.72
selective_risk_under_alternative_fidelity,centered_delta_cosine,raw_normalized_uq,frangieh_melanoma_coculture,mean_matching,leave_predictor_out,,mean_matching,50.0,0.7741373355553255,0.6950484297675931,0.07908890578773242,0.28,0.7670373753234924,0.7858558308138758,0.7738961360213934,0.24,0.275,3.2236263302289387,0.5,0.72
selective_risk_under_alternative_fidelity,centered_delta_cosine,best_scalar_uq,frangieh_melanoma_coculture,mean_matching,leave_predictor_out,,mean_matching,50.0,0.7741373355553255,0.6950484297675931,0.07908890578773242,0.21468389574978353,0.7670373753234924,0.7858558308138758,0.7738961360213934,0.24,0.275,0.6338283854551438,0.5,0.72
selective_risk_under_alternative_fidelity,centered_delta_cosine,u_only_rf,frangieh_melanoma_coculture,mean_matching,leave_predictor_out,,mean_matching,50.0,0.7741373355553255,0.6950484297675931,0.07908890578773242,0.24912201062293732,0.7670373753234924,0.7858558308138758,0.7738961360213934,0.24,0.275,0.8246405846738256,0.5,0.72
selective_risk_under_alternative_fidelity,centered_delta_cosine,u_p_rf,frangieh_melanoma_coculture,mean_matching,leave_predictor_out,,mean_matching,50.0,0.7741373355553255,0.6950484297675931,0.07908890578773242,0.21911189905870923,0.7670373753234924,0.7858558308138758,0.7738961360213934,0.24,0.275,0.650622407424224,0.5,0.72
selective_risk_under_alternative_fidelity,centered_delta_cosine,u_ps_rf,frangieh_melanoma_coculture,mean_matching,leave_predictor_out,,mean_matching,50.0,0.7741373355553255,0.6950484297675931,0.07908890578773242,0.21529902169123047,0.7670373753234924,0.7858558308138758,0.7738961360213934,0.24,0.275,0.6360686239470159,0.5,0.72
selective_risk_under_alternative_fidelity,centered_delta_cosine,u_psn_rf,frangieh_melanoma_coculture,mean_matching,leave_predictor_out,,mean_matching,50.0,0.7741373355553255,0.6950484297675931,0.07908890578773242,0.21531214652594075,0.7670373753234924,0.7858558308138758,0.7738961360213934,0.24,0.275,0.6361167414231771,0.5,0.72
selective_risk_under_alternative_fidelity,centered_delta_cosine,ptl_rf,frangieh_melanoma_coculture,mean_matching,leave_predictor_out,,mean_matching,50.0,0.7741373355553255,0.6950484297675931,0.07908890578773242,0.2059669692513173,0.7670373753234924,0.7858558308138758,0.7738961360213934,0.24,0.275,0.605105715820742,0.5,0.72
selective_risk_under_alternative_fidelity,absolute_effect_rank_agreement,raw_normalized_uq,frangieh_melanoma_coculture,mean_matching,leave_predictor_out,,mean_matching,50.0,0.6736055909130094,0.6557271612640099,0.01787842964899955,0.28,0.6780723440086491,0.6723166315060347,0.6762741144496127,0.24,0.275,3.2236263302289387,0.5,0.72
selective_risk_under_alternative_fidelity,absolute_effect_rank_agreement,best_scalar_uq,frangieh_melanoma_coculture,mean_matching,leave_predictor_out,,mean_matching,50.0,0.6736055909130094,0.6557271612640099,0.01787842964899955,0.21468389574978353,0.6780723440086491,0.6723166315060347,0.6762741144496127,0.24,0.275,0.6338283854551438,0.5,0.72
selective_risk_under_alternative_fidelity,absolute_effect_rank_agreement,u_only_rf,frangieh_melanoma_coculture,mean_matching,leave_predictor_out,,mean_matching,50.0,0.6736055909130094,0.6557271612640099,0.01787842964899955,0.24912201062293732,0.6780723440086491,0.6723166315060347,0.6762741144496127,0.24,0.275,0.8246405846738256,0.5,0.72
selective_risk_under_alternative_fidelity,absolute_effect_rank_agreement,u_p_rf,frangieh_melanoma_coculture,mean_matching,leave_predictor_out,,mean_matching,50.0,0.6736055909130094,0.6557271612640099,0.01787842964899955,0.21911189905870923,0.6780723440086491,0.6723166315060347,0.6762741144496127,0.24,0.275,0.650622407424224,0.5,0.72
selective_risk_under_alternative_fidelity,absolute_effect_rank_agreement,u_ps_rf,frangieh_melanoma_coculture,mean_matching,leave_predictor_out,,mean_matching,50.0,0.6736055909130094,0.6557271612640099,0.01787842964899955,0.21529902169123047,0.6780723440086491,0.6723166315060347,0.6762741144496127,0.24,0.275,0.6360686239470159,0.5,0.72
selective_risk_under_alternative_fidelity,absolute_effect_rank_agreement,u_psn_rf,frangieh_melanoma_coculture,mean_matching,leave_predictor_out,,mean_matching,50.0,0.6736055909130094,0.6557271612640099,0.01787842964899955,0.21531214652594075,0.6780723440086491,0.6723166315060347,0.6762741144496127,0.24,0.275,0.6361167414231771,0.5,0.72
selective_risk_under_alternative_fidelity,absolute_effect_rank_agreement,ptl_rf,frangieh_melanoma_coculture,mean_matching,leave_predictor_out,,mean_matching,50.0,0.6736055909130094,0.6557271612640099,0.01787842964899955,0.2059669692513173,0.6780723440086491,0.6723166315060347,0.6762741144496127,0.24,0.275,0.605105715820742,0.5,0.72
selective_risk_under_alternative_fidelity,delta_cosine,raw_normalized_uq,frangieh_melanoma_coculture,slim_string,in_domain,,,50.0,0.9089854168364734,0.8667001717850918,0.04228524505138154,0.2965725601807163,0.9444128791425244,0.9165005508131665,0.937072381772936,0.96,0.975,0.8154891649472437,1.0,1.0
selective_risk_under_alternative_fidelity,delta_cosine,best_scalar_uq,frangieh_melanoma_coculture,slim_string,in_domain,,,50.0,0.9275724943870377,0.8667001717850918,0.06087232260194586,0.16144632745872683,0.9444128791425244,0.9499795536730556,0.9452915717313495,0.96,0.975,0.48919384767735424,1.0,1.0
selective_risk_under_alternative_fidelity,delta_cosine,u_only_rf,frangieh_melanoma_coculture,slim_string,in_domain,,,50.0,0.9251036181930486,0.8667001717850918,0.058403446407956805,0.17640584569642198,0.9444128791425244,0.9360253271930479,0.9452956675547,0.96,0.975,0.5280491144141862,0.9795918367346939,0.5
selective_risk_under_alternative_fidelity,delta_cosine,u_p_rf,frangieh_melanoma_coculture,slim_string,in_domain,,,50.0,0.9296989544791504,0.8667001717850918,0.06299878269405856,0.10869012840503592,0.9444128791425244,0.9377792744341675,0.9416326531450124,0.96,0.975,0.36302808705327655,0.9591836734693877,0.3333333333333333
selective_risk_under_alternative_fidelity,delta_cosine,u_ps_rf,frangieh_melanoma_coculture,slim_string,in_domain,,,50.0,0.9222922887573469,0.8667001717850918,0.05559211697225508,0.11286362835740632,0.9444128791425244,0.9268708257869004,0.9418567768094019,0.96,0.975,0.3750700412839384,0.9795918367346939,0.5
selective_risk_under_alternative_fidelity,delta_cosine,u_psn_rf,frangieh_melanoma_coculture,slim_string,in_domain,,,50.0,0.9240736244377209,0.8667001717850918,0.05737345265262905,0.11239523903335445,0.9444128791425244,0.9268708257869004,0.9416326531450123,0.96,0.975,0.37377250122511396,0.9795918367346939,0.5
selective_risk_under_alternative_fidelity,delta_cosine,ptl_rf,frangieh_melanoma_coculture,slim_string,in_domain,,,50.0,0.9163342814957304,0.8667001717850918,0.04963410971063853,0.028901359443188227,0.9444128791425244,0.9307274970245761,0.9363206046098294,0.96,0.975,0.15450841657738393,1.0,1.0
selective_risk_under_alternative_fidelity,centered_delta_cosine,raw_normalized_uq,frangieh_melanoma_coculture,slim_string,in_domain,,,50.0,0.919325500906082,0.8768765853569275,0.04244891554915453,0.2965725601807163,0.9501049085126012,0.9263501947247939,0.9436821477258659,0.96,0.975,0.8154891649472437,1.0,1.0
selective_risk_under_alternative_fidelity,centered_delta_cosine,best_scalar_uq,frangieh_melanoma_coculture,slim_string,in_domain,,,50.0,0.9342279088467326,0.8768765853569275,0.057351323489805095,0.16144632745872683,0.9501049085126012,0.9549415045693813,0.951129517367104,0.96,0.975,0.48919384767735424,1.0,1.0
selective_risk_under_alternative_fidelity,centered_delta_cosine,u_only_rf,frangieh_melanoma_coculture,slim_string,in_domain,,,50.0,0.9327407948416626,0.8768765853569275,0.05586420948473514,0.17640584569642198,0.9501049085126012,0.9429029052288367,0.951830415332358,0.96,0.975,0.5280491144141862,0.9795918367346939,0.5
selective_risk_under_alternative_fidelity,centered_delta_cosine,u_p_rf,frangieh_melanoma_coculture,slim_string,in_domain,,,50.0,0.9375023400808778,0.8768765853569275,0.060625754723950376,0.10869012840503592,0.9501049085126012,0.9456411660862084,0.9482174425306408,0.96,0.975,0.36302808705327655,0.9591836734693877,0.3333333333333333
selective_risk_under_alternative_fidelity,centered_delta_cosine,u_ps_rf,frangieh_melanoma_coculture,slim_string,in_domain,,,50.0,0.9307617426032828,0.8768765853569275,0.05388515724635534,0.11286362835740632,0.9501049085126012,0.9350331994638988,0.9485703997259136,0.96,0.975,0.3750700412839384,0.9795918367346939,0.5
selective_risk_under_alternative_fidelity,centered_delta_cosine,u_psn_rf,frangieh_melanoma_coculture,slim_string,in_domain,,,50.0,0.9322838646632146,0.8768765853569275,0.05540727930628708,0.11239523903335445,0.9501049085126012,0.9350331994638988,0.9482174425306408,0.96,0.975,0.37377250122511396,0.9795918367346939,0.5
selective_risk_under_alternative_fidelity,centered_delta_cosine,ptl_rf,frangieh_melanoma_coculture,slim_string,in_domain,,,50.0,0.9264689372387206,0.8768765853569275,0.04959235188179312,0.028901359443188227,0.9501049085126012,0.9401421239887945,0.9432191632866529,0.96,0.975,0.15450841657738393,1.0,1.0
selective_risk_under_alternative_fidelity,absolute_effect_rank_agreement,raw_normalized_uq,frangieh_melanoma_coculture,slim_string,in_domain,,,50.0,0.7369862807272238,0.7256404879487489,0.011345792778474917,0.2965725601807163,0.7446881230378074,0.7354890016842671,0.7430964263719185,0.96,0.975,0.8154891649472437,1.0,1.0
selective_risk_under_alternative_fidelity,absolute_effect_rank_agreement,best_scalar_uq,frangieh_melanoma_coculture,slim_string,in_domain,,,50.0,0.7391660548559836,0.7256404879487489,0.01352556690723472,0.16144632745872683,0.7446881230378074,0.7444028643953622,0.7422305773305096,0.96,0.975,0.48919384767735424,1.0,1.0
selective_risk_under_alternative_fidelity,absolute_effect_rank_agreement,u_only_rf,frangieh_melanoma_coculture,slim_string,in_domain,,,50.0,0.7388191954986237,0.7256404879487489,0.013178707549874824,0.17640584569642198,0.7446881230378074,0.7399259358362142,0.7429745416285115,0.96,0.975,0.5280491144141862,0.9795918367346939,0.5
selective_risk_under_alternative_fidelity,absolute_effect_rank_agreement,u_p_rf,frangieh_melanoma_coculture,slim_string,in_domain,,,50.0,0.7408225448824693,0.7256404879487489,0.015182056933720434,0.10869012840503592,0.7446881230378074,0.7418994530229374,0.7429950565042234,0.96,0.975,0.36302808705327655,0.9591836734693877,0.3333333333333333
selective_risk_under_alternative_fidelity,absolute_effect_rank_agreement,u_ps_rf,frangieh_melanoma_coculture,slim_string,in_domain,,,50.0,0.7395178113481523,0.7256404879487489,0.013877323399403396,0.11286362835740632,0.7446881230378074,0.7393999768713938,0.7429600122602206,0.96,0.975,0.3750700412839384,0.9795918367346939,0.5
selective_risk_under_alternative_fidelity,absolute_effect_rank_agreement,u_psn_rf,frangieh_melanoma_coculture,slim_string,in_domain,,,50.0,0.739667785527743,0.7256404879487489,0.014027297578994125,0.11239523903335445,0.7446881230378074,0.7393999768713938,0.7429950565042234,0.96,0.975,0.37377250122511396,0.9795918367346939,0.5
selective_risk_under_alternative_fidelity,absolute_effect_rank_agreement,ptl_rf,frangieh_melanoma_coculture,slim_string,in_domain,,,50.0,0.7359420975406847,0.7256404879487489,0.010301609591935823,0.028901359443188227,0.7446881230378074,0.7357753338594609,0.7426164213605337,0.96,0.975,0.15450841657738393,1.0,1.0
selective_risk_under_alternative_fidelity,delta_cosine,raw_normalized_uq,frangieh_melanoma_coculture,slim_string,leave_environment_out,env__v~frangiehizar2021%5Frna__v~patient-derived%5Fmelanoma__v~rna__v~co-culture,,50.0,0.9089854168364734,0.8667001717850918,0.04228524505138154,0.30054863807852294,0.9444128791425244,0.9165005508131665,0.937072381772936,0.96,0.975,0.8199265651123262,1.0,1.0
selective_risk_under_alternative_fidelity,delta_cosine,best_scalar_uq,frangieh_melanoma_coculture,slim_string,leave_environment_out,env__v~frangiehizar2021%5Frna__v~patient-derived%5Fmelanoma__v~rna__v~co-culture,,50.0,0.9275724943870377,0.8667001717850918,0.06087232260194586,0.14240322825831592,0.9444128791425244,0.9499795536730556,0.9452915717313495,0.96,0.975,0.4485763819241406,1.0,1.0
selective_risk_under_alternative_fidelity,delta_cosine,u_only_rf,frangieh_melanoma_coculture,slim_string,leave_environment_out,env__v~frangiehizar2021%5Frna__v~patient-derived%5Fmelanoma__v~rna__v~co-culture,,50.0,0.9130299326550722,0.8667001717850918,0.04632976086998031,0.19525817903488663,0.9444128791425244,0.9225719022219454,0.9387533565772355,0.96,0.975,0.577194454106258,1.0,1.0
selective_risk_under_alternative_fidelity,delta_cosine,u_p_rf,frangieh_melanoma_coculture,slim_string,leave_environment_out,env__v~frangiehizar2021%5Frna__v~patient-derived%5Fmelanoma__v~rna__v~co-culture,,50.0,0.9254597753559718,0.8667001717850918,0.05875960357087995,0.14301388469978565,0.9444128791425244,0.9236305296814775,0.9369549993815104,0.96,0.975,0.4496423700027021,0.9387755102040817,0.25
selective_risk_under_alternative_fidelity,delta_cosine,u_ps_rf,frangieh_melanoma_coculture,slim_string,leave_environment_out,env__v~frangiehizar2021%5Frna__v~patient-derived%5Fmelanoma__v~rna__v~co-culture,,50.0,0.9223402020551614,0.8667001717850918,0.055640030270069585,0.13991366551946688,0.9444128791425244,0.9247803927365471,0.938964621404305,0.96,0.975,0.44304403183371127,0.9387755102040817,0.25
selective_risk_under_alternative_fidelity,delta_cosine,u_psn_rf,frangieh_melanoma_coculture,slim_string,leave_environment_out,env__v~frangiehizar2021%5Frna__v~patient-derived%5Fmelanoma__v~rna__v~co-culture,,50.0,0.9245478827160392,0.8667001717850918,0.057847710930947316,0.1378825251587448,0.9444128791425244,0.9236305296814775,0.9453440855401531,0.96,0.975,0.43773932219155626,0.9387755102040817,0.25
selective_risk_under_alternative_fidelity,delta_cosine,ptl_rf,frangieh_melanoma_coculture,slim_string,leave_environment_out,env__v~frangiehizar2021%5Frna__v~patient-derived%5Fmelanoma__v~rna__v~co-culture,,50.0,0.9115417217314203,0.8667001717850918,0.044841549946328496,0.04078576835347294,0.9444128791425244,0.9234060511514822,0.9366217653378385,0.96,0.975,0.20254403904297685,1.0,1.0
selective_risk_under_alternative_fidelity,centered_delta_cosine,raw_normalized_uq,frangieh_melanoma_coculture,slim_string,leave_environment_out,env__v~frangiehizar2021%5Frna__v~patient-derived%5Fmelanoma__v~rna__v~co-culture,,50.0,0.919325500906082,0.8768765853569275,0.04244891554915453,0.30054863807852294,0.9501049085126012,0.9263501947247939,0.9436821477258659,0.96,0.975,0.8199265651123262,1.0,1.0
selective_risk_under_alternative_fidelity,centered_delta_cosine,best_scalar_uq,frangieh_melanoma_coculture,slim_string,leave_environment_out,env__v~frangiehizar2021%5Frna__v~patient-derived%5Fmelanoma__v~rna__v~co-culture,,50.0,0.9342279088467326,0.8768765853569275,0.057351323489805095,0.14240322825831592,0.9501049085126012,0.9549415045693813,0.951129517367104,0.96,0.975,0.4485763819241406,1.0,1.0
selective_risk_under_alternative_fidelity,centered_delta_cosine,u_only_rf,frangieh_melanoma_coculture,slim_string,leave_environment_out,env__v~frangiehizar2021%5Frna__v~patient-derived%5Fmelanoma__v~rna__v~co-culture,,50.0,0.9218025065340585,0.8768765853569275,0.04492592117713101,0.19525817903488663,0.9501049085126012,0.9300323136334468,0.9450584206405059,0.96,0.975,0.577194454106258,1.0,1.0
selective_risk_under_alternative_fidelity,centered_delta_cosine,u_p_rf,frangieh_melanoma_coculture,slim_string,leave_environment_out,env__v~frangiehizar2021%5Frna__v~patient-derived%5Fmelanoma__v~rna__v~co-culture,,50.0,0.9332605825344348,0.8768765853569275,0.056383997177507306,0.14301388469978565,0.9501049085126012,0.9321924212796131,0.9435838878927463,0.96,0.975,0.4496423700027021,0.9387755102040817,0.25
selective_risk_under_alternative_fidelity,centered_delta_cosine,u_ps_rf,frangieh_melanoma_coculture,slim_string,leave_environment_out,env__v~frangiehizar2021%5Frna__v~patient-derived%5Fmelanoma__v~rna__v~co-culture,,50.0,0.9303365643420204,0.8768765853569275,0.053459978985092915,0.13991366551946688,0.9501049085126012,0.9332658924592414,0.9453460003247889,0.96,0.975,0.44304403183371127,0.9387755102040817,0.25
selective_risk_under_alternative_fidelity,centered_delta_cosine,u_psn_rf,frangieh_melanoma_coculture,slim_string,leave_environment_out,env__v~frangiehizar2021%5Frna__v~patient-derived%5Fmelanoma__v~rna__v~co-culture,,50.0,0.9321053398459057,0.8768765853569275,0.05522875448897824,0.1378825251587448,0.9501049085126012,0.9321924212796131,0.9518403844464315,0.96,0.975,0.43773932219155626,0.9387755102040817,0.25
selective_risk_under_alternative_fidelity,centered_delta_cosine,ptl_rf,frangieh_melanoma_coculture,slim_string,leave_environment_out,env__v~frangiehizar2021%5Frna__v~patient-derived%5Fmelanoma__v~rna__v~co-culture,,50.0,0.9217245747104821,0.8768765853569275,0.04484798935355461,0.04078576835347294,0.9501049085126012,0.9330148041343094,0.9429707434110123,0.96,0.975,0.20254403904297685,1.0,1.0
selective_risk_under_alternative_fidelity,absolute_effect_rank_agreement,raw_normalized_uq,frangieh_melanoma_coculture,slim_string,leave_environment_out,env__v~frangiehizar2021%5Frna__v~patient-derived%5Fmelanoma__v~rna__v~co-culture,,50.0,0.7369862807272238,0.7256404879487489,0.011345792778474917,0.30054863807852294,0.7446881230378074,0.7354890016842671,0.7430964263719185,0.96,0.975,0.8199265651123262,1.0,1.0
selective_risk_under_alternative_fidelity,absolute_effect_rank_agreement,best_scalar_uq,frangieh_melanoma_coculture,slim_string,leave_environment_out,env__v~frangiehizar2021%5Frna__v~patient-derived%5Fmelanoma__v~rna__v~co-culture,,50.0,0.7391660548559836,0.7256404879487489,0.01352556690723472,0.14240322825831592,0.7446881230378074,0.7444028643953622,0.7422305773305096,0.96,0.975,0.4485763819241406,1.0,1.0
selective_risk_under_alternative_fidelity,absolute_effect_rank_agreement,u_only_rf,frangieh_melanoma_coculture,slim_string,leave_environment_out,env__v~frangiehizar2021%5Frna__v~patient-derived%5Fmelanoma__v~rna__v~co-culture,,50.0,0.7366206918935102,0.7256404879487489,0.010980203944761291,0.19525817903488663,0.7446881230378074,0.736516762860802,0.7425068553996134,0.96,0.975,0.577194454106258,1.0,1.0
selective_risk_under_alternative_fidelity,absolute_effect_rank_agreement,u_p_rf,frangieh_melanoma_coculture,slim_string,leave_environment_out,env__v~frangiehizar2021%5Frna__v~patient-derived%5Fmelanoma__v~rna__v~co-culture,,50.0,0.741701086142806,0.7256404879487489,0.01606059819405714,0.14301388469978565,0.7446881230378074,0.7392466388367961,0.7431580101918163,0.96,0.975,0.4496423700027021,0.9387755102040817,0.25
selective_risk_under_alternative_fidelity,absolute_effect_rank_agreement,u_ps_rf,frangieh_melanoma_coculture,slim_string,leave_environment_out,env__v~frangiehizar2021%5Frna__v~patient-derived%5Fmelanoma__v~rna__v~co-culture,,50.0,0.7414147125750594,0.7256404879487489,0.015774224626310507,0.13991366551946688,0.7446881230378074,0.7398344312470528,0.7424383478125115,0.96,0.975,0.44304403183371127,0.9387755102040817,0.25
selective_risk_under_alternative_fidelity,absolute_effect_rank_agreement,u_psn_rf,frangieh_melanoma_coculture,slim_string,leave_environment_out,env__v~frangiehizar2021%5Frna__v~patient-derived%5Fmelanoma__v~rna__v~co-culture,,50.0,0.7414673711678382,0.7256404879487489,0.015826883219089316,0.1378825251587448,0.7446881230378074,0.7392466388367961,0.7430932679036018,0.96,0.975,0.43773932219155626,0.9387755102040817,0.25
selective_risk_under_alternative_fidelity,absolute_effect_rank_agreement,ptl_rf,frangieh_melanoma_coculture,slim_string,leave_environment_out,env__v~frangiehizar2021%5Frna__v~patient-derived%5Fmelanoma__v~rna__v~co-culture,,50.0,0.7354672884299625,0.7256404879487489,0.009826800481213538,0.04078576835347294,0.7446881230378074,0.7361648768628314,0.7428475080379782,0.96,0.975,0.20254403904297685,1.0,1.0
selective_risk_under_alternative_fidelity,delta_cosine,raw_normalized_uq,frangieh_melanoma_coculture,slim_string,leave_predictor_out,,slim_string,50.0,0.9090301592115828,0.8667001717850918,0.04232998742649097,0.006898217715371827,0.9444128791425244,0.9165005508131665,0.9370723817729362,0.96,0.975,0.06137787406049296,1.0,1.0
selective_risk_under_alternative_fidelity,delta_cosine,best_scalar_uq,frangieh_melanoma_coculture,slim_string,leave_predictor_out,,slim_string,50.0,0.9271760941629316,0.8667001717850918,0.06047592237783972,0.012466588382808069,0.9444128791425244,0.9499795536730556,0.9452915717313495,0.96,0.975,0.06955610922704585,1.0,1.0
selective_risk_under_alternative_fidelity,delta_cosine,u_only_rf,frangieh_melanoma_coculture,slim_string,leave_predictor_out,,slim_string,50.0,0.9488368213236603,0.8667001717850918,0.08213664953856847,0.17010852271677365,0.9444128791425244,0.9524854810779226,0.9532553674125237,1.0,1.0,0.5243974315563549,0.18367346938775508,0.024390243902439025
selective_risk_under_alternative_fidelity,delta_cosine,u_p_rf,frangieh_melanoma_coculture,slim_string,leave_predictor_out,,slim_string,50.0,0.95355681268446,0.8667001717850918,0.08685664089936818,0.08833727567699708,0.9444128791425244,0.9524664704581195,0.9363815097814084,1.0,0.975,0.34218430121541327,0.2857142857142857,0.027777777777777776
selective_risk_under_alternative_fidelity,delta_cosine,u_ps_rf,frangieh_melanoma_coculture,slim_string,leave_predictor_out,,slim_string,50.0,0.9482814937640051,0.8667001717850918,0.08158132197891321,0.08901564666632045,0.9444128791425244,0.9402801751505868,0.933902564802702,1.0,0.975,0.3450669621373435,0.4285714285714286,0.034482758620689655
selective_risk_under_alternative_fidelity,delta_cosine,u_psn_rf,frangieh_melanoma_coculture,slim_string,leave_predictor_out,,slim_string,50.0,0.9479699311744985,0.8667001717850918,0.08126975938940662,0.08668902686107673,0.9444128791425244,0.9329528305945395,0.9343071299168428,0.96,0.975,0.34024382230340317,0.5102040816326531,0.04
selective_risk_under_alternative_fidelity,delta_cosine,ptl_rf,frangieh_melanoma_coculture,slim_string,leave_predictor_out,,slim_string,50.0,0.9253144997771149,0.8667001717850918,0.05861432799202304,0.03408938382074537,0.9444128791425244,0.9294496065565109,0.9327610489963678,0.96,0.975,0.1868508101350104,1.0,1.0
selective_risk_under_alternative_fidelity,centered_delta_cosine,raw_normalized_uq,frangieh_melanoma_coculture,slim_string,leave_predictor_out,,slim_string,50.0,0.9194501505288738,0.8768765853569275,0.042573565171946326,0.006898217715371827,0.9501049085126012,0.9263501947247939,0.9436821477258659,0.96,0.975,0.06137787406049296,1.0,1.0
selective_risk_under_alternative_fidelity,centered_delta_cosine,best_scalar_uq,frangieh_melanoma_coculture,slim_string,leave_predictor_out,,slim_string,50.0,0.9339051577146463,0.8768765853569275,0.057028572357718854,0.012466588382808069,0.9501049085126012,0.9549415045693813,0.951129517367104,0.96,0.975,0.06955610922704585,1.0,1.0
selective_risk_under_alternative_fidelity,centered_delta_cosine,u_only_rf,frangieh_melanoma_coculture,slim_string,leave_predictor_out,,slim_string,50.0,0.9533602473535909,0.8768765853569275,0.07648366199666345,0.17010852271677365,0.9501049085126012,0.9563811037719122,0.9574765753034609,1.0,1.0,0.5243974315563549,0.18367346938775508,0.024390243902439025
selective_risk_under_alternative_fidelity,centered_delta_cosine,u_p_rf,frangieh_melanoma_coculture,slim_string,leave_predictor_out,,slim_string,50.0,0.9580558328469294,0.8768765853569275,0.08117924749000194,0.08833727567699708,0.9501049085126012,0.9564319712864475,0.9422932776896262,1.0,0.975,0.34218430121541327,0.2857142857142857,0.027777777777777776
selective_risk_under_alternative_fidelity,centered_delta_cosine,u_ps_rf,frangieh_melanoma_coculture,slim_string,leave_predictor_out,,slim_string,50.0,0.9528284057395612,0.8768765853569275,0.0759518203826337,0.08901564666632045,0.9501049085126012,0.9441782076736256,0.9394239421709425,1.0,0.975,0.3450669621373435,0.4285714285714286,0.034482758620689655
selective_risk_under_alternative_fidelity,centered_delta_cosine,u_psn_rf,frangieh_melanoma_coculture,slim_string,leave_predictor_out,,slim_string,50.0,0.95260027821601,0.8768765853569275,0.07572369285908254,0.08668902686107673,0.9501049085126012,0.9382229912940312,0.9394976381667783,0.96,0.975,0.34024382230340317,0.5102040816326531,0.04
selective_risk_under_alternative_fidelity,centered_delta_cosine,ptl_rf,frangieh_melanoma_coculture,slim_string,leave_predictor_out,,slim_string,50.0,0.9327838319555559,0.8768765853569275,0.055907246598628446,0.03408938382074537,0.9501049085126012,0.9351039553563341,0.938328776909624,0.96,0.975,0.1868508101350104,1.0,1.0
selective_risk_under_alternative_fidelity,absolute_effect_rank_agreement,raw_normalized_uq,frangieh_melanoma_coculture,slim_string,leave_predictor_out,,slim_string,50.0,0.7369295131220116,0.7256404879487489,0.01128902517326269,0.006898217715371827,0.7446881230378074,0.7354890016842671,0.7430964263719185,0.96,0.975,0.06137787406049296,1.0,1.0
selective_risk_under_alternative_fidelity,absolute_effect_rank_agreement,best_scalar_uq,frangieh_melanoma_coculture,slim_string,leave_predictor_out,,slim_string,50.0,0.7390776218469562,0.7256404879487489,0.013437133898207332,0.012466588382808069,0.7446881230378074,0.7444028643953622,0.7422305773305096,0.96,0.975,0.06955610922704585,1.0,1.0
selective_risk_under_alternative_fidelity,absolute_effect_rank_agreement,u_only_rf,frangieh_melanoma_coculture,slim_string,leave_predictor_out,,slim_string,50.0,0.7495209225549186,0.7256404879487489,0.02388043460616973,0.17010852271677365,0.7446881230378074,0.7492456684907485,0.7454334075508536,1.0,1.0,0.5243974315563549,0.18367346938775508,0.024390243902439025
selective_risk_under_alternative_fidelity,absolute_effect_rank_agreement,u_p_rf,frangieh_melanoma_coculture,slim_string,leave_predictor_out,,slim_string,50.0,0.7488124350984596,0.7256404879487489,0.023171947149710714,0.08833727567699708,0.7446881230378074,0.747843715135205,0.7451113562997222,1.0,0.975,0.34218430121541327,0.2857142857142857,0.027777777777777776
selective_risk_under_alternative_fidelity,absolute_effect_rank_agreement,u_ps_rf,frangieh_melanoma_coculture,slim_string,leave_predictor_out,,slim_string,50.0,0.7483984572354322,0.7256404879487489,0.022757969286683277,0.08901564666632045,0.7446881230378074,0.7472941503732098,0.7439607540809254,1.0,0.975,0.3450669621373435,0.4285714285714286,0.034482758620689655
selective_risk_under_alternative_fidelity,absolute_effect_rank_agreement,u_psn_rf,frangieh_melanoma_coculture,slim_string,leave_predictor_out,,slim_string,50.0,0.7489574368700547,0.7256404879487489,0.023316948921305758,0.08668902686107673,0.7446881230378074,0.7450768730984574,0.744831459212534,0.96,0.975,0.34024382230340317,0.5102040816326531,0.04
selective_risk_under_alternative_fidelity,absolute_effect_rank_agreement,ptl_rf,frangieh_melanoma_coculture,slim_string,leave_predictor_out,,slim_string,50.0,0.7379273971618057,0.7256404879487489,0.012286909213056751,0.03408938382074537,0.7446881230378074,0.7437467412362513,0.7438590760736574,0.96,0.975,0.1868508101350104,1.0,1.0
selective_risk_under_alternative_fidelity,delta_cosine,raw_normalized_uq,frangieh_melanoma_coculture,strong_linear,in_domain,,,50.0,0.8083863788185482,0.7713481127677636,0.03703826605078464,0.35127964254794064,0.8486668718793174,0.7905821973275421,0.8278768143269781,0.8,0.85,1.1121468077273622,0.7689393939393939,0.2717772967772968
selective_risk_under_alternative_fidelity,delta_cosine,best_scalar_uq,frangieh_melanoma_coculture,strong_linear,in_domain,,,50.0,0.8043318338766282,0.7713481127677636,0.032983721108864605,0.12685468061180824,0.8486668718793174,0.7974408255665294,0.8309369931664345,0.8,0.85,0.40029454091001704,0.803030303030303,0.41057553557553556
selective_risk_under_alternative_fidelity,delta_cosine,u_only_rf,frangieh_melanoma_coculture,strong_linear,in_domain,,,50.0,0.8155530881889927,0.7713481127677636,0.04420497542122914,0.14067429408782486,0.8486668718793174,0.8190447087313046,0.8304836085443814,0.84,0.85,0.4444376721108984,0.7272727272727273,0.28923703923703925
selective_risk_under_alternative_fidelity,delta_cosine,u_p_rf,frangieh_melanoma_coculture,strong_linear,in_domain,,,50.0,0.8132983121287606,0.7713481127677636,0.041950199360996976,0.13169985721353605,0.8486668718793174,0.8134366460013897,0.8284426002272067,0.8,0.85,0.4265617221074155,0.7613636363636364,0.2687253009833655
selective_risk_under_alternative_fidelity,delta_cosine,u_ps_rf,frangieh_melanoma_coculture,strong_linear,in_domain,,,50.0,0.811249409137319,0.7713481127677636,0.03990129636955542,0.1399547756583561,0.8486668718793174,0.8080103385140689,0.8266282899572603,0.8,0.85,0.447010965586517,0.7765151515151515,0.26829107711460654
selective_risk_under_alternative_fidelity,delta_cosine,u_psn_rf,frangieh_melanoma_coculture,strong_linear,in_domain,,,50.0,0.8086674643459091,0.7713481127677636,0.03731935157814548,0.13664906170141838,0.8486668718793174,0.810281544876877,0.8260629752753734,0.8,0.85,0.43939013122844545,0.7651515151515151,0.27798456024262475
selective_risk_under_alternative_fidelity,delta_cosine,ptl_rf,frangieh_melanoma_coculture,strong_linear,in_domain,,,50.0,0.8063944813587276,0.7713481127677636,0.035046368590963994,0.11859322837318138,0.8486668718793174,0.7945651507799485,0.8272418846869083,0.8,0.85,0.38680555891340845,0.7424242424242424,0.25061934844543543
selective_risk_under_alternative_fidelity,centered_delta_cosine,raw_normalized_uq,frangieh_melanoma_coculture,strong_linear,in_domain,,,50.0,0.8224616766960817,0.7898290350346939,0.032632641661387796,0.35127964254794064,0.8632438185232384,0.8097676514819034,0.8447329624747173,0.8,0.85,1.1121468077273622,0.7689393939393939,0.2717772967772968
selective_risk_under_alternative_fidelity,centered_delta_cosine,best_scalar_uq,frangieh_melanoma_coculture,strong_linear,in_domain,,,50.0,0.8178187715837023,0.7898290350346939,0.02798973654900838,0.12685468061180824,0.8632438185232384,0.8149383405587125,0.8464500703801072,0.8,0.85,0.40029454091001704,0.803030303030303,0.41057553557553556
selective_risk_under_alternative_fidelity,centered_delta_cosine,u_only_rf,frangieh_melanoma_coculture,strong_linear,in_domain,,,50.0,0.8309116263070628,0.7898290350346939,0.04108259127236891,0.14067429408782486,0.8632438185232384,0.8316703572223336,0.8466492475922556,0.84,0.85,0.4444376721108984,0.7272727272727273,0.28923703923703925
selective_risk_under_alternative_fidelity,centered_delta_cosine,u_p_rf,frangieh_melanoma_coculture,strong_linear,in_domain,,,50.0,0.8295802225584837,0.7898290350346939,0.03975118752378981,0.13169985721353605,0.8632438185232384,0.8278381007780962,0.8447668235056456,0.8,0.85,0.4265617221074155,0.7613636363636364,0.2687253009833655
selective_risk_under_alternative_fidelity,centered_delta_cosine,u_ps_rf,frangieh_melanoma_coculture,strong_linear,in_domain,,,50.0,0.8265262335075637,0.7898290350346939,0.036697198472869785,0.1399547756583561,0.8632438185232384,0.8232923043469146,0.8427618481845945,0.8,0.85,0.447010965586517,0.7765151515151515,0.26829107711460654
selective_risk_under_alternative_fidelity,centered_delta_cosine,u_psn_rf,frangieh_melanoma_coculture,strong_linear,in_domain,,,50.0,0.8255278218004372,0.7898290350346939,0.03569878676574323,0.13664906170141838,0.8632438185232384,0.8262561640364723,0.8429447358570388,0.8,0.85,0.43939013122844545,0.7651515151515151,0.27798456024262475
selective_risk_under_alternative_fidelity,centered_delta_cosine,ptl_rf,frangieh_melanoma_coculture,strong_linear,in_domain,,,50.0,0.8229252897139863,0.7898290350346939,0.033096254679292336,0.11859322837318138,0.8632438185232384,0.8138087432140597,0.8444300894205558,0.8,0.85,0.38680555891340845,0.7424242424242424,0.25061934844543543
selective_risk_under_alternative_fidelity,absolute_effect_rank_agreement,raw_normalized_uq,frangieh_melanoma_coculture,strong_linear,in_domain,,,50.0,0.7112857160871141,0.7037486293645523,0.007537086722561814,0.35127964254794064,0.7253499099822147,0.7123146941628512,0.7209338415945358,0.8,0.85,1.1121468077273622,0.7689393939393939,0.2717772967772968
selective_risk_under_alternative_fidelity,absolute_effect_rank_agreement,best_scalar_uq,frangieh_melanoma_coculture,strong_linear,in_domain,,,50.0,0.7106559581923011,0.7037486293645523,0.006907328827748804,0.12685468061180824,0.7253499099822147,0.712935280268332,0.7190786490559706,0.8,0.85,0.40029454091001704,0.803030303030303,0.41057553557553556
selective_risk_under_alternative_fidelity,absolute_effect_rank_agreement,u_only_rf,frangieh_melanoma_coculture,strong_linear,in_domain,,,50.0,0.7133639669427932,0.7037486293645523,0.009615337578240957,0.14067429408782486,0.7253499099822147,0.715749175538038,0.7189981164843393,0.84,0.85,0.4444376721108984,0.7272727272727273,0.28923703923703925
selective_risk_under_alternative_fidelity,absolute_effect_rank_agreement,u_p_rf,frangieh_melanoma_coculture,strong_linear,in_domain,,,50.0,0.7110282430281518,0.7037486293645523,0.007279613663599527,0.13169985721353605,0.7253499099822147,0.7111935908088596,0.7207834486614451,0.8,0.85,0.4265617221074155,0.7613636363636364,0.2687253009833655
selective_risk_under_alternative_fidelity,absolute_effect_rank_agreement,u_ps_rf,frangieh_melanoma_coculture,strong_linear,in_domain,,,50.0,0.7107331512710027,0.7037486293645523,0.0069845219064503805,0.1399547756583561,0.7253499099822147,0.7103150301748633,0.7203910951432889,0.8,0.85,0.447010965586517,0.7765151515151515,0.26829107711460654
selective_risk_under_alternative_fidelity,absolute_effect_rank_agreement,u_psn_rf,frangieh_melanoma_coculture,strong_linear,in_domain,,,50.0,0.711313160768712,0.7037486293645523,0.007564531404159691,0.13664906170141838,0.7253499099822147,0.7115733735796078,0.7208113769198616,0.8,0.85,0.43939013122844545,0.7651515151515151,0.27798456024262475
selective_risk_under_alternative_fidelity,absolute_effect_rank_agreement,ptl_rf,frangieh_melanoma_coculture,strong_linear,in_domain,,,50.0,0.7110837296531585,0.7037486293645523,0.007335100288606178,0.11859322837318138,0.7253499099822147,0.7124257354922908,0.7207889760132067,0.8,0.85,0.38680555891340845,0.7424242424242424,0.25061934844543543
selective_risk_under_alternative_fidelity,delta_cosine,raw_normalized_uq,frangieh_melanoma_coculture,strong_linear,leave_environment_out,env__v~frangiehizar2021%5Frna__v~patient-derived%5Fmelanoma__v~rna__v~co-culture,,50.0,0.8084382789192089,0.7713481127677636,0.037090166151445336,0.37794806594712615,0.8486668718793174,0.7905821973275421,0.8278768143269781,0.84,0.9,1.204315500374912,0.8152173913043479,0.25476190476190474
selective_risk_under_alternative_fidelity,delta_cosine,best_scalar_uq,frangieh_melanoma_coculture,strong_linear,leave_environment_out,env__v~frangiehizar2021%5Frna__v~patient-derived%5Fmelanoma__v~rna__v~co-culture,,50.0,0.8044335805675576,0.7713481127677636,0.033085467799794044,0.10130788684512375,0.8486668718793174,0.7974408255665294,0.8309369931664345,0.88,0.9,0.3416719855620985,0.8152173913043478,0.42807192807192807
selective_risk_under_alternative_fidelity,delta_cosine,u_only_rf,frangieh_melanoma_coculture,strong_linear,leave_environment_out,env__v~frangiehizar2021%5Frna__v~patient-derived%5Fmelanoma__v~rna__v~co-culture,,50.0,0.8113028554165399,0.7713481127677636,0.0399547426487763,0.13715141139717565,0.8486668718793174,0.8159084655393003,0.8293463317961454,0.88,0.9,0.4374333052250522,0.7282608695652175,0.3755411255411255
selective_risk_under_alternative_fidelity,delta_cosine,u_p_rf,frangieh_melanoma_coculture,strong_linear,leave_environment_out,env__v~frangiehizar2021%5Frna__v~patient-derived%5Fmelanoma__v~rna__v~co-culture,,50.0,0.821966780650598,0.7713481127677636,0.05061866788283442,0.10957008299724084,0.8486668718793174,0.8178285791624624,0.8338914705864818,0.88,0.9,0.3797099282951146,0.7228260869565217,0.2567182817182817
selective_risk_under_alternative_fidelity,delta_cosine,u_ps_rf,frangieh_melanoma_coculture,strong_linear,leave_environment_out,env__v~frangiehizar2021%5Frna__v~patient-derived%5Fmelanoma__v~rna__v~co-culture,,50.0,0.8124299610082523,0.7713481127677636,0.04108184824048866,0.11430120052189595,0.8486668718793174,0.8130156458188509,0.8321700941159019,0.88,0.9,0.3925012553631754,0.7554347826086957,0.39835858585858586
selective_risk_under_alternative_fidelity,delta_cosine,u_psn_rf,frangieh_melanoma_coculture,strong_linear,leave_environment_out,env__v~frangiehizar2021%5Frna__v~patient-derived%5Fmelanoma__v~rna__v~co-culture,,50.0,0.8109142593182948,0.7713481127677636,0.039566146550531145,0.11544623688916272,0.8486668718793174,0.8200915077439704,0.8276249553255658,0.88,0.9,0.39586412351875816,0.7717391304347826,0.41180555555555554
selective_risk_under_alternative_fidelity,delta_cosine,ptl_rf,frangieh_melanoma_coculture,strong_linear,leave_environment_out,env__v~frangiehizar2021%5Frna__v~patient-derived%5Fmelanoma__v~rna__v~co-culture,,50.0,0.8028474425014906,0.7713481127677636,0.031499329733727044,0.09323633943566476,0.8486668718793174,0.7888327525585649,0.832170094115902,0.84,0.9,0.3362094409300529,0.8152173913043479,0.42222222222222217
selective_risk_under_alternative_fidelity,centered_delta_cosine,raw_normalized_uq,frangieh_melanoma_coculture,strong_linear,leave_environment_out,env__v~frangiehizar2021%5Frna__v~patient-derived%5Fmelanoma__v~rna__v~co-culture,,50.0,0.8225219941127756,0.7898290350346939,0.032692959078081674,0.37794806594712615,0.8632438185232384,0.8097676514819034,0.8447329624747173,0.84,0.9,1.204315500374912,0.8152173913043479,0.25476190476190474
selective_risk_under_alternative_fidelity,centered_delta_cosine,best_scalar_uq,frangieh_melanoma_coculture,strong_linear,leave_environment_out,env__v~frangiehizar2021%5Frna__v~patient-derived%5Fmelanoma__v~rna__v~co-culture,,50.0,0.8178460463890594,0.7898290350346939,0.028017011354365517,0.10130788684512375,0.8632438185232384,0.8149383405587125,0.8464500703801072,0.88,0.9,0.3416719855620985,0.8152173913043478,0.42807192807192807
selective_risk_under_alternative_fidelity,centered_delta_cosine,u_only_rf,frangieh_melanoma_coculture,strong_linear,leave_environment_out,env__v~frangiehizar2021%5Frna__v~patient-derived%5Fmelanoma__v~rna__v~co-culture,,50.0,0.8256918760732641,0.7898290350346939,0.03586284103857018,0.13715141139717565,0.8632438185232384,0.8308054555567129,0.8457617763771271,0.88,0.9,0.4374333052250522,0.7282608695652175,0.3755411255411255
selective_risk_under_alternative_fidelity,centered_delta_cosine,u_p_rf,frangieh_melanoma_coculture,strong_linear,leave_environment_out,env__v~frangiehizar2021%5Frna__v~patient-derived%5Fmelanoma__v~rna__v~co-culture,,50.0,0.8343841420743974,0.7898290350346939,0.044555107039703445,0.10957008299724084,0.8632438185232384,0.8294816939438685,0.8501861758489625,0.88,0.9,0.3797099282951146,0.7228260869565217,0.2567182817182817
selective_risk_under_alternative_fidelity,centered_delta_cosine,u_ps_rf,frangieh_melanoma_coculture,strong_linear,leave_environment_out,env__v~frangiehizar2021%5Frna__v~patient-derived%5Fmelanoma__v~rna__v~co-culture,,50.0,0.8259584863751452,0.7898290350346939,0.03612945134045131,0.11430120052189595,0.8632438185232384,0.8284157601103002,0.8480327514798949,0.88,0.9,0.3925012553631754,0.7554347826086957,0.39835858585858586
selective_risk_under_alternative_fidelity,centered_delta_cosine,u_psn_rf,frangieh_melanoma_coculture,strong_linear,leave_environment_out,env__v~frangiehizar2021%5Frna__v~patient-derived%5Fmelanoma__v~rna__v~co-culture,,50.0,0.8237373413620414,0.7898290350346939,0.033908306327347426,0.11544623688916272,0.8632438185232384,0.832093927503319,0.8436083520080592,0.88,0.9,0.39586412351875816,0.7717391304347826,0.41180555555555554
selective_risk_under_alternative_fidelity,centered_delta_cosine,ptl_rf,frangieh_melanoma_coculture,strong_linear,leave_environment_out,env__v~frangiehizar2021%5Frna__v~patient-derived%5Fmelanoma__v~rna__v~co-culture,,50.0,0.8179686157861056,0.7898290350346939,0.028139580751411652,0.09323633943566476,0.8632438185232384,0.8064167253698369,0.8480327514798951,0.84,0.9,0.3362094409300529,0.8152173913043479,0.42222222222222217
selective_risk_under_alternative_fidelity,absolute_effect_rank_agreement,raw_normalized_uq,frangieh_melanoma_coculture,strong_linear,leave_environment_out,env__v~frangiehizar2021%5Frna__v~patient-derived%5Fmelanoma__v~rna__v~co-culture,,50.0,0.7112902198183113,0.7037486293645523,0.007541590453759017,0.37794806594712615,0.7253499099822147,0.7123146941628512,0.7209338415945358,0.84,0.9,1.204315500374912,0.8152173913043479,0.25476190476190474
selective_risk_under_alternative_fidelity,absolute_effect_rank_agreement,best_scalar_uq,frangieh_melanoma_coculture,strong_linear,leave_environment_out,env__v~frangiehizar2021%5Frna__v~patient-derived%5Fmelanoma__v~rna__v~co-culture,,50.0,0.7104759710345658,0.7037486293645523,0.0067273416700135424,0.10130788684512375,0.7253499099822147,0.712935280268332,0.7190786490559706,0.88,0.9,0.3416719855620985,0.8152173913043478,0.42807192807192807
selective_risk_under_alternative_fidelity,absolute_effect_rank_agreement,u_only_rf,frangieh_melanoma_coculture,strong_linear,leave_environment_out,env__v~frangiehizar2021%5Frna__v~patient-derived%5Fmelanoma__v~rna__v~co-culture,,50.0,0.7116114283267732,0.7037486293645523,0.007862798962220863,0.13715141139717565,0.7253499099822147,0.7114119170512829,0.7194543642699567,0.88,0.9,0.4374333052250522,0.7282608695652175,0.3755411255411255
selective_risk_under_alternative_fidelity,absolute_effect_rank_agreement,u_p_rf,frangieh_melanoma_coculture,strong_linear,leave_environment_out,env__v~frangiehizar2021%5Frna__v~patient-derived%5Fmelanoma__v~rna__v~co-culture,,50.0,0.7132522755947592,0.7037486293645523,0.009503646230206941,0.10957008299724084,0.7253499099822147,0.7166346946592782,0.7204207631811427,0.88,0.9,0.3797099282951146,0.7228260869565217,0.2567182817182817
selective_risk_under_alternative_fidelity,absolute_effect_rank_agreement,u_ps_rf,frangieh_melanoma_coculture,strong_linear,leave_environment_out,env__v~frangiehizar2021%5Frna__v~patient-derived%5Fmelanoma__v~rna__v~co-culture,,50.0,0.7127396980053048,0.7037486293645523,0.008991068640752498,0.11430120052189595,0.7253499099822147,0.715316283658577,0.7208723376078688,0.88,0.9,0.3925012553631754,0.7554347826086957,0.39835858585858586
selective_risk_under_alternative_fidelity,absolute_effect_rank_agreement,u_psn_rf,frangieh_melanoma_coculture,strong_linear,leave_environment_out,env__v~frangiehizar2021%5Frna__v~patient-derived%5Fmelanoma__v~rna__v~co-culture,,50.0,0.712631175698316,0.7037486293645523,0.00888254633376373,0.11544623688916272,0.7253499099822147,0.717627141920018,0.7199059386966828,0.88,0.9,0.39586412351875816,0.7717391304347826,0.41180555555555554
selective_risk_under_alternative_fidelity,absolute_effect_rank_agreement,ptl_rf,frangieh_melanoma_coculture,strong_linear,leave_environment_out,env__v~frangiehizar2021%5Frna__v~patient-derived%5Fmelanoma__v~rna__v~co-culture,,50.0,0.7106405020489522,0.7037486293645523,0.006891872684399947,0.09323633943566476,0.7253499099822147,0.7129726954252237,0.7208723376078688,0.84,0.9,0.3362094409300529,0.8152173913043479,0.42222222222222217
selective_risk_under_alternative_fidelity,delta_cosine,raw_normalized_uq,frangieh_melanoma_coculture,strong_linear,leave_predictor_out,,strong_linear,50.0,0.8077705814043149,0.7713481127677636,0.0364224686365513,0.316645254704495,0.8486668718793174,0.7905821973275421,0.8278768143269781,0.8,0.85,0.8313734589394438,0.759469696969697,0.248015873015873
selective_risk_under_alternative_fidelity,delta_cosine,best_scalar_uq,frangieh_melanoma_coculture,strong_linear,leave_predictor_out,,strong_linear,50.0,0.8043412036466328,0.7713481127677636,0.03299309087886915,0.14768581635800934,0.8486668718793174,0.7974408255665294,0.8309369931664345,0.8,0.85,0.4676679174722991,0.803030303030303,0.41057553557553556
selective_risk_under_alternative_fidelity,delta_cosine,u_only_rf,frangieh_melanoma_coculture,strong_linear,leave_predictor_out,,strong_linear,50.0,0.8024682544833677,0.7713481127677636,0.031120141715604066,0.140023982215888,0.8486668718793174,0.7896581705917985,0.8278603136901962,0.76,0.85,0.44078042450988086,0.784090909090909,0.44826892109500804
selective_risk_under_alternative_fidelity,delta_cosine,u_p_rf,frangieh_melanoma_coculture,strong_linear,leave_predictor_out,,strong_linear,50.0,0.8082910001799064,0.7713481127677636,0.0369428874121428,0.14040833012664355,0.8486668718793174,0.790582197327542,0.8282480665878678,0.8,0.85,0.44819576328591154,0.75,0.2885122833971939
selective_risk_under_alternative_fidelity,delta_cosine,u_ps_rf,frangieh_melanoma_coculture,strong_linear,leave_predictor_out,,strong_linear,50.0,0.8122917021830954,0.7713481127677636,0.04094358941533183,0.14544730650028914,0.8486668718793174,0.7963178211375866,0.8282480665878678,0.76,0.85,0.4606014144181142,0.7348484848484848,0.2248203326464196
selective_risk_under_alternative_fidelity,delta_cosine,u_psn_rf,frangieh_melanoma_coculture,strong_linear,leave_predictor_out,,strong_linear,50.0,0.8080463981187962,0.7713481127677636,0.03669828535103259,0.1449667409438752,0.8486668718793174,0.7896581705917985,0.8282480665878678,0.76,0.85,0.4618210183310337,0.7765151515151514,0.29319436602045296
selective_risk_under_alternative_fidelity,delta_cosine,ptl_rf,frangieh_melanoma_coculture,strong_linear,leave_predictor_out,,strong_linear,50.0,0.811351099173625,0.7713481127677636,0.04000298640586142,0.12554411348505115,0.8486668718793174,0.7892724531291242,0.8292959427626979,0.76,0.85,0.4120087162075582,0.7196969696969696,0.20773420479302834
selective_risk_under_alternative_fidelity,centered_delta_cosine,raw_normalized_uq,frangieh_melanoma_coculture,strong_linear,leave_predictor_out,,strong_linear,50.0,0.8230756354726708,0.7898290350346939,0.03324660043797689,0.316645254704495,0.8632438185232384,0.8097676514819032,0.8447329624747171,0.8,0.85,0.8313734589394438,0.759469696969697,0.248015873015873
selective_risk_under_alternative_fidelity,centered_delta_cosine,best_scalar_uq,frangieh_melanoma_coculture,strong_linear,leave_predictor_out,,strong_linear,50.0,0.8177789279537471,0.7898290350346939,0.027949892919053143,0.14768581635800934,0.8632438185232384,0.8149383405587125,0.8464500703801072,0.8,0.85,0.4676679174722991,0.803030303030303,0.41057553557553556
selective_risk_under_alternative_fidelity,centered_delta_cosine,u_only_rf,frangieh_melanoma_coculture,strong_linear,leave_predictor_out,,strong_linear,50.0,0.8202073958723775,0.7898290350346939,0.030378360837683527,0.140023982215888,0.8632438185232384,0.8092443269790331,0.8445496536115138,0.76,0.85,0.44078042450988086,0.784090909090909,0.44826892109500804
selective_risk_under_alternative_fidelity,centered_delta_cosine,u_p_rf,frangieh_melanoma_coculture,strong_linear,leave_predictor_out,,strong_linear,50.0,0.827911048054373,0.7898290350346939,0.03808201301967906,0.14040833012664355,0.8632438185232384,0.8097676514819032,0.8440311306344895,0.8,0.85,0.44819576328591154,0.75,0.2885122833971939
selective_risk_under_alternative_fidelity,centered_delta_cosine,u_ps_rf,frangieh_melanoma_coculture,strong_linear,leave_predictor_out,,strong_linear,50.0,0.8317377763179208,0.7898290350346939,0.04190874128322686,0.14544730650028914,0.8632438185232384,0.8146514253713814,0.8440311306344898,0.76,0.85,0.4606014144181142,0.7348484848484848,0.2248203326464196
selective_risk_under_alternative_fidelity,centered_delta_cosine,u_psn_rf,frangieh_melanoma_coculture,strong_linear,leave_predictor_out,,strong_linear,50.0,0.8294185397023246,0.7898290350346939,0.03958950466763067,0.1449667409438752,0.8632438185232384,0.809244326979033,0.8440311306344898,0.76,0.85,0.4618210183310337,0.7765151515151514,0.29319436602045296
selective_risk_under_alternative_fidelity,centered_delta_cosine,ptl_rf,frangieh_melanoma_coculture,strong_linear,leave_predictor_out,,strong_linear,50.0,0.8329348095168427,0.7898290350346939,0.043105774482148806,0.12554411348505115,0.8632438185232384,0.8073959494930321,0.8463199415312219,0.76,0.85,0.4120087162075582,0.7196969696969696,0.20773420479302834
selective_risk_under_alternative_fidelity,absolute_effect_rank_agreement,raw_normalized_uq,frangieh_melanoma_coculture,strong_linear,leave_predictor_out,,strong_linear,50.0,0.7108000398071121,0.7037486293645523,0.007051410442559858,0.316645254704495,0.7253499099822147,0.7123146941628512,0.7209338415945358,0.8,0.85,0.8313734589394438,0.759469696969697,0.248015873015873
selective_risk_under_alternative_fidelity,absolute_effect_rank_agreement,best_scalar_uq,frangieh_melanoma_coculture,strong_linear,leave_predictor_out,,strong_linear,50.0,0.7106982676612403,0.7037486293645523,0.006949638296688043,0.14768581635800934,0.7253499099822147,0.712935280268332,0.7190786490559706,0.8,0.85,0.4676679174722991,0.803030303030303,0.41057553557553556
selective_risk_under_alternative_fidelity,absolute_effect_rank_agreement,u_only_rf,frangieh_melanoma_coculture,strong_linear,leave_predictor_out,,strong_linear,50.0,0.7161608136107774,0.7037486293645523,0.012412184246225144,0.140023982215888,0.7253499099822147,0.7120551450395376,0.7205039362459191,0.76,0.85,0.44078042450988086,0.784090909090909,0.44826892109500804
selective_risk_under_alternative_fidelity,absolute_effect_rank_agreement,u_p_rf,frangieh_melanoma_coculture,strong_linear,leave_predictor_out,,strong_linear,50.0,0.7163221261226791,0.7037486293645523,0.012573496758126801,0.14040833012664355,0.7253499099822147,0.7123146941628512,0.7214485250096024,0.8,0.85,0.44819576328591154,0.75,0.2885122833971939
selective_risk_under_alternative_fidelity,absolute_effect_rank_agreement,u_ps_rf,frangieh_melanoma_coculture,strong_linear,leave_predictor_out,,strong_linear,50.0,0.7141149512659769,0.7037486293645523,0.010366321901424613,0.14544730650028914,0.7253499099822147,0.7132005966060772,0.7214485250096024,0.76,0.85,0.4606014144181142,0.7348484848484848,0.2248203326464196
selective_risk_under_alternative_fidelity,absolute_effect_rank_agreement,u_psn_rf,frangieh_melanoma_coculture,strong_linear,leave_predictor_out,,strong_linear,50.0,0.7141905235829376,0.7037486293645523,0.010441894218385261,0.1449667409438752,0.7253499099822147,0.7120551450395375,0.7214485250096024,0.76,0.85,0.4618210183310337,0.7765151515151514,0.29319436602045296
selective_risk_under_alternative_fidelity,absolute_effect_rank_agreement,ptl_rf,frangieh_melanoma_coculture,strong_linear,leave_predictor_out,,strong_linear,50.0,0.7139183684626361,0.7037486293645523,0.01016973909808383,0.12554411348505115,0.7253499099822147,0.7114541070714903,0.7214401382644484,0.76,0.85,0.4120087162075582,0.7196969696969696,0.20773420479302834
selective_risk_under_alternative_fidelity,delta_cosine,raw_normalized_uq,frangieh_melanoma_control,mean_matching,in_domain,,,50.0,0.7409830038690681,0.5932975751961282,0.14768542867293988,0.23713978644428735,0.7075348483582781,0.7303101515394601,0.7193725555812968,0.43999999999999995,0.4,0.6740048744523018,0.5,0.66
selective_risk_under_alternative_fidelity,delta_cosine,best_scalar_uq,frangieh_melanoma_control,mean_matching,in_domain,,,50.0,0.7409830038690681,0.5932975751961282,0.14768542867293988,0.23002736617938283,0.7075348483582781,0.7303101515394601,0.7193725555812968,0.43999999999999995,0.4,0.6547386829171918,0.5,0.66
selective_risk_under_alternative_fidelity,delta_cosine,u_only_rf,frangieh_melanoma_control,mean_matching,in_domain,,,50.0,0.7409830038690681,0.5932975751961282,0.14768542867293988,0.2244729845628025,0.7075348483582781,0.7303101515394601,0.7193725555812968,0.43999999999999995,0.4,0.6411994593950561,0.5,0.66
selective_risk_under_alternative_fidelity,delta_cosine,u_p_rf,frangieh_melanoma_control,mean_matching,in_domain,,,50.0,0.7409830038690681,0.5932975751961282,0.14768542867293988,0.22452678747193985,0.7075348483582781,0.7303101515394601,0.7193725555812968,0.43999999999999995,0.4,0.6413211240951011,0.5,0.66
selective_risk_under_alternative_fidelity,delta_cosine,u_ps_rf,frangieh_melanoma_control,mean_matching,in_domain,,,50.0,0.7409830038690681,0.5932975751961282,0.14768542867293988,0.2245032745237863,0.7075348483582781,0.7303101515394601,0.7193725555812968,0.43999999999999995,0.4,0.6412678922932155,0.5,0.66
selective_risk_under_alternative_fidelity,delta_cosine,u_psn_rf,frangieh_melanoma_control,mean_matching,in_domain,,,50.0,0.7409830038690681,0.5932975751961282,0.14768542867293988,0.22451255729634545,0.7075348483582781,0.7303101515394601,0.7193725555812968,0.43999999999999995,0.4,0.6412888970740442,0.5,0.66
selective_risk_under_alternative_fidelity,delta_cosine,ptl_rf,frangieh_melanoma_control,mean_matching,in_domain,,,50.0,0.7409830038690681,0.5932975751961282,0.14768542867293988,0.2244715432154419,0.7075348483582781,0.7303101515394601,0.7193725555812968,0.43999999999999995,0.4,0.641196207367363,0.5,0.66
selective_risk_under_alternative_fidelity,centered_delta_cosine,raw_normalized_uq,frangieh_melanoma_control,mean_matching,in_domain,,,50.0,0.7387610487795624,0.5902835139968728,0.14847753478268955,0.23713978644428735,0.7050125117569626,0.728606660076353,0.7174123085865586,0.43999999999999995,0.4,0.6740048744523018,0.5,0.66
selective_risk_under_alternative_fidelity,centered_delta_cosine,best_scalar_uq,frangieh_melanoma_control,mean_matching,in_domain,,,50.0,0.7387610487795624,0.5902835139968728,0.14847753478268955,0.23002736617938283,0.7050125117569626,0.728606660076353,0.7174123085865586,0.43999999999999995,0.4,0.6547386829171918,0.5,0.66
selective_risk_under_alternative_fidelity,centered_delta_cosine,u_only_rf,frangieh_melanoma_control,mean_matching,in_domain,,,50.0,0.7387610487795624,0.5902835139968728,0.14847753478268955,0.2244729845628025,0.7050125117569626,0.728606660076353,0.7174123085865586,0.43999999999999995,0.4,0.6411994593950561,0.5,0.66
selective_risk_under_alternative_fidelity,centered_delta_cosine,u_p_rf,frangieh_melanoma_control,mean_matching,in_domain,,,50.0,0.7387610487795624,0.5902835139968728,0.14847753478268955,0.22452678747193985,0.7050125117569626,0.728606660076353,0.7174123085865586,0.43999999999999995,0.4,0.6413211240951011,0.5,0.66
selective_risk_under_alternative_fidelity,centered_delta_cosine,u_ps_rf,frangieh_melanoma_control,mean_matching,in_domain,,,50.0,0.7387610487795624,0.5902835139968728,0.14847753478268955,0.2245032745237863,0.7050125117569626,0.728606660076353,0.7174123085865586,0.43999999999999995,0.4,0.6412678922932155,0.5,0.66
selective_risk_under_alternative_fidelity,centered_delta_cosine,u_psn_rf,frangieh_melanoma_control,mean_matching,in_domain,,,50.0,0.7387610487795624,0.5902835139968728,0.14847753478268955,0.22451255729634545,0.7050125117569626,0.728606660076353,0.7174123085865586,0.43999999999999995,0.4,0.6412888970740442,0.5,0.66
selective_risk_under_alternative_fidelity,centered_delta_cosine,ptl_rf,frangieh_melanoma_control,mean_matching,in_domain,,,50.0,0.7387610487795624,0.5902835139968728,0.14847753478268955,0.2244715432154419,0.7050125117569626,0.728606660076353,0.7174123085865586,0.43999999999999995,0.4,0.641196207367363,0.5,0.66
selective_risk_under_alternative_fidelity,absolute_effect_rank_agreement,raw_normalized_uq,frangieh_melanoma_control,mean_matching,in_domain,,,50.0,0.7000869374722304,0.6742415330829103,0.025845404389320037,0.23713978644428735,0.6978434223676512,0.7001253168909214,0.6991955395275015,0.43999999999999995,0.4,0.6740048744523018,0.5,0.66
selective_risk_under_alternative_fidelity,absolute_effect_rank_agreement,best_scalar_uq,frangieh_melanoma_control,mean_matching,in_domain,,,50.0,0.7000869374722304,0.6742415330829103,0.025845404389320037,0.23002736617938283,0.6978434223676512,0.7001253168909214,0.6991955395275015,0.43999999999999995,0.4,0.6547386829171918,0.5,0.66
selective_risk_under_alternative_fidelity,absolute_effect_rank_agreement,u_only_rf,frangieh_melanoma_control,mean_matching,in_domain,,,50.0,0.7000869374722304,0.6742415330829103,0.025845404389320037,0.2244729845628025,0.6978434223676512,0.7001253168909214,0.6991955395275015,0.43999999999999995,0.4,0.6411994593950561,0.5,0.66
selective_risk_under_alternative_fidelity,absolute_effect_rank_agreement,u_p_rf,frangieh_melanoma_control,mean_matching,in_domain,,,50.0,0.7000869374722304,0.6742415330829103,0.025845404389320037,0.22452678747193985,0.6978434223676512,0.7001253168909214,0.6991955395275015,0.43999999999999995,0.4,0.6413211240951011,0.5,0.66
selective_risk_under_alternative_fidelity,absolute_effect_rank_agreement,u_ps_rf,frangieh_melanoma_control,mean_matching,in_domain,,,50.0,0.7000869374722304,0.6742415330829103,0.025845404389320037,0.2245032745237863,0.6978434223676512,0.7001253168909214,0.6991955395275015,0.43999999999999995,0.4,0.6412678922932155,0.5,0.66
selective_risk_under_alternative_fidelity,absolute_effect_rank_agreement,u_psn_rf,frangieh_melanoma_control,mean_matching,in_domain,,,50.0,0.7000869374722304,0.6742415330829103,0.025845404389320037,0.22451255729634545,0.6978434223676512,0.7001253168909214,0.6991955395275015,0.43999999999999995,0.4,0.6412888970740442,0.5,0.66
selective_risk_under_alternative_fidelity,absolute_effect_rank_agreement,ptl_rf,frangieh_melanoma_control,mean_matching,in_domain,,,50.0,0.7000869374722304,0.6742415330829103,0.025845404389320037,0.2244715432154419,0.6978434223676512,0.7001253168909214,0.6991955395275015,0.43999999999999995,0.4,0.641196207367363,0.5,0.66
selective_risk_under_alternative_fidelity,delta_cosine,raw_normalized_uq,frangieh_melanoma_control,mean_matching,leave_environment_out,env__v~frangiehizar2021%5Frna__v~patient-derived%5Fmelanoma__v~rna__v~control,,50.0,0.7409830038690681,0.5932975751961282,0.14768542867293988,0.2633645195616423,0.7075348483582781,0.7303101515394601,0.7193725555812968,0.48,0.42500000000000004,0.7462548867036365,0.5,0.64
selective_risk_under_alternative_fidelity,delta_cosine,best_scalar_uq,frangieh_melanoma_control,mean_matching,leave_environment_out,env__v~frangiehizar2021%5Frna__v~patient-derived%5Fmelanoma__v~rna__v~control,,50.0,0.7409830038690681,0.5932975751961282,0.14768542867293988,0.24915576069982442,0.7075348483582781,0.7303101515394601,0.7193725555812968,0.48,0.42500000000000004,0.7016534159444037,0.5,0.64
selective_risk_under_alternative_fidelity,delta_cosine,u_only_rf,frangieh_melanoma_control,mean_matching,leave_environment_out,env__v~frangiehizar2021%5Frna__v~patient-derived%5Fmelanoma__v~rna__v~control,,50.0,0.7409830038690681,0.5932975751961282,0.14768542867293988,0.23835693444523354,0.7075348483582781,0.7303101515394601,0.7193725555812968,0.48,0.42500000000000004,0.6724122823691429,0.5,0.64
selective_risk_under_alternative_fidelity,delta_cosine,u_p_rf,frangieh_melanoma_control,mean_matching,leave_environment_out,env__v~frangiehizar2021%5Frna__v~patient-derived%5Fmelanoma__v~rna__v~control,,50.0,0.7409830038690681,0.5932975751961282,0.14768542867293988,0.23194271855456983,0.7075348483582781,0.7303101515394601,0.7193725555812968,0.48,0.42500000000000004,0.6568887869620539,0.5,0.64
selective_risk_under_alternative_fidelity,delta_cosine,u_ps_rf,frangieh_melanoma_control,mean_matching,leave_environment_out,env__v~frangiehizar2021%5Frna__v~patient-derived%5Fmelanoma__v~rna__v~control,,50.0,0.7409830038690681,0.5932975751961282,0.14768542867293988,0.23079573204564943,0.7075348483582781,0.7303101515394601,0.7193725555812968,0.48,0.42500000000000004,0.654291853251686,0.5,0.64
selective_risk_under_alternative_fidelity,delta_cosine,u_psn_rf,frangieh_melanoma_control,mean_matching,leave_environment_out,env__v~frangiehizar2021%5Frna__v~patient-derived%5Fmelanoma__v~rna__v~control,,50.0,0.7409830038690681,0.5932975751961282,0.14768542867293988,0.2309300381085893,0.7075348483582781,0.7303101515394601,0.7193725555812968,0.48,0.42500000000000004,0.6545917534823533,0.5,0.64
selective_risk_under_alternative_fidelity,delta_cosine,ptl_rf,frangieh_melanoma_control,mean_matching,leave_environment_out,env__v~frangiehizar2021%5Frna__v~patient-derived%5Fmelanoma__v~rna__v~control,,50.0,0.7409830038690681,0.5932975751961282,0.14768542867293988,0.27825579709113557,0.7075348483582781,0.7303101515394601,0.7193725555812968,0.48,0.42500000000000004,0.7501855974135264,0.5,0.64
selective_risk_under_alternative_fidelity,centered_delta_cosine,raw_normalized_uq,frangieh_melanoma_control,mean_matching,leave_environment_out,env__v~frangiehizar2021%5Frna__v~patient-derived%5Fmelanoma__v~rna__v~control,,50.0,0.7387610487795624,0.5902835139968728,0.14847753478268955,0.2633645195616423,0.7050125117569626,0.728606660076353,0.7174123085865586,0.48,0.42500000000000004,0.7462548867036365,0.5,0.64
selective_risk_under_alternative_fidelity,centered_delta_cosine,best_scalar_uq,frangieh_melanoma_control,mean_matching,leave_environment_out,env__v~frangiehizar2021%5Frna__v~patient-derived%5Fmelanoma__v~rna__v~control,,50.0,0.7387610487795624,0.5902835139968728,0.14847753478268955,0.24915576069982442,0.7050125117569626,0.728606660076353,0.7174123085865586,0.48,0.42500000000000004,0.7016534159444037,0.5,0.64
selective_risk_under_alternative_fidelity,centered_delta_cosine,u_only_rf,frangieh_melanoma_control,mean_matching,leave_environment_out,env__v~frangiehizar2021%5Frna__v~patient-derived%5Fmelanoma__v~rna__v~control,,50.0,0.7387610487795624,0.5902835139968728,0.14847753478268955,0.23835693444523354,0.7050125117569626,0.728606660076353,0.7174123085865586,0.48,0.42500000000000004,0.6724122823691429,0.5,0.64
selective_risk_under_alternative_fidelity,centered_delta_cosine,u_p_rf,frangieh_melanoma_control,mean_matching,leave_environment_out,env__v~frangiehizar2021%5Frna__v~patient-derived%5Fmelanoma__v~rna__v~control,,50.0,0.7387610487795624,0.5902835139968728,0.14847753478268955,0.23194271855456983,0.7050125117569626,0.728606660076353,0.7174123085865586,0.48,0.42500000000000004,0.6568887869620539,0.5,0.64
selective_risk_under_alternative_fidelity,centered_delta_cosine,u_ps_rf,frangieh_melanoma_control,mean_matching,leave_environment_out,env__v~frangiehizar2021%5Frna__v~patient-derived%5Fmelanoma__v~rna__v~control,,50.0,0.7387610487795624,0.5902835139968728,0.14847753478268955,0.23079573204564943,0.7050125117569626,0.728606660076353,0.7174123085865586,0.48,0.42500000000000004,0.654291853251686,0.5,0.64
selective_risk_under_alternative_fidelity,centered_delta_cosine,u_psn_rf,frangieh_melanoma_control,mean_matching,leave_environment_out,env__v~frangiehizar2021%5Frna__v~patient-derived%5Fmelanoma__v~rna__v~control,,50.0,0.7387610487795624,0.5902835139968728,0.14847753478268955,0.2309300381085893,0.7050125117569626,0.728606660076353,0.7174123085865586,0.48,0.42500000000000004,0.6545917534823533,0.5,0.64
selective_risk_under_alternative_fidelity,centered_delta_cosine,ptl_rf,frangieh_melanoma_control,mean_matching,leave_environment_out,env__v~frangiehizar2021%5Frna__v~patient-derived%5Fmelanoma__v~rna__v~control,,50.0,0.7387610487795624,0.5902835139968728,0.14847753478268955,0.27825579709113557,0.7050125117569626,0.728606660076353,0.7174123085865586,0.48,0.42500000000000004,0.7501855974135264,0.5,0.64
selective_risk_under_alternative_fidelity,absolute_effect_rank_agreement,raw_normalized_uq,frangieh_melanoma_control,mean_matching,leave_environment_out,env__v~frangiehizar2021%5Frna__v~patient-derived%5Fmelanoma__v~rna__v~control,,50.0,0.7000869374722304,0.6742415330829103,0.025845404389320037,0.2633645195616423,0.6978434223676512,0.7001253168909214,0.6991955395275015,0.48,0.42500000000000004,0.7462548867036365,0.5,0.64
selective_risk_under_alternative_fidelity,absolute_effect_rank_agreement,best_scalar_uq,frangieh_melanoma_control,mean_matching,leave_environment_out,env__v~frangiehizar2021%5Frna__v~patient-derived%5Fmelanoma__v~rna__v~control,,50.0,0.7000869374722304,0.6742415330829103,0.025845404389320037,0.24915576069982442,0.6978434223676512,0.7001253168909214,0.6991955395275015,0.48,0.42500000000000004,0.7016534159444037,0.5,0.64
selective_risk_under_alternative_fidelity,absolute_effect_rank_agreement,u_only_rf,frangieh_melanoma_control,mean_matching,leave_environment_out,env__v~frangiehizar2021%5Frna__v~patient-derived%5Fmelanoma__v~rna__v~control,,50.0,0.7000869374722304,0.6742415330829103,0.025845404389320037,0.23835693444523354,0.6978434223676512,0.7001253168909214,0.6991955395275015,0.48,0.42500000000000004,0.6724122823691429,0.5,0.64
selective_risk_under_alternative_fidelity,absolute_effect_rank_agreement,u_p_rf,frangieh_melanoma_control,mean_matching,leave_environment_out,env__v~frangiehizar2021%5Frna__v~patient-derived%5Fmelanoma__v~rna__v~control,,50.0,0.7000869374722304,0.6742415330829103,0.025845404389320037,0.23194271855456983,0.6978434223676512,0.7001253168909214,0.6991955395275015,0.48,0.42500000000000004,0.6568887869620539,0.5,0.64
selective_risk_under_alternative_fidelity,absolute_effect_rank_agreement,u_ps_rf,frangieh_melanoma_control,mean_matching,leave_environment_out,env__v~frangiehizar2021%5Frna__v~patient-derived%5Fmelanoma__v~rna__v~control,,50.0,0.7000869374722304,0.6742415330829103,0.025845404389320037,0.23079573204564943,0.6978434223676512,0.7001253168909214,0.6991955395275015,0.48,0.42500000000000004,0.654291853251686,0.5,0.64
selective_risk_under_alternative_fidelity,absolute_effect_rank_agreement,u_psn_rf,frangieh_melanoma_control,mean_matching,leave_environment_out,env__v~frangiehizar2021%5Frna__v~patient-derived%5Fmelanoma__v~rna__v~control,,50.0,0.7000869374722304,0.6742415330829103,0.025845404389320037,0.2309300381085893,0.6978434223676512,0.7001253168909214,0.6991955395275015,0.48,0.42500000000000004,0.6545917534823533,0.5,0.64
selective_risk_under_alternative_fidelity,absolute_effect_rank_agreement,ptl_rf,frangieh_melanoma_control,mean_matching,leave_environment_out,env__v~frangiehizar2021%5Frna__v~patient-derived%5Fmelanoma__v~rna__v~control,,50.0,0.7000869374722304,0.6742415330829103,0.025845404389320037,0.27825579709113557,0.6978434223676512,0.7001253168909214,0.6991955395275015,0.48,0.42500000000000004,0.7501855974135264,0.5,0.64
selective_risk_under_alternative_fidelity,delta_cosine,raw_normalized_uq,frangieh_melanoma_control,mean_matching,leave_predictor_out,,mean_matching,50.0,0.7409830038690681,0.5932975751961282,0.14768542867293988,0.3,0.7075348483582781,0.7303101515394601,0.7193725555812968,0.36,0.35,3.4538846395274345,0.5,0.7
selective_risk_under_alternative_fidelity,delta_cosine,best_scalar_uq,frangieh_melanoma_control,mean_matching,leave_predictor_out,,mean_matching,50.0,0.7409830038690681,0.5932975751961282,0.14768542867293988,0.26839007254525377,0.7075348483582781,0.7303101515394601,0.7193725555812968,0.36,0.35,0.8944316012691377,0.5,0.7
selective_risk_under_alternative_fidelity,delta_cosine,u_only_rf,frangieh_melanoma_control,mean_matching,leave_predictor_out,,mean_matching,50.0,0.7409830038690681,0.5932975751961282,0.14768542867293988,0.28843174218181594,0.7075348483582781,0.7303101515394601,0.7193725555812968,0.36,0.35,1.18855967238728,0.5,0.7
selective_risk_under_alternative_fidelity,delta_cosine,u_p_rf,frangieh_melanoma_control,mean_matching,leave_predictor_out,,mean_matching,50.0,0.7409830038690681,0.5932975751961282,0.14768542867293988,0.2585173242594429,0.7075348483582781,0.7303101515394601,0.7193725555812968,0.36,0.35,0.8168839743806727,0.5,0.7
selective_risk_under_alternative_fidelity,delta_cosine,u_ps_rf,frangieh_melanoma_control,mean_matching,leave_predictor_out,,mean_matching,50.0,0.7409830038690681,0.5932975751961282,0.14768542867293988,0.2525480522624819,0.7075348483582781,0.7303101515394601,0.7193725555812968,0.36,0.35,0.7790980459914087,0.5,0.7
selective_risk_under_alternative_fidelity,delta_cosine,u_psn_rf,frangieh_melanoma_control,mean_matching,leave_predictor_out,,mean_matching,50.0,0.7409830038690681,0.5932975751961282,0.14768542867293988,0.25054970223383544,0.7075348483582781,0.7303101515394601,0.7193725555812968,0.36,0.35,0.7676005744448884,0.5,0.7
selective_risk_under_alternative_fidelity,delta_cosine,ptl_rf,frangieh_melanoma_control,mean_matching,leave_predictor_out,,mean_matching,50.0,0.7409830038690681,0.5932975751961282,0.14768542867293988,0.24263880352159425,0.7075348483582781,0.7303101515394601,0.7193725555812968,0.36,0.35,0.7266958252890524,0.5,0.7
selective_risk_under_alternative_fidelity,centered_delta_cosine,raw_normalized_uq,frangieh_melanoma_control,mean_matching,leave_predictor_out,,mean_matching,50.0,0.7387610487795624,0.5902835139968728,0.14847753478268955,0.3,0.7050125117569626,0.728606660076353,0.7174123085865586,0.36,0.35,3.4538846395274345,0.5,0.7
selective_risk_under_alternative_fidelity,centered_delta_cosine,best_scalar_uq,frangieh_melanoma_control,mean_matching,leave_predictor_out,,mean_matching,50.0,0.7387610487795624,0.5902835139968728,0.14847753478268955,0.26839007254525377,0.7050125117569626,0.728606660076353,0.7174123085865586,0.36,0.35,0.8944316012691377,0.5,0.7
selective_risk_under_alternative_fidelity,centered_delta_cosine,u_only_rf,frangieh_melanoma_control,mean_matching,leave_predictor_out,,mean_matching,50.0,0.7387610487795624,0.5902835139968728,0.14847753478268955,0.28843174218181594,0.7050125117569626,0.728606660076353,0.7174123085865586,0.36,0.35,1.18855967238728,0.5,0.7
selective_risk_under_alternative_fidelity,centered_delta_cosine,u_p_rf,frangieh_melanoma_control,mean_matching,leave_predictor_out,,mean_matching,50.0,0.7387610487795624,0.5902835139968728,0.14847753478268955,0.2585173242594429,0.7050125117569626,0.728606660076353,0.7174123085865586,0.36,0.35,0.8168839743806727,0.5,0.7
selective_risk_under_alternative_fidelity,centered_delta_cosine,u_ps_rf,frangieh_melanoma_control,mean_matching,leave_predictor_out,,mean_matching,50.0,0.7387610487795624,0.5902835139968728,0.14847753478268955,0.2525480522624819,0.7050125117569626,0.728606660076353,0.7174123085865586,0.36,0.35,0.7790980459914087,0.5,0.7
selective_risk_under_alternative_fidelity,centered_delta_cosine,u_psn_rf,frangieh_melanoma_control,mean_matching,leave_predictor_out,,mean_matching,50.0,0.7387610487795624,0.5902835139968728,0.14847753478268955,0.25054970223383544,0.7050125117569626,0.728606660076353,0.7174123085865586,0.36,0.35,0.7676005744448884,0.5,0.7
selective_risk_under_alternative_fidelity,centered_delta_cosine,ptl_rf,frangieh_melanoma_control,mean_matching,leave_predictor_out,,mean_matching,50.0,0.7387610487795624,0.5902835139968728,0.14847753478268955,0.24263880352159425,0.7050125117569626,0.728606660076353,0.7174123085865586,0.36,0.35,0.7266958252890524,0.5,0.7
selective_risk_under_alternative_fidelity,absolute_effect_rank_agreement,raw_normalized_uq,frangieh_melanoma_control,mean_matching,leave_predictor_out,,mean_matching,50.0,0.7000869374722304,0.6742415330829103,0.025845404389320037,0.3,0.6978434223676512,0.7001253168909214,0.6991955395275015,0.36,0.35,3.4538846395274345,0.5,0.7
selective_risk_under_alternative_fidelity,absolute_effect_rank_agreement,best_scalar_uq,frangieh_melanoma_control,mean_matching,leave_predictor_out,,mean_matching,50.0,0.7000869374722304,0.6742415330829103,0.025845404389320037,0.26839007254525377,0.6978434223676512,0.7001253168909214,0.6991955395275015,0.36,0.35,0.8944316012691377,0.5,0.7
selective_risk_under_alternative_fidelity,absolute_effect_rank_agreement,u_only_rf,frangieh_melanoma_control,mean_matching,leave_predictor_out,,mean_matching,50.0,0.7000869374722304,0.6742415330829103,0.025845404389320037,0.28843174218181594,0.6978434223676512,0.7001253168909214,0.6991955395275015,0.36,0.35,1.18855967238728,0.5,0.7
selective_risk_under_alternative_fidelity,absolute_effect_rank_agreement,u_p_rf,frangieh_melanoma_control,mean_matching,leave_predictor_out,,mean_matching,50.0,0.7000869374722304,0.6742415330829103,0.025845404389320037,0.2585173242594429,0.6978434223676512,0.7001253168909214,0.6991955395275015,0.36,0.35,0.8168839743806727,0.5,0.7
selective_risk_under_alternative_fidelity,absolute_effect_rank_agreement,u_ps_rf,frangieh_melanoma_control,mean_matching,leave_predictor_out,,mean_matching,50.0,0.7000869374722304,0.6742415330829103,0.025845404389320037,0.2525480522624819,0.6978434223676512,0.7001253168909214,0.6991955395275015,0.36,0.35,0.7790980459914087,0.5,0.7
selective_risk_under_alternative_fidelity,absolute_effect_rank_agreement,u_psn_rf,frangieh_melanoma_control,mean_matching,leave_predictor_out,,mean_matching,50.0,0.7000869374722304,0.6742415330829103,0.025845404389320037,0.25054970223383544,0.6978434223676512,0.7001253168909214,0.6991955395275015,0.36,0.35,0.7676005744448884,0.5,0.7
selective_risk_under_alternative_fidelity,absolute_effect_rank_agreement,ptl_rf,frangieh_melanoma_control,mean_matching,leave_predictor_out,,mean_matching,50.0,0.7000869374722304,0.6742415330829103,0.025845404389320037,0.24263880352159425,0.6978434223676512,0.7001253168909214,0.6991955395275015,0.36,0.35,0.7266958252890524,0.5,0.7
selective_risk_under_alternative_fidelity,delta_cosine,raw_normalized_uq,frangieh_melanoma_control,slim_string,in_domain,,,50.0,0.7817245191776729,0.7384991287164088,0.04322539046126417,0.28118779169859387,0.8380971160659949,0.7860221766441288,0.8290925472098574,0.56,0.7,0.7609924150296269,0.8519736842105262,0.723560725909797
selective_risk_under_alternative_fidelity,delta_cosine,best_scalar_uq,frangieh_melanoma_control,slim_string,in_domain,,,50.0,0.7724437471354026,0.7384991287164088,0.03394461841899388,0.09496920060902189,0.8380971160659949,0.7846051289880613,0.8229069447496234,0.52,0.7,0.32584219918625096,0.9594298245614035,0.8976190476190475
selective_risk_under_alternative_fidelity,delta_cosine,u_only_rf,frangieh_melanoma_control,slim_string,in_domain,,,50.0,0.770031674905929,0.7384991287164088,0.03153254618952028,0.10261008599697713,0.8380971160659949,0.7872283527950455,0.8223149988233048,0.56,0.7,0.3574176430530727,0.9144736842105262,0.8439839421350309
selective_risk_under_alternative_fidelity,delta_cosine,u_p_rf,frangieh_melanoma_control,slim_string,in_domain,,,50.0,0.7738630990524443,0.7384991287164088,0.035363970336035555,0.103397068063869,0.8380971160659949,0.783802811860815,0.8236476515693221,0.56,0.7,0.3574866324453631,0.9057017543859649,0.8399949516477648
selective_risk_under_alternative_fidelity,delta_cosine,u_ps_rf,frangieh_melanoma_control,slim_string,in_domain,,,50.0,0.7721605199136873,0.7384991287164088,0.03366139119727851,0.10531235189803084,0.8380971160659949,0.7903234912300509,0.8225435724606831,0.56,0.7,0.366390177042087,0.9122807017543859,0.8459111422346717
selective_risk_under_alternative_fidelity,delta_cosine,u_psn_rf,frangieh_melanoma_control,slim_string,in_domain,,,50.0,0.7735580952950457,0.7384991287164088,0.03505896657863694,0.10467571091816379,0.8380971160659949,0.7900228638176396,0.8180938779069606,0.56,0.7,0.3651237215177119,0.9144736842105263,0.8502104377104377
selective_risk_under_alternative_fidelity,delta_cosine,ptl_rf,frangieh_melanoma_control,slim_string,in_domain,,,50.0,0.7741512325898305,0.7384991287164088,0.03565210387342177,0.11583543730304086,0.8380971160659949,0.786752921085521,0.8206989211635882,0.56,0.7,0.3803546716383128,0.9057017543859649,0.838617713638936
selective_risk_under_alternative_fidelity,centered_delta_cosine,raw_normalized_uq,frangieh_melanoma_control,slim_string,in_domain,,,50.0,0.77983813182735,0.7371654018016892,0.04267273002566074,0.28118779169859387,0.8373572752599006,0.783586127824739,0.8272956487013303,0.56,0.7,0.7609924150296269,0.8519736842105262,0.723560725909797
selective_risk_under_alternative_fidelity,centered_delta_cosine,best_scalar_uq,frangieh_melanoma_control,slim_string,in_domain,,,50.0,0.7701792478077678,0.7371654018016892,0.033013846006078595,0.09496920060902189,0.8373572752599006,0.7821433608777894,0.8209407668654972,0.52,0.7,0.32584219918625096,0.9594298245614035,0.8976190476190475
selective_risk_under_alternative_fidelity,centered_delta_cosine,u_only_rf,frangieh_melanoma_control,slim_string,in_domain,,,50.0,0.76818780064494,0.7371654018016892,0.031022398843250754,0.10261008599697713,0.8373572752599006,0.7856066727971709,0.8207017431536967,0.56,0.7,0.3574176430530727,0.9144736842105262,0.8439839421350309
selective_risk_under_alternative_fidelity,centered_delta_cosine,u_p_rf,frangieh_melanoma_control,slim_string,in_domain,,,50.0,0.7721913282792314,0.7371654018016892,0.03502592647754221,0.103397068063869,0.8373572752599006,0.7819651826741284,0.8222634123542489,0.56,0.7,0.3574866324453631,0.9057017543859649,0.8399949516477648
selective_risk_under_alternative_fidelity,centered_delta_cosine,u_ps_rf,frangieh_melanoma_control,slim_string,in_domain,,,50.0,0.7704023834551039,0.7371654018016892,0.03323698165341471,0.10531235189803084,0.8373572752599006,0.7880789627000498,0.8211868658405772,0.56,0.7,0.366390177042087,0.9122807017543859,0.8459111422346717
selective_risk_under_alternative_fidelity,centered_delta_cosine,u_psn_rf,frangieh_melanoma_control,slim_string,in_domain,,,50.0,0.7717540035329885,0.7371654018016892,0.034588601731299295,0.10467571091816379,0.8373572752599006,0.7877223072367052,0.8167613522773477,0.56,0.7,0.3651237215177119,0.9144736842105263,0.8502104377104377
selective_risk_under_alternative_fidelity,centered_delta_cosine,ptl_rf,frangieh_melanoma_control,slim_string,in_domain,,,50.0,0.7722222317784082,0.7371654018016892,0.035056829976718995,0.11583543730304086,0.8373572752599006,0.7847981172449114,0.8194807514608362,0.56,0.7,0.3803546716383128,0.9057017543859649,0.838617713638936
selective_risk_under_alternative_fidelity,absolute_effect_rank_agreement,raw_normalized_uq,frangieh_melanoma_control,slim_string,in_domain,,,50.0,0.7408390938110831,0.7316787480780181,0.009160345733065012,0.28118779169859387,0.7543950397048544,0.7412687169847929,0.7505387679176405,0.56,0.7,0.7609924150296269,0.8519736842105262,0.723560725909797
selective_risk_under_alternative_fidelity,absolute_effect_rank_agreement,best_scalar_uq,frangieh_melanoma_control,slim_string,in_domain,,,50.0,0.7383799550546566,0.7316787480780181,0.006701206976638452,0.09496920060902189,0.7543950397048544,0.7414128178179941,0.7501295253049417,0.52,0.7,0.32584219918625096,0.9594298245614035,0.8976190476190475
selective_risk_under_alternative_fidelity,absolute_effect_rank_agreement,u_only_rf,frangieh_melanoma_control,slim_string,in_domain,,,50.0,0.7388119839558308,0.7316787480780181,0.007133235877812671,0.10261008599697713,0.7543950397048544,0.743225329724782,0.7502763794122318,0.56,0.7,0.3574176430530727,0.9144736842105262,0.8439839421350309
selective_risk_under_alternative_fidelity,absolute_effect_rank_agreement,u_p_rf,frangieh_melanoma_control,slim_string,in_domain,,,50.0,0.7399113679048108,0.7316787480780181,0.008232619826792686,0.103397068063869,0.7543950397048544,0.7437011557469111,0.7502516569945292,0.56,0.7,0.3574866324453631,0.9057017543859649,0.8399949516477648
selective_risk_under_alternative_fidelity,absolute_effect_rank_agreement,u_ps_rf,frangieh_melanoma_control,slim_string,in_domain,,,50.0,0.7391682069826331,0.7316787480780181,0.007489458904614943,0.10531235189803084,0.7543950397048544,0.7437214094093472,0.7507133878451719,0.56,0.7,0.366390177042087,0.9122807017543859,0.8459111422346717
selective_risk_under_alternative_fidelity,absolute_effect_rank_agreement,u_psn_rf,frangieh_melanoma_control,slim_string,in_domain,,,50.0,0.7395390655709345,0.7316787480780181,0.00786031749291638,0.10467571091816379,0.7543950397048544,0.7434008235965363,0.7499355173047157,0.56,0.7,0.3651237215177119,0.9144736842105263,0.8502104377104377
selective_risk_under_alternative_fidelity,absolute_effect_rank_agreement,ptl_rf,frangieh_melanoma_control,slim_string,in_domain,,,50.0,0.7391902896049052,0.7316787480780181,0.0075115415268870445,0.11583543730304086,0.7543950397048544,0.7417193401985057,0.7500934075383486,0.56,0.7,0.3803546716383128,0.9057017543859649,0.838617713638936
selective_risk_under_alternative_fidelity,delta_cosine,raw_normalized_uq,frangieh_melanoma_control,slim_string,leave_environment_out,env__v~frangiehizar2021%5Frna__v~patient-derived%5Fmelanoma__v~rna__v~control,,50.0,0.7821009953218595,0.7384991287164088,0.043601866605450734,0.2988966432194137,0.8380971160659949,0.7860221766441288,0.828999996377606,0.56,0.7,0.8002472392611618,0.849780701754386,0.7209008900456269
selective_risk_under_alternative_fidelity,delta_cosine,best_scalar_uq,frangieh_melanoma_control,slim_string,leave_environment_out,env__v~frangiehizar2021%5Frna__v~patient-derived%5Fmelanoma__v~rna__v~control,,50.0,0.7722888579703364,0.7384991287164088,0.03378972925392765,0.09393955307416979,0.8380971160659949,0.7846051289880613,0.8229069447496233,0.52,0.7,0.32052054642945516,0.9594298245614035,0.8976190476190475
selective_risk_under_alternative_fidelity,delta_cosine,u_only_rf,frangieh_melanoma_control,slim_string,leave_environment_out,env__v~frangiehizar2021%5Frna__v~patient-derived%5Fmelanoma__v~rna__v~control,,50.0,0.7648320109766726,0.7384991287164088,0.026332882260263868,0.10930071298094676,0.8380971160659949,0.7820220749849172,0.8148448663738815,0.6,0.7,0.37377384475185776,0.881578947368421,0.8194401277734612
selective_risk_under_alternative_fidelity,delta_cosine,u_p_rf,frangieh_melanoma_control,slim_string,leave_environment_out,env__v~frangiehizar2021%5Frna__v~patient-derived%5Fmelanoma__v~rna__v~control,,50.0,0.7647088231095508,0.7384991287164088,0.026209694393142025,0.11861405964965441,0.8380971160659949,0.7891186108706957,0.8154973618585682,0.56,0.7,0.4001570547909675,0.8947368421052632,0.8130774318274319
selective_risk_under_alternative_fidelity,delta_cosine,u_ps_rf,frangieh_melanoma_control,slim_string,leave_environment_out,env__v~frangiehizar2021%5Frna__v~patient-derived%5Fmelanoma__v~rna__v~control,,50.0,0.7682487116574801,0.7384991287164088,0.02974958294107133,0.118368365148112,0.8380971160659949,0.7810707054034661,0.8216897238509411,0.56,0.7,0.4012409611994109,0.8837719298245614,0.7966992266992268
selective_risk_under_alternative_fidelity,delta_cosine,u_psn_rf,frangieh_melanoma_control,slim_string,leave_environment_out,env__v~frangiehizar2021%5Frna__v~patient-derived%5Fmelanoma__v~rna__v~control,,50.0,0.7683219477175952,0.7384991287164088,0.02982281900118644,0.11989371012529389,0.8380971160659949,0.781114814981114,0.8196931931223469,0.56,0.7,0.40577935330510184,0.9144736842105263,0.831676887926888
selective_risk_under_alternative_fidelity,delta_cosine,ptl_rf,frangieh_melanoma_control,slim_string,leave_environment_out,env__v~frangiehizar2021%5Frna__v~patient-derived%5Fmelanoma__v~rna__v~control,,50.0,0.7742319167011179,0.7384991287164088,0.035732787984709136,0.13893662434004134,0.8380971160659949,0.8018885861079513,0.8173007236989293,0.64,0.7,0.4344664028539127,0.8530701754385965,0.8021502216267232
selective_risk_under_alternative_fidelity,centered_delta_cosine,raw_normalized_uq,frangieh_melanoma_control,slim_string,leave_environment_out,env__v~frangiehizar2021%5Frna__v~patient-derived%5Fmelanoma__v~rna__v~control,,50.0,0.7801984622515077,0.7371654018016892,0.04303306044981847,0.2988966432194137,0.8373572752599006,0.783586127824739,0.8278735132689325,0.56,0.7,0.8002472392611618,0.849780701754386,0.7209008900456269
selective_risk_under_alternative_fidelity,centered_delta_cosine,best_scalar_uq,frangieh_melanoma_control,slim_string,leave_environment_out,env__v~frangiehizar2021%5Frna__v~patient-derived%5Fmelanoma__v~rna__v~control,,50.0,0.7700311061075149,0.7371654018016892,0.032865704305825694,0.09393955307416979,0.8373572752599006,0.7821433608777894,0.8209407668654972,0.52,0.7,0.32052054642945516,0.9594298245614035,0.8976190476190475
selective_risk_under_alternative_fidelity,centered_delta_cosine,u_only_rf,frangieh_melanoma_control,slim_string,leave_environment_out,env__v~frangiehizar2021%5Frna__v~patient-derived%5Fmelanoma__v~rna__v~control,,50.0,0.7631803981175355,0.7371654018016892,0.02601499631584625,0.10930071298094676,0.8373572752599006,0.7807296828126933,0.8142014915962962,0.6,0.7,0.37377384475185776,0.881578947368421,0.8194401277734612
selective_risk_under_alternative_fidelity,centered_delta_cosine,u_p_rf,frangieh_melanoma_control,slim_string,leave_environment_out,env__v~frangiehizar2021%5Frna__v~patient-derived%5Fmelanoma__v~rna__v~control,,50.0,0.7630847446199586,0.7371654018016892,0.025919342818269353,0.11861405964965441,0.8373572752599006,0.7872125928050923,0.8146863097706252,0.56,0.7,0.4001570547909675,0.8947368421052632,0.8130774318274319
selective_risk_under_alternative_fidelity,centered_delta_cosine,u_ps_rf,frangieh_melanoma_control,slim_string,leave_environment_out,env__v~frangiehizar2021%5Frna__v~patient-derived%5Fmelanoma__v~rna__v~control,,50.0,0.766554256755328,0.7371654018016892,0.029388854953638743,0.118368365148112,0.8373572752599006,0.7794557787151106,0.8206817323481996,0.56,0.7,0.4012409611994109,0.8837719298245614,0.7966992266992268
selective_risk_under_alternative_fidelity,centered_delta_cosine,u_psn_rf,frangieh_melanoma_control,slim_string,leave_environment_out,env__v~frangiehizar2021%5Frna__v~patient-derived%5Fmelanoma__v~rna__v~control,,50.0,0.766766669448714,0.7371654018016892,0.029601267647024754,0.11989371012529389,0.8373572752599006,0.7800290152427699,0.8190564335016186,0.56,0.7,0.40577935330510184,0.9144736842105263,0.831676887926888
selective_risk_under_alternative_fidelity,centered_delta_cosine,ptl_rf,frangieh_melanoma_control,slim_string,leave_environment_out,env__v~frangiehizar2021%5Frna__v~patient-derived%5Fmelanoma__v~rna__v~control,,50.0,0.7721563814693845,0.7371654018016892,0.034990979667695266,0.13893662434004134,0.8373572752599006,0.7991525911848967,0.8161500482422838,0.64,0.7,0.4344664028539127,0.8530701754385965,0.8021502216267232
selective_risk_under_alternative_fidelity,absolute_effect_rank_agreement,raw_normalized_uq,frangieh_melanoma_control,slim_string,leave_environment_out,env__v~frangiehizar2021%5Frna__v~patient-derived%5Fmelanoma__v~rna__v~control,,50.0,0.7410003329884858,0.7316787480780181,0.00932158491046764,0.2988966432194137,0.7543950397048544,0.7412687169847929,0.750520056945829,0.56,0.7,0.8002472392611618,0.849780701754386,0.7209008900456269
selective_risk_under_alternative_fidelity,absolute_effect_rank_agreement,best_scalar_uq,frangieh_melanoma_control,slim_string,leave_environment_out,env__v~frangiehizar2021%5Frna__v~patient-derived%5Fmelanoma__v~rna__v~control,,50.0,0.73836152531528,0.7316787480780181,0.00668277723726185,0.09393955307416979,0.7543950397048544,0.7414128178179941,0.7501295253049417,0.52,0.7,0.32052054642945516,0.9594298245614035,0.8976190476190475
selective_risk_under_alternative_fidelity,absolute_effect_rank_agreement,u_only_rf,frangieh_melanoma_control,slim_string,leave_environment_out,env__v~frangiehizar2021%5Frna__v~patient-derived%5Fmelanoma__v~rna__v~control,,50.0,0.7391091681584535,0.7316787480780181,0.007430420080435374,0.10930071298094676,0.7543950397048544,0.7444897749512366,0.7507255489869772,0.6,0.7,0.37377384475185776,0.881578947368421,0.8194401277734612
selective_risk_under_alternative_fidelity,absolute_effect_rank_agreement,u_p_rf,frangieh_melanoma_control,slim_string,leave_environment_out,env__v~frangiehizar2021%5Frna__v~patient-derived%5Fmelanoma__v~rna__v~control,,50.0,0.7389490733528643,0.7316787480780181,0.007270325274846168,0.11861405964965441,0.7543950397048544,0.7446553459261109,0.7494275766046217,0.56,0.7,0.4001570547909675,0.8947368421052632,0.8130774318274319
selective_risk_under_alternative_fidelity,absolute_effect_rank_agreement,u_ps_rf,frangieh_melanoma_control,slim_string,leave_environment_out,env__v~frangiehizar2021%5Frna__v~patient-derived%5Fmelanoma__v~rna__v~control,,50.0,0.7397731617624896,0.7316787480780181,0.008094413684471502,0.118368365148112,0.7543950397048544,0.744529194267215,0.7506414683246498,0.56,0.7,0.4012409611994109,0.8837719298245614,0.7966992266992268
selective_risk_under_alternative_fidelity,absolute_effect_rank_agreement,u_psn_rf,frangieh_melanoma_control,slim_string,leave_environment_out,env__v~frangiehizar2021%5Frna__v~patient-derived%5Fmelanoma__v~rna__v~control,,50.0,0.7393201927042196,0.7316787480780181,0.007641444626201421,0.11989371012529389,0.7543950397048544,0.7439646897433243,0.7502113356833968,0.56,0.7,0.40577935330510184,0.9144736842105263,0.831676887926888
selective_risk_under_alternative_fidelity,absolute_effect_rank_agreement,ptl_rf,frangieh_melanoma_control,slim_string,leave_environment_out,env__v~frangiehizar2021%5Frna__v~patient-derived%5Fmelanoma__v~rna__v~control,,50.0,0.7389036026018014,0.7316787480780181,0.007224854523783297,0.13893662434004134,0.7543950397048544,0.7442091887551336,0.7494790019263999,0.64,0.7,0.4344664028539127,0.8530701754385965,0.8021502216267232
selective_risk_under_alternative_fidelity,delta_cosine,raw_normalized_uq,frangieh_melanoma_control,slim_string,leave_predictor_out,,slim_string,50.0,0.7825033738514875,0.7384991287164088,0.04400424513507872,0.12904034272407924,0.8380971160659949,0.7860221766441288,0.8351791304580136,0.64,0.75,0.41822101734502654,0.83875,0.7314761904761904
selective_risk_under_alternative_fidelity,delta_cosine,best_scalar_uq,frangieh_melanoma_control,slim_string,leave_predictor_out,,slim_string,50.0,0.7724107894400324,0.7384991287164088,0.033911660723623616,0.1224456408164078,0.8380971160659949,0.7854524446106609,0.8221479944579668,0.6,0.75,0.37995002259534194,0.9725,0.9125000000000001
selective_risk_under_alternative_fidelity,delta_cosine,u_only_rf,frangieh_melanoma_control,slim_string,leave_predictor_out,,slim_string,50.0,0.8259311303061709,0.7384991287164088,0.08743200158976216,0.18287003434511373,0.8380971160659949,0.8459209684305471,0.8441519741421525,0.84,0.8,0.5522627012109868,0.4775,0.430666347009058
selective_risk_under_alternative_fidelity,delta_cosine,u_p_rf,frangieh_melanoma_control,slim_string,leave_predictor_out,,slim_string,50.0,0.8039919863748958,0.7384991287164088,0.065492857658487,0.1437689538036416,0.8380971160659949,0.8144226422838595,0.832174801076828,0.6799999999999999,0.75,0.46240115425585715,0.76,0.5915471599682126
selective_risk_under_alternative_fidelity,delta_cosine,u_ps_rf,frangieh_melanoma_control,slim_string,leave_predictor_out,,slim_string,50.0,0.8137494412040328,0.7384991287164088,0.07525031248762404,0.1501028924299439,0.8380971160659949,0.8278609281839322,0.8339533472045467,0.72,0.775,0.4790965866633619,0.6925,0.4837698207938146
selective_risk_under_alternative_fidelity,delta_cosine,u_psn_rf,frangieh_melanoma_control,slim_string,leave_predictor_out,,slim_string,50.0,0.8095251643562494,0.7384991287164088,0.07102603563984067,0.14853213812572488,0.8380971160659949,0.8301410715491913,0.8348584633041749,0.72,0.775,0.4754587498075983,0.7075,0.5310245899485497
selective_risk_under_alternative_fidelity,delta_cosine,ptl_rf,frangieh_melanoma_control,slim_string,leave_predictor_out,,slim_string,50.0,0.7855378571310558,0.7384991287164088,0.04703872841464707,0.1351725596993116,0.8380971160659949,0.7985294245830329,0.8348584633041748,0.64,0.775,0.44371138038949065,0.855,0.7791630591630592
selective_risk_under_alternative_fidelity,centered_delta_cosine,raw_normalized_uq,frangieh_melanoma_control,slim_string,leave_predictor_out,,slim_string,50.0,0.7806268182764663,0.7371654018016892,0.04346141647477708,0.12904034272407924,0.8373572752599006,0.783586127824739,0.834127355072335,0.64,0.75,0.41822101734502654,0.83875,0.7314761904761904
selective_risk_under_alternative_fidelity,centered_delta_cosine,best_scalar_uq,frangieh_melanoma_control,slim_string,leave_predictor_out,,slim_string,50.0,0.7701460294194509,0.7371654018016892,0.03298062761776166,0.1224456408164078,0.8373572752599006,0.7829160925200037,0.8204897788096014,0.6,0.75,0.37995002259534194,0.9725,0.9125000000000001
selective_risk_under_alternative_fidelity,centered_delta_cosine,u_only_rf,frangieh_melanoma_control,slim_string,leave_predictor_out,,slim_string,50.0,0.8253393138247686,0.7371654018016892,0.08817391202307934,0.18287003434511373,0.8373572752599006,0.84626585085857,0.8432397182280761,0.84,0.8,0.5522627012109868,0.4775,0.430666347009058
selective_risk_under_alternative_fidelity,centered_delta_cosine,u_p_rf,frangieh_melanoma_control,slim_string,leave_predictor_out,,slim_string,50.0,0.8032081969475782,0.7371654018016892,0.06604279514588896,0.1437689538036416,0.8373572752599006,0.81406550386407,0.8313764668246462,0.6799999999999999,0.75,0.46240115425585715,0.76,0.5915471599682126
selective_risk_under_alternative_fidelity,centered_delta_cosine,u_ps_rf,frangieh_melanoma_control,slim_string,leave_predictor_out,,slim_string,50.0,0.8128888132363474,0.7371654018016892,0.07572341143465822,0.1501028924299439,0.8373572752599006,0.8276669224296899,0.8331466709920461,0.72,0.775,0.4790965866633619,0.6925,0.4837698207938146
selective_risk_under_alternative_fidelity,centered_delta_cosine,u_psn_rf,frangieh_melanoma_control,slim_string,leave_predictor_out,,slim_string,50.0,0.8084127796285889,0.7371654018016892,0.07124737782689972,0.14853213812572488,0.8373572752599006,0.829882583799995,0.834415489471979,0.72,0.775,0.4754587498075983,0.7075,0.5310245899485497
selective_risk_under_alternative_fidelity,centered_delta_cosine,ptl_rf,frangieh_melanoma_control,slim_string,leave_predictor_out,,slim_string,50.0,0.7842742934732735,0.7371654018016892,0.047108891671584274,0.1351725596993116,0.8373572752599006,0.7978559175445871,0.8344154894719787,0.64,0.775,0.44371138038949065,0.855,0.7791630591630592
selective_risk_under_alternative_fidelity,absolute_effect_rank_agreement,raw_normalized_uq,frangieh_melanoma_control,slim_string,leave_predictor_out,,slim_string,50.0,0.7409834652254816,0.7316787480780181,0.009304717147463504,0.12904034272407924,0.7543950397048544,0.7412687169847929,0.7512585523693207,0.64,0.75,0.41822101734502654,0.83875,0.7314761904761904
selective_risk_under_alternative_fidelity,absolute_effect_rank_agreement,best_scalar_uq,frangieh_melanoma_control,slim_string,leave_predictor_out,,slim_string,50.0,0.7381623330467464,0.7316787480780181,0.006483584968728251,0.1224456408164078,0.7543950397048544,0.7409563377856295,0.7506778310045485,0.6,0.75,0.37995002259534194,0.9725,0.9125000000000001
selective_risk_under_alternative_fidelity,absolute_effect_rank_agreement,u_only_rf,frangieh_melanoma_control,slim_string,leave_predictor_out,,slim_string,50.0,0.7521817415956411,0.7316787480780181,0.02050299351762297,0.18287003434511373,0.7543950397048544,0.7568693956152422,0.7544279242328845,0.84,0.8,0.5522627012109868,0.4775,0.430666347009058
selective_risk_under_alternative_fidelity,absolute_effect_rank_agreement,u_p_rf,frangieh_melanoma_control,slim_string,leave_predictor_out,,slim_string,50.0,0.7460261088031243,0.7316787480780181,0.014347360725106117,0.1437689538036416,0.7543950397048544,0.7478587700811045,0.7521997889796718,0.6799999999999999,0.75,0.46240115425585715,0.76,0.5915471599682126
selective_risk_under_alternative_fidelity,absolute_effect_rank_agreement,u_ps_rf,frangieh_melanoma_control,slim_string,leave_predictor_out,,slim_string,50.0,0.7480453181498351,0.7316787480780181,0.016366570071816966,0.1501028924299439,0.7543950397048544,0.7504404977814493,0.7521696394930817,0.72,0.775,0.4790965866633619,0.6925,0.4837698207938146
selective_risk_under_alternative_fidelity,absolute_effect_rank_agreement,u_psn_rf,frangieh_melanoma_control,slim_string,leave_predictor_out,,slim_string,50.0,0.7472044700949313,0.7316787480780181,0.015525722016913157,0.14853213812572488,0.7543950397048544,0.7516393407705491,0.7524613574222526,0.72,0.775,0.4754587498075983,0.7075,0.5310245899485497
selective_risk_under_alternative_fidelity,absolute_effect_rank_agreement,ptl_rf,frangieh_melanoma_control,slim_string,leave_predictor_out,,slim_string,50.0,0.7415956387216934,0.7316787480780181,0.009916890643675291,0.1351725596993116,0.7543950397048544,0.7465547963481868,0.7524613574222525,0.64,0.775,0.44371138038949065,0.855,0.7791630591630592
selective_risk_under_alternative_fidelity,delta_cosine,raw_normalized_uq,frangieh_melanoma_control,strong_linear,in_domain,,,50.0,0.7138270627775346,0.645600873720451,0.06822618905708355,0.23544950193553527,0.7563878465052021,0.7089760791402254,0.7425795506332121,0.28,0.375,0.6805505020118848,0.6880131362889984,0.768543152817155
selective_risk_under_alternative_fidelity,delta_cosine,best_scalar_uq,frangieh_melanoma_control,strong_linear,in_domain,,,50.0,0.7064006329548406,0.645600873720451,0.06079975923438952,0.22914771766063943,0.7563878465052021,0.70821238947461,0.7212545915699022,0.28,0.275,0.6373630999174565,0.7717569786535304,0.8071682768455468
selective_risk_under_alternative_fidelity,delta_cosine,u_only_rf,frangieh_melanoma_control,strong_linear,in_domain,,,50.0,0.713700598763397,0.645600873720451,0.06809972504294592,0.2199001748040553,0.7563878465052021,0.7016968960564818,0.7331036254394311,0.28,0.32499999999999996,0.6264229417660544,0.7520525451559935,0.776342477895514
selective_risk_under_alternative_fidelity,delta_cosine,u_p_rf,frangieh_melanoma_control,strong_linear,in_domain,,,50.0,0.6978753836348227,0.645600873720451,0.05227450991437166,0.1781320430461565,0.7563878465052021,0.6933906211064595,0.7212049012439133,0.24,0.275,0.5340642836167897,0.812807881773399,0.8386057841937009
selective_risk_under_alternative_fidelity,delta_cosine,u_ps_rf,frangieh_melanoma_control,strong_linear,in_domain,,,50.0,0.7036409512021511,0.645600873720451,0.058040077481700036,0.17790809424743642,0.7563878465052021,0.6997973514817757,0.7212049012439136,0.19999999999999996,0.275,0.5340102569780246,0.819376026272578,0.8330765642067349
selective_risk_under_alternative_fidelity,delta_cosine,u_psn_rf,frangieh_melanoma_control,strong_linear,in_domain,,,50.0,0.7045930326994458,0.645600873720451,0.05899215897899479,0.18332374662344697,0.7563878465052021,0.6990920055170995,0.7212049012439136,0.24,0.275,0.5449140437854665,0.7914614121510674,0.821497554752419
selective_risk_under_alternative_fidelity,delta_cosine,ptl_rf,frangieh_melanoma_control,strong_linear,in_domain,,,50.0,0.7047012078573718,0.645600873720451,0.05910033413692073,0.19648289555033005,0.7563878465052021,0.7089760791402253,0.7212049012439135,0.28,0.275,0.5719564759269715,0.7766830870279147,0.8122073907487466
selective_risk_under_alternative_fidelity,centered_delta_cosine,raw_normalized_uq,frangieh_melanoma_control,strong_linear,in_domain,,,50.0,0.7108630442165423,0.6433070588645101,0.06755598535203222,0.23544950193553527,0.7538879441793703,0.705593814148113,0.7405146358028509,0.28,0.375,0.6805505020118848,0.6880131362889984,0.768543152817155
selective_risk_under_alternative_fidelity,centered_delta_cosine,best_scalar_uq,frangieh_melanoma_control,strong_linear,in_domain,,,50.0,0.7033211796666216,0.6433070588645101,0.06001412080211144,0.22914771766063943,0.7538879441793703,0.7051107615189777,0.7189397425355132,0.28,0.275,0.6373630999174565,0.7717569786535304,0.8071682768455468
selective_risk_under_alternative_fidelity,centered_delta_cosine,u_only_rf,frangieh_melanoma_control,strong_linear,in_domain,,,50.0,0.7098976699672848,0.6433070588645101,0.06659061110277464,0.2199001748040553,0.7538879441793703,0.6991147110653706,0.7306062947667227,0.28,0.32499999999999996,0.6264229417660544,0.7520525451559935,0.776342477895514
selective_risk_under_alternative_fidelity,centered_delta_cosine,u_p_rf,frangieh_melanoma_control,strong_linear,in_domain,,,50.0,0.6945766557139068,0.6433070588645101,0.05126959684939669,0.1781320430461565,0.7538879441793703,0.6909138209452582,0.718754438455584,0.24,0.275,0.5340642836167897,0.812807881773399,0.8386057841937009
selective_risk_under_alternative_fidelity,centered_delta_cosine,u_ps_rf,frangieh_melanoma_control,strong_linear,in_domain,,,50.0,0.699909843310874,0.6433070588645101,0.05660278444636391,0.17790809424743642,0.7538879441793703,0.696524214685854,0.718754438455584,0.19999999999999996,0.275,0.5340102569780246,0.819376026272578,0.8330765642067349
selective_risk_under_alternative_fidelity,centered_delta_cosine,u_psn_rf,frangieh_melanoma_control,strong_linear,in_domain,,,50.0,0.7012432032667245,0.6433070588645101,0.057936144402214396,0.18332374662344697,0.7538879441793703,0.6959666583416374,0.718754438455584,0.24,0.275,0.5449140437854665,0.7914614121510674,0.821497554752419
selective_risk_under_alternative_fidelity,centered_delta_cosine,ptl_rf,frangieh_melanoma_control,strong_linear,in_domain,,,50.0,0.7006837632895885,0.6433070588645101,0.05737670442507836,0.19648289555033005,0.7538879441793703,0.7055938141481128,0.7187544384555841,0.28,0.275,0.5719564759269715,0.7766830870279147,0.8122073907487466
selective_risk_under_alternative_fidelity,absolute_effect_rank_agreement,raw_normalized_uq,frangieh_melanoma_control,strong_linear,in_domain,,,50.0,0.7142510167208411,0.7016817278797892,0.012569288841051907,0.23544950193553527,0.7268943874572009,0.7131939237530968,0.7238859590731173,0.28,0.375,0.6805505020118848,0.6880131362889984,0.768543152817155
selective_risk_under_alternative_fidelity,absolute_effect_rank_agreement,best_scalar_uq,frangieh_melanoma_control,strong_linear,in_domain,,,50.0,0.7122225172464893,0.7016817278797892,0.01054078936670011,0.22914771766063943,0.7268943874572009,0.7117717226302374,0.7180372350440105,0.28,0.275,0.6373630999174565,0.7717569786535304,0.8071682768455468
selective_risk_under_alternative_fidelity,absolute_effect_rank_agreement,u_only_rf,frangieh_melanoma_control,strong_linear,in_domain,,,50.0,0.7137844326835854,0.7016817278797892,0.01210270480379616,0.2199001748040553,0.7268943874572009,0.7112579056441483,0.7203823616227496,0.28,0.32499999999999996,0.6264229417660544,0.7520525451559935,0.776342477895514
selective_risk_under_alternative_fidelity,absolute_effect_rank_agreement,u_p_rf,frangieh_melanoma_control,strong_linear,in_domain,,,50.0,0.7107608978201807,0.7016817278797892,0.009079169940391485,0.1781320430461565,0.7268943874572009,0.709369191524456,0.7173181317213186,0.24,0.275,0.5340642836167897,0.812807881773399,0.8386057841937009
selective_risk_under_alternative_fidelity,absolute_effect_rank_agreement,u_ps_rf,frangieh_melanoma_control,strong_linear,in_domain,,,50.0,0.7121554495130209,0.7016817278797892,0.01047372163323168,0.17790809424743642,0.7268943874572009,0.7123452151441043,0.7173181317213186,0.19999999999999996,0.275,0.5340102569780246,0.819376026272578,0.8330765642067349
selective_risk_under_alternative_fidelity,absolute_effect_rank_agreement,u_psn_rf,frangieh_melanoma_control,strong_linear,in_domain,,,50.0,0.7123818803030411,0.7016817278797892,0.01070015242325184,0.18332374662344697,0.7268943874572009,0.7111291851723175,0.7173181317213186,0.24,0.275,0.5449140437854665,0.7914614121510674,0.821497554752419
selective_risk_under_alternative_fidelity,absolute_effect_rank_agreement,ptl_rf,frangieh_melanoma_control,strong_linear,in_domain,,,50.0,0.711737721672935,0.7016817278797892,0.010055993793145812,0.19648289555033005,0.7268943874572009,0.7131939237530968,0.7173181317213186,0.28,0.275,0.5719564759269715,0.7766830870279147,0.8122073907487466
selective_risk_under_alternative_fidelity,delta_cosine,raw_normalized_uq,frangieh_melanoma_control,strong_linear,leave_environment_out,env__v~frangiehizar2021%5Frna__v~patient-derived%5Fmelanoma__v~rna__v~control,,50.0,0.7124859475361315,0.645600873720451,0.06688507381568043,0.2366738989234532,0.7563878465052021,0.7089760791402254,0.7425795506332121,0.28,0.375,0.7008934192894329,0.6880131362889984,0.7691701120648039
selective_risk_under_alternative_fidelity,delta_cosine,best_scalar_uq,frangieh_melanoma_control,strong_linear,leave_environment_out,env__v~frangiehizar2021%5Frna__v~patient-derived%5Fmelanoma__v~rna__v~control,,50.0,0.7113478881949546,0.645600873720451,0.0657470144745036,0.2285999364298448,0.7563878465052021,0.70821238947461,0.7212545915699022,0.28,0.275,0.6383587309774934,0.7668308702791462,0.7824010973033501
selective_risk_under_alternative_fidelity,delta_cosine,u_only_rf,frangieh_melanoma_control,strong_linear,leave_environment_out,env__v~frangiehizar2021%5Frna__v~patient-derived%5Fmelanoma__v~rna__v~control,,50.0,0.7162524667084572,0.645600873720451,0.07065159298800616,0.2511950045290527,0.7563878465052021,0.6985667790705731,0.7398457850533073,0.24,0.375,0.7223839999537482,0.6814449917898194,0.7588758755615463
selective_risk_under_alternative_fidelity,delta_cosine,u_p_rf,frangieh_melanoma_control,strong_linear,leave_environment_out,env__v~frangiehizar2021%5Frna__v~patient-derived%5Fmelanoma__v~rna__v~control,,50.0,0.7075078005232877,0.645600873720451,0.061906926802836604,0.21964219150392356,0.7563878465052021,0.6983283158514841,0.7331036254394313,0.24,0.32499999999999996,0.6259970419505759,0.7750410509031198,0.8132027830890587
selective_risk_under_alternative_fidelity,delta_cosine,u_ps_rf,frangieh_melanoma_control,strong_linear,leave_environment_out,env__v~frangiehizar2021%5Frna__v~patient-derived%5Fmelanoma__v~rna__v~control,,50.0,0.7139145430388737,0.645600873720451,0.06831366931842264,0.23137351705826797,0.7563878465052021,0.698328315851484,0.7289293186195509,0.24,0.30000000000000004,0.6545960544884066,0.7627257799671593,0.7904866467511574
selective_risk_under_alternative_fidelity,delta_cosine,u_psn_rf,frangieh_melanoma_control,strong_linear,leave_environment_out,env__v~frangiehizar2021%5Frna__v~patient-derived%5Fmelanoma__v~rna__v~control,,50.0,0.7026258521214692,0.645600873720451,0.05702497840101817,0.22959651654340754,0.7563878465052021,0.698328315851484,0.7289293186195509,0.24,0.30000000000000004,0.6488278411207566,0.7701149425287356,0.8149398593953474
selective_risk_under_alternative_fidelity,delta_cosine,ptl_rf,frangieh_melanoma_control,strong_linear,leave_environment_out,env__v~frangiehizar2021%5Frna__v~patient-derived%5Fmelanoma__v~rna__v~control,,50.0,0.714850027216327,0.645600873720451,0.0692491534958759,0.2775896034471172,0.7563878465052021,0.7089760791402253,0.7227894971675027,0.28,0.30000000000000004,0.7491410885772076,0.7504105090311988,0.7713843261883907
selective_risk_under_alternative_fidelity,centered_delta_cosine,raw_normalized_uq,frangieh_melanoma_control,strong_linear,leave_environment_out,env__v~frangiehizar2021%5Frna__v~patient-derived%5Fmelanoma__v~rna__v~control,,50.0,0.7093269800945677,0.6433070588645101,0.06601992123005762,0.2366738989234532,0.7538879441793703,0.705593814148113,0.7405146358028509,0.28,0.375,0.7008934192894329,0.6880131362889984,0.7691701120648039
selective_risk_under_alternative_fidelity,centered_delta_cosine,best_scalar_uq,frangieh_melanoma_control,strong_linear,leave_environment_out,env__v~frangiehizar2021%5Frna__v~patient-derived%5Fmelanoma__v~rna__v~control,,50.0,0.7077182044981459,0.6433070588645101,0.06441114563363581,0.2285999364298448,0.7538879441793703,0.7051107615189777,0.7189397425355132,0.28,0.275,0.6383587309774934,0.7668308702791462,0.7824010973033501
selective_risk_under_alternative_fidelity,centered_delta_cosine,u_only_rf,frangieh_melanoma_control,strong_linear,leave_environment_out,env__v~frangiehizar2021%5Frna__v~patient-derived%5Fmelanoma__v~rna__v~control,,50.0,0.7137488403333883,0.6433070588645101,0.07044178146887814,0.2511950045290527,0.7538879441793703,0.6958025377293953,0.7371406822862481,0.24,0.375,0.7223839999537482,0.6814449917898194,0.7588758755615463
selective_risk_under_alternative_fidelity,centered_delta_cosine,u_p_rf,frangieh_melanoma_control,strong_linear,leave_environment_out,env__v~frangiehizar2021%5Frna__v~patient-derived%5Fmelanoma__v~rna__v~control,,50.0,0.7043140646083123,0.6433070588645101,0.061007005743802134,0.21964219150392356,0.7538879441793703,0.6954836057125026,0.7306062947667227,0.24,0.32499999999999996,0.6259970419505759,0.7750410509031198,0.8132027830890587
selective_risk_under_alternative_fidelity,centered_delta_cosine,u_ps_rf,frangieh_melanoma_control,strong_linear,leave_environment_out,env__v~frangiehizar2021%5Frna__v~patient-derived%5Fmelanoma__v~rna__v~control,,50.0,0.7113003735082835,0.6433070588645101,0.06799331464377334,0.23137351705826797,0.7538879441793703,0.6954836057125025,0.726372550866236,0.24,0.30000000000000004,0.6545960544884066,0.7627257799671593,0.7904866467511574
selective_risk_under_alternative_fidelity,centered_delta_cosine,u_psn_rf,frangieh_melanoma_control,strong_linear,leave_environment_out,env__v~frangiehizar2021%5Frna__v~patient-derived%5Fmelanoma__v~rna__v~control,,50.0,0.7002842104633029,0.6433070588645101,0.0569771515987928,0.22959651654340754,0.7538879441793703,0.6954836057125025,0.726372550866236,0.24,0.30000000000000004,0.6488278411207566,0.7701149425287356,0.8149398593953474
selective_risk_under_alternative_fidelity,centered_delta_cosine,ptl_rf,frangieh_melanoma_control,strong_linear,leave_environment_out,env__v~frangiehizar2021%5Frna__v~patient-derived%5Fmelanoma__v~rna__v~control,,50.0,0.7111764775910763,0.6433070588645101,0.06786941872656616,0.2775896034471172,0.7538879441793703,0.7055938141481127,0.7202639016713195,0.28,0.30000000000000004,0.7491410885772076,0.7504105090311988,0.7713843261883907
selective_risk_under_alternative_fidelity,absolute_effect_rank_agreement,raw_normalized_uq,frangieh_melanoma_control,strong_linear,leave_environment_out,env__v~frangiehizar2021%5Frna__v~patient-derived%5Fmelanoma__v~rna__v~control,,50.0,0.7138121031094167,0.7016817278797892,0.012130375229627455,0.2366738989234532,0.7268943874572009,0.7131939237530968,0.7238859590731173,0.28,0.375,0.7008934192894329,0.6880131362889984,0.7691701120648039
selective_risk_under_alternative_fidelity,absolute_effect_rank_agreement,best_scalar_uq,frangieh_melanoma_control,strong_linear,leave_environment_out,env__v~frangiehizar2021%5Frna__v~patient-derived%5Fmelanoma__v~rna__v~control,,50.0,0.7124410251872848,0.7016817278797892,0.010759297307495586,0.2285999364298448,0.7268943874572009,0.7117717226302374,0.7180372350440105,0.28,0.275,0.6383587309774934,0.7668308702791462,0.7824010973033501
selective_risk_under_alternative_fidelity,absolute_effect_rank_agreement,u_only_rf,frangieh_melanoma_control,strong_linear,leave_environment_out,env__v~frangiehizar2021%5Frna__v~patient-derived%5Fmelanoma__v~rna__v~control,,50.0,0.7141887758154504,0.7016817278797892,0.012507047935661153,0.2511950045290527,0.7268943874572009,0.7109903137732398,0.7223432500487669,0.24,0.375,0.7223839999537482,0.6814449917898194,0.7588758755615463
selective_risk_under_alternative_fidelity,absolute_effect_rank_agreement,u_p_rf,frangieh_melanoma_control,strong_linear,leave_environment_out,env__v~frangiehizar2021%5Frna__v~patient-derived%5Fmelanoma__v~rna__v~control,,50.0,0.7122872856464886,0.7016817278797892,0.010605557766699358,0.21964219150392356,0.7268943874572009,0.7097069840494581,0.7203823616227495,0.24,0.32499999999999996,0.6259970419505759,0.7750410509031198,0.8132027830890587
selective_risk_under_alternative_fidelity,absolute_effect_rank_agreement,u_ps_rf,frangieh_melanoma_control,strong_linear,leave_environment_out,env__v~frangiehizar2021%5Frna__v~patient-derived%5Fmelanoma__v~rna__v~control,,50.0,0.7130569348277477,0.7016817278797892,0.01137520694795846,0.23137351705826797,0.7268943874572009,0.7097069840494581,0.7199433931220249,0.24,0.30000000000000004,0.6545960544884066,0.7627257799671593,0.7904866467511574
selective_risk_under_alternative_fidelity,absolute_effect_rank_agreement,u_psn_rf,frangieh_melanoma_control,strong_linear,leave_environment_out,env__v~frangiehizar2021%5Frna__v~patient-derived%5Fmelanoma__v~rna__v~control,,50.0,0.7116550644321002,0.7016817278797892,0.00997333655231103,0.22959651654340754,0.7268943874572009,0.7097069840494582,0.719943393122025,0.24,0.30000000000000004,0.6488278411207566,0.7701149425287356,0.8149398593953474
selective_risk_under_alternative_fidelity,absolute_effect_rank_agreement,ptl_rf,frangieh_melanoma_control,strong_linear,leave_environment_out,env__v~frangiehizar2021%5Frna__v~patient-derived%5Fmelanoma__v~rna__v~control,,50.0,0.7125881500860518,0.7016817278797892,0.01090642220626259,0.2775896034471172,0.7268943874572009,0.7131939237530968,0.7184249922888571,0.28,0.30000000000000004,0.7491410885772076,0.7504105090311988,0.7713843261883907
selective_risk_under_alternative_fidelity,delta_cosine,raw_normalized_uq,frangieh_melanoma_control,strong_linear,leave_predictor_out,,strong_linear,50.0,0.7250143482505377,0.645600873720451,0.07941347453008663,0.22824363860721078,0.7563878465052021,0.7089760791402253,0.7425795506332118,0.28,0.375,0.6480564464244573,0.6814449917898194,0.7350854128676609
selective_risk_under_alternative_fidelity,delta_cosine,best_scalar_uq,frangieh_melanoma_control,strong_linear,leave_predictor_out,,strong_linear,50.0,0.7091883638359886,0.645600873720451,0.06358749011553755,0.22411995342773838,0.7563878465052021,0.70821238947461,0.7212545915699022,0.28,0.275,0.6330544884592291,0.7701149425287357,0.7892393985718409
selective_risk_under_alternative_fidelity,delta_cosine,u_only_rf,frangieh_melanoma_control,strong_linear,leave_predictor_out,,strong_linear,50.0,0.7117165044285164,0.645600873720451,0.06611563070806536,0.26733880276647065,0.7563878465052021,0.7143526857498336,0.7279040409814153,0.31999999999999995,0.30000000000000004,0.7299243091225541,0.722495894909688,0.7795074471211724
selective_risk_under_alternative_fidelity,delta_cosine,u_p_rf,frangieh_melanoma_control,strong_linear,leave_predictor_out,,strong_linear,50.0,0.7108236025708752,0.645600873720451,0.06522272885042413,0.21115907089859828,0.7563878465052021,0.7179731715934152,0.7212049012439135,0.31999999999999995,0.275,0.6038783114856355,0.7504105090311988,0.7943738825580756
selective_risk_under_alternative_fidelity,delta_cosine,u_ps_rf,frangieh_melanoma_control,strong_linear,leave_predictor_out,,strong_linear,50.0,0.7053495167743304,0.645600873720451,0.05974864305387939,0.20661558937682908,0.7563878465052021,0.7088827310838123,0.7212049012439136,0.28,0.275,0.594845651882436,0.7701149425287357,0.809104380531657
selective_risk_under_alternative_fidelity,delta_cosine,u_psn_rf,frangieh_melanoma_control,strong_linear,leave_predictor_out,,strong_linear,50.0,0.7100331631976077,0.645600873720451,0.06443228947715662,0.2091710101195044,0.7563878465052021,0.7088827310838124,0.7309888638556317,0.28,0.30000000000000004,0.6014028897413896,0.7635467980295567,0.8045532972733227
selective_risk_under_alternative_fidelity,delta_cosine,ptl_rf,frangieh_melanoma_control,strong_linear,leave_predictor_out,,strong_linear,50.0,0.7125479800047178,0.645600873720451,0.0669471062842667,0.2154670001636546,0.7563878465052021,0.7141149697962497,0.7292029641985568,0.28,0.30000000000000004,0.6140387267898614,0.7553366174055829,0.7748806686629338
selective_risk_under_alternative_fidelity,centered_delta_cosine,raw_normalized_uq,frangieh_melanoma_control,strong_linear,leave_predictor_out,,strong_linear,50.0,0.7206644709418302,0.6433070588645101,0.07735741207732005,0.22824363860721078,0.7538879441793703,0.7055938141481128,0.7405146358028508,0.28,0.375,0.6480564464244573,0.6814449917898194,0.7350854128676609
selective_risk_under_alternative_fidelity,centered_delta_cosine,best_scalar_uq,frangieh_melanoma_control,strong_linear,leave_predictor_out,,strong_linear,50.0,0.7058201491408819,0.6433070588645101,0.06251309027637175,0.22411995342773838,0.7538879441793703,0.7051107615189777,0.7189397425355132,0.28,0.275,0.6330544884592291,0.7701149425287357,0.7892393985718409
selective_risk_under_alternative_fidelity,centered_delta_cosine,u_only_rf,frangieh_melanoma_control,strong_linear,leave_predictor_out,,strong_linear,50.0,0.7084358211089566,0.6433070588645101,0.06512876224444653,0.26733880276647065,0.7538879441793703,0.7113141115359237,0.7255965814330504,0.31999999999999995,0.30000000000000004,0.7299243091225541,0.722495894909688,0.7795074471211724
selective_risk_under_alternative_fidelity,centered_delta_cosine,u_p_rf,frangieh_melanoma_control,strong_linear,leave_predictor_out,,strong_linear,50.0,0.7068976689555315,0.6433070588645101,0.0635906100910214,0.21115907089859828,0.7538879441793703,0.7154721142478092,0.7187544384555838,0.31999999999999995,0.275,0.6038783114856355,0.7504105090311988,0.7943738825580756
selective_risk_under_alternative_fidelity,centered_delta_cosine,u_ps_rf,frangieh_melanoma_control,strong_linear,leave_predictor_out,,strong_linear,50.0,0.7023859559810358,0.6433070588645101,0.0590788971165257,0.20661558937682908,0.7538879441793703,0.7064094542305961,0.718754438455584,0.28,0.275,0.594845651882436,0.7701149425287357,0.809104380531657
selective_risk_under_alternative_fidelity,centered_delta_cosine,u_psn_rf,frangieh_melanoma_control,strong_linear,leave_predictor_out,,strong_linear,50.0,0.7060885671210505,0.6433070588645101,0.06278150825654039,0.2091710101195044,0.7538879441793703,0.7064094542305961,0.7285700504227656,0.28,0.30000000000000004,0.6014028897413896,0.7635467980295567,0.8045532972733227
selective_risk_under_alternative_fidelity,centered_delta_cosine,ptl_rf,frangieh_melanoma_control,strong_linear,leave_predictor_out,,strong_linear,50.0,0.709949619121202,0.6433070588645101,0.06664256025669191,0.2154670001636546,0.7538879441793703,0.7117104915940472,0.7266798023581171,0.28,0.30000000000000004,0.6140387267898614,0.7553366174055829,0.7748806686629338
selective_risk_under_alternative_fidelity,absolute_effect_rank_agreement,raw_normalized_uq,frangieh_melanoma_control,strong_linear,leave_predictor_out,,strong_linear,50.0,0.7155154266614513,0.7016817278797892,0.013833698781662074,0.22824363860721078,0.7268943874572009,0.7131939237530968,0.7238859590731174,0.28,0.375,0.6480564464244573,0.6814449917898194,0.7350854128676609
selective_risk_under_alternative_fidelity,absolute_effect_rank_agreement,best_scalar_uq,frangieh_melanoma_control,strong_linear,leave_predictor_out,,strong_linear,50.0,0.7123553536710661,0.7016817278797892,0.010673625791276842,0.22411995342773838,0.7268943874572009,0.7117717226302374,0.7180372350440105,0.28,0.275,0.6330544884592291,0.7701149425287357,0.7892393985718409
selective_risk_under_alternative_fidelity,absolute_effect_rank_agreement,u_only_rf,frangieh_melanoma_control,strong_linear,leave_predictor_out,,strong_linear,50.0,0.7135315663131034,0.7016817278797892,0.01184983843331422,0.26733880276647065,0.7268943874572009,0.714787543425485,0.7194953620641331,0.31999999999999995,0.30000000000000004,0.7299243091225541,0.722495894909688,0.7795074471211724
selective_risk_under_alternative_fidelity,absolute_effect_rank_agreement,u_p_rf,frangieh_melanoma_control,strong_linear,leave_predictor_out,,strong_linear,50.0,0.712404720721013,0.7016817278797892,0.0107229928412238,0.21115907089859828,0.7268943874572009,0.714701164795344,0.7173181317213186,0.31999999999999995,0.275,0.6038783114856355,0.7504105090311988,0.7943738825580756
selective_risk_under_alternative_fidelity,absolute_effect_rank_agreement,u_ps_rf,frangieh_melanoma_control,strong_linear,leave_predictor_out,,strong_linear,50.0,0.7115141545002441,0.7016817278797892,0.009832426620454915,0.20661558937682908,0.7268943874572009,0.7122369352136253,0.7173181317213186,0.28,0.275,0.594845651882436,0.7701149425287357,0.809104380531657
selective_risk_under_alternative_fidelity,absolute_effect_rank_agreement,u_psn_rf,frangieh_melanoma_control,strong_linear,leave_predictor_out,,strong_linear,50.0,0.712842778835358,0.7016817278797892,0.011161050955568741,0.2091710101195044,0.7268943874572009,0.7122369352136253,0.7196269521646671,0.28,0.30000000000000004,0.6014028897413896,0.7635467980295567,0.8045532972733227
selective_risk_under_alternative_fidelity,absolute_effect_rank_agreement,ptl_rf,frangieh_melanoma_control,strong_linear,leave_predictor_out,,strong_linear,50.0,0.7125784169089975,0.7016817278797892,0.010896689029208262,0.2154670001636546,0.7268943874572009,0.7146520666605746,0.7191542061863777,0.28,0.30000000000000004,0.6140387267898614,0.7553366174055829,0.7748806686629338
selective_risk_under_alternative_fidelity,delta_cosine,raw_normalized_uq,frangieh_melanoma_ifng,mean_matching,in_domain,,,50.0,0.5728126434590157,0.5080669327456853,0.06474571071333046,0.1924454417896487,0.6417107256322242,0.5669558510661351,0.6328715040130043,0.040000000000000036,0.19999999999999996,0.576041878243686,0.5,0.8
selective_risk_under_alternative_fidelity,delta_cosine,best_scalar_uq,frangieh_melanoma_ifng,mean_matching,in_domain,,,50.0,0.5728126434590157,0.5080669327456853,0.06474571071333046,0.2762874543482371,0.6417107256322242,0.5669558510661351,0.6328715040130043,0.040000000000000036,0.19999999999999996,0.745844251266844,0.5,0.8
selective_risk_under_alternative_fidelity,delta_cosine,u_only_rf,frangieh_melanoma_ifng,mean_matching,in_domain,,,50.0,0.5728126434590157,0.5080669327456853,0.06474571071333046,0.1955194025203057,0.6417107256322242,0.5669558510661351,0.6328715040130043,0.040000000000000036,0.19999999999999996,0.5825376408739902,0.5,0.8
selective_risk_under_alternative_fidelity,delta_cosine,u_p_rf,frangieh_melanoma_ifng,mean_matching,in_domain,,,50.0,0.5728126434590157,0.5080669327456853,0.06474571071333046,0.1969649795382492,0.6417107256322242,0.5669558510661351,0.6328715040130043,0.040000000000000036,0.19999999999999996,0.5855748230584334,0.5,0.8
selective_risk_under_alternative_fidelity,delta_cosine,u_ps_rf,frangieh_melanoma_ifng,mean_matching,in_domain,,,50.0,0.5728126434590157,0.5080669327456853,0.06474571071333046,0.1970196564380886,0.6417107256322242,0.5669558510661351,0.6328715040130043,0.040000000000000036,0.19999999999999996,0.5856894939156189,0.5,0.8
selective_risk_under_alternative_fidelity,delta_cosine,u_psn_rf,frangieh_melanoma_ifng,mean_matching,in_domain,,,50.0,0.5728126434590157,0.5080669327456853,0.06474571071333046,0.19483873893148496,0.6417107256322242,0.5669558510661351,0.6328715040130043,0.040000000000000036,0.19999999999999996,0.5811038012080069,0.5,0.8
selective_risk_under_alternative_fidelity,delta_cosine,ptl_rf,frangieh_melanoma_ifng,mean_matching,in_domain,,,50.0,0.5728126434590157,0.5080669327456853,0.06474571071333046,0.19779783673797868,0.6417107256322242,0.5669558510661351,0.6328715040130043,0.040000000000000036,0.19999999999999996,0.5873199508855579,0.5,0.8
selective_risk_under_alternative_fidelity,centered_delta_cosine,raw_normalized_uq,frangieh_melanoma_ifng,mean_matching,in_domain,,,50.0,0.6241969198586195,0.5461385436637745,0.07805837619484501,0.1924454417896487,0.6681160130315074,0.6174626577899074,0.6693663978316433,0.040000000000000036,0.19999999999999996,0.576041878243686,0.5,0.8
selective_risk_under_alternative_fidelity,centered_delta_cosine,best_scalar_uq,frangieh_melanoma_ifng,mean_matching,in_domain,,,50.0,0.6241969198586195,0.5461385436637745,0.07805837619484501,0.2762874543482371,0.6681160130315074,0.6174626577899074,0.6693663978316433,0.040000000000000036,0.19999999999999996,0.745844251266844,0.5,0.8
selective_risk_under_alternative_fidelity,centered_delta_cosine,u_only_rf,frangieh_melanoma_ifng,mean_matching,in_domain,,,50.0,0.6241969198586195,0.5461385436637745,0.07805837619484501,0.1955194025203057,0.6681160130315074,0.6174626577899074,0.6693663978316433,0.040000000000000036,0.19999999999999996,0.5825376408739902,0.5,0.8
selective_risk_under_alternative_fidelity,centered_delta_cosine,u_p_rf,frangieh_melanoma_ifng,mean_matching,in_domain,,,50.0,0.6241969198586195,0.5461385436637745,0.07805837619484501,0.1969649795382492,0.6681160130315074,0.6174626577899074,0.6693663978316433,0.040000000000000036,0.19999999999999996,0.5855748230584334,0.5,0.8
selective_risk_under_alternative_fidelity,centered_delta_cosine,u_ps_rf,frangieh_melanoma_ifng,mean_matching,in_domain,,,50.0,0.6241969198586195,0.5461385436637745,0.07805837619484501,0.1970196564380886,0.6681160130315074,0.6174626577899074,0.6693663978316433,0.040000000000000036,0.19999999999999996,0.5856894939156189,0.5,0.8
selective_risk_under_alternative_fidelity,centered_delta_cosine,u_psn_rf,frangieh_melanoma_ifng,mean_matching,in_domain,,,50.0,0.6241969198586195,0.5461385436637745,0.07805837619484501,0.19483873893148496,0.6681160130315074,0.6174626577899074,0.6693663978316433,0.040000000000000036,0.19999999999999996,0.5811038012080069,0.5,0.8
selective_risk_under_alternative_fidelity,centered_delta_cosine,ptl_rf,frangieh_melanoma_ifng,mean_matching,in_domain,,,50.0,0.6241969198586195,0.5461385436637745,0.07805837619484501,0.19779783673797868,0.6681160130315074,0.6174626577899074,0.6693663978316433,0.040000000000000036,0.19999999999999996,0.5873199508855579,0.5,0.8
selective_risk_under_alternative_fidelity,absolute_effect_rank_agreement,raw_normalized_uq,frangieh_melanoma_ifng,mean_matching,in_domain,,,50.0,0.6142840338333886,0.5984122218400689,0.015871811993319662,0.1924454417896487,0.6306464732688781,0.6166136956340332,0.6249727191555884,0.040000000000000036,0.19999999999999996,0.576041878243686,0.5,0.8
selective_risk_under_alternative_fidelity,absolute_effect_rank_agreement,best_scalar_uq,frangieh_melanoma_ifng,mean_matching,in_domain,,,50.0,0.6142840338333886,0.5984122218400689,0.015871811993319662,0.2762874543482371,0.6306464732688781,0.6166136956340332,0.6249727191555884,0.040000000000000036,0.19999999999999996,0.745844251266844,0.5,0.8
selective_risk_under_alternative_fidelity,absolute_effect_rank_agreement,u_only_rf,frangieh_melanoma_ifng,mean_matching,in_domain,,,50.0,0.6142840338333886,0.5984122218400689,0.015871811993319662,0.1955194025203057,0.6306464732688781,0.6166136956340332,0.6249727191555884,0.040000000000000036,0.19999999999999996,0.5825376408739902,0.5,0.8
selective_risk_under_alternative_fidelity,absolute_effect_rank_agreement,u_p_rf,frangieh_melanoma_ifng,mean_matching,in_domain,,,50.0,0.6142840338333886,0.5984122218400689,0.015871811993319662,0.1969649795382492,0.6306464732688781,0.6166136956340332,0.6249727191555884,0.040000000000000036,0.19999999999999996,0.5855748230584334,0.5,0.8
selective_risk_under_alternative_fidelity,absolute_effect_rank_agreement,u_ps_rf,frangieh_melanoma_ifng,mean_matching,in_domain,,,50.0,0.6142840338333886,0.5984122218400689,0.015871811993319662,0.1970196564380886,0.6306464732688781,0.6166136956340332,0.6249727191555884,0.040000000000000036,0.19999999999999996,0.5856894939156189,0.5,0.8
selective_risk_under_alternative_fidelity,absolute_effect_rank_agreement,u_psn_rf,frangieh_melanoma_ifng,mean_matching,in_domain,,,50.0,0.6142840338333886,0.5984122218400689,0.015871811993319662,0.19483873893148496,0.6306464732688781,0.6166136956340332,0.6249727191555884,0.040000000000000036,0.19999999999999996,0.5811038012080069,0.5,0.8
selective_risk_under_alternative_fidelity,absolute_effect_rank_agreement,ptl_rf,frangieh_melanoma_ifng,mean_matching,in_domain,,,50.0,0.6142840338333886,0.5984122218400689,0.015871811993319662,0.19779783673797868,0.6306464732688781,0.6166136956340332,0.6249727191555884,0.040000000000000036,0.19999999999999996,0.5873199508855579,0.5,0.8
selective_risk_under_alternative_fidelity,delta_cosine,raw_normalized_uq,frangieh_melanoma_ifng,mean_matching,leave_environment_out,env__v~frangiehizar2021%5Frna__v~patient-derived%5Fmelanoma__v~rna__v~ifn%CE%B3,,50.0,0.5728126434590157,0.5080669327456853,0.06474571071333046,0.1963733570951214,0.6417107256322242,0.5669558510661351,0.6328715040130043,0.07999999999999996,0.22499999999999998,0.5834476121803516,0.5,0.76
selective_risk_under_alternative_fidelity,delta_cosine,best_scalar_uq,frangieh_melanoma_ifng,mean_matching,leave_environment_out,env__v~frangiehizar2021%5Frna__v~patient-derived%5Fmelanoma__v~rna__v~ifn%CE%B3,,50.0,0.5728126434590157,0.5080669327456853,0.06474571071333046,0.27757685453330355,0.6417107256322242,0.5669558510661351,0.6328715040130043,0.07999999999999996,0.22499999999999998,0.7484823450304369,0.5,0.76
selective_risk_under_alternative_fidelity,delta_cosine,u_only_rf,frangieh_melanoma_ifng,mean_matching,leave_environment_out,env__v~frangiehizar2021%5Frna__v~patient-derived%5Fmelanoma__v~rna__v~ifn%CE%B3,,50.0,0.5728126434590157,0.5080669327456853,0.06474571071333046,0.18925639119861087,0.6417107256322242,0.5669558510661351,0.6328715040130043,0.07999999999999996,0.22499999999999998,0.5676139807930487,0.5,0.76
selective_risk_under_alternative_fidelity,delta_cosine,u_p_rf,frangieh_melanoma_ifng,mean_matching,leave_environment_out,env__v~frangiehizar2021%5Frna__v~patient-derived%5Fmelanoma__v~rna__v~ifn%CE%B3,,50.0,0.5728126434590157,0.5080669327456853,0.06474571071333046,0.21854742716657835,0.6417107256322242,0.5669558510661351,0.6328715040130043,0.07999999999999996,0.22499999999999998,0.6298599418674855,0.5,0.76
selective_risk_under_alternative_fidelity,delta_cosine,u_ps_rf,frangieh_melanoma_ifng,mean_matching,leave_environment_out,env__v~frangiehizar2021%5Frna__v~patient-derived%5Fmelanoma__v~rna__v~ifn%CE%B3,,50.0,0.5728126434590157,0.5080669327456853,0.06474571071333046,0.22809342762604012,0.6417107256322242,0.5669558510661351,0.6328715040130043,0.07999999999999996,0.22499999999999998,0.6492146247498907,0.5,0.76
selective_risk_under_alternative_fidelity,delta_cosine,u_psn_rf,frangieh_melanoma_ifng,mean_matching,leave_environment_out,env__v~frangiehizar2021%5Frna__v~patient-derived%5Fmelanoma__v~rna__v~ifn%CE%B3,,50.0,0.5728126434590157,0.5080669327456853,0.06474571071333046,0.23421118018814682,0.6417107256322242,0.5669558510661351,0.6328715040130043,0.07999999999999996,0.22499999999999998,0.6615267578931464,0.5,0.76
selective_risk_under_alternative_fidelity,delta_cosine,ptl_rf,frangieh_melanoma_ifng,mean_matching,leave_environment_out,env__v~frangiehizar2021%5Frna__v~patient-derived%5Fmelanoma__v~rna__v~ifn%CE%B3,,50.0,0.5728126434590157,0.5080669327456853,0.06474571071333046,0.3247388372800914,0.6417107256322242,0.5669558510661351,0.6328715040130043,0.07999999999999996,0.22499999999999998,0.8457241681145418,0.5,0.76
selective_risk_under_alternative_fidelity,centered_delta_cosine,raw_normalized_uq,frangieh_melanoma_ifng,mean_matching,leave_environment_out,env__v~frangiehizar2021%5Frna__v~patient-derived%5Fmelanoma__v~rna__v~ifn%CE%B3,,50.0,0.6241969198586195,0.5461385436637745,0.07805837619484501,0.1963733570951214,0.6681160130315074,0.6174626577899074,0.6693663978316433,0.07999999999999996,0.22499999999999998,0.5834476121803516,0.5,0.76
selective_risk_under_alternative_fidelity,centered_delta_cosine,best_scalar_uq,frangieh_melanoma_ifng,mean_matching,leave_environment_out,env__v~frangiehizar2021%5Frna__v~patient-derived%5Fmelanoma__v~rna__v~ifn%CE%B3,,50.0,0.6241969198586195,0.5461385436637745,0.07805837619484501,0.27757685453330355,0.6681160130315074,0.6174626577899074,0.6693663978316433,0.07999999999999996,0.22499999999999998,0.7484823450304369,0.5,0.76
selective_risk_under_alternative_fidelity,centered_delta_cosine,u_only_rf,frangieh_melanoma_ifng,mean_matching,leave_environment_out,env__v~frangiehizar2021%5Frna__v~patient-derived%5Fmelanoma__v~rna__v~ifn%CE%B3,,50.0,0.6241969198586195,0.5461385436637745,0.07805837619484501,0.18925639119861087,0.6681160130315074,0.6174626577899074,0.6693663978316433,0.07999999999999996,0.22499999999999998,0.5676139807930487,0.5,0.76
selective_risk_under_alternative_fidelity,centered_delta_cosine,u_p_rf,frangieh_melanoma_ifng,mean_matching,leave_environment_out,env__v~frangiehizar2021%5Frna__v~patient-derived%5Fmelanoma__v~rna__v~ifn%CE%B3,,50.0,0.6241969198586195,0.5461385436637745,0.07805837619484501,0.21854742716657835,0.6681160130315074,0.6174626577899074,0.6693663978316433,0.07999999999999996,0.22499999999999998,0.6298599418674855,0.5,0.76
selective_risk_under_alternative_fidelity,centered_delta_cosine,u_ps_rf,frangieh_melanoma_ifng,mean_matching,leave_environment_out,env__v~frangiehizar2021%5Frna__v~patient-derived%5Fmelanoma__v~rna__v~ifn%CE%B3,,50.0,0.6241969198586195,0.5461385436637745,0.07805837619484501,0.22809342762604012,0.6681160130315074,0.6174626577899074,0.6693663978316433,0.07999999999999996,0.22499999999999998,0.6492146247498907,0.5,0.76
selective_risk_under_alternative_fidelity,centered_delta_cosine,u_psn_rf,frangieh_melanoma_ifng,mean_matching,leave_environment_out,env__v~frangiehizar2021%5Frna__v~patient-derived%5Fmelanoma__v~rna__v~ifn%CE%B3,,50.0,0.6241969198586195,0.5461385436637745,0.07805837619484501,0.23421118018814682,0.6681160130315074,0.6174626577899074,0.6693663978316433,0.07999999999999996,0.22499999999999998,0.6615267578931464,0.5,0.76
selective_risk_under_alternative_fidelity,centered_delta_cosine,ptl_rf,frangieh_melanoma_ifng,mean_matching,leave_environment_out,env__v~frangiehizar2021%5Frna__v~patient-derived%5Fmelanoma__v~rna__v~ifn%CE%B3,,50.0,0.6241969198586195,0.5461385436637745,0.07805837619484501,0.3247388372800914,0.6681160130315074,0.6174626577899074,0.6693663978316433,0.07999999999999996,0.22499999999999998,0.8457241681145418,0.5,0.76
selective_risk_under_alternative_fidelity,absolute_effect_rank_agreement,raw_normalized_uq,frangieh_melanoma_ifng,mean_matching,leave_environment_out,env__v~frangiehizar2021%5Frna__v~patient-derived%5Fmelanoma__v~rna__v~ifn%CE%B3,,50.0,0.6142840338333886,0.5984122218400689,0.015871811993319662,0.1963733570951214,0.6306464732688781,0.6166136956340332,0.6249727191555884,0.07999999999999996,0.22499999999999998,0.5834476121803516,0.5,0.76
selective_risk_under_alternative_fidelity,absolute_effect_rank_agreement,best_scalar_uq,frangieh_melanoma_ifng,mean_matching,leave_environment_out,env__v~frangiehizar2021%5Frna__v~patient-derived%5Fmelanoma__v~rna__v~ifn%CE%B3,,50.0,0.6142840338333886,0.5984122218400689,0.015871811993319662,0.27757685453330355,0.6306464732688781,0.6166136956340332,0.6249727191555884,0.07999999999999996,0.22499999999999998,0.7484823450304369,0.5,0.76
selective_risk_under_alternative_fidelity,absolute_effect_rank_agreement,u_only_rf,frangieh_melanoma_ifng,mean_matching,leave_environment_out,env__v~frangiehizar2021%5Frna__v~patient-derived%5Fmelanoma__v~rna__v~ifn%CE%B3,,50.0,0.6142840338333886,0.5984122218400689,0.015871811993319662,0.18925639119861087,0.6306464732688781,0.6166136956340332,0.6249727191555884,0.07999999999999996,0.22499999999999998,0.5676139807930487,0.5,0.76
selective_risk_under_alternative_fidelity,absolute_effect_rank_agreement,u_p_rf,frangieh_melanoma_ifng,mean_matching,leave_environment_out,env__v~frangiehizar2021%5Frna__v~patient-derived%5Fmelanoma__v~rna__v~ifn%CE%B3,,50.0,0.6142840338333886,0.5984122218400689,0.015871811993319662,0.21854742716657835,0.6306464732688781,0.6166136956340332,0.6249727191555884,0.07999999999999996,0.22499999999999998,0.6298599418674855,0.5,0.76
selective_risk_under_alternative_fidelity,absolute_effect_rank_agreement,u_ps_rf,frangieh_melanoma_ifng,mean_matching,leave_environment_out,env__v~frangiehizar2021%5Frna__v~patient-derived%5Fmelanoma__v~rna__v~ifn%CE%B3,,50.0,0.6142840338333886,0.5984122218400689,0.015871811993319662,0.22809342762604012,0.6306464732688781,0.6166136956340332,0.6249727191555884,0.07999999999999996,0.22499999999999998,0.6492146247498907,0.5,0.76
selective_risk_under_alternative_fidelity,absolute_effect_rank_agreement,u_psn_rf,frangieh_melanoma_ifng,mean_matching,leave_environment_out,env__v~frangiehizar2021%5Frna__v~patient-derived%5Fmelanoma__v~rna__v~ifn%CE%B3,,50.0,0.6142840338333886,0.5984122218400689,0.015871811993319662,0.23421118018814682,0.6306464732688781,0.6166136956340332,0.6249727191555884,0.07999999999999996,0.22499999999999998,0.6615267578931464,0.5,0.76
selective_risk_under_alternative_fidelity,absolute_effect_rank_agreement,ptl_rf,frangieh_melanoma_ifng,mean_matching,leave_environment_out,env__v~frangiehizar2021%5Frna__v~patient-derived%5Fmelanoma__v~rna__v~ifn%CE%B3,,50.0,0.6142840338333886,0.5984122218400689,0.015871811993319662,0.3247388372800914,0.6306464732688781,0.6166136956340332,0.6249727191555884,0.07999999999999996,0.22499999999999998,0.8457241681145418,0.5,0.76
selective_risk_under_alternative_fidelity,delta_cosine,raw_normalized_uq,frangieh_melanoma_ifng,mean_matching,leave_predictor_out,,mean_matching,50.0,0.5728126434590157,0.5080669327456853,0.06474571071333046,0.18,0.6417107256322242,0.5669558510661351,0.6328715040130043,0.040000000000000036,0.17500000000000004,2.0723347837364603,0.5,0.82
selective_risk_under_alternative_fidelity,delta_cosine,best_scalar_uq,frangieh_melanoma_ifng,mean_matching,leave_predictor_out,,mean_matching,50.0,0.5728126434590157,0.5080669327456853,0.06474571071333046,0.1605399595975679,0.6417107256322242,0.5669558510661351,0.6328715040130043,0.040000000000000036,0.17500000000000004,0.544792982541335,0.5,0.82
selective_risk_under_alternative_fidelity,delta_cosine,u_only_rf,frangieh_melanoma_ifng,mean_matching,leave_predictor_out,,mean_matching,50.0,0.5728126434590157,0.5080669327456853,0.06474571071333046,0.1559279341429657,0.6417107256322242,0.5669558510661351,0.6328715040130043,0.040000000000000036,0.17500000000000004,0.5121653700596753,0.5,0.82
selective_risk_under_alternative_fidelity,delta_cosine,u_p_rf,frangieh_melanoma_ifng,mean_matching,leave_predictor_out,,mean_matching,50.0,0.5728126434590157,0.5080669327456853,0.06474571071333046,0.14764051627968722,0.6417107256322242,0.5669558510661351,0.6328715040130043,0.040000000000000036,0.17500000000000004,0.47152828086326487,0.5,0.82
selective_risk_under_alternative_fidelity,delta_cosine,u_ps_rf,frangieh_melanoma_ifng,mean_matching,leave_predictor_out,,mean_matching,50.0,0.5728126434590157,0.5080669327456853,0.06474571071333046,0.14762941088364812,0.6417107256322242,0.5669558510661351,0.6328715040130043,0.040000000000000036,0.17500000000000004,0.4714915918954741,0.5,0.82
selective_risk_under_alternative_fidelity,delta_cosine,u_psn_rf,frangieh_melanoma_ifng,mean_matching,leave_predictor_out,,mean_matching,50.0,0.5728126434590157,0.5080669327456853,0.06474571071333046,0.14772189389642013,0.6417107256322242,0.5669558510661351,0.6328715040130043,0.040000000000000036,0.17500000000000004,0.4717938422240384,0.5,0.82
selective_risk_under_alternative_fidelity,delta_cosine,ptl_rf,frangieh_melanoma_ifng,mean_matching,leave_predictor_out,,mean_matching,50.0,0.5728126434590157,0.5080669327456853,0.06474571071333046,0.1488801036315641,0.6417107256322242,0.5669558510661351,0.6328715040130043,0.040000000000000036,0.17500000000000004,0.4753428163450867,0.5,0.82
selective_risk_under_alternative_fidelity,centered_delta_cosine,raw_normalized_uq,frangieh_melanoma_ifng,mean_matching,leave_predictor_out,,mean_matching,50.0,0.6241969198586195,0.5461385436637745,0.07805837619484501,0.18,0.6681160130315074,0.6174626577899074,0.6693663978316433,0.040000000000000036,0.17500000000000004,2.0723347837364603,0.5,0.82
selective_risk_under_alternative_fidelity,centered_delta_cosine,best_scalar_uq,frangieh_melanoma_ifng,mean_matching,leave_predictor_out,,mean_matching,50.0,0.6241969198586195,0.5461385436637745,0.07805837619484501,0.1605399595975679,0.6681160130315074,0.6174626577899074,0.6693663978316433,0.040000000000000036,0.17500000000000004,0.544792982541335,0.5,0.82
selective_risk_under_alternative_fidelity,centered_delta_cosine,u_only_rf,frangieh_melanoma_ifng,mean_matching,leave_predictor_out,,mean_matching,50.0,0.6241969198586195,0.5461385436637745,0.07805837619484501,0.1559279341429657,0.6681160130315074,0.6174626577899074,0.6693663978316433,0.040000000000000036,0.17500000000000004,0.5121653700596753,0.5,0.82
selective_risk_under_alternative_fidelity,centered_delta_cosine,u_p_rf,frangieh_melanoma_ifng,mean_matching,leave_predictor_out,,mean_matching,50.0,0.6241969198586195,0.5461385436637745,0.07805837619484501,0.14764051627968722,0.6681160130315074,0.6174626577899074,0.6693663978316433,0.040000000000000036,0.17500000000000004,0.47152828086326487,0.5,0.82
selective_risk_under_alternative_fidelity,centered_delta_cosine,u_ps_rf,frangieh_melanoma_ifng,mean_matching,leave_predictor_out,,mean_matching,50.0,0.6241969198586195,0.5461385436637745,0.07805837619484501,0.14762941088364812,0.6681160130315074,0.6174626577899074,0.6693663978316433,0.040000000000000036,0.17500000000000004,0.4714915918954741,0.5,0.82
selective_risk_under_alternative_fidelity,centered_delta_cosine,u_psn_rf,frangieh_melanoma_ifng,mean_matching,leave_predictor_out,,mean_matching,50.0,0.6241969198586195,0.5461385436637745,0.07805837619484501,0.14772189389642013,0.6681160130315074,0.6174626577899074,0.6693663978316433,0.040000000000000036,0.17500000000000004,0.4717938422240384,0.5,0.82
selective_risk_under_alternative_fidelity,centered_delta_cosine,ptl_rf,frangieh_melanoma_ifng,mean_matching,leave_predictor_out,,mean_matching,50.0,0.6241969198586195,0.5461385436637745,0.07805837619484501,0.1488801036315641,0.6681160130315074,0.6174626577899074,0.6693663978316433,0.040000000000000036,0.17500000000000004,0.4753428163450867,0.5,0.82
selective_risk_under_alternative_fidelity,absolute_effect_rank_agreement,raw_normalized_uq,frangieh_melanoma_ifng,mean_matching,leave_predictor_out,,mean_matching,50.0,0.6142840338333886,0.5984122218400689,0.015871811993319662,0.18,0.6306464732688781,0.6166136956340332,0.6249727191555884,0.040000000000000036,0.17500000000000004,2.0723347837364603,0.5,0.82
selective_risk_under_alternative_fidelity,absolute_effect_rank_agreement,best_scalar_uq,frangieh_melanoma_ifng,mean_matching,leave_predictor_out,,mean_matching,50.0,0.6142840338333886,0.5984122218400689,0.015871811993319662,0.1605399595975679,0.6306464732688781,0.6166136956340332,0.6249727191555884,0.040000000000000036,0.17500000000000004,0.544792982541335,0.5,0.82
selective_risk_under_alternative_fidelity,absolute_effect_rank_agreement,u_only_rf,frangieh_melanoma_ifng,mean_matching,leave_predictor_out,,mean_matching,50.0,0.6142840338333886,0.5984122218400689,0.015871811993319662,0.1559279341429657,0.6306464732688781,0.6166136956340332,0.6249727191555884,0.040000000000000036,0.17500000000000004,0.5121653700596753,0.5,0.82
selective_risk_under_alternative_fidelity,absolute_effect_rank_agreement,u_p_rf,frangieh_melanoma_ifng,mean_matching,leave_predictor_out,,mean_matching,50.0,0.6142840338333886,0.5984122218400689,0.015871811993319662,0.14764051627968722,0.6306464732688781,0.6166136956340332,0.6249727191555884,0.040000000000000036,0.17500000000000004,0.47152828086326487,0.5,0.82
selective_risk_under_alternative_fidelity,absolute_effect_rank_agreement,u_ps_rf,frangieh_melanoma_ifng,mean_matching,leave_predictor_out,,mean_matching,50.0,0.6142840338333886,0.5984122218400689,0.015871811993319662,0.14762941088364812,0.6306464732688781,0.6166136956340332,0.6249727191555884,0.040000000000000036,0.17500000000000004,0.4714915918954741,0.5,0.82
selective_risk_under_alternative_fidelity,absolute_effect_rank_agreement,u_psn_rf,frangieh_melanoma_ifng,mean_matching,leave_predictor_out,,mean_matching,50.0,0.6142840338333886,0.5984122218400689,0.015871811993319662,0.14772189389642013,0.6306464732688781,0.6166136956340332,0.6249727191555884,0.040000000000000036,0.17500000000000004,0.4717938422240384,0.5,0.82
selective_risk_under_alternative_fidelity,absolute_effect_rank_agreement,ptl_rf,frangieh_melanoma_ifng,mean_matching,leave_predictor_out,,mean_matching,50.0,0.6142840338333886,0.5984122218400689,0.015871811993319662,0.1488801036315641,0.6306464732688781,0.6166136956340332,0.6249727191555884,0.040000000000000036,0.17500000000000004,0.4753428163450867,0.5,0.82
selective_risk_under_alternative_fidelity,delta_cosine,raw_normalized_uq,frangieh_melanoma_ifng,slim_string,in_domain,,,50.0,0.8042666237369355,0.7123602940805863,0.09190632965634915,0.2517913403457095,0.8545444974319609,0.831141165084001,0.8330717796507028,0.8,0.75,0.7128699811091979,0.58875,0.3994639888188275
selective_risk_under_alternative_fidelity,delta_cosine,best_scalar_uq,frangieh_melanoma_ifng,slim_string,in_domain,,,50.0,0.7992852509543604,0.7123602940805863,0.0869249568737741,0.19578063270606733,0.8545444974319609,0.8307736014219864,0.8468175612877754,0.72,0.75,0.5669697837545847,0.7000000000000001,0.44524800343334825
selective_risk_under_alternative_fidelity,delta_cosine,u_only_rf,frangieh_melanoma_ifng,slim_string,in_domain,,,50.0,0.8110437236551676,0.7123602940805863,0.09868342957458132,0.19626188854439366,0.8545444974319609,0.8445866989564089,0.856372488010624,0.72,0.775,0.5829003885280318,0.65375,0.42635081174474787
selective_risk_under_alternative_fidelity,delta_cosine,u_p_rf,frangieh_melanoma_ifng,slim_string,in_domain,,,50.0,0.8186596914925205,0.7123602940805863,0.10629939741193417,0.17372157550494197,0.8545444974319609,0.8370118976245748,0.8450359336032681,0.72,0.8,0.5347690672319536,0.62375,0.38995412774360144
selective_risk_under_alternative_fidelity,delta_cosine,u_ps_rf,frangieh_melanoma_ifng,slim_string,in_domain,,,50.0,0.8240528970046952,0.7123602940805863,0.11169260292410887,0.17345068652278783,0.8545444974319609,0.8404429258010492,0.8426797029473221,0.76,0.8,0.533146639080647,0.6012500000000001,0.3704494604494605
selective_risk_under_alternative_fidelity,delta_cosine,u_psn_rf,frangieh_melanoma_ifng,slim_string,in_domain,,,50.0,0.8249274357554249,0.7123602940805863,0.11256714167483861,0.17373050911611407,0.8545444974319609,0.8401363159321515,0.8426797029473221,0.76,0.8,0.537472253223515,0.59625,0.37023705074916313
selective_risk_under_alternative_fidelity,delta_cosine,ptl_rf,frangieh_melanoma_ifng,slim_string,in_domain,,,50.0,0.806852122845704,0.7123602940805863,0.09449182876511764,0.1484367768309229,0.8545444974319609,0.8330206481229497,0.8516515708018517,0.76,0.825,0.49547399469936515,0.56875,0.4276020626903524
selective_risk_under_alternative_fidelity,centered_delta_cosine,raw_normalized_uq,frangieh_melanoma_ifng,slim_string,in_domain,,,50.0,0.8281990499693136,0.736804320011114,0.09139472995819964,0.2517913403457095,0.8713837092772834,0.8506740232368625,0.8525839475457502,0.8,0.75,0.7128699811091979,0.58875,0.3994639888188275
selective_risk_under_alternative_fidelity,centered_delta_cosine,best_scalar_uq,frangieh_melanoma_ifng,slim_string,in_domain,,,50.0,0.8209635943879485,0.736804320011114,0.08415927437683457,0.19578063270606733,0.8713837092772834,0.8492038324097575,0.8656980095401637,0.72,0.75,0.5669697837545847,0.7000000000000001,0.44524800343334825
selective_risk_under_alternative_fidelity,centered_delta_cosine,u_only_rf,frangieh_melanoma_ifng,slim_string,in_domain,,,50.0,0.8329253310354684,0.736804320011114,0.09612101102435444,0.19626188854439366,0.8713837092772834,0.8627032248089573,0.8741648382827197,0.72,0.775,0.5829003885280318,0.65375,0.42635081174474787
selective_risk_under_alternative_fidelity,centered_delta_cosine,u_p_rf,frangieh_melanoma_ifng,slim_string,in_domain,,,50.0,0.8381049187875158,0.736804320011114,0.10130059877640185,0.17372157550494197,0.8713837092772834,0.853917846209769,0.8629425137419527,0.72,0.8,0.5347690672319536,0.62375,0.38995412774360144
selective_risk_under_alternative_fidelity,centered_delta_cosine,u_ps_rf,frangieh_melanoma_ifng,slim_string,in_domain,,,50.0,0.8438168487325111,0.736804320011114,0.1070125287213971,0.17345068652278783,0.8713837092772834,0.8571410899937981,0.8606355751483724,0.76,0.8,0.533146639080647,0.6012500000000001,0.3704494604494605
selective_risk_under_alternative_fidelity,centered_delta_cosine,u_psn_rf,frangieh_melanoma_ifng,slim_string,in_domain,,,50.0,0.8445157246822079,0.736804320011114,0.10771140467109397,0.17373050911611407,0.8713837092772834,0.85696232193461,0.8606355751483722,0.76,0.8,0.537472253223515,0.59625,0.37023705074916313
selective_risk_under_alternative_fidelity,centered_delta_cosine,ptl_rf,frangieh_melanoma_ifng,slim_string,in_domain,,,50.0,0.8299047100656622,0.736804320011114,0.09310039005454829,0.1484367768309229,0.8713837092772834,0.8523262308051477,0.8693426079512753,0.76,0.825,0.49547399469936515,0.56875,0.4276020626903524
selective_risk_under_alternative_fidelity,absolute_effect_rank_agreement,raw_normalized_uq,frangieh_melanoma_ifng,slim_string,in_domain,,,50.0,0.7127774956599083,0.6990090949291847,0.013768400730723607,0.2517913403457095,0.7317057471543491,0.7245159261289974,0.7275383502411226,0.8,0.75,0.7128699811091979,0.58875,0.3994639888188275
selective_risk_under_alternative_fidelity,absolute_effect_rank_agreement,best_scalar_uq,frangieh_melanoma_ifng,slim_string,in_domain,,,50.0,0.7128996193002551,0.6990090949291847,0.013890524371070412,0.19578063270606733,0.7317057471543491,0.7226095258065325,0.7288379788737476,0.72,0.75,0.5669697837545847,0.7000000000000001,0.44524800343334825
selective_risk_under_alternative_fidelity,absolute_effect_rank_agreement,u_only_rf,frangieh_melanoma_ifng,slim_string,in_domain,,,50.0,0.7140424138539242,0.6990090949291847,0.01503331892473947,0.19626188854439366,0.7317057471543491,0.7229254666231327,0.7288094920518529,0.72,0.775,0.5829003885280318,0.65375,0.42635081174474787
selective_risk_under_alternative_fidelity,absolute_effect_rank_agreement,u_p_rf,frangieh_melanoma_ifng,slim_string,in_domain,,,50.0,0.7152506816731159,0.6990090949291847,0.01624158674393117,0.17372157550494197,0.7317057471543491,0.7194115548644276,0.729559264641843,0.72,0.8,0.5347690672319536,0.62375,0.38995412774360144
selective_risk_under_alternative_fidelity,absolute_effect_rank_agreement,u_ps_rf,frangieh_melanoma_ifng,slim_string,in_domain,,,50.0,0.7160933791619891,0.6990090949291847,0.017084284232804392,0.17345068652278783,0.7317057471543491,0.7211216151572004,0.7300799525467673,0.76,0.8,0.533146639080647,0.6012500000000001,0.3704494604494605
selective_risk_under_alternative_fidelity,absolute_effect_rank_agreement,u_psn_rf,frangieh_melanoma_ifng,slim_string,in_domain,,,50.0,0.7161467167938591,0.6990090949291847,0.01713762186467438,0.17373050911611407,0.7317057471543491,0.7216293477478898,0.730079952546767,0.76,0.8,0.537472253223515,0.59625,0.37023705074916313
selective_risk_under_alternative_fidelity,absolute_effect_rank_agreement,ptl_rf,frangieh_melanoma_ifng,slim_string,in_domain,,,50.0,0.7107450918738739,0.6990090949291847,0.011735996944689187,0.1484367768309229,0.7317057471543491,0.7195577405680524,0.7303661247492954,0.76,0.825,0.49547399469936515,0.56875,0.4276020626903524
selective_risk_under_alternative_fidelity,delta_cosine,raw_normalized_uq,frangieh_melanoma_ifng,slim_string,leave_environment_out,env__v~frangiehizar2021%5Frna__v~patient-derived%5Fmelanoma__v~rna__v~ifn%CE%B3,,50.0,0.8044046034874961,0.7123602940805863,0.09204430940690977,0.23188265760748497,0.8545444974319609,0.831141165084001,0.8330717796507028,0.8,0.775,0.6681512020746184,0.6341463414634146,0.4153656313154521
selective_risk_under_alternative_fidelity,delta_cosine,best_scalar_uq,frangieh_melanoma_ifng,slim_string,leave_environment_out,env__v~frangiehizar2021%5Frna__v~patient-derived%5Fmelanoma__v~rna__v~ifn%CE%B3,,50.0,0.7993305852335523,0.7123602940805863,0.08697029115296595,0.17948067498329248,0.8545444974319609,0.8307736014219864,0.8468175612877754,0.72,0.775,0.5301834521227291,0.7249322493224931,0.457950937950938
selective_risk_under_alternative_fidelity,delta_cosine,u_only_rf,frangieh_melanoma_ifng,slim_string,leave_environment_out,env__v~frangiehizar2021%5Frna__v~patient-derived%5Fmelanoma__v~rna__v~ifn%CE%B3,,50.0,0.8106727185649804,0.7123602940805863,0.09831242448439403,0.1938385348651712,0.8545444974319609,0.848518947067793,0.8564326276942834,0.76,0.8,0.5927435375137748,0.6382113821138211,0.4263295033883269
selective_risk_under_alternative_fidelity,delta_cosine,u_p_rf,frangieh_melanoma_ifng,slim_string,leave_environment_out,env__v~frangiehizar2021%5Frna__v~patient-derived%5Fmelanoma__v~rna__v~ifn%CE%B3,,50.0,0.8211035380444598,0.7123602940805863,0.10874324396387347,0.17817092866370143,0.8545444974319609,0.8474273964149904,0.8556397603728767,0.76,0.8,0.5416252872207772,0.6300813008130082,0.3979659846326513
selective_risk_under_alternative_fidelity,delta_cosine,u_ps_rf,frangieh_melanoma_ifng,slim_string,leave_environment_out,env__v~frangiehizar2021%5Frna__v~patient-derived%5Fmelanoma__v~rna__v~ifn%CE%B3,,50.0,0.8262735850754688,0.7123602940805863,0.11391329099488245,0.17829900180934508,0.8545444974319609,0.8474273964149904,0.8535705986150994,0.76,0.8,0.5413866945687235,0.6219512195121951,0.37919428200129957
selective_risk_under_alternative_fidelity,delta_cosine,u_psn_rf,frangieh_melanoma_ifng,slim_string,leave_environment_out,env__v~frangiehizar2021%5Frna__v~patient-derived%5Fmelanoma__v~rna__v~ifn%CE%B3,,50.0,0.8070586331992351,0.7123602940805863,0.09469833911864878,0.16949266982131928,0.8545444974319609,0.8542674479690027,0.8564326276942834,0.8,0.8,0.5205008418579047,0.6300813008130082,0.42808297708047083
selective_risk_under_alternative_fidelity,delta_cosine,ptl_rf,frangieh_melanoma_ifng,slim_string,leave_environment_out,env__v~frangiehizar2021%5Frna__v~patient-derived%5Fmelanoma__v~rna__v~ifn%CE%B3,,50.0,0.8023874704050122,0.7123602940805863,0.09002717632442592,0.12672560224908228,0.8545444974319609,0.8504396277366056,0.8486534322690593,0.8,0.8,0.42989861116954187,0.6544715447154471,0.46647551928253683
selective_risk_under_alternative_fidelity,centered_delta_cosine,raw_normalized_uq,frangieh_melanoma_ifng,slim_string,leave_environment_out,env__v~frangiehizar2021%5Frna__v~patient-derived%5Fmelanoma__v~rna__v~ifn%CE%B3,,50.0,0.8283354546746292,0.736804320011114,0.09153113466351526,0.23188265760748497,0.8713837092772834,0.8506740232368625,0.8525839475457502,0.8,0.775,0.6681512020746184,0.6341463414634146,0.4153656313154521
selective_risk_under_alternative_fidelity,centered_delta_cosine,best_scalar_uq,frangieh_melanoma_ifng,slim_string,leave_environment_out,env__v~frangiehizar2021%5Frna__v~patient-derived%5Fmelanoma__v~rna__v~ifn%CE%B3,,50.0,0.8210111176443817,0.736804320011114,0.08420679763326777,0.17948067498329248,0.8713837092772834,0.8492038324097575,0.8656980095401637,0.72,0.775,0.5301834521227291,0.7249322493224931,0.457950937950938
selective_risk_under_alternative_fidelity,centered_delta_cosine,u_only_rf,frangieh_melanoma_ifng,slim_string,leave_environment_out,env__v~frangiehizar2021%5Frna__v~patient-derived%5Fmelanoma__v~rna__v~ifn%CE%B3,,50.0,0.8321695389486837,0.736804320011114,0.09536521893756977,0.1938385348651712,0.8713837092772834,0.8667873895437158,0.8746069741603707,0.76,0.8,0.5927435375137748,0.6382113821138211,0.4263295033883269
selective_risk_under_alternative_fidelity,centered_delta_cosine,u_p_rf,frangieh_melanoma_ifng,slim_string,leave_environment_out,env__v~frangiehizar2021%5Frna__v~patient-derived%5Fmelanoma__v~rna__v~ifn%CE%B3,,50.0,0.8397788584955711,0.736804320011114,0.10297453848445715,0.17817092866370143,0.8713837092772834,0.8644652319338805,0.8735915590274436,0.76,0.8,0.5416252872207772,0.6300813008130082,0.3979659846326513
selective_risk_under_alternative_fidelity,centered_delta_cosine,u_ps_rf,frangieh_melanoma_ifng,slim_string,leave_environment_out,env__v~frangiehizar2021%5Frna__v~patient-derived%5Fmelanoma__v~rna__v~ifn%CE%B3,,50.0,0.8453063373303678,0.736804320011114,0.1085020173192538,0.17829900180934508,0.8713837092772834,0.8644652319338805,0.8719111637963195,0.76,0.8,0.5413866945687235,0.6219512195121951,0.37919428200129957
selective_risk_under_alternative_fidelity,centered_delta_cosine,u_psn_rf,frangieh_melanoma_ifng,slim_string,leave_environment_out,env__v~frangiehizar2021%5Frna__v~patient-derived%5Fmelanoma__v~rna__v~ifn%CE%B3,,50.0,0.8283503946295722,0.736804320011114,0.0915460746184582,0.16949266982131928,0.8713837092772834,0.8709948392389942,0.8746069741603707,0.8,0.8,0.5205008418579047,0.6300813008130082,0.42808297708047083
selective_risk_under_alternative_fidelity,centered_delta_cosine,ptl_rf,frangieh_melanoma_ifng,slim_string,leave_environment_out,env__v~frangiehizar2021%5Frna__v~patient-derived%5Fmelanoma__v~rna__v~ifn%CE%B3,,50.0,0.8248685161873266,0.736804320011114,0.08806419617621264,0.12672560224908228,0.8713837092772834,0.8690842748952693,0.8678601802561099,0.8,0.8,0.42989861116954187,0.6544715447154471,0.46647551928253683
selective_risk_under_alternative_fidelity,absolute_effect_rank_agreement,raw_normalized_uq,frangieh_melanoma_ifng,slim_string,leave_environment_out,env__v~frangiehizar2021%5Frna__v~patient-derived%5Fmelanoma__v~rna__v~ifn%CE%B3,,50.0,0.7127817547285534,0.6990090949291847,0.013772659799368703,0.23188265760748497,0.7317057471543491,0.7245159261289974,0.7275383502411226,0.8,0.775,0.6681512020746184,0.6341463414634146,0.4153656313154521
selective_risk_under_alternative_fidelity,absolute_effect_rank_agreement,best_scalar_uq,frangieh_melanoma_ifng,slim_string,leave_environment_out,env__v~frangiehizar2021%5Frna__v~patient-derived%5Fmelanoma__v~rna__v~ifn%CE%B3,,50.0,0.7129225136059726,0.6990090949291847,0.013913418676787859,0.17948067498329248,0.7317057471543491,0.7226095258065325,0.7288379788737476,0.72,0.775,0.5301834521227291,0.7249322493224931,0.457950937950938
selective_risk_under_alternative_fidelity,absolute_effect_rank_agreement,u_only_rf,frangieh_melanoma_ifng,slim_string,leave_environment_out,env__v~frangiehizar2021%5Frna__v~patient-derived%5Fmelanoma__v~rna__v~ifn%CE%B3,,50.0,0.7136971027374005,0.6990090949291847,0.014688007808215775,0.1938385348651712,0.7317057471543491,0.7235599701722286,0.7289642565595887,0.76,0.8,0.5927435375137748,0.6382113821138211,0.4263295033883269
selective_risk_under_alternative_fidelity,absolute_effect_rank_agreement,u_p_rf,frangieh_melanoma_ifng,slim_string,leave_environment_out,env__v~frangiehizar2021%5Frna__v~patient-derived%5Fmelanoma__v~rna__v~ifn%CE%B3,,50.0,0.7169695314437092,0.6990090949291847,0.017960436514524503,0.17817092866370143,0.7317057471543491,0.7221950631122891,0.7286862916807155,0.76,0.8,0.5416252872207772,0.6300813008130082,0.3979659846326513
selective_risk_under_alternative_fidelity,absolute_effect_rank_agreement,u_ps_rf,frangieh_melanoma_ifng,slim_string,leave_environment_out,env__v~frangiehizar2021%5Frna__v~patient-derived%5Fmelanoma__v~rna__v~ifn%CE%B3,,50.0,0.7175293149848032,0.6990090949291847,0.018520220055618486,0.17829900180934508,0.7317057471543491,0.7221950631122891,0.7279056916482508,0.76,0.8,0.5413866945687235,0.6219512195121951,0.37919428200129957
selective_risk_under_alternative_fidelity,absolute_effect_rank_agreement,u_psn_rf,frangieh_melanoma_ifng,slim_string,leave_environment_out,env__v~frangiehizar2021%5Frna__v~patient-derived%5Fmelanoma__v~rna__v~ifn%CE%B3,,50.0,0.7122489886652715,0.6990090949291847,0.013239893736086805,0.16949266982131928,0.7317057471543491,0.7242062906232488,0.7289642565595886,0.8,0.8,0.5205008418579047,0.6300813008130082,0.42808297708047083
selective_risk_under_alternative_fidelity,absolute_effect_rank_agreement,ptl_rf,frangieh_melanoma_ifng,slim_string,leave_environment_out,env__v~frangiehizar2021%5Frna__v~patient-derived%5Fmelanoma__v~rna__v~ifn%CE%B3,,50.0,0.7098339568455423,0.6990090949291847,0.010824861916357564,0.12672560224908228,0.7317057471543491,0.7228446105155242,0.7306030404871391,0.8,0.8,0.42989861116954187,0.6544715447154471,0.46647551928253683
selective_risk_under_alternative_fidelity,delta_cosine,raw_normalized_uq,frangieh_melanoma_ifng,slim_string,leave_predictor_out,,slim_string,50.0,0.8036754120970607,0.7123602940805863,0.0913151180164744,0.1308828827035795,0.8545444974319609,0.8311411650840008,0.8330717796507026,0.8,0.775,0.5482190134523575,0.6287262872628726,0.4141955808622475
selective_risk_under_alternative_fidelity,delta_cosine,best_scalar_uq,frangieh_melanoma_ifng,slim_string,leave_predictor_out,,slim_string,50.0,0.7987333755417524,0.7123602940805863,0.08637308146116607,0.1364464269721064,0.8545444974319609,0.8307736014219864,0.8435164967025521,0.72,0.775,0.5204306750997099,0.7249322493224931,0.45841694911462355
selective_risk_under_alternative_fidelity,delta_cosine,u_only_rf,frangieh_melanoma_ifng,slim_string,leave_predictor_out,,slim_string,50.0,0.8000340537583877,0.7123602940805863,0.08767375967780133,0.20383713969963144,0.8545444974319609,0.8155404096649675,0.8499635630450596,0.72,0.8,0.5980884116161558,0.7276422764227641,0.4158294428882664
selective_risk_under_alternative_fidelity,delta_cosine,u_p_rf,frangieh_melanoma_ifng,slim_string,leave_predictor_out,,slim_string,50.0,0.8047406197415063,0.7123602940805863,0.09238032566092003,0.16601370184555747,0.8545444974319609,0.8222542995290428,0.8380039886948396,0.8,0.775,0.5144976145691608,0.6517615176151761,0.36656656252244485
selective_risk_under_alternative_fidelity,delta_cosine,u_ps_rf,frangieh_melanoma_ifng,slim_string,leave_predictor_out,,slim_string,50.0,0.802782268655022,0.7123602940805863,0.09042197457443568,0.16305190466941621,0.8545444974319609,0.8256176860782357,0.8403925319371386,0.8,0.775,0.5086217953919033,0.6924119241192411,0.4045558075591446
selective_risk_under_alternative_fidelity,delta_cosine,u_psn_rf,frangieh_melanoma_ifng,slim_string,leave_predictor_out,,slim_string,50.0,0.8086947624467743,0.7123602940805863,0.09633446836618798,0.16234168039154892,0.8545444974319609,0.8222542995290428,0.8380039886948394,0.8,0.775,0.5070264426261789,0.6761517615176151,0.3385944378670501
selective_risk_under_alternative_fidelity,delta_cosine,ptl_rf,frangieh_melanoma_ifng,slim_string,leave_predictor_out,,slim_string,50.0,0.7826913082305603,0.7123602940805863,0.070331014149974,0.1421182307957679,0.8545444974319609,0.8249329389872281,0.8380039886948394,0.8,0.775,0.4607779396272562,0.7113821138211383,0.4871124518183342
selective_risk_under_alternative_fidelity,centered_delta_cosine,raw_normalized_uq,frangieh_melanoma_ifng,slim_string,leave_predictor_out,,slim_string,50.0,0.8276702068188116,0.736804320011114,0.0908658868076977,0.1308828827035795,0.8713837092772834,0.8506740232368625,0.8525839475457502,0.8,0.775,0.5482190134523575,0.6287262872628726,0.4141955808622475
selective_risk_under_alternative_fidelity,centered_delta_cosine,best_scalar_uq,frangieh_melanoma_ifng,slim_string,leave_predictor_out,,slim_string,50.0,0.8204169383467513,0.736804320011114,0.08361261833563738,0.1364464269721064,0.8713837092772834,0.8492038324097575,0.8624818187846351,0.72,0.775,0.5204306750997099,0.7249322493224931,0.45841694911462355
selective_risk_under_alternative_fidelity,centered_delta_cosine,u_only_rf,frangieh_melanoma_ifng,slim_string,leave_predictor_out,,slim_string,50.0,0.8178713438595193,0.736804320011114,0.08106702384840536,0.20383713969963144,0.8713837092772834,0.8342051219522928,0.8655835217894785,0.72,0.8,0.5980884116161558,0.7276422764227641,0.4158294428882664
selective_risk_under_alternative_fidelity,centered_delta_cosine,u_p_rf,frangieh_melanoma_ifng,slim_string,leave_predictor_out,,slim_string,50.0,0.8212585644478486,0.736804320011114,0.08445424443673466,0.16601370184555747,0.8713837092772834,0.8401493808021041,0.8537696098922517,0.8,0.775,0.5144976145691608,0.6517615176151761,0.36656656252244485
selective_risk_under_alternative_fidelity,centered_delta_cosine,u_ps_rf,frangieh_melanoma_ifng,slim_string,leave_predictor_out,,slim_string,50.0,0.8198241181753275,0.736804320011114,0.08301979816421357,0.16305190466941621,0.8713837092772834,0.8439071917994859,0.8557986725152261,0.8,0.775,0.5086217953919033,0.6924119241192411,0.4045558075591446
selective_risk_under_alternative_fidelity,centered_delta_cosine,u_psn_rf,frangieh_melanoma_ifng,slim_string,leave_predictor_out,,slim_string,50.0,0.8261611702532554,0.736804320011114,0.08935685024214146,0.16234168039154892,0.8713837092772834,0.8401493808021043,0.8537696098922517,0.8,0.775,0.5070264426261789,0.6761517615176151,0.3385944378670501
selective_risk_under_alternative_fidelity,centered_delta_cosine,ptl_rf,frangieh_melanoma_ifng,slim_string,leave_predictor_out,,slim_string,50.0,0.8052190220534018,0.736804320011114,0.06841470204228783,0.1421182307957679,0.8713837092772834,0.8441605033271482,0.8537696098922518,0.8,0.775,0.4607779396272562,0.7113821138211383,0.4871124518183342
selective_risk_under_alternative_fidelity,absolute_effect_rank_agreement,raw_normalized_uq,frangieh_melanoma_ifng,slim_string,leave_predictor_out,,slim_string,50.0,0.7126627210911196,0.6990090949291847,0.013653626161934884,0.1308828827035795,0.7317057471543491,0.7245159261289974,0.7275383502411226,0.8,0.775,0.5482190134523575,0.6287262872628726,0.4141955808622475
selective_risk_under_alternative_fidelity,absolute_effect_rank_agreement,best_scalar_uq,frangieh_melanoma_ifng,slim_string,leave_predictor_out,,slim_string,50.0,0.7129555147591384,0.6990090949291847,0.013946419829953705,0.1364464269721064,0.7317057471543491,0.7226095258065325,0.7287649461830552,0.72,0.775,0.5204306750997099,0.7249322493224931,0.45841694911462355
selective_risk_under_alternative_fidelity,absolute_effect_rank_agreement,u_only_rf,frangieh_melanoma_ifng,slim_string,leave_predictor_out,,slim_string,50.0,0.716599840695932,0.6990090949291847,0.01759074576674724,0.20383713969963144,0.7317057471543491,0.717466043439661,0.7265329754509391,0.72,0.8,0.5980884116161558,0.7276422764227641,0.4158294428882664
selective_risk_under_alternative_fidelity,absolute_effect_rank_agreement,u_p_rf,frangieh_melanoma_ifng,slim_string,leave_predictor_out,,slim_string,50.0,0.7165122138771047,0.6990090949291847,0.017503118947920004,0.16601370184555747,0.7317057471543491,0.7194358684673522,0.7267945438769348,0.8,0.775,0.5144976145691608,0.6517615176151761,0.36656656252244485
selective_risk_under_alternative_fidelity,absolute_effect_rank_agreement,u_ps_rf,frangieh_melanoma_ifng,slim_string,leave_predictor_out,,slim_string,50.0,0.7141667852279774,0.6990090949291847,0.015157690298792659,0.16305190466941621,0.7317057471543491,0.7194242880397175,0.7262291144517253,0.8,0.775,0.5086217953919033,0.6924119241192411,0.4045558075591446
selective_risk_under_alternative_fidelity,absolute_effect_rank_agreement,u_psn_rf,frangieh_melanoma_ifng,slim_string,leave_predictor_out,,slim_string,50.0,0.7155019215934552,0.6990090949291847,0.016492826664270432,0.16234168039154892,0.7317057471543491,0.7194358684673522,0.7267945438769348,0.8,0.775,0.5070264426261789,0.6761517615176151,0.3385944378670501
selective_risk_under_alternative_fidelity,absolute_effect_rank_agreement,ptl_rf,frangieh_melanoma_ifng,slim_string,leave_predictor_out,,slim_string,50.0,0.7066720531957306,0.6990090949291847,0.0076629582665458384,0.1421182307957679,0.7317057471543491,0.7204606808091744,0.7267945438769349,0.8,0.775,0.4607779396272562,0.7113821138211383,0.4871124518183342
selective_risk_under_alternative_fidelity,delta_cosine,raw_normalized_uq,frangieh_melanoma_ifng,strong_linear,in_domain,,,50.0,0.6822000822511378,0.6132779047481624,0.06892217750297547,0.2457012210291674,0.7269175777904998,0.6642104197880423,0.7139528494400766,0.28,0.44999999999999996,0.7272122772922571,0.6417069243156199,0.6271051665033165
selective_risk_under_alternative_fidelity,delta_cosine,best_scalar_uq,frangieh_melanoma_ifng,strong_linear,in_domain,,,50.0,0.6851443237403785,0.6132779047481624,0.07186641899221613,0.27110499656678844,0.7269175777904998,0.6493114840576842,0.7164312121626889,0.24,0.44999999999999996,0.815875418144702,0.6296296296296295,0.6239342550885008
selective_risk_under_alternative_fidelity,delta_cosine,u_only_rf,frangieh_melanoma_ifng,strong_linear,in_domain,,,50.0,0.665034133370547,0.6132779047481624,0.051756228622384604,0.24912174456956024,0.7269175777904998,0.6675397727267567,0.711885541240924,0.36,0.42500000000000004,0.7083754636530771,0.6867954911433172,0.7722670072710667
selective_risk_under_alternative_fidelity,delta_cosine,u_p_rf,frangieh_melanoma_ifng,strong_linear,in_domain,,,50.0,0.6593502986751263,0.6132779047481624,0.04607239392696394,0.24074705326173507,0.7269175777904998,0.6557350294264757,0.7015932530400281,0.28,0.375,0.681814714503756,0.7383252818035427,0.794999640396989
selective_risk_under_alternative_fidelity,delta_cosine,u_ps_rf,frangieh_melanoma_ifng,strong_linear,in_domain,,,50.0,0.6661547330517983,0.6132779047481624,0.05287682830363594,0.24081731272705947,0.7269175777904998,0.6651334680642758,0.6982482475864074,0.31999999999999995,0.375,0.6784378844076875,0.7206119162640902,0.764749677478771
selective_risk_under_alternative_fidelity,delta_cosine,u_psn_rf,frangieh_melanoma_ifng,strong_linear,in_domain,,,50.0,0.6636984553232049,0.6132779047481624,0.05042055057504258,0.23975767968994202,0.7269175777904998,0.6495883663086207,0.7015932530400281,0.28,0.375,0.67873202029018,0.7318840579710145,0.7698219045596457
selective_risk_under_alternative_fidelity,delta_cosine,ptl_rf,frangieh_melanoma_ifng,strong_linear,in_domain,,,50.0,0.6663806092469302,0.6132779047481624,0.05310270449876786,0.24686956542793254,0.7269175777904998,0.6495883663086208,0.6987530690261179,0.28,0.4,0.6911962853971665,0.7077294685990339,0.7368908698959311
selective_risk_under_alternative_fidelity,centered_delta_cosine,raw_normalized_uq,frangieh_melanoma_ifng,strong_linear,in_domain,,,50.0,0.7088922399787105,0.6511370068445339,0.05775523313417663,0.2457012210291674,0.7538063141544185,0.6912098356934504,0.740575605366691,0.28,0.44999999999999996,0.7272122772922571,0.6417069243156199,0.6271051665033165
selective_risk_under_alternative_fidelity,centered_delta_cosine,best_scalar_uq,frangieh_melanoma_ifng,strong_linear,in_domain,,,50.0,0.7104910064424516,0.6511370068445339,0.05935399959791765,0.27110499656678844,0.7538063141544185,0.6725796945859973,0.7410964930081211,0.24,0.44999999999999996,0.815875418144702,0.6296296296296295,0.6239342550885008
selective_risk_under_alternative_fidelity,centered_delta_cosine,u_only_rf,frangieh_melanoma_ifng,strong_linear,in_domain,,,50.0,0.6917701914645051,0.6511370068445339,0.04063318461997123,0.24912174456956024,0.7538063141544185,0.6916947234105987,0.7388102694073735,0.36,0.42500000000000004,0.7083754636530771,0.6867954911433172,0.7722670072710667
selective_risk_under_alternative_fidelity,centered_delta_cosine,u_p_rf,frangieh_melanoma_ifng,strong_linear,in_domain,,,50.0,0.6874501833859565,0.6511370068445339,0.03631317654142263,0.24074705326173507,0.7538063141544185,0.6789349370720682,0.7293594274887809,0.28,0.375,0.681814714503756,0.7383252818035427,0.794999640396989
selective_risk_under_alternative_fidelity,centered_delta_cosine,u_ps_rf,frangieh_melanoma_ifng,strong_linear,in_domain,,,50.0,0.693043410131881,0.6511370068445339,0.04190640328734707,0.24081731272705947,0.7538063141544185,0.6869326263372278,0.7265308968634123,0.31999999999999995,0.375,0.6784378844076875,0.7206119162640902,0.764749677478771
selective_risk_under_alternative_fidelity,centered_delta_cosine,u_psn_rf,frangieh_melanoma_ifng,strong_linear,in_domain,,,50.0,0.6899413501590211,0.6511370068445339,0.03880434331448723,0.23975767968994202,0.7538063141544185,0.674045287475655,0.7293594274887809,0.28,0.375,0.67873202029018,0.7318840579710145,0.7698219045596457
selective_risk_under_alternative_fidelity,centered_delta_cosine,ptl_rf,frangieh_melanoma_ifng,strong_linear,in_domain,,,50.0,0.691664554270148,0.6511370068445339,0.04052754742561404,0.24686956542793254,0.7538063141544185,0.674045287475655,0.7255022429856282,0.28,0.4,0.6911962853971665,0.7077294685990339,0.7368908698959311
selective_risk_under_alternative_fidelity,absolute_effect_rank_agreement,raw_normalized_uq,frangieh_melanoma_ifng,strong_linear,in_domain,,,50.0,0.6755890884710442,0.661900195692719,0.01368889277832519,0.2457012210291674,0.6955291284894969,0.6734160053707228,0.6892670097151843,0.28,0.44999999999999996,0.7272122772922571,0.6417069243156199,0.6271051665033165
selective_risk_under_alternative_fidelity,absolute_effect_rank_agreement,best_scalar_uq,frangieh_melanoma_ifng,strong_linear,in_domain,,,50.0,0.6756430320677665,0.661900195692719,0.013742836375047585,0.27110499656678844,0.6955291284894969,0.6702311486316634,0.6875934792941449,0.24,0.44999999999999996,0.815875418144702,0.6296296296296295,0.6239342550885008
selective_risk_under_alternative_fidelity,absolute_effect_rank_agreement,u_only_rf,frangieh_melanoma_ifng,strong_linear,in_domain,,,50.0,0.673694031477586,0.661900195692719,0.011793835784867035,0.24912174456956024,0.6955291284894969,0.6736760846474756,0.6883160153701077,0.36,0.42500000000000004,0.7083754636530771,0.6867954911433172,0.7722670072710667
selective_risk_under_alternative_fidelity,absolute_effect_rank_agreement,u_p_rf,frangieh_melanoma_ifng,strong_linear,in_domain,,,50.0,0.672277480579821,0.661900195692719,0.01037728488710199,0.24074705326173507,0.6955291284894969,0.6711673444649869,0.6865404804777333,0.28,0.375,0.681814714503756,0.7383252818035427,0.794999640396989
selective_risk_under_alternative_fidelity,absolute_effect_rank_agreement,u_ps_rf,frangieh_melanoma_ifng,strong_linear,in_domain,,,50.0,0.6734479708387601,0.661900195692719,0.011547775146041106,0.24081731272705947,0.6955291284894969,0.6720681460957906,0.6851371265790915,0.31999999999999995,0.375,0.6784378844076875,0.7206119162640902,0.764749677478771
selective_risk_under_alternative_fidelity,absolute_effect_rank_agreement,u_psn_rf,frangieh_melanoma_ifng,strong_linear,in_domain,,,50.0,0.6739209001823195,0.661900195692719,0.012020704489600575,0.23975767968994202,0.6955291284894969,0.6696842052843952,0.6865404804777332,0.28,0.375,0.67873202029018,0.7318840579710145,0.7698219045596457
selective_risk_under_alternative_fidelity,absolute_effect_rank_agreement,ptl_rf,frangieh_melanoma_ifng,strong_linear,in_domain,,,50.0,0.6729262664211287,0.661900195692719,0.011026070728409776,0.24686956542793254,0.6955291284894969,0.6696842052843952,0.6857318778096254,0.28,0.4,0.6911962853971665,0.7077294685990339,0.7368908698959311
selective_risk_under_alternative_fidelity,delta_cosine,raw_normalized_uq,frangieh_melanoma_ifng,strong_linear,leave_environment_out,env__v~frangiehizar2021%5Frna__v~patient-derived%5Fmelanoma__v~rna__v~ifn%CE%B3,,50.0,0.6827848042083179,0.6132779047481624,0.06950689946015554,0.22495266206282022,0.7269175777904998,0.6642104197880423,0.7139528494400766,0.28,0.475,0.6747055930261162,0.7003205128205128,0.6217295558377778
selective_risk_under_alternative_fidelity,delta_cosine,best_scalar_uq,frangieh_melanoma_ifng,strong_linear,leave_environment_out,env__v~frangiehizar2021%5Frna__v~patient-derived%5Fmelanoma__v~rna__v~ifn%CE%B3,,50.0,0.6840744347206362,0.6132779047481624,0.07079652997247388,0.2528010135887726,0.7269175777904998,0.6493114840576842,0.7164312121626889,0.28,0.5,0.7651416867412877,0.6546474358974359,0.5962777910439069
selective_risk_under_alternative_fidelity,delta_cosine,u_only_rf,frangieh_melanoma_ifng,strong_linear,leave_environment_out,env__v~frangiehizar2021%5Frna__v~patient-derived%5Fmelanoma__v~rna__v~ifn%CE%B3,,50.0,0.674170156201364,0.6132779047481624,0.06089225145320165,0.2439594027831314,0.7269175777904998,0.672744294319817,0.7130670415591535,0.4,0.5,0.7135349390794944,0.65625,0.7275843631425831
selective_risk_under_alternative_fidelity,delta_cosine,u_p_rf,frangieh_melanoma_ifng,strong_linear,leave_environment_out,env__v~frangiehizar2021%5Frna__v~patient-derived%5Fmelanoma__v~rna__v~ifn%CE%B3,,50.0,0.6725163457779811,0.6132779047481624,0.05923844102981879,0.2528363260750089,0.7269175777904998,0.672364355926289,0.7081584575687977,0.4,0.44999999999999996,0.7237569657729499,0.7171474358974359,0.7458949824794564
selective_risk_under_alternative_fidelity,delta_cosine,u_ps_rf,frangieh_melanoma_ifng,strong_linear,leave_environment_out,env__v~frangiehizar2021%5Frna__v~patient-derived%5Fmelanoma__v~rna__v~ifn%CE%B3,,50.0,0.6758666425332485,0.6132779047481624,0.06258873778508611,0.24912187389220594,0.7269175777904998,0.672364355926289,0.7077041966856905,0.4,0.44999999999999996,0.7117745652439982,0.704326923076923,0.7098148705762443
selective_risk_under_alternative_fidelity,delta_cosine,u_psn_rf,frangieh_melanoma_ifng,strong_linear,leave_environment_out,env__v~frangiehizar2021%5Frna__v~patient-derived%5Fmelanoma__v~rna__v~ifn%CE%B3,,50.0,0.6749889686802729,0.6132779047481624,0.061711063932110566,0.24953802102185516,0.7269175777904998,0.6627818848929788,0.7086549269093302,0.36,0.44999999999999996,0.7102145127585924,0.7011217948717948,0.703768893220338
selective_risk_under_alternative_fidelity,delta_cosine,ptl_rf,frangieh_melanoma_ifng,strong_linear,leave_environment_out,env__v~frangiehizar2021%5Frna__v~patient-derived%5Fmelanoma__v~rna__v~ifn%CE%B3,,50.0,0.6826272386866968,0.6132779047481624,0.06934933393853449,0.26802079315382077,0.7269175777904998,0.6538282922946393,0.7080023183876365,0.28,0.475,0.7522094044714612,0.7059294871794872,0.6787501589264502
selective_risk_under_alternative_fidelity,centered_delta_cosine,raw_normalized_uq,frangieh_melanoma_ifng,strong_linear,leave_environment_out,env__v~frangiehizar2021%5Frna__v~patient-derived%5Fmelanoma__v~rna__v~ifn%CE%B3,,50.0,0.7096889725904683,0.6511370068445339,0.05855196574593435,0.22495266206282022,0.7538063141544185,0.6912098356934504,0.740575605366691,0.28,0.475,0.6747055930261162,0.7003205128205128,0.6217295558377778
selective_risk_under_alternative_fidelity,centered_delta_cosine,best_scalar_uq,frangieh_melanoma_ifng,strong_linear,leave_environment_out,env__v~frangiehizar2021%5Frna__v~patient-derived%5Fmelanoma__v~rna__v~ifn%CE%B3,,50.0,0.7096177308825601,0.6511370068445339,0.05848072403802618,0.2528010135887726,0.7538063141544185,0.6725796945859973,0.7410964930081211,0.28,0.5,0.7651416867412877,0.6546474358974359,0.5962777910439069
selective_risk_under_alternative_fidelity,centered_delta_cosine,u_only_rf,frangieh_melanoma_ifng,strong_linear,leave_environment_out,env__v~frangiehizar2021%5Frna__v~patient-derived%5Fmelanoma__v~rna__v~ifn%CE%B3,,50.0,0.6990489636700502,0.6511370068445339,0.0479119568255163,0.2439594027831314,0.7538063141544185,0.6964652278189667,0.7393197389978887,0.4,0.5,0.7135349390794944,0.65625,0.7275843631425831
selective_risk_under_alternative_fidelity,centered_delta_cosine,u_p_rf,frangieh_melanoma_ifng,strong_linear,leave_environment_out,env__v~frangiehizar2021%5Frna__v~patient-derived%5Fmelanoma__v~rna__v~ifn%CE%B3,,50.0,0.6976776913058719,0.6511370068445339,0.04654068446133797,0.2528363260750089,0.7538063141544185,0.6966141709621231,0.7360843739521922,0.4,0.44999999999999996,0.7237569657729499,0.7171474358974359,0.7458949824794564
selective_risk_under_alternative_fidelity,centered_delta_cosine,u_ps_rf,frangieh_melanoma_ifng,strong_linear,leave_environment_out,env__v~frangiehizar2021%5Frna__v~patient-derived%5Fmelanoma__v~rna__v~ifn%CE%B3,,50.0,0.7019222093780383,0.6511370068445339,0.05078520253350438,0.24912187389220594,0.7538063141544185,0.6966141709621229,0.7362341211651119,0.4,0.44999999999999996,0.7117745652439982,0.704326923076923,0.7098148705762443
selective_risk_under_alternative_fidelity,centered_delta_cosine,u_psn_rf,frangieh_melanoma_ifng,strong_linear,leave_environment_out,env__v~frangiehizar2021%5Frna__v~patient-derived%5Fmelanoma__v~rna__v~ifn%CE%B3,,50.0,0.7015546448114516,0.6511370068445339,0.05041763796691767,0.24953802102185516,0.7538063141544185,0.6860714336792461,0.7351586990454833,0.36,0.44999999999999996,0.7102145127585924,0.7011217948717948,0.703768893220338
selective_risk_under_alternative_fidelity,centered_delta_cosine,ptl_rf,frangieh_melanoma_ifng,strong_linear,leave_environment_out,env__v~frangiehizar2021%5Frna__v~patient-derived%5Fmelanoma__v~rna__v~ifn%CE%B3,,50.0,0.7079561732388235,0.6511370068445339,0.05681916639428963,0.26802079315382077,0.7538063141544185,0.6792875646418328,0.7334370552706735,0.28,0.475,0.7522094044714612,0.7059294871794872,0.6787501589264502
selective_risk_under_alternative_fidelity,absolute_effect_rank_agreement,raw_normalized_uq,frangieh_melanoma_ifng,strong_linear,leave_environment_out,env__v~frangiehizar2021%5Frna__v~patient-derived%5Fmelanoma__v~rna__v~ifn%CE%B3,,50.0,0.6755380648280138,0.661900195692719,0.013637869135294856,0.22495266206282022,0.6955291284894969,0.6734160053707228,0.6892670097151843,0.28,0.475,0.6747055930261162,0.7003205128205128,0.6217295558377778
selective_risk_under_alternative_fidelity,absolute_effect_rank_agreement,best_scalar_uq,frangieh_melanoma_ifng,strong_linear,leave_environment_out,env__v~frangiehizar2021%5Frna__v~patient-derived%5Fmelanoma__v~rna__v~ifn%CE%B3,,50.0,0.675472582124262,0.661900195692719,0.013572386431543015,0.2528010135887726,0.6955291284894969,0.6702311486316634,0.6875934792941449,0.28,0.5,0.7651416867412877,0.6546474358974359,0.5962777910439069
selective_risk_under_alternative_fidelity,absolute_effect_rank_agreement,u_only_rf,frangieh_melanoma_ifng,strong_linear,leave_environment_out,env__v~frangiehizar2021%5Frna__v~patient-derived%5Fmelanoma__v~rna__v~ifn%CE%B3,,50.0,0.6761026501157109,0.661900195692719,0.01420245442299195,0.2439594027831314,0.6955291284894969,0.674914807037988,0.6886910448099534,0.4,0.5,0.7135349390794944,0.65625,0.7275843631425831
selective_risk_under_alternative_fidelity,absolute_effect_rank_agreement,u_p_rf,frangieh_melanoma_ifng,strong_linear,leave_environment_out,env__v~frangiehizar2021%5Frna__v~patient-derived%5Fmelanoma__v~rna__v~ifn%CE%B3,,50.0,0.6757710788301275,0.661900195692719,0.013870883137408585,0.2528363260750089,0.6955291284894969,0.6740134430603386,0.6879388379345464,0.4,0.44999999999999996,0.7237569657729499,0.7171474358974359,0.7458949824794564
selective_risk_under_alternative_fidelity,absolute_effect_rank_agreement,u_ps_rf,frangieh_melanoma_ifng,strong_linear,leave_environment_out,env__v~frangiehizar2021%5Frna__v~patient-derived%5Fmelanoma__v~rna__v~ifn%CE%B3,,50.0,0.6750127025424847,0.661900195692719,0.013112506849765726,0.24912187389220594,0.6955291284894969,0.6740134430603385,0.6876325301176145,0.4,0.44999999999999996,0.7117745652439982,0.704326923076923,0.7098148705762443
selective_risk_under_alternative_fidelity,absolute_effect_rank_agreement,u_psn_rf,frangieh_melanoma_ifng,strong_linear,leave_environment_out,env__v~frangiehizar2021%5Frna__v~patient-derived%5Fmelanoma__v~rna__v~ifn%CE%B3,,50.0,0.6747065972744402,0.661900195692719,0.012806401581721194,0.24953802102185516,0.6955291284894969,0.67011257065778,0.6878435301010107,0.36,0.44999999999999996,0.7102145127585924,0.7011217948717948,0.703768893220338
selective_risk_under_alternative_fidelity,absolute_effect_rank_agreement,ptl_rf,frangieh_melanoma_ifng,strong_linear,leave_environment_out,env__v~frangiehizar2021%5Frna__v~patient-derived%5Fmelanoma__v~rna__v~ifn%CE%B3,,50.0,0.676104854668523,0.661900195692719,0.01420465897580403,0.26802079315382077,0.6955291284894969,0.6711605964668845,0.6874595486129775,0.28,0.475,0.7522094044714612,0.7059294871794872,0.6787501589264502
selective_risk_under_alternative_fidelity,delta_cosine,raw_normalized_uq,frangieh_melanoma_ifng,strong_linear,leave_predictor_out,,strong_linear,50.0,0.6715688136117588,0.6132779047481624,0.05829090886359645,0.23658773597110133,0.7269175777904998,0.6642104197880423,0.7139528494400766,0.28,0.44999999999999996,0.666131437972548,0.6497584541062802,0.6337957976844801
selective_risk_under_alternative_fidelity,delta_cosine,best_scalar_uq,frangieh_melanoma_ifng,strong_linear,leave_predictor_out,,strong_linear,50.0,0.678142900866701,0.6132779047481624,0.06486499611853869,0.2616432146802138,0.7269175777904998,0.6493114840576842,0.7187922170886671,0.24,0.44999999999999996,0.7340009453502705,0.6328502415458938,0.6290351005058836
selective_risk_under_alternative_fidelity,delta_cosine,u_only_rf,frangieh_melanoma_ifng,strong_linear,leave_predictor_out,,strong_linear,50.0,0.6856369958909819,0.6132779047481624,0.07235909114281958,0.2854899965006419,0.7269175777904998,0.6431648209398294,0.7099952593465804,0.24,0.42500000000000004,0.8000187601308717,0.646537842190016,0.6395179055916573
selective_risk_under_alternative_fidelity,delta_cosine,u_p_rf,frangieh_melanoma_ifng,strong_linear,leave_predictor_out,,strong_linear,50.0,0.6877724588303942,0.6132779047481624,0.07449455408223182,0.26517735564632333,0.7269175777904998,0.6495883663086208,0.7068822323645247,0.28,0.42500000000000004,0.749029278890219,0.640096618357488,0.6261631035544015
selective_risk_under_alternative_fidelity,delta_cosine,u_ps_rf,frangieh_melanoma_ifng,strong_linear,leave_predictor_out,,strong_linear,50.0,0.6805047150289835,0.6132779047481624,0.06722681028082111,0.26136231200625565,0.7269175777904998,0.6495883663086207,0.7068822323645246,0.28,0.42500000000000004,0.7343464438989313,0.6545893719806763,0.6659841801695214
selective_risk_under_alternative_fidelity,delta_cosine,u_psn_rf,frangieh_melanoma_ifng,strong_linear,leave_predictor_out,,strong_linear,50.0,0.6928478941844247,0.6132779047481624,0.07956998943626237,0.2596431874227157,0.7269175777904998,0.6495883663086208,0.7068822323645247,0.28,0.42500000000000004,0.7279831049103082,0.643317230273752,0.6155236956608429
selective_risk_under_alternative_fidelity,delta_cosine,ptl_rf,frangieh_melanoma_ifng,strong_linear,leave_predictor_out,,strong_linear,50.0,0.6796806980686482,0.6132779047481624,0.06640279332048582,0.2700730014142262,0.7269175777904998,0.6466779295128766,0.7010082082158997,0.24,0.4,0.7647768673536639,0.6626409017713365,0.6824295527511128
selective_risk_under_alternative_fidelity,centered_delta_cosine,raw_normalized_uq,frangieh_melanoma_ifng,strong_linear,leave_predictor_out,,strong_linear,50.0,0.7007681803196025,0.6511370068445339,0.049631173475068624,0.23658773597110133,0.7538063141544185,0.6912098356934503,0.740575605366691,0.28,0.44999999999999996,0.666131437972548,0.6497584541062802,0.6337957976844801
selective_risk_under_alternative_fidelity,centered_delta_cosine,best_scalar_uq,frangieh_melanoma_ifng,strong_linear,leave_predictor_out,,strong_linear,50.0,0.7048662739754785,0.6511370068445339,0.053729267130944613,0.2616432146802138,0.7538063141544185,0.6725796945859973,0.742877143225366,0.24,0.44999999999999996,0.7340009453502705,0.6328502415458938,0.6290351005058836
selective_risk_under_alternative_fidelity,centered_delta_cosine,u_only_rf,frangieh_melanoma_ifng,strong_linear,leave_predictor_out,,strong_linear,50.0,0.7061187942085497,0.6511370068445339,0.05498178736401582,0.2854899965006419,0.7538063141544185,0.6676900449895841,0.7367066223309309,0.24,0.42500000000000004,0.8000187601308717,0.646537842190016,0.6395179055916573
selective_risk_under_alternative_fidelity,centered_delta_cosine,u_p_rf,frangieh_melanoma_ifng,strong_linear,leave_predictor_out,,strong_linear,50.0,0.7103074855427132,0.6511370068445339,0.05917047869817926,0.26517735564632333,0.7538063141544185,0.674045287475655,0.7351979074856553,0.28,0.42500000000000004,0.749029278890219,0.640096618357488,0.6261631035544015
selective_risk_under_alternative_fidelity,centered_delta_cosine,u_ps_rf,frangieh_melanoma_ifng,strong_linear,leave_predictor_out,,strong_linear,50.0,0.7047871498417693,0.6511370068445339,0.05365014299723536,0.26136231200625565,0.7538063141544185,0.674045287475655,0.7351979074856553,0.28,0.42500000000000004,0.7343464438989313,0.6545893719806763,0.6659841801695214
selective_risk_under_alternative_fidelity,centered_delta_cosine,u_psn_rf,frangieh_melanoma_ifng,strong_linear,leave_predictor_out,,strong_linear,50.0,0.7150510320610317,0.6511370068445339,0.0639140252164978,0.2596431874227157,0.7538063141544185,0.674045287475655,0.7351979074856553,0.28,0.42500000000000004,0.7279831049103082,0.643317230273752,0.6155236956608429
selective_risk_under_alternative_fidelity,centered_delta_cosine,ptl_rf,frangieh_melanoma_ifng,strong_linear,leave_predictor_out,,strong_linear,50.0,0.7039776582330487,0.6511370068445339,0.05284065138851479,0.2700730014142262,0.7538063141544185,0.6731719176964337,0.7301993516949306,0.24,0.4,0.7647768673536639,0.6626409017713365,0.6824295527511128
selective_risk_under_alternative_fidelity,absolute_effect_rank_agreement,raw_normalized_uq,frangieh_melanoma_ifng,strong_linear,leave_predictor_out,,strong_linear,50.0,0.673390321210241,0.661900195692719,0.011490125517522043,0.23658773597110133,0.6955291284894969,0.6734160053707228,0.6892670097151843,0.28,0.44999999999999996,0.666131437972548,0.6497584541062802,0.6337957976844801
selective_risk_under_alternative_fidelity,absolute_effect_rank_agreement,best_scalar_uq,frangieh_melanoma_ifng,strong_linear,leave_predictor_out,,strong_linear,50.0,0.674076620077394,0.661900195692719,0.012176424384675033,0.2616432146802138,0.6955291284894969,0.6702311486316634,0.6891063816452112,0.24,0.44999999999999996,0.7340009453502705,0.6328502415458938,0.6290351005058836
selective_risk_under_alternative_fidelity,absolute_effect_rank_agreement,u_only_rf,frangieh_melanoma_ifng,strong_linear,leave_predictor_out,,strong_linear,50.0,0.679399165396795,0.661900195692719,0.01749896970407605,0.2854899965006419,0.6955291284894969,0.6687480094510715,0.6890390507419926,0.24,0.42500000000000004,0.8000187601308717,0.646537842190016,0.6395179055916573
selective_risk_under_alternative_fidelity,absolute_effect_rank_agreement,u_p_rf,frangieh_melanoma_ifng,strong_linear,leave_predictor_out,,strong_linear,50.0,0.677866294003981,0.661900195692719,0.015966098311262056,0.26517735564632333,0.6955291284894969,0.6696842052843952,0.6880385425029347,0.28,0.42500000000000004,0.749029278890219,0.640096618357488,0.6261631035544015
selective_risk_under_alternative_fidelity,absolute_effect_rank_agreement,u_ps_rf,frangieh_melanoma_ifng,strong_linear,leave_predictor_out,,strong_linear,50.0,0.6754398909861119,0.661900195692719,0.01353969529339294,0.26136231200625565,0.6955291284894969,0.6696842052843954,0.6880385425029348,0.28,0.42500000000000004,0.7343464438989313,0.6545893719806763,0.6659841801695214
selective_risk_under_alternative_fidelity,absolute_effect_rank_agreement,u_psn_rf,frangieh_melanoma_ifng,strong_linear,leave_predictor_out,,strong_linear,50.0,0.6772260711318449,0.661900195692719,0.015325875439125891,0.2596431874227157,0.6955291284894969,0.6696842052843952,0.6880385425029347,0.28,0.42500000000000004,0.7279831049103082,0.643317230273752,0.6155236956608429
selective_risk_under_alternative_fidelity,absolute_effect_rank_agreement,ptl_rf,frangieh_melanoma_ifng,strong_linear,leave_predictor_out,,strong_linear,50.0,0.6744397279022867,0.661900195692719,0.012539532209567716,0.2700730014142262,0.6955291284894969,0.6697343081264701,0.6874755414836826,0.24,0.4,0.7647768673536639,0.6626409017713365,0.6824295527511128
selective_risk_under_alternative_fidelity,delta_cosine,raw_normalized_uq,norman_k562,mean_matching,in_domain,,,48.0,0.33019477944749803,0.12174017121486191,0.20845460823263612,0.6266076075490851,0.29775724052729297,0.2530724851878503,0.30982606011008257,0.04166666666666663,0.1282051282051282,2.5734993081042554,0.5744186046511628,0.906653270666721
selective_risk_under_alternative_fidelity,delta_cosine,best_scalar_uq,norman_k562,mean_matching,in_domain,,,48.0,0.3008439292752047,0.12174017121486191,0.1791037580603428,0.30625931901335807,0.29775724052729297,0.23004541373438125,0.24340170566268318,0.04166666666666663,0.07692307692307687,1.1014378015097022,0.6720930232558139,0.9196205244084268
selective_risk_under_alternative_fidelity,delta_cosine,u_only_rf,norman_k562,mean_matching,in_domain,,,48.0,0.32630863599605237,0.12174017121486191,0.20456846478119045,0.22451913218152877,0.29775724052729297,0.247550127387405,0.25997716885927663,0.04166666666666663,0.07692307692307687,0.6436209700236077,0.6069767441860465,0.9088126515322007
selective_risk_under_alternative_fidelity,delta_cosine,u_p_rf,norman_k562,mean_matching,in_domain,,,48.0,0.24605676310286087,0.12174017121486191,0.12431659188799896,0.10104222106927746,0.29775724052729297,0.2852071889140185,0.27094912906931795,0.125,0.1282051282051282,0.3590152182478798,0.4558139534883721,0.911131410772744
selective_risk_under_alternative_fidelity,delta_cosine,u_ps_rf,norman_k562,mean_matching,in_domain,,,48.0,0.21737543791792388,0.12174017121486191,0.09563526670306197,0.09755550766717154,0.29775724052729297,0.2377935356389911,0.2851959714468986,0.08333333333333337,0.1282051282051282,0.34557107894097844,0.5395348837209303,0.9320981307118037
selective_risk_under_alternative_fidelity,delta_cosine,u_psn_rf,norman_k562,mean_matching,in_domain,,,48.0,0.20931317041944475,0.12174017121486191,0.08757299920458284,0.09763963440359202,0.29775724052729297,0.26005808549066733,0.2879841720155982,0.125,0.1282051282051282,0.3439798645967773,0.5395348837209303,0.9352439703660719
selective_risk_under_alternative_fidelity,delta_cosine,ptl_rf,norman_k562,mean_matching,in_domain,,,48.0,0.2007343333878857,0.12174017121486191,0.0789941621730238,0.09481339825468231,0.29775724052729297,0.2321576709587759,0.2584006492862913,0.08333333333333337,0.10256410256410253,0.33358484260812266,0.6186046511627907,0.9484324933436483
selective_risk_under_alternative_fidelity,centered_delta_cosine,raw_normalized_uq,norman_k562,mean_matching,in_domain,,,48.0,0.33776922290103256,0.12768269446969788,0.21008652843133468,0.6266076075490851,0.301711666437379,0.25965935396393236,0.31355812871570715,0.04166666666666663,0.1282051282051282,2.5734993081042554,0.5744186046511628,0.906653270666721
selective_risk_under_alternative_fidelity,centered_delta_cosine,best_scalar_uq,norman_k562,mean_matching,in_domain,,,48.0,0.3090847959862972,0.12768269446969788,0.1814021015165993,0.30625931901335807,0.301711666437379,0.23800779350820012,0.2483731344619763,0.04166666666666663,0.07692307692307687,1.1014378015097022,0.6720930232558139,0.9196205244084268
selective_risk_under_alternative_fidelity,centered_delta_cosine,u_only_rf,norman_k562,mean_matching,in_domain,,,48.0,0.33501903174970765,0.12768269446969788,0.20733633728000977,0.22451913218152877,0.301711666437379,0.256387164003941,0.267111176308716,0.04166666666666663,0.07692307692307687,0.6436209700236077,0.6069767441860465,0.9088126515322007
selective_risk_under_alternative_fidelity,centered_delta_cosine,u_p_rf,norman_k562,mean_matching,in_domain,,,48.0,0.2501351072960732,0.12768269446969788,0.12245241282637531,0.10104222106927746,0.301711666437379,0.2872771159536934,0.27366330459200744,0.125,0.1282051282051282,0.3590152182478798,0.4558139534883721,0.911131410772744
selective_risk_under_alternative_fidelity,centered_delta_cosine,u_ps_rf,norman_k562,mean_matching,in_domain,,,48.0,0.22141094695253746,0.12768269446969788,0.09372825248283959,0.09755550766717154,0.301711666437379,0.23875984725001284,0.28671207603940335,0.08333333333333337,0.1282051282051282,0.34557107894097844,0.5395348837209303,0.9320981307118037
selective_risk_under_alternative_fidelity,centered_delta_cosine,u_psn_rf,norman_k562,mean_matching,in_domain,,,48.0,0.21311322613229855,0.12768269446969788,0.08543053166260067,0.09763963440359202,0.301711666437379,0.2617389193996817,0.28991269243175793,0.125,0.1282051282051282,0.3439798645967773,0.5395348837209303,0.9352439703660719
selective_risk_under_alternative_fidelity,centered_delta_cosine,ptl_rf,norman_k562,mean_matching,in_domain,,,48.0,0.20477473297487273,0.12768269446969788,0.07709203850517485,0.09481339825468231,0.301711666437379,0.23496579316807845,0.25988914676029967,0.08333333333333337,0.10256410256410253,0.33358484260812266,0.6186046511627907,0.9484324933436483
selective_risk_under_alternative_fidelity,absolute_effect_rank_agreement,raw_normalized_uq,norman_k562,mean_matching,in_domain,,,48.0,0.3616568363468982,0.25138801569036845,0.11026882065652976,0.6266076075490851,0.3391919591949846,0.3255692258340184,0.33574006258837824,0.04166666666666663,0.1282051282051282,2.5734993081042554,0.5744186046511628,0.906653270666721
selective_risk_under_alternative_fidelity,absolute_effect_rank_agreement,best_scalar_uq,norman_k562,mean_matching,in_domain,,,48.0,0.3471503212908138,0.25138801569036845,0.09576230560044535,0.30625931901335807,0.3391919591949846,0.3140136249786065,0.3148234469030663,0.04166666666666663,0.07692307692307687,1.1014378015097022,0.6720930232558139,0.9196205244084268
selective_risk_under_alternative_fidelity,absolute_effect_rank_agreement,u_only_rf,norman_k562,mean_matching,in_domain,,,48.0,0.35954777683104816,0.25138801569036845,0.10815976114067971,0.22451913218152877,0.3391919591949846,0.3265912937423742,0.32292411082269024,0.04166666666666663,0.07692307692307687,0.6436209700236077,0.6069767441860465,0.9088126515322007
selective_risk_under_alternative_fidelity,absolute_effect_rank_agreement,u_p_rf,norman_k562,mean_matching,in_domain,,,48.0,0.3107968499824089,0.25138801569036845,0.05940883429204047,0.10104222106927746,0.3391919591949846,0.3202855343161204,0.3194204893386566,0.125,0.1282051282051282,0.3590152182478798,0.4558139534883721,0.911131410772744
selective_risk_under_alternative_fidelity,absolute_effect_rank_agreement,u_ps_rf,norman_k562,mean_matching,in_domain,,,48.0,0.29992477864922434,0.25138801569036845,0.048536762958855895,0.09755550766717154,0.3391919591949846,0.30677346493013463,0.3282302438486306,0.08333333333333337,0.1282051282051282,0.34557107894097844,0.5395348837209303,0.9320981307118037
selective_risk_under_alternative_fidelity,absolute_effect_rank_agreement,u_psn_rf,norman_k562,mean_matching,in_domain,,,48.0,0.29466425455484463,0.25138801569036845,0.04327623886447618,0.09763963440359202,0.3391919591949846,0.30404178548561883,0.3311008178426923,0.125,0.1282051282051282,0.3439798645967773,0.5395348837209303,0.9352439703660719
selective_risk_under_alternative_fidelity,absolute_effect_rank_agreement,ptl_rf,norman_k562,mean_matching,in_domain,,,48.0,0.29052572983329733,0.25138801569036845,0.03913771414292888,0.09481339825468231,0.3391919591949846,0.30705175060253037,0.31537846576637857,0.08333333333333337,0.10256410256410253,0.33358484260812266,0.6186046511627907,0.9484324933436483
selective_risk_under_alternative_fidelity,delta_cosine,raw_normalized_uq,norman_k562,mean_matching,leave_environment_out,env__v~normanweissman2019%5Ffiltered__v~k562__v~rna__v~baseline,,48.0,0.3511097240259315,0.12174017121486191,0.22936955281106958,0.6983196159122085,0.29775724052729297,0.29151632997136656,0.3303240407297247,0.08333333333333337,0.1282051282051282,5.506159453272307,0.5441860465116279,0.8956345656927053
selective_risk_under_alternative_fidelity,delta_cosine,best_scalar_uq,norman_k562,mean_matching,leave_environment_out,env__v~normanweissman2019%5Ffiltered__v~k562__v~rna__v~baseline,,48.0,0.28574907729035487,0.12174017121486191,0.16400890607549296,0.3078255029721079,0.29775724052729297,0.22729275620365863,0.2749252665331825,0.04166666666666663,0.07692307692307687,1.2058622072713283,0.7162790697674419,0.9377086228369461
selective_risk_under_alternative_fidelity,delta_cosine,u_only_rf,norman_k562,mean_matching,leave_environment_out,env__v~normanweissman2019%5Ffiltered__v~k562__v~rna__v~baseline,,48.0,0.3060675776987328,0.12174017121486191,0.18432740648387086,0.44089889190291826,0.29775724052729297,0.29029859214656445,0.28344045455500516,0.125,0.07692307692307687,1.1321802205424747,0.5,0.8793728311105793
selective_risk_under_alternative_fidelity,delta_cosine,u_p_rf,norman_k562,mean_matching,leave_environment_out,env__v~normanweissman2019%5Ffiltered__v~k562__v~rna__v~baseline,,48.0,0.4454393463643873,0.12174017121486191,0.3236991751495254,0.36128458310569705,0.29775724052729297,0.4386803161545045,0.3500705442560837,0.20833333333333337,0.1282051282051282,0.9278856683210162,0.06976744186046512,0.7799452459266587
selective_risk_under_alternative_fidelity,delta_cosine,u_ps_rf,norman_k562,mean_matching,leave_environment_out,env__v~normanweissman2019%5Ffiltered__v~k562__v~rna__v~baseline,,48.0,0.4471242182148152,0.12174017121486191,0.32538404699995327,0.32348969762087004,0.29775724052729297,0.43948015314817224,0.35007054425608364,0.20833333333333337,0.1282051282051282,0.8474461852935891,0.06976744186046512,0.7810689029453077
selective_risk_under_alternative_fidelity,delta_cosine,u_psn_rf,norman_k562,mean_matching,leave_environment_out,env__v~normanweissman2019%5Ffiltered__v~k562__v~rna__v~baseline,,48.0,0.43777279510954276,0.12174017121486191,0.31603262389468084,0.304358547453055,0.29775724052729297,0.4582971214608426,0.3419531097968686,0.20833333333333337,0.1282051282051282,0.8066374043049679,0.0883720930232558,0.7881502192479112
selective_risk_under_alternative_fidelity,delta_cosine,ptl_rf,norman_k562,mean_matching,leave_environment_out,env__v~normanweissman2019%5Ffiltered__v~k562__v~rna__v~baseline,,48.0,0.42189320498159866,0.12174017121486191,0.30015303376673674,0.24525835344076827,0.29775724052729297,0.44807596936984834,0.3417930725869791,0.20833333333333337,0.1282051282051282,0.6870462861830419,0.22790697674418606,0.8383671963072126
selective_risk_under_alternative_fidelity,centered_delta_cosine,raw_normalized_uq,norman_k562,mean_matching,leave_environment_out,env__v~normanweissman2019%5Ffiltered__v~k562__v~rna__v~baseline,,48.0,0.35812956759245473,0.12768269446969788,0.23044687312275686,0.6983196159122085,0.301711666437379,0.29646381390144616,0.33401818811453304,0.08333333333333337,0.1282051282051282,5.506159453272307,0.5441860465116279,0.8956345656927053
selective_risk_under_alternative_fidelity,centered_delta_cosine,best_scalar_uq,norman_k562,mean_matching,leave_environment_out,env__v~normanweissman2019%5Ffiltered__v~k562__v~rna__v~baseline,,48.0,0.29391734490392757,0.12768269446969788,0.1662346504342297,0.3078255029721079,0.301711666437379,0.23483339010881565,0.2814753056821801,0.04166666666666663,0.07692307692307687,1.2058622072713283,0.7162790697674419,0.9377086228369461
selective_risk_under_alternative_fidelity,centered_delta_cosine,u_only_rf,norman_k562,mean_matching,leave_environment_out,env__v~normanweissman2019%5Ffiltered__v~k562__v~rna__v~baseline,,48.0,0.3127899128083171,0.12768269446969788,0.1851072183386192,0.44089889190291826,0.301711666437379,0.2963444195728044,0.2903623658118528,0.125,0.07692307692307687,1.1321802205424747,0.5,0.8793728311105793
selective_risk_under_alternative_fidelity,centered_delta_cosine,u_p_rf,norman_k562,mean_matching,leave_environment_out,env__v~normanweissman2019%5Ffiltered__v~k562__v~rna__v~baseline,,48.0,0.4461656794175349,0.12768269446969788,0.318482984947837,0.36128458310569705,0.301711666437379,0.4420653166678084,0.3536781277325595,0.20833333333333337,0.1282051282051282,0.9278856683210162,0.06976744186046512,0.7799452459266587
selective_risk_under_alternative_fidelity,centered_delta_cosine,u_ps_rf,norman_k562,mean_matching,leave_environment_out,env__v~normanweissman2019%5Ffiltered__v~k562__v~rna__v~baseline,,48.0,0.4480143529100167,0.12768269446969788,0.3203316584403188,0.32348969762087004,0.301711666437379,0.4431899856388008,0.3536781277325595,0.20833333333333337,0.1282051282051282,0.8474461852935891,0.06976744186046512,0.7810689029453077
selective_risk_under_alternative_fidelity,centered_delta_cosine,u_psn_rf,norman_k562,mean_matching,leave_environment_out,env__v~normanweissman2019%5Ffiltered__v~k562__v~rna__v~baseline,,48.0,0.43917898036450276,0.12768269446969788,0.3114962858948049,0.304358547453055,0.301711666437379,0.460301951014962,0.3450955778081553,0.20833333333333337,0.1282051282051282,0.8066374043049679,0.0883720930232558,0.7881502192479112
selective_risk_under_alternative_fidelity,centered_delta_cosine,ptl_rf,norman_k562,mean_matching,leave_environment_out,env__v~normanweissman2019%5Ffiltered__v~k562__v~rna__v~baseline,,48.0,0.4253111799478933,0.12768269446969788,0.2976284854781954,0.24525835344076827,0.301711666437379,0.45017117343198215,0.3448282433172413,0.20833333333333337,0.1282051282051282,0.6870462861830419,0.22790697674418606,0.8383671963072126
selective_risk_under_alternative_fidelity,absolute_effect_rank_agreement,raw_normalized_uq,norman_k562,mean_matching,leave_environment_out,env__v~normanweissman2019%5Ffiltered__v~k562__v~rna__v~baseline,,48.0,0.37098415145880076,0.25138801569036845,0.11959613576843231,0.6983196159122085,0.3391919591949846,0.3394781240663866,0.3510915163986156,0.08333333333333337,0.1282051282051282,5.506159453272307,0.5441860465116279,0.8956345656927053
selective_risk_under_alternative_fidelity,absolute_effect_rank_agreement,best_scalar_uq,norman_k562,mean_matching,leave_environment_out,env__v~normanweissman2019%5Ffiltered__v~k562__v~rna__v~baseline,,48.0,0.3377470290003582,0.25138801569036845,0.08635901330998974,0.3078255029721079,0.3391919591949846,0.3120024340302654,0.3298742879977919,0.04166666666666663,0.07692307692307687,1.2058622072713283,0.7162790697674419,0.9377086228369461
selective_risk_under_alternative_fidelity,absolute_effect_rank_agreement,u_only_rf,norman_k562,mean_matching,leave_environment_out,env__v~normanweissman2019%5Ffiltered__v~k562__v~rna__v~baseline,,48.0,0.346510502246157,0.25138801569036845,0.09512248655578853,0.44089889190291826,0.3391919591949846,0.3346971511506258,0.3336384789530488,0.125,0.07692307692307687,1.1321802205424747,0.5,0.8793728311105793
selective_risk_under_alternative_fidelity,absolute_effect_rank_agreement,u_p_rf,norman_k562,mean_matching,leave_environment_out,env__v~normanweissman2019%5Ffiltered__v~k562__v~rna__v~baseline,,48.0,0.4038201671389184,0.25138801569036845,0.15243215144854994,0.36128458310569705,0.3391919591949846,0.40160583668979477,0.3655489138838462,0.20833333333333337,0.1282051282051282,0.9278856683210162,0.06976744186046512,0.7799452459266587
selective_risk_under_alternative_fidelity,absolute_effect_rank_agreement,u_ps_rf,norman_k562,mean_matching,leave_environment_out,env__v~normanweissman2019%5Ffiltered__v~k562__v~rna__v~baseline,,48.0,0.4041492228087544,0.25138801569036845,0.15276120711838598,0.32348969762087004,0.3391919591949846,0.40140487623749754,0.3655489138838462,0.20833333333333337,0.1282051282051282,0.8474461852935891,0.06976744186046512,0.7810689029453077
selective_risk_under_alternative_fidelity,absolute_effect_rank_agreement,u_psn_rf,norman_k562,mean_matching,leave_environment_out,env__v~normanweissman2019%5Ffiltered__v~k562__v~rna__v~baseline,,48.0,0.39966917117359335,0.25138801569036845,0.1482811554832249,0.304358547453055,0.3391919591949846,0.40664900261095793,0.36024681073721115,0.20833333333333337,0.1282051282051282,0.8066374043049679,0.0883720930232558,0.7881502192479112
selective_risk_under_alternative_fidelity,absolute_effect_rank_agreement,ptl_rf,norman_k562,mean_matching,leave_environment_out,env__v~normanweissman2019%5Ffiltered__v~k562__v~rna__v~baseline,,48.0,0.4025404146335079,0.25138801569036845,0.15115239894313948,0.24525835344076827,0.3391919591949846,0.40102127965058815,0.3602184643037366,0.20833333333333337,0.1282051282051282,0.6870462861830419,0.22790697674418606,0.8383671963072126
selective_risk_under_alternative_fidelity,delta_cosine,raw_normalized_uq,norman_k562,mean_matching,leave_predictor_out,,mean_matching,48.0,0.33058356035904973,0.12174017121486191,0.20884338914418782,0.22072373385810054,0.29775724052729297,0.2530724851878503,0.30982606011008257,0.04166666666666663,0.1282051282051282,0.8481127965428131,0.5744186046511628,0.9073515940080578
selective_risk_under_alternative_fidelity,delta_cosine,best_scalar_uq,norman_k562,mean_matching,leave_predictor_out,,mean_matching,48.0,0.2977102665690486,0.12174017121486191,0.17597009535418667,0.10312965432369048,0.29775724052729297,0.23004541373438125,0.27059981792015514,0.04166666666666663,0.10256410256410253,0.560480566589383,0.6651162790697674,0.9202313434935809
selective_risk_under_alternative_fidelity,delta_cosine,u_only_rf,norman_k562,mean_matching,leave_predictor_out,,mean_matching,48.0,0.3474587976969674,0.12174017121486191,0.2257186264821055,0.14226387934904186,0.29775724052729297,0.3065717432331738,0.28397824588184645,0.16666666666666663,0.10256410256410253,0.5039527328045635,0.2534883720930232,0.8133726193665622
selective_risk_under_alternative_fidelity,delta_cosine,u_p_rf,norman_k562,mean_matching,leave_predictor_out,,mean_matching,48.0,0.22442212073610382,0.12174017121486191,0.1026819495212419,0.11840490248929665,0.29775724052729297,0.2492447100061427,0.28697561652934694,0.125,0.10256410256410253,0.4024747728869489,0.49302325581395345,0.9160097856928843
selective_risk_under_alternative_fidelity,delta_cosine,u_ps_rf,norman_k562,mean_matching,leave_predictor_out,,mean_matching,48.0,0.18790253829633138,0.12174017121486191,0.06616236708146947,0.11295291715373502,0.29775724052729297,0.16286470995875887,0.2754556947998272,0.04166666666666663,0.10256410256410253,0.38777034712962594,0.627906976744186,0.9441352893242901
selective_risk_under_alternative_fidelity,delta_cosine,u_psn_rf,norman_k562,mean_matching,leave_predictor_out,,mean_matching,48.0,0.20636662417137716,0.12174017121486191,0.08462645295651525,0.11518082870324864,0.29775724052729297,0.20304612656456514,0.25660081439896476,0.08333333333333337,0.10256410256410253,0.39508973526816954,0.572093023255814,0.9207823920081706
selective_risk_under_alternative_fidelity,delta_cosine,ptl_rf,norman_k562,mean_matching,leave_predictor_out,,mean_matching,48.0,0.1705413615571353,0.12174017121486191,0.0488011903422734,0.09901869672134385,0.29775724052729297,0.15048703081473452,0.24416377833299827,0.0,0.05128205128205132,0.34938648875329975,0.8046511627906977,0.9762171783272005
selective_risk_under_alternative_fidelity,centered_delta_cosine,raw_normalized_uq,norman_k562,mean_matching,leave_predictor_out,,mean_matching,48.0,0.33801159306257467,0.12768269446969788,0.2103288985928768,0.22072373385810054,0.301711666437379,0.2596593539639323,0.3135581287157071,0.04166666666666663,0.1282051282051282,0.8481127965428131,0.5744186046511628,0.9073515940080578
selective_risk_under_alternative_fidelity,centered_delta_cosine,best_scalar_uq,norman_k562,mean_matching,leave_predictor_out,,mean_matching,48.0,0.3058350903155705,0.12768269446969788,0.1781523958458726,0.10312965432369048,0.301711666437379,0.23800779350820012,0.2753768775210637,0.04166666666666663,0.10256410256410253,0.560480566589383,0.6651162790697674,0.9202313434935809
selective_risk_under_alternative_fidelity,centered_delta_cosine,u_only_rf,norman_k562,mean_matching,leave_predictor_out,,mean_matching,48.0,0.3512666612425736,0.12768269446969788,0.22358396677287573,0.14226387934904186,0.301711666437379,0.31002707047507777,0.28764436601074916,0.16666666666666663,0.10256410256410253,0.5039527328045635,0.2534883720930232,0.8133726193665622
selective_risk_under_alternative_fidelity,centered_delta_cosine,u_p_rf,norman_k562,mean_matching,leave_predictor_out,,mean_matching,48.0,0.23041467594044476,0.12768269446969788,0.10273198147074689,0.11840490248929665,0.301711666437379,0.25472634531672217,0.2913462690275173,0.125,0.10256410256410253,0.4024747728869489,0.49302325581395345,0.9160097856928843
selective_risk_under_alternative_fidelity,centered_delta_cosine,u_ps_rf,norman_k562,mean_matching,leave_predictor_out,,mean_matching,48.0,0.19306440887239665,0.12768269446969788,0.06538171440269877,0.11295291715373502,0.301711666437379,0.16781898884294863,0.278898385734379,0.04166666666666663,0.10256410256410253,0.38777034712962594,0.627906976744186,0.9441352893242901
selective_risk_under_alternative_fidelity,centered_delta_cosine,u_psn_rf,norman_k562,mean_matching,leave_predictor_out,,mean_matching,48.0,0.2114190137101416,0.12768269446969788,0.08373631924044372,0.11518082870324864,0.301711666437379,0.2071097312487051,0.2592129638787187,0.08333333333333337,0.10256410256410253,0.39508973526816954,0.572093023255814,0.9207823920081706
selective_risk_under_alternative_fidelity,centered_delta_cosine,ptl_rf,norman_k562,mean_matching,leave_predictor_out,,mean_matching,48.0,0.1751436448251369,0.12768269446969788,0.04746095035543901,0.09901869672134385,0.301711666437379,0.15399367682239365,0.24932777625922858,0.0,0.05128205128205132,0.34938648875329975,0.8046511627906977,0.9762171783272005
selective_risk_under_alternative_fidelity,absolute_effect_rank_agreement,raw_normalized_uq,norman_k562,mean_matching,leave_predictor_out,,mean_matching,48.0,0.3620313006519374,0.25138801569036845,0.11064328496156894,0.22072373385810054,0.3391919591949846,0.32556922583401837,0.33574006258837824,0.04166666666666663,0.1282051282051282,0.8481127965428131,0.5744186046511628,0.9073515940080578
selective_risk_under_alternative_fidelity,absolute_effect_rank_agreement,best_scalar_uq,norman_k562,mean_matching,leave_predictor_out,,mean_matching,48.0,0.34477244860628814,0.25138801569036845,0.09338443291591969,0.10312965432369048,0.3391919591949846,0.31401362497860646,0.31974028938723925,0.04166666666666663,0.10256410256410253,0.560480566589383,0.6651162790697674,0.9202313434935809
selective_risk_under_alternative_fidelity,absolute_effect_rank_agreement,u_only_rf,norman_k562,mean_matching,leave_predictor_out,,mean_matching,48.0,0.35460298163785264,0.25138801569036845,0.1032149659474842,0.14226387934904186,0.3391919591949846,0.33249126034602056,0.3282003596105474,0.16666666666666663,0.10256410256410253,0.5039527328045635,0.2534883720930232,0.8133726193665622
selective_risk_under_alternative_fidelity,absolute_effect_rank_agreement,u_p_rf,norman_k562,mean_matching,leave_predictor_out,,mean_matching,48.0,0.3022870838643175,0.25138801569036845,0.05089906817394907,0.11840490248929665,0.3391919591949846,0.30651194860575703,0.3298555003106649,0.125,0.10256410256410253,0.4024747728869489,0.49302325581395345,0.9160097856928843
selective_risk_under_alternative_fidelity,absolute_effect_rank_agreement,u_ps_rf,norman_k562,mean_matching,leave_predictor_out,,mean_matching,48.0,0.2841178872526437,0.25138801569036845,0.03272987156227525,0.11295291715373502,0.3391919591949846,0.28018631121778875,0.32352466807766483,0.04166666666666663,0.10256410256410253,0.38777034712962594,0.627906976744186,0.9441352893242901
selective_risk_under_alternative_fidelity,absolute_effect_rank_agreement,u_psn_rf,norman_k562,mean_matching,leave_predictor_out,,mean_matching,48.0,0.2928550220123602,0.25138801569036845,0.04146700632199174,0.11518082870324864,0.3391919591949846,0.293929000610968,0.3161534026367404,0.08333333333333337,0.10256410256410253,0.39508973526816954,0.572093023255814,0.9207823920081706
selective_risk_under_alternative_fidelity,absolute_effect_rank_agreement,ptl_rf,norman_k562,mean_matching,leave_predictor_out,,mean_matching,48.0,0.2775906415242579,0.25138801569036845,0.026202625833889437,0.09901869672134385,0.3391919591949846,0.2763809197928829,0.31953114935437366,0.0,0.05128205128205132,0.34938648875329975,0.8046511627906977,0.9762171783272005
selective_risk_under_alternative_fidelity,delta_cosine,raw_normalized_uq,norman_k562,slim_string,in_domain,,,48.0,0.31307802945853025,0.17549332697282619,0.13758470248570406,0.27044564579207675,0.40223243966549904,0.26324020547086985,0.35224928395344435,0.125,0.15384615384615385,0.7894482077061272,0.6046875,0.857854615356761
selective_risk_under_alternative_fidelity,delta_cosine,best_scalar_uq,norman_k562,slim_string,in_domain,,,48.0,0.25194209103698845,0.17549332697282619,0.07644876406416226,0.1396205886548113,0.40223243966549904,0.20908210368025604,0.3541077608208878,0.04166666666666663,0.1282051282051282,0.44550569153463376,0.746875,0.9182865287500467
selective_risk_under_alternative_fidelity,delta_cosine,u_only_rf,norman_k562,slim_string,in_domain,,,48.0,0.31249150953043553,0.17549332697282619,0.13699818255760934,0.17404601183518276,0.40223243966549904,0.35860552209004987,0.3358119299600062,0.125,0.1282051282051282,0.528416601186346,0.66875,0.9108146328357596
selective_risk_under_alternative_fidelity,delta_cosine,u_p_rf,norman_k562,slim_string,in_domain,,,48.0,0.28174399107123566,0.17549332697282619,0.10625066409840947,0.16798353701104662,0.40223243966549904,0.2590349277398943,0.3605352312899966,0.125,0.15384615384615385,0.5142985804151923,0.6156250000000001,0.8730409563099244
selective_risk_under_alternative_fidelity,delta_cosine,u_ps_rf,norman_k562,slim_string,in_domain,,,48.0,0.2642630245711514,0.17549332697282619,0.08876969759832523,0.16234066008431394,0.40223243966549904,0.236367389027038,0.3315389550519538,0.08333333333333337,0.1282051282051282,0.5009252595406658,0.6843750000000001,0.9112034714634352
selective_risk_under_alternative_fidelity,delta_cosine,u_psn_rf,norman_k562,slim_string,in_domain,,,48.0,0.26174448606025297,0.17549332697282619,0.08625115908742678,0.16151351858311128,0.40223243966549904,0.2341402125643309,0.3365820565413902,0.08333333333333337,0.15384615384615385,0.49617224231985396,0.675,0.9093710727324266
selective_risk_under_alternative_fidelity,delta_cosine,ptl_rf,norman_k562,slim_string,in_domain,,,48.0,0.28691183930172187,0.17549332697282619,0.11141851232889569,0.14527322192222333,0.40223243966549904,0.26780211046014585,0.36495341835333905,0.08333333333333337,0.15384615384615385,0.46420736766625365,0.65,0.8904544951674609
selective_risk_under_alternative_fidelity,centered_delta_cosine,raw_normalized_uq,norman_k562,slim_string,in_domain,,,48.0,0.3142708037651643,0.18350899040436672,0.1307618133607976,0.27044564579207675,0.4086395815015011,0.26557306036198397,0.3587405493076953,0.125,0.15384615384615385,0.7894482077061272,0.6046875,0.857854615356761
selective_risk_under_alternative_fidelity,centered_delta_cosine,best_scalar_uq,norman_k562,slim_string,in_domain,,,48.0,0.2562438246424457,0.18350899040436672,0.072734834238079,0.1396205886548113,0.4086395815015011,0.21486320700038686,0.359099898860401,0.04166666666666663,0.1282051282051282,0.44550569153463376,0.746875,0.9182865287500467
selective_risk_under_alternative_fidelity,centered_delta_cosine,u_only_rf,norman_k562,slim_string,in_domain,,,48.0,0.3195872105071668,0.18350899040436672,0.1360782201028001,0.17404601183518276,0.4086395815015011,0.36500672949013596,0.34110096088716446,0.125,0.1282051282051282,0.528416601186346,0.66875,0.9108146328357596
selective_risk_under_alternative_fidelity,centered_delta_cosine,u_p_rf,norman_k562,slim_string,in_domain,,,48.0,0.2855889807086811,0.18350899040436672,0.10207999030431439,0.16798353701104662,0.4086395815015011,0.2642389349217518,0.36552679525276655,0.125,0.15384615384615385,0.5142985804151923,0.6156250000000001,0.8730409563099244
selective_risk_under_alternative_fidelity,centered_delta_cosine,u_ps_rf,norman_k562,slim_string,in_domain,,,48.0,0.26954888420615947,0.18350899040436672,0.08603989380179275,0.16234066008431394,0.4086395815015011,0.24066976862873699,0.33715833156559866,0.08333333333333337,0.1282051282051282,0.5009252595406658,0.6843750000000001,0.9112034714634352
selective_risk_under_alternative_fidelity,centered_delta_cosine,u_psn_rf,norman_k562,slim_string,in_domain,,,48.0,0.2665445623364516,0.18350899040436672,0.08303557193208486,0.16151351858311128,0.4086395815015011,0.23812897136456349,0.34063275324227477,0.08333333333333337,0.15384615384615385,0.49617224231985396,0.675,0.9093710727324266
selective_risk_under_alternative_fidelity,centered_delta_cosine,ptl_rf,norman_k562,slim_string,in_domain,,,48.0,0.2922724748426173,0.18350899040436672,0.1087634844382506,0.14527322192222333,0.4086395815015011,0.27394233348265346,0.3707476861077201,0.08333333333333337,0.15384615384615385,0.46420736766625365,0.65,0.8904544951674609
selective_risk_under_alternative_fidelity,absolute_effect_rank_agreement,raw_normalized_uq,norman_k562,slim_string,in_domain,,,48.0,0.3465458441464671,0.2954544984644863,0.051091345681980815,0.27044564579207675,0.3934011468956933,0.33655837735715766,0.3734934742892182,0.125,0.15384615384615385,0.7894482077061272,0.6046875,0.857854615356761
selective_risk_under_alternative_fidelity,absolute_effect_rank_agreement,best_scalar_uq,norman_k562,slim_string,in_domain,,,48.0,0.3224329200505702,0.2954544984644863,0.026978421586083934,0.1396205886548113,0.3934011468956933,0.3147917820949507,0.3797442755910896,0.04166666666666663,0.1282051282051282,0.44550569153463376,0.746875,0.9182865287500467
selective_risk_under_alternative_fidelity,absolute_effect_rank_agreement,u_only_rf,norman_k562,slim_string,in_domain,,,48.0,0.36340566653403705,0.2954544984644863,0.06795116806955076,0.17404601183518276,0.3934011468956933,0.3779818629468156,0.3687567850073145,0.125,0.1282051282051282,0.528416601186346,0.66875,0.9108146328357596
selective_risk_under_alternative_fidelity,absolute_effect_rank_agreement,u_p_rf,norman_k562,slim_string,in_domain,,,48.0,0.3322033995115507,0.2954544984644863,0.03674890104706441,0.16798353701104662,0.3934011468956933,0.3154881431380713,0.36947081431015083,0.125,0.15384615384615385,0.5142985804151923,0.6156250000000001,0.8730409563099244
selective_risk_under_alternative_fidelity,absolute_effect_rank_agreement,u_ps_rf,norman_k562,slim_string,in_domain,,,48.0,0.32665350681326577,0.2954544984644863,0.031199008348779478,0.16234066008431394,0.3934011468956933,0.3066406796626124,0.36161272389681165,0.08333333333333337,0.1282051282051282,0.5009252595406658,0.6843750000000001,0.9112034714634352
selective_risk_under_alternative_fidelity,absolute_effect_rank_agreement,u_psn_rf,norman_k562,slim_string,in_domain,,,48.0,0.3248170308199005,0.2954544984644863,0.029362532355414195,0.16151351858311128,0.3934011468956933,0.3056392835860034,0.36024009806611496,0.08333333333333337,0.15384615384615385,0.49617224231985396,0.675,0.9093710727324266
selective_risk_under_alternative_fidelity,absolute_effect_rank_agreement,ptl_rf,norman_k562,slim_string,in_domain,,,48.0,0.33152859655071903,0.2954544984644863,0.03607409808623274,0.14527322192222333,0.3934011468956933,0.31897791015111504,0.3664020939016829,0.08333333333333337,0.15384615384615385,0.46420736766625365,0.65,0.8904544951674609
selective_risk_under_alternative_fidelity,delta_cosine,raw_normalized_uq,norman_k562,slim_string,leave_environment_out,env__v~normanweissman2019%5Ffiltered__v~k562__v~rna__v~baseline,,48.0,0.2961291005272808,0.17549332697282619,0.12063577355445462,0.2501766117969822,0.40223243966549904,0.26324020547086985,0.35224928395344435,0.08333333333333337,0.1282051282051282,0.7309222037650606,0.6445993031358885,0.8856626143216576
selective_risk_under_alternative_fidelity,delta_cosine,best_scalar_uq,norman_k562,slim_string,leave_environment_out,env__v~normanweissman2019%5Ffiltered__v~k562__v~rna__v~baseline,,48.0,0.25339105717957766,0.17549332697282619,0.07789773020675148,0.11772147919524463,0.40223243966549904,0.209082103680256,0.3541077608208878,0.04166666666666663,0.10256410256410253,0.39405650572479917,0.7560975609756098,0.9247183076625936
selective_risk_under_alternative_fidelity,delta_cosine,u_only_rf,norman_k562,slim_string,leave_environment_out,env__v~normanweissman2019%5Ffiltered__v~k562__v~rna__v~baseline,,48.0,0.29044789495652157,0.17549332697282619,0.11495456798369538,0.2134414808207532,0.40223243966549904,0.26869275444145924,0.33821599732507396,0.08333333333333337,0.10256410256410253,0.6151288689038094,0.6759581881533102,0.9217384161337152
selective_risk_under_alternative_fidelity,delta_cosine,u_p_rf,norman_k562,slim_string,leave_environment_out,env__v~normanweissman2019%5Ffiltered__v~k562__v~rna__v~baseline,,48.0,0.39128136967563226,0.17549332697282619,0.21578804270280608,0.3401079666191081,0.40223243966549904,0.3236846833094839,0.35681804113188476,0.125,0.15384615384615385,0.8888281304620808,0.49825783972125437,0.865950599168862
selective_risk_under_alternative_fidelity,delta_cosine,u_ps_rf,norman_k562,slim_string,leave_environment_out,env__v~normanweissman2019%5Ffiltered__v~k562__v~rna__v~baseline,,48.0,0.41255675702667655,0.17549332697282619,0.23706343005385036,0.35029208833269215,0.40223243966549904,0.3279695761287565,0.3568180411318846,0.125,0.15384615384615385,0.9115231170334983,0.48083623693379784,0.8441093137605034
selective_risk_under_alternative_fidelity,delta_cosine,u_psn_rf,norman_k562,slim_string,leave_environment_out,env__v~normanweissman2019%5Ffiltered__v~k562__v~rna__v~baseline,,48.0,0.3992518769137991,0.17549332697282619,0.2237585499409729,0.32137760497757517,0.40223243966549904,0.3272344446202125,0.3570036669113167,0.125,0.15384615384615385,0.8484934106094872,0.5017421602787456,0.8549304592703846
selective_risk_under_alternative_fidelity,delta_cosine,ptl_rf,norman_k562,slim_string,leave_environment_out,env__v~normanweissman2019%5Ffiltered__v~k562__v~rna__v~baseline,,48.0,0.39815765449824475,0.17549332697282619,0.22266432752541856,0.2383480430587884,0.40223243966549904,0.3616195068014744,0.39251369443701906,0.16666666666666663,0.17948717948717952,0.6692948175040497,0.4738675958188154,0.8589163255395666
selective_risk_under_alternative_fidelity,centered_delta_cosine,raw_normalized_uq,norman_k562,slim_string,leave_environment_out,env__v~normanweissman2019%5Ffiltered__v~k562__v~rna__v~baseline,,48.0,0.29807913430854405,0.18350899040436672,0.11457014390417733,0.2501766117969822,0.4086395815015011,0.26557306036198397,0.3587405493076953,0.08333333333333337,0.1282051282051282,0.7309222037650606,0.6445993031358885,0.8856626143216576
selective_risk_under_alternative_fidelity,centered_delta_cosine,best_scalar_uq,norman_k562,slim_string,leave_environment_out,env__v~normanweissman2019%5Ffiltered__v~k562__v~rna__v~baseline,,48.0,0.25766168261570793,0.18350899040436672,0.07415269221134121,0.11772147919524463,0.4086395815015011,0.21486320700038686,0.3590998988604011,0.04166666666666663,0.10256410256410253,0.39405650572479917,0.7560975609756098,0.9247183076625936
selective_risk_under_alternative_fidelity,centered_delta_cosine,u_only_rf,norman_k562,slim_string,leave_environment_out,env__v~normanweissman2019%5Ffiltered__v~k562__v~rna__v~baseline,,48.0,0.29594368728620024,0.18350899040436672,0.11243469688183352,0.2134414808207532,0.4086395815015011,0.2737104923385018,0.34343351988803106,0.08333333333333337,0.10256410256410253,0.6151288689038094,0.6759581881533102,0.9217384161337152
selective_risk_under_alternative_fidelity,centered_delta_cosine,u_p_rf,norman_k562,slim_string,leave_environment_out,env__v~normanweissman2019%5Ffiltered__v~k562__v~rna__v~baseline,,48.0,0.39250829856097313,0.18350899040436672,0.20899930815660642,0.3401079666191081,0.4086395815015011,0.3259163273328531,0.36129233843235536,0.125,0.15384615384615385,0.8888281304620808,0.49825783972125437,0.865950599168862
selective_risk_under_alternative_fidelity,centered_delta_cosine,u_ps_rf,norman_k562,slim_string,leave_environment_out,env__v~normanweissman2019%5Ffiltered__v~k562__v~rna__v~baseline,,48.0,0.413578086925116,0.18350899040436672,0.23006909652074928,0.35029208833269215,0.4086395815015011,0.3306167859779984,0.36129233843235536,0.125,0.15384615384615385,0.9115231170334983,0.48083623693379784,0.8441093137605034
selective_risk_under_alternative_fidelity,centered_delta_cosine,u_psn_rf,norman_k562,slim_string,leave_environment_out,env__v~normanweissman2019%5Ffiltered__v~k562__v~rna__v~baseline,,48.0,0.40113116501189267,0.18350899040436672,0.21762217460752595,0.32137760497757517,0.4086395815015011,0.3304038955424769,0.361566488841833,0.125,0.15384615384615385,0.8484934106094872,0.5017421602787456,0.8549304592703846
selective_risk_under_alternative_fidelity,centered_delta_cosine,ptl_rf,norman_k562,slim_string,leave_environment_out,env__v~normanweissman2019%5Ffiltered__v~k562__v~rna__v~baseline,,48.0,0.4001380438045752,0.18350899040436672,0.21662905340020847,0.2383480430587884,0.4086395815015011,0.36230541093897056,0.39715545578820866,0.16666666666666663,0.17948717948717952,0.6692948175040497,0.4738675958188154,0.8589163255395666
selective_risk_under_alternative_fidelity,absolute_effect_rank_agreement,raw_normalized_uq,norman_k562,slim_string,leave_environment_out,env__v~normanweissman2019%5Ffiltered__v~k562__v~rna__v~baseline,,48.0,0.341406133775513,0.2954544984644863,0.045951635311026695,0.2501766117969822,0.3934011468956933,0.33655837735715766,0.3734934742892182,0.08333333333333337,0.1282051282051282,0.7309222037650606,0.6445993031358885,0.8856626143216576
selective_risk_under_alternative_fidelity,absolute_effect_rank_agreement,best_scalar_uq,norman_k562,slim_string,leave_environment_out,env__v~normanweissman2019%5Ffiltered__v~k562__v~rna__v~baseline,,48.0,0.3243358954275852,0.2954544984644863,0.028881396963098882,0.11772147919524463,0.3934011468956933,0.3147917820949507,0.3797442755910896,0.04166666666666663,0.10256410256410253,0.39405650572479917,0.7560975609756098,0.9247183076625936
selective_risk_under_alternative_fidelity,absolute_effect_rank_agreement,u_only_rf,norman_k562,slim_string,leave_environment_out,env__v~normanweissman2019%5Ffiltered__v~k562__v~rna__v~baseline,,48.0,0.35921277283472164,0.2954544984644863,0.06375827437023535,0.2134414808207532,0.3934011468956933,0.34953778868746405,0.3648808387802258,0.08333333333333337,0.10256410256410253,0.6151288689038094,0.6759581881533102,0.9217384161337152
selective_risk_under_alternative_fidelity,absolute_effect_rank_agreement,u_p_rf,norman_k562,slim_string,leave_environment_out,env__v~normanweissman2019%5Ffiltered__v~k562__v~rna__v~baseline,,48.0,0.3923161449864621,0.2954544984644863,0.09686164652197582,0.3401079666191081,0.3934011468956933,0.3556750239885939,0.3674083235757535,0.125,0.15384615384615385,0.8888281304620808,0.49825783972125437,0.865950599168862
selective_risk_under_alternative_fidelity,absolute_effect_rank_agreement,u_ps_rf,norman_k562,slim_string,leave_environment_out,env__v~normanweissman2019%5Ffiltered__v~k562__v~rna__v~baseline,,48.0,0.39854455250099985,0.2954544984644863,0.10309005403651356,0.35029208833269215,0.3934011468956933,0.3605266245123628,0.3674083235757535,0.125,0.15384615384615385,0.9115231170334983,0.48083623693379784,0.8441093137605034
selective_risk_under_alternative_fidelity,absolute_effect_rank_agreement,u_psn_rf,norman_k562,slim_string,leave_environment_out,env__v~normanweissman2019%5Ffiltered__v~k562__v~rna__v~baseline,,48.0,0.3961905867478713,0.2954544984644863,0.10073608828338498,0.32137760497757517,0.3934011468956933,0.3610901541431071,0.36764534983469366,0.125,0.15384615384615385,0.8484934106094872,0.5017421602787456,0.8549304592703846
selective_risk_under_alternative_fidelity,absolute_effect_rank_agreement,ptl_rf,norman_k562,slim_string,leave_environment_out,env__v~normanweissman2019%5Ffiltered__v~k562__v~rna__v~baseline,,48.0,0.3994996411212342,0.2954544984644863,0.10404514265674791,0.2383480430587884,0.3934011468956933,0.3710288837800683,0.37965609873717154,0.16666666666666663,0.17948717948717952,0.6692948175040497,0.4738675958188154,0.8589163255395666
selective_risk_under_alternative_fidelity,delta_cosine,raw_normalized_uq,norman_k562,slim_string,leave_predictor_out,,slim_string,48.0,0.302824226792783,0.17549332697282619,0.1273308998199568,0.676145834369931,0.40223243966549904,0.26324020547086985,0.3438737391128864,0.125,0.15384615384615385,2.7072041457841216,0.5984375,0.8660232492134914
selective_risk_under_alternative_fidelity,delta_cosine,best_scalar_uq,norman_k562,slim_string,leave_predictor_out,,slim_string,48.0,0.25312050835680006,0.17549332697282619,0.07762718138397387,0.379617887281195,0.40223243966549904,0.20908210368025604,0.3541077608208878,0.04166666666666663,0.1282051282051282,1.1452504291091137,0.7421875,0.9152495049241174
selective_risk_under_alternative_fidelity,delta_cosine,u_only_rf,norman_k562,slim_string,leave_predictor_out,,slim_string,48.0,0.297046348576273,0.17549332697282619,0.1215530216034468,0.19309816453859488,0.40223243966549904,0.3571169705935175,0.37265806176070115,0.125,0.1282051282051282,0.5705982110271314,0.64375,0.9024525052414485
selective_risk_under_alternative_fidelity,delta_cosine,u_p_rf,norman_k562,slim_string,leave_predictor_out,,slim_string,48.0,0.27856762863943707,0.17549332697282619,0.10307430166661088,0.20991099312346204,0.40223243966549904,0.2622146261101079,0.3708639546224779,0.08333333333333337,0.15384615384615385,0.6066433788544676,0.625,0.8976025761450659
selective_risk_under_alternative_fidelity,delta_cosine,u_ps_rf,norman_k562,slim_string,leave_predictor_out,,slim_string,48.0,0.26351580295965565,0.17549332697282619,0.08802247598682947,0.16834677257066474,0.40223243966549904,0.23466143702973216,0.3412403923442273,0.08333333333333337,0.1282051282051282,0.5205554205325081,0.69375,0.9037569646042227
selective_risk_under_alternative_fidelity,delta_cosine,u_psn_rf,norman_k562,slim_string,leave_predictor_out,,slim_string,48.0,0.26517620375582646,0.17549332697282619,0.08968287678300027,0.1662722794423758,0.40223243966549904,0.23949322630700035,0.3377916581234079,0.08333333333333337,0.1282051282051282,0.5134288691479165,0.6812499999999999,0.9053599899833562
selective_risk_under_alternative_fidelity,delta_cosine,ptl_rf,norman_k562,slim_string,leave_predictor_out,,slim_string,48.0,0.2674292724257295,0.17549332697282619,0.09193594545290332,0.1429074106552918,0.40223243966549904,0.2394088551701258,0.33779165812340783,0.08333333333333337,0.1282051282051282,0.46169585469782604,0.6593749999999999,0.9010673516570209
selective_risk_under_alternative_fidelity,centered_delta_cosine,raw_normalized_uq,norman_k562,slim_string,leave_predictor_out,,slim_string,48.0,0.3046060156201769,0.18350899040436672,0.1210970252158102,0.676145834369931,0.4086395815015011,0.26557306036198397,0.3498513851549768,0.125,0.15384615384615385,2.7072041457841216,0.5984375,0.8660232492134914
selective_risk_under_alternative_fidelity,centered_delta_cosine,best_scalar_uq,norman_k562,slim_string,leave_predictor_out,,slim_string,48.0,0.2573443051270847,0.18350899040436672,0.07383531472271801,0.379617887281195,0.4086395815015011,0.21486320700038686,0.359099898860401,0.04166666666666663,0.1282051282051282,1.1452504291091137,0.7421875,0.9152495049241174
selective_risk_under_alternative_fidelity,centered_delta_cosine,u_only_rf,norman_k562,slim_string,leave_predictor_out,,slim_string,48.0,0.30199257234393967,0.18350899040436672,0.11848358193957295,0.19309816453859488,0.4086395815015011,0.3622937840892717,0.379714349692346,0.125,0.1282051282051282,0.5705982110271314,0.64375,0.9024525052414485
selective_risk_under_alternative_fidelity,centered_delta_cosine,u_p_rf,norman_k562,slim_string,leave_predictor_out,,slim_string,48.0,0.2833147447069886,0.18350899040436672,0.09980575430262187,0.20991099312346204,0.4086395815015011,0.2662901953632529,0.3757279484892453,0.08333333333333337,0.15384615384615385,0.6066433788544676,0.625,0.8976025761450659
selective_risk_under_alternative_fidelity,centered_delta_cosine,u_ps_rf,norman_k562,slim_string,leave_predictor_out,,slim_string,48.0,0.26798023195848836,0.18350899040436672,0.08447124155412164,0.16834677257066474,0.4086395815015011,0.23813299707782268,0.3453854440114358,0.08333333333333337,0.1282051282051282,0.5205554205325081,0.69375,0.9037569646042227
selective_risk_under_alternative_fidelity,centered_delta_cosine,u_psn_rf,norman_k562,slim_string,leave_predictor_out,,slim_string,48.0,0.2702425261344887,0.18350899040436672,0.08673353573012196,0.1662722794423758,0.4086395815015011,0.24486744859132148,0.3421507924677968,0.08333333333333337,0.1282051282051282,0.5134288691479165,0.6812499999999999,0.9053599899833562
selective_risk_under_alternative_fidelity,centered_delta_cosine,ptl_rf,norman_k562,slim_string,leave_predictor_out,,slim_string,48.0,0.2725417390291312,0.18350899040436672,0.08903274862476449,0.1429074106552918,0.4086395815015011,0.2444861487064035,0.3421507924677968,0.08333333333333337,0.1282051282051282,0.46169585469782604,0.6593749999999999,0.9010673516570209
selective_risk_under_alternative_fidelity,absolute_effect_rank_agreement,raw_normalized_uq,norman_k562,slim_string,leave_predictor_out,,slim_string,48.0,0.3436430586022105,0.2954544984644863,0.04818856013772421,0.676145834369931,0.3934011468956933,0.3365583773571576,0.37048787255844173,0.125,0.15384615384615385,2.7072041457841216,0.5984375,0.8660232492134914
selective_risk_under_alternative_fidelity,absolute_effect_rank_agreement,best_scalar_uq,norman_k562,slim_string,leave_predictor_out,,slim_string,48.0,0.3227073634847073,0.2954544984644863,0.027252865020221007,0.379617887281195,0.3934011468956933,0.3147917820949507,0.3797442755910896,0.04166666666666663,0.1282051282051282,1.1452504291091137,0.7421875,0.9152495049241174
selective_risk_under_alternative_fidelity,absolute_effect_rank_agreement,u_only_rf,norman_k562,slim_string,leave_predictor_out,,slim_string,48.0,0.33734244260081203,0.2954544984644863,0.04188794413632574,0.19309816453859488,0.3934011468956933,0.3666220185833035,0.37788679329171526,0.125,0.1282051282051282,0.5705982110271314,0.64375,0.9024525052414485
selective_risk_under_alternative_fidelity,absolute_effect_rank_agreement,u_p_rf,norman_k562,slim_string,leave_predictor_out,,slim_string,48.0,0.3270485744647362,0.2954544984644863,0.03159407600024988,0.20991099312346204,0.3934011468956933,0.32493182718825353,0.37169816992050453,0.08333333333333337,0.15384615384615385,0.6066433788544676,0.625,0.8976025761450659
selective_risk_under_alternative_fidelity,absolute_effect_rank_agreement,u_ps_rf,norman_k562,slim_string,leave_predictor_out,,slim_string,48.0,0.3222709740848771,0.2954544984644863,0.0268164756203908,0.16834677257066474,0.3934011468956933,0.3089236601527585,0.3641615877728502,0.08333333333333337,0.1282051282051282,0.5205554205325081,0.69375,0.9037569646042227
selective_risk_under_alternative_fidelity,absolute_effect_rank_agreement,u_psn_rf,norman_k562,slim_string,leave_predictor_out,,slim_string,48.0,0.32097421556287903,0.2954544984644863,0.025519717098392736,0.1662722794423758,0.3934011468956933,0.31055259648417327,0.36079142610223297,0.08333333333333337,0.1282051282051282,0.5134288691479165,0.6812499999999999,0.9053599899833562
selective_risk_under_alternative_fidelity,absolute_effect_rank_agreement,ptl_rf,norman_k562,slim_string,leave_predictor_out,,slim_string,48.0,0.3213873595278059,0.2954544984644863,0.0259328610633196,0.1429074106552918,0.3934011468956933,0.3106333646696284,0.36079142610223297,0.08333333333333337,0.1282051282051282,0.46169585469782604,0.6593749999999999,0.9010673516570209
selective_risk_under_alternative_fidelity,delta_cosine,raw_normalized_uq,norman_k562,strong_linear,in_domain,,,48.0,0.5157795587594551,0.19149514553356947,0.32428441322588564,0.37538665094355267,0.44806630041864876,0.5184106457457844,0.42566267598732793,0.20833333333333337,0.15384615384615385,1.0929670628703105,0.44729344729344733,0.7939040333481167
selective_risk_under_alternative_fidelity,delta_cosine,best_scalar_uq,norman_k562,strong_linear,in_domain,,,48.0,0.5566181599084833,0.19149514553356947,0.3651230143749138,0.1831989488070004,0.44806630041864876,0.5139964424280843,0.4547296654416312,0.20833333333333337,0.17948717948717952,0.6585283455878143,0.4444444444444444,0.7879554705176784
selective_risk_under_alternative_fidelity,delta_cosine,u_only_rf,norman_k562,strong_linear,in_domain,,,48.0,0.3981509002747671,0.19149514553356947,0.20665575474119766,0.1744624511111363,0.44806630041864876,0.44713240046746106,0.44566638776145256,0.16666666666666663,0.17948717948717952,0.5285181625342935,0.5897435897435898,0.8694958378579932
selective_risk_under_alternative_fidelity,delta_cosine,u_p_rf,norman_k562,strong_linear,in_domain,,,48.0,0.32104291469008883,0.19149514553356947,0.12954776915651936,0.15484311289757127,0.44806630041864876,0.32000434833754854,0.44317424267975086,0.125,0.17948717948717952,0.47893945861832,0.6638176638176638,0.9204635282646243
selective_risk_under_alternative_fidelity,delta_cosine,u_ps_rf,norman_k562,strong_linear,in_domain,,,48.0,0.2856903032926586,0.19149514553356947,0.09419515775908913,0.15342980894139982,0.44806630041864876,0.23109513778765237,0.42729016092986083,0.04166666666666663,0.20512820512820518,0.4761171523874806,0.6837606837606838,0.9176370462845853
selective_risk_under_alternative_fidelity,delta_cosine,u_psn_rf,norman_k562,strong_linear,in_domain,,,48.0,0.29700967777441045,0.19149514553356947,0.10551453224084098,0.15587902387999664,0.44806630041864876,0.26685693580664044,0.45626839336467145,0.08333333333333337,0.23076923076923073,0.4813636101906134,0.6296296296296297,0.9017997521130549
selective_risk_under_alternative_fidelity,delta_cosine,ptl_rf,norman_k562,strong_linear,in_domain,,,48.0,0.2940945272909292,0.19149514553356947,0.10259938175735975,0.1449033213799201,0.44806630041864876,0.2652087189679668,0.39927391359743386,0.08333333333333337,0.17948717948717952,0.45785256717692474,0.6923076923076923,0.9128102680736104
selective_risk_under_alternative_fidelity,centered_delta_cosine,raw_normalized_uq,norman_k562,strong_linear,in_domain,,,48.0,0.5257367956530362,0.20244467679874534,0.3232921188542909,0.37538665094355267,0.45585804412094477,0.5293417275166249,0.4349306606475562,0.20833333333333337,0.15384615384615385,1.0929670628703105,0.44729344729344733,0.7939040333481167
selective_risk_under_alternative_fidelity,centered_delta_cosine,best_scalar_uq,norman_k562,strong_linear,in_domain,,,48.0,0.5654502381497022,0.20244467679874534,0.36300556135095685,0.1831989488070004,0.45585804412094477,0.5248329408497162,0.4636723575553195,0.20833333333333337,0.17948717948717952,0.6585283455878143,0.4444444444444444,0.7879554705176784
selective_risk_under_alternative_fidelity,centered_delta_cosine,u_only_rf,norman_k562,strong_linear,in_domain,,,48.0,0.40962226057880585,0.20244467679874534,0.20717758378006051,0.1744624511111363,0.45585804412094477,0.4582761628659216,0.45448765183947687,0.16666666666666663,0.17948717948717952,0.5285181625342935,0.5897435897435898,0.8694958378579932
selective_risk_under_alternative_fidelity,centered_delta_cosine,u_p_rf,norman_k562,strong_linear,in_domain,,,48.0,0.3333766064521733,0.20244467679874534,0.13093192965342798,0.15484311289757127,0.45585804412094477,0.3291973801624607,0.4524592329068709,0.125,0.17948717948717952,0.47893945861832,0.6638176638176638,0.9204635282646243
selective_risk_under_alternative_fidelity,centered_delta_cosine,u_ps_rf,norman_k562,strong_linear,in_domain,,,48.0,0.29502812257109595,0.20244467679874534,0.09258344577235061,0.15342980894139982,0.45585804412094477,0.24207025793133563,0.4350439722537938,0.04166666666666663,0.20512820512820518,0.4761171523874806,0.6837606837606838,0.9176370462845853
selective_risk_under_alternative_fidelity,centered_delta_cosine,u_psn_rf,norman_k562,strong_linear,in_domain,,,48.0,0.3052583842854522,0.20244467679874534,0.10281370748670687,0.15587902387999664,0.45585804412094477,0.27469756613902746,0.46367024327282735,0.08333333333333337,0.23076923076923073,0.4813636101906134,0.6296296296296297,0.9017997521130549
selective_risk_under_alternative_fidelity,centered_delta_cosine,ptl_rf,norman_k562,strong_linear,in_domain,,,48.0,0.3021062379901795,0.20244467679874534,0.09966156119143416,0.1449033213799201,0.45585804412094477,0.27557003760760324,0.408584165940814,0.08333333333333337,0.17948717948717952,0.45785256717692474,0.6923076923076923,0.9128102680736104
selective_risk_under_alternative_fidelity,absolute_effect_rank_agreement,raw_normalized_uq,norman_k562,strong_linear,in_domain,,,48.0,0.3490189136328162,0.2880916398379823,0.06092727379483387,0.37538665094355267,0.3637277734109567,0.35057751164027656,0.3421842756895434,0.20833333333333337,0.15384615384615385,1.0929670628703105,0.44729344729344733,0.7939040333481167
selective_risk_under_alternative_fidelity,absolute_effect_rank_agreement,best_scalar_uq,norman_k562,strong_linear,in_domain,,,48.0,0.3524261801709552,0.2880916398379823,0.06433454033297292,0.1831989488070004,0.3637277734109567,0.34544370909047273,0.3534742216067039,0.20833333333333337,0.17948717948717952,0.6585283455878143,0.4444444444444444,0.7879554705176784
selective_risk_under_alternative_fidelity,absolute_effect_rank_agreement,u_only_rf,norman_k562,strong_linear,in_domain,,,48.0,0.3357607736228274,0.2880916398379823,0.04766913378484511,0.1744624511111363,0.3637277734109567,0.3353546163184394,0.346000119865553,0.16666666666666663,0.17948717948717952,0.5285181625342935,0.5897435897435898,0.8694958378579932
selective_risk_under_alternative_fidelity,absolute_effect_rank_agreement,u_p_rf,norman_k562,strong_linear,in_domain,,,48.0,0.32551186310844654,0.2880916398379823,0.03742022327046424,0.15484311289757127,0.3637277734109567,0.3264183650638288,0.3499156617375588,0.125,0.17948717948717952,0.47893945861832,0.6638176638176638,0.9204635282646243
selective_risk_under_alternative_fidelity,absolute_effect_rank_agreement,u_ps_rf,norman_k562,strong_linear,in_domain,,,48.0,0.31220200286227984,0.2880916398379823,0.024110363024297532,0.15342980894139982,0.3637277734109567,0.3103088998712205,0.34514185039761325,0.04166666666666663,0.20512820512820518,0.4761171523874806,0.6837606837606838,0.9176370462845853
selective_risk_under_alternative_fidelity,absolute_effect_rank_agreement,u_psn_rf,norman_k562,strong_linear,in_domain,,,48.0,0.31291155646968266,0.2880916398379823,0.024819916631700356,0.15587902387999664,0.3637277734109567,0.3090266085471434,0.3436735212423461,0.08333333333333337,0.23076923076923073,0.4813636101906134,0.6296296296296297,0.9017997521130549
selective_risk_under_alternative_fidelity,absolute_effect_rank_agreement,ptl_rf,norman_k562,strong_linear,in_domain,,,48.0,0.3234683855338855,0.2880916398379823,0.03537674569590321,0.1449033213799201,0.3637277734109567,0.3249336797748649,0.3490314483215998,0.08333333333333337,0.17948717948717952,0.45785256717692474,0.6923076923076923,0.9128102680736104
selective_risk_under_alternative_fidelity,delta_cosine,raw_normalized_uq,norman_k562,strong_linear,leave_environment_out,env__v~normanweissman2019%5Ffiltered__v~k562__v~rna__v~baseline,,48.0,0.519333983527813,0.19149514553356947,0.3278388379942435,0.37298839734796524,0.44806630041864876,0.5184106457457844,0.42566267598732804,0.20833333333333337,0.15384615384615385,1.0723777730774342,0.4458689458689459,0.7916696505469323
selective_risk_under_alternative_fidelity,delta_cosine,best_scalar_uq,norman_k562,strong_linear,leave_environment_out,env__v~normanweissman2019%5Ffiltered__v~k562__v~rna__v~baseline,,48.0,0.5286835528600101,0.19149514553356947,0.3371884073264406,0.17888831732967536,0.44806630041864876,0.5179827323114533,0.4547296654416312,0.20833333333333337,0.17948717948717952,1.2873176913042594,0.4686609686609686,0.7937125737055883
selective_risk_under_alternative_fidelity,delta_cosine,u_only_rf,norman_k562,strong_linear,leave_environment_out,env__v~normanweissman2019%5Ffiltered__v~k562__v~rna__v~baseline,,48.0,0.5418550211066856,0.19149514553356947,0.3503598755731161,0.25634940300856013,0.44806630041864876,0.518704940436503,0.43633201249298526,0.20833333333333337,0.17948717948717952,0.7100174313002068,0.4729344729344729,0.7876809708527883
selective_risk_under_alternative_fidelity,delta_cosine,u_p_rf,norman_k562,strong_linear,leave_environment_out,env__v~normanweissman2019%5Ffiltered__v~k562__v~rna__v~baseline,,48.0,0.5497676386079059,0.19149514553356947,0.3582724930743364,0.3468209176895267,0.44806630041864876,0.5219735461419323,0.4310551257512057,0.20833333333333337,0.15384615384615385,0.8965197869875426,0.4330484330484331,0.7835017120149994
selective_risk_under_alternative_fidelity,delta_cosine,u_ps_rf,norman_k562,strong_linear,leave_environment_out,env__v~normanweissman2019%5Ffiltered__v~k562__v~rna__v~baseline,,48.0,0.554347960216382,0.19149514553356947,0.3628528146828125,0.35279956247008126,0.44806630041864876,0.5064912745511588,0.42849188191851995,0.20833333333333337,0.15384615384615385,0.9113186673301007,0.43874643874643876,0.7818047779611781
selective_risk_under_alternative_fidelity,delta_cosine,u_psn_rf,norman_k562,strong_linear,leave_environment_out,env__v~normanweissman2019%5Ffiltered__v~k562__v~rna__v~baseline,,48.0,0.5853286987384768,0.19149514553356947,0.3938335532049073,0.33030236134295693,0.44806630041864876,0.5186312321676504,0.42490221003842993,0.20833333333333337,0.15384615384615385,0.8626299881524192,0.42165242165242167,0.7643223047329262
selective_risk_under_alternative_fidelity,delta_cosine,ptl_rf,norman_k562,strong_linear,leave_environment_out,env__v~normanweissman2019%5Ffiltered__v~k562__v~rna__v~baseline,,48.0,0.5398074058461617,0.19149514553356947,0.3483122603125922,0.2561823121217596,0.44806630041864876,0.5573236003291205,0.4408762356678389,0.25,0.17948717948717952,0.7062817205998099,0.4188034188034188,0.7854360940969629
selective_risk_under_alternative_fidelity,centered_delta_cosine,raw_normalized_uq,norman_k562,strong_linear,leave_environment_out,env__v~normanweissman2019%5Ffiltered__v~k562__v~rna__v~baseline,,48.0,0.5291584530072928,0.20244467679874534,0.32671377620854747,0.37298839734796524,0.45585804412094477,0.5293417275166249,0.4349306606475562,0.20833333333333337,0.15384615384615385,1.0723777730774342,0.4458689458689459,0.7916696505469323
selective_risk_under_alternative_fidelity,centered_delta_cosine,best_scalar_uq,norman_k562,strong_linear,leave_environment_out,env__v~normanweissman2019%5Ffiltered__v~k562__v~rna__v~baseline,,48.0,0.5396660858802411,0.20244467679874534,0.3372214090814958,0.17888831732967536,0.45585804412094477,0.5289469785230123,0.4636723575553193,0.20833333333333337,0.17948717948717952,1.2873176913042594,0.4686609686609686,0.7937125737055883
selective_risk_under_alternative_fidelity,centered_delta_cosine,u_only_rf,norman_k562,strong_linear,leave_environment_out,env__v~normanweissman2019%5Ffiltered__v~k562__v~rna__v~baseline,,48.0,0.5521202107233285,0.20244467679874534,0.34967553392458317,0.25634940300856013,0.45585804412094477,0.5297020392453883,0.4458965932029736,0.20833333333333337,0.17948717948717952,0.7100174313002068,0.4729344729344729,0.7876809708527883
selective_risk_under_alternative_fidelity,centered_delta_cosine,u_p_rf,norman_k562,strong_linear,leave_environment_out,env__v~normanweissman2019%5Ffiltered__v~k562__v~rna__v~baseline,,48.0,0.5594971400720639,0.20244467679874534,0.3570524632733185,0.3468209176895267,0.45585804412094477,0.5322826627491637,0.44146744051778863,0.20833333333333337,0.15384615384615385,0.8965197869875426,0.4330484330484331,0.7835017120149994
selective_risk_under_alternative_fidelity,centered_delta_cosine,u_ps_rf,norman_k562,strong_linear,leave_environment_out,env__v~normanweissman2019%5Ffiltered__v~k562__v~rna__v~baseline,,48.0,0.5641308686571868,0.20244467679874534,0.3616861918584414,0.35279956247008126,0.45585804412094477,0.5160984542717613,0.43884629779529444,0.20833333333333337,0.15384615384615385,0.9113186673301007,0.43874643874643876,0.7818047779611781
selective_risk_under_alternative_fidelity,centered_delta_cosine,u_psn_rf,norman_k562,strong_linear,leave_environment_out,env__v~normanweissman2019%5Ffiltered__v~k562__v~rna__v~baseline,,48.0,0.5954303185367337,0.20244467679874534,0.39298564173798833,0.33030236134295693,0.45585804412094477,0.5298682813761965,0.43534779033253457,0.20833333333333337,0.15384615384615385,0.8626299881524192,0.42165242165242167,0.7643223047329262
selective_risk_under_alternative_fidelity,centered_delta_cosine,ptl_rf,norman_k562,strong_linear,leave_environment_out,env__v~normanweissman2019%5Ffiltered__v~k562__v~rna__v~baseline,,48.0,0.549682339055391,0.20244467679874534,0.34723766225664565,0.2561823121217596,0.45585804412094477,0.566561484777707,0.450204385395527,0.25,0.17948717948717952,0.7062817205998099,0.4188034188034188,0.7854360940969629
selective_risk_under_alternative_fidelity,absolute_effect_rank_agreement,raw_normalized_uq,norman_k562,strong_linear,leave_environment_out,env__v~normanweissman2019%5Ffiltered__v~k562__v~rna__v~baseline,,48.0,0.34880215776648543,0.2880916398379823,0.06071051792850313,0.37298839734796524,0.3637277734109567,0.35057751164027656,0.3421842756895434,0.20833333333333337,0.15384615384615385,1.0723777730774342,0.4458689458689459,0.7916696505469323
selective_risk_under_alternative_fidelity,absolute_effect_rank_agreement,best_scalar_uq,norman_k562,strong_linear,leave_environment_out,env__v~normanweissman2019%5Ffiltered__v~k562__v~rna__v~baseline,,48.0,0.35969687722144816,0.2880916398379823,0.07160523738346586,0.17888831732967536,0.3637277734109567,0.3506020523757973,0.3534742216067039,0.20833333333333337,0.17948717948717952,1.2873176913042594,0.4686609686609686,0.7937125737055883
selective_risk_under_alternative_fidelity,absolute_effect_rank_agreement,u_only_rf,norman_k562,strong_linear,leave_environment_out,env__v~normanweissman2019%5Ffiltered__v~k562__v~rna__v~baseline,,48.0,0.3551030803412172,0.2880916398379823,0.06701144050323488,0.25634940300856013,0.3637277734109567,0.35199222714849526,0.34633205696408437,0.20833333333333337,0.17948717948717952,0.7100174313002068,0.4729344729344729,0.7876809708527883
selective_risk_under_alternative_fidelity,absolute_effect_rank_agreement,u_p_rf,norman_k562,strong_linear,leave_environment_out,env__v~normanweissman2019%5Ffiltered__v~k562__v~rna__v~baseline,,48.0,0.3689656267134631,0.2880916398379823,0.08087398687548081,0.3468209176895267,0.3637277734109567,0.35665989662921554,0.35427996968460046,0.20833333333333337,0.15384615384615385,0.8965197869875426,0.4330484330484331,0.7835017120149994
selective_risk_under_alternative_fidelity,absolute_effect_rank_agreement,u_ps_rf,norman_k562,strong_linear,leave_environment_out,env__v~normanweissman2019%5Ffiltered__v~k562__v~rna__v~baseline,,48.0,0.37181402336321884,0.2880916398379823,0.08372238352523653,0.35279956247008126,0.3637277734109567,0.349143919784808,0.3510788638558295,0.20833333333333337,0.15384615384615385,0.9113186673301007,0.43874643874643876,0.7818047779611781
selective_risk_under_alternative_fidelity,absolute_effect_rank_agreement,u_psn_rf,norman_k562,strong_linear,leave_environment_out,env__v~normanweissman2019%5Ffiltered__v~k562__v~rna__v~baseline,,48.0,0.3707411219928451,0.2880916398379823,0.08264948215486279,0.33030236134295693,0.3637277734109567,0.35059434943191253,0.3496881528393038,0.20833333333333337,0.15384615384615385,0.8626299881524192,0.42165242165242167,0.7643223047329262
selective_risk_under_alternative_fidelity,absolute_effect_rank_agreement,ptl_rf,norman_k562,strong_linear,leave_environment_out,env__v~normanweissman2019%5Ffiltered__v~k562__v~rna__v~baseline,,48.0,0.3623719346522048,0.2880916398379823,0.07428029481422249,0.2561823121217596,0.3637277734109567,0.3614408027287673,0.3471918449462367,0.25,0.17948717948717952,0.7062817205998099,0.4188034188034188,0.7854360940969629
selective_risk_under_alternative_fidelity,delta_cosine,raw_normalized_uq,norman_k562,strong_linear,leave_predictor_out,,strong_linear,48.0,0.5276761772341022,0.19149514553356947,0.3361810317005327,0.2692539730716795,0.44806630041864876,0.5184106457457844,0.42566267598732793,0.20833333333333337,0.15384615384615385,0.7447100644048024,0.4487179487179488,0.7789957222859594
selective_risk_under_alternative_fidelity,delta_cosine,best_scalar_uq,norman_k562,strong_linear,leave_predictor_out,,strong_linear,48.0,0.5475399952425675,0.19149514553356947,0.35604484970899797,0.20224513586893425,0.44806630041864876,0.5139964424280843,0.4547296654416312,0.20833333333333337,0.17948717948717952,0.6898443433115794,0.43732193732193736,0.7803805943347082
selective_risk_under_alternative_fidelity,delta_cosine,u_only_rf,norman_k562,strong_linear,leave_predictor_out,,strong_linear,48.0,0.5382780141500818,0.19149514553356947,0.3467828686165123,0.29617696941411614,0.44806630041864876,0.5139964424280843,0.4303924783705907,0.20833333333333337,0.15384615384615385,0.8052650429143013,0.48433048433048437,0.7876628693714035
selective_risk_under_alternative_fidelity,delta_cosine,u_p_rf,norman_k562,strong_linear,leave_predictor_out,,strong_linear,48.0,0.41926637754393203,0.19149514553356947,0.22777123201036256,0.1988207233898339,0.44806630041864876,0.5139964424280844,0.4506185762217008,0.20833333333333337,0.17948717948717952,0.5830422680579009,0.5669515669515669,0.8780598932317384
selective_risk_under_alternative_fidelity,delta_cosine,u_ps_rf,norman_k562,strong_linear,leave_predictor_out,,strong_linear,48.0,0.41892191953728924,0.19149514553356947,0.22742677400371977,0.17758478708235645,0.44806630041864876,0.4976704221440172,0.4123278173365548,0.20833333333333337,0.15384615384615385,0.5398685225568413,0.5014245014245015,0.835314809669936
selective_risk_under_alternative_fidelity,delta_cosine,u_psn_rf,norman_k562,strong_linear,leave_predictor_out,,strong_linear,48.0,0.4102944606939123,0.19149514553356947,0.21879931516034282,0.17967561522388317,0.44806630041864876,0.48661907049547826,0.4338788061186901,0.20833333333333337,0.17948717948717952,0.5439145156869217,0.49857549857549854,0.8390108870333317
selective_risk_under_alternative_fidelity,delta_cosine,ptl_rf,norman_k562,strong_linear,leave_predictor_out,,strong_linear,48.0,0.36868970647974986,0.19149514553356947,0.17719456094618038,0.15786147464512126,0.44806630041864876,0.41286492114185963,0.43387880611869023,0.16666666666666663,0.17948717948717952,0.4943115669093617,0.5270655270655271,0.8612049333361326
selective_risk_under_alternative_fidelity,centered_delta_cosine,raw_normalized_uq,norman_k562,strong_linear,leave_predictor_out,,strong_linear,48.0,0.5369844512883996,0.20244467679874534,0.3345397744896542,0.2692539730716795,0.45585804412094477,0.5293417275166249,0.4349306606475562,0.20833333333333337,0.15384615384615385,0.7447100644048024,0.4487179487179488,0.7789957222859594
selective_risk_under_alternative_fidelity,centered_delta_cosine,best_scalar_uq,norman_k562,strong_linear,leave_predictor_out,,strong_linear,48.0,0.5567797304978119,0.20244467679874534,0.3543350536990666,0.20224513586893425,0.45585804412094477,0.5248329408497161,0.4636723575553193,0.20833333333333337,0.17948717948717952,0.6898443433115794,0.43732193732193736,0.7803805943347082
selective_risk_under_alternative_fidelity,centered_delta_cosine,u_only_rf,norman_k562,strong_linear,leave_predictor_out,,strong_linear,48.0,0.5457479781276219,0.20244467679874534,0.34330330132887654,0.29617696941411614,0.45585804412094477,0.5248329408497162,0.4388842181626542,0.20833333333333337,0.15384615384615385,0.8052650429143013,0.48433048433048437,0.7876628693714035
selective_risk_under_alternative_fidelity,centered_delta_cosine,u_p_rf,norman_k562,strong_linear,leave_predictor_out,,strong_linear,48.0,0.43188437067914004,0.20244467679874534,0.2294396938803947,0.1988207233898339,0.45585804412094477,0.5248329408497161,0.4598369653931557,0.20833333333333337,0.17948717948717952,0.5830422680579009,0.5669515669515669,0.8780598932317384
selective_risk_under_alternative_fidelity,centered_delta_cosine,u_ps_rf,norman_k562,strong_linear,leave_predictor_out,,strong_linear,48.0,0.4289507800767529,0.20244467679874534,0.22650610327800758,0.17758478708235645,0.45585804412094477,0.5078974272893902,0.42124151369959517,0.20833333333333337,0.15384615384615385,0.5398685225568413,0.5014245014245015,0.835314809669936
selective_risk_under_alternative_fidelity,centered_delta_cosine,u_psn_rf,norman_k562,strong_linear,leave_predictor_out,,strong_linear,48.0,0.42000203277918385,0.20244467679874534,0.21755735598043852,0.17967561522388317,0.45585804412094477,0.49613263171841915,0.44230950525250745,0.20833333333333337,0.17948717948717952,0.5439145156869217,0.49857549857549854,0.8390108870333317
selective_risk_under_alternative_fidelity,centered_delta_cosine,ptl_rf,norman_k562,strong_linear,leave_predictor_out,,strong_linear,48.0,0.37879313062727404,0.20244467679874534,0.1763484538285287,0.15786147464512126,0.45585804412094477,0.42230555156227284,0.4423095052525075,0.16666666666666663,0.17948717948717952,0.4943115669093617,0.5270655270655271,0.8612049333361326
selective_risk_under_alternative_fidelity,absolute_effect_rank_agreement,raw_normalized_uq,norman_k562,strong_linear,leave_predictor_out,,strong_linear,48.0,0.34730570067363953,0.2880916398379823,0.05921406083565722,0.2692539730716795,0.3637277734109567,0.35057751164027656,0.3421842756895434,0.20833333333333337,0.15384615384615385,0.7447100644048024,0.4487179487179488,0.7789957222859594
selective_risk_under_alternative_fidelity,absolute_effect_rank_agreement,best_scalar_uq,norman_k562,strong_linear,leave_predictor_out,,strong_linear,48.0,0.3502945113601416,0.2880916398379823,0.06220287152215931,0.20224513586893425,0.3637277734109567,0.3454437090904728,0.35347422160670394,0.20833333333333337,0.17948717948717952,0.6898443433115794,0.43732193732193736,0.7803805943347082
selective_risk_under_alternative_fidelity,absolute_effect_rank_agreement,u_only_rf,norman_k562,strong_linear,leave_predictor_out,,strong_linear,48.0,0.3584008462095736,0.2880916398379823,0.07030920637159127,0.29617696941411614,0.3637277734109567,0.3454437090904728,0.35090085557429446,0.20833333333333337,0.15384615384615385,0.8052650429143013,0.48433048433048437,0.7876628693714035
selective_risk_under_alternative_fidelity,absolute_effect_rank_agreement,u_p_rf,norman_k562,strong_linear,leave_predictor_out,,strong_linear,48.0,0.3492626889539178,0.2880916398379823,0.061171049115935516,0.1988207233898339,0.3637277734109567,0.3454437090904728,0.3535573927006956,0.20833333333333337,0.17948717948717952,0.5830422680579009,0.5669515669515669,0.8780598932317384
selective_risk_under_alternative_fidelity,absolute_effect_rank_agreement,u_ps_rf,norman_k562,strong_linear,leave_predictor_out,,strong_linear,48.0,0.32425820257240484,0.2880916398379823,0.036166562734422536,0.17758478708235645,0.3637277734109567,0.3347550799144036,0.34010629458384845,0.20833333333333337,0.15384615384615385,0.5398685225568413,0.5014245014245015,0.835314809669936
selective_risk_under_alternative_fidelity,absolute_effect_rank_agreement,u_psn_rf,norman_k562,strong_linear,leave_predictor_out,,strong_linear,48.0,0.32253450091075364,0.2880916398379823,0.034442861072771336,0.17967561522388317,0.3637277734109567,0.3351399169761052,0.34203538959607155,0.20833333333333337,0.17948717948717952,0.5439145156869217,0.49857549857549854,0.8390108870333317
selective_risk_under_alternative_fidelity,absolute_effect_rank_agreement,ptl_rf,norman_k562,strong_linear,leave_predictor_out,,strong_linear,48.0,0.31699117869217214,0.2880916398379823,0.028899538854189832,0.15786147464512126,0.3637277734109567,0.3209720826835029,0.34203538959607177,0.16666666666666663,0.17948717948717952,0.4943115669093617,0.5270655270655271,0.8612049333361326
selective_risk_under_alternative_fidelity,delta_cosine,raw_normalized_uq,replogle_rpe1,mean_matching,in_domain,,,33.0,0.8226922291341223,0.6598023990529962,0.16288983008112612,0.3032390549606364,0.824661741290452,0.8464500377344174,0.8302831808072149,0.6470588235294117,0.5925925925925926,0.8394664217936687,0.5,0.42424242424242425
selective_risk_under_alternative_fidelity,delta_cosine,best_scalar_uq,replogle_rpe1,mean_matching,in_domain,,,33.0,0.8226922291341223,0.6598023990529962,0.16288983008112612,0.37583255758130635,0.824661741290452,0.8464500377344174,0.8302831808072149,0.6470588235294117,0.5925925925925926,1.2195480528862563,0.5,0.42424242424242425
selective_risk_under_alternative_fidelity,delta_cosine,u_only_rf,replogle_rpe1,mean_matching,in_domain,,,33.0,0.8226922291341223,0.6598023990529962,0.16288983008112612,0.27383815351294166,0.824661741290452,0.8464500377344174,0.8302831808072149,0.6470588235294117,0.5925925925925926,0.7516780963071656,0.5,0.42424242424242425
selective_risk_under_alternative_fidelity,delta_cosine,u_p_rf,replogle_rpe1,mean_matching,in_domain,,,33.0,0.8226922291341223,0.6598023990529962,0.16288983008112612,0.2726451727668717,0.824661741290452,0.8464500377344174,0.8302831808072149,0.6470588235294117,0.5925925925925926,0.748530148553206,0.5,0.42424242424242425
selective_risk_under_alternative_fidelity,delta_cosine,u_ps_rf,replogle_rpe1,mean_matching,in_domain,,,33.0,0.8226922291341223,0.6598023990529962,0.16288983008112612,0.27153791670677624,0.824661741290452,0.8464500377344174,0.8302831808072149,0.6470588235294117,0.5925925925925926,0.7456338883807694,0.5,0.42424242424242425
selective_risk_under_alternative_fidelity,delta_cosine,u_psn_rf,replogle_rpe1,mean_matching,in_domain,,,33.0,0.8226922291341223,0.6598023990529962,0.16288983008112612,0.2700991979158622,0.824661741290452,0.8464500377344174,0.8302831808072149,0.6470588235294117,0.5925925925925926,0.7419068328749494,0.5,0.42424242424242425
selective_risk_under_alternative_fidelity,delta_cosine,ptl_rf,replogle_rpe1,mean_matching,in_domain,,,33.0,0.8226922291341223,0.6598023990529962,0.16288983008112612,0.2700828587119848,0.824661741290452,0.8464500377344174,0.8302831808072149,0.6470588235294117,0.5925925925925926,0.7418647387434749,0.5,0.42424242424242425
selective_risk_under_alternative_fidelity,centered_delta_cosine,raw_normalized_uq,replogle_rpe1,mean_matching,in_domain,,,33.0,0.8208029991428959,0.6564147394673051,0.1643882596755908,0.3032390549606364,0.823195206740444,0.8450352736520015,0.8288336467794216,0.6470588235294117,0.5925925925925926,0.8394664217936687,0.5,0.42424242424242425
selective_risk_under_alternative_fidelity,centered_delta_cosine,best_scalar_uq,replogle_rpe1,mean_matching,in_domain,,,33.0,0.8208029991428959,0.6564147394673051,0.1643882596755908,0.37583255758130635,0.823195206740444,0.8450352736520015,0.8288336467794216,0.6470588235294117,0.5925925925925926,1.2195480528862563,0.5,0.42424242424242425
selective_risk_under_alternative_fidelity,centered_delta_cosine,u_only_rf,replogle_rpe1,mean_matching,in_domain,,,33.0,0.8208029991428959,0.6564147394673051,0.1643882596755908,0.27383815351294166,0.823195206740444,0.8450352736520015,0.8288336467794216,0.6470588235294117,0.5925925925925926,0.7516780963071656,0.5,0.42424242424242425
selective_risk_under_alternative_fidelity,centered_delta_cosine,u_p_rf,replogle_rpe1,mean_matching,in_domain,,,33.0,0.8208029991428959,0.6564147394673051,0.1643882596755908,0.2726451727668717,0.823195206740444,0.8450352736520015,0.8288336467794216,0.6470588235294117,0.5925925925925926,0.748530148553206,0.5,0.42424242424242425
selective_risk_under_alternative_fidelity,centered_delta_cosine,u_ps_rf,replogle_rpe1,mean_matching,in_domain,,,33.0,0.8208029991428959,0.6564147394673051,0.1643882596755908,0.27153791670677624,0.823195206740444,0.8450352736520015,0.8288336467794216,0.6470588235294117,0.5925925925925926,0.7456338883807694,0.5,0.42424242424242425
selective_risk_under_alternative_fidelity,centered_delta_cosine,u_psn_rf,replogle_rpe1,mean_matching,in_domain,,,33.0,0.8208029991428959,0.6564147394673051,0.1643882596755908,0.2700991979158622,0.823195206740444,0.8450352736520015,0.8288336467794216,0.6470588235294117,0.5925925925925926,0.7419068328749494,0.5,0.42424242424242425
selective_risk_under_alternative_fidelity,centered_delta_cosine,ptl_rf,replogle_rpe1,mean_matching,in_domain,,,33.0,0.8208029991428959,0.6564147394673051,0.1643882596755908,0.2700828587119848,0.823195206740444,0.8450352736520015,0.8288336467794216,0.6470588235294117,0.5925925925925926,0.7418647387434749,0.5,0.42424242424242425
selective_risk_under_alternative_fidelity,absolute_effect_rank_agreement,raw_normalized_uq,replogle_rpe1,mean_matching,in_domain,,,33.0,0.7849887964189923,0.7273158760917496,0.057672920327242694,0.3032390549606364,0.7862175877334218,0.7886102849914243,0.789253026040307,0.6470588235294117,0.5925925925925926,0.8394664217936687,0.5,0.42424242424242425
selective_risk_under_alternative_fidelity,absolute_effect_rank_agreement,best_scalar_uq,replogle_rpe1,mean_matching,in_domain,,,33.0,0.7849887964189923,0.7273158760917496,0.057672920327242694,0.37583255758130635,0.7862175877334218,0.7886102849914243,0.789253026040307,0.6470588235294117,0.5925925925925926,1.2195480528862563,0.5,0.42424242424242425
selective_risk_under_alternative_fidelity,absolute_effect_rank_agreement,u_only_rf,replogle_rpe1,mean_matching,in_domain,,,33.0,0.7849887964189923,0.7273158760917496,0.057672920327242694,0.27383815351294166,0.7862175877334218,0.7886102849914243,0.789253026040307,0.6470588235294117,0.5925925925925926,0.7516780963071656,0.5,0.42424242424242425
selective_risk_under_alternative_fidelity,absolute_effect_rank_agreement,u_p_rf,replogle_rpe1,mean_matching,in_domain,,,33.0,0.7849887964189923,0.7273158760917496,0.057672920327242694,0.2726451727668717,0.7862175877334218,0.7886102849914243,0.789253026040307,0.6470588235294117,0.5925925925925926,0.748530148553206,0.5,0.42424242424242425
selective_risk_under_alternative_fidelity,absolute_effect_rank_agreement,u_ps_rf,replogle_rpe1,mean_matching,in_domain,,,33.0,0.7849887964189923,0.7273158760917496,0.057672920327242694,0.27153791670677624,0.7862175877334218,0.7886102849914243,0.789253026040307,0.6470588235294117,0.5925925925925926,0.7456338883807694,0.5,0.42424242424242425
selective_risk_under_alternative_fidelity,absolute_effect_rank_agreement,u_psn_rf,replogle_rpe1,mean_matching,in_domain,,,33.0,0.7849887964189923,0.7273158760917496,0.057672920327242694,0.2700991979158622,0.7862175877334218,0.7886102849914243,0.789253026040307,0.6470588235294117,0.5925925925925926,0.7419068328749494,0.5,0.42424242424242425
selective_risk_under_alternative_fidelity,absolute_effect_rank_agreement,ptl_rf,replogle_rpe1,mean_matching,in_domain,,,33.0,0.7849887964189923,0.7273158760917496,0.057672920327242694,0.2700828587119848,0.7862175877334218,0.7886102849914243,0.789253026040307,0.6470588235294117,0.5925925925925926,0.7418647387434749,0.5,0.42424242424242425
selective_risk_under_alternative_fidelity,delta_cosine,raw_normalized_uq,replogle_rpe1,mean_matching,leave_environment_out,env__v~replogleweissman2022%5Frpe1__v~rpe1__v~rna__v~baseline,,33.0,0.8226922291341223,0.6598023990529962,0.16288983008112612,0.32259149218829836,0.824661741290452,0.8464500377344174,0.8302831808072149,0.6470588235294117,0.5925925925925926,0.9108476818784568,0.5,0.42424242424242425
selective_risk_under_alternative_fidelity,delta_cosine,best_scalar_uq,replogle_rpe1,mean_matching,leave_environment_out,env__v~replogleweissman2022%5Frpe1__v~rpe1__v~rna__v~baseline,,33.0,0.8226922291341223,0.6598023990529962,0.16288983008112612,0.41539114112760217,0.824661741290452,0.8464500377344174,0.8302831808072149,0.6470588235294117,0.5925925925925926,1.9365708818371254,0.5,0.42424242424242425
selective_risk_under_alternative_fidelity,delta_cosine,u_only_rf,replogle_rpe1,mean_matching,leave_environment_out,env__v~replogleweissman2022%5Frpe1__v~rpe1__v~rna__v~baseline,,33.0,0.8226922291341223,0.6598023990529962,0.16288983008112612,0.2509922243229723,0.824661741290452,0.8464500377344174,0.8302831808072149,0.6470588235294117,0.5925925925925926,0.6951317359090228,0.5,0.42424242424242425
selective_risk_under_alternative_fidelity,delta_cosine,u_p_rf,replogle_rpe1,mean_matching,leave_environment_out,env__v~replogleweissman2022%5Frpe1__v~rpe1__v~rna__v~baseline,,33.0,0.8226922291341223,0.6598023990529962,0.16288983008112612,0.27432435195985516,0.824661741290452,0.8464500377344174,0.8302831808072149,0.6470588235294117,0.5925925925925926,0.7425536564637322,0.5,0.42424242424242425
selective_risk_under_alternative_fidelity,delta_cosine,u_ps_rf,replogle_rpe1,mean_matching,leave_environment_out,env__v~replogleweissman2022%5Frpe1__v~rpe1__v~rna__v~baseline,,33.0,0.8226922291341223,0.6598023990529962,0.16288983008112612,0.2556718483772516,0.824661741290452,0.8464500377344174,0.8302831808072149,0.6470588235294117,0.5925925925925926,0.7045067528348635,0.5,0.42424242424242425
selective_risk_under_alternative_fidelity,delta_cosine,u_psn_rf,replogle_rpe1,mean_matching,leave_environment_out,env__v~replogleweissman2022%5Frpe1__v~rpe1__v~rna__v~baseline,,33.0,0.8226922291341223,0.6598023990529962,0.16288983008112612,0.24721004906108135,0.824661741290452,0.8464500377344174,0.8302831808072149,0.6470588235294117,0.5925925925925926,0.6875641343386265,0.5,0.42424242424242425
selective_risk_under_alternative_fidelity,delta_cosine,ptl_rf,replogle_rpe1,mean_matching,leave_environment_out,env__v~replogleweissman2022%5Frpe1__v~rpe1__v~rna__v~baseline,,33.0,0.8226922291341223,0.6598023990529962,0.16288983008112612,0.2978873770132245,0.824661741290452,0.8464500377344174,0.8302831808072149,0.6470588235294117,0.5925925925925926,0.793068740738648,0.5,0.42424242424242425
selective_risk_under_alternative_fidelity,centered_delta_cosine,raw_normalized_uq,replogle_rpe1,mean_matching,leave_environment_out,env__v~replogleweissman2022%5Frpe1__v~rpe1__v~rna__v~baseline,,33.0,0.8208029991428959,0.6564147394673051,0.1643882596755908,0.32259149218829836,0.823195206740444,0.8450352736520015,0.8288336467794216,0.6470588235294117,0.5925925925925926,0.9108476818784568,0.5,0.42424242424242425
selective_risk_under_alternative_fidelity,centered_delta_cosine,best_scalar_uq,replogle_rpe1,mean_matching,leave_environment_out,env__v~replogleweissman2022%5Frpe1__v~rpe1__v~rna__v~baseline,,33.0,0.8208029991428959,0.6564147394673051,0.1643882596755908,0.41539114112760217,0.823195206740444,0.8450352736520015,0.8288336467794216,0.6470588235294117,0.5925925925925926,1.9365708818371254,0.5,0.42424242424242425
selective_risk_under_alternative_fidelity,centered_delta_cosine,u_only_rf,replogle_rpe1,mean_matching,leave_environment_out,env__v~replogleweissman2022%5Frpe1__v~rpe1__v~rna__v~baseline,,33.0,0.8208029991428959,0.6564147394673051,0.1643882596755908,0.2509922243229723,0.823195206740444,0.8450352736520015,0.8288336467794216,0.6470588235294117,0.5925925925925926,0.6951317359090228,0.5,0.42424242424242425
selective_risk_under_alternative_fidelity,centered_delta_cosine,u_p_rf,replogle_rpe1,mean_matching,leave_environment_out,env__v~replogleweissman2022%5Frpe1__v~rpe1__v~rna__v~baseline,,33.0,0.8208029991428959,0.6564147394673051,0.1643882596755908,0.27432435195985516,0.823195206740444,0.8450352736520015,0.8288336467794216,0.6470588235294117,0.5925925925925926,0.7425536564637322,0.5,0.42424242424242425
selective_risk_under_alternative_fidelity,centered_delta_cosine,u_ps_rf,replogle_rpe1,mean_matching,leave_environment_out,env__v~replogleweissman2022%5Frpe1__v~rpe1__v~rna__v~baseline,,33.0,0.8208029991428959,0.6564147394673051,0.1643882596755908,0.2556718483772516,0.823195206740444,0.8450352736520015,0.8288336467794216,0.6470588235294117,0.5925925925925926,0.7045067528348635,0.5,0.42424242424242425
selective_risk_under_alternative_fidelity,centered_delta_cosine,u_psn_rf,replogle_rpe1,mean_matching,leave_environment_out,env__v~replogleweissman2022%5Frpe1__v~rpe1__v~rna__v~baseline,,33.0,0.8208029991428959,0.6564147394673051,0.1643882596755908,0.24721004906108135,0.823195206740444,0.8450352736520015,0.8288336467794216,0.6470588235294117,0.5925925925925926,0.6875641343386265,0.5,0.42424242424242425
selective_risk_under_alternative_fidelity,centered_delta_cosine,ptl_rf,replogle_rpe1,mean_matching,leave_environment_out,env__v~replogleweissman2022%5Frpe1__v~rpe1__v~rna__v~baseline,,33.0,0.8208029991428959,0.6564147394673051,0.1643882596755908,0.2978873770132245,0.823195206740444,0.8450352736520015,0.8288336467794216,0.6470588235294117,0.5925925925925926,0.793068740738648,0.5,0.42424242424242425
selective_risk_under_alternative_fidelity,absolute_effect_rank_agreement,raw_normalized_uq,replogle_rpe1,mean_matching,leave_environment_out,env__v~replogleweissman2022%5Frpe1__v~rpe1__v~rna__v~baseline,,33.0,0.7849887964189923,0.7273158760917496,0.057672920327242694,0.32259149218829836,0.7862175877334218,0.7886102849914243,0.789253026040307,0.6470588235294117,0.5925925925925926,0.9108476818784568,0.5,0.42424242424242425
selective_risk_under_alternative_fidelity,absolute_effect_rank_agreement,best_scalar_uq,replogle_rpe1,mean_matching,leave_environment_out,env__v~replogleweissman2022%5Frpe1__v~rpe1__v~rna__v~baseline,,33.0,0.7849887964189923,0.7273158760917496,0.057672920327242694,0.41539114112760217,0.7862175877334218,0.7886102849914243,0.789253026040307,0.6470588235294117,0.5925925925925926,1.9365708818371254,0.5,0.42424242424242425
selective_risk_under_alternative_fidelity,absolute_effect_rank_agreement,u_only_rf,replogle_rpe1,mean_matching,leave_environment_out,env__v~replogleweissman2022%5Frpe1__v~rpe1__v~rna__v~baseline,,33.0,0.7849887964189923,0.7273158760917496,0.057672920327242694,0.2509922243229723,0.7862175877334218,0.7886102849914243,0.789253026040307,0.6470588235294117,0.5925925925925926,0.6951317359090228,0.5,0.42424242424242425
selective_risk_under_alternative_fidelity,absolute_effect_rank_agreement,u_p_rf,replogle_rpe1,mean_matching,leave_environment_out,env__v~replogleweissman2022%5Frpe1__v~rpe1__v~rna__v~baseline,,33.0,0.7849887964189923,0.7273158760917496,0.057672920327242694,0.27432435195985516,0.7862175877334218,0.7886102849914243,0.789253026040307,0.6470588235294117,0.5925925925925926,0.7425536564637322,0.5,0.42424242424242425
selective_risk_under_alternative_fidelity,absolute_effect_rank_agreement,u_ps_rf,replogle_rpe1,mean_matching,leave_environment_out,env__v~replogleweissman2022%5Frpe1__v~rpe1__v~rna__v~baseline,,33.0,0.7849887964189923,0.7273158760917496,0.057672920327242694,0.2556718483772516,0.7862175877334218,0.7886102849914243,0.789253026040307,0.6470588235294117,0.5925925925925926,0.7045067528348635,0.5,0.42424242424242425
selective_risk_under_alternative_fidelity,absolute_effect_rank_agreement,u_psn_rf,replogle_rpe1,mean_matching,leave_environment_out,env__v~replogleweissman2022%5Frpe1__v~rpe1__v~rna__v~baseline,,33.0,0.7849887964189923,0.7273158760917496,0.057672920327242694,0.24721004906108135,0.7862175877334218,0.7886102849914243,0.789253026040307,0.6470588235294117,0.5925925925925926,0.6875641343386265,0.5,0.42424242424242425
selective_risk_under_alternative_fidelity,absolute_effect_rank_agreement,ptl_rf,replogle_rpe1,mean_matching,leave_environment_out,env__v~replogleweissman2022%5Frpe1__v~rpe1__v~rna__v~baseline,,33.0,0.7849887964189923,0.7273158760917496,0.057672920327242694,0.2978873770132245,0.7862175877334218,0.7886102849914243,0.789253026040307,0.6470588235294117,0.5925925925925926,0.793068740738648,0.5,0.42424242424242425
selective_risk_under_alternative_fidelity,delta_cosine,raw_normalized_uq,replogle_rpe1,mean_matching,leave_predictor_out,,mean_matching,33.0,0.8226922291341223,0.6598023990529962,0.16288983008112612,0.28315205312687625,0.824661741290452,0.8464500377344174,0.8302831808072149,0.6470588235294117,0.5925925925925926,0.761107976447259,0.5,0.42424242424242425
selective_risk_under_alternative_fidelity,delta_cosine,best_scalar_uq,replogle_rpe1,mean_matching,leave_predictor_out,,mean_matching,33.0,0.8226922291341223,0.6598023990529962,0.16288983008112612,0.2450695643756576,0.824661741290452,0.8464500377344174,0.8302831808072149,0.6470588235294117,0.5925925925925926,0.6832634441455585,0.5,0.42424242424242425
selective_risk_under_alternative_fidelity,delta_cosine,u_only_rf,replogle_rpe1,mean_matching,leave_predictor_out,,mean_matching,33.0,0.8226922291341223,0.6598023990529962,0.16288983008112612,0.3273566647131449,0.824661741290452,0.8464500377344174,0.8302831808072149,0.6470588235294117,0.5925925925925926,0.861516623845893,0.5,0.42424242424242425
selective_risk_under_alternative_fidelity,delta_cosine,u_p_rf,replogle_rpe1,mean_matching,leave_predictor_out,,mean_matching,33.0,0.8226922291341223,0.6598023990529962,0.16288983008112612,0.2975506625184625,0.824661741290452,0.8464500377344174,0.8302831808072149,0.6470588235294117,0.5925925925925926,0.7923232509095895,0.5,0.42424242424242425
selective_risk_under_alternative_fidelity,delta_cosine,u_ps_rf,replogle_rpe1,mean_matching,leave_predictor_out,,mean_matching,33.0,0.8226922291341223,0.6598023990529962,0.16288983008112612,0.29297481833771727,0.824661741290452,0.8464500377344174,0.8302831808072149,0.6470588235294117,0.5925925925925926,0.7822651318944186,0.5,0.42424242424242425
selective_risk_under_alternative_fidelity,delta_cosine,u_psn_rf,replogle_rpe1,mean_matching,leave_predictor_out,,mean_matching,33.0,0.8226922291341223,0.6598023990529962,0.16288983008112612,0.28116481081483846,0.824661741290452,0.8464500377344174,0.8302831808072149,0.6470588235294117,0.5925925925925926,0.7568951774297977,0.5,0.42424242424242425
selective_risk_under_alternative_fidelity,delta_cosine,ptl_rf,replogle_rpe1,mean_matching,leave_predictor_out,,mean_matching,33.0,0.8226922291341223,0.6598023990529962,0.16288983008112612,0.3520389018347478,0.824661741290452,0.8464500377344174,0.8302831808072149,0.6470588235294117,0.5925925925925926,0.9246585118165497,0.5,0.42424242424242425
selective_risk_under_alternative_fidelity,centered_delta_cosine,raw_normalized_uq,replogle_rpe1,mean_matching,leave_predictor_out,,mean_matching,33.0,0.8208029991428959,0.6564147394673051,0.1643882596755908,0.28315205312687625,0.823195206740444,0.8450352736520015,0.8288336467794216,0.6470588235294117,0.5925925925925926,0.761107976447259,0.5,0.42424242424242425
selective_risk_under_alternative_fidelity,centered_delta_cosine,best_scalar_uq,replogle_rpe1,mean_matching,leave_predictor_out,,mean_matching,33.0,0.8208029991428959,0.6564147394673051,0.1643882596755908,0.2450695643756576,0.823195206740444,0.8450352736520015,0.8288336467794216,0.6470588235294117,0.5925925925925926,0.6832634441455585,0.5,0.42424242424242425
selective_risk_under_alternative_fidelity,centered_delta_cosine,u_only_rf,replogle_rpe1,mean_matching,leave_predictor_out,,mean_matching,33.0,0.8208029991428959,0.6564147394673051,0.1643882596755908,0.3273566647131449,0.823195206740444,0.8450352736520015,0.8288336467794216,0.6470588235294117,0.5925925925925926,0.861516623845893,0.5,0.42424242424242425
selective_risk_under_alternative_fidelity,centered_delta_cosine,u_p_rf,replogle_rpe1,mean_matching,leave_predictor_out,,mean_matching,33.0,0.8208029991428959,0.6564147394673051,0.1643882596755908,0.2975506625184625,0.823195206740444,0.8450352736520015,0.8288336467794216,0.6470588235294117,0.5925925925925926,0.7923232509095895,0.5,0.42424242424242425
selective_risk_under_alternative_fidelity,centered_delta_cosine,u_ps_rf,replogle_rpe1,mean_matching,leave_predictor_out,,mean_matching,33.0,0.8208029991428959,0.6564147394673051,0.1643882596755908,0.29297481833771727,0.823195206740444,0.8450352736520015,0.8288336467794216,0.6470588235294117,0.5925925925925926,0.7822651318944186,0.5,0.42424242424242425
selective_risk_under_alternative_fidelity,centered_delta_cosine,u_psn_rf,replogle_rpe1,mean_matching,leave_predictor_out,,mean_matching,33.0,0.8208029991428959,0.6564147394673051,0.1643882596755908,0.28116481081483846,0.823195206740444,0.8450352736520015,0.8288336467794216,0.6470588235294117,0.5925925925925926,0.7568951774297977,0.5,0.42424242424242425
selective_risk_under_alternative_fidelity,centered_delta_cosine,ptl_rf,replogle_rpe1,mean_matching,leave_predictor_out,,mean_matching,33.0,0.8208029991428959,0.6564147394673051,0.1643882596755908,0.3520389018347478,0.823195206740444,0.8450352736520015,0.8288336467794216,0.6470588235294117,0.5925925925925926,0.9246585118165497,0.5,0.42424242424242425
selective_risk_under_alternative_fidelity,absolute_effect_rank_agreement,raw_normalized_uq,replogle_rpe1,mean_matching,leave_predictor_out,,mean_matching,33.0,0.7849887964189923,0.7273158760917496,0.057672920327242694,0.28315205312687625,0.7862175877334218,0.7886102849914243,0.789253026040307,0.6470588235294117,0.5925925925925926,0.761107976447259,0.5,0.42424242424242425
selective_risk_under_alternative_fidelity,absolute_effect_rank_agreement,best_scalar_uq,replogle_rpe1,mean_matching,leave_predictor_out,,mean_matching,33.0,0.7849887964189923,0.7273158760917496,0.057672920327242694,0.2450695643756576,0.7862175877334218,0.7886102849914243,0.789253026040307,0.6470588235294117,0.5925925925925926,0.6832634441455585,0.5,0.42424242424242425
selective_risk_under_alternative_fidelity,absolute_effect_rank_agreement,u_only_rf,replogle_rpe1,mean_matching,leave_predictor_out,,mean_matching,33.0,0.7849887964189923,0.7273158760917496,0.057672920327242694,0.3273566647131449,0.7862175877334218,0.7886102849914243,0.789253026040307,0.6470588235294117,0.5925925925925926,0.861516623845893,0.5,0.42424242424242425
selective_risk_under_alternative_fidelity,absolute_effect_rank_agreement,u_p_rf,replogle_rpe1,mean_matching,leave_predictor_out,,mean_matching,33.0,0.7849887964189923,0.7273158760917496,0.057672920327242694,0.2975506625184625,0.7862175877334218,0.7886102849914243,0.789253026040307,0.6470588235294117,0.5925925925925926,0.7923232509095895,0.5,0.42424242424242425
selective_risk_under_alternative_fidelity,absolute_effect_rank_agreement,u_ps_rf,replogle_rpe1,mean_matching,leave_predictor_out,,mean_matching,33.0,0.7849887964189923,0.7273158760917496,0.057672920327242694,0.29297481833771727,0.7862175877334218,0.7886102849914243,0.789253026040307,0.6470588235294117,0.5925925925925926,0.7822651318944186,0.5,0.42424242424242425
selective_risk_under_alternative_fidelity,absolute_effect_rank_agreement,u_psn_rf,replogle_rpe1,mean_matching,leave_predictor_out,,mean_matching,33.0,0.7849887964189923,0.7273158760917496,0.057672920327242694,0.28116481081483846,0.7862175877334218,0.7886102849914243,0.789253026040307,0.6470588235294117,0.5925925925925926,0.7568951774297977,0.5,0.42424242424242425
selective_risk_under_alternative_fidelity,absolute_effect_rank_agreement,ptl_rf,replogle_rpe1,mean_matching,leave_predictor_out,,mean_matching,33.0,0.7849887964189923,0.7273158760917496,0.057672920327242694,0.3520389018347478,0.7862175877334218,0.7886102849914243,0.789253026040307,0.6470588235294117,0.5925925925925926,0.9246585118165497,0.5,0.42424242424242425
selective_risk_under_alternative_fidelity,delta_cosine,raw_normalized_uq,replogle_rpe1,slim_string,in_domain,,,33.0,0.8672514588603125,0.7200793997845434,0.14717205907576913,0.1920566007978561,0.9075958093704699,0.8467001535289521,0.8916470279879439,0.7647058823529411,0.7777777777777778,0.6954137735106247,0.5521978021978021,0.2595990965556183
selective_risk_under_alternative_fidelity,delta_cosine,best_scalar_uq,replogle_rpe1,slim_string,in_domain,,,33.0,0.8361277911165571,0.7200793997845434,0.11604839133201372,0.20625474761748386,0.9075958093704699,0.8306095017907936,0.885565193917999,0.7058823529411764,0.7777777777777778,0.629955555713189,0.5659340659340659,0.3645686391267382
selective_risk_under_alternative_fidelity,delta_cosine,u_only_rf,replogle_rpe1,slim_string,in_domain,,,33.0,0.86023472317692,0.7200793997845434,0.14015532339237657,0.1894747430864252,0.9075958093704699,0.9166666242628,0.9096528748484659,0.8235294117647058,0.7777777777777778,0.5621846687773465,0.5714285714285714,0.3470564005176398
selective_risk_under_alternative_fidelity,delta_cosine,u_p_rf,replogle_rpe1,slim_string,in_domain,,,33.0,0.8556435283175707,0.7200793997845434,0.13556412853302735,0.17104981296258875,0.9075958093704699,0.9038798008702085,0.9334748237430236,0.8235294117647058,0.8148148148148149,0.5495710478723079,0.5274725274725275,0.4535754971845197
selective_risk_under_alternative_fidelity,delta_cosine,u_ps_rf,replogle_rpe1,slim_string,in_domain,,,33.0,0.8310316779104827,0.7200793997845434,0.11095227812593933,0.17123637829106572,0.9075958093704699,0.8731275301419221,0.9147973790129825,0.7647058823529411,0.8148148148148149,0.5394769505621523,0.5494505494505495,0.45769746977831643
selective_risk_under_alternative_fidelity,delta_cosine,u_psn_rf,replogle_rpe1,slim_string,in_domain,,,33.0,0.8292136967716789,0.7200793997845434,0.1091342969871355,0.17179950202811994,0.9075958093704699,0.8742864167840098,0.910663795560425,0.7647058823529411,0.8148148148148149,0.5404819793518196,0.5384615384615384,0.45867862849723934
selective_risk_under_alternative_fidelity,delta_cosine,ptl_rf,replogle_rpe1,slim_string,in_domain,,,33.0,0.8615795819030062,0.7200793997845434,0.14150018211846283,0.1700836596180977,0.9075958093704699,0.8766026515857088,0.9054110299846092,0.8235294117647058,0.7777777777777778,0.5302260651793401,0.5274725274725275,0.28809165299848527
selective_risk_under_alternative_fidelity,centered_delta_cosine,raw_normalized_uq,replogle_rpe1,slim_string,in_domain,,,33.0,0.8670838788289709,0.7180172384741865,0.14906664035478434,0.1920566007978561,0.9074758280469888,0.8461790937695326,0.8915093288474046,0.7647058823529411,0.7777777777777778,0.6954137735106247,0.5521978021978021,0.2595990965556183
selective_risk_under_alternative_fidelity,centered_delta_cosine,best_scalar_uq,replogle_rpe1,slim_string,in_domain,,,33.0,0.8348353614550461,0.7180172384741865,0.11681812298085958,0.20625474761748386,0.9074758280469888,0.8300761668598214,0.8856887355433867,0.7058823529411764,0.7777777777777778,0.629955555713189,0.5659340659340659,0.3645686391267382
selective_risk_under_alternative_fidelity,centered_delta_cosine,u_only_rf,replogle_rpe1,slim_string,in_domain,,,33.0,0.8595434511635393,0.7180172384741865,0.14152621268935273,0.1894747430864252,0.9074758280469888,0.9164161026757945,0.9094262471752288,0.8235294117647058,0.7777777777777778,0.5621846687773465,0.5714285714285714,0.3470564005176398
selective_risk_under_alternative_fidelity,centered_delta_cosine,u_p_rf,replogle_rpe1,slim_string,in_domain,,,33.0,0.8541845775996304,0.7180172384741865,0.13616733912544388,0.17104981296258875,0.9074758280469888,0.9026082238024651,0.9336182655828196,0.8235294117647058,0.8148148148148149,0.5495710478723079,0.5274725274725275,0.4535754971845197
selective_risk_under_alternative_fidelity,centered_delta_cosine,u_ps_rf,replogle_rpe1,slim_string,in_domain,,,33.0,0.8297176362754096,0.7180172384741865,0.1117003978012231,0.17123637829106572,0.9074758280469888,0.87210027415778,0.9149110304536561,0.7647058823529411,0.8148148148148149,0.5394769505621523,0.5494505494505495,0.45769746977831643
selective_risk_under_alternative_fidelity,centered_delta_cosine,u_psn_rf,replogle_rpe1,slim_string,in_domain,,,33.0,0.8278323186315472,0.7180172384741865,0.10981508015736063,0.17179950202811994,0.9074758280469888,0.8731947715108067,0.910695048100204,0.7647058823529411,0.8148148148148149,0.5404819793518196,0.5384615384615384,0.45867862849723934
selective_risk_under_alternative_fidelity,centered_delta_cosine,ptl_rf,replogle_rpe1,slim_string,in_domain,,,33.0,0.8612015369871037,0.7180172384741865,0.14318429851291714,0.1700836596180977,0.9074758280469888,0.875764069294191,0.9051581413076063,0.8235294117647058,0.7777777777777778,0.5302260651793401,0.5274725274725275,0.28809165299848527
selective_risk_under_alternative_fidelity,absolute_effect_rank_agreement,raw_normalized_uq,replogle_rpe1,slim_string,in_domain,,,33.0,0.823976407299528,0.7769007148576526,0.04707569244187548,0.1920566007978561,0.8273585241269342,0.8219181560170137,0.8264969882835213,0.7647058823529411,0.7777777777777778,0.6954137735106247,0.5521978021978021,0.2595990965556183
selective_risk_under_alternative_fidelity,absolute_effect_rank_agreement,best_scalar_uq,replogle_rpe1,slim_string,in_domain,,,33.0,0.8047412385727235,0.7769007148576526,0.027840523715070953,0.20625474761748386,0.8273585241269342,0.8118515505901556,0.8241094300103611,0.7058823529411764,0.7777777777777778,0.629955555713189,0.5659340659340659,0.3645686391267382
selective_risk_under_alternative_fidelity,absolute_effect_rank_agreement,u_only_rf,replogle_rpe1,slim_string,in_domain,,,33.0,0.8142078637390381,0.7769007148576526,0.03730714888138553,0.1894747430864252,0.8273585241269342,0.8186694396173223,0.8206315404949721,0.8235294117647058,0.7777777777777778,0.5621846687773465,0.5714285714285714,0.3470564005176398
selective_risk_under_alternative_fidelity,absolute_effect_rank_agreement,u_p_rf,replogle_rpe1,slim_string,in_domain,,,33.0,0.8090171232503387,0.7769007148576526,0.03211640839268615,0.17104981296258875,0.8273585241269342,0.8250723489742374,0.8294713141356488,0.8235294117647058,0.8148148148148149,0.5495710478723079,0.5274725274725275,0.4535754971845197
selective_risk_under_alternative_fidelity,absolute_effect_rank_agreement,u_ps_rf,replogle_rpe1,slim_string,in_domain,,,33.0,0.8078403671606125,0.7769007148576526,0.03093965230295992,0.17123637829106572,0.8273585241269342,0.8247473288274932,0.8296621265696288,0.7647058823529411,0.8148148148148149,0.5394769505621523,0.5494505494505495,0.45769746977831643
selective_risk_under_alternative_fidelity,absolute_effect_rank_agreement,u_psn_rf,replogle_rpe1,slim_string,in_domain,,,33.0,0.807881771103467,0.7769007148576526,0.030981056245814487,0.17179950202811994,0.8273585241269342,0.8265256287708047,0.8290789859543795,0.7647058823529411,0.8148148148148149,0.5404819793518196,0.5384615384615384,0.45867862849723934
selective_risk_under_alternative_fidelity,absolute_effect_rank_agreement,ptl_rf,replogle_rpe1,slim_string,in_domain,,,33.0,0.8217146364170437,0.7769007148576526,0.04481392155939112,0.1700836596180977,0.8273585241269342,0.82902406005015,0.8281572256973448,0.8235294117647058,0.7777777777777778,0.5302260651793401,0.5274725274725275,0.28809165299848527
selective_risk_under_alternative_fidelity,delta_cosine,raw_normalized_uq,replogle_rpe1,slim_string,leave_environment_out,env__v~replogleweissman2022%5Frpe1__v~rpe1__v~rna__v~baseline,,33.0,0.8661852933025334,0.7200793997845434,0.14610589351798997,0.21011042782516698,0.9075958093704699,0.8467001535289523,0.8821030380933956,0.7647058823529411,0.7407407407407407,1.2766344085796224,0.5302197802197801,0.22718947718947718
selective_risk_under_alternative_fidelity,delta_cosine,best_scalar_uq,replogle_rpe1,slim_string,leave_environment_out,env__v~replogleweissman2022%5Frpe1__v~rpe1__v~rna__v~baseline,,33.0,0.8361277911165571,0.7200793997845434,0.11604839133201372,0.20166453265044815,0.9075958093704699,0.8306095017907936,0.885565193917999,0.7058823529411764,0.7777777777777778,0.6604838270193181,0.5659340659340659,0.3645686391267382
selective_risk_under_alternative_fidelity,delta_cosine,u_only_rf,replogle_rpe1,slim_string,leave_environment_out,env__v~replogleweissman2022%5Frpe1__v~rpe1__v~rna__v~baseline,,33.0,0.9592672042536334,0.7200793997845434,0.23918780446909005,0.32566090401040226,0.9075958093704699,0.9452611160496183,0.9164016278703921,0.7647058823529411,0.7777777777777778,0.8673399169254892,0.5054945054945055,0.23296703296703297
selective_risk_under_alternative_fidelity,delta_cosine,u_p_rf,replogle_rpe1,slim_string,leave_environment_out,env__v~replogleweissman2022%5Frpe1__v~rpe1__v~rna__v~baseline,,33.0,0.9106567171783138,0.7200793997845434,0.19057731739377037,0.16581465422395808,0.9075958093704699,0.9273053002835008,0.912581010407842,0.7647058823529411,0.7777777777777778,0.5175953523872064,0.5934065934065934,0.40649350649350646
selective_risk_under_alternative_fidelity,delta_cosine,u_ps_rf,replogle_rpe1,slim_string,leave_environment_out,env__v~replogleweissman2022%5Frpe1__v~rpe1__v~rna__v~baseline,,33.0,0.9142243297589111,0.7200793997845434,0.19414492997436772,0.166439143377304,0.9075958093704699,0.9214676575690717,0.9046991271533982,0.7647058823529411,0.7777777777777778,0.5201434785247678,0.5769230769230769,0.39253071489913594
selective_risk_under_alternative_fidelity,delta_cosine,u_psn_rf,replogle_rpe1,slim_string,leave_environment_out,env__v~replogleweissman2022%5Frpe1__v~rpe1__v~rna__v~baseline,,33.0,0.9146937564724317,0.7200793997845434,0.1946143566878883,0.16603014066302688,0.9075958093704699,0.9331764587615131,0.9117658045473975,0.7647058823529411,0.8148148148148149,0.5166010918741301,0.5714285714285715,0.3995911113991876
selective_risk_under_alternative_fidelity,delta_cosine,ptl_rf,replogle_rpe1,slim_string,leave_environment_out,env__v~replogleweissman2022%5Frpe1__v~rpe1__v~rna__v~baseline,,33.0,0.9399928002950909,0.7200793997845434,0.21991340051054753,0.19772231738430307,0.9075958093704699,0.9478972540173928,0.9040096441174759,0.8235294117647058,0.7777777777777778,0.5856769287911922,0.43956043956043955,0.20693027210884354
selective_risk_under_alternative_fidelity,centered_delta_cosine,raw_normalized_uq,replogle_rpe1,slim_string,leave_environment_out,env__v~replogleweissman2022%5Frpe1__v~rpe1__v~rna__v~baseline,,33.0,0.8661094342003648,0.7180172384741865,0.14809219572617827,0.21011042782516698,0.9074758280469888,0.8461790937695327,0.8818605149949387,0.7647058823529411,0.7407407407407407,1.2766344085796224,0.5302197802197801,0.22718947718947718
selective_risk_under_alternative_fidelity,centered_delta_cosine,best_scalar_uq,replogle_rpe1,slim_string,leave_environment_out,env__v~replogleweissman2022%5Frpe1__v~rpe1__v~rna__v~baseline,,33.0,0.8348353614550461,0.7180172384741865,0.11681812298085958,0.20166453265044815,0.9074758280469888,0.8300761668598214,0.8856887355433867,0.7058823529411764,0.7777777777777778,0.6604838270193181,0.5659340659340659,0.3645686391267382
selective_risk_under_alternative_fidelity,centered_delta_cosine,u_only_rf,replogle_rpe1,slim_string,leave_environment_out,env__v~replogleweissman2022%5Frpe1__v~rpe1__v~rna__v~baseline,,33.0,0.9595003907201214,0.7180172384741865,0.24148315224593486,0.32566090401040226,0.9074758280469888,0.9456132559920856,0.9160070102014488,0.7647058823529411,0.7777777777777778,0.8673399169254892,0.5054945054945055,0.23296703296703297
selective_risk_under_alternative_fidelity,centered_delta_cosine,u_p_rf,replogle_rpe1,slim_string,leave_environment_out,env__v~replogleweissman2022%5Frpe1__v~rpe1__v~rna__v~baseline,,33.0,0.9097576916980579,0.7180172384741865,0.19174045322387134,0.16581465422395808,0.9074758280469888,0.9266674859097833,0.9124496963304878,0.7647058823529411,0.7777777777777778,0.5175953523872064,0.5934065934065934,0.40649350649350646
selective_risk_under_alternative_fidelity,centered_delta_cosine,u_ps_rf,replogle_rpe1,slim_string,leave_environment_out,env__v~replogleweissman2022%5Frpe1__v~rpe1__v~rna__v~baseline,,33.0,0.9136410091976889,0.7180172384741865,0.19562377072350234,0.166439143377304,0.9074758280469888,0.920954715960538,0.9044334404742329,0.7647058823529411,0.7777777777777778,0.5201434785247678,0.5769230769230769,0.39253071489913594
selective_risk_under_alternative_fidelity,centered_delta_cosine,u_psn_rf,replogle_rpe1,slim_string,leave_environment_out,env__v~replogleweissman2022%5Frpe1__v~rpe1__v~rna__v~baseline,,33.0,0.9139311031167396,0.7180172384741865,0.19591386464255311,0.16603014066302688,0.9074758280469888,0.9326087078019674,0.9115744605787364,0.7647058823529411,0.8148148148148149,0.5166010918741301,0.5714285714285715,0.3995911113991876
selective_risk_under_alternative_fidelity,centered_delta_cosine,ptl_rf,replogle_rpe1,slim_string,leave_environment_out,env__v~replogleweissman2022%5Frpe1__v~rpe1__v~rna__v~baseline,,33.0,0.9398695092847527,0.7180172384741865,0.22185227081056613,0.19772231738430307,0.9074758280469888,0.9482389238320896,0.9039006821598716,0.8235294117647058,0.7777777777777778,0.5856769287911922,0.43956043956043955,0.20693027210884354
selective_risk_under_alternative_fidelity,absolute_effect_rank_agreement,raw_normalized_uq,replogle_rpe1,slim_string,leave_environment_out,env__v~replogleweissman2022%5Frpe1__v~rpe1__v~rna__v~baseline,,33.0,0.8248022816989014,0.7769007148576526,0.0479015668412488,0.21011042782516698,0.8273585241269342,0.8219181560170137,0.822525597293262,0.7647058823529411,0.7407407407407407,1.2766344085796224,0.5302197802197801,0.22718947718947718
selective_risk_under_alternative_fidelity,absolute_effect_rank_agreement,best_scalar_uq,replogle_rpe1,slim_string,leave_environment_out,env__v~replogleweissman2022%5Frpe1__v~rpe1__v~rna__v~baseline,,33.0,0.8047412385727235,0.7769007148576526,0.027840523715070953,0.20166453265044815,0.8273585241269342,0.8118515505901556,0.8241094300103611,0.7058823529411764,0.7777777777777778,0.6604838270193181,0.5659340659340659,0.3645686391267382
selective_risk_under_alternative_fidelity,absolute_effect_rank_agreement,u_only_rf,replogle_rpe1,slim_string,leave_environment_out,env__v~replogleweissman2022%5Frpe1__v~rpe1__v~rna__v~baseline,,33.0,0.8246417909987372,0.7769007148576526,0.04774107614108469,0.32566090401040226,0.8273585241269342,0.8338728337970865,0.8251001923618223,0.7647058823529411,0.7777777777777778,0.8673399169254892,0.5054945054945055,0.23296703296703297
selective_risk_under_alternative_fidelity,absolute_effect_rank_agreement,u_p_rf,replogle_rpe1,slim_string,leave_environment_out,env__v~replogleweissman2022%5Frpe1__v~rpe1__v~rna__v~baseline,,33.0,0.8122194757791792,0.7769007148576526,0.03531876092152664,0.16581465422395808,0.8273585241269342,0.8197777570860246,0.8233382233353765,0.7647058823529411,0.7777777777777778,0.5175953523872064,0.5934065934065934,0.40649350649350646
selective_risk_under_alternative_fidelity,absolute_effect_rank_agreement,u_ps_rf,replogle_rpe1,slim_string,leave_environment_out,env__v~replogleweissman2022%5Frpe1__v~rpe1__v~rna__v~baseline,,33.0,0.814376723117626,0.7769007148576526,0.03747600825997344,0.166439143377304,0.8273585241269342,0.8197228952131107,0.8228582801213737,0.7647058823529411,0.7777777777777778,0.5201434785247678,0.5769230769230769,0.39253071489913594
selective_risk_under_alternative_fidelity,absolute_effect_rank_agreement,u_psn_rf,replogle_rpe1,slim_string,leave_environment_out,env__v~replogleweissman2022%5Frpe1__v~rpe1__v~rna__v~baseline,,33.0,0.8118502349541955,0.7769007148576526,0.03494952009654295,0.16603014066302688,0.8273585241269342,0.8199012759607572,0.8256770942555961,0.7647058823529411,0.8148148148148149,0.5166010918741301,0.5714285714285715,0.3995911113991876
selective_risk_under_alternative_fidelity,absolute_effect_rank_agreement,ptl_rf,replogle_rpe1,slim_string,leave_environment_out,env__v~replogleweissman2022%5Frpe1__v~rpe1__v~rna__v~baseline,,33.0,0.8432001589020107,0.7769007148576526,0.06629944404435817,0.19772231738430307,0.8273585241269342,0.8396556849940273,0.8253103532139808,0.8235294117647058,0.7777777777777778,0.5856769287911922,0.43956043956043955,0.20693027210884354
selective_risk_under_alternative_fidelity,delta_cosine,raw_normalized_uq,replogle_rpe1,slim_string,leave_predictor_out,,slim_string,33.0,0.8972752621130831,0.7200793997845434,0.17719586232853968,0.21155006563359716,0.9075958093704699,0.9356446448903336,0.9108037483893214,0.8235294117647058,0.7777777777777778,1.5231253473479172,0.4697802197802198,0.2076429317808628
selective_risk_under_alternative_fidelity,delta_cosine,best_scalar_uq,replogle_rpe1,slim_string,leave_predictor_out,,slim_string,33.0,0.8340969737833391,0.7200793997845434,0.11401757399879575,0.19333406611367385,0.9075958093704699,0.8306095017907936,0.8726081801161873,0.7058823529411764,0.7407407407407407,0.829135248900037,0.5851648351648351,0.3645686391267382
selective_risk_under_alternative_fidelity,delta_cosine,u_only_rf,replogle_rpe1,slim_string,leave_predictor_out,,slim_string,33.0,0.8430716551489594,0.7200793997845434,0.12299225536441605,0.2587255105128908,0.9075958093704699,0.8417316760191592,0.9038722636941154,0.6470588235294117,0.7407407407407407,0.7114758641760436,0.6181318681318682,0.29935408506837075
selective_risk_under_alternative_fidelity,delta_cosine,u_p_rf,replogle_rpe1,slim_string,leave_predictor_out,,slim_string,33.0,0.8471434283557929,0.7200793997845434,0.12706402857124954,0.1836122965425834,0.9075958093704699,0.8662019657686008,0.9046909938061055,0.7058823529411764,0.7777777777777778,0.5526102019299668,0.6043956043956044,0.3729808618246752
selective_risk_under_alternative_fidelity,delta_cosine,u_ps_rf,replogle_rpe1,slim_string,leave_predictor_out,,slim_string,33.0,0.8515254002903346,0.7200793997845434,0.13144600050579125,0.1835162907438974,0.9075958093704699,0.8969542364968871,0.9107346219627789,0.7647058823529411,0.7777777777777778,0.5537201386191711,0.5879120879120879,0.36853362838584514
selective_risk_under_alternative_fidelity,delta_cosine,u_psn_rf,replogle_rpe1,slim_string,leave_predictor_out,,slim_string,33.0,0.8500803937202871,0.7200793997845434,0.1300009939357437,0.18067799511892776,0.9075958093704699,0.8662019657686008,0.9115146845400716,0.7058823529411764,0.7777777777777778,0.5470818189969889,0.6043956043956044,0.3748361493942485
selective_risk_under_alternative_fidelity,delta_cosine,ptl_rf,replogle_rpe1,slim_string,leave_predictor_out,,slim_string,33.0,0.8732309075241217,0.7200793997845434,0.1531515077395783,0.16950508504650846,0.9075958093704699,0.8969542364968871,0.9175198024825313,0.7647058823529411,0.7777777777777778,0.5227447067023695,0.5576923076923077,0.2838589981447124
selective_risk_under_alternative_fidelity,centered_delta_cosine,raw_normalized_uq,replogle_rpe1,slim_string,leave_predictor_out,,slim_string,33.0,0.8970473589360575,0.7180172384741865,0.17903012046187095,0.21155006563359716,0.9074758280469888,0.9359715138702216,0.9104647596655973,0.8235294117647058,0.7777777777777778,1.5231253473479172,0.4697802197802198,0.2076429317808628
selective_risk_under_alternative_fidelity,centered_delta_cosine,best_scalar_uq,replogle_rpe1,slim_string,leave_predictor_out,,slim_string,33.0,0.8327855064248642,0.7180172384741865,0.11476826795067763,0.19333406611367385,0.9074758280469888,0.8300761668598214,0.8725459212501593,0.7058823529411764,0.7407407407407407,0.829135248900037,0.5851648351648351,0.3645686391267382
selective_risk_under_alternative_fidelity,centered_delta_cosine,u_only_rf,replogle_rpe1,slim_string,leave_predictor_out,,slim_string,33.0,0.8414859612469964,0.7180172384741865,0.12346872277280985,0.2587255105128908,0.9074758280469888,0.8407533577248224,0.903418837340053,0.6470588235294117,0.7407407407407407,0.7114758641760436,0.6181318681318682,0.29935408506837075
selective_risk_under_alternative_fidelity,centered_delta_cosine,u_p_rf,replogle_rpe1,slim_string,leave_predictor_out,,slim_string,33.0,0.8455355699535148,0.7180172384741865,0.12751833147932823,0.1836122965425834,0.9074758280469888,0.8656829170136067,0.9046721335474456,0.7058823529411764,0.7777777777777778,0.5526102019299668,0.6043956043956044,0.3729808618246752
selective_risk_under_alternative_fidelity,centered_delta_cosine,u_ps_rf,replogle_rpe1,slim_string,leave_predictor_out,,slim_string,33.0,0.8498893052875289,0.7180172384741865,0.1318720668133424,0.1835162907438974,0.9074758280469888,0.8961908666582915,0.9106574486480697,0.7647058823529411,0.7777777777777778,0.5537201386191711,0.5879120879120879,0.36853362838584514
selective_risk_under_alternative_fidelity,centered_delta_cosine,u_psn_rf,replogle_rpe1,slim_string,leave_predictor_out,,slim_string,33.0,0.848435421134494,0.7180172384741865,0.13041818266030747,0.18067799511892776,0.9074758280469888,0.8656829170136064,0.9112633539125657,0.7058823529411764,0.7777777777777778,0.5470818189969889,0.6043956043956044,0.3748361493942485
selective_risk_under_alternative_fidelity,centered_delta_cosine,ptl_rf,replogle_rpe1,slim_string,leave_predictor_out,,slim_string,33.0,0.8719671063657302,0.7180172384741865,0.15394986789154363,0.16950508504650846,0.9074758280469888,0.8961908666582916,0.9172911557156447,0.7647058823529411,0.7777777777777778,0.5227447067023695,0.5576923076923077,0.2838589981447124
selective_risk_under_alternative_fidelity,absolute_effect_rank_agreement,raw_normalized_uq,replogle_rpe1,slim_string,leave_predictor_out,,slim_string,33.0,0.8256408084142238,0.7769007148576526,0.04874009355657127,0.21155006563359716,0.8273585241269342,0.826367962094724,0.8288722492395261,0.8235294117647058,0.7777777777777778,1.5231253473479172,0.4697802197802198,0.2076429317808628
selective_risk_under_alternative_fidelity,absolute_effect_rank_agreement,best_scalar_uq,replogle_rpe1,slim_string,leave_predictor_out,,slim_string,33.0,0.8040261407283779,0.7769007148576526,0.027125425870725306,0.19333406611367385,0.8273585241269342,0.8118515505901556,0.8205839376693764,0.7058823529411764,0.7407407407407407,0.829135248900037,0.5851648351648351,0.3645686391267382
selective_risk_under_alternative_fidelity,absolute_effect_rank_agreement,u_only_rf,replogle_rpe1,slim_string,leave_predictor_out,,slim_string,33.0,0.8033838744018379,0.7769007148576526,0.026483159544185342,0.2587255105128908,0.8273585241269342,0.8132881476895569,0.8188957392290708,0.6470588235294117,0.7407407407407407,0.7114758641760436,0.6181318681318682,0.29935408506837075
selective_risk_under_alternative_fidelity,absolute_effect_rank_agreement,u_p_rf,replogle_rpe1,slim_string,leave_predictor_out,,slim_string,33.0,0.8051701193326797,0.7769007148576526,0.028269404475027127,0.1836122965425834,0.8273585241269342,0.8128578326020434,0.823006300136071,0.7058823529411764,0.7777777777777778,0.5526102019299668,0.6043956043956044,0.3729808618246752
selective_risk_under_alternative_fidelity,absolute_effect_rank_agreement,u_ps_rf,replogle_rpe1,slim_string,leave_predictor_out,,slim_string,33.0,0.805054785092004,0.7769007148576526,0.028154070234351458,0.1835162907438974,0.8273585241269342,0.8131828527487874,0.8219856823887634,0.7647058823529411,0.7777777777777778,0.5537201386191711,0.5879120879120879,0.36853362838584514
selective_risk_under_alternative_fidelity,absolute_effect_rank_agreement,u_psn_rf,replogle_rpe1,slim_string,leave_predictor_out,,slim_string,33.0,0.8051275583693844,0.7769007148576526,0.02822684351173188,0.18067799511892776,0.8273585241269342,0.8128578326020434,0.8230589366766222,0.7058823529411764,0.7777777777777778,0.5470818189969889,0.6043956043956044,0.3748361493942485
selective_risk_under_alternative_fidelity,absolute_effect_rank_agreement,ptl_rf,replogle_rpe1,slim_string,leave_predictor_out,,slim_string,33.0,0.8127879606015916,0.7769007148576526,0.03588724574393909,0.16950508504650846,0.8273585241269342,0.8131828527487874,0.8255622277302708,0.7647058823529411,0.7777777777777778,0.5227447067023695,0.5576923076923077,0.2838589981447124
selective_risk_under_alternative_fidelity,delta_cosine,raw_normalized_uq,replogle_rpe1,strong_linear,in_domain,,,33.0,0.8233510960996361,0.679869290260958,0.1434818058386781,0.29876849177220366,0.8463027235572751,0.8348389535107846,0.8609791045125772,0.6470588235294117,0.6296296296296297,1.129297238479033,0.5198412698412699,0.3951475068141735
selective_risk_under_alternative_fidelity,delta_cosine,best_scalar_uq,replogle_rpe1,strong_linear,in_domain,,,33.0,0.827810934846223,0.679869290260958,0.14794164458526504,0.30267454269832644,0.8463027235572751,0.8483621085869589,0.8489080027047836,0.5882352941176471,0.6666666666666667,1.070958666422809,0.4821428571428572,0.38009233457525676
selective_risk_under_alternative_fidelity,delta_cosine,u_only_rf,replogle_rpe1,strong_linear,in_domain,,,33.0,0.8676229039652711,0.679869290260958,0.1877536137043131,0.24931731136946603,0.8463027235572751,0.8930898826365566,0.8550365831597273,0.7058823529411764,0.6296296296296297,0.6979366505891205,0.4166666666666667,0.3467348108880367
selective_risk_under_alternative_fidelity,delta_cosine,u_p_rf,replogle_rpe1,strong_linear,in_domain,,,33.0,0.8314294215781032,0.679869290260958,0.15156013131714519,0.23513580410669155,0.8463027235572751,0.8007574360558505,0.8611429730175294,0.47058823529411764,0.6296296296296297,0.6634996510739978,0.5873015873015873,0.4120419162761962
selective_risk_under_alternative_fidelity,delta_cosine,u_ps_rf,replogle_rpe1,strong_linear,in_domain,,,33.0,0.8457691318574868,0.679869290260958,0.16589984159652882,0.23748238486426335,0.8463027235572751,0.8201079672551819,0.8611429730175293,0.5294117647058824,0.6296296296296297,0.6668673499752203,0.5595238095238095,0.39221589421080083
selective_risk_under_alternative_fidelity,delta_cosine,u_psn_rf,replogle_rpe1,strong_linear,in_domain,,,33.0,0.8412618260385399,0.679869290260958,0.16139253577758195,0.23581623815157798,0.8463027235572751,0.8007574360558503,0.8529740125306305,0.47058823529411764,0.6296296296296297,0.664669551218042,0.5674603174603176,0.4029074683486448
selective_risk_under_alternative_fidelity,delta_cosine,ptl_rf,replogle_rpe1,strong_linear,in_domain,,,33.0,0.820978950146889,0.679869290260958,0.14110965988593105,0.2332439854592659,0.8463027235572751,0.8109745285310647,0.8444978931203004,0.47058823529411764,0.5925925925925926,0.6584490333122284,0.5833333333333333,0.41898102293026385
selective_risk_under_alternative_fidelity,centered_delta_cosine,raw_normalized_uq,replogle_rpe1,strong_linear,in_domain,,,33.0,0.8319078595694399,0.6887078449755462,0.14320001459389375,0.29876849177220366,0.8507139190225929,0.8440753290525297,0.865420636015969,0.6470588235294117,0.6296296296296297,1.129297238479033,0.5198412698412699,0.3951475068141735
selective_risk_under_alternative_fidelity,centered_delta_cosine,best_scalar_uq,replogle_rpe1,strong_linear,in_domain,,,33.0,0.8355504785234359,0.6887078449755462,0.14684263354788973,0.30267454269832644,0.8507139190225929,0.8516428306032858,0.8544473739118887,0.5882352941176471,0.6666666666666667,1.070958666422809,0.4821428571428572,0.38009233457525676
selective_risk_under_alternative_fidelity,centered_delta_cosine,u_only_rf,replogle_rpe1,strong_linear,in_domain,,,33.0,0.8688932487339106,0.6887078449755462,0.18018540375836445,0.24931731136946603,0.8507139190225929,0.8947380578565748,0.8570415960860126,0.7058823529411764,0.6296296296296297,0.6979366505891205,0.4166666666666667,0.3467348108880367
selective_risk_under_alternative_fidelity,centered_delta_cosine,u_p_rf,replogle_rpe1,strong_linear,in_domain,,,33.0,0.8351924320312201,0.6887078449755462,0.1464845870556739,0.23513580410669155,0.8507139190225929,0.8053134778019514,0.8637814527532721,0.47058823529411764,0.6296296296296297,0.6634996510739978,0.5873015873015873,0.4120419162761962
selective_risk_under_alternative_fidelity,centered_delta_cosine,u_ps_rf,replogle_rpe1,strong_linear,in_domain,,,33.0,0.8498048003267501,0.6887078449755462,0.16109695535120394,0.23748238486426335,0.8507139190225929,0.8245433037395321,0.8637814527532723,0.5294117647058824,0.6296296296296297,0.6668673499752203,0.5595238095238095,0.39221589421080083
selective_risk_under_alternative_fidelity,centered_delta_cosine,u_psn_rf,replogle_rpe1,strong_linear,in_domain,,,33.0,0.8456126743859675,0.6887078449755462,0.1569048294104214,0.23581623815157798,0.8507139190225929,0.8053134778019514,0.8573458690808967,0.47058823529411764,0.6296296296296297,0.664669551218042,0.5674603174603176,0.4029074683486448
selective_risk_under_alternative_fidelity,centered_delta_cosine,ptl_rf,replogle_rpe1,strong_linear,in_domain,,,33.0,0.8288821901215838,0.6887078449755462,0.14017434514603766,0.2332439854592659,0.8507139190225929,0.8170334862725576,0.849106005270888,0.47058823529411764,0.5925925925925926,0.6584490333122284,0.5833333333333333,0.41898102293026385
selective_risk_under_alternative_fidelity,absolute_effect_rank_agreement,raw_normalized_uq,replogle_rpe1,strong_linear,in_domain,,,33.0,0.7975931955766491,0.7672517985499497,0.030341397026699357,0.29876849177220366,0.8157558648154828,0.805024143466788,0.8151088338661013,0.6470588235294117,0.6296296296296297,1.129297238479033,0.5198412698412699,0.3951475068141735
selective_risk_under_alternative_fidelity,absolute_effect_rank_agreement,best_scalar_uq,replogle_rpe1,strong_linear,in_domain,,,33.0,0.8009846241825173,0.7672517985499497,0.03373282563256752,0.30267454269832644,0.8157558648154828,0.8115572702084425,0.8164300040767858,0.5882352941176471,0.6666666666666667,1.070958666422809,0.4821428571428572,0.38009233457525676
selective_risk_under_alternative_fidelity,absolute_effect_rank_agreement,u_only_rf,replogle_rpe1,strong_linear,in_domain,,,33.0,0.8254725683797431,0.7672517985499497,0.058220769829793406,0.24931731136946603,0.8157558648154828,0.8176989385938509,0.8173705587205768,0.7058823529411764,0.6296296296296297,0.6979366505891205,0.4166666666666667,0.3467348108880367
selective_risk_under_alternative_fidelity,absolute_effect_rank_agreement,u_p_rf,replogle_rpe1,strong_linear,in_domain,,,33.0,0.8141683920445038,0.7672517985499497,0.046916593494554015,0.23513580410669155,0.8157558648154828,0.803171614556082,0.815771865640801,0.47058823529411764,0.6296296296296297,0.6634996510739978,0.5873015873015873,0.4120419162761962
selective_risk_under_alternative_fidelity,absolute_effect_rank_agreement,u_ps_rf,replogle_rpe1,strong_linear,in_domain,,,33.0,0.8144802736213516,0.7672517985499497,0.04722847507140182,0.23748238486426335,0.8157558648154828,0.8032704654486806,0.8157718656408008,0.5294117647058824,0.6296296296296297,0.6668673499752203,0.5595238095238095,0.39221589421080083
selective_risk_under_alternative_fidelity,absolute_effect_rank_agreement,u_psn_rf,replogle_rpe1,strong_linear,in_domain,,,33.0,0.8135258380895384,0.7672517985499497,0.04627403953958864,0.23581623815157798,0.8157558648154828,0.8031716145560819,0.8138949816604701,0.47058823529411764,0.6296296296296297,0.664669551218042,0.5674603174603176,0.4029074683486448
selective_risk_under_alternative_fidelity,absolute_effect_rank_agreement,ptl_rf,replogle_rpe1,strong_linear,in_domain,,,33.0,0.7988070543882771,0.7672517985499497,0.03155525583832741,0.2332439854592659,0.8157558648154828,0.8049444704481101,0.8111036246574023,0.47058823529411764,0.5925925925925926,0.6584490333122284,0.5833333333333333,0.41898102293026385
selective_risk_under_alternative_fidelity,delta_cosine,raw_normalized_uq,replogle_rpe1,strong_linear,leave_environment_out,env__v~replogleweissman2022%5Frpe1__v~rpe1__v~rna__v~baseline,,33.0,0.8219349057523159,0.679869290260958,0.14206561549135788,0.25490748588844203,0.8463027235572751,0.8348389535107846,0.8536968058013484,0.6470588235294117,0.7037037037037037,1.6123804850000985,0.5347826086956522,0.3697965367965368
selective_risk_under_alternative_fidelity,delta_cosine,best_scalar_uq,replogle_rpe1,strong_linear,leave_environment_out,env__v~replogleweissman2022%5Frpe1__v~rpe1__v~rna__v~baseline,,33.0,0.8256878406416758,0.679869290260958,0.14581855038071778,0.26204479330099245,0.8463027235572751,0.8483621085869589,0.8562601375110069,0.6470588235294117,0.7407407407407407,1.8247870504843509,0.5,0.3416198752228164
selective_risk_under_alternative_fidelity,delta_cosine,u_only_rf,replogle_rpe1,strong_linear,leave_environment_out,env__v~replogleweissman2022%5Frpe1__v~rpe1__v~rna__v~baseline,,33.0,0.8047768191624477,0.679869290260958,0.1249075289014897,0.3452564735499092,0.8463027235572751,0.8617699478796019,0.852287626963911,0.7647058823529411,0.7407407407407407,0.9102046502319657,0.46956521739130436,0.34977723665223664
selective_risk_under_alternative_fidelity,delta_cosine,u_p_rf,replogle_rpe1,strong_linear,leave_environment_out,env__v~replogleweissman2022%5Frpe1__v~rpe1__v~rna__v~baseline,,33.0,0.8288558755784124,0.679869290260958,0.14898658531745446,0.230313602558234,0.8463027235572751,0.8402780792707905,0.8504423626116712,0.7058823529411764,0.7037037037037037,0.6574006095570631,0.48260869565217396,0.3850081662143373
selective_risk_under_alternative_fidelity,delta_cosine,u_ps_rf,replogle_rpe1,strong_linear,leave_environment_out,env__v~replogleweissman2022%5Frpe1__v~rpe1__v~rna__v~baseline,,33.0,0.8218946832682847,0.679869290260958,0.14202539300732675,0.22919487555646792,0.8463027235572751,0.8137995084427844,0.8504423626116712,0.6470588235294117,0.7037037037037037,0.6552925625355781,0.4652173913043478,0.37369409132929055
selective_risk_under_alternative_fidelity,delta_cosine,u_psn_rf,replogle_rpe1,strong_linear,leave_environment_out,env__v~replogleweissman2022%5Frpe1__v~rpe1__v~rna__v~baseline,,33.0,0.83607907345698,0.679869290260958,0.15620978319602197,0.22356992931118977,0.8463027235572751,0.8137995084427843,0.8504423626116712,0.6470588235294117,0.7037037037037037,0.6428056279529115,0.4869565217391304,0.3891129224981218
selective_risk_under_alternative_fidelity,delta_cosine,ptl_rf,replogle_rpe1,strong_linear,leave_environment_out,env__v~replogleweissman2022%5Frpe1__v~rpe1__v~rna__v~baseline,,33.0,0.8295196421647173,0.679869290260958,0.1496503519037593,0.2829597204389072,0.8463027235572751,0.868009775176813,0.8541347516994463,0.6470588235294117,0.7037037037037037,0.7654781676850364,0.5565217391304348,0.367032663367807
selective_risk_under_alternative_fidelity,centered_delta_cosine,raw_normalized_uq,replogle_rpe1,strong_linear,leave_environment_out,env__v~replogleweissman2022%5Frpe1__v~rpe1__v~rna__v~baseline,,33.0,0.8305799202623106,0.6887078449755462,0.1418720752867645,0.25490748588844203,0.8507139190225929,0.8440753290525297,0.859031711771305,0.6470588235294117,0.7037037037037037,1.6123804850000985,0.5347826086956522,0.3697965367965368
selective_risk_under_alternative_fidelity,centered_delta_cosine,best_scalar_uq,replogle_rpe1,strong_linear,leave_environment_out,env__v~replogleweissman2022%5Frpe1__v~rpe1__v~rna__v~baseline,,33.0,0.8334236484514701,0.6887078449755462,0.14471580347592394,0.26204479330099245,0.8507139190225929,0.8516428306032858,0.8616374127247123,0.6470588235294117,0.7407407407407407,1.8247870504843509,0.5,0.3416198752228164
selective_risk_under_alternative_fidelity,centered_delta_cosine,u_only_rf,replogle_rpe1,strong_linear,leave_environment_out,env__v~replogleweissman2022%5Frpe1__v~rpe1__v~rna__v~baseline,,33.0,0.8087584844996719,0.6887078449755462,0.12005063952412576,0.3452564735499092,0.8507139190225929,0.8616212079079064,0.8559837224130864,0.7647058823529411,0.7407407407407407,0.9102046502319657,0.46956521739130436,0.34977723665223664
selective_risk_under_alternative_fidelity,centered_delta_cosine,u_p_rf,replogle_rpe1,strong_linear,leave_environment_out,env__v~replogleweissman2022%5Frpe1__v~rpe1__v~rna__v~baseline,,33.0,0.8343828990570342,0.6887078449755462,0.14567505408148806,0.230313602558234,0.8507139190225929,0.8435213937483762,0.8533854370632882,0.7058823529411764,0.7037037037037037,0.6574006095570631,0.48260869565217396,0.3850081662143373
selective_risk_under_alternative_fidelity,centered_delta_cosine,u_ps_rf,replogle_rpe1,strong_linear,leave_environment_out,env__v~replogleweissman2022%5Frpe1__v~rpe1__v~rna__v~baseline,,33.0,0.8260503421247645,0.6887078449755462,0.1373424971492183,0.22919487555646792,0.8507139190225929,0.8179518070816134,0.8533854370632882,0.6470588235294117,0.7037037037037037,0.6552925625355781,0.4652173913043478,0.37369409132929055
selective_risk_under_alternative_fidelity,centered_delta_cosine,u_psn_rf,replogle_rpe1,strong_linear,leave_environment_out,env__v~replogleweissman2022%5Frpe1__v~rpe1__v~rna__v~baseline,,33.0,0.8411236723222004,0.6887078449755462,0.15241582734665426,0.22356992931118977,0.8507139190225929,0.8179518070816134,0.8533854370632883,0.6470588235294117,0.7037037037037037,0.6428056279529115,0.4869565217391304,0.3891129224981218
selective_risk_under_alternative_fidelity,centered_delta_cosine,ptl_rf,replogle_rpe1,strong_linear,leave_environment_out,env__v~replogleweissman2022%5Frpe1__v~rpe1__v~rna__v~baseline,,33.0,0.8376789633835763,0.6887078449755462,0.14897111840803012,0.2829597204389072,0.8507139190225929,0.873727634484401,0.8596412853713931,0.6470588235294117,0.7037037037037037,0.7654781676850364,0.5565217391304348,0.367032663367807
selective_risk_under_alternative_fidelity,absolute_effect_rank_agreement,raw_normalized_uq,replogle_rpe1,strong_linear,leave_environment_out,env__v~replogleweissman2022%5Frpe1__v~rpe1__v~rna__v~baseline,,33.0,0.7970561329951505,0.7672517985499497,0.02980433444520081,0.25490748588844203,0.8157558648154828,0.805024143466788,0.8118796196966935,0.6470588235294117,0.7037037037037037,1.6123804850000985,0.5347826086956522,0.3697965367965368
selective_risk_under_alternative_fidelity,absolute_effect_rank_agreement,best_scalar_uq,replogle_rpe1,strong_linear,leave_environment_out,env__v~replogleweissman2022%5Frpe1__v~rpe1__v~rna__v~baseline,,33.0,0.7999317450472657,0.7672517985499497,0.03267994649731598,0.26204479330099245,0.8157558648154828,0.8115572702084425,0.8134281942439011,0.6470588235294117,0.7407407407407407,1.8247870504843509,0.5,0.3416198752228164
selective_risk_under_alternative_fidelity,absolute_effect_rank_agreement,u_only_rf,replogle_rpe1,strong_linear,leave_environment_out,env__v~replogleweissman2022%5Frpe1__v~rpe1__v~rna__v~baseline,,33.0,0.81248562579852,0.7672517985499497,0.04523382724857028,0.3452564735499092,0.8157558648154828,0.8309220081980184,0.8191496187191812,0.7647058823529411,0.7407407407407407,0.9102046502319657,0.46956521739130436,0.34977723665223664
selective_risk_under_alternative_fidelity,absolute_effect_rank_agreement,u_p_rf,replogle_rpe1,strong_linear,leave_environment_out,env__v~replogleweissman2022%5Frpe1__v~rpe1__v~rna__v~baseline,,33.0,0.8081574396431012,0.7672517985499497,0.040905641093151424,0.230313602558234,0.8157558648154828,0.8116852988270549,0.8124053177814068,0.7058823529411764,0.7037037037037037,0.6574006095570631,0.48260869565217396,0.3850081662143373
selective_risk_under_alternative_fidelity,absolute_effect_rank_agreement,u_ps_rf,replogle_rpe1,strong_linear,leave_environment_out,env__v~replogleweissman2022%5Frpe1__v~rpe1__v~rna__v~baseline,,33.0,0.8093504605863097,0.7672517985499497,0.042098662036359924,0.22919487555646792,0.8157558648154828,0.8059558218846756,0.8124053177814068,0.6470588235294117,0.7037037037037037,0.6552925625355781,0.4652173913043478,0.37369409132929055
selective_risk_under_alternative_fidelity,absolute_effect_rank_agreement,u_psn_rf,replogle_rpe1,strong_linear,leave_environment_out,env__v~replogleweissman2022%5Frpe1__v~rpe1__v~rna__v~baseline,,33.0,0.8080847367257056,0.7672517985499497,0.04083293817575584,0.22356992931118977,0.8157558648154828,0.8059558218846756,0.8124053177814068,0.6470588235294117,0.7037037037037037,0.6428056279529115,0.4869565217391304,0.3891129224981218
selective_risk_under_alternative_fidelity,absolute_effect_rank_agreement,ptl_rf,replogle_rpe1,strong_linear,leave_environment_out,env__v~replogleweissman2022%5Frpe1__v~rpe1__v~rna__v~baseline,,33.0,0.7991286665125816,0.7672517985499497,0.031876867962631894,0.2829597204389072,0.8157558648154828,0.8163486765333348,0.8132747571619606,0.6470588235294117,0.7037037037037037,0.7654781676850364,0.5565217391304348,0.367032663367807
selective_risk_under_alternative_fidelity,delta_cosine,raw_normalized_uq,replogle_rpe1,strong_linear,leave_predictor_out,,strong_linear,33.0,0.8230275935800324,0.679869290260958,0.14315830331907442,0.272638012241352,0.8463027235572751,0.8251398703891061,0.860979104512577,0.5294117647058824,0.5925925925925926,0.7894597347759482,0.5288461538461539,0.42321697018705134
selective_risk_under_alternative_fidelity,delta_cosine,best_scalar_uq,replogle_rpe1,strong_linear,leave_predictor_out,,strong_linear,33.0,0.8281158243143026,0.679869290260958,0.14824653405334465,0.29550188969876695,0.8463027235572751,0.8483621085869589,0.8489080027047836,0.5882352941176471,0.6296296296296297,0.948847195332749,0.4711538461538462,0.39586294725191085
selective_risk_under_alternative_fidelity,delta_cosine,u_only_rf,replogle_rpe1,strong_linear,leave_predictor_out,,strong_linear,33.0,0.8243985873664078,0.679869290260958,0.14452929710544982,0.2873624428507877,0.8463027235572751,0.8211937321607032,0.8313600319813363,0.5882352941176471,0.5925925925925926,0.8172676743532763,0.4653846153846154,0.37601819464551556
selective_risk_under_alternative_fidelity,delta_cosine,u_p_rf,replogle_rpe1,strong_linear,leave_predictor_out,,strong_linear,33.0,0.8112458392673914,0.679869290260958,0.13137654900643336,0.2833037553924812,0.8463027235572751,0.8071920760926667,0.8545876880669128,0.5294117647058824,0.5925925925925926,0.8261729032813391,0.5576923076923077,0.43690427329335013
selective_risk_under_alternative_fidelity,delta_cosine,u_ps_rf,replogle_rpe1,strong_linear,leave_predictor_out,,strong_linear,33.0,0.8137994307146938,0.679869290260958,0.13393014045373586,0.2891194072628707,0.8463027235572751,0.8071920760926667,0.8623893475704221,0.5294117647058824,0.6296296296296297,0.8472199819184115,0.55,0.4320791482113494
selective_risk_under_alternative_fidelity,delta_cosine,u_psn_rf,replogle_rpe1,strong_linear,leave_predictor_out,,strong_linear,33.0,0.8137526826694315,0.679869290260958,0.13388339240847347,0.28276953571459806,0.8463027235572751,0.8071920760926667,0.8534149035712814,0.5294117647058824,0.5925925925925926,0.8152338290888034,0.5615384615384615,0.4358152515353327
selective_risk_under_alternative_fidelity,delta_cosine,ptl_rf,replogle_rpe1,strong_linear,leave_predictor_out,,strong_linear,33.0,0.8210251528752232,0.679869290260958,0.14115586261426516,0.2645627844835027,0.8463027235572751,0.8348389535107846,0.8524904503914926,0.5882352941176471,0.5925925925925926,0.7436735760509867,0.5346153846153846,0.42425444976678217
selective_risk_under_alternative_fidelity,centered_delta_cosine,raw_normalized_uq,replogle_rpe1,strong_linear,leave_predictor_out,,strong_linear,33.0,0.8315782290585176,0.6887078449755462,0.14287038408297148,0.272638012241352,0.8507139190225929,0.8328882103725164,0.865420636015969,0.5294117647058824,0.5925925925925926,0.7894597347759482,0.5288461538461539,0.42321697018705134
selective_risk_under_alternative_fidelity,centered_delta_cosine,best_scalar_uq,replogle_rpe1,strong_linear,leave_predictor_out,,strong_linear,33.0,0.8358424262713336,0.6887078449755462,0.1471345812957875,0.29550188969876695,0.8507139190225929,0.8516428306032858,0.8544473739118887,0.5882352941176471,0.6296296296296297,0.948847195332749,0.4711538461538462,0.39586294725191085
selective_risk_under_alternative_fidelity,centered_delta_cosine,u_only_rf,replogle_rpe1,strong_linear,leave_predictor_out,,strong_linear,33.0,0.8294612530546939,0.6887078449755462,0.1407534080791477,0.2873624428507877,0.8507139190225929,0.8279354273531084,0.8345165198336754,0.5882352941176471,0.5925925925925926,0.8172676743532763,0.4653846153846154,0.37601819464551556
selective_risk_under_alternative_fidelity,centered_delta_cosine,u_p_rf,replogle_rpe1,strong_linear,leave_predictor_out,,strong_linear,33.0,0.8192986577391581,0.6887078449755462,0.13059081276361195,0.2833037553924812,0.8507139190225929,0.8135238278645647,0.8589962233421974,0.5294117647058824,0.5925925925925926,0.8261729032813391,0.5576923076923077,0.43690427329335013
selective_risk_under_alternative_fidelity,centered_delta_cosine,u_ps_rf,replogle_rpe1,strong_linear,leave_predictor_out,,strong_linear,33.0,0.8223319872945163,0.6887078449755462,0.13362414231897013,0.2891194072628707,0.8507139190225929,0.8135238278645646,0.8675008616254755,0.5294117647058824,0.6296296296296297,0.8472199819184115,0.55,0.4320791482113494
selective_risk_under_alternative_fidelity,centered_delta_cosine,u_psn_rf,replogle_rpe1,strong_linear,leave_predictor_out,,strong_linear,33.0,0.8221368937286716,0.6887078449755462,0.13342904875312545,0.28276953571459806,0.8507139190225929,0.8135238278645646,0.8581953761363905,0.5294117647058824,0.5925925925925926,0.8152338290888034,0.5615384615384615,0.4358152515353327
selective_risk_under_alternative_fidelity,centered_delta_cosine,ptl_rf,replogle_rpe1,strong_linear,leave_predictor_out,,strong_linear,33.0,0.8299044672420479,0.6887078449755462,0.14119662226650176,0.2645627844835027,0.8507139190225929,0.8440753290525297,0.8570290077840903,0.5882352941176471,0.5925925925925926,0.7436735760509867,0.5346153846153846,0.42425444976678217
selective_risk_under_alternative_fidelity,absolute_effect_rank_agreement,raw_normalized_uq,replogle_rpe1,strong_linear,leave_predictor_out,,strong_linear,33.0,0.7974907303443085,0.7672517985499497,0.03023893179435877,0.272638012241352,0.8157558648154828,0.7993120751271734,0.8151088338661013,0.5294117647058824,0.5925925925925926,0.7894597347759482,0.5288461538461539,0.42321697018705134
selective_risk_under_alternative_fidelity,absolute_effect_rank_agreement,best_scalar_uq,replogle_rpe1,strong_linear,leave_predictor_out,,strong_linear,33.0,0.8010810059923624,0.7672517985499497,0.03382920744241269,0.29550188969876695,0.8157558648154828,0.8115572702084425,0.8164300040767858,0.5882352941176471,0.6296296296296297,0.948847195332749,0.4711538461538462,0.39586294725191085
selective_risk_under_alternative_fidelity,absolute_effect_rank_agreement,u_only_rf,replogle_rpe1,strong_linear,leave_predictor_out,,strong_linear,33.0,0.8190032822397405,0.7672517985499497,0.05175148368979077,0.2873624428507877,0.8157558648154828,0.8141807847173235,0.8116742105389574,0.5882352941176471,0.5925925925925926,0.8172676743532763,0.4653846153846154,0.37601819464551556
selective_risk_under_alternative_fidelity,absolute_effect_rank_agreement,u_p_rf,replogle_rpe1,strong_linear,leave_predictor_out,,strong_linear,33.0,0.7966953130598721,0.7672517985499497,0.02944351450992233,0.2833037553924812,0.8157558648154828,0.8058689281773329,0.8157753205493644,0.5294117647058824,0.5925925925925926,0.8261729032813391,0.5576923076923077,0.43690427329335013
selective_risk_under_alternative_fidelity,absolute_effect_rank_agreement,u_ps_rf,replogle_rpe1,strong_linear,leave_predictor_out,,strong_linear,33.0,0.797451218630217,0.7672517985499497,0.030199420080267214,0.2891194072628707,0.8157558648154828,0.8058689281773328,0.8159727588231621,0.5294117647058824,0.6296296296296297,0.8472199819184115,0.55,0.4320791482113494
selective_risk_under_alternative_fidelity,absolute_effect_rank_agreement,u_psn_rf,replogle_rpe1,strong_linear,leave_predictor_out,,strong_linear,33.0,0.796799286235356,0.7672517985499497,0.02954748768540627,0.28276953571459806,0.8157558648154828,0.8058689281773328,0.8135367963777524,0.5294117647058824,0.5925925925925926,0.8152338290888034,0.5615384615384615,0.4358152515353327
selective_risk_under_alternative_fidelity,absolute_effect_rank_agreement,ptl_rf,replogle_rpe1,strong_linear,leave_predictor_out,,strong_linear,33.0,0.7972040560404441,0.7672517985499497,0.02995225749049435,0.2645627844835027,0.8157558648154828,0.805024143466788,0.813024919693561,0.5882352941176471,0.5925925925925926,0.7436735760509867,0.5346153846153846,0.42425444976678217
selective_risk_under_alternative_fidelity,delta_cosine,raw_normalized_uq,tian_neuron_crispra,mean_matching,in_domain,,,20.0,0.5708410353584028,0.42851968275130725,0.14232135260709555,0.773758819373265,0.5409119988355089,0.5807406297098888,0.5715857205601154,0.09999999999999998,0.0625,2.2138143390754004,0.5,0.95
selective_risk_under_alternative_fidelity,delta_cosine,best_scalar_uq,tian_neuron_crispra,mean_matching,in_domain,,,20.0,0.5708410353584028,0.42851968275130725,0.14232135260709555,0.650449800475674,0.5409119988355089,0.5807406297098888,0.5715857205601154,0.09999999999999998,0.0625,1.6735180227183784,0.5,0.95
selective_risk_under_alternative_fidelity,delta_cosine,u_only_rf,tian_neuron_crispra,mean_matching,in_domain,,,20.0,0.5708410353584028,0.42851968275130725,0.14232135260709555,0.051819388223057164,0.5409119988355089,0.5807406297098888,0.5715857205601154,0.09999999999999998,0.0625,0.22466285653906742,0.5,0.95
selective_risk_under_alternative_fidelity,delta_cosine,u_p_rf,tian_neuron_crispra,mean_matching,in_domain,,,20.0,0.5708410353584028,0.42851968275130725,0.14232135260709555,0.04807931973295847,0.5409119988355089,0.5807406297098888,0.5715857205601154,0.09999999999999998,0.0625,0.20324571415005144,0.5,0.95
selective_risk_under_alternative_fidelity,delta_cosine,u_ps_rf,tian_neuron_crispra,mean_matching,in_domain,,,20.0,0.5708410353584028,0.42851968275130725,0.14232135260709555,0.0482656988381651,0.5409119988355089,0.5807406297098888,0.5715857205601154,0.09999999999999998,0.0625,0.2045743897617641,0.5,0.95
selective_risk_under_alternative_fidelity,delta_cosine,u_psn_rf,tian_neuron_crispra,mean_matching,in_domain,,,20.0,0.5708410353584028,0.42851968275130725,0.14232135260709555,0.04815505209031274,0.5409119988355089,0.5807406297098888,0.5715857205601154,0.09999999999999998,0.0625,0.2037926272767526,0.5,0.95
selective_risk_under_alternative_fidelity,delta_cosine,ptl_rf,tian_neuron_crispra,mean_matching,in_domain,,,20.0,0.5708410353584028,0.42851968275130725,0.14232135260709555,0.04885950805549785,0.5409119988355089,0.5807406297098888,0.5715857205601154,0.09999999999999998,0.0625,0.20850099692687038,0.5,0.95
selective_risk_under_alternative_fidelity,centered_delta_cosine,raw_normalized_uq,tian_neuron_crispra,mean_matching,in_domain,,,20.0,0.5744331681510938,0.43457540240838605,0.13985776574270775,0.773758819373265,0.5423503697780852,0.5851418004602172,0.572014412887615,0.09999999999999998,0.0625,2.2138143390754004,0.5,0.95
selective_risk_under_alternative_fidelity,centered_delta_cosine,best_scalar_uq,tian_neuron_crispra,mean_matching,in_domain,,,20.0,0.5744331681510938,0.43457540240838605,0.13985776574270775,0.650449800475674,0.5423503697780852,0.5851418004602172,0.572014412887615,0.09999999999999998,0.0625,1.6735180227183784,0.5,0.95
selective_risk_under_alternative_fidelity,centered_delta_cosine,u_only_rf,tian_neuron_crispra,mean_matching,in_domain,,,20.0,0.5744331681510938,0.43457540240838605,0.13985776574270775,0.051819388223057164,0.5423503697780852,0.5851418004602172,0.572014412887615,0.09999999999999998,0.0625,0.22466285653906742,0.5,0.95
selective_risk_under_alternative_fidelity,centered_delta_cosine,u_p_rf,tian_neuron_crispra,mean_matching,in_domain,,,20.0,0.5744331681510938,0.43457540240838605,0.13985776574270775,0.04807931973295847,0.5423503697780852,0.5851418004602172,0.572014412887615,0.09999999999999998,0.0625,0.20324571415005144,0.5,0.95
selective_risk_under_alternative_fidelity,centered_delta_cosine,u_ps_rf,tian_neuron_crispra,mean_matching,in_domain,,,20.0,0.5744331681510938,0.43457540240838605,0.13985776574270775,0.0482656988381651,0.5423503697780852,0.5851418004602172,0.572014412887615,0.09999999999999998,0.0625,0.2045743897617641,0.5,0.95
selective_risk_under_alternative_fidelity,centered_delta_cosine,u_psn_rf,tian_neuron_crispra,mean_matching,in_domain,,,20.0,0.5744331681510938,0.43457540240838605,0.13985776574270775,0.04815505209031274,0.5423503697780852,0.5851418004602172,0.572014412887615,0.09999999999999998,0.0625,0.2037926272767526,0.5,0.95
selective_risk_under_alternative_fidelity,centered_delta_cosine,ptl_rf,tian_neuron_crispra,mean_matching,in_domain,,,20.0,0.5744331681510938,0.43457540240838605,0.13985776574270775,0.04885950805549785,0.5423503697780852,0.5851418004602172,0.572014412887615,0.09999999999999998,0.0625,0.20850099692687038,0.5,0.95
selective_risk_under_alternative_fidelity,absolute_effect_rank_agreement,raw_normalized_uq,tian_neuron_crispra,mean_matching,in_domain,,,20.0,0.6146499514629882,0.5571223353458302,0.057527616117157954,0.773758819373265,0.6064683780949826,0.6193303819735266,0.6163763477941644,0.09999999999999998,0.0625,2.2138143390754004,0.5,0.95
selective_risk_under_alternative_fidelity,absolute_effect_rank_agreement,best_scalar_uq,tian_neuron_crispra,mean_matching,in_domain,,,20.0,0.6146499514629882,0.5571223353458302,0.057527616117157954,0.650449800475674,0.6064683780949826,0.6193303819735266,0.6163763477941644,0.09999999999999998,0.0625,1.6735180227183784,0.5,0.95
selective_risk_under_alternative_fidelity,absolute_effect_rank_agreement,u_only_rf,tian_neuron_crispra,mean_matching,in_domain,,,20.0,0.6146499514629882,0.5571223353458302,0.057527616117157954,0.051819388223057164,0.6064683780949826,0.6193303819735266,0.6163763477941644,0.09999999999999998,0.0625,0.22466285653906742,0.5,0.95
selective_risk_under_alternative_fidelity,absolute_effect_rank_agreement,u_p_rf,tian_neuron_crispra,mean_matching,in_domain,,,20.0,0.6146499514629882,0.5571223353458302,0.057527616117157954,0.04807931973295847,0.6064683780949826,0.6193303819735266,0.6163763477941644,0.09999999999999998,0.0625,0.20324571415005144,0.5,0.95
selective_risk_under_alternative_fidelity,absolute_effect_rank_agreement,u_ps_rf,tian_neuron_crispra,mean_matching,in_domain,,,20.0,0.6146499514629882,0.5571223353458302,0.057527616117157954,0.0482656988381651,0.6064683780949826,0.6193303819735266,0.6163763477941644,0.09999999999999998,0.0625,0.2045743897617641,0.5,0.95
selective_risk_under_alternative_fidelity,absolute_effect_rank_agreement,u_psn_rf,tian_neuron_crispra,mean_matching,in_domain,,,20.0,0.6146499514629882,0.5571223353458302,0.057527616117157954,0.04815505209031274,0.6064683780949826,0.6193303819735266,0.6163763477941644,0.09999999999999998,0.0625,0.2037926272767526,0.5,0.95
selective_risk_under_alternative_fidelity,absolute_effect_rank_agreement,ptl_rf,tian_neuron_crispra,mean_matching,in_domain,,,20.0,0.6146499514629882,0.5571223353458302,0.057527616117157954,0.04885950805549785,0.6064683780949826,0.6193303819735266,0.6163763477941644,0.09999999999999998,0.0625,0.20850099692687038,0.5,0.95
selective_risk_under_alternative_fidelity,delta_cosine,raw_normalized_uq,tian_neuron_crispra,mean_matching,leave_environment_out,env__v~tiankampmann2021%5Fcrispra__v~ipsc-induced%5Fneuron__v~rna__v~baseline,,20.0,0.5708410353584028,0.42851968275130725,0.14232135260709555,0.8635853484338332,0.5409119988355089,0.5807406297098888,0.5715857205601154,0.0,0.0,2.6492097010792772,,
selective_risk_under_alternative_fidelity,delta_cosine,best_scalar_uq,tian_neuron_crispra,mean_matching,leave_environment_out,env__v~tiankampmann2021%5Fcrispra__v~ipsc-induced%5Fneuron__v~rna__v~baseline,,20.0,0.5708410353584028,0.42851968275130725,0.14232135260709555,0.7199265381083565,0.5409119988355089,0.5807406297098888,0.5715857205601154,0.0,0.0,1.8870696490323795,,
selective_risk_under_alternative_fidelity,delta_cosine,u_only_rf,tian_neuron_crispra,mean_matching,leave_environment_out,env__v~tiankampmann2021%5Fcrispra__v~ipsc-induced%5Fneuron__v~rna__v~baseline,,20.0,0.5708410353584028,0.42851968275130725,0.14232135260709555,0.22012991560347742,0.5409119988355089,0.5807406297098888,0.5715857205601154,0.0,0.0,0.6333323849952961,,
selective_risk_under_alternative_fidelity,delta_cosine,u_p_rf,tian_neuron_crispra,mean_matching,leave_environment_out,env__v~tiankampmann2021%5Fcrispra__v~ipsc-induced%5Fneuron__v~rna__v~baseline,,20.0,0.5708410353584028,0.42851968275130725,0.14232135260709555,0.19424187651115954,0.5409119988355089,0.5807406297098888,0.5715857205601154,0.0,0.0,0.5811207741802574,,
selective_risk_under_alternative_fidelity,delta_cosine,u_ps_rf,tian_neuron_crispra,mean_matching,leave_environment_out,env__v~tiankampmann2021%5Fcrispra__v~ipsc-induced%5Fneuron__v~rna__v~baseline,,20.0,0.5708410353584028,0.42851968275130725,0.14232135260709555,0.2368465935796305,0.5409119988355089,0.5807406297098888,0.5715857205601154,0.0,0.0,0.66683417357116,,
selective_risk_under_alternative_fidelity,delta_cosine,u_psn_rf,tian_neuron_crispra,mean_matching,leave_environment_out,env__v~tiankampmann2021%5Fcrispra__v~ipsc-induced%5Fneuron__v~rna__v~baseline,,20.0,0.5708410353584028,0.42851968275130725,0.14232135260709555,0.21779875967881113,0.5409119988355089,0.5807406297098888,0.5715857205601154,0.0,0.0,0.6286508104359656,,
selective_risk_under_alternative_fidelity,delta_cosine,ptl_rf,tian_neuron_crispra,mean_matching,leave_environment_out,env__v~tiankampmann2021%5Fcrispra__v~ipsc-induced%5Fneuron__v~rna__v~baseline,,20.0,0.5708410353584028,0.42851968275130725,0.14232135260709555,0.15355868564530026,0.5409119988355089,0.5807406297098888,0.5715857205601154,0.0,0.0,0.49735944682562827,,
selective_risk_under_alternative_fidelity,centered_delta_cosine,raw_normalized_uq,tian_neuron_crispra,mean_matching,leave_environment_out,env__v~tiankampmann2021%5Fcrispra__v~ipsc-induced%5Fneuron__v~rna__v~baseline,,20.0,0.5744331681510938,0.43457540240838605,0.13985776574270775,0.8635853484338332,0.5423503697780852,0.5851418004602172,0.572014412887615,0.0,0.0,2.6492097010792772,,
selective_risk_under_alternative_fidelity,centered_delta_cosine,best_scalar_uq,tian_neuron_crispra,mean_matching,leave_environment_out,env__v~tiankampmann2021%5Fcrispra__v~ipsc-induced%5Fneuron__v~rna__v~baseline,,20.0,0.5744331681510938,0.43457540240838605,0.13985776574270775,0.7199265381083565,0.5423503697780852,0.5851418004602172,0.572014412887615,0.0,0.0,1.8870696490323795,,
selective_risk_under_alternative_fidelity,centered_delta_cosine,u_only_rf,tian_neuron_crispra,mean_matching,leave_environment_out,env__v~tiankampmann2021%5Fcrispra__v~ipsc-induced%5Fneuron__v~rna__v~baseline,,20.0,0.5744331681510938,0.43457540240838605,0.13985776574270775,0.22012991560347742,0.5423503697780852,0.5851418004602172,0.572014412887615,0.0,0.0,0.6333323849952961,,
selective_risk_under_alternative_fidelity,centered_delta_cosine,u_p_rf,tian_neuron_crispra,mean_matching,leave_environment_out,env__v~tiankampmann2021%5Fcrispra__v~ipsc-induced%5Fneuron__v~rna__v~baseline,,20.0,0.5744331681510938,0.43457540240838605,0.13985776574270775,0.19424187651115954,0.5423503697780852,0.5851418004602172,0.572014412887615,0.0,0.0,0.5811207741802574,,
selective_risk_under_alternative_fidelity,centered_delta_cosine,u_ps_rf,tian_neuron_crispra,mean_matching,leave_environment_out,env__v~tiankampmann2021%5Fcrispra__v~ipsc-induced%5Fneuron__v~rna__v~baseline,,20.0,0.5744331681510938,0.43457540240838605,0.13985776574270775,0.2368465935796305,0.5423503697780852,0.5851418004602172,0.572014412887615,0.0,0.0,0.66683417357116,,
selective_risk_under_alternative_fidelity,centered_delta_cosine,u_psn_rf,tian_neuron_crispra,mean_matching,leave_environment_out,env__v~tiankampmann2021%5Fcrispra__v~ipsc-induced%5Fneuron__v~rna__v~baseline,,20.0,0.5744331681510938,0.43457540240838605,0.13985776574270775,0.21779875967881113,0.5423503697780852,0.5851418004602172,0.572014412887615,0.0,0.0,0.6286508104359656,,
selective_risk_under_alternative_fidelity,centered_delta_cosine,ptl_rf,tian_neuron_crispra,mean_matching,leave_environment_out,env__v~tiankampmann2021%5Fcrispra__v~ipsc-induced%5Fneuron__v~rna__v~baseline,,20.0,0.5744331681510938,0.43457540240838605,0.13985776574270775,0.15355868564530026,0.5423503697780852,0.5851418004602172,0.572014412887615,0.0,0.0,0.49735944682562827,,
selective_risk_under_alternative_fidelity,absolute_effect_rank_agreement,raw_normalized_uq,tian_neuron_crispra,mean_matching,leave_environment_out,env__v~tiankampmann2021%5Fcrispra__v~ipsc-induced%5Fneuron__v~rna__v~baseline,,20.0,0.6146499514629882,0.5571223353458302,0.057527616117157954,0.8635853484338332,0.6064683780949826,0.6193303819735266,0.6163763477941644,0.0,0.0,2.6492097010792772,,
selective_risk_under_alternative_fidelity,absolute_effect_rank_agreement,best_scalar_uq,tian_neuron_crispra,mean_matching,leave_environment_out,env__v~tiankampmann2021%5Fcrispra__v~ipsc-induced%5Fneuron__v~rna__v~baseline,,20.0,0.6146499514629882,0.5571223353458302,0.057527616117157954,0.7199265381083565,0.6064683780949826,0.6193303819735266,0.6163763477941644,0.0,0.0,1.8870696490323795,,
selective_risk_under_alternative_fidelity,absolute_effect_rank_agreement,u_only_rf,tian_neuron_crispra,mean_matching,leave_environment_out,env__v~tiankampmann2021%5Fcrispra__v~ipsc-induced%5Fneuron__v~rna__v~baseline,,20.0,0.6146499514629882,0.5571223353458302,0.057527616117157954,0.22012991560347742,0.6064683780949826,0.6193303819735266,0.6163763477941644,0.0,0.0,0.6333323849952961,,
selective_risk_under_alternative_fidelity,absolute_effect_rank_agreement,u_p_rf,tian_neuron_crispra,mean_matching,leave_environment_out,env__v~tiankampmann2021%5Fcrispra__v~ipsc-induced%5Fneuron__v~rna__v~baseline,,20.0,0.6146499514629882,0.5571223353458302,0.057527616117157954,0.19424187651115954,0.6064683780949826,0.6193303819735266,0.6163763477941644,0.0,0.0,0.5811207741802574,,
selective_risk_under_alternative_fidelity,absolute_effect_rank_agreement,u_ps_rf,tian_neuron_crispra,mean_matching,leave_environment_out,env__v~tiankampmann2021%5Fcrispra__v~ipsc-induced%5Fneuron__v~rna__v~baseline,,20.0,0.6146499514629882,0.5571223353458302,0.057527616117157954,0.2368465935796305,0.6064683780949826,0.6193303819735266,0.6163763477941644,0.0,0.0,0.66683417357116,,
selective_risk_under_alternative_fidelity,absolute_effect_rank_agreement,u_psn_rf,tian_neuron_crispra,mean_matching,leave_environment_out,env__v~tiankampmann2021%5Fcrispra__v~ipsc-induced%5Fneuron__v~rna__v~baseline,,20.0,0.6146499514629882,0.5571223353458302,0.057527616117157954,0.21779875967881113,0.6064683780949826,0.6193303819735266,0.6163763477941644,0.0,0.0,0.6286508104359656,,
selective_risk_under_alternative_fidelity,absolute_effect_rank_agreement,ptl_rf,tian_neuron_crispra,mean_matching,leave_environment_out,env__v~tiankampmann2021%5Fcrispra__v~ipsc-induced%5Fneuron__v~rna__v~baseline,,20.0,0.6146499514629882,0.5571223353458302,0.057527616117157954,0.15355868564530026,0.6064683780949826,0.6193303819735266,0.6163763477941644,0.0,0.0,0.49735944682562827,,
selective_risk_under_alternative_fidelity,delta_cosine,raw_normalized_uq,tian_neuron_crispra,mean_matching,leave_predictor_out,,mean_matching,20.0,0.5708410353584028,0.42851968275130725,0.14232135260709555,0.1432992665863925,0.5409119988355089,0.5807406297098888,0.5715857205601154,0.0,0.0,0.47569804513929215,,
selective_risk_under_alternative_fidelity,delta_cosine,best_scalar_uq,tian_neuron_crispra,mean_matching,leave_predictor_out,,mean_matching,20.0,0.5708410353584028,0.42851968275130725,0.14232135260709555,0.04669416553055559,0.5409119988355089,0.5807406297098888,0.5715857205601154,0.0,0.0,0.2434589283405971,,
selective_risk_under_alternative_fidelity,delta_cosine,u_only_rf,tian_neuron_crispra,mean_matching,leave_predictor_out,,mean_matching,20.0,0.5708410353584028,0.42851968275130725,0.14232135260709555,0.004985884389372737,0.5409119988355089,0.5807406297098888,0.5715857205601154,0.0,0.0,0.07322767756270572,,
selective_risk_under_alternative_fidelity,delta_cosine,u_p_rf,tian_neuron_crispra,mean_matching,leave_predictor_out,,mean_matching,20.0,0.5708410353584028,0.42851968275130725,0.14232135260709555,0.043826563806179684,0.5409119988355089,0.5807406297098888,0.5715857205601154,0.0,0.0,0.23489729311617924,,
selective_risk_under_alternative_fidelity,delta_cosine,u_ps_rf,tian_neuron_crispra,mean_matching,leave_predictor_out,,mean_matching,20.0,0.5708410353584028,0.42851968275130725,0.14232135260709555,0.04956418020245614,0.5409119988355089,0.5807406297098888,0.5715857205601154,0.0,0.0,0.25183903436638977,,
selective_risk_under_alternative_fidelity,delta_cosine,u_psn_rf,tian_neuron_crispra,mean_matching,leave_predictor_out,,mean_matching,20.0,0.5708410353584028,0.42851968275130725,0.14232135260709555,0.048671470134503576,0.5409119988355089,0.5807406297098888,0.5715857205601154,0.0,0.0,0.24925156226868256,,
selective_risk_under_alternative_fidelity,delta_cosine,ptl_rf,tian_neuron_crispra,mean_matching,leave_predictor_out,,mean_matching,20.0,0.5708410353584028,0.42851968275130725,0.14232135260709555,0.007868686357787398,0.5409119988355089,0.5807406297098888,0.5715857205601154,0.0,0.0,0.09288929041982014,,
selective_risk_under_alternative_fidelity,centered_delta_cosine,raw_normalized_uq,tian_neuron_crispra,mean_matching,leave_predictor_out,,mean_matching,20.0,0.5744331681510938,0.43457540240838605,0.13985776574270775,0.1432992665863925,0.5423503697780852,0.5851418004602172,0.572014412887615,0.0,0.0,0.47569804513929215,,
selective_risk_under_alternative_fidelity,centered_delta_cosine,best_scalar_uq,tian_neuron_crispra,mean_matching,leave_predictor_out,,mean_matching,20.0,0.5744331681510938,0.43457540240838605,0.13985776574270775,0.04669416553055559,0.5423503697780852,0.5851418004602172,0.572014412887615,0.0,0.0,0.2434589283405971,,
selective_risk_under_alternative_fidelity,centered_delta_cosine,u_only_rf,tian_neuron_crispra,mean_matching,leave_predictor_out,,mean_matching,20.0,0.5744331681510938,0.43457540240838605,0.13985776574270775,0.004985884389372737,0.5423503697780852,0.5851418004602172,0.572014412887615,0.0,0.0,0.07322767756270572,,
selective_risk_under_alternative_fidelity,centered_delta_cosine,u_p_rf,tian_neuron_crispra,mean_matching,leave_predictor_out,,mean_matching,20.0,0.5744331681510938,0.43457540240838605,0.13985776574270775,0.043826563806179684,0.5423503697780852,0.5851418004602172,0.572014412887615,0.0,0.0,0.23489729311617924,,
selective_risk_under_alternative_fidelity,centered_delta_cosine,u_ps_rf,tian_neuron_crispra,mean_matching,leave_predictor_out,,mean_matching,20.0,0.5744331681510938,0.43457540240838605,0.13985776574270775,0.04956418020245614,0.5423503697780852,0.5851418004602172,0.572014412887615,0.0,0.0,0.25183903436638977,,
selective_risk_under_alternative_fidelity,centered_delta_cosine,u_psn_rf,tian_neuron_crispra,mean_matching,leave_predictor_out,,mean_matching,20.0,0.5744331681510938,0.43457540240838605,0.13985776574270775,0.048671470134503576,0.5423503697780852,0.5851418004602172,0.572014412887615,0.0,0.0,0.24925156226868256,,
selective_risk_under_alternative_fidelity,centered_delta_cosine,ptl_rf,tian_neuron_crispra,mean_matching,leave_predictor_out,,mean_matching,20.0,0.5744331681510938,0.43457540240838605,0.13985776574270775,0.007868686357787398,0.5423503697780852,0.5851418004602172,0.572014412887615,0.0,0.0,0.09288929041982014,,
selective_risk_under_alternative_fidelity,absolute_effect_rank_agreement,raw_normalized_uq,tian_neuron_crispra,mean_matching,leave_predictor_out,,mean_matching,20.0,0.6146499514629882,0.5571223353458302,0.057527616117157954,0.1432992665863925,0.6064683780949826,0.6193303819735266,0.6163763477941644,0.0,0.0,0.47569804513929215,,
selective_risk_under_alternative_fidelity,absolute_effect_rank_agreement,best_scalar_uq,tian_neuron_crispra,mean_matching,leave_predictor_out,,mean_matching,20.0,0.6146499514629882,0.5571223353458302,0.057527616117157954,0.04669416553055559,0.6064683780949826,0.6193303819735266,0.6163763477941644,0.0,0.0,0.2434589283405971,,
selective_risk_under_alternative_fidelity,absolute_effect_rank_agreement,u_only_rf,tian_neuron_crispra,mean_matching,leave_predictor_out,,mean_matching,20.0,0.6146499514629882,0.5571223353458302,0.057527616117157954,0.004985884389372737,0.6064683780949826,0.6193303819735266,0.6163763477941644,0.0,0.0,0.07322767756270572,,
selective_risk_under_alternative_fidelity,absolute_effect_rank_agreement,u_p_rf,tian_neuron_crispra,mean_matching,leave_predictor_out,,mean_matching,20.0,0.6146499514629882,0.5571223353458302,0.057527616117157954,0.043826563806179684,0.6064683780949826,0.6193303819735266,0.6163763477941644,0.0,0.0,0.23489729311617924,,
selective_risk_under_alternative_fidelity,absolute_effect_rank_agreement,u_ps_rf,tian_neuron_crispra,mean_matching,leave_predictor_out,,mean_matching,20.0,0.6146499514629882,0.5571223353458302,0.057527616117157954,0.04956418020245614,0.6064683780949826,0.6193303819735266,0.6163763477941644,0.0,0.0,0.25183903436638977,,
selective_risk_under_alternative_fidelity,absolute_effect_rank_agreement,u_psn_rf,tian_neuron_crispra,mean_matching,leave_predictor_out,,mean_matching,20.0,0.6146499514629882,0.5571223353458302,0.057527616117157954,0.048671470134503576,0.6064683780949826,0.6193303819735266,0.6163763477941644,0.0,0.0,0.24925156226868256,,
selective_risk_under_alternative_fidelity,absolute_effect_rank_agreement,ptl_rf,tian_neuron_crispra,mean_matching,leave_predictor_out,,mean_matching,20.0,0.6146499514629882,0.5571223353458302,0.057527616117157954,0.007868686357787398,0.6064683780949826,0.6193303819735266,0.6163763477941644,0.0,0.0,0.09288929041982014,,
selective_risk_under_alternative_fidelity,delta_cosine,raw_normalized_uq,tian_neuron_crispra,slim_string,in_domain,,,20.0,0.586255377857426,0.5076951573460431,0.0785602205113829,0.16145859248275932,0.6418053687470445,0.5890449767720403,0.6058378304905286,0.0,0.125,0.5120313653293327,0.8359375,0.956095768266821
selective_risk_under_alternative_fidelity,delta_cosine,best_scalar_uq,tian_neuron_crispra,slim_string,in_domain,,,20.0,0.6144568998936777,0.5076951573460431,0.1067617425476346,0.218775811282827,0.6418053687470445,0.623155794495635,0.640789299507126,0.19999999999999996,0.1875,0.6524972253545821,0.5859375,0.8887085649880735
selective_risk_under_alternative_fidelity,delta_cosine,u_only_rf,tian_neuron_crispra,slim_string,in_domain,,,20.0,0.6328970477988675,0.5076951573460431,0.12520189045282437,0.1946196754273425,0.6418053687470445,0.6270286932578403,0.6407892995071258,0.19999999999999996,0.1875,0.5746952294572082,0.578125,0.8651934414269941
selective_risk_under_alternative_fidelity,delta_cosine,u_p_rf,tian_neuron_crispra,slim_string,in_domain,,,20.0,0.583409532191825,0.5076951573460431,0.07571437484578192,0.18608432442639064,0.6418053687470445,0.5656209199279848,0.6028962250417259,0.0,0.125,0.5622579458182397,0.84375,0.9640012254901961
selective_risk_under_alternative_fidelity,delta_cosine,u_ps_rf,tian_neuron_crispra,slim_string,in_domain,,,20.0,0.5878225465533605,0.5076951573460431,0.08012738920731743,0.19319323907076053,0.6418053687470445,0.5575336390036556,0.6058378304905285,0.0,0.125,0.5779028037128101,0.859375,0.968452380952381
selective_risk_under_alternative_fidelity,delta_cosine,u_psn_rf,tian_neuron_crispra,slim_string,in_domain,,,20.0,0.5885126272550413,0.5076951573460431,0.08081746990899819,0.19559917504603452,0.6418053687470445,0.5656209199279848,0.6058378304905285,0.0,0.125,0.5835594395385727,0.875,0.9729166666666667
selective_risk_under_alternative_fidelity,delta_cosine,ptl_rf,tian_neuron_crispra,slim_string,in_domain,,,20.0,0.5710996837289231,0.5076951573460431,0.06340452638287997,0.1377620635258208,0.6418053687470445,0.6118288725308534,0.6058378304905285,0.09999999999999998,0.125,0.43275266023092007,0.828125,0.9481793737308444
selective_risk_under_alternative_fidelity,centered_delta_cosine,raw_normalized_uq,tian_neuron_crispra,slim_string,in_domain,,,20.0,0.5869756647688454,0.5108024035041356,0.0761732612647098,0.16145859248275932,0.6404558812647388,0.5914852768763953,0.6023038176344739,0.0,0.125,0.5120313653293327,0.8359375,0.956095768266821
selective_risk_under_alternative_fidelity,centered_delta_cosine,best_scalar_uq,tian_neuron_crispra,slim_string,in_domain,,,20.0,0.6136454760155413,0.5108024035041356,0.10284307251140568,0.218775811282827,0.6404558812647388,0.6182130822345482,0.6381540758960372,0.19999999999999996,0.1875,0.6524972253545821,0.5859375,0.8887085649880735
selective_risk_under_alternative_fidelity,centered_delta_cosine,u_only_rf,tian_neuron_crispra,slim_string,in_domain,,,20.0,0.6287759661299229,0.5108024035041356,0.11797356262578729,0.1946196754273425,0.6404558812647388,0.6249264479203315,0.6381540758960373,0.19999999999999996,0.1875,0.5746952294572082,0.578125,0.8651934414269941
selective_risk_under_alternative_fidelity,centered_delta_cosine,u_p_rf,tian_neuron_crispra,slim_string,in_domain,,,20.0,0.5816905899346174,0.5108024035041356,0.07088818643048178,0.18608432442639064,0.6404558812647388,0.5636860671089832,0.6040827188108668,0.0,0.125,0.5622579458182397,0.84375,0.9640012254901961
selective_risk_under_alternative_fidelity,centered_delta_cosine,u_ps_rf,tian_neuron_crispra,slim_string,in_domain,,,20.0,0.5863490544109679,0.5108024035041356,0.07554665090683221,0.19319323907076053,0.6404558812647388,0.5605541099842825,0.602303817634474,0.0,0.125,0.5779028037128101,0.859375,0.968452380952381
selective_risk_under_alternative_fidelity,centered_delta_cosine,u_psn_rf,tian_neuron_crispra,slim_string,in_domain,,,20.0,0.5863161808562193,0.5108024035041356,0.07551377735208364,0.19559917504603452,0.6404558812647388,0.5636860671089832,0.602303817634474,0.0,0.125,0.5835594395385727,0.875,0.9729166666666667
selective_risk_under_alternative_fidelity,centered_delta_cosine,ptl_rf,tian_neuron_crispra,slim_string,in_domain,,,20.0,0.5706844468909604,0.5108024035041356,0.05988204338682479,0.1377620635258208,0.6404558812647388,0.6072607091787934,0.602303817634474,0.09999999999999998,0.125,0.43275266023092007,0.828125,0.9481793737308444
selective_risk_under_alternative_fidelity,absolute_effect_rank_agreement,raw_normalized_uq,tian_neuron_crispra,slim_string,in_domain,,,20.0,0.6242762343574684,0.6035226143216026,0.020753620035865783,0.16145859248275932,0.6450438224202916,0.6310063816184357,0.6380218638416243,0.0,0.125,0.5120313653293327,0.8359375,0.956095768266821
selective_risk_under_alternative_fidelity,absolute_effect_rank_agreement,best_scalar_uq,tian_neuron_crispra,slim_string,in_domain,,,20.0,0.6322995650145133,0.6035226143216026,0.028776950692910752,0.218775811282827,0.6450438224202916,0.6367833850510611,0.6439536522420769,0.19999999999999996,0.1875,0.6524972253545821,0.5859375,0.8887085649880735
selective_risk_under_alternative_fidelity,absolute_effect_rank_agreement,u_only_rf,tian_neuron_crispra,slim_string,in_domain,,,20.0,0.6458524279162139,0.6035226143216026,0.0423298135946113,0.1946196754273425,0.6450438224202916,0.6464200910849174,0.643953652242077,0.19999999999999996,0.1875,0.5746952294572082,0.578125,0.8651934414269941
selective_risk_under_alternative_fidelity,absolute_effect_rank_agreement,u_p_rf,tian_neuron_crispra,slim_string,in_domain,,,20.0,0.6224516630942912,0.6035226143216026,0.01892904877268864,0.18608432442639064,0.6450438224202916,0.6250105489911573,0.6355646746376324,0.0,0.125,0.5622579458182397,0.84375,0.9640012254901961
selective_risk_under_alternative_fidelity,absolute_effect_rank_agreement,u_ps_rf,tian_neuron_crispra,slim_string,in_domain,,,20.0,0.6252220960931824,0.6035226143216026,0.021699481771579765,0.19319323907076053,0.6450438224202916,0.6212076444892306,0.6380218638416244,0.0,0.125,0.5779028037128101,0.859375,0.968452380952381
selective_risk_under_alternative_fidelity,absolute_effect_rank_agreement,u_psn_rf,tian_neuron_crispra,slim_string,in_domain,,,20.0,0.6269222134682791,0.6035226143216026,0.023399599146676553,0.19559917504603452,0.6450438224202916,0.6250105489911572,0.6380218638416243,0.0,0.125,0.5835594395385727,0.875,0.9729166666666667
selective_risk_under_alternative_fidelity,absolute_effect_rank_agreement,ptl_rf,tian_neuron_crispra,slim_string,in_domain,,,20.0,0.6194526899523884,0.6035226143216026,0.015930075630785856,0.1377620635258208,0.6450438224202916,0.636827228697751,0.6380218638416243,0.09999999999999998,0.125,0.43275266023092007,0.828125,0.9481793737308444
selective_risk_under_alternative_fidelity,delta_cosine,raw_normalized_uq,tian_neuron_crispra,slim_string,leave_environment_out,env__v~tiankampmann2021%5Fcrispra__v~ipsc-induced%5Fneuron__v~rna__v~baseline,,20.0,0.586255377857426,0.5076951573460431,0.0785602205113829,0.1593267126937161,0.6418053687470445,0.5890449767720403,0.6058378304905286,0.0,0.125,0.5034183736830563,0.8359375,0.956095768266821
selective_risk_under_alternative_fidelity,delta_cosine,best_scalar_uq,tian_neuron_crispra,slim_string,leave_environment_out,env__v~tiankampmann2021%5Fcrispra__v~ipsc-induced%5Fneuron__v~rna__v~baseline,,20.0,0.6144568998936777,0.5076951573460431,0.1067617425476346,0.21519402782029048,0.6418053687470445,0.623155794495635,0.640789299507126,0.19999999999999996,0.1875,0.6405889348597721,0.5859375,0.8887085649880735
selective_risk_under_alternative_fidelity,delta_cosine,u_only_rf,tian_neuron_crispra,slim_string,leave_environment_out,env__v~tiankampmann2021%5Fcrispra__v~ipsc-induced%5Fneuron__v~rna__v~baseline,,20.0,0.617566415513333,0.5076951573460431,0.10987125816728993,0.18298797579996845,0.6418053687470445,0.5999941374108684,0.6249433246983763,0.09999999999999998,0.1875,0.546550397367209,0.734375,0.9299561195168781
selective_risk_under_alternative_fidelity,delta_cosine,u_p_rf,tian_neuron_crispra,slim_string,leave_environment_out,env__v~tiankampmann2021%5Fcrispra__v~ipsc-induced%5Fneuron__v~rna__v~baseline,,20.0,0.6018987173154788,0.5076951573460431,0.09420355996943575,0.23721678802737217,0.6418053687470445,0.5830154402901581,0.5981938959070549,0.09999999999999998,0.0625,0.6688614072604048,0.8125,0.9408895882991278
selective_risk_under_alternative_fidelity,delta_cosine,u_ps_rf,tian_neuron_crispra,slim_string,leave_environment_out,env__v~tiankampmann2021%5Fcrispra__v~ipsc-induced%5Fneuron__v~rna__v~baseline,,20.0,0.5907573861206633,0.5076951573460431,0.08306222877462022,0.24305610459990085,0.6418053687470445,0.595603278595817,0.598193895907055,0.09999999999999998,0.0625,0.6809964316742105,0.859375,0.9618965327435722
selective_risk_under_alternative_fidelity,delta_cosine,u_psn_rf,tian_neuron_crispra,slim_string,leave_environment_out,env__v~tiankampmann2021%5Fcrispra__v~ipsc-induced%5Fneuron__v~rna__v~baseline,,20.0,0.5909767637702843,0.5076951573460431,0.0832816064242412,0.2523792983586657,0.6418053687470445,0.5620196161649255,0.6028962250417258,0.09999999999999998,0.125,0.7014645857068518,0.796875,0.9421916716324611
selective_risk_under_alternative_fidelity,delta_cosine,ptl_rf,tian_neuron_crispra,slim_string,leave_environment_out,env__v~tiankampmann2021%5Fcrispra__v~ipsc-induced%5Fneuron__v~rna__v~baseline,,20.0,0.5883536167173338,0.5076951573460431,0.08065845937129068,0.14515335584678682,0.6418053687470445,0.5751550226318027,0.6058378304905286,0.0,0.125,0.45806811842518663,0.8125,0.954790521978022
selective_risk_under_alternative_fidelity,centered_delta_cosine,raw_normalized_uq,tian_neuron_crispra,slim_string,leave_environment_out,env__v~tiankampmann2021%5Fcrispra__v~ipsc-induced%5Fneuron__v~rna__v~baseline,,20.0,0.5869756647688454,0.5108024035041356,0.0761732612647098,0.1593267126937161,0.6404558812647388,0.5914852768763953,0.6023038176344739,0.0,0.125,0.5034183736830563,0.8359375,0.956095768266821
selective_risk_under_alternative_fidelity,centered_delta_cosine,best_scalar_uq,tian_neuron_crispra,slim_string,leave_environment_out,env__v~tiankampmann2021%5Fcrispra__v~ipsc-induced%5Fneuron__v~rna__v~baseline,,20.0,0.6136454760155413,0.5108024035041356,0.10284307251140568,0.21519402782029048,0.6404558812647388,0.6182130822345482,0.6381540758960372,0.19999999999999996,0.1875,0.6405889348597721,0.5859375,0.8887085649880735
selective_risk_under_alternative_fidelity,centered_delta_cosine,u_only_rf,tian_neuron_crispra,slim_string,leave_environment_out,env__v~tiankampmann2021%5Fcrispra__v~ipsc-induced%5Fneuron__v~rna__v~baseline,,20.0,0.6149044961754948,0.5108024035041356,0.10410209267135917,0.18298797579996845,0.6404558812647388,0.5977364772001552,0.6198565999877456,0.09999999999999998,0.1875,0.546550397367209,0.734375,0.9299561195168781
selective_risk_under_alternative_fidelity,centered_delta_cosine,u_p_rf,tian_neuron_crispra,slim_string,leave_environment_out,env__v~tiankampmann2021%5Fcrispra__v~ipsc-induced%5Fneuron__v~rna__v~baseline,,20.0,0.5995874233065672,0.5108024035041356,0.08878501980243159,0.23721678802737217,0.6404558812647388,0.5822604389733845,0.598354287312615,0.09999999999999998,0.0625,0.6688614072604048,0.8125,0.9408895882991278
selective_risk_under_alternative_fidelity,centered_delta_cosine,u_ps_rf,tian_neuron_crispra,slim_string,leave_environment_out,env__v~tiankampmann2021%5Fcrispra__v~ipsc-induced%5Fneuron__v~rna__v~baseline,,20.0,0.5894590580484759,0.5108024035041356,0.07865665454434023,0.24305610459990085,0.6404558812647388,0.5938403579596876,0.5983542873126151,0.09999999999999998,0.0625,0.6809964316742105,0.859375,0.9618965327435722
selective_risk_under_alternative_fidelity,centered_delta_cosine,u_psn_rf,tian_neuron_crispra,slim_string,leave_environment_out,env__v~tiankampmann2021%5Fcrispra__v~ipsc-induced%5Fneuron__v~rna__v~baseline,,20.0,0.5896958259592909,0.5108024035041356,0.0788934224551553,0.2523792983586657,0.6404558812647388,0.5644335632476635,0.6040827188108668,0.09999999999999998,0.125,0.7014645857068518,0.796875,0.9421916716324611
selective_risk_under_alternative_fidelity,centered_delta_cosine,ptl_rf,tian_neuron_crispra,slim_string,leave_environment_out,env__v~tiankampmann2021%5Fcrispra__v~ipsc-induced%5Fneuron__v~rna__v~baseline,,20.0,0.5860541107104266,0.5108024035041356,0.07525170720629093,0.14515335584678682,0.6404558812647388,0.5727341992810603,0.602303817634474,0.0,0.125,0.45806811842518663,0.8125,0.954790521978022
selective_risk_under_alternative_fidelity,absolute_effect_rank_agreement,raw_normalized_uq,tian_neuron_crispra,slim_string,leave_environment_out,env__v~tiankampmann2021%5Fcrispra__v~ipsc-induced%5Fneuron__v~rna__v~baseline,,20.0,0.6242762343574684,0.6035226143216026,0.020753620035865783,0.1593267126937161,0.6450438224202916,0.6310063816184357,0.6380218638416243,0.0,0.125,0.5034183736830563,0.8359375,0.956095768266821
selective_risk_under_alternative_fidelity,absolute_effect_rank_agreement,best_scalar_uq,tian_neuron_crispra,slim_string,leave_environment_out,env__v~tiankampmann2021%5Fcrispra__v~ipsc-induced%5Fneuron__v~rna__v~baseline,,20.0,0.6322995650145133,0.6035226143216026,0.028776950692910752,0.21519402782029048,0.6450438224202916,0.6367833850510611,0.6439536522420769,0.19999999999999996,0.1875,0.6405889348597721,0.5859375,0.8887085649880735
selective_risk_under_alternative_fidelity,absolute_effect_rank_agreement,u_only_rf,tian_neuron_crispra,slim_string,leave_environment_out,env__v~tiankampmann2021%5Fcrispra__v~ipsc-induced%5Fneuron__v~rna__v~baseline,,20.0,0.6401202991085012,0.6035226143216026,0.03659768478689862,0.18298797579996845,0.6450438224202916,0.6328324936623404,0.640059510630216,0.09999999999999998,0.1875,0.546550397367209,0.734375,0.9299561195168781
selective_risk_under_alternative_fidelity,absolute_effect_rank_agreement,u_p_rf,tian_neuron_crispra,slim_string,leave_environment_out,env__v~tiankampmann2021%5Fcrispra__v~ipsc-induced%5Fneuron__v~rna__v~baseline,,20.0,0.6321212535668983,0.6035226143216026,0.02859863924529571,0.23721678802737217,0.6450438224202916,0.6262431542058984,0.6346170181244474,0.09999999999999998,0.0625,0.6688614072604048,0.8125,0.9408895882991278
selective_risk_under_alternative_fidelity,absolute_effect_rank_agreement,u_ps_rf,tian_neuron_crispra,slim_string,leave_environment_out,env__v~tiankampmann2021%5Fcrispra__v~ipsc-induced%5Fneuron__v~rna__v~baseline,,20.0,0.6299762924145882,0.6035226143216026,0.0264536780929856,0.24305610459990085,0.6450438224202916,0.6293131519097586,0.6346170181244475,0.09999999999999998,0.0625,0.6809964316742105,0.859375,0.9618965327435722
selective_risk_under_alternative_fidelity,absolute_effect_rank_agreement,u_psn_rf,tian_neuron_crispra,slim_string,leave_environment_out,env__v~tiankampmann2021%5Fcrispra__v~ipsc-induced%5Fneuron__v~rna__v~baseline,,20.0,0.6295740728006299,0.6035226143216026,0.026051458479027345,0.2523792983586657,0.6450438224202916,0.6189556111178401,0.6355646746376326,0.09999999999999998,0.125,0.7014645857068518,0.796875,0.9421916716324611
selective_risk_under_alternative_fidelity,absolute_effect_rank_agreement,ptl_rf,tian_neuron_crispra,slim_string,leave_environment_out,env__v~tiankampmann2021%5Fcrispra__v~ipsc-induced%5Fneuron__v~rna__v~baseline,,20.0,0.6338100244278752,0.6035226143216026,0.03028741010627256,0.14515335584678682,0.6450438224202916,0.6299657054527794,0.6380218638416243,0.0,0.125,0.45806811842518663,0.8125,0.954790521978022
selective_risk_under_alternative_fidelity,delta_cosine,raw_normalized_uq,tian_neuron_crispra,slim_string,leave_predictor_out,,slim_string,20.0,0.5862408415055863,0.5076951573460431,0.07854568415954322,0.5871704863218861,0.6418053687470445,0.5890449767720403,0.6058378304905286,0.0,0.125,1.7603413475259582,0.9266666666666666,0.9770760233918129
selective_risk_under_alternative_fidelity,delta_cosine,best_scalar_uq,tian_neuron_crispra,slim_string,leave_predictor_out,,slim_string,20.0,0.616625635724922,0.5076951573460431,0.10893047837887893,0.4679483575316702,0.6418053687470445,0.623155794495635,0.640789299507126,0.19999999999999996,0.1875,1.378050968625979,0.7,0.8946224693206117
selective_risk_under_alternative_fidelity,delta_cosine,u_only_rf,tian_neuron_crispra,slim_string,leave_predictor_out,,slim_string,20.0,0.7137835205953045,0.5076951573460431,0.20608836324926139,0.3518577185214941,0.6418053687470445,0.7189177194813696,0.6886411363104115,0.5,0.3125,0.9107154851275168,0.21333333333333335,0.6826317544970796
selective_risk_under_alternative_fidelity,delta_cosine,u_p_rf,tian_neuron_crispra,slim_string,leave_predictor_out,,slim_string,20.0,0.6613754276191177,0.5076951573460431,0.15368027027307463,0.37575097582651884,0.6418053687470445,0.6423828617549578,0.6548221407201972,0.30000000000000004,0.3125,0.9789126995545254,0.4,0.750683980049305
selective_risk_under_alternative_fidelity,delta_cosine,u_ps_rf,tian_neuron_crispra,slim_string,leave_predictor_out,,slim_string,20.0,0.6539112945312997,0.5076951573460431,0.1462161371852566,0.37301909408329437,0.6418053687470445,0.6309410565614051,0.6548221407201972,0.30000000000000004,0.3125,0.9682822811455752,0.41333333333333333,0.7570331863985115
selective_risk_under_alternative_fidelity,delta_cosine,u_psn_rf,tian_neuron_crispra,slim_string,leave_predictor_out,,slim_string,20.0,0.6600065262220854,0.5076951573460431,0.15231136887604235,0.3758090234876446,0.6418053687470445,0.6423828617549578,0.6548221407201972,0.30000000000000004,0.3125,0.9742169213711621,0.4,0.750683980049305
selective_risk_under_alternative_fidelity,delta_cosine,ptl_rf,tian_neuron_crispra,slim_string,leave_predictor_out,,slim_string,20.0,0.6586285689561227,0.5076951573460431,0.15093341161007956,0.2048428218034018,0.6418053687470445,0.6290092044890268,0.6540721546461284,0.30000000000000004,0.3125,0.5972415956294889,0.4533333333333333,0.7852077895731145
selective_risk_under_alternative_fidelity,centered_delta_cosine,raw_normalized_uq,tian_neuron_crispra,slim_string,leave_predictor_out,,slim_string,20.0,0.5867916609605056,0.5108024035041356,0.07598925745636997,0.5871704863218861,0.6404558812647388,0.5914852768763953,0.6023038176344739,0.0,0.125,1.7603413475259582,0.9266666666666666,0.9770760233918129
selective_risk_under_alternative_fidelity,centered_delta_cosine,best_scalar_uq,tian_neuron_crispra,slim_string,leave_predictor_out,,slim_string,20.0,0.616080026811801,0.5108024035041356,0.10527762330766532,0.4679483575316702,0.6404558812647388,0.6182130822345483,0.6381540758960373,0.19999999999999996,0.1875,1.378050968625979,0.7,0.8946224693206117
selective_risk_under_alternative_fidelity,centered_delta_cosine,u_only_rf,tian_neuron_crispra,slim_string,leave_predictor_out,,slim_string,20.0,0.7111559979242247,0.5108024035041356,0.20035359442008904,0.3518577185214941,0.6404558812647388,0.7147282361286853,0.684438445580512,0.5,0.3125,0.9107154851275168,0.21333333333333335,0.6826317544970796
selective_risk_under_alternative_fidelity,centered_delta_cosine,u_p_rf,tian_neuron_crispra,slim_string,leave_predictor_out,,slim_string,20.0,0.6604051353077398,0.5108024035041356,0.14960273180360417,0.37575097582651884,0.6404558812647388,0.6454780459225571,0.654998632617343,0.30000000000000004,0.3125,0.9789126995545254,0.4,0.750683980049305
selective_risk_under_alternative_fidelity,centered_delta_cosine,u_ps_rf,tian_neuron_crispra,slim_string,leave_predictor_out,,slim_string,20.0,0.6531027728635279,0.5108024035041356,0.14230036935939228,0.37301909408329437,0.6404558812647388,0.6384635895067049,0.654998632617343,0.30000000000000004,0.3125,0.9682822811455752,0.41333333333333333,0.7570331863985115
selective_risk_under_alternative_fidelity,centered_delta_cosine,u_psn_rf,tian_neuron_crispra,slim_string,leave_predictor_out,,slim_string,20.0,0.6593358629869447,0.5108024035041356,0.14853345948280905,0.3758090234876446,0.6404558812647388,0.6454780459225571,0.654998632617343,0.30000000000000004,0.3125,0.9742169213711621,0.4,0.750683980049305
selective_risk_under_alternative_fidelity,centered_delta_cosine,ptl_rf,tian_neuron_crispra,slim_string,leave_predictor_out,,slim_string,20.0,0.6616808848085309,0.5108024035041356,0.1508784813043953,0.2048428218034018,0.6404558812647388,0.6377748998053034,0.6557289972281418,0.30000000000000004,0.3125,0.5972415956294889,0.4533333333333333,0.7852077895731145
selective_risk_under_alternative_fidelity,absolute_effect_rank_agreement,raw_normalized_uq,tian_neuron_crispra,slim_string,leave_predictor_out,,slim_string,20.0,0.6246224879687106,0.6035226143216026,0.02109987364710797,0.5871704863218861,0.6450438224202916,0.6310063816184357,0.6380218638416243,0.0,0.125,1.7603413475259582,0.9266666666666666,0.9770760233918129
selective_risk_under_alternative_fidelity,absolute_effect_rank_agreement,best_scalar_uq,tian_neuron_crispra,slim_string,leave_predictor_out,,slim_string,20.0,0.6327914342783678,0.6035226143216026,0.029268819956765224,0.4679483575316702,0.6450438224202916,0.6367833850510611,0.6439536522420769,0.19999999999999996,0.1875,1.378050968625979,0.7,0.8946224693206117
selective_risk_under_alternative_fidelity,absolute_effect_rank_agreement,u_only_rf,tian_neuron_crispra,slim_string,leave_predictor_out,,slim_string,20.0,0.6582396723446673,0.6035226143216026,0.0547170580230647,0.3518577185214941,0.6450438224202916,0.661189200796662,0.6602806565247672,0.5,0.3125,0.9107154851275168,0.21333333333333335,0.6826317544970796
selective_risk_under_alternative_fidelity,absolute_effect_rank_agreement,u_p_rf,tian_neuron_crispra,slim_string,leave_predictor_out,,slim_string,20.0,0.6429991637522814,0.6035226143216026,0.0394765494306788,0.37575097582651884,0.6450438224202916,0.6336970645467666,0.6448640026683552,0.30000000000000004,0.3125,0.9789126995545254,0.4,0.750683980049305
selective_risk_under_alternative_fidelity,absolute_effect_rank_agreement,u_ps_rf,tian_neuron_crispra,slim_string,leave_predictor_out,,slim_string,20.0,0.6409605385079691,0.6035226143216026,0.03743792418636649,0.37301909408329437,0.6450438224202916,0.6304341806205047,0.6448640026683552,0.30000000000000004,0.3125,0.9682822811455752,0.41333333333333333,0.7570331863985115
selective_risk_under_alternative_fidelity,absolute_effect_rank_agreement,u_psn_rf,tian_neuron_crispra,slim_string,leave_predictor_out,,slim_string,20.0,0.6426284742777574,0.6035226143216026,0.03910585995615479,0.3758090234876446,0.6450438224202916,0.6336970645467666,0.6448640026683552,0.30000000000000004,0.3125,0.9742169213711621,0.4,0.750683980049305
selective_risk_under_alternative_fidelity,absolute_effect_rank_agreement,ptl_rf,tian_neuron_crispra,slim_string,leave_predictor_out,,slim_string,20.0,0.6429280012490401,0.6035226143216026,0.03940538692743756,0.2048428218034018,0.6450438224202916,0.6307445561877003,0.6448250751697914,0.30000000000000004,0.3125,0.5972415956294889,0.4533333333333333,0.7852077895731145
selective_risk_under_alternative_fidelity,delta_cosine,raw_normalized_uq,tian_neuron_crispra,strong_linear,in_domain,,,20.0,0.5569310771135672,0.43716738807731065,0.1197636890362565,0.34873269711112653,0.5535458353021173,0.564641228064296,0.5179382512062587,0.0,0.0,0.9571516300025971,1.0,1.0
selective_risk_under_alternative_fidelity,delta_cosine,best_scalar_uq,tian_neuron_crispra,strong_linear,in_domain,,,20.0,0.5585156953227723,0.43716738807731065,0.1213483072454617,0.16046134402770454,0.5535458353021173,0.5492870779885034,0.5264276430358227,0.0,0.0,0.48714777375492335,1.0,0.9999999999999998
selective_risk_under_alternative_fidelity,delta_cosine,u_only_rf,tian_neuron_crispra,strong_linear,in_domain,,,20.0,0.5567422150403147,0.43716738807731065,0.11957482696300409,0.1968502611029983,0.5535458353021173,0.5492870779885034,0.5145082872360869,0.0,0.0,0.5580840862921951,0.9473684210526315,0.9973684210526315
selective_risk_under_alternative_fidelity,delta_cosine,u_p_rf,tian_neuron_crispra,strong_linear,in_domain,,,20.0,0.5495093812105096,0.43716738807731065,0.11234199313319898,0.1543387784313351,0.5535458353021173,0.5492870779885035,0.5232822873557342,0.0,0.0,0.46778820355581113,0.8947368421052632,0.9945983379501384
selective_risk_under_alternative_fidelity,delta_cosine,u_ps_rf,tian_neuron_crispra,strong_linear,in_domain,,,20.0,0.5557945487875224,0.43716738807731065,0.11862716071021179,0.16892075498917922,0.5535458353021173,0.5492870779885035,0.5264276430358228,0.0,0.0,0.5036244209648157,0.8947368421052632,0.9945983379501384
selective_risk_under_alternative_fidelity,delta_cosine,u_psn_rf,tian_neuron_crispra,strong_linear,in_domain,,,20.0,0.5559585804622313,0.43716738807731065,0.1187911923849207,0.18440972031434644,0.5535458353021173,0.5492870779885035,0.5264276430358228,0.0,0.0,0.541194606791268,0.8947368421052632,0.9945983379501384
selective_risk_under_alternative_fidelity,delta_cosine,ptl_rf,tian_neuron_crispra,strong_linear,in_domain,,,20.0,0.5518677486698395,0.43716738807731065,0.1147003605925288,0.0542208447427357,0.5535458353021173,0.5492870779885035,0.5264276430358228,0.0,0.0,0.22788366584186565,1.0,0.9999999999999998
selective_risk_under_alternative_fidelity,centered_delta_cosine,raw_normalized_uq,tian_neuron_crispra,strong_linear,in_domain,,,20.0,0.5566379959623634,0.4430237812200274,0.11361421474233602,0.34873269711112653,0.5539136657667724,0.56126590852948,0.5204778481501331,0.0,0.0,0.9571516300025971,1.0,1.0
selective_risk_under_alternative_fidelity,centered_delta_cosine,best_scalar_uq,tian_neuron_crispra,strong_linear,in_domain,,,20.0,0.5587967582280384,0.4430237812200274,0.11577297700801104,0.16046134402770454,0.5539136657667724,0.5477821085051828,0.5287886227167237,0.0,0.0,0.48714777375492335,1.0,0.9999999999999998
selective_risk_under_alternative_fidelity,centered_delta_cosine,u_only_rf,tian_neuron_crispra,strong_linear,in_domain,,,20.0,0.553609960125176,0.4430237812200274,0.11058617890514866,0.1968502611029983,0.5539136657667724,0.5477821085051828,0.5165791778156528,0.0,0.0,0.5580840862921951,0.9473684210526315,0.9973684210526315
selective_risk_under_alternative_fidelity,centered_delta_cosine,u_p_rf,tian_neuron_crispra,strong_linear,in_domain,,,20.0,0.5479288365160178,0.4430237812200274,0.10490505529599037,0.1543387784313351,0.5539136657667724,0.5477821085051828,0.5249780382328082,0.0,0.0,0.46778820355581113,0.8947368421052632,0.9945983379501384
selective_risk_under_alternative_fidelity,centered_delta_cosine,u_ps_rf,tian_neuron_crispra,strong_linear,in_domain,,,20.0,0.555081313546445,0.4430237812200274,0.11205753232641757,0.16892075498917922,0.5539136657667724,0.5477821085051828,0.5287886227167236,0.0,0.0,0.5036244209648157,0.8947368421052632,0.9945983379501384
selective_risk_under_alternative_fidelity,centered_delta_cosine,u_psn_rf,tian_neuron_crispra,strong_linear,in_domain,,,20.0,0.5538594965107683,0.4430237812200274,0.11083571529074088,0.18440972031434644,0.5539136657667724,0.5477821085051828,0.5287886227167236,0.0,0.0,0.541194606791268,0.8947368421052632,0.9945983379501384
selective_risk_under_alternative_fidelity,centered_delta_cosine,ptl_rf,tian_neuron_crispra,strong_linear,in_domain,,,20.0,0.5495408993309542,0.4430237812200274,0.10651711811092679,0.0542208447427357,0.5539136657667724,0.5477821085051829,0.5287886227167237,0.0,0.0,0.22788366584186565,1.0,0.9999999999999998
selective_risk_under_alternative_fidelity,absolute_effect_rank_agreement,raw_normalized_uq,tian_neuron_crispra,strong_linear,in_domain,,,20.0,0.6202865489873727,0.5678690208717054,0.052417528115667245,0.34873269711112653,0.6134967368763823,0.6210421348894009,0.6036260959902979,0.0,0.0,0.9571516300025971,1.0,1.0
selective_risk_under_alternative_fidelity,absolute_effect_rank_agreement,best_scalar_uq,tian_neuron_crispra,strong_linear,in_domain,,,20.0,0.6203929267707198,0.5678690208717054,0.052523905899014345,0.16046134402770454,0.6134967368763823,0.6160705260988241,0.6054812362515433,0.0,0.0,0.48714777375492335,1.0,0.9999999999999998
selective_risk_under_alternative_fidelity,absolute_effect_rank_agreement,u_only_rf,tian_neuron_crispra,strong_linear,in_domain,,,20.0,0.6237261473475394,0.5678690208717054,0.05585712647583396,0.1968502611029983,0.6134967368763823,0.6160705260988241,0.6015491789339491,0.0,0.0,0.5580840862921951,0.9473684210526315,0.9973684210526315
selective_risk_under_alternative_fidelity,absolute_effect_rank_agreement,u_p_rf,tian_neuron_crispra,strong_linear,in_domain,,,20.0,0.6211935617543897,0.5678690208717054,0.053324540882684235,0.1543387784313351,0.6134967368763823,0.616070526098824,0.6069890043435965,0.0,0.0,0.46778820355581113,0.8947368421052632,0.9945983379501384
selective_risk_under_alternative_fidelity,absolute_effect_rank_agreement,u_ps_rf,tian_neuron_crispra,strong_linear,in_domain,,,20.0,0.6226744291675097,0.5678690208717054,0.05480540829580427,0.16892075498917922,0.6134967368763823,0.6160705260988241,0.6054812362515433,0.0,0.0,0.5036244209648157,0.8947368421052632,0.9945983379501384
selective_risk_under_alternative_fidelity,absolute_effect_rank_agreement,u_psn_rf,tian_neuron_crispra,strong_linear,in_domain,,,20.0,0.6225950966615896,0.5678690208717054,0.0547260757898842,0.18440972031434644,0.6134967368763823,0.6160705260988241,0.6054812362515433,0.0,0.0,0.541194606791268,0.8947368421052632,0.9945983379501384
selective_risk_under_alternative_fidelity,absolute_effect_rank_agreement,ptl_rf,tian_neuron_crispra,strong_linear,in_domain,,,20.0,0.6198892203179163,0.5678690208717054,0.052020199446210835,0.0542208447427357,0.6134967368763823,0.6160705260988243,0.6054812362515434,0.0,0.0,0.22788366584186565,1.0,0.9999999999999998
selective_risk_under_alternative_fidelity,delta_cosine,raw_normalized_uq,tian_neuron_crispra,strong_linear,leave_environment_out,env__v~tiankampmann2021%5Fcrispra__v~ipsc-induced%5Fneuron__v~rna__v~baseline,,20.0,0.5569310771135672,0.43716738807731065,0.1197636890362565,0.343846432903672,0.5535458353021173,0.564641228064296,0.5179382512062587,0.0,0.0,0.9482639194118203,1.0,1.0
selective_risk_under_alternative_fidelity,delta_cosine,best_scalar_uq,tian_neuron_crispra,strong_linear,leave_environment_out,env__v~tiankampmann2021%5Fcrispra__v~ipsc-induced%5Fneuron__v~rna__v~baseline,,20.0,0.5585156953227723,0.43716738807731065,0.1213483072454617,0.1452856284506116,0.5535458353021173,0.5492870779885034,0.5264276430358227,0.0,0.0,0.4537220253779467,1.0,0.9999999999999998
selective_risk_under_alternative_fidelity,delta_cosine,u_only_rf,tian_neuron_crispra,strong_linear,leave_environment_out,env__v~tiankampmann2021%5Fcrispra__v~ipsc-induced%5Fneuron__v~rna__v~baseline,,20.0,0.5708106375379668,0.43716738807731065,0.13364324946065614,0.24358654386285067,0.5535458353021173,0.5492870779885034,0.5145082872360869,0.0,0.0,0.6793282381013123,0.9473684210526315,0.9973684210526315
selective_risk_under_alternative_fidelity,delta_cosine,u_p_rf,tian_neuron_crispra,strong_linear,leave_environment_out,env__v~tiankampmann2021%5Fcrispra__v~ipsc-induced%5Fneuron__v~rna__v~baseline,,20.0,0.49644515946680734,0.43716738807731065,0.05927777138949669,0.2625750431905451,0.5535458353021173,0.5048777206508477,0.5180115145139347,0.0,0.0,0.7184634193291874,0.8947368421052632,0.9945983379501384
selective_risk_under_alternative_fidelity,delta_cosine,u_ps_rf,tian_neuron_crispra,strong_linear,leave_environment_out,env__v~tiankampmann2021%5Fcrispra__v~ipsc-induced%5Fneuron__v~rna__v~baseline,,20.0,0.48828924422313336,0.43716738807731065,0.05112185614582271,0.294804967388527,0.5535458353021173,0.5132188285634852,0.5288685683228604,0.0,0.0,0.7833716531982693,1.0,0.9999999999999998
selective_risk_under_alternative_fidelity,delta_cosine,u_psn_rf,tian_neuron_crispra,strong_linear,leave_environment_out,env__v~tiankampmann2021%5Fcrispra__v~ipsc-induced%5Fneuron__v~rna__v~baseline,,20.0,0.491527388515755,0.43716738807731065,0.054360000438444356,0.31511048576238854,0.5535458353021173,0.5250728833856337,0.5288685683228604,0.0,0.0,0.824413382599513,1.0,0.9999999999999998
selective_risk_under_alternative_fidelity,delta_cosine,ptl_rf,tian_neuron_crispra,strong_linear,leave_environment_out,env__v~tiankampmann2021%5Fcrispra__v~ipsc-induced%5Fneuron__v~rna__v~baseline,,20.0,0.5359161615711158,0.43716738807731065,0.09874877349380512,0.11024254938994975,0.5535458353021173,0.5646412280642961,0.5339888063758451,0.0,0.0,0.39931169366285013,1.0,0.9999999999999998
selective_risk_under_alternative_fidelity,centered_delta_cosine,raw_normalized_uq,tian_neuron_crispra,strong_linear,leave_environment_out,env__v~tiankampmann2021%5Fcrispra__v~ipsc-induced%5Fneuron__v~rna__v~baseline,,20.0,0.5566379959623634,0.4430237812200274,0.11361421474233602,0.343846432903672,0.5539136657667724,0.56126590852948,0.5204778481501331,0.0,0.0,0.9482639194118203,1.0,1.0
selective_risk_under_alternative_fidelity,centered_delta_cosine,best_scalar_uq,tian_neuron_crispra,strong_linear,leave_environment_out,env__v~tiankampmann2021%5Fcrispra__v~ipsc-induced%5Fneuron__v~rna__v~baseline,,20.0,0.5587967582280384,0.4430237812200274,0.11577297700801104,0.1452856284506116,0.5539136657667724,0.5477821085051828,0.5287886227167237,0.0,0.0,0.4537220253779467,1.0,0.9999999999999998
selective_risk_under_alternative_fidelity,centered_delta_cosine,u_only_rf,tian_neuron_crispra,strong_linear,leave_environment_out,env__v~tiankampmann2021%5Fcrispra__v~ipsc-induced%5Fneuron__v~rna__v~baseline,,20.0,0.5674679951721345,0.4430237812200274,0.12444421395210714,0.24358654386285067,0.5539136657667724,0.5477821085051828,0.5165791778156528,0.0,0.0,0.6793282381013123,0.9473684210526315,0.9973684210526315
selective_risk_under_alternative_fidelity,centered_delta_cosine,u_p_rf,tian_neuron_crispra,strong_linear,leave_environment_out,env__v~tiankampmann2021%5Fcrispra__v~ipsc-induced%5Fneuron__v~rna__v~baseline,,20.0,0.5011439551530706,0.4430237812200274,0.05812017393304325,0.2625750431905451,0.5539136657667724,0.5095554812897153,0.52036850772595,0.0,0.0,0.7184634193291874,0.8947368421052632,0.9945983379501384
selective_risk_under_alternative_fidelity,centered_delta_cosine,u_ps_rf,tian_neuron_crispra,strong_linear,leave_environment_out,env__v~tiankampmann2021%5Fcrispra__v~ipsc-induced%5Fneuron__v~rna__v~baseline,,20.0,0.49344270554967523,0.4430237812200274,0.05041892432964784,0.294804967388527,0.5539136657667724,0.5195993607595183,0.5275607157618347,0.0,0.0,0.7833716531982693,1.0,0.9999999999999998
selective_risk_under_alternative_fidelity,centered_delta_cosine,u_psn_rf,tian_neuron_crispra,strong_linear,leave_environment_out,env__v~tiankampmann2021%5Fcrispra__v~ipsc-induced%5Fneuron__v~rna__v~baseline,,20.0,0.4968877647156414,0.4430237812200274,0.053863983495614,0.31511048576238854,0.5539136657667724,0.526130571304672,0.5275607157618348,0.0,0.0,0.824413382599513,1.0,0.9999999999999998
selective_risk_under_alternative_fidelity,centered_delta_cosine,ptl_rf,tian_neuron_crispra,strong_linear,leave_environment_out,env__v~tiankampmann2021%5Fcrispra__v~ipsc-induced%5Fneuron__v~rna__v~baseline,,20.0,0.5341462189669526,0.4430237812200274,0.09112243774692519,0.11024254938994975,0.5539136657667724,0.56126590852948,0.5311269392938059,0.0,0.0,0.39931169366285013,1.0,0.9999999999999998
selective_risk_under_alternative_fidelity,absolute_effect_rank_agreement,raw_normalized_uq,tian_neuron_crispra,strong_linear,leave_environment_out,env__v~tiankampmann2021%5Fcrispra__v~ipsc-induced%5Fneuron__v~rna__v~baseline,,20.0,0.6202865489873727,0.5678690208717054,0.052417528115667245,0.343846432903672,0.6134967368763823,0.6210421348894009,0.6036260959902979,0.0,0.0,0.9482639194118203,1.0,1.0
selective_risk_under_alternative_fidelity,absolute_effect_rank_agreement,best_scalar_uq,tian_neuron_crispra,strong_linear,leave_environment_out,env__v~tiankampmann2021%5Fcrispra__v~ipsc-induced%5Fneuron__v~rna__v~baseline,,20.0,0.6203929267707198,0.5678690208717054,0.052523905899014345,0.1452856284506116,0.6134967368763823,0.6160705260988241,0.6054812362515433,0.0,0.0,0.4537220253779467,1.0,0.9999999999999998
selective_risk_under_alternative_fidelity,absolute_effect_rank_agreement,u_only_rf,tian_neuron_crispra,strong_linear,leave_environment_out,env__v~tiankampmann2021%5Fcrispra__v~ipsc-induced%5Fneuron__v~rna__v~baseline,,20.0,0.6237480649472744,0.5678690208717054,0.055879044075568984,0.24358654386285067,0.6134967368763823,0.6160705260988241,0.6015491789339491,0.0,0.0,0.6793282381013123,0.9473684210526315,0.9973684210526315
selective_risk_under_alternative_fidelity,absolute_effect_rank_agreement,u_p_rf,tian_neuron_crispra,strong_linear,leave_environment_out,env__v~tiankampmann2021%5Fcrispra__v~ipsc-induced%5Fneuron__v~rna__v~baseline,,20.0,0.5964990670857195,0.5678690208717054,0.028630046214014104,0.2625750431905451,0.6134967368763823,0.6052530032928869,0.6035375849785115,0.0,0.0,0.7184634193291874,0.8947368421052632,0.9945983379501384
selective_risk_under_alternative_fidelity,absolute_effect_rank_agreement,u_ps_rf,tian_neuron_crispra,strong_linear,leave_environment_out,env__v~tiankampmann2021%5Fcrispra__v~ipsc-induced%5Fneuron__v~rna__v~baseline,,20.0,0.594205179029317,0.5678690208717054,0.02633615815761159,0.294804967388527,0.6134967368763823,0.6060445320963659,0.6088461868146375,0.0,0.0,0.7833716531982693,1.0,0.9999999999999998
selective_risk_under_alternative_fidelity,absolute_effect_rank_agreement,u_psn_rf,tian_neuron_crispra,strong_linear,leave_environment_out,env__v~tiankampmann2021%5Fcrispra__v~ipsc-induced%5Fneuron__v~rna__v~baseline,,20.0,0.5940624528909015,0.5678690208717054,0.026193432019196106,0.31511048576238854,0.6134967368763823,0.6085453630858707,0.6088461868146375,0.0,0.0,0.824413382599513,1.0,0.9999999999999998
selective_risk_under_alternative_fidelity,absolute_effect_rank_agreement,ptl_rf,tian_neuron_crispra,strong_linear,leave_environment_out,env__v~tiankampmann2021%5Fcrispra__v~ipsc-induced%5Fneuron__v~rna__v~baseline,,20.0,0.6050748913191104,0.5678690208717054,0.037205870447404976,0.11024254938994975,0.6134967368763823,0.6210421348894009,0.6097182384618257,0.0,0.0,0.39931169366285013,1.0,0.9999999999999998
selective_risk_under_alternative_fidelity,delta_cosine,raw_normalized_uq,tian_neuron_crispra,strong_linear,leave_predictor_out,,strong_linear,20.0,0.5603643073747472,0.43716738807731065,0.12319691929743654,0.22502811252972962,0.5535458353021173,0.564641228064296,0.5179382512062587,0.0,0.0,0.6382358723739294,1.0,1.0
selective_risk_under_alternative_fidelity,delta_cosine,best_scalar_uq,tian_neuron_crispra,strong_linear,leave_predictor_out,,strong_linear,20.0,0.5585156953227723,0.43716738807731065,0.1213483072454617,0.2105235398899382,0.5535458353021173,0.5492870779885034,0.5264276430358227,0.0,0.0,0.6041550477007078,1.0,0.9999999999999999
selective_risk_under_alternative_fidelity,delta_cosine,u_only_rf,tian_neuron_crispra,strong_linear,leave_predictor_out,,strong_linear,20.0,0.574518793594675,0.43716738807731065,0.1373514055173643,0.4577203643215634,0.5535458353021173,0.5997620411600426,0.5635513457305642,0.09999999999999998,0.0625,1.2068963264583779,0.3157894736842105,0.9471114466164978
selective_risk_under_alternative_fidelity,delta_cosine,u_p_rf,tian_neuron_crispra,strong_linear,leave_predictor_out,,strong_linear,20.0,0.5774481109935957,0.43716738807731065,0.14028072291628507,0.4251645845686941,0.5535458353021173,0.6066650102205358,0.5635513457305643,0.09999999999999998,0.0625,1.0909728246562933,0.47368421052631576,0.9648015050960299
selective_risk_under_alternative_fidelity,delta_cosine,u_ps_rf,tian_neuron_crispra,strong_linear,leave_predictor_out,,strong_linear,20.0,0.5715561986746712,0.43716738807731065,0.13438881059736058,0.4284598688206607,0.5535458353021173,0.5726398858943799,0.5635513457305642,0.0,0.0625,1.0950492161719465,0.7894736842105263,0.988578386109753
selective_risk_under_alternative_fidelity,delta_cosine,u_psn_rf,tian_neuron_crispra,strong_linear,leave_predictor_out,,strong_linear,20.0,0.5655460664194117,0.43716738807731065,0.1283786783421011,0.4025264963793183,0.5535458353021173,0.5588160033049735,0.5294590945799262,0.0,0.0,1.0349786419902283,0.8421052631578947,0.9916743613419512
selective_risk_under_alternative_fidelity,delta_cosine,ptl_rf,tian_neuron_crispra,strong_linear,leave_predictor_out,,strong_linear,20.0,0.5515894059854078,0.43716738807731065,0.1144220179080972,0.0816114711604525,0.5535458353021173,0.564641228064296,0.5383259629930716,0.0,0.0,0.3250388597345273,1.0,0.9999999999999998
selective_risk_under_alternative_fidelity,centered_delta_cosine,raw_normalized_uq,tian_neuron_crispra,strong_linear,leave_predictor_out,,strong_linear,20.0,0.5583028991969727,0.4430237812200274,0.11527911797694534,0.22502811252972962,0.5539136657667724,0.56126590852948,0.5204778481501331,0.0,0.0,0.6382358723739294,1.0,1.0
selective_risk_under_alternative_fidelity,centered_delta_cosine,best_scalar_uq,tian_neuron_crispra,strong_linear,leave_predictor_out,,strong_linear,20.0,0.5587967582280384,0.4430237812200274,0.11577297700801104,0.2105235398899382,0.5539136657667724,0.5477821085051828,0.5287886227167237,0.0,0.0,0.6041550477007078,1.0,0.9999999999999999
selective_risk_under_alternative_fidelity,centered_delta_cosine,u_only_rf,tian_neuron_crispra,strong_linear,leave_predictor_out,,strong_linear,20.0,0.5775322333494619,0.4430237812200274,0.13450845212943452,0.4577203643215634,0.5539136657667724,0.5981415948031947,0.5665172578111886,0.09999999999999998,0.0625,1.2068963264583779,0.3157894736842105,0.9471114466164978
selective_risk_under_alternative_fidelity,centered_delta_cosine,u_p_rf,tian_neuron_crispra,strong_linear,leave_predictor_out,,strong_linear,20.0,0.5801840357274418,0.4430237812200274,0.13716025450741443,0.4251645845686941,0.5539136657667724,0.6069995740562347,0.5665172578111883,0.09999999999999998,0.0625,1.0909728246562933,0.47368421052631576,0.9648015050960299
selective_risk_under_alternative_fidelity,centered_delta_cosine,u_ps_rf,tian_neuron_crispra,strong_linear,leave_predictor_out,,strong_linear,20.0,0.5734256480182826,0.4430237812200274,0.13040186679825516,0.4284598688206607,0.5539136657667724,0.5704746792221134,0.5665172578111883,0.0,0.0625,1.0950492161719465,0.7894736842105263,0.988578386109753
selective_risk_under_alternative_fidelity,centered_delta_cosine,u_psn_rf,tian_neuron_crispra,strong_linear,leave_predictor_out,,strong_linear,20.0,0.5664195985436522,0.4430237812200274,0.12339581732362481,0.4025264963793183,0.5539136657667724,0.5555081487557494,0.5319675933124374,0.0,0.0,1.0349786419902283,0.8421052631578947,0.9916743613419512
selective_risk_under_alternative_fidelity,centered_delta_cosine,ptl_rf,tian_neuron_crispra,strong_linear,leave_predictor_out,,strong_linear,20.0,0.5512498468356022,0.4430237812200274,0.1082260656155748,0.0816114711604525,0.5539136657667724,0.5612659085294801,0.5345377699546408,0.0,0.0,0.3250388597345273,1.0,0.9999999999999998
selective_risk_under_alternative_fidelity,absolute_effect_rank_agreement,raw_normalized_uq,tian_neuron_crispra,strong_linear,leave_predictor_out,,strong_linear,20.0,0.6197565507613182,0.5678690208717054,0.05188752988961276,0.22502811252972962,0.6134967368763823,0.6210421348894009,0.6036260959902979,0.0,0.0,0.6382358723739294,1.0,1.0
selective_risk_under_alternative_fidelity,absolute_effect_rank_agreement,best_scalar_uq,tian_neuron_crispra,strong_linear,leave_predictor_out,,strong_linear,20.0,0.6203929267707198,0.5678690208717054,0.052523905899014345,0.2105235398899382,0.6134967368763823,0.6160705260988241,0.6054812362515433,0.0,0.0,0.6041550477007078,1.0,0.9999999999999999
selective_risk_under_alternative_fidelity,absolute_effect_rank_agreement,u_only_rf,tian_neuron_crispra,strong_linear,leave_predictor_out,,strong_linear,20.0,0.6265319051432923,0.5678690208717054,0.058662884271586835,0.4577203643215634,0.6134967368763823,0.627287067156673,0.616152976591842,0.09999999999999998,0.0625,1.2068963264583779,0.3157894736842105,0.9471114466164978
selective_risk_under_alternative_fidelity,absolute_effect_rank_agreement,u_p_rf,tian_neuron_crispra,strong_linear,leave_predictor_out,,strong_linear,20.0,0.6259958603144015,0.5678690208717054,0.05812683944269603,0.4251645845686941,0.6134967368763823,0.6349329421168596,0.616152976591842,0.09999999999999998,0.0625,1.0909728246562933,0.47368421052631576,0.9648015050960299
selective_risk_under_alternative_fidelity,absolute_effect_rank_agreement,u_ps_rf,tian_neuron_crispra,strong_linear,leave_predictor_out,,strong_linear,20.0,0.6277336500863326,0.5678690208717054,0.05986462921462721,0.4284598688206607,0.6134967368763823,0.6279354894445538,0.616152976591842,0.0,0.0625,1.0950492161719465,0.7894736842105263,0.988578386109753
selective_risk_under_alternative_fidelity,absolute_effect_rank_agreement,u_psn_rf,tian_neuron_crispra,strong_linear,leave_predictor_out,,strong_linear,20.0,0.6245729357269291,0.5678690208717054,0.056703914855223636,0.4025264963793183,0.6134967368763823,0.6208402766779264,0.6079751153825385,0.0,0.0,1.0349786419902283,0.8421052631578947,0.9916743613419512
selective_risk_under_alternative_fidelity,absolute_effect_rank_agreement,ptl_rf,tian_neuron_crispra,strong_linear,leave_predictor_out,,strong_linear,20.0,0.6188180184100041,0.5678690208717054,0.050948997538298624,0.0816114711604525,0.6134967368763823,0.6210421348894009,0.6116675514896929,0.0,0.0,0.3250388597345273,1.0,0.9999999999999998
selective_risk_under_alternative_fidelity,delta_cosine,raw_normalized_uq,tian_neuron_crispri,mean_matching,in_domain,,,38.0,0.5019996814316866,0.4601712713814737,0.04182841005021293,0.26439709818985174,0.49531657812777546,0.49549304299282465,0.4965781612607148,0.0,0.0,0.7219491714636517,,
selective_risk_under_alternative_fidelity,delta_cosine,best_scalar_uq,tian_neuron_crispri,mean_matching,in_domain,,,38.0,0.5019996814316866,0.4601712713814737,0.04182841005021293,0.011503746678740953,0.49531657812777546,0.49549304299282465,0.4965781612607148,0.0,0.0,0.11345487623404298,,
selective_risk_under_alternative_fidelity,delta_cosine,u_only_rf,tian_neuron_crispri,mean_matching,in_domain,,,38.0,0.5019996814316866,0.4601712713814737,0.04182841005021293,1.4093163929512605e-06,0.49531657812777546,0.49549304299282465,0.4965781612607148,0.0,0.0,0.0011878515396929325,,
selective_risk_under_alternative_fidelity,delta_cosine,u_p_rf,tian_neuron_crispri,mean_matching,in_domain,,,38.0,0.5019996814316866,0.4601712713814737,0.04182841005021293,1.5414583092951224e-08,0.49531657812777546,0.49549304299282465,0.4965781612607148,0.0,0.0,0.00012416318744192984,,
selective_risk_under_alternative_fidelity,delta_cosine,u_ps_rf,tian_neuron_crispri,mean_matching,in_domain,,,38.0,0.5019996814316866,0.4601712713814737,0.04182841005021293,5.887375957676932e-06,0.49531657812777546,0.49549304299282465,0.4965781612607148,0.0,0.0,0.002429340009130037,,
selective_risk_under_alternative_fidelity,delta_cosine,u_psn_rf,tian_neuron_crispri,mean_matching,in_domain,,,38.0,0.5019996814316866,0.4601712713814737,0.04182841005021293,2.4078441738438375e-05,0.49531657812777546,0.49549304299282465,0.4965781612607148,0.0,0.0,0.004919057631503983,,
selective_risk_under_alternative_fidelity,delta_cosine,ptl_rf,tian_neuron_crispri,mean_matching,in_domain,,,38.0,0.5019996814316866,0.4601712713814737,0.04182841005021293,2.2201871063768014e-05,0.49531657812777546,0.49549304299282465,0.4965781612607148,0.0,0.0,0.004723022077282027,,
selective_risk_under_alternative_fidelity,centered_delta_cosine,raw_normalized_uq,tian_neuron_crispri,mean_matching,in_domain,,,38.0,0.5000005018368503,0.4585145111932412,0.04148599064360908,0.26439709818985174,0.49363981133052875,0.4937092095826678,0.4947681628193865,0.0,0.0,0.7219491714636517,,
selective_risk_under_alternative_fidelity,centered_delta_cosine,best_scalar_uq,tian_neuron_crispri,mean_matching,in_domain,,,38.0,0.5000005018368503,0.4585145111932412,0.04148599064360908,0.011503746678740953,0.49363981133052875,0.4937092095826678,0.4947681628193865,0.0,0.0,0.11345487623404298,,
selective_risk_under_alternative_fidelity,centered_delta_cosine,u_only_rf,tian_neuron_crispri,mean_matching,in_domain,,,38.0,0.5000005018368503,0.4585145111932412,0.04148599064360908,1.4093163929512605e-06,0.49363981133052875,0.4937092095826678,0.4947681628193865,0.0,0.0,0.0011878515396929325,,
selective_risk_under_alternative_fidelity,centered_delta_cosine,u_p_rf,tian_neuron_crispri,mean_matching,in_domain,,,38.0,0.5000005018368503,0.4585145111932412,0.04148599064360908,1.5414583092951224e-08,0.49363981133052875,0.4937092095826678,0.4947681628193865,0.0,0.0,0.00012416318744192984,,
selective_risk_under_alternative_fidelity,centered_delta_cosine,u_ps_rf,tian_neuron_crispri,mean_matching,in_domain,,,38.0,0.5000005018368503,0.4585145111932412,0.04148599064360908,5.887375957676932e-06,0.49363981133052875,0.4937092095826678,0.4947681628193865,0.0,0.0,0.002429340009130037,,
selective_risk_under_alternative_fidelity,centered_delta_cosine,u_psn_rf,tian_neuron_crispri,mean_matching,in_domain,,,38.0,0.5000005018368503,0.4585145111932412,0.04148599064360908,2.4078441738438375e-05,0.49363981133052875,0.4937092095826678,0.4947681628193865,0.0,0.0,0.004919057631503983,,
selective_risk_under_alternative_fidelity,centered_delta_cosine,ptl_rf,tian_neuron_crispri,mean_matching,in_domain,,,38.0,0.5000005018368503,0.4585145111932412,0.04148599064360908,2.2201871063768014e-05,0.49363981133052875,0.4937092095826678,0.4947681628193865,0.0,0.0,0.004723022077282027,,
selective_risk_under_alternative_fidelity,absolute_effect_rank_agreement,raw_normalized_uq,tian_neuron_crispri,mean_matching,in_domain,,,38.0,0.6105988530814506,0.5906225114660199,0.019976341615430715,0.26439709818985174,0.6082199145868303,0.6075022014782918,0.6081816182249598,0.0,0.0,0.7219491714636517,,
selective_risk_under_alternative_fidelity,absolute_effect_rank_agreement,best_scalar_uq,tian_neuron_crispri,mean_matching,in_domain,,,38.0,0.6105988530814506,0.5906225114660199,0.019976341615430715,0.011503746678740953,0.6082199145868303,0.6075022014782918,0.6081816182249598,0.0,0.0,0.11345487623404298,,
selective_risk_under_alternative_fidelity,absolute_effect_rank_agreement,u_only_rf,tian_neuron_crispri,mean_matching,in_domain,,,38.0,0.6105988530814506,0.5906225114660199,0.019976341615430715,1.4093163929512605e-06,0.6082199145868303,0.6075022014782918,0.6081816182249598,0.0,0.0,0.0011878515396929325,,
selective_risk_under_alternative_fidelity,absolute_effect_rank_agreement,u_p_rf,tian_neuron_crispri,mean_matching,in_domain,,,38.0,0.6105988530814506,0.5906225114660199,0.019976341615430715,1.5414583092951224e-08,0.6082199145868303,0.6075022014782918,0.6081816182249598,0.0,0.0,0.00012416318744192984,,
selective_risk_under_alternative_fidelity,absolute_effect_rank_agreement,u_ps_rf,tian_neuron_crispri,mean_matching,in_domain,,,38.0,0.6105988530814506,0.5906225114660199,0.019976341615430715,5.887375957676932e-06,0.6082199145868303,0.6075022014782918,0.6081816182249598,0.0,0.0,0.002429340009130037,,
selective_risk_under_alternative_fidelity,absolute_effect_rank_agreement,u_psn_rf,tian_neuron_crispri,mean_matching,in_domain,,,38.0,0.6105988530814506,0.5906225114660199,0.019976341615430715,2.4078441738438375e-05,0.6082199145868303,0.6075022014782918,0.6081816182249598,0.0,0.0,0.004919057631503983,,
selective_risk_under_alternative_fidelity,absolute_effect_rank_agreement,ptl_rf,tian_neuron_crispri,mean_matching,in_domain,,,38.0,0.6105988530814506,0.5906225114660199,0.019976341615430715,2.2201871063768014e-05,0.6082199145868303,0.6075022014782918,0.6081816182249598,0.0,0.0,0.004723022077282027,,
selective_risk_under_alternative_fidelity,delta_cosine,raw_normalized_uq,tian_neuron_crispri,mean_matching,leave_environment_out,env__v~tiankampmann2021%5Fcrispri__v~ipsc-induced%5Fneuron__v~rna__v~baseline,,38.0,0.5019996814316866,0.4601712713814737,0.04182841005021293,0.26627069059409075,0.49531657812777546,0.49549304299282465,0.4965781612607148,0.0,0.0,0.7256997835976938,,
selective_risk_under_alternative_fidelity,delta_cosine,best_scalar_uq,tian_neuron_crispri,mean_matching,leave_environment_out,env__v~tiankampmann2021%5Fcrispri__v~ipsc-induced%5Fneuron__v~rna__v~baseline,,38.0,0.5019996814316866,0.4601712713814737,0.04182841005021293,0.0032421068628816926,0.49531657812777546,0.49549304299282465,0.4965781612607148,0.0,0.0,0.058624843347523735,,
selective_risk_under_alternative_fidelity,delta_cosine,u_only_rf,tian_neuron_crispri,mean_matching,leave_environment_out,env__v~tiankampmann2021%5Fcrispri__v~ipsc-induced%5Fneuron__v~rna__v~baseline,,38.0,0.5019996814316866,0.4601712713814737,0.04182841005021293,0.06659612702465353,0.49531657812777546,0.49549304299282465,0.4965781612607148,0.0,0.0,0.2984899398263372,,
selective_risk_under_alternative_fidelity,delta_cosine,u_p_rf,tian_neuron_crispri,mean_matching,leave_environment_out,env__v~tiankampmann2021%5Fcrispri__v~ipsc-induced%5Fneuron__v~rna__v~baseline,,38.0,0.5019996814316866,0.4601712713814737,0.04182841005021293,0.10666085230540434,0.49531657812777546,0.49549304299282465,0.4965781612607148,0.0,0.0,0.39540052268828374,,
selective_risk_under_alternative_fidelity,delta_cosine,u_ps_rf,tian_neuron_crispri,mean_matching,leave_environment_out,env__v~tiankampmann2021%5Fcrispri__v~ipsc-induced%5Fneuron__v~rna__v~baseline,,38.0,0.5019996814316866,0.4601712713814737,0.04182841005021293,0.09494103483598881,0.49531657812777546,0.49549304299282465,0.4965781612607148,0.0,0.0,0.36835002057653304,,
selective_risk_under_alternative_fidelity,delta_cosine,u_psn_rf,tian_neuron_crispri,mean_matching,leave_environment_out,env__v~tiankampmann2021%5Fcrispri__v~ipsc-induced%5Fneuron__v~rna__v~baseline,,38.0,0.5019996814316866,0.4601712713814737,0.04182841005021293,0.1051253938392685,0.49531657812777546,0.49549304299282465,0.4965781612607148,0.0,0.0,0.3919031842659259,,
selective_risk_under_alternative_fidelity,delta_cosine,ptl_rf,tian_neuron_crispri,mean_matching,leave_environment_out,env__v~tiankampmann2021%5Fcrispri__v~ipsc-induced%5Fneuron__v~rna__v~baseline,,38.0,0.5019996814316866,0.4601712713814737,0.04182841005021293,0.06310201318780403,0.49531657812777546,0.49549304299282465,0.4965781612607148,0.0,0.0,0.2892848774533298,,
selective_risk_under_alternative_fidelity,centered_delta_cosine,raw_normalized_uq,tian_neuron_crispri,mean_matching,leave_environment_out,env__v~tiankampmann2021%5Fcrispri__v~ipsc-induced%5Fneuron__v~rna__v~baseline,,38.0,0.5000005018368503,0.4585145111932412,0.04148599064360908,0.26627069059409075,0.49363981133052875,0.4937092095826678,0.4947681628193865,0.0,0.0,0.7256997835976938,,
selective_risk_under_alternative_fidelity,centered_delta_cosine,best_scalar_uq,tian_neuron_crispri,mean_matching,leave_environment_out,env__v~tiankampmann2021%5Fcrispri__v~ipsc-induced%5Fneuron__v~rna__v~baseline,,38.0,0.5000005018368503,0.4585145111932412,0.04148599064360908,0.0032421068628816926,0.49363981133052875,0.4937092095826678,0.4947681628193865,0.0,0.0,0.058624843347523735,,
selective_risk_under_alternative_fidelity,centered_delta_cosine,u_only_rf,tian_neuron_crispri,mean_matching,leave_environment_out,env__v~tiankampmann2021%5Fcrispri__v~ipsc-induced%5Fneuron__v~rna__v~baseline,,38.0,0.5000005018368503,0.4585145111932412,0.04148599064360908,0.06659612702465353,0.49363981133052875,0.4937092095826678,0.4947681628193865,0.0,0.0,0.2984899398263372,,
selective_risk_under_alternative_fidelity,centered_delta_cosine,u_p_rf,tian_neuron_crispri,mean_matching,leave_environment_out,env__v~tiankampmann2021%5Fcrispri__v~ipsc-induced%5Fneuron__v~rna__v~baseline,,38.0,0.5000005018368503,0.4585145111932412,0.04148599064360908,0.10666085230540434,0.49363981133052875,0.4937092095826678,0.4947681628193865,0.0,0.0,0.39540052268828374,,
selective_risk_under_alternative_fidelity,centered_delta_cosine,u_ps_rf,tian_neuron_crispri,mean_matching,leave_environment_out,env__v~tiankampmann2021%5Fcrispri__v~ipsc-induced%5Fneuron__v~rna__v~baseline,,38.0,0.5000005018368503,0.4585145111932412,0.04148599064360908,0.09494103483598881,0.49363981133052875,0.4937092095826678,0.4947681628193865,0.0,0.0,0.36835002057653304,,
selective_risk_under_alternative_fidelity,centered_delta_cosine,u_psn_rf,tian_neuron_crispri,mean_matching,leave_environment_out,env__v~tiankampmann2021%5Fcrispri__v~ipsc-induced%5Fneuron__v~rna__v~baseline,,38.0,0.5000005018368503,0.4585145111932412,0.04148599064360908,0.1051253938392685,0.49363981133052875,0.4937092095826678,0.4947681628193865,0.0,0.0,0.3919031842659259,,
selective_risk_under_alternative_fidelity,centered_delta_cosine,ptl_rf,tian_neuron_crispri,mean_matching,leave_environment_out,env__v~tiankampmann2021%5Fcrispri__v~ipsc-induced%5Fneuron__v~rna__v~baseline,,38.0,0.5000005018368503,0.4585145111932412,0.04148599064360908,0.06310201318780403,0.49363981133052875,0.4937092095826678,0.4947681628193865,0.0,0.0,0.2892848774533298,,
selective_risk_under_alternative_fidelity,absolute_effect_rank_agreement,raw_normalized_uq,tian_neuron_crispri,mean_matching,leave_environment_out,env__v~tiankampmann2021%5Fcrispri__v~ipsc-induced%5Fneuron__v~rna__v~baseline,,38.0,0.6105988530814506,0.5906225114660199,0.019976341615430715,0.26627069059409075,0.6082199145868303,0.6075022014782918,0.6081816182249598,0.0,0.0,0.7256997835976938,,
selective_risk_under_alternative_fidelity,absolute_effect_rank_agreement,best_scalar_uq,tian_neuron_crispri,mean_matching,leave_environment_out,env__v~tiankampmann2021%5Fcrispri__v~ipsc-induced%5Fneuron__v~rna__v~baseline,,38.0,0.6105988530814506,0.5906225114660199,0.019976341615430715,0.0032421068628816926,0.6082199145868303,0.6075022014782918,0.6081816182249598,0.0,0.0,0.058624843347523735,,
selective_risk_under_alternative_fidelity,absolute_effect_rank_agreement,u_only_rf,tian_neuron_crispri,mean_matching,leave_environment_out,env__v~tiankampmann2021%5Fcrispri__v~ipsc-induced%5Fneuron__v~rna__v~baseline,,38.0,0.6105988530814506,0.5906225114660199,0.019976341615430715,0.06659612702465353,0.6082199145868303,0.6075022014782918,0.6081816182249598,0.0,0.0,0.2984899398263372,,
selective_risk_under_alternative_fidelity,absolute_effect_rank_agreement,u_p_rf,tian_neuron_crispri,mean_matching,leave_environment_out,env__v~tiankampmann2021%5Fcrispri__v~ipsc-induced%5Fneuron__v~rna__v~baseline,,38.0,0.6105988530814506,0.5906225114660199,0.019976341615430715,0.10666085230540434,0.6082199145868303,0.6075022014782918,0.6081816182249598,0.0,0.0,0.39540052268828374,,
selective_risk_under_alternative_fidelity,absolute_effect_rank_agreement,u_ps_rf,tian_neuron_crispri,mean_matching,leave_environment_out,env__v~tiankampmann2021%5Fcrispri__v~ipsc-induced%5Fneuron__v~rna__v~baseline,,38.0,0.6105988530814506,0.5906225114660199,0.019976341615430715,0.09494103483598881,0.6082199145868303,0.6075022014782918,0.6081816182249598,0.0,0.0,0.36835002057653304,,
selective_risk_under_alternative_fidelity,absolute_effect_rank_agreement,u_psn_rf,tian_neuron_crispri,mean_matching,leave_environment_out,env__v~tiankampmann2021%5Fcrispri__v~ipsc-induced%5Fneuron__v~rna__v~baseline,,38.0,0.6105988530814506,0.5906225114660199,0.019976341615430715,0.1051253938392685,0.6082199145868303,0.6075022014782918,0.6081816182249598,0.0,0.0,0.3919031842659259,,
selective_risk_under_alternative_fidelity,absolute_effect_rank_agreement,ptl_rf,tian_neuron_crispri,mean_matching,leave_environment_out,env__v~tiankampmann2021%5Fcrispri__v~ipsc-induced%5Fneuron__v~rna__v~baseline,,38.0,0.6105988530814506,0.5906225114660199,0.019976341615430715,0.06310201318780403,0.6082199145868303,0.6075022014782918,0.6081816182249598,0.0,0.0,0.2892848774533298,,
selective_risk_under_alternative_fidelity,delta_cosine,raw_normalized_uq,tian_neuron_crispri,mean_matching,leave_predictor_out,,mean_matching,38.0,0.5019996814316866,0.4601712713814737,0.04182841005021293,0.0,0.49531657812777546,0.49549304299282465,0.4965781612607148,0.0,0.0,1.0000050000287828e-05,,
selective_risk_under_alternative_fidelity,delta_cosine,best_scalar_uq,tian_neuron_crispri,mean_matching,leave_predictor_out,,mean_matching,38.0,0.5019996814316866,0.4601712713814737,0.04182841005021293,0.0007189841674213127,0.49531657812777546,0.49549304299282465,0.4965781612607148,0.0,0.0,0.02717993053183817,,
selective_risk_under_alternative_fidelity,delta_cosine,u_only_rf,tian_neuron_crispri,mean_matching,leave_predictor_out,,mean_matching,38.0,0.5019996814316866,0.4601712713814737,0.04182841005021293,0.0002953473959793792,0.49531657812777546,0.49549304299282465,0.4965781612607148,0.0,0.0,0.0173350618740848,,
selective_risk_under_alternative_fidelity,delta_cosine,u_p_rf,tian_neuron_crispri,mean_matching,leave_predictor_out,,mean_matching,38.0,0.5019996814316866,0.4601712713814737,0.04182841005021293,0.0006545779531533098,0.49531657812777546,0.49549304299282465,0.4965781612607148,0.0,0.0,0.025917701821083623,,
selective_risk_under_alternative_fidelity,delta_cosine,u_ps_rf,tian_neuron_crispri,mean_matching,leave_predictor_out,,mean_matching,38.0,0.5019996814316866,0.4601712713814737,0.04182841005021293,0.0009790625624988448,0.49531657812777546,0.49549304299282465,0.4965781612607148,0.0,0.0,0.031789964127467686,,
selective_risk_under_alternative_fidelity,delta_cosine,u_psn_rf,tian_neuron_crispri,mean_matching,leave_predictor_out,,mean_matching,38.0,0.5019996814316866,0.4601712713814737,0.04182841005021293,0.001027551561714161,0.49531657812777546,0.49549304299282465,0.4965781612607148,0.0,0.0,0.032580471360487875,,
selective_risk_under_alternative_fidelity,delta_cosine,ptl_rf,tian_neuron_crispri,mean_matching,leave_predictor_out,,mean_matching,38.0,0.5019996814316866,0.4601712713814737,0.04182841005021293,0.0010908779898076639,0.49531657812777546,0.49549304299282465,0.4965781612607148,0.0,0.0,0.03358619671645422,,
selective_risk_under_alternative_fidelity,centered_delta_cosine,raw_normalized_uq,tian_neuron_crispri,mean_matching,leave_predictor_out,,mean_matching,38.0,0.5000005018368503,0.4585145111932412,0.04148599064360908,0.0,0.49363981133052875,0.4937092095826678,0.4947681628193865,0.0,0.0,1.0000050000287828e-05,,
selective_risk_under_alternative_fidelity,centered_delta_cosine,best_scalar_uq,tian_neuron_crispri,mean_matching,leave_predictor_out,,mean_matching,38.0,0.5000005018368503,0.4585145111932412,0.04148599064360908,0.0007189841674213127,0.49363981133052875,0.4937092095826678,0.4947681628193865,0.0,0.0,0.02717993053183817,,
selective_risk_under_alternative_fidelity,centered_delta_cosine,u_only_rf,tian_neuron_crispri,mean_matching,leave_predictor_out,,mean_matching,38.0,0.5000005018368503,0.4585145111932412,0.04148599064360908,0.0002953473959793792,0.49363981133052875,0.4937092095826678,0.4947681628193865,0.0,0.0,0.0173350618740848,,
selective_risk_under_alternative_fidelity,centered_delta_cosine,u_p_rf,tian_neuron_crispri,mean_matching,leave_predictor_out,,mean_matching,38.0,0.5000005018368503,0.4585145111932412,0.04148599064360908,0.0006545779531533098,0.49363981133052875,0.4937092095826678,0.4947681628193865,0.0,0.0,0.025917701821083623,,
selective_risk_under_alternative_fidelity,centered_delta_cosine,u_ps_rf,tian_neuron_crispri,mean_matching,leave_predictor_out,,mean_matching,38.0,0.5000005018368503,0.4585145111932412,0.04148599064360908,0.0009790625624988448,0.49363981133052875,0.4937092095826678,0.4947681628193865,0.0,0.0,0.031789964127467686,,
selective_risk_under_alternative_fidelity,centered_delta_cosine,u_psn_rf,tian_neuron_crispri,mean_matching,leave_predictor_out,,mean_matching,38.0,0.5000005018368503,0.4585145111932412,0.04148599064360908,0.001027551561714161,0.49363981133052875,0.4937092095826678,0.4947681628193865,0.0,0.0,0.032580471360487875,,
selective_risk_under_alternative_fidelity,centered_delta_cosine,ptl_rf,tian_neuron_crispri,mean_matching,leave_predictor_out,,mean_matching,38.0,0.5000005018368503,0.4585145111932412,0.04148599064360908,0.0010908779898076639,0.49363981133052875,0.4937092095826678,0.4947681628193865,0.0,0.0,0.03358619671645422,,
selective_risk_under_alternative_fidelity,absolute_effect_rank_agreement,raw_normalized_uq,tian_neuron_crispri,mean_matching,leave_predictor_out,,mean_matching,38.0,0.6105988530814506,0.5906225114660199,0.019976341615430715,0.0,0.6082199145868303,0.6075022014782918,0.6081816182249598,0.0,0.0,1.0000050000287828e-05,,
selective_risk_under_alternative_fidelity,absolute_effect_rank_agreement,best_scalar_uq,tian_neuron_crispri,mean_matching,leave_predictor_out,,mean_matching,38.0,0.6105988530814506,0.5906225114660199,0.019976341615430715,0.0007189841674213127,0.6082199145868303,0.6075022014782918,0.6081816182249598,0.0,0.0,0.02717993053183817,,
selective_risk_under_alternative_fidelity,absolute_effect_rank_agreement,u_only_rf,tian_neuron_crispri,mean_matching,leave_predictor_out,,mean_matching,38.0,0.6105988530814506,0.5906225114660199,0.019976341615430715,0.0002953473959793792,0.6082199145868303,0.6075022014782918,0.6081816182249598,0.0,0.0,0.0173350618740848,,
selective_risk_under_alternative_fidelity,absolute_effect_rank_agreement,u_p_rf,tian_neuron_crispri,mean_matching,leave_predictor_out,,mean_matching,38.0,0.6105988530814506,0.5906225114660199,0.019976341615430715,0.0006545779531533098,0.6082199145868303,0.6075022014782918,0.6081816182249598,0.0,0.0,0.025917701821083623,,
selective_risk_under_alternative_fidelity,absolute_effect_rank_agreement,u_ps_rf,tian_neuron_crispri,mean_matching,leave_predictor_out,,mean_matching,38.0,0.6105988530814506,0.5906225114660199,0.019976341615430715,0.0009790625624988448,0.6082199145868303,0.6075022014782918,0.6081816182249598,0.0,0.0,0.031789964127467686,,
selective_risk_under_alternative_fidelity,absolute_effect_rank_agreement,u_psn_rf,tian_neuron_crispri,mean_matching,leave_predictor_out,,mean_matching,38.0,0.6105988530814506,0.5906225114660199,0.019976341615430715,0.001027551561714161,0.6082199145868303,0.6075022014782918,0.6081816182249598,0.0,0.0,0.032580471360487875,,
selective_risk_under_alternative_fidelity,absolute_effect_rank_agreement,ptl_rf,tian_neuron_crispri,mean_matching,leave_predictor_out,,mean_matching,38.0,0.6105988530814506,0.5906225114660199,0.019976341615430715,0.0010908779898076639,0.6082199145868303,0.6075022014782918,0.6081816182249598,0.0,0.0,0.03358619671645422,,
selective_risk_under_alternative_fidelity,delta_cosine,raw_normalized_uq,tian_neuron_crispri,slim_string,in_domain,,,38.0,0.5692678812070615,0.5565421073372425,0.01272577386981899,0.1043732987794946,0.6242138815418464,0.5760357540097182,0.6016788094485599,0.0,0.0,0.35561948324982984,0.9523809523809523,0.9960876982371897
selective_risk_under_alternative_fidelity,delta_cosine,best_scalar_uq,tian_neuron_crispri,slim_string,in_domain,,,38.0,0.5760775614004564,0.5565421073372425,0.019535454063213886,0.2053115528224875,0.6242138815418464,0.5797221792416402,0.6114340375627143,0.0,0.06451612903225812,0.6008549065774358,0.7285714285714285,0.9724771519533392
selective_risk_under_alternative_fidelity,delta_cosine,u_only_rf,tian_neuron_crispri,slim_string,in_domain,,,38.0,0.589665373203748,0.5565421073372425,0.03312326586650549,0.17678765537543856,0.6242138815418464,0.575242647922072,0.6068459291106191,0.0,0.032258064516129004,0.5253832070070947,0.8476190476190477,0.9859996755819704
selective_risk_under_alternative_fidelity,delta_cosine,u_p_rf,tian_neuron_crispri,slim_string,in_domain,,,38.0,0.5829044554105233,0.5565421073372425,0.02636234807328075,0.15895235972270083,0.6242138815418464,0.5815895901235713,0.6032751686499149,0.0,0.0,0.46265155362831495,0.9333333333333333,0.9945244062537295
selective_risk_under_alternative_fidelity,delta_cosine,u_ps_rf,tian_neuron_crispri,slim_string,in_domain,,,38.0,0.5808269241327914,0.5565421073372425,0.024284816795548836,0.16310316436029887,0.6242138815418464,0.5815895901235711,0.6032751686499149,0.0,0.0,0.474852370062315,0.9142857142857141,0.9928437339848221
selective_risk_under_alternative_fidelity,delta_cosine,u_psn_rf,tian_neuron_crispri,slim_string,in_domain,,,38.0,0.5755713927556054,0.5565421073372425,0.019029285418362907,0.15879578657192522,0.6242138815418464,0.5815895901235713,0.6032751686499149,0.0,0.0,0.4675268654482099,0.9142857142857141,0.9928437339848221
selective_risk_under_alternative_fidelity,delta_cosine,ptl_rf,tian_neuron_crispri,slim_string,in_domain,,,38.0,0.5823020114529869,0.5565421073372425,0.02575990411574436,0.05273470802764777,0.6242138815418464,0.5815895901235711,0.6032751686499149,0.0,0.0,0.1928757390036826,0.9714285714285715,0.9975496865412833
selective_risk_under_alternative_fidelity,centered_delta_cosine,raw_normalized_uq,tian_neuron_crispri,slim_string,in_domain,,,38.0,0.567312412755009,0.5554657783492795,0.011846634405729528,0.1043732987794946,0.621867581935903,0.573838829507087,0.6001707924037097,0.0,0.0,0.35561948324982984,0.9523809523809523,0.9960876982371897
selective_risk_under_alternative_fidelity,centered_delta_cosine,best_scalar_uq,tian_neuron_crispri,slim_string,in_domain,,,38.0,0.5739812173511994,0.5554657783492795,0.018515439001919987,0.2053115528224875,0.621867581935903,0.5775351854281344,0.6089809163147555,0.0,0.06451612903225812,0.6008549065774358,0.7285714285714285,0.9724771519533392
selective_risk_under_alternative_fidelity,centered_delta_cosine,u_only_rf,tian_neuron_crispri,slim_string,in_domain,,,38.0,0.5877747149180091,0.5554657783492795,0.032308936568729685,0.17678765537543856,0.621867581935903,0.574277385701151,0.6046813468754637,0.0,0.032258064516129004,0.5253832070070947,0.8476190476190477,0.9859996755819704
selective_risk_under_alternative_fidelity,centered_delta_cosine,u_p_rf,tian_neuron_crispri,slim_string,in_domain,,,38.0,0.5806900900236369,0.5554657783492795,0.025224311674357458,0.15895235972270083,0.621867581935903,0.5788631179108895,0.6011111571464595,0.0,0.0,0.46265155362831495,0.9333333333333333,0.9945244062537295
selective_risk_under_alternative_fidelity,centered_delta_cosine,u_ps_rf,tian_neuron_crispri,slim_string,in_domain,,,38.0,0.5789348873677641,0.5554657783492795,0.023469109018484646,0.16310316436029887,0.621867581935903,0.5788631179108894,0.6011111571464595,0.0,0.0,0.474852370062315,0.9142857142857141,0.9928437339848221
selective_risk_under_alternative_fidelity,centered_delta_cosine,u_psn_rf,tian_neuron_crispri,slim_string,in_domain,,,38.0,0.573814688352523,0.5554657783492795,0.018348910003243568,0.15879578657192522,0.621867581935903,0.5788631179108894,0.6011111571464595,0.0,0.0,0.4675268654482099,0.9142857142857141,0.9928437339848221
selective_risk_under_alternative_fidelity,centered_delta_cosine,ptl_rf,tian_neuron_crispri,slim_string,in_domain,,,38.0,0.5803825958591962,0.5554657783492795,0.0249168175099167,0.05273470802764777,0.621867581935903,0.5788631179108894,0.6011111571464595,0.0,0.0,0.1928757390036826,0.9714285714285715,0.9975496865412833
selective_risk_under_alternative_fidelity,absolute_effect_rank_agreement,raw_normalized_uq,tian_neuron_crispri,slim_string,in_domain,,,38.0,0.6472425439126835,0.6420621026209684,0.005180441291715132,0.1043732987794946,0.6733712238309494,0.651209150309838,0.6665842733093864,0.0,0.0,0.35561948324982984,0.9523809523809523,0.9960876982371897
selective_risk_under_alternative_fidelity,absolute_effect_rank_agreement,best_scalar_uq,tian_neuron_crispri,slim_string,in_domain,,,38.0,0.6493297019810428,0.6420621026209684,0.007267599360074373,0.2053115528224875,0.6733712238309494,0.6532264590293613,0.6682364636906304,0.0,0.06451612903225812,0.6008549065774358,0.7285714285714285,0.9724771519533392
selective_risk_under_alternative_fidelity,absolute_effect_rank_agreement,u_only_rf,tian_neuron_crispri,slim_string,in_domain,,,38.0,0.6582775332296096,0.6420621026209684,0.016215430608641168,0.17678765537543856,0.6733712238309494,0.6503943826837786,0.6663231788583696,0.0,0.032258064516129004,0.5253832070070947,0.8476190476190477,0.9859996755819704
selective_risk_under_alternative_fidelity,absolute_effect_rank_agreement,u_p_rf,tian_neuron_crispri,slim_string,in_domain,,,38.0,0.6528968010678092,0.6420621026209684,0.010834698446840818,0.15895235972270083,0.6733712238309494,0.653079743272021,0.6672438016638804,0.0,0.0,0.46265155362831495,0.9333333333333333,0.9945244062537295
selective_risk_under_alternative_fidelity,absolute_effect_rank_agreement,u_ps_rf,tian_neuron_crispri,slim_string,in_domain,,,38.0,0.6539227490569108,0.6420621026209684,0.011860646435942424,0.16310316436029887,0.6733712238309494,0.6530797432720209,0.6672438016638803,0.0,0.0,0.474852370062315,0.9142857142857141,0.9928437339848221
selective_risk_under_alternative_fidelity,absolute_effect_rank_agreement,u_psn_rf,tian_neuron_crispri,slim_string,in_domain,,,38.0,0.6509987533801265,0.6420621026209684,0.00893665075915806,0.15879578657192522,0.6733712238309494,0.6530797432720209,0.6672438016638803,0.0,0.0,0.4675268654482099,0.9142857142857141,0.9928437339848221
selective_risk_under_alternative_fidelity,absolute_effect_rank_agreement,ptl_rf,tian_neuron_crispri,slim_string,in_domain,,,38.0,0.6535054893368067,0.6420621026209684,0.011443386715838333,0.05273470802764777,0.6733712238309494,0.6530797432720209,0.6672438016638804,0.0,0.0,0.1928757390036826,0.9714285714285715,0.9975496865412833
selective_risk_under_alternative_fidelity,delta_cosine,raw_normalized_uq,tian_neuron_crispri,slim_string,leave_environment_out,env__v~tiankampmann2021%5Fcrispri__v~ipsc-induced%5Fneuron__v~rna__v~baseline,,38.0,0.5694041692368335,0.5565421073372425,0.012862061899590937,0.0815715819735126,0.6242138815418464,0.5760357540097182,0.6016788094485599,0.0,0.0,0.29849157542757737,0.9722222222222222,0.9985380116959066
selective_risk_under_alternative_fidelity,delta_cosine,best_scalar_uq,tian_neuron_crispri,slim_string,leave_environment_out,env__v~tiankampmann2021%5Fcrispri__v~ipsc-induced%5Fneuron__v~rna__v~baseline,,38.0,0.5760410600927496,0.5565421073372425,0.01949895275550706,0.2067333040495008,0.6242138815418464,0.5797221792416402,0.6114340375627143,0.0,0.06451612903225812,0.6103897440721366,0.5902777777777778,0.9725309053172474
selective_risk_under_alternative_fidelity,delta_cosine,u_only_rf,tian_neuron_crispri,slim_string,leave_environment_out,env__v~tiankampmann2021%5Fcrispri__v~ipsc-induced%5Fneuron__v~rna__v~baseline,,38.0,0.5791509263279809,0.5565421073372425,0.02260881899073841,0.22961272015566786,0.6242138815418464,0.593686965183712,0.6068322485522767,0.052631578947368474,0.032258064516129004,0.6531813637407171,0.6666666666666666,0.9750077170618496
selective_risk_under_alternative_fidelity,delta_cosine,u_p_rf,tian_neuron_crispri,slim_string,leave_environment_out,env__v~tiankampmann2021%5Fcrispri__v~ipsc-induced%5Fneuron__v~rna__v~baseline,,38.0,0.5735682718337589,0.5565421073372425,0.017026164496516394,0.28692282581952044,0.6242138815418464,0.5805271781837421,0.6120007003940452,0.0,0.032258064516129004,0.7846698916048636,0.8333333333333333,0.9901866627767767
selective_risk_under_alternative_fidelity,delta_cosine,u_ps_rf,tian_neuron_crispri,slim_string,leave_environment_out,env__v~tiankampmann2021%5Fcrispri__v~ipsc-induced%5Fneuron__v~rna__v~baseline,,38.0,0.5739354794516756,0.5565421073372425,0.017393372114433037,0.29481070935239434,0.6242138815418464,0.580527178183742,0.6099497046115874,0.0,0.032258064516129004,0.7955910980658887,0.8194444444444444,0.9889153517832434
selective_risk_under_alternative_fidelity,delta_cosine,u_psn_rf,tian_neuron_crispri,slim_string,leave_environment_out,env__v~tiankampmann2021%5Fcrispri__v~ipsc-induced%5Fneuron__v~rna__v~baseline,,38.0,0.574575866061118,0.5565421073372425,0.01803375872387547,0.29073041238372727,0.6242138815418464,0.5791875167177615,0.6102638498603309,0.0,0.032258064516129004,0.7887374514741728,0.8333333333333333,0.9899441583676056
selective_risk_under_alternative_fidelity,delta_cosine,ptl_rf,tian_neuron_crispri,slim_string,leave_environment_out,env__v~tiankampmann2021%5Fcrispri__v~ipsc-induced%5Fneuron__v~rna__v~baseline,,38.0,0.5735828156904232,0.5565421073372425,0.017040708353180722,0.12084096155924792,0.6242138815418464,0.5785448151281942,0.6093864026104823,0.0,0.032258064516129004,0.42145634426595496,0.8472222222222222,0.9909362218596691
selective_risk_under_alternative_fidelity,centered_delta_cosine,raw_normalized_uq,tian_neuron_crispri,slim_string,leave_environment_out,env__v~tiankampmann2021%5Fcrispri__v~ipsc-induced%5Fneuron__v~rna__v~baseline,,38.0,0.5674419648830277,0.5554657783492795,0.011976186533748212,0.0815715819735126,0.621867581935903,0.573838829507087,0.6001707924037097,0.0,0.0,0.29849157542757737,0.9722222222222222,0.9985380116959066
selective_risk_under_alternative_fidelity,centered_delta_cosine,best_scalar_uq,tian_neuron_crispri,slim_string,leave_environment_out,env__v~tiankampmann2021%5Fcrispri__v~ipsc-induced%5Fneuron__v~rna__v~baseline,,38.0,0.5739540657045303,0.5554657783492795,0.018488287355250876,0.2067333040495008,0.621867581935903,0.5775351854281344,0.6089809163147555,0.0,0.06451612903225812,0.6103897440721366,0.5902777777777778,0.9725309053172474
selective_risk_under_alternative_fidelity,centered_delta_cosine,u_only_rf,tian_neuron_crispri,slim_string,leave_environment_out,env__v~tiankampmann2021%5Fcrispri__v~ipsc-induced%5Fneuron__v~rna__v~baseline,,38.0,0.5771960949793176,0.5554657783492795,0.021730316630038105,0.22961272015566786,0.621867581935903,0.5908115592294031,0.6050501881026665,0.052631578947368474,0.032258064516129004,0.6531813637407171,0.6666666666666666,0.9750077170618496
selective_risk_under_alternative_fidelity,centered_delta_cosine,u_p_rf,tian_neuron_crispri,slim_string,leave_environment_out,env__v~tiankampmann2021%5Fcrispri__v~ipsc-induced%5Fneuron__v~rna__v~baseline,,38.0,0.5715007302367192,0.5554657783492795,0.016034951887439752,0.28692282581952044,0.621867581935903,0.578298217529035,0.6096641951817412,0.0,0.032258064516129004,0.7846698916048636,0.8333333333333333,0.9901866627767767
selective_risk_under_alternative_fidelity,centered_delta_cosine,u_ps_rf,tian_neuron_crispri,slim_string,leave_environment_out,env__v~tiankampmann2021%5Fcrispri__v~ipsc-induced%5Fneuron__v~rna__v~baseline,,38.0,0.5719802270890914,0.5554657783492795,0.016514448739811893,0.29481070935239434,0.621867581935903,0.5782982175290348,0.6074254528114622,0.0,0.032258064516129004,0.7955910980658887,0.8194444444444444,0.9889153517832434
selective_risk_under_alternative_fidelity,centered_delta_cosine,u_psn_rf,tian_neuron_crispri,slim_string,leave_environment_out,env__v~tiankampmann2021%5Fcrispri__v~ipsc-induced%5Fneuron__v~rna__v~baseline,,38.0,0.5725167033043143,0.5554657783492795,0.017050924955034796,0.29073041238372727,0.621867581935903,0.5772377010052491,0.6077129064127981,0.0,0.032258064516129004,0.7887374514741728,0.8333333333333333,0.9899441583676056
selective_risk_under_alternative_fidelity,centered_delta_cosine,ptl_rf,tian_neuron_crispri,slim_string,leave_environment_out,env__v~tiankampmann2021%5Fcrispri__v~ipsc-induced%5Fneuron__v~rna__v~baseline,,38.0,0.5720190308189901,0.5554657783492795,0.016553252469710622,0.12084096155924792,0.621867581935903,0.5772818349417007,0.6075244844764336,0.0,0.032258064516129004,0.42145634426595496,0.8472222222222222,0.9909362218596691
selective_risk_under_alternative_fidelity,absolute_effect_rank_agreement,raw_normalized_uq,tian_neuron_crispri,slim_string,leave_environment_out,env__v~tiankampmann2021%5Fcrispri__v~ipsc-induced%5Fneuron__v~rna__v~baseline,,38.0,0.6472834802699087,0.6420621026209684,0.005221377648940262,0.0815715819735126,0.6733712238309494,0.651209150309838,0.6665842733093864,0.0,0.0,0.29849157542757737,0.9722222222222222,0.9985380116959066
selective_risk_under_alternative_fidelity,absolute_effect_rank_agreement,best_scalar_uq,tian_neuron_crispri,slim_string,leave_environment_out,env__v~tiankampmann2021%5Fcrispri__v~ipsc-induced%5Fneuron__v~rna__v~baseline,,38.0,0.6492882905039811,0.6420621026209684,0.007226187883012658,0.2067333040495008,0.6733712238309494,0.6532264590293613,0.6682364636906304,0.0,0.06451612903225812,0.6103897440721366,0.5902777777777778,0.9725309053172474
selective_risk_under_alternative_fidelity,absolute_effect_rank_agreement,u_only_rf,tian_neuron_crispri,slim_string,leave_environment_out,env__v~tiankampmann2021%5Fcrispri__v~ipsc-induced%5Fneuron__v~rna__v~baseline,,38.0,0.6513997950852533,0.6420621026209684,0.009337692464284841,0.22961272015566786,0.6733712238309494,0.6554870548260432,0.6664814254952955,0.052631578947368474,0.032258064516129004,0.6531813637407171,0.6666666666666666,0.9750077170618496
selective_risk_under_alternative_fidelity,absolute_effect_rank_agreement,u_p_rf,tian_neuron_crispri,slim_string,leave_environment_out,env__v~tiankampmann2021%5Fcrispri__v~ipsc-induced%5Fneuron__v~rna__v~baseline,,38.0,0.6492710644029467,0.6420621026209684,0.007208961781978274,0.28692282581952044,0.6733712238309494,0.6539431759266091,0.669343862347411,0.0,0.032258064516129004,0.7846698916048636,0.8333333333333333,0.9901866627767767
selective_risk_under_alternative_fidelity,absolute_effect_rank_agreement,u_ps_rf,tian_neuron_crispri,slim_string,leave_environment_out,env__v~tiankampmann2021%5Fcrispri__v~ipsc-induced%5Fneuron__v~rna__v~baseline,,38.0,0.6492429488752438,0.6420621026209684,0.007180846254275397,0.29481070935239434,0.6733712238309494,0.6539431759266091,0.6681902429345313,0.0,0.032258064516129004,0.7955910980658887,0.8194444444444444,0.9889153517832434
selective_risk_under_alternative_fidelity,absolute_effect_rank_agreement,u_psn_rf,tian_neuron_crispri,slim_string,leave_environment_out,env__v~tiankampmann2021%5Fcrispri__v~ipsc-induced%5Fneuron__v~rna__v~baseline,,38.0,0.6496651757948361,0.6420621026209684,0.007603073173867658,0.29073041238372727,0.6733712238309494,0.6533802886528575,0.6684697118500099,0.0,0.032258064516129004,0.7887374514741728,0.8333333333333333,0.9899441583676056
selective_risk_under_alternative_fidelity,absolute_effect_rank_agreement,ptl_rf,tian_neuron_crispri,slim_string,leave_environment_out,env__v~tiankampmann2021%5Fcrispri__v~ipsc-induced%5Fneuron__v~rna__v~baseline,,38.0,0.6492954568337906,0.6420621026209684,0.0072333542128222295,0.12084096155924792,0.6733712238309494,0.6513179626877417,0.667379602683482,0.0,0.032258064516129004,0.42145634426595496,0.8472222222222222,0.9909362218596691
selective_risk_under_alternative_fidelity,delta_cosine,raw_normalized_uq,tian_neuron_crispri,slim_string,leave_predictor_out,,slim_string,38.0,0.5691711686209104,0.5565421073372425,0.01262906128366792,0.6750084848249953,0.6242138815418464,0.5760357540097181,0.5994957326744159,0.0,0.0,2.0604772039104082,0.9571428571428572,0.9960876982371897
selective_risk_under_alternative_fidelity,delta_cosine,best_scalar_uq,tian_neuron_crispri,slim_string,leave_predictor_out,,slim_string,38.0,0.5763091759841662,0.5565421073372425,0.01976706864692368,0.6505073087339751,0.6242138815418464,0.5842807255815536,0.6114340375627143,0.0,0.06451612903225812,2.028335501598662,0.7238095238095238,0.9715404690988041
selective_risk_under_alternative_fidelity,delta_cosine,u_only_rf,tian_neuron_crispri,slim_string,leave_predictor_out,,slim_string,38.0,0.6118892793172165,0.5565421073372425,0.055347171979973964,0.41953842493400495,0.6242138815418464,0.6308966550111889,0.635480434103182,0.10526315789473684,0.09677419354838712,1.0738632908346313,0.30476190476190473,0.8985669594354716
selective_risk_under_alternative_fidelity,delta_cosine,u_p_rf,tian_neuron_crispri,slim_string,leave_predictor_out,,slim_string,38.0,0.5940702686357151,0.5565421073372425,0.037528161298472584,0.45208736445635433,0.6242138815418464,0.5939825347795114,0.6135494496158146,0.052631578947368474,0.06451612903225812,1.1410461082744794,0.5142857142857143,0.9222137629411759
selective_risk_under_alternative_fidelity,delta_cosine,u_ps_rf,tian_neuron_crispri,slim_string,leave_predictor_out,,slim_string,38.0,0.5923368718137644,0.5565421073372425,0.035794764476521856,0.43331622266074765,0.6242138815418464,0.5939825347795114,0.6139064079816869,0.052631578947368474,0.06451612903225812,1.0908960611174283,0.5619047619047619,0.9354230087068128
selective_risk_under_alternative_fidelity,delta_cosine,u_psn_rf,tian_neuron_crispri,slim_string,leave_predictor_out,,slim_string,38.0,0.593146018218673,0.5565421073372425,0.036603910881430446,0.4412636156735481,0.6242138815418464,0.5939825347795114,0.6135494496158147,0.052631578947368474,0.06451612903225812,1.1093801576278088,0.5238095238095238,0.9279280486554616
selective_risk_under_alternative_fidelity,delta_cosine,ptl_rf,tian_neuron_crispri,slim_string,leave_predictor_out,,slim_string,38.0,0.5781762539909397,0.5565421073372425,0.021634146653697228,0.2267377090238375,0.6242138815418464,0.5854602856778285,0.6122437975989284,0.052631578947368474,0.06451612903225812,0.6314619909816837,0.6952380952380952,0.9595799733222163
selective_risk_under_alternative_fidelity,centered_delta_cosine,raw_normalized_uq,tian_neuron_crispri,slim_string,leave_predictor_out,,slim_string,38.0,0.567230617086994,0.5554657783492795,0.0117648387377145,0.6750084848249953,0.621867581935903,0.573838829507087,0.5980289004845963,0.0,0.0,2.0604772039104082,0.9571428571428572,0.9960876982371897
selective_risk_under_alternative_fidelity,centered_delta_cosine,best_scalar_uq,tian_neuron_crispri,slim_string,leave_predictor_out,,slim_string,38.0,0.574176066810027,0.5554657783492795,0.018710288460747515,0.6505073087339751,0.621867581935903,0.5819857638174778,0.6089809163147555,0.0,0.06451612903225812,2.028335501598662,0.7238095238095238,0.9715404690988041
selective_risk_under_alternative_fidelity,centered_delta_cosine,u_only_rf,tian_neuron_crispri,slim_string,leave_predictor_out,,slim_string,38.0,0.6102479967624866,0.5554657783492795,0.054782218413207184,0.41953842493400495,0.621867581935903,0.6303992760836797,0.6331626916608797,0.10526315789473684,0.09677419354838712,1.0738632908346313,0.30476190476190473,0.8985669594354716
selective_risk_under_alternative_fidelity,centered_delta_cosine,u_p_rf,tian_neuron_crispri,slim_string,leave_predictor_out,,slim_string,38.0,0.5920952537410556,0.5554657783492795,0.03662947539177619,0.45208736445635433,0.621867581935903,0.5924447305659072,0.6108412249075644,0.052631578947368474,0.06451612903225812,1.1410461082744794,0.5142857142857143,0.9222137629411759
selective_risk_under_alternative_fidelity,centered_delta_cosine,u_ps_rf,tian_neuron_crispri,slim_string,leave_predictor_out,,slim_string,38.0,0.5902911774368486,0.5554657783492795,0.0348253990875691,0.43331622266074765,0.621867581935903,0.5924447305659072,0.6112514791834536,0.052631578947368474,0.06451612903225812,1.0908960611174283,0.5619047619047619,0.9354230087068128
selective_risk_under_alternative_fidelity,centered_delta_cosine,u_psn_rf,tian_neuron_crispri,slim_string,leave_predictor_out,,slim_string,38.0,0.5912140871618704,0.5554657783492795,0.035748308812590945,0.4412636156735481,0.621867581935903,0.5924447305659072,0.6108412249075644,0.052631578947368474,0.06451612903225812,1.1093801576278088,0.5238095238095238,0.9279280486554616
selective_risk_under_alternative_fidelity,centered_delta_cosine,ptl_rf,tian_neuron_crispri,slim_string,leave_predictor_out,,slim_string,38.0,0.5762334684993402,0.5554657783492795,0.020767690150060747,0.2267377090238375,0.621867581935903,0.5838832828815944,0.6100838817574725,0.052631578947368474,0.06451612903225812,0.6314619909816837,0.6952380952380952,0.9595799733222163
selective_risk_under_alternative_fidelity,absolute_effect_rank_agreement,raw_normalized_uq,tian_neuron_crispri,slim_string,leave_predictor_out,,slim_string,38.0,0.647260733530333,0.6420621026209684,0.0051986309093645655,0.6750084848249953,0.6733712238309494,0.651209150309838,0.6650391637096339,0.0,0.0,2.0604772039104082,0.9571428571428572,0.9960876982371897
selective_risk_under_alternative_fidelity,absolute_effect_rank_agreement,best_scalar_uq,tian_neuron_crispri,slim_string,leave_predictor_out,,slim_string,38.0,0.6494504043633382,0.6420621026209684,0.007388301742369818,0.6505073087339751,0.6733712238309494,0.6564616734605943,0.6682364636906304,0.0,0.06451612903225812,2.028335501598662,0.7238095238095238,0.9715404690988041
selective_risk_under_alternative_fidelity,absolute_effect_rank_agreement,u_only_rf,tian_neuron_crispri,slim_string,leave_predictor_out,,slim_string,38.0,0.6684711559441668,0.6420621026209684,0.026409053323198428,0.41953842493400495,0.6733712238309494,0.6793280495892656,0.6801319509330075,0.10526315789473684,0.09677419354838712,1.0738632908346313,0.30476190476190473,0.8985669594354716
selective_risk_under_alternative_fidelity,absolute_effect_rank_agreement,u_p_rf,tian_neuron_crispri,slim_string,leave_predictor_out,,slim_string,38.0,0.6559335548451969,0.6420621026209684,0.013871452224228475,0.45208736445635433,0.6733712238309494,0.6560170033480041,0.6682400407373258,0.052631578947368474,0.06451612903225812,1.1410461082744794,0.5142857142857143,0.9222137629411759
selective_risk_under_alternative_fidelity,absolute_effect_rank_agreement,u_ps_rf,tian_neuron_crispri,slim_string,leave_predictor_out,,slim_string,38.0,0.6557067631053438,0.6420621026209684,0.013644660484375404,0.43331622266074765,0.6733712238309494,0.6560170033480041,0.6684998455607298,0.052631578947368474,0.06451612903225812,1.0908960611174283,0.5619047619047619,0.9354230087068128
selective_risk_under_alternative_fidelity,absolute_effect_rank_agreement,u_psn_rf,tian_neuron_crispri,slim_string,leave_predictor_out,,slim_string,38.0,0.6559968374281031,0.6420621026209684,0.013934734807134697,0.4412636156735481,0.6733712238309494,0.656017003348004,0.6682400407373258,0.052631578947368474,0.06451612903225812,1.1093801576278088,0.5238095238095238,0.9279280486554616
selective_risk_under_alternative_fidelity,absolute_effect_rank_agreement,ptl_rf,tian_neuron_crispri,slim_string,leave_predictor_out,,slim_string,38.0,0.6493802007949004,0.6420621026209684,0.0073180981739320305,0.2267377090238375,0.6733712238309494,0.6526062928265588,0.6669128759972373,0.052631578947368474,0.06451612903225812,0.6314619909816837,0.6952380952380952,0.9595799733222163
selective_risk_under_alternative_fidelity,delta_cosine,raw_normalized_uq,tian_neuron_crispri,strong_linear,in_domain,,,38.0,0.5049238460658678,0.48223593693881917,0.022687909127048655,0.1520595865166703,0.517634563274088,0.49787390460788944,0.5132675855685526,0.0,0.0,0.46779591073242593,,
selective_risk_under_alternative_fidelity,delta_cosine,best_scalar_uq,tian_neuron_crispri,strong_linear,in_domain,,,38.0,0.5056559565416263,0.48223593693881917,0.02342001960280715,0.14265714341082633,0.517634563274088,0.503873597264749,0.5161553839393364,0.0,0.0,0.45159238204860697,,
selective_risk_under_alternative_fidelity,delta_cosine,u_only_rf,tian_neuron_crispri,strong_linear,in_domain,,,38.0,0.5025177150572505,0.48223593693881917,0.02028177811843135,0.12612672258765778,0.517634563274088,0.5035717366790634,0.5142273018538579,0.0,0.0,0.3944399216408917,,
selective_risk_under_alternative_fidelity,delta_cosine,u_p_rf,tian_neuron_crispri,strong_linear,in_domain,,,38.0,0.4983104344982144,0.48223593693881917,0.016074497559395218,0.046306847340700764,0.517634563274088,0.4980776762234143,0.5145399774173086,0.0,0.0,0.17439695561922336,,
selective_risk_under_alternative_fidelity,delta_cosine,u_ps_rf,tian_neuron_crispri,strong_linear,in_domain,,,38.0,0.4982836973521138,0.48223593693881917,0.016047760413294643,0.054716150122882765,0.517634563274088,0.4980776762234143,0.5132675855685527,0.0,0.0,0.20444737994320783,,
selective_risk_under_alternative_fidelity,delta_cosine,u_psn_rf,tian_neuron_crispri,strong_linear,in_domain,,,38.0,0.4983502815971857,0.48223593693881917,0.01611434465836653,0.06109524160199069,0.517634563274088,0.4980776762234143,0.5132675855685527,0.0,0.0,0.2252499507472766,,
selective_risk_under_alternative_fidelity,delta_cosine,ptl_rf,tian_neuron_crispri,strong_linear,in_domain,,,38.0,0.49960963298825745,0.48223593693881917,0.01737369604943828,0.009543794878899827,0.517634563274088,0.4980249377704312,0.514227301853858,0.0,0.0,0.06365092309840151,,
selective_risk_under_alternative_fidelity,centered_delta_cosine,raw_normalized_uq,tian_neuron_crispri,strong_linear,in_domain,,,38.0,0.5024058020704146,0.48040252355101426,0.02200327851940037,0.1520595865166703,0.5154668593035345,0.49607029859414464,0.5111424109426284,0.0,0.0,0.46779591073242593,,
selective_risk_under_alternative_fidelity,centered_delta_cosine,best_scalar_uq,tian_neuron_crispri,strong_linear,in_domain,,,38.0,0.5031038417856852,0.48040252355101426,0.022701318234670975,0.14265714341082633,0.5154668593035345,0.5015762907544387,0.5140541042299884,0.0,0.0,0.45159238204860697,,
selective_risk_under_alternative_fidelity,centered_delta_cosine,u_only_rf,tian_neuron_crispri,strong_linear,in_domain,,,38.0,0.5001541143026638,0.48040252355101426,0.019751590751649506,0.12612672258765778,0.5154668593035345,0.5013127463679277,0.5121885822808288,0.0,0.0,0.3944399216408917,,
selective_risk_under_alternative_fidelity,centered_delta_cosine,u_p_rf,tian_neuron_crispri,strong_linear,in_domain,,,38.0,0.49611463244538784,0.48040252355101426,0.015712108894373578,0.046306847340700764,0.5154668593035345,0.4962536898032083,0.5124496666505788,0.0,0.0,0.17439695561922336,,
selective_risk_under_alternative_fidelity,centered_delta_cosine,u_ps_rf,tian_neuron_crispri,strong_linear,in_domain,,,38.0,0.4960728005184451,0.48040252355101426,0.01567027696743084,0.054716150122882765,0.5154668593035345,0.49625368980320816,0.5111424109426284,0.0,0.0,0.20444737994320783,,
selective_risk_under_alternative_fidelity,centered_delta_cosine,u_psn_rf,tian_neuron_crispri,strong_linear,in_domain,,,38.0,0.4960743315338247,0.48040252355101426,0.015671807982810426,0.06109524160199069,0.5154668593035345,0.49625368980320816,0.5111424109426284,0.0,0.0,0.2252499507472766,,
selective_risk_under_alternative_fidelity,centered_delta_cosine,ptl_rf,tian_neuron_crispri,strong_linear,in_domain,,,38.0,0.49815073872486554,0.48040252355101426,0.01774821517385128,0.009543794878899827,0.5154668593035345,0.4965042214738422,0.5121885822808289,0.0,0.0,0.06365092309840151,,
selective_risk_under_alternative_fidelity,absolute_effect_rank_agreement,raw_normalized_uq,tian_neuron_crispri,strong_linear,in_domain,,,38.0,0.616854125686822,0.6048997652895749,0.011954360397247066,0.1520595865166703,0.621152734654356,0.6149361702722808,0.6181614761772093,0.0,0.0,0.46779591073242593,,
selective_risk_under_alternative_fidelity,absolute_effect_rank_agreement,best_scalar_uq,tian_neuron_crispri,strong_linear,in_domain,,,38.0,0.61704631486658,0.6048997652895749,0.012146549577005117,0.14265714341082633,0.621152734654356,0.6159018249666733,0.6190511447633936,0.0,0.0,0.45159238204860697,,
selective_risk_under_alternative_fidelity,absolute_effect_rank_agreement,u_only_rf,tian_neuron_crispri,strong_linear,in_domain,,,38.0,0.6172357701996488,0.6048997652895749,0.012336004910073917,0.12612672258765778,0.621152734654356,0.6163588550210456,0.6187154609063172,0.0,0.0,0.3944399216408917,,
selective_risk_under_alternative_fidelity,absolute_effect_rank_agreement,u_p_rf,tian_neuron_crispri,strong_linear,in_domain,,,38.0,0.6146376431678169,0.6048997652895749,0.009737877878241985,0.046306847340700764,0.621152734654356,0.6140967865412071,0.6187513377411504,0.0,0.0,0.17439695561922336,,
selective_risk_under_alternative_fidelity,absolute_effect_rank_agreement,u_ps_rf,tian_neuron_crispri,strong_linear,in_domain,,,38.0,0.6145862794838715,0.6048997652895749,0.009686514194296558,0.054716150122882765,0.621152734654356,0.614096786541207,0.6181614761772092,0.0,0.0,0.20444737994320783,,
selective_risk_under_alternative_fidelity,absolute_effect_rank_agreement,u_psn_rf,tian_neuron_crispri,strong_linear,in_domain,,,38.0,0.6145769332201044,0.6048997652895749,0.009677167930529529,0.06109524160199069,0.621152734654356,0.614096786541207,0.6181614761772092,0.0,0.0,0.2252499507472766,,
selective_risk_under_alternative_fidelity,absolute_effect_rank_agreement,ptl_rf,tian_neuron_crispri,strong_linear,in_domain,,,38.0,0.614319780175433,0.6048997652895749,0.009420014885858086,0.009543794878899827,0.621152734654356,0.6141561600932427,0.6187154609063171,0.0,0.0,0.06365092309840151,,
selective_risk_under_alternative_fidelity,delta_cosine,raw_normalized_uq,tian_neuron_crispri,strong_linear,leave_environment_out,env__v~tiankampmann2021%5Fcrispri__v~ipsc-induced%5Fneuron__v~rna__v~baseline,,38.0,0.5049834111079538,0.48223593693881917,0.022747474169134585,0.12692108495933035,0.517634563274088,0.49787390460788944,0.5132675855685526,0.0,0.0,0.41157058417316605,,
selective_risk_under_alternative_fidelity,delta_cosine,best_scalar_uq,tian_neuron_crispri,strong_linear,leave_environment_out,env__v~tiankampmann2021%5Fcrispri__v~ipsc-induced%5Fneuron__v~rna__v~baseline,,38.0,0.5058660166192993,0.48223593693881917,0.023630079680480143,0.11654454330885533,0.517634563274088,0.503873597264749,0.5161553839393364,0.0,0.0,0.3965928517711972,,
selective_risk_under_alternative_fidelity,delta_cosine,u_only_rf,tian_neuron_crispri,strong_linear,leave_environment_out,env__v~tiankampmann2021%5Fcrispri__v~ipsc-induced%5Fneuron__v~rna__v~baseline,,38.0,0.5017195590249321,0.48223593693881917,0.019483622086112984,0.21454293258953996,0.517634563274088,0.4985398926584795,0.5129780942305672,0.0,0.0,0.6109889914078724,,
selective_risk_under_alternative_fidelity,delta_cosine,u_p_rf,tian_neuron_crispri,strong_linear,leave_environment_out,env__v~tiankampmann2021%5Fcrispri__v~ipsc-induced%5Fneuron__v~rna__v~baseline,,38.0,0.5036569851277084,0.48223593693881917,0.021421048188889236,0.2648466955197299,0.517634563274088,0.4996083714241526,0.5092144833063721,0.0,0.0,0.7236083498309056,,
selective_risk_under_alternative_fidelity,delta_cosine,u_ps_rf,tian_neuron_crispri,strong_linear,leave_environment_out,env__v~tiankampmann2021%5Fcrispri__v~ipsc-induced%5Fneuron__v~rna__v~baseline,,38.0,0.5013869730193243,0.48223593693881917,0.019151036080505168,0.29245044593598896,0.517634563274088,0.4996083714241526,0.5068177796599957,0.0,0.0,0.7817359163538251,,
selective_risk_under_alternative_fidelity,delta_cosine,u_psn_rf,tian_neuron_crispri,strong_linear,leave_environment_out,env__v~tiankampmann2021%5Fcrispri__v~ipsc-induced%5Fneuron__v~rna__v~baseline,,38.0,0.5023143298297075,0.48223593693881917,0.020078392890888308,0.27232604808872657,0.517634563274088,0.49895698340047,0.5132653543793175,0.0,0.0,0.7395857235243241,,
selective_risk_under_alternative_fidelity,delta_cosine,ptl_rf,tian_neuron_crispri,strong_linear,leave_environment_out,env__v~tiankampmann2021%5Fcrispri__v~ipsc-induced%5Fneuron__v~rna__v~baseline,,38.0,0.5029683540672784,0.48223593693881917,0.02073241712845919,0.09656633057018771,0.517634563274088,0.49574745411348375,0.5132675855685525,0.0,0.0,0.37085842328059193,,
selective_risk_under_alternative_fidelity,centered_delta_cosine,raw_normalized_uq,tian_neuron_crispri,strong_linear,leave_environment_out,env__v~tiankampmann2021%5Fcrispri__v~ipsc-induced%5Fneuron__v~rna__v~baseline,,38.0,0.5024763054835267,0.48040252355101426,0.02207378193251247,0.12692108495933035,0.5154668593035345,0.49607029859414464,0.5111424109426284,0.0,0.0,0.41157058417316605,,
selective_risk_under_alternative_fidelity,centered_delta_cosine,best_scalar_uq,tian_neuron_crispri,strong_linear,leave_environment_out,env__v~tiankampmann2021%5Fcrispri__v~ipsc-induced%5Fneuron__v~rna__v~baseline,,38.0,0.5033004015859659,0.48040252355101426,0.022897878034951635,0.11654454330885533,0.5154668593035345,0.5015762907544387,0.5140541042299883,0.0,0.0,0.3965928517711972,,
selective_risk_under_alternative_fidelity,centered_delta_cosine,u_only_rf,tian_neuron_crispri,strong_linear,leave_environment_out,env__v~tiankampmann2021%5Fcrispri__v~ipsc-induced%5Fneuron__v~rna__v~baseline,,38.0,0.4991056383822585,0.48040252355101426,0.01870311483124426,0.21454293258953996,0.5154668593035345,0.4966837997309174,0.5109039071914453,0.0,0.0,0.6109889914078724,,
selective_risk_under_alternative_fidelity,centered_delta_cosine,u_p_rf,tian_neuron_crispri,strong_linear,leave_environment_out,env__v~tiankampmann2021%5Fcrispri__v~ipsc-induced%5Fneuron__v~rna__v~baseline,,38.0,0.5009455609650713,0.48040252355101426,0.020543037414056997,0.2648466955197299,0.5154668593035345,0.4980855035366035,0.5070882089241238,0.0,0.0,0.7236083498309056,,
selective_risk_under_alternative_fidelity,centered_delta_cosine,u_ps_rf,tian_neuron_crispri,strong_linear,leave_environment_out,env__v~tiankampmann2021%5Fcrispri__v~ipsc-induced%5Fneuron__v~rna__v~baseline,,38.0,0.49884358200154244,0.48040252355101426,0.01844105845052818,0.29245044593598896,0.5154668593035345,0.49808550353660364,0.5046640145209501,0.0,0.0,0.7817359163538251,,
selective_risk_under_alternative_fidelity,centered_delta_cosine,u_psn_rf,tian_neuron_crispri,strong_linear,leave_environment_out,env__v~tiankampmann2021%5Fcrispri__v~ipsc-induced%5Fneuron__v~rna__v~baseline,,38.0,0.49973148609546275,0.48040252355101426,0.01932896254444849,0.27232604808872657,0.5154668593035345,0.49713872959175665,0.5109691043133079,0.0,0.0,0.7395857235243241,,
selective_risk_under_alternative_fidelity,centered_delta_cosine,ptl_rf,tian_neuron_crispri,strong_linear,leave_environment_out,env__v~tiankampmann2021%5Fcrispri__v~ipsc-induced%5Fneuron__v~rna__v~baseline,,38.0,0.5002398388715935,0.48040252355101426,0.019837315320579252,0.09656633057018771,0.5154668593035345,0.49395048377088896,0.5111424109426282,0.0,0.0,0.37085842328059193,,
selective_risk_under_alternative_fidelity,absolute_effect_rank_agreement,raw_normalized_uq,tian_neuron_crispri,strong_linear,leave_environment_out,env__v~tiankampmann2021%5Fcrispri__v~ipsc-induced%5Fneuron__v~rna__v~baseline,,38.0,0.6169069349076424,0.6048997652895749,0.01200716961806747,0.12692108495933035,0.621152734654356,0.6149361702722806,0.6181614761772093,0.0,0.0,0.41157058417316605,,
selective_risk_under_alternative_fidelity,absolute_effect_rank_agreement,best_scalar_uq,tian_neuron_crispri,strong_linear,leave_environment_out,env__v~tiankampmann2021%5Fcrispri__v~ipsc-induced%5Fneuron__v~rna__v~baseline,,38.0,0.6171773097950111,0.6048997652895749,0.012277544505436166,0.11654454330885533,0.621152734654356,0.6159018249666733,0.6190511447633935,0.0,0.0,0.3965928517711972,,
selective_risk_under_alternative_fidelity,absolute_effect_rank_agreement,u_only_rf,tian_neuron_crispri,strong_linear,leave_environment_out,env__v~tiankampmann2021%5Fcrispri__v~ipsc-induced%5Fneuron__v~rna__v~baseline,,38.0,0.6159976940537591,0.6048997652895749,0.01109792876418425,0.21454293258953996,0.621152734654356,0.6153168075409428,0.6189182031241904,0.0,0.0,0.6109889914078724,,
selective_risk_under_alternative_fidelity,absolute_effect_rank_agreement,u_p_rf,tian_neuron_crispri,strong_linear,leave_environment_out,env__v~tiankampmann2021%5Fcrispri__v~ipsc-induced%5Fneuron__v~rna__v~baseline,,38.0,0.6173263874926677,0.6048997652895749,0.012426622203092763,0.2648466955197299,0.621152734654356,0.6158148314172596,0.6180833794116142,0.0,0.0,0.7236083498309056,,
selective_risk_under_alternative_fidelity,absolute_effect_rank_agreement,u_ps_rf,tian_neuron_crispri,strong_linear,leave_environment_out,env__v~tiankampmann2021%5Fcrispri__v~ipsc-induced%5Fneuron__v~rna__v~baseline,,38.0,0.6162383928794561,0.6048997652895749,0.011338627589881245,0.29245044593598896,0.621152734654356,0.6158148314172596,0.6171103303571406,0.0,0.0,0.7817359163538251,,
selective_risk_under_alternative_fidelity,absolute_effect_rank_agreement,u_psn_rf,tian_neuron_crispri,strong_linear,leave_environment_out,env__v~tiankampmann2021%5Fcrispri__v~ipsc-induced%5Fneuron__v~rna__v~baseline,,38.0,0.6166063004576486,0.6048997652895749,0.01170653516807374,0.27232604808872657,0.621152734654356,0.6140216441144325,0.6194014880798699,0.0,0.0,0.7395857235243241,,
selective_risk_under_alternative_fidelity,absolute_effect_rank_agreement,ptl_rf,tian_neuron_crispri,strong_linear,leave_environment_out,env__v~tiankampmann2021%5Fcrispri__v~ipsc-induced%5Fneuron__v~rna__v~baseline,,38.0,0.6166508824621992,0.6048997652895749,0.011751117172624337,0.09656633057018771,0.621152734654356,0.6134436005034578,0.6181614761772092,0.0,0.0,0.37085842328059193,,
selective_risk_under_alternative_fidelity,delta_cosine,raw_normalized_uq,tian_neuron_crispri,strong_linear,leave_predictor_out,,strong_linear,38.0,0.5063038482234176,0.48223593693881917,0.024067911284598398,0.15595795769214854,0.517634563274088,0.49787390460788944,0.5132675855685526,0.0,0.0,0.5010791093556023,,
selective_risk_under_alternative_fidelity,delta_cosine,best_scalar_uq,tian_neuron_crispri,strong_linear,leave_predictor_out,,strong_linear,38.0,0.5055660073211758,0.48223593693881917,0.023330070382356682,0.20607590723467503,0.517634563274088,0.503873597264749,0.5161553839393364,0.0,0.0,0.5975970978217844,,
selective_risk_under_alternative_fidelity,delta_cosine,u_only_rf,tian_neuron_crispri,strong_linear,leave_predictor_out,,strong_linear,38.0,0.5027109502698033,0.48223593693881917,0.020475013330984115,0.3641533770844787,0.517634563274088,0.49787390460788944,0.5132675855685527,0.0,0.0,0.9537151210234887,,
selective_risk_under_alternative_fidelity,delta_cosine,u_p_rf,tian_neuron_crispri,strong_linear,leave_predictor_out,,strong_linear,38.0,0.5004187969991376,0.48223593693881917,0.01818286006031844,0.23741575431397824,0.517634563274088,0.49557006858822905,0.5114721276464231,0.0,0.0,0.6675532357405177,,
selective_risk_under_alternative_fidelity,delta_cosine,u_ps_rf,tian_neuron_crispri,strong_linear,leave_predictor_out,,strong_linear,38.0,0.5014261864276801,0.48223593693881917,0.019190249488860944,0.23050284837401783,0.517634563274088,0.49557006858822905,0.5097161041329029,0.0,0.0,0.6512145092762093,,
selective_risk_under_alternative_fidelity,delta_cosine,u_psn_rf,tian_neuron_crispri,strong_linear,leave_predictor_out,,strong_linear,38.0,0.5008918212724108,0.48223593693881917,0.018655884333591666,0.22363054157245896,0.517634563274088,0.49557006858822905,0.5114721276464231,0.0,0.0,0.6361474913098517,,
selective_risk_under_alternative_fidelity,delta_cosine,ptl_rf,tian_neuron_crispri,strong_linear,leave_predictor_out,,strong_linear,38.0,0.5006756857218574,0.48223593693881917,0.018439748783038223,0.030827375102185275,0.517634563274088,0.49557006858822916,0.5132675855685527,0.0,0.0,0.1835816872526447,,
selective_risk_under_alternative_fidelity,centered_delta_cosine,raw_normalized_uq,tian_neuron_crispri,strong_linear,leave_predictor_out,,strong_linear,38.0,0.503833008526431,0.48040252355101426,0.02343048497541672,0.15595795769214854,0.5154668593035345,0.49607029859414464,0.5111424109426284,0.0,0.0,0.5010791093556023,,
selective_risk_under_alternative_fidelity,centered_delta_cosine,best_scalar_uq,tian_neuron_crispri,strong_linear,leave_predictor_out,,strong_linear,38.0,0.5030521629904566,0.48040252355101426,0.02264963943944237,0.20607590723467503,0.5154668593035345,0.5015762907544387,0.5140541042299884,0.0,0.0,0.5975970978217844,,
selective_risk_under_alternative_fidelity,centered_delta_cosine,u_only_rf,tian_neuron_crispri,strong_linear,leave_predictor_out,,strong_linear,38.0,0.5005466997651152,0.48040252355101426,0.020144176214100973,0.3641533770844787,0.5154668593035345,0.49607029859414453,0.5111424109426282,0.0,0.0,0.9537151210234887,,
selective_risk_under_alternative_fidelity,centered_delta_cosine,u_p_rf,tian_neuron_crispri,strong_linear,leave_predictor_out,,strong_linear,38.0,0.4978825629963588,0.48040252355101426,0.017480039445344542,0.23741575431397824,0.5154668593035345,0.4936273386726306,0.5095695330984176,0.0,0.0,0.6675532357405177,,
selective_risk_under_alternative_fidelity,centered_delta_cosine,u_ps_rf,tian_neuron_crispri,strong_linear,leave_predictor_out,,strong_linear,38.0,0.49884441649141964,0.48040252355101426,0.01844189294040538,0.23050284837401783,0.5154668593035345,0.4936273386726306,0.5078944897091889,0.0,0.0,0.6512145092762093,,
selective_risk_under_alternative_fidelity,centered_delta_cosine,u_psn_rf,tian_neuron_crispri,strong_linear,leave_predictor_out,,strong_linear,38.0,0.4982738015092043,0.48040252355101426,0.017871277958190046,0.22363054157245896,0.5154668593035345,0.4936273386726306,0.5095695330984176,0.0,0.0,0.6361474913098517,,
selective_risk_under_alternative_fidelity,centered_delta_cosine,ptl_rf,tian_neuron_crispri,strong_linear,leave_predictor_out,,strong_linear,38.0,0.49816557782632975,0.48040252355101426,0.017763054275315493,0.030827375102185275,0.5154668593035345,0.4936273386726306,0.5111424109426284,0.0,0.0,0.1835816872526447,,
selective_risk_under_alternative_fidelity,absolute_effect_rank_agreement,raw_normalized_uq,tian_neuron_crispri,strong_linear,leave_predictor_out,,strong_linear,38.0,0.6167280013566677,0.6048997652895749,0.011828236067092823,0.15595795769214854,0.621152734654356,0.6149361702722809,0.6181614761772094,0.0,0.0,0.5010791093556023,,
selective_risk_under_alternative_fidelity,absolute_effect_rank_agreement,best_scalar_uq,tian_neuron_crispri,strong_linear,leave_predictor_out,,strong_linear,38.0,0.617003008500759,0.6048997652895749,0.012103243211184056,0.20607590723467503,0.621152734654356,0.6159018249666733,0.6190511447633936,0.0,0.0,0.5975970978217844,,
selective_risk_under_alternative_fidelity,absolute_effect_rank_agreement,u_only_rf,tian_neuron_crispri,strong_linear,leave_predictor_out,,strong_linear,38.0,0.6164652512261622,0.6048997652895749,0.01156548593658735,0.3641533770844787,0.621152734654356,0.6149361702722808,0.6181614761772093,0.0,0.0,0.9537151210234887,,
selective_risk_under_alternative_fidelity,absolute_effect_rank_agreement,u_p_rf,tian_neuron_crispri,strong_linear,leave_predictor_out,,strong_linear,38.0,0.6151333876727737,0.6048997652895749,0.010233622383198804,0.23741575431397824,0.621152734654356,0.612598704300118,0.6180613089096257,0.0,0.0,0.6675532357405177,,
selective_risk_under_alternative_fidelity,absolute_effect_rank_agreement,u_ps_rf,tian_neuron_crispri,strong_linear,leave_predictor_out,,strong_linear,38.0,0.6157558197660338,0.6048997652895749,0.010856054476458876,0.23050284837401783,0.621152734654356,0.612598704300118,0.6170940410934003,0.0,0.0,0.6512145092762093,,
selective_risk_under_alternative_fidelity,absolute_effect_rank_agreement,u_psn_rf,tian_neuron_crispri,strong_linear,leave_predictor_out,,strong_linear,38.0,0.6154400507320141,0.6048997652895749,0.010540285442439234,0.22363054157245896,0.621152734654356,0.612598704300118,0.6180613089096256,0.0,0.0,0.6361474913098517,,
selective_risk_under_alternative_fidelity,absolute_effect_rank_agreement,ptl_rf,tian_neuron_crispri,strong_linear,leave_predictor_out,,strong_linear,38.0,0.6156946501467652,0.6048997652895749,0.010794884857190268,0.030827375102185275,0.621152734654356,0.612598704300118,0.6181614761772093,0.0,0.0,0.1835816872526447,,
selective_risk_under_alternative_fidelity,delta_cosine,raw_normalized_uq,xu_he293,mean_matching,in_domain,,,38.0,0.6352773376477956,0.542672921810445,0.09260441583735057,0.37619200006704057,0.6487095376968535,0.641214991100173,0.6593909724688084,0.1578947368421053,0.22580645161290325,0.957020176453549,0.5,0.7894736842105263
selective_risk_under_alternative_fidelity,delta_cosine,best_scalar_uq,xu_he293,mean_matching,in_domain,,,38.0,0.6352773376477956,0.542672921810445,0.09260441583735057,0.20115529796138984,0.6487095376968535,0.641214991100173,0.6593909724688084,0.1578947368421053,0.22580645161290325,0.5942055081664723,0.5,0.7894736842105263
selective_risk_under_alternative_fidelity,delta_cosine,u_only_rf,xu_he293,mean_matching,in_domain,,,38.0,0.6352773376477956,0.542672921810445,0.09260441583735057,0.16765004768648273,0.6487095376968535,0.641214991100173,0.6593909724688084,0.1578947368421053,0.22580645161290325,0.519450644437716,0.5,0.7894736842105263
selective_risk_under_alternative_fidelity,delta_cosine,u_p_rf,xu_he293,mean_matching,in_domain,,,38.0,0.6352773376477956,0.542672921810445,0.09260441583735057,0.16841007077975434,0.6487095376968535,0.641214991100173,0.6593909724688084,0.1578947368421053,0.22580645161290325,0.5221714089514922,0.5,0.7894736842105263
selective_risk_under_alternative_fidelity,delta_cosine,u_ps_rf,xu_he293,mean_matching,in_domain,,,38.0,0.6352773376477956,0.542672921810445,0.09260441583735057,0.16830610331981782,0.6487095376968535,0.641214991100173,0.6593909724688084,0.1578947368421053,0.22580645161290325,0.521792486082604,0.5,0.7894736842105263
selective_risk_under_alternative_fidelity,delta_cosine,u_psn_rf,xu_he293,mean_matching,in_domain,,,38.0,0.6352773376477956,0.542672921810445,0.09260441583735057,0.1682185443171535,0.6487095376968535,0.641214991100173,0.6593909724688084,0.1578947368421053,0.22580645161290325,0.521474985784543,0.5,0.7894736842105263
selective_risk_under_alternative_fidelity,delta_cosine,ptl_rf,xu_he293,mean_matching,in_domain,,,38.0,0.6352773376477956,0.542672921810445,0.09260441583735057,0.16827023429671584,0.6487095376968535,0.641214991100173,0.6593909724688084,0.1578947368421053,0.22580645161290325,0.5216622404344317,0.5,0.7894736842105263
selective_risk_under_alternative_fidelity,centered_delta_cosine,raw_normalized_uq,xu_he293,mean_matching,in_domain,,,38.0,0.6392761580588814,0.5497822731936853,0.08949388486519605,0.37619200006704057,0.6553947337306513,0.6427897581115104,0.6649435600476947,0.1578947368421053,0.22580645161290325,0.957020176453549,0.5,0.7894736842105263
selective_risk_under_alternative_fidelity,centered_delta_cosine,best_scalar_uq,xu_he293,mean_matching,in_domain,,,38.0,0.6392761580588814,0.5497822731936853,0.08949388486519605,0.20115529796138984,0.6553947337306513,0.6427897581115104,0.6649435600476947,0.1578947368421053,0.22580645161290325,0.5942055081664723,0.5,0.7894736842105263
selective_risk_under_alternative_fidelity,centered_delta_cosine,u_only_rf,xu_he293,mean_matching,in_domain,,,38.0,0.6392761580588814,0.5497822731936853,0.08949388486519605,0.16765004768648273,0.6553947337306513,0.6427897581115104,0.6649435600476947,0.1578947368421053,0.22580645161290325,0.519450644437716,0.5,0.7894736842105263
selective_risk_under_alternative_fidelity,centered_delta_cosine,u_p_rf,xu_he293,mean_matching,in_domain,,,38.0,0.6392761580588814,0.5497822731936853,0.08949388486519605,0.16841007077975434,0.6553947337306513,0.6427897581115104,0.6649435600476947,0.1578947368421053,0.22580645161290325,0.5221714089514922,0.5,0.7894736842105263
selective_risk_under_alternative_fidelity,centered_delta_cosine,u_ps_rf,xu_he293,mean_matching,in_domain,,,38.0,0.6392761580588814,0.5497822731936853,0.08949388486519605,0.16830610331981782,0.6553947337306513,0.6427897581115104,0.6649435600476947,0.1578947368421053,0.22580645161290325,0.521792486082604,0.5,0.7894736842105263
selective_risk_under_alternative_fidelity,centered_delta_cosine,u_psn_rf,xu_he293,mean_matching,in_domain,,,38.0,0.6392761580588814,0.5497822731936853,0.08949388486519605,0.1682185443171535,0.6553947337306513,0.6427897581115104,0.6649435600476947,0.1578947368421053,0.22580645161290325,0.521474985784543,0.5,0.7894736842105263
selective_risk_under_alternative_fidelity,centered_delta_cosine,ptl_rf,xu_he293,mean_matching,in_domain,,,38.0,0.6392761580588814,0.5497822731936853,0.08949388486519605,0.16827023429671584,0.6553947337306513,0.6427897581115104,0.6649435600476947,0.1578947368421053,0.22580645161290325,0.5216622404344317,0.5,0.7894736842105263
selective_risk_under_alternative_fidelity,absolute_effect_rank_agreement,raw_normalized_uq,xu_he293,mean_matching,in_domain,,,38.0,0.6761096403606953,0.6428061596160755,0.03330348074461986,0.37619200006704057,0.6803395269567021,0.6748063364563691,0.6829522320503725,0.1578947368421053,0.22580645161290325,0.957020176453549,0.5,0.7894736842105263
selective_risk_under_alternative_fidelity,absolute_effect_rank_agreement,best_scalar_uq,xu_he293,mean_matching,in_domain,,,38.0,0.6761096403606953,0.6428061596160755,0.03330348074461986,0.20115529796138984,0.6803395269567021,0.6748063364563691,0.6829522320503725,0.1578947368421053,0.22580645161290325,0.5942055081664723,0.5,0.7894736842105263
selective_risk_under_alternative_fidelity,absolute_effect_rank_agreement,u_only_rf,xu_he293,mean_matching,in_domain,,,38.0,0.6761096403606953,0.6428061596160755,0.03330348074461986,0.16765004768648273,0.6803395269567021,0.6748063364563691,0.6829522320503725,0.1578947368421053,0.22580645161290325,0.519450644437716,0.5,0.7894736842105263
selective_risk_under_alternative_fidelity,absolute_effect_rank_agreement,u_p_rf,xu_he293,mean_matching,in_domain,,,38.0,0.6761096403606953,0.6428061596160755,0.03330348074461986,0.16841007077975434,0.6803395269567021,0.6748063364563691,0.6829522320503725,0.1578947368421053,0.22580645161290325,0.5221714089514922,0.5,0.7894736842105263
selective_risk_under_alternative_fidelity,absolute_effect_rank_agreement,u_ps_rf,xu_he293,mean_matching,in_domain,,,38.0,0.6761096403606953,0.6428061596160755,0.03330348074461986,0.16830610331981782,0.6803395269567021,0.6748063364563691,0.6829522320503725,0.1578947368421053,0.22580645161290325,0.521792486082604,0.5,0.7894736842105263
selective_risk_under_alternative_fidelity,absolute_effect_rank_agreement,u_psn_rf,xu_he293,mean_matching,in_domain,,,38.0,0.6761096403606953,0.6428061596160755,0.03330348074461986,0.1682185443171535,0.6803395269567021,0.6748063364563691,0.6829522320503725,0.1578947368421053,0.22580645161290325,0.521474985784543,0.5,0.7894736842105263
selective_risk_under_alternative_fidelity,absolute_effect_rank_agreement,ptl_rf,xu_he293,mean_matching,in_domain,,,38.0,0.6761096403606953,0.6428061596160755,0.03330348074461986,0.16827023429671584,0.6803395269567021,0.6748063364563691,0.6829522320503725,0.1578947368421053,0.22580645161290325,0.5216622404344317,0.5,0.7894736842105263
selective_risk_under_alternative_fidelity,delta_cosine,raw_normalized_uq,xu_he293,mean_matching,leave_environment_out,env__v~xucao2023__v~hek293__v~rna__v~baseline,,38.0,0.6352773376477956,0.542672921810445,0.09260441583735057,0.38645493878057063,0.6487095376968535,0.641214991100173,0.6593909724688084,0.21052631578947367,0.25806451612903225,0.9825110147928806,0.5,0.7631578947368421
selective_risk_under_alternative_fidelity,delta_cosine,best_scalar_uq,xu_he293,mean_matching,leave_environment_out,env__v~xucao2023__v~hek293__v~rna__v~baseline,,38.0,0.6352773376477956,0.542672921810445,0.09260441583735057,0.20250403430341027,0.6487095376968535,0.641214991100173,0.6593909724688084,0.21052631578947367,0.25806451612903225,0.5966536881612835,0.5,0.7631578947368421
selective_risk_under_alternative_fidelity,delta_cosine,u_only_rf,xu_he293,mean_matching,leave_environment_out,env__v~xucao2023__v~hek293__v~rna__v~baseline,,38.0,0.6352773376477956,0.542672921810445,0.09260441583735057,0.31341241344017307,0.6487095376968535,0.641214991100173,0.6593909724688084,0.21052631578947367,0.25806451612903225,0.8218869915971371,0.5,0.7631578947368421
selective_risk_under_alternative_fidelity,delta_cosine,u_p_rf,xu_he293,mean_matching,leave_environment_out,env__v~xucao2023__v~hek293__v~rna__v~baseline,,38.0,0.6352773376477956,0.542672921810445,0.09260441583735057,0.20830888597421182,0.6487095376968535,0.641214991100173,0.6593909724688084,0.21052631578947367,0.25806451612903225,0.6088138222642389,0.5,0.7631578947368421
selective_risk_under_alternative_fidelity,delta_cosine,u_ps_rf,xu_he293,mean_matching,leave_environment_out,env__v~xucao2023__v~hek293__v~rna__v~baseline,,38.0,0.6352773376477956,0.542672921810445,0.09260441583735057,0.21909409393163495,0.6487095376968535,0.641214991100173,0.6593909724688084,0.21052631578947367,0.25806451612903225,0.6309853780284662,0.5,0.7631578947368421
selective_risk_under_alternative_fidelity,delta_cosine,u_psn_rf,xu_he293,mean_matching,leave_environment_out,env__v~xucao2023__v~hek293__v~rna__v~baseline,,38.0,0.6352773376477956,0.542672921810445,0.09260441583735057,0.20857950707548364,0.6487095376968535,0.641214991100173,0.6593909724688084,0.21052631578947367,0.25806451612903225,0.6093761119448947,0.5,0.7631578947368421
selective_risk_under_alternative_fidelity,delta_cosine,ptl_rf,xu_he293,mean_matching,leave_environment_out,env__v~xucao2023__v~hek293__v~rna__v~baseline,,38.0,0.6352773376477956,0.542672921810445,0.09260441583735057,0.20810306915115914,0.6487095376968535,0.641214991100173,0.6593909724688084,0.21052631578947367,0.25806451612903225,0.6083859336840439,0.5,0.7631578947368421
selective_risk_under_alternative_fidelity,centered_delta_cosine,raw_normalized_uq,xu_he293,mean_matching,leave_environment_out,env__v~xucao2023__v~hek293__v~rna__v~baseline,,38.0,0.6392761580588814,0.5497822731936853,0.08949388486519605,0.38645493878057063,0.6553947337306513,0.6427897581115104,0.6649435600476947,0.21052631578947367,0.25806451612903225,0.9825110147928806,0.5,0.7631578947368421
selective_risk_under_alternative_fidelity,centered_delta_cosine,best_scalar_uq,xu_he293,mean_matching,leave_environment_out,env__v~xucao2023__v~hek293__v~rna__v~baseline,,38.0,0.6392761580588814,0.5497822731936853,0.08949388486519605,0.20250403430341027,0.6553947337306513,0.6427897581115104,0.6649435600476947,0.21052631578947367,0.25806451612903225,0.5966536881612835,0.5,0.7631578947368421
selective_risk_under_alternative_fidelity,centered_delta_cosine,u_only_rf,xu_he293,mean_matching,leave_environment_out,env__v~xucao2023__v~hek293__v~rna__v~baseline,,38.0,0.6392761580588814,0.5497822731936853,0.08949388486519605,0.31341241344017307,0.6553947337306513,0.6427897581115104,0.6649435600476947,0.21052631578947367,0.25806451612903225,0.8218869915971371,0.5,0.7631578947368421
selective_risk_under_alternative_fidelity,centered_delta_cosine,u_p_rf,xu_he293,mean_matching,leave_environment_out,env__v~xucao2023__v~hek293__v~rna__v~baseline,,38.0,0.6392761580588814,0.5497822731936853,0.08949388486519605,0.20830888597421182,0.6553947337306513,0.6427897581115104,0.6649435600476947,0.21052631578947367,0.25806451612903225,0.6088138222642389,0.5,0.7631578947368421
selective_risk_under_alternative_fidelity,centered_delta_cosine,u_ps_rf,xu_he293,mean_matching,leave_environment_out,env__v~xucao2023__v~hek293__v~rna__v~baseline,,38.0,0.6392761580588814,0.5497822731936853,0.08949388486519605,0.21909409393163495,0.6553947337306513,0.6427897581115104,0.6649435600476947,0.21052631578947367,0.25806451612903225,0.6309853780284662,0.5,0.7631578947368421
selective_risk_under_alternative_fidelity,centered_delta_cosine,u_psn_rf,xu_he293,mean_matching,leave_environment_out,env__v~xucao2023__v~hek293__v~rna__v~baseline,,38.0,0.6392761580588814,0.5497822731936853,0.08949388486519605,0.20857950707548364,0.6553947337306513,0.6427897581115104,0.6649435600476947,0.21052631578947367,0.25806451612903225,0.6093761119448947,0.5,0.7631578947368421
selective_risk_under_alternative_fidelity,centered_delta_cosine,ptl_rf,xu_he293,mean_matching,leave_environment_out,env__v~xucao2023__v~hek293__v~rna__v~baseline,,38.0,0.6392761580588814,0.5497822731936853,0.08949388486519605,0.20810306915115914,0.6553947337306513,0.6427897581115104,0.6649435600476947,0.21052631578947367,0.25806451612903225,0.6083859336840439,0.5,0.7631578947368421
selective_risk_under_alternative_fidelity,absolute_effect_rank_agreement,raw_normalized_uq,xu_he293,mean_matching,leave_environment_out,env__v~xucao2023__v~hek293__v~rna__v~baseline,,38.0,0.6761096403606953,0.6428061596160755,0.03330348074461986,0.38645493878057063,0.6803395269567021,0.6748063364563691,0.6829522320503725,0.21052631578947367,0.25806451612903225,0.9825110147928806,0.5,0.7631578947368421
selective_risk_under_alternative_fidelity,absolute_effect_rank_agreement,best_scalar_uq,xu_he293,mean_matching,leave_environment_out,env__v~xucao2023__v~hek293__v~rna__v~baseline,,38.0,0.6761096403606953,0.6428061596160755,0.03330348074461986,0.20250403430341027,0.6803395269567021,0.6748063364563691,0.6829522320503725,0.21052631578947367,0.25806451612903225,0.5966536881612835,0.5,0.7631578947368421
selective_risk_under_alternative_fidelity,absolute_effect_rank_agreement,u_only_rf,xu_he293,mean_matching,leave_environment_out,env__v~xucao2023__v~hek293__v~rna__v~baseline,,38.0,0.6761096403606953,0.6428061596160755,0.03330348074461986,0.31341241344017307,0.6803395269567021,0.6748063364563691,0.6829522320503725,0.21052631578947367,0.25806451612903225,0.8218869915971371,0.5,0.7631578947368421
selective_risk_under_alternative_fidelity,absolute_effect_rank_agreement,u_p_rf,xu_he293,mean_matching,leave_environment_out,env__v~xucao2023__v~hek293__v~rna__v~baseline,,38.0,0.6761096403606953,0.6428061596160755,0.03330348074461986,0.20830888597421182,0.6803395269567021,0.6748063364563691,0.6829522320503725,0.21052631578947367,0.25806451612903225,0.6088138222642389,0.5,0.7631578947368421
selective_risk_under_alternative_fidelity,absolute_effect_rank_agreement,u_ps_rf,xu_he293,mean_matching,leave_environment_out,env__v~xucao2023__v~hek293__v~rna__v~baseline,,38.0,0.6761096403606953,0.6428061596160755,0.03330348074461986,0.21909409393163495,0.6803395269567021,0.6748063364563691,0.6829522320503725,0.21052631578947367,0.25806451612903225,0.6309853780284662,0.5,0.7631578947368421
selective_risk_under_alternative_fidelity,absolute_effect_rank_agreement,u_psn_rf,xu_he293,mean_matching,leave_environment_out,env__v~xucao2023__v~hek293__v~rna__v~baseline,,38.0,0.6761096403606953,0.6428061596160755,0.03330348074461986,0.20857950707548364,0.6803395269567021,0.6748063364563691,0.6829522320503725,0.21052631578947367,0.25806451612903225,0.6093761119448947,0.5,0.7631578947368421
selective_risk_under_alternative_fidelity,absolute_effect_rank_agreement,ptl_rf,xu_he293,mean_matching,leave_environment_out,env__v~xucao2023__v~hek293__v~rna__v~baseline,,38.0,0.6761096403606953,0.6428061596160755,0.03330348074461986,0.20810306915115914,0.6803395269567021,0.6748063364563691,0.6829522320503725,0.21052631578947367,0.25806451612903225,0.6083859336840439,0.5,0.7631578947368421
selective_risk_under_alternative_fidelity,delta_cosine,raw_normalized_uq,xu_he293,mean_matching,leave_predictor_out,,mean_matching,38.0,0.6352773376477956,0.542672921810445,0.09260441583735057,0.11574964214464951,0.6487095376968535,0.641214991100173,0.6593909724688084,0.1578947368421053,0.16129032258064513,0.3972621500729849,0.5,0.868421052631579
selective_risk_under_alternative_fidelity,delta_cosine,best_scalar_uq,xu_he293,mean_matching,leave_predictor_out,,mean_matching,38.0,0.6352773376477956,0.542672921810445,0.09260441583735057,0.11962699766562557,0.6487095376968535,0.641214991100173,0.6593909724688084,0.1578947368421053,0.16129032258064513,0.4260527885115158,0.5,0.868421052631579
selective_risk_under_alternative_fidelity,delta_cosine,u_only_rf,xu_he293,mean_matching,leave_predictor_out,,mean_matching,38.0,0.6352773376477956,0.542672921810445,0.09260441583735057,0.11725842169967042,0.6487095376968535,0.641214991100173,0.6593909724688084,0.1578947368421053,0.16129032258064513,0.40704094419134124,0.5,0.868421052631579
selective_risk_under_alternative_fidelity,delta_cosine,u_p_rf,xu_he293,mean_matching,leave_predictor_out,,mean_matching,38.0,0.6352773376477956,0.542672921810445,0.09260441583735057,0.11615047235210153,0.6487095376968535,0.641214991100173,0.6593909724688084,0.1578947368421053,0.16129032258064513,0.39639494690561733,0.5,0.868421052631579
selective_risk_under_alternative_fidelity,delta_cosine,u_ps_rf,xu_he293,mean_matching,leave_predictor_out,,mean_matching,38.0,0.6352773376477956,0.542672921810445,0.09260441583735057,0.11833757730770529,0.6487095376968535,0.641214991100173,0.6593909724688084,0.1578947368421053,0.16129032258064513,0.4036285470256536,0.5,0.868421052631579
selective_risk_under_alternative_fidelity,delta_cosine,u_psn_rf,xu_he293,mean_matching,leave_predictor_out,,mean_matching,38.0,0.6352773376477956,0.542672921810445,0.09260441583735057,0.11441258399506278,0.6487095376968535,0.641214991100173,0.6593909724688084,0.1578947368421053,0.16129032258064513,0.38998776524282514,0.5,0.868421052631579
selective_risk_under_alternative_fidelity,delta_cosine,ptl_rf,xu_he293,mean_matching,leave_predictor_out,,mean_matching,38.0,0.6352773376477956,0.542672921810445,0.09260441583735057,0.11443321242784743,0.6487095376968535,0.641214991100173,0.6593909724688084,0.1578947368421053,0.16129032258064513,0.39007139032230087,0.5,0.868421052631579
selective_risk_under_alternative_fidelity,centered_delta_cosine,raw_normalized_uq,xu_he293,mean_matching,leave_predictor_out,,mean_matching,38.0,0.6392761580588814,0.5497822731936853,0.08949388486519605,0.11574964214464951,0.6553947337306513,0.6427897581115104,0.6649435600476947,0.1578947368421053,0.16129032258064513,0.3972621500729849,0.5,0.868421052631579
selective_risk_under_alternative_fidelity,centered_delta_cosine,best_scalar_uq,xu_he293,mean_matching,leave_predictor_out,,mean_matching,38.0,0.6392761580588814,0.5497822731936853,0.08949388486519605,0.11962699766562557,0.6553947337306513,0.6427897581115104,0.6649435600476947,0.1578947368421053,0.16129032258064513,0.4260527885115158,0.5,0.868421052631579
selective_risk_under_alternative_fidelity,centered_delta_cosine,u_only_rf,xu_he293,mean_matching,leave_predictor_out,,mean_matching,38.0,0.6392761580588814,0.5497822731936853,0.08949388486519605,0.11725842169967042,0.6553947337306513,0.6427897581115104,0.6649435600476947,0.1578947368421053,0.16129032258064513,0.40704094419134124,0.5,0.868421052631579
selective_risk_under_alternative_fidelity,centered_delta_cosine,u_p_rf,xu_he293,mean_matching,leave_predictor_out,,mean_matching,38.0,0.6392761580588814,0.5497822731936853,0.08949388486519605,0.11615047235210153,0.6553947337306513,0.6427897581115104,0.6649435600476947,0.1578947368421053,0.16129032258064513,0.39639494690561733,0.5,0.868421052631579
selective_risk_under_alternative_fidelity,centered_delta_cosine,u_ps_rf,xu_he293,mean_matching,leave_predictor_out,,mean_matching,38.0,0.6392761580588814,0.5497822731936853,0.08949388486519605,0.11833757730770529,0.6553947337306513,0.6427897581115104,0.6649435600476947,0.1578947368421053,0.16129032258064513,0.4036285470256536,0.5,0.868421052631579
selective_risk_under_alternative_fidelity,centered_delta_cosine,u_psn_rf,xu_he293,mean_matching,leave_predictor_out,,mean_matching,38.0,0.6392761580588814,0.5497822731936853,0.08949388486519605,0.11441258399506278,0.6553947337306513,0.6427897581115104,0.6649435600476947,0.1578947368421053,0.16129032258064513,0.38998776524282514,0.5,0.868421052631579
selective_risk_under_alternative_fidelity,centered_delta_cosine,ptl_rf,xu_he293,mean_matching,leave_predictor_out,,mean_matching,38.0,0.6392761580588814,0.5497822731936853,0.08949388486519605,0.11443321242784743,0.6553947337306513,0.6427897581115104,0.6649435600476947,0.1578947368421053,0.16129032258064513,0.39007139032230087,0.5,0.868421052631579
selective_risk_under_alternative_fidelity,absolute_effect_rank_agreement,raw_normalized_uq,xu_he293,mean_matching,leave_predictor_out,,mean_matching,38.0,0.6761096403606953,0.6428061596160755,0.03330348074461986,0.11574964214464951,0.6803395269567021,0.6748063364563691,0.6829522320503725,0.1578947368421053,0.16129032258064513,0.3972621500729849,0.5,0.868421052631579
selective_risk_under_alternative_fidelity,absolute_effect_rank_agreement,best_scalar_uq,xu_he293,mean_matching,leave_predictor_out,,mean_matching,38.0,0.6761096403606953,0.6428061596160755,0.03330348074461986,0.11962699766562557,0.6803395269567021,0.6748063364563691,0.6829522320503725,0.1578947368421053,0.16129032258064513,0.4260527885115158,0.5,0.868421052631579
selective_risk_under_alternative_fidelity,absolute_effect_rank_agreement,u_only_rf,xu_he293,mean_matching,leave_predictor_out,,mean_matching,38.0,0.6761096403606953,0.6428061596160755,0.03330348074461986,0.11725842169967042,0.6803395269567021,0.6748063364563691,0.6829522320503725,0.1578947368421053,0.16129032258064513,0.40704094419134124,0.5,0.868421052631579
selective_risk_under_alternative_fidelity,absolute_effect_rank_agreement,u_p_rf,xu_he293,mean_matching,leave_predictor_out,,mean_matching,38.0,0.6761096403606953,0.6428061596160755,0.03330348074461986,0.11615047235210153,0.6803395269567021,0.6748063364563691,0.6829522320503725,0.1578947368421053,0.16129032258064513,0.39639494690561733,0.5,0.868421052631579
selective_risk_under_alternative_fidelity,absolute_effect_rank_agreement,u_ps_rf,xu_he293,mean_matching,leave_predictor_out,,mean_matching,38.0,0.6761096403606953,0.6428061596160755,0.03330348074461986,0.11833757730770529,0.6803395269567021,0.6748063364563691,0.6829522320503725,0.1578947368421053,0.16129032258064513,0.4036285470256536,0.5,0.868421052631579
selective_risk_under_alternative_fidelity,absolute_effect_rank_agreement,u_psn_rf,xu_he293,mean_matching,leave_predictor_out,,mean_matching,38.0,0.6761096403606953,0.6428061596160755,0.03330348074461986,0.11441258399506278,0.6803395269567021,0.6748063364563691,0.6829522320503725,0.1578947368421053,0.16129032258064513,0.38998776524282514,0.5,0.868421052631579
selective_risk_under_alternative_fidelity,absolute_effect_rank_agreement,ptl_rf,xu_he293,mean_matching,leave_predictor_out,,mean_matching,38.0,0.6761096403606953,0.6428061596160755,0.03330348074461986,0.11443321242784743,0.6803395269567021,0.6748063364563691,0.6829522320503725,0.1578947368421053,0.16129032258064513,0.39007139032230087,0.5,0.868421052631579
selective_risk_under_alternative_fidelity,delta_cosine,raw_normalized_uq,xu_he293,slim_string,in_domain,,,38.0,0.7685022159316175,0.7168975467458332,0.051604669185784324,0.1964991193065908,0.8153103525210529,0.7776087501197425,0.7918332921242092,0.5789473684210527,0.6129032258064516,0.568004137108963,0.7131410256410257,0.5195145903479237
selective_risk_under_alternative_fidelity,delta_cosine,best_scalar_uq,xu_he293,slim_string,in_domain,,,38.0,0.7904038504170913,0.7168975467458332,0.0735063036712581,0.37743879796217555,0.8153103525210529,0.8186871961810039,0.8302492350994225,0.736842105263158,0.7741935483870968,1.006543316348979,0.46955128205128205,0.461096643817232
selective_risk_under_alternative_fidelity,delta_cosine,u_only_rf,xu_he293,slim_string,in_domain,,,38.0,0.79759041869345,0.7168975467458332,0.08069287194761687,0.24044836527222593,0.8153103525210529,0.8341760074524828,0.8351421879829202,0.736842105263158,0.7741935483870968,0.7010404637659408,0.41666666666666674,0.49881916779814095
selective_risk_under_alternative_fidelity,delta_cosine,u_p_rf,xu_he293,slim_string,in_domain,,,38.0,0.7669294748441144,0.7168975467458332,0.050031928098281275,0.22031310121180622,0.8153103525210529,0.7525991466331899,0.7998280190163756,0.4736842105263158,0.6451612903225806,0.6555818101232722,0.7147435897435898,0.5719031742251557
selective_risk_under_alternative_fidelity,delta_cosine,u_ps_rf,xu_he293,slim_string,in_domain,,,38.0,0.761024732725894,0.7168975467458332,0.044127185980060823,0.21141827369713445,0.8153103525210529,0.7606039239039951,0.7982375982394425,0.5263157894736843,0.6451612903225806,0.622456491446668,0.75,0.6271416285003243
selective_risk_under_alternative_fidelity,delta_cosine,u_psn_rf,xu_he293,slim_string,in_domain,,,38.0,0.7643567219108978,0.7168975467458332,0.04745917516506459,0.215309621112776,0.8153103525210529,0.7525991466331899,0.7996642504605416,0.4736842105263158,0.6451612903225806,0.634331117962316,0.7275641025641026,0.5813497461717275
selective_risk_under_alternative_fidelity,delta_cosine,ptl_rf,xu_he293,slim_string,in_domain,,,38.0,0.7509404019857563,0.7168975467458332,0.03404285523992312,0.1810970084361384,0.8153103525210529,0.771027515193514,0.7937143049417018,0.5789473684210527,0.6129032258064516,0.5402967720142179,0.7564102564102564,0.6822802197802199
selective_risk_under_alternative_fidelity,centered_delta_cosine,raw_normalized_uq,xu_he293,slim_string,in_domain,,,38.0,0.776833241744379,0.7289048415125803,0.047928400231798673,0.1964991193065908,0.8213153637837791,0.7848405898643077,0.7987525661448039,0.5789473684210527,0.6129032258064516,0.568004137108963,0.7131410256410257,0.5195145903479237
selective_risk_under_alternative_fidelity,centered_delta_cosine,best_scalar_uq,xu_he293,slim_string,in_domain,,,38.0,0.8001915905734831,0.7289048415125803,0.07128674906090282,0.37743879796217555,0.8213153637837791,0.8265929330687031,0.8354914096628926,0.736842105263158,0.7741935483870968,1.006543316348979,0.46955128205128205,0.461096643817232
selective_risk_under_alternative_fidelity,centered_delta_cosine,u_only_rf,xu_he293,slim_string,in_domain,,,38.0,0.8063768452183698,0.7289048415125803,0.07747200370578955,0.24044836527222593,0.8213153637837791,0.8411101383825059,0.84045644823335,0.736842105263158,0.7741935483870968,0.7010404637659408,0.41666666666666674,0.49881916779814095
selective_risk_under_alternative_fidelity,centered_delta_cosine,u_p_rf,xu_he293,slim_string,in_domain,,,38.0,0.7751213280856968,0.7289048415125803,0.0462164865731165,0.22031310121180622,0.8213153637837791,0.7630131355661284,0.8072687265428857,0.4736842105263158,0.6451612903225806,0.6555818101232722,0.7147435897435898,0.5719031742251557
selective_risk_under_alternative_fidelity,centered_delta_cosine,u_ps_rf,xu_he293,slim_string,in_domain,,,38.0,0.769806491108551,0.7289048415125803,0.04090164959597076,0.21141827369713445,0.8213153637837791,0.7703387105505481,0.8057468746782602,0.5263157894736843,0.6451612903225806,0.622456491446668,0.75,0.6271416285003243
selective_risk_under_alternative_fidelity,centered_delta_cosine,u_psn_rf,xu_he293,slim_string,in_domain,,,38.0,0.7723689489857949,0.7289048415125803,0.04346410747321461,0.215309621112776,0.8213153637837791,0.7630131355661285,0.8066586287843568,0.4736842105263158,0.6451612903225806,0.634331117962316,0.7275641025641026,0.5813497461717275
selective_risk_under_alternative_fidelity,centered_delta_cosine,ptl_rf,xu_he293,slim_string,in_domain,,,38.0,0.7593264053171189,0.7289048415125803,0.030421563804538643,0.1810970084361384,0.8213153637837791,0.7790842107084025,0.800927317164263,0.5789473684210527,0.6129032258064516,0.5402967720142179,0.7564102564102564,0.6822802197802199
selective_risk_under_alternative_fidelity,absolute_effect_rank_agreement,raw_normalized_uq,xu_he293,slim_string,in_domain,,,38.0,0.7075763880771445,0.6944610144731246,0.013115373604019931,0.1964991193065908,0.7163568610053194,0.7099237938269776,0.7127603763340647,0.5789473684210527,0.6129032258064516,0.568004137108963,0.7131410256410257,0.5195145903479237
selective_risk_under_alternative_fidelity,absolute_effect_rank_agreement,best_scalar_uq,xu_he293,slim_string,in_domain,,,38.0,0.7069274921528463,0.6944610144731246,0.012466477679721755,0.37743879796217555,0.7163568610053194,0.7148349949486087,0.718823570411368,0.736842105263158,0.7741935483870968,1.006543316348979,0.46955128205128205,0.461096643817232
selective_risk_under_alternative_fidelity,absolute_effect_rank_agreement,u_only_rf,xu_he293,slim_string,in_domain,,,38.0,0.7097134189847712,0.6944610144731246,0.015252404511646667,0.24044836527222593,0.7163568610053194,0.7151573651748576,0.7185496413397602,0.736842105263158,0.7741935483870968,0.7010404637659408,0.41666666666666674,0.49881916779814095
selective_risk_under_alternative_fidelity,absolute_effect_rank_agreement,u_p_rf,xu_he293,slim_string,in_domain,,,38.0,0.7073689048754059,0.6944610144731246,0.012907890402281352,0.22031310121180622,0.7163568610053194,0.7046291056802183,0.7135089405234503,0.4736842105263158,0.6451612903225806,0.6555818101232722,0.7147435897435898,0.5719031742251557
selective_risk_under_alternative_fidelity,absolute_effect_rank_agreement,u_ps_rf,xu_he293,slim_string,in_domain,,,38.0,0.7065628570036896,0.6944610144731246,0.01210184253056501,0.21141827369713445,0.7163568610053194,0.7063859366386289,0.7133224083046568,0.5263157894736843,0.6451612903225806,0.622456491446668,0.75,0.6271416285003243
selective_risk_under_alternative_fidelity,absolute_effect_rank_agreement,u_psn_rf,xu_he293,slim_string,in_domain,,,38.0,0.7073370973441896,0.6944610144731246,0.012876082871065009,0.215309621112776,0.7163568610053194,0.7046291056802183,0.7128877068269549,0.4736842105263158,0.6451612903225806,0.634331117962316,0.7275641025641026,0.5813497461717275
selective_risk_under_alternative_fidelity,absolute_effect_rank_agreement,ptl_rf,xu_he293,slim_string,in_domain,,,38.0,0.7055986460091761,0.6944610144731246,0.011137631536051518,0.1810970084361384,0.7163568610053194,0.7089149678493322,0.7125011787828669,0.5789473684210527,0.6129032258064516,0.5402967720142179,0.7564102564102564,0.6822802197802199
selective_risk_under_alternative_fidelity,delta_cosine,raw_normalized_uq,xu_he293,slim_string,leave_environment_out,env__v~xucao2023__v~hek293__v~rna__v~baseline,,38.0,0.7685268284206065,0.7168975467458332,0.05162928167477332,0.2041650808293768,0.8153103525210529,0.7776087501197425,0.7918332921242092,0.5789473684210527,0.6129032258064516,0.5925488727029559,0.7131410256410257,0.5195145903479237
selective_risk_under_alternative_fidelity,delta_cosine,best_scalar_uq,xu_he293,slim_string,leave_environment_out,env__v~xucao2023__v~hek293__v~rna__v~baseline,,38.0,0.7904038504170913,0.7168975467458332,0.0735063036712581,0.37808471737213367,0.8153103525210529,0.8186871961810039,0.8302492350994225,0.736842105263158,0.7741935483870968,1.0015624681482642,0.46955128205128205,0.461096643817232
selective_risk_under_alternative_fidelity,delta_cosine,u_only_rf,xu_he293,slim_string,leave_environment_out,env__v~xucao2023__v~hek293__v~rna__v~baseline,,38.0,0.8015715122957489,0.7168975467458332,0.08467396554991569,0.2994208543373888,0.8153103525210529,0.8355966067398876,0.8363928402017579,0.736842105263158,0.7741935483870968,0.8629794384957017,0.4102564102564103,0.42494323663054306
selective_risk_under_alternative_fidelity,delta_cosine,u_p_rf,xu_he293,slim_string,leave_environment_out,env__v~xucao2023__v~hek293__v~rna__v~baseline,,38.0,0.8087424284751578,0.7168975467458332,0.09184488172932459,0.25636730861990725,0.8153103525210529,0.8030544778794463,0.8363928402017577,0.6842105263157895,0.7741935483870968,0.8286283606728824,0.3814102564102564,0.34794537488616434
selective_risk_under_alternative_fidelity,delta_cosine,u_ps_rf,xu_he293,slim_string,leave_environment_out,env__v~xucao2023__v~hek293__v~rna__v~baseline,,38.0,0.8040341491365336,0.7168975467458332,0.08713660239070042,0.24205486328066259,0.8153103525210529,0.8030544778794464,0.8363928402017579,0.6842105263157895,0.7741935483870968,0.7717139834970999,0.4070512820512821,0.37087697751313314
selective_risk_under_alternative_fidelity,delta_cosine,u_psn_rf,xu_he293,slim_string,leave_environment_out,env__v~xucao2023__v~hek293__v~rna__v~baseline,,38.0,0.8034472669742174,0.7168975467458332,0.08654972022838425,0.24137986017152516,0.8153103525210529,0.8030544778794463,0.8363928402017577,0.6842105263157895,0.7741935483870968,0.7690867526182009,0.4294871794871795,0.3778437674722504
selective_risk_under_alternative_fidelity,delta_cosine,ptl_rf,xu_he293,slim_string,leave_environment_out,env__v~xucao2023__v~hek293__v~rna__v~baseline,,38.0,0.790120163896876,0.7168975467458332,0.07322261715104283,0.22512390073337168,0.8153103525210529,0.8325871238675229,0.8031700011004611,0.7894736842105263,0.6451612903225806,0.6414305586308967,0.49358974358974356,0.41844125153125894
selective_risk_under_alternative_fidelity,centered_delta_cosine,raw_normalized_uq,xu_he293,slim_string,leave_environment_out,env__v~xucao2023__v~hek293__v~rna__v~baseline,,38.0,0.7768582346218973,0.7289048415125803,0.04795339310931701,0.2041650808293768,0.8213153637837791,0.7848405898643077,0.7987525661448039,0.5789473684210527,0.6129032258064516,0.5925488727029559,0.7131410256410257,0.5195145903479237
selective_risk_under_alternative_fidelity,centered_delta_cosine,best_scalar_uq,xu_he293,slim_string,leave_environment_out,env__v~xucao2023__v~hek293__v~rna__v~baseline,,38.0,0.8001915905734831,0.7289048415125803,0.07128674906090282,0.37808471737213367,0.8213153637837791,0.8265929330687031,0.8354914096628926,0.736842105263158,0.7741935483870968,1.0015624681482642,0.46955128205128205,0.461096643817232
selective_risk_under_alternative_fidelity,centered_delta_cosine,u_only_rf,xu_he293,slim_string,leave_environment_out,env__v~xucao2023__v~hek293__v~rna__v~baseline,,38.0,0.8104867023426485,0.7289048415125803,0.08158186083006824,0.2994208543373888,0.8213153637837791,0.8431478215049523,0.8416655149199727,0.736842105263158,0.7741935483870968,0.8629794384957017,0.4102564102564103,0.42494323663054306
selective_risk_under_alternative_fidelity,centered_delta_cosine,u_p_rf,xu_he293,slim_string,leave_environment_out,env__v~xucao2023__v~hek293__v~rna__v~baseline,,38.0,0.815574406136898,0.7289048415125803,0.08666956462431774,0.25636730861990725,0.8213153637837791,0.8099952652634294,0.8416655149199725,0.6842105263157895,0.7741935483870968,0.8286283606728824,0.3814102564102564,0.34794537488616434
selective_risk_under_alternative_fidelity,centered_delta_cosine,u_ps_rf,xu_he293,slim_string,leave_environment_out,env__v~xucao2023__v~hek293__v~rna__v~baseline,,38.0,0.8113469122576367,0.7289048415125803,0.08244207074505638,0.24205486328066259,0.8213153637837791,0.8099952652634294,0.8416655149199725,0.6842105263157895,0.7741935483870968,0.7717139834970999,0.4070512820512821,0.37087697751313314
selective_risk_under_alternative_fidelity,centered_delta_cosine,u_psn_rf,xu_he293,slim_string,leave_environment_out,env__v~xucao2023__v~hek293__v~rna__v~baseline,,38.0,0.8108247119782362,0.7289048415125803,0.08191987046565596,0.24137986017152516,0.8213153637837791,0.8099952652634294,0.8416655149199727,0.6842105263157895,0.7741935483870968,0.7690867526182009,0.4294871794871795,0.3778437674722504
selective_risk_under_alternative_fidelity,centered_delta_cosine,ptl_rf,xu_he293,slim_string,leave_environment_out,env__v~xucao2023__v~hek293__v~rna__v~baseline,,38.0,0.7972262798512378,0.7289048415125803,0.06832143833865756,0.22512390073337168,0.8213153637837791,0.8376043833137533,0.8102491213088324,0.7894736842105263,0.6451612903225806,0.6414305586308967,0.49358974358974356,0.41844125153125894
selective_risk_under_alternative_fidelity,absolute_effect_rank_agreement,raw_normalized_uq,xu_he293,slim_string,leave_environment_out,env__v~xucao2023__v~hek293__v~rna__v~baseline,,38.0,0.70755301953835,0.6944610144731246,0.013092005065225454,0.2041650808293768,0.7163568610053194,0.7099237938269776,0.7127603763340647,0.5789473684210527,0.6129032258064516,0.5925488727029559,0.7131410256410257,0.5195145903479237
selective_risk_under_alternative_fidelity,absolute_effect_rank_agreement,best_scalar_uq,xu_he293,slim_string,leave_environment_out,env__v~xucao2023__v~hek293__v~rna__v~baseline,,38.0,0.7069274921528463,0.6944610144731246,0.012466477679721755,0.37808471737213367,0.7163568610053194,0.7148349949486087,0.718823570411368,0.736842105263158,0.7741935483870968,1.0015624681482642,0.46955128205128205,0.461096643817232
selective_risk_under_alternative_fidelity,absolute_effect_rank_agreement,u_only_rf,xu_he293,slim_string,leave_environment_out,env__v~xucao2023__v~hek293__v~rna__v~baseline,,38.0,0.7095993845472656,0.6944610144731246,0.015138370074140983,0.2994208543373888,0.7163568610053194,0.7156159997837978,0.7188107378586847,0.736842105263158,0.7741935483870968,0.8629794384957017,0.4102564102564103,0.42494323663054306
selective_risk_under_alternative_fidelity,absolute_effect_rank_agreement,u_p_rf,xu_he293,slim_string,leave_environment_out,env__v~xucao2023__v~hek293__v~rna__v~baseline,,38.0,0.7125434794536987,0.6944610144731246,0.018082464980574087,0.25636730861990725,0.7163568610053194,0.7136800798989394,0.7188107378586847,0.6842105263157895,0.7741935483870968,0.8286283606728824,0.3814102564102564,0.34794537488616434
selective_risk_under_alternative_fidelity,absolute_effect_rank_agreement,u_ps_rf,xu_he293,slim_string,leave_environment_out,env__v~xucao2023__v~hek293__v~rna__v~baseline,,38.0,0.71158830711762,0.6944610144731246,0.017127292644495418,0.24205486328066259,0.7163568610053194,0.7136800798989394,0.7188107378586847,0.6842105263157895,0.7741935483870968,0.7717139834970999,0.4070512820512821,0.37087697751313314
selective_risk_under_alternative_fidelity,absolute_effect_rank_agreement,u_psn_rf,xu_he293,slim_string,leave_environment_out,env__v~xucao2023__v~hek293__v~rna__v~baseline,,38.0,0.7113568775277301,0.6944610144731246,0.016895863054605553,0.24137986017152516,0.7163568610053194,0.7136800798989394,0.7188107378586847,0.6842105263157895,0.7741935483870968,0.7690867526182009,0.4294871794871795,0.3778437674722504
selective_risk_under_alternative_fidelity,absolute_effect_rank_agreement,ptl_rf,xu_he293,slim_string,leave_environment_out,env__v~xucao2023__v~hek293__v~rna__v~baseline,,38.0,0.7117474697976519,0.6944610144731246,0.017286455324527328,0.22512390073337168,0.7163568610053194,0.7200132867864201,0.7149638822073409,0.7894736842105263,0.6451612903225806,0.6414305586308967,0.49358974358974356,0.41844125153125894
selective_risk_under_alternative_fidelity,delta_cosine,raw_normalized_uq,xu_he293,slim_string,leave_predictor_out,,slim_string,38.0,0.7725677864064137,0.7168975467458332,0.05567023966058049,0.18665010990990902,0.8153103525210529,0.7776087501197426,0.8013472913205751,0.631578947368421,0.7419354838709677,0.8504155264811967,0.8125,0.5000598086124401
selective_risk_under_alternative_fidelity,delta_cosine,best_scalar_uq,xu_he293,slim_string,leave_predictor_out,,slim_string,38.0,0.7895435596354478,0.7168975467458332,0.07264601288961459,0.16264231067972354,0.8153103525210529,0.8186871961810037,0.8302492350994225,0.7894736842105263,0.8064516129032258,0.5998100892545863,0.6166666666666667,0.5151222651222651
selective_risk_under_alternative_fidelity,delta_cosine,u_only_rf,xu_he293,slim_string,leave_predictor_out,,slim_string,38.0,0.8163876318075008,0.7168975467458332,0.09949008506166768,0.30832063738900833,0.8153103525210529,0.8084411729419179,0.8303957058059069,0.736842105263158,0.8387096774193549,0.8170411115567774,0.47291666666666665,0.32103504081058265
selective_risk_under_alternative_fidelity,delta_cosine,u_p_rf,xu_he293,slim_string,leave_predictor_out,,slim_string,38.0,0.7833935557772097,0.7168975467458332,0.06649600903137654,0.16522943469422063,0.8153103525210529,0.8136349394263239,0.8229851426990015,0.736842105263158,0.8064516129032258,0.5138270432243341,0.6416666666666666,0.5231251408609421
selective_risk_under_alternative_fidelity,delta_cosine,u_ps_rf,xu_he293,slim_string,leave_predictor_out,,slim_string,38.0,0.7846684751493198,0.7168975467458332,0.06777092840348664,0.16486733106473256,0.8153103525210529,0.8136349394263241,0.8251978272366706,0.736842105263158,0.8064516129032258,0.5141393078464506,0.65,0.5361211726069739
selective_risk_under_alternative_fidelity,delta_cosine,u_psn_rf,xu_he293,slim_string,leave_predictor_out,,slim_string,38.0,0.7879659628547864,0.7168975467458332,0.0710684161089532,0.16134579993258477,0.8153103525210529,0.8136352808432453,0.8229851426990015,0.736842105263158,0.8064516129032258,0.5051831052270227,0.6375,0.49056637806637804
selective_risk_under_alternative_fidelity,delta_cosine,ptl_rf,xu_he293,slim_string,leave_predictor_out,,slim_string,38.0,0.7886447034550086,0.7168975467458332,0.07174715670917542,0.15846927738229158,0.8153103525210529,0.8088793774312026,0.8232726520997864,0.736842105263158,0.8064516129032258,0.49961948579278787,0.6458333333333334,0.4998218201754386
selective_risk_under_alternative_fidelity,centered_delta_cosine,raw_normalized_uq,xu_he293,slim_string,leave_predictor_out,,slim_string,38.0,0.7809725733072638,0.7289048415125803,0.05206773179468349,0.18665010990990902,0.8213153637837791,0.7848405898643077,0.8085248705445053,0.631578947368421,0.7419354838709677,0.8504155264811967,0.8125,0.5000598086124401
selective_risk_under_alternative_fidelity,centered_delta_cosine,best_scalar_uq,xu_he293,slim_string,leave_predictor_out,,slim_string,38.0,0.7994819635206994,0.7289048415125803,0.07057712200811916,0.16264231067972354,0.8213153637837791,0.8265929330687031,0.8354914096628926,0.7894736842105263,0.8064516129032258,0.5998100892545863,0.6166666666666667,0.5151222651222651
selective_risk_under_alternative_fidelity,centered_delta_cosine,u_only_rf,xu_he293,slim_string,leave_predictor_out,,slim_string,38.0,0.824496707065087,0.7289048415125803,0.09559186555250676,0.30832063738900833,0.8213153637837791,0.8162717035780728,0.8359211383992574,0.736842105263158,0.8387096774193549,0.8170411115567774,0.47291666666666665,0.32103504081058265
selective_risk_under_alternative_fidelity,centered_delta_cosine,u_p_rf,xu_he293,slim_string,leave_predictor_out,,slim_string,38.0,0.7944568907135289,0.7289048415125803,0.06555204920094859,0.16522943469422063,0.8213153637837791,0.8228263423874921,0.8291158411159641,0.736842105263158,0.8064516129032258,0.5138270432243341,0.6416666666666666,0.5231251408609421
selective_risk_under_alternative_fidelity,centered_delta_cosine,u_ps_rf,xu_he293,slim_string,leave_predictor_out,,slim_string,38.0,0.7957110195068432,0.7289048415125803,0.06680617799426292,0.16486733106473256,0.8213153637837791,0.8228263423874921,0.8315191195720567,0.736842105263158,0.8064516129032258,0.5141393078464506,0.65,0.5361211726069739
selective_risk_under_alternative_fidelity,centered_delta_cosine,u_psn_rf,xu_he293,slim_string,leave_predictor_out,,slim_string,38.0,0.7984511931341822,0.7289048415125803,0.06954635162160194,0.16134579993258477,0.8213153637837791,0.8221852753379295,0.8291158411159641,0.736842105263158,0.8064516129032258,0.5051831052270227,0.6375,0.49056637806637804
selective_risk_under_alternative_fidelity,centered_delta_cosine,ptl_rf,xu_he293,slim_string,leave_predictor_out,,slim_string,38.0,0.7989254362724157,0.7289048415125803,0.07002059475983546,0.15846927738229158,0.8213153637837791,0.8163333225057859,0.8292854606643145,0.736842105263158,0.8064516129032258,0.49961948579278787,0.6458333333333334,0.4998218201754386
selective_risk_under_alternative_fidelity,absolute_effect_rank_agreement,raw_normalized_uq,xu_he293,slim_string,leave_predictor_out,,slim_string,38.0,0.7080144103736068,0.6944610144731246,0.013553395900482212,0.18665010990990902,0.7163568610053194,0.7099237938269777,0.7150947077938856,0.631578947368421,0.7419354838709677,0.8504155264811967,0.8125,0.5000598086124401
selective_risk_under_alternative_fidelity,absolute_effect_rank_agreement,best_scalar_uq,xu_he293,slim_string,leave_predictor_out,,slim_string,38.0,0.7066917093130503,0.6944610144731246,0.012230694839925671,0.16264231067972354,0.7163568610053194,0.7148349949486087,0.718823570411368,0.7894736842105263,0.8064516129032258,0.5998100892545863,0.6166666666666667,0.5151222651222651
selective_risk_under_alternative_fidelity,absolute_effect_rank_agreement,u_only_rf,xu_he293,slim_string,leave_predictor_out,,slim_string,38.0,0.7128075268460307,0.6944610144731246,0.018346512372906076,0.30832063738900833,0.7163568610053194,0.7119792164530785,0.7175471526588865,0.736842105263158,0.8387096774193549,0.8170411115567774,0.47291666666666665,0.32103504081058265
selective_risk_under_alternative_fidelity,absolute_effect_rank_agreement,u_p_rf,xu_he293,slim_string,leave_predictor_out,,slim_string,38.0,0.7052247295086164,0.6944610144731246,0.010763715035491783,0.16522943469422063,0.7163568610053194,0.713065579206179,0.7164492535967102,0.736842105263158,0.8064516129032258,0.5138270432243341,0.6416666666666666,0.5231251408609421
selective_risk_under_alternative_fidelity,absolute_effect_rank_agreement,u_ps_rf,xu_he293,slim_string,leave_predictor_out,,slim_string,38.0,0.7056676288717674,0.6944610144731246,0.011206614398642789,0.16486733106473256,0.7163568610053194,0.7130655792061791,0.7161839291849283,0.736842105263158,0.8064516129032258,0.5141393078464506,0.65,0.5361211726069739
selective_risk_under_alternative_fidelity,absolute_effect_rank_agreement,u_psn_rf,xu_he293,slim_string,leave_predictor_out,,slim_string,38.0,0.7064289860821514,0.6944610144731246,0.01196797160902685,0.16134579993258477,0.7163568610053194,0.7126609747435226,0.7164492535967102,0.736842105263158,0.8064516129032258,0.5051831052270227,0.6375,0.49056637806637804
selective_risk_under_alternative_fidelity,absolute_effect_rank_agreement,ptl_rf,xu_he293,slim_string,leave_predictor_out,,slim_string,38.0,0.7069033906855055,0.6944610144731246,0.012442376212380868,0.15846927738229158,0.7163568610053194,0.7115017022787431,0.7162712220380358,0.736842105263158,0.8064516129032258,0.49961948579278787,0.6458333333333334,0.4998218201754386
selective_risk_under_alternative_fidelity,delta_cosine,raw_normalized_uq,xu_he293,strong_linear,in_domain,,,38.0,0.6819182610640976,0.6188639758156655,0.06305428524843204,0.38315453223212176,0.707904568340944,0.6856500952102698,0.7000021992173121,0.3157894736842105,0.3870967741935484,1.0869646737032919,0.6065340909090908,0.7001025433687971
selective_risk_under_alternative_fidelity,delta_cosine,best_scalar_uq,xu_he293,strong_linear,in_domain,,,38.0,0.693711240732492,0.6188639758156655,0.07484726491682647,0.2744228093046058,0.707904568340944,0.7063498357850699,0.7060781706663007,0.42105263157894735,0.3870967741935484,0.7658304793063654,0.5355113636363636,0.6477288126823001
selective_risk_under_alternative_fidelity,delta_cosine,u_only_rf,xu_he293,strong_linear,in_domain,,,38.0,0.6874133240083024,0.6188639758156655,0.0685493481926368,0.26822108858467997,0.707904568340944,0.68559422819015,0.7093817265863507,0.26315789473684215,0.4516129032258065,0.7330734218814928,0.6107954545454545,0.7212003032688413
selective_risk_under_alternative_fidelity,delta_cosine,u_p_rf,xu_he293,strong_linear,in_domain,,,38.0,0.6860463870178322,0.6188639758156655,0.06718241120216661,0.2455940297162842,0.707904568340944,0.686476215638039,0.6887983864189718,0.3157894736842105,0.32258064516129037,0.6842846010616604,0.6647727272727273,0.7032895504311819
selective_risk_under_alternative_fidelity,delta_cosine,u_ps_rf,xu_he293,strong_linear,in_domain,,,38.0,0.6839631076154604,0.6188639758156655,0.06509913179979487,0.25298449949954477,0.707904568340944,0.686476215638039,0.6941647232969527,0.3157894736842105,0.3548387096774194,0.6996393280114254,0.6704545454545454,0.7105318631362105
selective_risk_under_alternative_fidelity,delta_cosine,u_psn_rf,xu_he293,strong_linear,in_domain,,,38.0,0.6845247382371277,0.6188639758156655,0.06566076242146213,0.2565915281547071,0.707904568340944,0.6864762156380391,0.6941647232969526,0.3157894736842105,0.3548387096774194,0.706624764743864,0.6761363636363636,0.7151809606182135
selective_risk_under_alternative_fidelity,delta_cosine,ptl_rf,xu_he293,strong_linear,in_domain,,,38.0,0.682931048132666,0.6188639758156655,0.06406707231700048,0.23110320261993947,0.707904568340944,0.6823821425309129,0.6959370551244923,0.26315789473684215,0.3870967741935484,0.6528005314467439,0.65625,0.7278354834254777
selective_risk_under_alternative_fidelity,centered_delta_cosine,raw_normalized_uq,xu_he293,strong_linear,in_domain,,,38.0,0.6873112691932927,0.6266022976104549,0.06070897158283772,0.38315453223212176,0.715384020975924,0.6904234053836068,0.7068875114865002,0.3157894736842105,0.3870967741935484,1.0869646737032919,0.6065340909090908,0.7001025433687971
selective_risk_under_alternative_fidelity,centered_delta_cosine,best_scalar_uq,xu_he293,strong_linear,in_domain,,,38.0,0.6996580870243722,0.6266022976104549,0.07305578941391722,0.2744228093046058,0.715384020975924,0.7090983531316456,0.7129343975710979,0.42105263157894735,0.3870967741935484,0.7658304793063654,0.5355113636363636,0.6477288126823001
selective_risk_under_alternative_fidelity,centered_delta_cosine,u_only_rf,xu_he293,strong_linear,in_domain,,,38.0,0.6933022257959629,0.6266022976104549,0.06669992818550796,0.26822108858467997,0.715384020975924,0.6921691649374815,0.7170369771417591,0.26315789473684215,0.4516129032258065,0.7330734218814928,0.6107954545454545,0.7212003032688413
selective_risk_under_alternative_fidelity,centered_delta_cosine,u_p_rf,xu_he293,strong_linear,in_domain,,,38.0,0.6909292595548866,0.6266022976104549,0.06432696194443166,0.2455940297162842,0.715384020975924,0.6925340458118668,0.6962879260835658,0.3157894736842105,0.32258064516129037,0.6842846010616604,0.6647727272727273,0.7032895504311819
selective_risk_under_alternative_fidelity,centered_delta_cosine,u_ps_rf,xu_he293,strong_linear,in_domain,,,38.0,0.6887356782198697,0.6266022976104549,0.06213338060941476,0.25298449949954477,0.715384020975924,0.6925340458118668,0.7009018270360663,0.3157894736842105,0.3548387096774194,0.6996393280114254,0.6704545454545454,0.7105318631362105
selective_risk_under_alternative_fidelity,centered_delta_cosine,u_psn_rf,xu_he293,strong_linear,in_domain,,,38.0,0.6898614903912557,0.6266022976104549,0.06325919278080072,0.2565915281547071,0.715384020975924,0.6925340458118667,0.7009018270360662,0.3157894736842105,0.3548387096774194,0.706624764743864,0.6761363636363636,0.7151809606182135
selective_risk_under_alternative_fidelity,centered_delta_cosine,ptl_rf,xu_he293,strong_linear,in_domain,,,38.0,0.6882068381051649,0.6266022976104549,0.06160454049470998,0.23110320261993947,0.715384020975924,0.6874150600320857,0.7024895732578155,0.26315789473684215,0.3870967741935484,0.6528005314467439,0.65625,0.7278354834254777
selective_risk_under_alternative_fidelity,absolute_effect_rank_agreement,raw_normalized_uq,xu_he293,strong_linear,in_domain,,,38.0,0.6842697912110435,0.6679953926187807,0.016274398592262762,0.38315453223212176,0.6940541574040776,0.6851418077533861,0.691655928512508,0.3157894736842105,0.3870967741935484,1.0869646737032919,0.6065340909090908,0.7001025433687971
selective_risk_under_alternative_fidelity,absolute_effect_rank_agreement,best_scalar_uq,xu_he293,strong_linear,in_domain,,,38.0,0.6862934500955401,0.6679953926187807,0.01829805747675939,0.2744228093046058,0.6940541574040776,0.6886360899179632,0.6924796098218516,0.42105263157894735,0.3870967741935484,0.7658304793063654,0.5355113636363636,0.6477288126823001
selective_risk_under_alternative_fidelity,absolute_effect_rank_agreement,u_only_rf,xu_he293,strong_linear,in_domain,,,38.0,0.6889343674103322,0.6679953926187807,0.02093897479155149,0.26822108858467997,0.6940541574040776,0.6878666839013348,0.6944107448522187,0.26315789473684215,0.4516129032258065,0.7330734218814928,0.6107954545454545,0.7212003032688413
selective_risk_under_alternative_fidelity,absolute_effect_rank_agreement,u_p_rf,xu_he293,strong_linear,in_domain,,,38.0,0.6872855415997445,0.6679953926187807,0.019290148980963817,0.2455940297162842,0.6940541574040776,0.6862730046123329,0.690594764789002,0.3157894736842105,0.32258064516129037,0.6842846010616604,0.6647727272727273,0.7032895504311819
selective_risk_under_alternative_fidelity,absolute_effect_rank_agreement,u_ps_rf,xu_he293,strong_linear,in_domain,,,38.0,0.6868159156727299,0.6679953926187807,0.018820523053949212,0.25298449949954477,0.6940541574040776,0.6862730046123329,0.6922024986635619,0.3157894736842105,0.3548387096774194,0.6996393280114254,0.6704545454545454,0.7105318631362105
selective_risk_under_alternative_fidelity,absolute_effect_rank_agreement,u_psn_rf,xu_he293,strong_linear,in_domain,,,38.0,0.6876262234338546,0.6679953926187807,0.019630830815073885,0.2565915281547071,0.6940541574040776,0.6862730046123329,0.6922024986635619,0.3157894736842105,0.3548387096774194,0.706624764743864,0.6761363636363636,0.7151809606182135
selective_risk_under_alternative_fidelity,absolute_effect_rank_agreement,ptl_rf,xu_he293,strong_linear,in_domain,,,38.0,0.6856223767975024,0.6679953926187807,0.01762698417872166,0.23110320261993947,0.6940541574040776,0.685652148185318,0.690789398152794,0.26315789473684215,0.3870967741935484,0.6528005314467439,0.65625,0.7278354834254777
selective_risk_under_alternative_fidelity,delta_cosine,raw_normalized_uq,xu_he293,strong_linear,leave_environment_out,env__v~xucao2023__v~hek293__v~rna__v~baseline,,38.0,0.6819278019326562,0.6188639758156655,0.06306382611699068,0.41549859057669386,0.707904568340944,0.6856500952102698,0.7004678132369468,0.3157894736842105,0.3870967741935484,1.2011444853089046,0.609375,0.6997683187698667
selective_risk_under_alternative_fidelity,delta_cosine,best_scalar_uq,xu_he293,strong_linear,leave_environment_out,env__v~xucao2023__v~hek293__v~rna__v~baseline,,38.0,0.6928054100663499,0.6188639758156655,0.07394143425068433,0.27660323984058754,0.707904568340944,0.7063498357850699,0.7060781706663007,0.42105263157894735,0.3870967741935484,0.7679701101276414,0.5397727272727273,0.6503262152797028
selective_risk_under_alternative_fidelity,delta_cosine,u_only_rf,xu_he293,strong_linear,leave_environment_out,env__v~xucao2023__v~hek293__v~rna__v~baseline,,38.0,0.7066637130764747,0.6188639758156655,0.08779973726080914,0.2985833879918771,0.707904568340944,0.7301580191514684,0.7065856724191798,0.5263157894736843,0.4516129032258065,0.8030318851439254,0.46875,0.6579953661438904
selective_risk_under_alternative_fidelity,delta_cosine,u_p_rf,xu_he293,strong_linear,leave_environment_out,env__v~xucao2023__v~hek293__v~rna__v~baseline,,38.0,0.7038302001151425,0.6188639758156655,0.08496622429947698,0.38079168730025187,0.707904568340944,0.7026576087106623,0.7104923756817398,0.42105263157894735,0.4516129032258065,1.023319295474206,0.4375,0.5728688913115333
selective_risk_under_alternative_fidelity,delta_cosine,u_ps_rf,xu_he293,strong_linear,leave_environment_out,env__v~xucao2023__v~hek293__v~rna__v~baseline,,38.0,0.6950454098925816,0.6188639758156655,0.07618143407691602,0.38391780465459474,0.707904568340944,0.6997709330550602,0.7013730368122058,0.42105263157894735,0.3870967741935484,1.0323110459013636,0.4772727272727273,0.5938622291869887
selective_risk_under_alternative_fidelity,delta_cosine,u_psn_rf,xu_he293,strong_linear,leave_environment_out,env__v~xucao2023__v~hek293__v~rna__v~baseline,,38.0,0.6876133068992891,0.6188639758156655,0.06874933108362358,0.3743594245474524,0.707904568340944,0.6997709330550601,0.7112646379343005,0.42105263157894735,0.4516129032258065,1.0020239394151298,0.4630681818181818,0.6158282562215657
selective_risk_under_alternative_fidelity,delta_cosine,ptl_rf,xu_he293,strong_linear,leave_environment_out,env__v~xucao2023__v~hek293__v~rna__v~baseline,,38.0,0.678706702632698,0.6188639758156655,0.0598427268170324,0.2536589702696225,0.707904568340944,0.6887470909471076,0.6960783311610729,0.3157894736842105,0.3548387096774194,0.7000107137387857,0.6392045454545454,0.7158324484396225
selective_risk_under_alternative_fidelity,centered_delta_cosine,raw_normalized_uq,xu_he293,strong_linear,leave_environment_out,env__v~xucao2023__v~hek293__v~rna__v~baseline,,38.0,0.6872983433211837,0.6266022976104549,0.06069604571072873,0.41549859057669386,0.715384020975924,0.6904234053836068,0.7071081631754504,0.3157894736842105,0.3870967741935484,1.2011444853089046,0.609375,0.6997683187698667
selective_risk_under_alternative_fidelity,centered_delta_cosine,best_scalar_uq,xu_he293,strong_linear,leave_environment_out,env__v~xucao2023__v~hek293__v~rna__v~baseline,,38.0,0.6988675332671064,0.6266022976104549,0.07226523565665144,0.27660323984058754,0.715384020975924,0.7090983531316456,0.7129343975710979,0.42105263157894735,0.3870967741935484,0.7679701101276414,0.5397727272727273,0.6503262152797028
selective_risk_under_alternative_fidelity,centered_delta_cosine,u_only_rf,xu_he293,strong_linear,leave_environment_out,env__v~xucao2023__v~hek293__v~rna__v~baseline,,38.0,0.7172646908141199,0.6266022976104549,0.09066239320366498,0.2985833879918771,0.715384020975924,0.7402569126613141,0.7156106197725017,0.5263157894736843,0.4516129032258065,0.8030318851439254,0.46875,0.6579953661438904
selective_risk_under_alternative_fidelity,centered_delta_cosine,u_p_rf,xu_he293,strong_linear,leave_environment_out,env__v~xucao2023__v~hek293__v~rna__v~baseline,,38.0,0.7084585705691305,0.6266022976104549,0.08185627295867559,0.38079168730025187,0.715384020975924,0.7053205975670821,0.7154592133905278,0.42105263157894735,0.4516129032258065,1.023319295474206,0.4375,0.5728688913115333
selective_risk_under_alternative_fidelity,centered_delta_cosine,u_ps_rf,xu_he293,strong_linear,leave_environment_out,env__v~xucao2023__v~hek293__v~rna__v~baseline,,38.0,0.6999902136893166,0.6266022976104549,0.07338791607886164,0.38391780465459474,0.715384020975924,0.7041732448961879,0.7065746928114394,0.42105263157894735,0.3870967741935484,1.0323110459013636,0.4772727272727273,0.5938622291869887
selective_risk_under_alternative_fidelity,centered_delta_cosine,u_psn_rf,xu_he293,strong_linear,leave_environment_out,env__v~xucao2023__v~hek293__v~rna__v~baseline,,38.0,0.6932298240250866,0.6266022976104549,0.06662752641463165,0.3743594245474524,0.715384020975924,0.7041732448961878,0.7161070656317391,0.42105263157894735,0.4516129032258065,1.0020239394151298,0.4630681818181818,0.6158282562215657
selective_risk_under_alternative_fidelity,centered_delta_cosine,ptl_rf,xu_he293,strong_linear,leave_environment_out,env__v~xucao2023__v~hek293__v~rna__v~baseline,,38.0,0.6847487318171787,0.6266022976104549,0.05814643420672372,0.2536589702696225,0.715384020975924,0.6936768546677354,0.7029278938804555,0.3157894736842105,0.3548387096774194,0.7000107137387857,0.6392045454545454,0.7158324484396225
selective_risk_under_alternative_fidelity,absolute_effect_rank_agreement,raw_normalized_uq,xu_he293,strong_linear,leave_environment_out,env__v~xucao2023__v~hek293__v~rna__v~baseline,,38.0,0.6843045677015729,0.6679953926187807,0.01630917508279217,0.41549859057669386,0.6940541574040776,0.6851418077533861,0.6916030594129287,0.3157894736842105,0.3870967741935484,1.2011444853089046,0.609375,0.6997683187698667
selective_risk_under_alternative_fidelity,absolute_effect_rank_agreement,best_scalar_uq,xu_he293,strong_linear,leave_environment_out,env__v~xucao2023__v~hek293__v~rna__v~baseline,,38.0,0.6860594759592087,0.6679953926187807,0.018064083340427972,0.27660323984058754,0.6940541574040776,0.6886360899179632,0.6924796098218516,0.42105263157894735,0.3870967741935484,0.7679701101276414,0.5397727272727273,0.6503262152797028
selective_risk_under_alternative_fidelity,absolute_effect_rank_agreement,u_only_rf,xu_he293,strong_linear,leave_environment_out,env__v~xucao2023__v~hek293__v~rna__v~baseline,,38.0,0.6963702194557699,0.6679953926187807,0.02837482683698922,0.2985833879918771,0.6940541574040776,0.7021003149379581,0.6940437597577543,0.5263157894736843,0.4516129032258065,0.8030318851439254,0.46875,0.6579953661438904
selective_risk_under_alternative_fidelity,absolute_effect_rank_agreement,u_p_rf,xu_he293,strong_linear,leave_environment_out,env__v~xucao2023__v~hek293__v~rna__v~baseline,,38.0,0.6893689884504931,0.6679953926187807,0.02137359583171239,0.38079168730025187,0.6940541574040776,0.6898806108837299,0.6931381987636905,0.42105263157894735,0.4516129032258065,1.023319295474206,0.4375,0.5728688913115333
selective_risk_under_alternative_fidelity,absolute_effect_rank_agreement,u_ps_rf,xu_he293,strong_linear,leave_environment_out,env__v~xucao2023__v~hek293__v~rna__v~baseline,,38.0,0.6876802361154708,0.6679953926187807,0.019684843496690085,0.38391780465459474,0.6940541574040776,0.6917052491712233,0.6910449657745436,0.42105263157894735,0.3870967741935484,1.0323110459013636,0.4772727272727273,0.5938622291869887
selective_risk_under_alternative_fidelity,absolute_effect_rank_agreement,u_psn_rf,xu_he293,strong_linear,leave_environment_out,env__v~xucao2023__v~hek293__v~rna__v~baseline,,38.0,0.6859174957370551,0.6679953926187807,0.017922103118274357,0.3743594245474524,0.6940541574040776,0.6917052491712232,0.6934208783897247,0.42105263157894735,0.4516129032258065,1.0020239394151298,0.4630681818181818,0.6158282562215657
selective_risk_under_alternative_fidelity,absolute_effect_rank_agreement,ptl_rf,xu_he293,strong_linear,leave_environment_out,env__v~xucao2023__v~hek293__v~rna__v~baseline,,38.0,0.6834297686398988,0.6679953926187807,0.01543437602111808,0.2536589702696225,0.6940541574040776,0.6863465938159501,0.690606624032771,0.3157894736842105,0.3548387096774194,0.7000107137387857,0.6392045454545454,0.7158324484396225
selective_risk_under_alternative_fidelity,delta_cosine,raw_normalized_uq,xu_he293,strong_linear,leave_predictor_out,,strong_linear,38.0,0.6818531627029882,0.6188639758156655,0.06298918688732269,0.27517145107791324,0.707904568340944,0.6856500952102698,0.697898820898166,0.3157894736842105,0.32258064516129037,0.7471575118835312,0.5956521739130435,0.7080032305333064
selective_risk_under_alternative_fidelity,delta_cosine,best_scalar_uq,xu_he293,strong_linear,leave_predictor_out,,strong_linear,38.0,0.693711240732492,0.6188639758156655,0.07484726491682647,0.2663127307466489,0.707904568340944,0.7063498357850699,0.7060781706663007,0.368421052631579,0.3548387096774194,0.7298857007598811,0.5434782608695652,0.6669477359928342
selective_risk_under_alternative_fidelity,delta_cosine,u_only_rf,xu_he293,strong_linear,leave_predictor_out,,strong_linear,38.0,0.6929211814533989,0.6188639758156655,0.07405720563773333,0.44313585790490634,0.707904568340944,0.7009930622188779,0.7147233091725319,0.368421052631579,0.4193548387096774,1.2356497993507047,0.518840579710145,0.6917891555802936
selective_risk_under_alternative_fidelity,delta_cosine,u_p_rf,xu_he293,strong_linear,leave_predictor_out,,strong_linear,38.0,0.6782717005810495,0.6188639758156655,0.05940772476538392,0.4234284095163547,0.707904568340944,0.681354688290082,0.7080439364261896,0.3157894736842105,0.3870967741935484,1.1675299542884574,0.6434782608695652,0.7596695457448265
selective_risk_under_alternative_fidelity,delta_cosine,u_ps_rf,xu_he293,strong_linear,leave_predictor_out,,strong_linear,38.0,0.6731748347559803,0.6188639758156655,0.05431085894031473,0.4260436750017417,0.707904568340944,0.6840442186950932,0.7080439364261896,0.3157894736842105,0.3870967741935484,1.1692527191996207,0.6347826086956522,0.756697962748019
selective_risk_under_alternative_fidelity,delta_cosine,u_psn_rf,xu_he293,strong_linear,leave_predictor_out,,strong_linear,38.0,0.6767980726006236,0.6188639758156655,0.05793409678495809,0.41400316516990676,0.707904568340944,0.6868357819298754,0.7080439364261895,0.368421052631579,0.3870967741935484,1.1221681045896301,0.6173913043478261,0.7307512827943923
selective_risk_under_alternative_fidelity,delta_cosine,ptl_rf,xu_he293,strong_linear,leave_predictor_out,,strong_linear,38.0,0.6687938308481467,0.6188639758156655,0.04992985503248115,0.30912591974532955,0.707904568340944,0.6856500952102698,0.7054055268698731,0.3157894736842105,0.3548387096774194,0.8325859448062087,0.6376811594202899,0.7727318079902001
selective_risk_under_alternative_fidelity,centered_delta_cosine,raw_normalized_uq,xu_he293,strong_linear,leave_predictor_out,,strong_linear,38.0,0.6874454020296487,0.6266022976104549,0.060843104419193716,0.27517145107791324,0.715384020975924,0.6904234053836068,0.7048657823884326,0.3157894736842105,0.32258064516129037,0.7471575118835312,0.5956521739130435,0.7080032305333064
selective_risk_under_alternative_fidelity,centered_delta_cosine,best_scalar_uq,xu_he293,strong_linear,leave_predictor_out,,strong_linear,38.0,0.6996580870243722,0.6266022976104549,0.07305578941391722,0.2663127307466489,0.715384020975924,0.7090983531316456,0.7129343975710979,0.368421052631579,0.3548387096774194,0.7298857007598811,0.5434782608695652,0.6669477359928342
selective_risk_under_alternative_fidelity,centered_delta_cosine,u_only_rf,xu_he293,strong_linear,leave_predictor_out,,strong_linear,38.0,0.6998932198330793,0.6266022976104549,0.07329092222262434,0.44313585790490634,0.715384020975924,0.7081351110581131,0.7203502505565058,0.368421052631579,0.4193548387096774,1.2356497993507047,0.518840579710145,0.6917891555802936
selective_risk_under_alternative_fidelity,centered_delta_cosine,u_p_rf,xu_he293,strong_linear,leave_predictor_out,,strong_linear,38.0,0.684245067908632,0.6266022976104549,0.057642770298177104,0.4234284095163547,0.715384020975924,0.6872294006861771,0.7150668877282368,0.3157894736842105,0.3870967741935484,1.1675299542884574,0.6434782608695652,0.7596695457448265
selective_risk_under_alternative_fidelity,centered_delta_cosine,u_ps_rf,xu_he293,strong_linear,leave_predictor_out,,strong_linear,38.0,0.679846264800308,0.6266022976104549,0.053243967189853025,0.4260436750017417,0.715384020975924,0.6911537275772298,0.7150668877282369,0.3157894736842105,0.3870967741935484,1.1692527191996207,0.6347826086956522,0.756697962748019
selective_risk_under_alternative_fidelity,centered_delta_cosine,u_psn_rf,xu_he293,strong_linear,leave_predictor_out,,strong_linear,38.0,0.6827558711882178,0.6266022976104549,0.05615357357776285,0.41400316516990676,0.715384020975924,0.6915051087110249,0.7150668877282368,0.368421052631579,0.3870967741935484,1.1221681045896301,0.6173913043478261,0.7307512827943923
selective_risk_under_alternative_fidelity,centered_delta_cosine,ptl_rf,xu_he293,strong_linear,leave_predictor_out,,strong_linear,38.0,0.6747280589180734,0.6266022976104549,0.048125761307618475,0.30912591974532955,0.715384020975924,0.6904234053836068,0.7119014266408242,0.3157894736842105,0.3548387096774194,0.8325859448062087,0.6376811594202899,0.7727318079902001
selective_risk_under_alternative_fidelity,absolute_effect_rank_agreement,raw_normalized_uq,xu_he293,strong_linear,leave_predictor_out,,strong_linear,38.0,0.684128872829814,0.6679953926187807,0.016133480211033335,0.27517145107791324,0.6940541574040776,0.6851418077533861,0.6907138344462252,0.3157894736842105,0.32258064516129037,0.7471575118835312,0.5956521739130435,0.7080032305333064
selective_risk_under_alternative_fidelity,absolute_effect_rank_agreement,best_scalar_uq,xu_he293,strong_linear,leave_predictor_out,,strong_linear,38.0,0.6862934500955401,0.6679953926187807,0.01829805747675939,0.2663127307466489,0.6940541574040776,0.6886360899179632,0.6924796098218516,0.368421052631579,0.3548387096774194,0.7298857007598811,0.5434782608695652,0.6669477359928342
selective_risk_under_alternative_fidelity,absolute_effect_rank_agreement,u_only_rf,xu_he293,strong_linear,leave_predictor_out,,strong_linear,38.0,0.6883306929854761,0.6679953926187807,0.020335300366695397,0.44313585790490634,0.6940541574040776,0.691433476448999,0.694391686298818,0.368421052631579,0.4193548387096774,1.2356497993507047,0.518840579710145,0.6917891555802936
selective_risk_under_alternative_fidelity,absolute_effect_rank_agreement,u_p_rf,xu_he293,strong_linear,leave_predictor_out,,strong_linear,38.0,0.683562429670337,0.6679953926187807,0.015567037051556265,0.4234284095163547,0.6940541574040776,0.6840026399669398,0.6935479223245374,0.3157894736842105,0.3870967741935484,1.1675299542884574,0.6434782608695652,0.7596695457448265
selective_risk_under_alternative_fidelity,absolute_effect_rank_agreement,u_ps_rf,xu_he293,strong_linear,leave_predictor_out,,strong_linear,38.0,0.6821359002738782,0.6679953926187807,0.014140507655097445,0.4260436750017417,0.6940541574040776,0.6851836129069792,0.6935479223245374,0.3157894736842105,0.3870967741935484,1.1692527191996207,0.6347826086956522,0.756697962748019
selective_risk_under_alternative_fidelity,absolute_effect_rank_agreement,u_psn_rf,xu_he293,strong_linear,leave_predictor_out,,strong_linear,38.0,0.683632234505152,0.6679953926187807,0.015636841886371267,0.41400316516990676,0.6940541574040776,0.6856202639275517,0.6935479223245374,0.368421052631579,0.3870967741935484,1.1221681045896301,0.6173913043478261,0.7307512827943923
selective_risk_under_alternative_fidelity,absolute_effect_rank_agreement,ptl_rf,xu_he293,strong_linear,leave_predictor_out,,strong_linear,38.0,0.6807828064482591,0.6679953926187807,0.012787413829478345,0.30912591974532955,0.6940541574040776,0.6851418077533861,0.6931387651407637,0.3157894736842105,0.3548387096774194,0.8325859448062087,0.6376811594202899,0.7727318079902001
