comparison,left_environment_id,right_environment_id,perturbation_label,risk_left,risk_right,confidence_left,confidence_right,absolute_risk_change,response_program_shift,response_program_is_descriptive,risk_and_confidence_outcomes_used_for_evaluation_only,matching
frangieh_condition_oof,frangieh_melanoma_control,frangieh_melanoma_coculture,A2M,0.695474387616834,0.5616057771478442,0.9786820772059723,0.8986508973832531,0.1338686104689898,0.8014752264634895,1,1,exact_perturbation_label_intersection
frangieh_condition_oof,frangieh_melanoma_control,frangieh_melanoma_coculture,ACSL3,1.030402016404048,1.0260125464769105,0.7763405404302807,0.7453452314942949,0.004389469927137402,0.9492289251589501,1,1,exact_perturbation_label_intersection
frangieh_condition_oof,frangieh_melanoma_control,frangieh_melanoma_coculture,ACTA2,0.5455296344333287,0.5596006734820116,0.974695503763345,0.9460743916433776,0.014071039048682898,0.6897962255389771,1,1,exact_perturbation_label_intersection
frangieh_condition_oof,frangieh_melanoma_control,frangieh_melanoma_coculture,AEBP1,0.6001235198370816,0.6877349191216002,0.9294010348102905,0.8608643150522591,0.08761139928451867,0.8052175864243839,1,1,exact_perturbation_label_intersection
frangieh_condition_oof,frangieh_melanoma_control,frangieh_melanoma_coculture,AGA,0.7423953989789284,0.9075106611799606,0.9328260722948486,0.841965078545952,0.16511526220103223,0.9715147690587951,1,1,exact_perturbation_label_intersection
frangieh_condition_oof,frangieh_melanoma_control,frangieh_melanoma_coculture,AHCY,1.1956403617709297,0.9485148961595162,0.8116119858203805,0.6774464412463456,0.24712546561141346,0.9234465109296646,1,1,exact_perturbation_label_intersection
frangieh_condition_oof,frangieh_melanoma_control,frangieh_melanoma_coculture,AHNAK,0.6592344835803465,0.9206818811949319,0.8459792046941564,0.8459877141006755,0.26144739761458535,1.004080204395619,1,1,exact_perturbation_label_intersection
frangieh_condition_oof,frangieh_melanoma_control,frangieh_melanoma_coculture,APOC2,0.5210522517407854,0.6201816741361939,0.9808900016581732,0.955226808444543,0.09912942239540845,0.8571419349655237,1,1,exact_perturbation_label_intersection
frangieh_condition_oof,frangieh_melanoma_control,frangieh_melanoma_coculture,APOD,0.87009430009594,0.7559791258878202,0.9826268525029626,0.9449433312560845,0.11411517420811979,0.8736869333976026,1,1,exact_perturbation_label_intersection
frangieh_condition_oof,frangieh_melanoma_control,frangieh_melanoma_coculture,APOE,0.6695774343954559,0.7645634661878903,0.9221779676981349,0.9194869657705707,0.09498603179243437,0.8622135721550435,1,1,exact_perturbation_label_intersection
frangieh_condition_oof,frangieh_melanoma_control,frangieh_melanoma_coculture,ARMC6,0.6323766219882373,0.7758930248956586,0.957219079016239,0.9104788126983139,0.1435164029074213,0.9654093763845041,1,1,exact_perturbation_label_intersection
frangieh_condition_oof,frangieh_melanoma_control,frangieh_melanoma_coculture,ATP1A1,0.9139230252967334,0.9946881934927256,0.7484055468134133,0.7468326829329954,0.08076516819599222,1.0100946249472644,1,1,exact_perturbation_label_intersection
frangieh_condition_oof,frangieh_melanoma_control,frangieh_melanoma_coculture,ATP1B1,0.5523731927520275,0.9346529777055322,0.8552546453465474,0.7590415043003583,0.3822797849535048,0.9158453213319516,1,1,exact_perturbation_label_intersection
frangieh_condition_oof,frangieh_melanoma_control,frangieh_melanoma_coculture,ATP5MD,0.6118433790865927,0.813297738584221,0.8872786557542757,0.7942559119926828,0.20145435949762835,0.8879921056488576,1,1,exact_perturbation_label_intersection
frangieh_condition_oof,frangieh_melanoma_control,frangieh_melanoma_coculture,B2M,0.867038445706225,0.7475464947024018,0.8564150083309251,0.7003024555987545,0.11949195100382326,0.6800472060413564,1,1,exact_perturbation_label_intersection
frangieh_condition_oof,frangieh_melanoma_control,frangieh_melanoma_coculture,BOLA2,0.7843101522664123,0.886800587462636,0.9812220998296377,0.961930539178141,0.1024904351962237,0.8790836708106469,1,1,exact_perturbation_label_intersection
frangieh_condition_oof,frangieh_melanoma_control,frangieh_melanoma_coculture,BOLA2B,0.8688239455774978,1.0335936310087435,0.9741903329704208,0.9175808144984537,0.1647696854312457,0.8950019925816686,1,1,exact_perturbation_label_intersection
frangieh_condition_oof,frangieh_melanoma_control,frangieh_melanoma_coculture,BZW2,0.8188619834701767,0.9264035056014018,0.8115129127841322,0.7016076784050274,0.10754152213122514,0.8810055651240764,1,1,exact_perturbation_label_intersection
frangieh_condition_oof,frangieh_melanoma_control,frangieh_melanoma_coculture,C19orf48,0.7430257411915655,0.8312471541618547,0.9029936275769432,0.7214475728247315,0.08822141297028918,0.8926334521440356,1,1,exact_perturbation_label_intersection
frangieh_condition_oof,frangieh_melanoma_control,frangieh_melanoma_coculture,C1QBP,0.6934158139050599,0.7876374430540161,0.8484839753961189,0.7832415687414835,0.09422162914895615,0.7740433691300319,1,1,exact_perturbation_label_intersection
frangieh_condition_oof,frangieh_melanoma_control,frangieh_melanoma_coculture,C6orf226,0.5843625942901585,0.7212612411363968,0.9322975108920263,0.8586361134376732,0.13689864684623831,0.7763669983183434,1,1,exact_perturbation_label_intersection
frangieh_condition_oof,frangieh_melanoma_control,frangieh_melanoma_coculture,CCND1,0.9330833075381577,0.8400189152864354,0.7118491976130058,0.7644236753585426,0.09306439225172236,0.6295941331925705,1,1,exact_perturbation_label_intersection
frangieh_condition_oof,frangieh_melanoma_control,frangieh_melanoma_coculture,CCND2,0.6477828472966818,0.650121489988885,0.9811844225855828,0.9583262068998443,0.0023386426922031855,0.7198734181258002,1,1,exact_perturbation_label_intersection
frangieh_condition_oof,frangieh_melanoma_control,frangieh_melanoma_coculture,CCR10,0.5972720742837361,0.7139142773287721,0.9795433790283057,0.955244308735963,0.11664220304503603,0.8155162487996566,1,1,exact_perturbation_label_intersection
frangieh_condition_oof,frangieh_melanoma_control,frangieh_melanoma_coculture,CCT3,0.9238503686762962,0.9743920236766749,0.854799147716522,0.8362701342211828,0.05054165500037866,0.9037109885733444,1,1,exact_perturbation_label_intersection
frangieh_condition_oof,frangieh_melanoma_control,frangieh_melanoma_coculture,CCT6A,0.9514144798813612,1.0061347021031912,0.8757629298687779,0.8602396409956539,0.05472022222183004,0.9275046740135175,1,1,exact_perturbation_label_intersection
frangieh_condition_oof,frangieh_melanoma_control,frangieh_melanoma_coculture,CD151,0.6207658394178278,0.6979529369527192,0.7846584010854567,0.8119866085524284,0.07718709753489139,0.8134016790085666,1,1,exact_perturbation_label_intersection
frangieh_condition_oof,frangieh_melanoma_control,frangieh_melanoma_coculture,CD274,0.5959581777207955,0.7821154939928118,0.9335011059776049,0.9172936407225339,0.18615731627201626,0.9383151105593793,1,1,exact_perturbation_label_intersection
frangieh_condition_oof,frangieh_melanoma_control,frangieh_melanoma_coculture,CD44,0.6232668688190447,0.8773786677299303,0.8580050533252201,0.941080283534586,0.25411179891088564,0.8188890040951957,1,1,exact_perturbation_label_intersection
frangieh_condition_oof,frangieh_melanoma_control,frangieh_melanoma_coculture,CD47,0.7168060664965619,0.9533987425111777,0.8756076552690608,0.7270041221387774,0.23659267601461587,0.8767948502846812,1,1,exact_perturbation_label_intersection
frangieh_condition_oof,frangieh_melanoma_control,frangieh_melanoma_coculture,CD58,0.46397352122136604,0.908973525902852,0.9534348044784883,0.8638435699322532,0.44500000468148593,0.9819449468032901,1,1,exact_perturbation_label_intersection
frangieh_condition_oof,frangieh_melanoma_control,frangieh_melanoma_coculture,CD59,0.5841532836435785,0.8532745417040337,0.8437137226718052,0.838002942705845,0.26912125806045517,0.8878063452511533,1,1,exact_perturbation_label_intersection
frangieh_condition_oof,frangieh_melanoma_control,frangieh_melanoma_coculture,CD63,0.7856890429393968,0.7898650032991534,0.7732667209344483,0.7875724494277015,0.0041759603597566475,0.7389958854909424,1,1,exact_perturbation_label_intersection
frangieh_condition_oof,frangieh_melanoma_control,frangieh_melanoma_coculture,CDC123,0.8109927753550772,0.9138470222274692,0.8524232372674193,0.7529951922201411,0.10285424687239197,0.9577633471893621,1,1,exact_perturbation_label_intersection
frangieh_condition_oof,frangieh_melanoma_control,frangieh_melanoma_coculture,CDH19,0.5598205496736681,0.5639286078639889,0.9812102532542188,0.9567872047651096,0.004108058190320785,0.7762099920701077,1,1,exact_perturbation_label_intersection
frangieh_condition_oof,frangieh_melanoma_control,frangieh_melanoma_coculture,CDK4,0.8416111649206022,0.7249337205515631,0.9467327419755674,0.8111623363631013,0.11667744436903904,0.9438563866164742,1,1,exact_perturbation_label_intersection
frangieh_condition_oof,frangieh_melanoma_control,frangieh_melanoma_coculture,CDK6,0.9285080335484118,0.8169944788067636,0.7826020422441194,0.8611513044212179,0.11151355474164826,0.7508703728758503,1,1,exact_perturbation_label_intersection
frangieh_condition_oof,frangieh_melanoma_control,frangieh_melanoma_coculture,CDKN1A,0.4531160569886411,0.6984658996897998,0.928923130548115,0.8317495109718148,0.24534984270115867,0.7300426036652974,1,1,exact_perturbation_label_intersection
frangieh_condition_oof,frangieh_melanoma_control,frangieh_melanoma_coculture,CDKN2A,0.6298349042874163,0.8407681650649681,0.8647445184754363,0.797141456699041,0.2109332607775518,0.8389705319096904,1,1,exact_perturbation_label_intersection
frangieh_condition_oof,frangieh_melanoma_control,frangieh_melanoma_coculture,CDKN2B,0.600933087165785,0.7470505246281817,0.9507790828149759,0.8187604657228397,0.1461174374623967,0.6660625116274466,1,1,exact_perturbation_label_intersection
frangieh_condition_oof,frangieh_melanoma_control,frangieh_melanoma_coculture,CGAS,0.6140914892091496,0.8294557974536325,0.9556943858537799,0.8327681838211118,0.21536430824448294,0.9392307231357759,1,1,exact_perturbation_label_intersection
frangieh_condition_oof,frangieh_melanoma_control,frangieh_melanoma_coculture,CHCHD2,0.5964650760891044,0.8199095079074337,0.9100200088141857,0.8273761615082703,0.2234444318183293,0.7796724628219214,1,1,exact_perturbation_label_intersection
frangieh_condition_oof,frangieh_melanoma_control,frangieh_melanoma_coculture,CITED1,0.4904152849102853,0.7420082094767821,0.978826267316676,0.9584134745656344,0.25159292456649684,0.8605800237379415,1,1,exact_perturbation_label_intersection
frangieh_condition_oof,frangieh_melanoma_control,frangieh_melanoma_coculture,CKS1B,0.8628711159242446,0.8806213458596187,0.7223123506989517,0.7861821146449062,0.017750229935374118,0.8749810747079027,1,1,exact_perturbation_label_intersection
frangieh_condition_oof,frangieh_melanoma_control,frangieh_melanoma_coculture,CMSS1,0.6513597587370059,0.8911302865965687,0.90792570443394,0.8104144254097578,0.23977052785956277,0.8989628669704548,1,1,exact_perturbation_label_intersection
frangieh_condition_oof,frangieh_melanoma_control,frangieh_melanoma_coculture,CORO1A,0.6959086723141394,0.8406196394081441,0.9689606620130552,0.9256113164079031,0.14471096709400466,0.9121312239850788,1,1,exact_perturbation_label_intersection
frangieh_condition_oof,frangieh_melanoma_control,frangieh_melanoma_coculture,CSPG4,0.5875653733020483,0.7888062806599528,0.980809768409213,0.956658579890537,0.20124090735790456,0.8854089723625981,1,1,exact_perturbation_label_intersection
frangieh_condition_oof,frangieh_melanoma_control,frangieh_melanoma_coculture,CST3,0.7436370455629222,0.7937236876919224,0.8797324474952356,0.7573154456647085,0.05008664212900016,0.8882898959860999,1,1,exact_perturbation_label_intersection
frangieh_condition_oof,frangieh_melanoma_control,frangieh_melanoma_coculture,CTPS1,1.0978031882976662,1.1299971894422203,0.6897898336630476,0.8016595093984124,0.03219400114455406,0.6587725479239879,1,1,exact_perturbation_label_intersection
frangieh_condition_oof,frangieh_melanoma_control,frangieh_melanoma_coculture,CTSA,0.7252126974515134,0.7702115450115352,0.7774341635600553,0.7894151768656389,0.044998847560021815,0.8229623853662172,1,1,exact_perturbation_label_intersection
frangieh_condition_oof,frangieh_melanoma_control,frangieh_melanoma_coculture,CTSB,0.7117471197705758,0.8666693312786281,0.8373852351266305,0.7157629347678484,0.1549222115080523,0.8730729415004618,1,1,exact_perturbation_label_intersection
frangieh_condition_oof,frangieh_melanoma_control,frangieh_melanoma_coculture,CTSD,0.5900190955360901,0.7369447947297125,0.7374152562293271,0.8556754231790867,0.14692569919362242,0.6712329515278881,1,1,exact_perturbation_label_intersection
frangieh_condition_oof,frangieh_melanoma_control,frangieh_melanoma_coculture,CTSL,0.8763338809316379,0.8984616783313611,0.769331245652164,0.7350613258304516,0.02212779739972326,0.8704817401164916,1,1,exact_perturbation_label_intersection
frangieh_condition_oof,frangieh_melanoma_control,frangieh_melanoma_coculture,CTSO,0.6245396917488092,0.8535772631787266,0.969576336786984,0.8865922990511499,0.22903757142991743,1.0011577674996817,1,1,exact_perturbation_label_intersection
frangieh_condition_oof,frangieh_melanoma_control,frangieh_melanoma_coculture,CXCR4,0.5270329470095498,0.8146685900756288,0.9786444500078081,0.9443797558529731,0.2876356430660789,0.8583623591913224,1,1,exact_perturbation_label_intersection
frangieh_condition_oof,frangieh_melanoma_control,frangieh_melanoma_coculture,CYP27A1,0.540919283532652,0.6158009249486593,0.978145220226608,0.9335350132509511,0.0748816414160074,0.8222355496310373,1,1,exact_perturbation_label_intersection
frangieh_condition_oof,frangieh_melanoma_control,frangieh_melanoma_coculture,DAG1,0.706616838926321,0.7895921638872948,0.9507938354759449,0.8420195528987108,0.08297532496097382,0.9880259625146269,1,1,exact_perturbation_label_intersection
frangieh_condition_oof,frangieh_melanoma_control,frangieh_melanoma_coculture,DDR1,0.743604758555382,0.7174666949321006,0.9273597930519951,0.926252168339239,0.026138063623281416,0.8424861372009715,1,1,exact_perturbation_label_intersection
frangieh_condition_oof,frangieh_melanoma_control,frangieh_melanoma_coculture,DDX17,0.639873306306849,0.7922400563119233,0.8529917190675067,0.8297102542199021,0.15236675000507427,0.8028364929694751,1,1,exact_perturbation_label_intersection
frangieh_condition_oof,frangieh_melanoma_control,frangieh_melanoma_coculture,DDX39A,0.6883945182530076,0.9255977404456491,0.9005408327855577,0.8270563278333875,0.23720322219264156,0.8702392653276823,1,1,exact_perturbation_label_intersection
frangieh_condition_oof,frangieh_melanoma_control,frangieh_melanoma_coculture,DLL3,0.5924723150379051,0.5821641572862479,0.8609879643384467,0.9147779178983475,0.010308157751657165,0.8259098677190817,1,1,exact_perturbation_label_intersection
frangieh_condition_oof,frangieh_melanoma_control,frangieh_melanoma_coculture,DNMT1,0.9431738635989715,0.8699171429492585,0.8656146074489145,0.7434656672844686,0.073256720649713,0.9636204762360201,1,1,exact_perturbation_label_intersection
frangieh_condition_oof,frangieh_melanoma_control,frangieh_melanoma_coculture,E2F1,0.839468646610809,0.8569777206771896,0.9656775379897157,0.8271594944211378,0.01750907406638058,0.9327197065070033,1,1,exact_perturbation_label_intersection
frangieh_condition_oof,frangieh_melanoma_control,frangieh_melanoma_coculture,EEA1,0.637685323028276,0.7251579998274319,0.912654020814868,0.8008168988496248,0.08747267679915594,0.868770193687234,1,1,exact_perturbation_label_intersection
frangieh_condition_oof,frangieh_melanoma_control,frangieh_melanoma_coculture,EEF1G,1.1112183236412432,0.9211734436750506,0.9729181720067204,0.9539097820552472,0.19004487996619257,0.963431557874899,1,1,exact_perturbation_label_intersection
frangieh_condition_oof,frangieh_melanoma_control,frangieh_melanoma_coculture,EIF2S3,0.7583214577711943,0.8348862308160703,0.8762108689926467,0.7998621569103127,0.07656477304487597,0.8821409817908887,1,1,exact_perturbation_label_intersection
frangieh_condition_oof,frangieh_melanoma_control,frangieh_melanoma_coculture,EIF3K,0.625060585354116,0.8133996469963343,0.8590773404594233,0.7888002497855352,0.18833906164221825,0.532121193122726,1,1,exact_perturbation_label_intersection
frangieh_condition_oof,frangieh_melanoma_control,frangieh_melanoma_coculture,EIF4A1,0.8879834504668439,0.9867870748189208,0.7642458163692075,0.8182597663488718,0.0988036243520769,0.8611390473228682,1,1,exact_perturbation_label_intersection
frangieh_condition_oof,frangieh_melanoma_control,frangieh_melanoma_coculture,EMP1,0.47333086298249516,0.6137302292443102,0.9741973819594335,0.9363629371528931,0.14039936626181504,0.7996119809208826,1,1,exact_perturbation_label_intersection
frangieh_condition_oof,frangieh_melanoma_control,frangieh_melanoma_coculture,ENPP1,0.5012221512413217,0.7782981154053916,0.9635675410348696,0.9543186141092419,0.2770759641640699,0.9762399108460695,1,1,exact_perturbation_label_intersection
frangieh_condition_oof,frangieh_melanoma_control,frangieh_melanoma_coculture,EVA1A,0.6829554345864057,0.8503383871010572,0.8271143539931821,0.8965871119206948,0.16738295251465152,0.9146100279525025,1,1,exact_perturbation_label_intersection
frangieh_condition_oof,frangieh_melanoma_control,frangieh_melanoma_coculture,FARSA,0.8390807863180203,1.0109825774463506,0.8820343502065636,0.7460462634272776,0.17190179112833026,0.9413248829999032,1,1,exact_perturbation_label_intersection
frangieh_condition_oof,frangieh_melanoma_control,frangieh_melanoma_coculture,FBL,0.8496753844362952,0.8825339004217679,0.8509245507767428,0.7383327804158117,0.032858515985472736,0.9470437155963409,1,1,exact_perturbation_label_intersection
frangieh_condition_oof,frangieh_melanoma_control,frangieh_melanoma_coculture,FBXO32,0.6070781825755485,0.6521840131079019,0.7573499682337705,0.8883020920328377,0.0451058305323534,0.8782635586305412,1,1,exact_perturbation_label_intersection
frangieh_condition_oof,frangieh_melanoma_control,frangieh_melanoma_coculture,FGFR1,0.724990352365402,0.7262125277693465,0.8205943016239883,0.7992641393057492,0.0012221754039445365,0.8630470546717465,1,1,exact_perturbation_label_intersection
frangieh_condition_oof,frangieh_melanoma_control,frangieh_melanoma_coculture,FKBP4,0.8372979057970472,0.935041568375137,0.800912822612109,0.7377833780884426,0.09774366257808975,0.983347099283273,1,1,exact_perturbation_label_intersection
frangieh_condition_oof,frangieh_melanoma_control,frangieh_melanoma_coculture,FMN1,0.5063259152288233,0.7263481590348724,0.9315768783244162,0.8528225415037224,0.22002224380604907,0.8437392961970491,1,1,exact_perturbation_label_intersection
frangieh_condition_oof,frangieh_melanoma_control,frangieh_melanoma_coculture,FOS,0.6961284714188878,0.6941486038434322,0.9705581926960442,0.9362401324622328,0.0019798675754555406,0.9051201389724394,1,1,exact_perturbation_label_intersection
frangieh_condition_oof,frangieh_melanoma_control,frangieh_melanoma_coculture,FOXM1,0.8871955220052052,0.8903228026451172,0.8894919864406533,0.8098073984161932,0.003127280639911967,0.9614877164645859,1,1,exact_perturbation_label_intersection
frangieh_condition_oof,frangieh_melanoma_control,frangieh_melanoma_coculture,FRZB,0.7274589161777023,0.9502672760315489,0.9740289109608025,0.9458819571309216,0.22280835985384662,0.9828312202182781,1,1,exact_perturbation_label_intersection
frangieh_condition_oof,frangieh_melanoma_control,frangieh_melanoma_coculture,FSTL3,0.6209301116152239,0.7442648457899698,0.9101340017717193,0.8493116791782896,0.12333473417474583,0.9498029366652383,1,1,exact_perturbation_label_intersection
frangieh_condition_oof,frangieh_melanoma_control,frangieh_melanoma_coculture,FTH1,0.7710184509329463,0.9057046524605441,0.8092785056779461,0.7626972297228097,0.1346862015275978,0.8552685566853944,1,1,exact_perturbation_label_intersection
frangieh_condition_oof,frangieh_melanoma_control,frangieh_melanoma_coculture,GAA,0.56470114193037,0.9070072177403661,0.9643808135377631,0.8914956038566665,0.34230607580999606,0.9522282016505088,1,1,exact_perturbation_label_intersection
frangieh_condition_oof,frangieh_melanoma_control,frangieh_melanoma_coculture,GAS5,0.5021011978804526,0.7975481474047197,0.9800023353920458,0.9478412669035569,0.2954469495242671,0.9035544277269657,1,1,exact_perturbation_label_intersection
frangieh_condition_oof,frangieh_melanoma_control,frangieh_melanoma_coculture,GPATCH4,0.7130660586019035,0.8128760723804301,0.8218547983480061,0.845088280335827,0.09981001377852661,0.8311053602093215,1,1,exact_perturbation_label_intersection
frangieh_condition_oof,frangieh_melanoma_control,frangieh_melanoma_coculture,GPI,1.078349971570326,1.1810135885836797,0.8866752731602331,0.8575716378810418,0.10266361701335369,0.8444161935796013,1,1,exact_perturbation_label_intersection
frangieh_condition_oof,frangieh_melanoma_control,frangieh_melanoma_coculture,GPNMB,0.5784597837287382,0.7661589781258061,0.9546182956974879,0.948620144613704,0.18769919439706795,0.7549133282355717,1,1,exact_perturbation_label_intersection
frangieh_condition_oof,frangieh_melanoma_control,frangieh_melanoma_coculture,GRN,0.6385856609825162,0.6763221365171386,0.9077344358513395,0.8195981345441036,0.03773647553462234,0.8229825399030115,1,1,exact_perturbation_label_intersection
frangieh_condition_oof,frangieh_melanoma_control,frangieh_melanoma_coculture,GSEC,0.6713358528420199,1.0262731036870931,0.9518691061241519,0.9198318269795855,0.3549372508450732,1.0228275607901915,1,1,exact_perturbation_label_intersection
frangieh_condition_oof,frangieh_melanoma_control,frangieh_melanoma_coculture,GSN,0.558957602551672,0.7545320786270391,0.9292572000887981,0.8764665350719626,0.19557447607536704,0.8817427696298157,1,1,exact_perturbation_label_intersection
frangieh_condition_oof,frangieh_melanoma_control,frangieh_melanoma_coculture,HASPIN,0.6345557045655664,1.0402314205865266,0.9702428016215485,0.9293220376111352,0.4056757160209602,0.9412852080676757,1,1,exact_perturbation_label_intersection
frangieh_condition_oof,frangieh_melanoma_control,frangieh_melanoma_coculture,HLA-A,0.6530773737294538,0.9277255326823064,0.8573991999163493,0.8542743590874413,0.27464815895285255,0.940865687323891,1,1,exact_perturbation_label_intersection
frangieh_condition_oof,frangieh_melanoma_control,frangieh_melanoma_coculture,HLA-B,0.7215386419116794,0.8112692176979166,0.8539713092361404,0.8969464979073026,0.08973057578623722,0.8590021951832748,1,1,exact_perturbation_label_intersection
frangieh_condition_oof,frangieh_melanoma_control,frangieh_melanoma_coculture,HLA-C,0.8918062824175834,0.8066566554239953,0.8220521292409719,0.8249648524858607,0.08514962699358808,0.8509363247745977,1,1,exact_perturbation_label_intersection
frangieh_condition_oof,frangieh_melanoma_control,frangieh_melanoma_coculture,HLA-DRB5,0.4543412693172887,0.7519155829738225,0.9786369127361524,0.9496159351500966,0.29757431365653386,0.8486436329879641,1,1,exact_perturbation_label_intersection
frangieh_condition_oof,frangieh_melanoma_control,frangieh_melanoma_coculture,HLA-E,0.6942477182462607,0.8331761964147361,0.8648946192536808,0.8834030713520495,0.1389284781684753,0.846798817440178,1,1,exact_perturbation_label_intersection
frangieh_condition_oof,frangieh_melanoma_control,frangieh_melanoma_coculture,HLA-F,0.8380372878918213,0.7562252964928391,0.9671472680270082,0.8832612914263213,0.08181199139898221,0.9172173090099678,1,1,exact_perturbation_label_intersection
frangieh_condition_oof,frangieh_melanoma_control,frangieh_melanoma_coculture,HLA-H,0.6876101734937798,0.6764984121437225,0.9808900016581732,0.9478412669035569,0.011111761350057314,0.8388517660093928,1,1,exact_perturbation_label_intersection
frangieh_condition_oof,frangieh_melanoma_control,frangieh_melanoma_coculture,HNRNPA1,0.7520561438632429,0.9257731776052469,0.8532057520589014,0.8895438378926924,0.17371703374200398,0.7361573461164408,1,1,exact_perturbation_label_intersection
frangieh_condition_oof,frangieh_melanoma_control,frangieh_melanoma_coculture,HNRNPC,0.8381239075171609,1.0448458359481165,0.8372274137907412,0.8655327617944648,0.2067219284309556,1.0031884852632087,1,1,exact_perturbation_label_intersection
frangieh_condition_oof,frangieh_melanoma_control,frangieh_melanoma_coculture,HSPA1A,0.619735177088685,0.7699585675865496,0.844607903198385,0.7651222682801925,0.1502233904978646,0.9161373959342073,1,1,exact_perturbation_label_intersection
frangieh_condition_oof,frangieh_melanoma_control,frangieh_melanoma_coculture,IDH2,0.6586650061765027,0.8896040463273931,0.9319333927057954,0.8420747522606753,0.2309390401508904,0.842492524017032,1,1,exact_perturbation_label_intersection
frangieh_condition_oof,frangieh_melanoma_control,frangieh_melanoma_coculture,IDI2-AS1,0.6318445613468877,0.5651280591931134,0.9789653337669538,0.9606294702693395,0.06671650215377434,0.8526825530937173,1,1,exact_perturbation_label_intersection
frangieh_condition_oof,frangieh_melanoma_control,frangieh_melanoma_coculture,IFNGR1,0.6006815389761178,1.1240627450528773,0.7562746369170924,0.8737288417140089,0.5233812060767595,0.742506436386251,1,1,exact_perturbation_label_intersection
frangieh_condition_oof,frangieh_melanoma_control,frangieh_melanoma_coculture,IFNGR2,0.7656269664543118,0.9237021892755267,0.7479981030178925,0.7876115746873689,0.1580752228212149,0.8278297406997356,1,1,exact_perturbation_label_intersection
frangieh_condition_oof,frangieh_melanoma_control,frangieh_melanoma_coculture,ILF2,0.9668296763731271,0.9348507772970979,0.7515344837462782,0.8170779022388981,0.031978899076029244,0.9456567312891654,1,1,exact_perturbation_label_intersection
frangieh_condition_oof,frangieh_melanoma_control,frangieh_melanoma_coculture,IRF3,0.550916205576966,0.7488047882451219,0.8876173868153048,0.8068743910845498,0.1978885826681559,0.7583689002911853,1,1,exact_perturbation_label_intersection
frangieh_condition_oof,frangieh_melanoma_control,frangieh_melanoma_coculture,IRF4,0.6987425345352041,0.8707569920482167,0.9795608309259004,0.9544932515986825,0.1720144575130126,0.9905251733661532,1,1,exact_perturbation_label_intersection
frangieh_condition_oof,frangieh_melanoma_control,frangieh_melanoma_coculture,ISYNA1,0.8420824318813909,0.7150620037759758,0.9689296916769354,0.8349407006621874,0.12702042810541503,0.9686924076460709,1,1,exact_perturbation_label_intersection
frangieh_condition_oof,frangieh_melanoma_control,frangieh_melanoma_coculture,ITGA3,0.5523907509024744,1.0577229291191959,0.8825201947242522,0.839264840297418,0.5053321782167215,0.9279465116532152,1,1,exact_perturbation_label_intersection
frangieh_condition_oof,frangieh_melanoma_control,frangieh_melanoma_coculture,JAK1,0.6428837620379331,0.8675026741623338,0.8478923428976662,0.8289636080553254,0.22461891212440077,0.7191306569992504,1,1,exact_perturbation_label_intersection
frangieh_condition_oof,frangieh_melanoma_control,frangieh_melanoma_coculture,JAK2,0.5779087070323351,0.781029497055115,0.9589925000483971,0.9527530396930661,0.20312079002277994,0.8533962567666263,1,1,exact_perturbation_label_intersection
frangieh_condition_oof,frangieh_melanoma_control,frangieh_melanoma_coculture,JMJD7,0.6358783007719108,0.6317824436813433,0.9803188692676906,0.9568006262227441,0.0040958570905674785,1.0257065259323062,1,1,exact_perturbation_label_intersection
frangieh_condition_oof,frangieh_melanoma_control,frangieh_melanoma_coculture,JPT1,0.8674460800804003,0.9929879411595116,0.729531878741188,0.7535223762106128,0.12554186107911136,0.898263956069474,1,1,exact_perturbation_label_intersection
frangieh_condition_oof,frangieh_melanoma_control,frangieh_melanoma_coculture,KCNN4,0.6254373272850142,0.7829427795624695,0.8975387295850913,0.8471495702294597,0.15750545227745527,0.8321619946105987,1,1,exact_perturbation_label_intersection
frangieh_condition_oof,frangieh_melanoma_control,frangieh_melanoma_coculture,KDR,0.5908960488243096,0.7004968841188723,0.978969326752923,0.9347081780634432,0.10960083529456277,0.873562644723904,1,1,exact_perturbation_label_intersection
frangieh_condition_oof,frangieh_melanoma_control,frangieh_melanoma_coculture,KLF4,0.5000459187821285,0.7718534563367756,0.9728092073790116,0.8132187170346419,0.27180753755464715,0.8879295218087686,1,1,exact_perturbation_label_intersection
frangieh_condition_oof,frangieh_melanoma_control,frangieh_melanoma_coculture,LAMP2,0.6270001914348298,0.7052255940869698,0.844767074461728,0.8094491154644036,0.07822540265214006,0.9370520746969422,1,1,exact_perturbation_label_intersection
frangieh_condition_oof,frangieh_melanoma_control,frangieh_melanoma_coculture,LCP1,0.5584925840220715,0.6845527311839703,0.9798850197559856,0.9403264383696343,0.12606014716189884,0.8047091032306424,1,1,exact_perturbation_label_intersection
frangieh_condition_oof,frangieh_melanoma_control,frangieh_melanoma_coculture,LEF1-AS1,0.49340433322139576,0.7151646229636015,0.9808900016581732,0.9608993312133004,0.22176028974220574,0.8863442798703246,1,1,exact_perturbation_label_intersection
frangieh_condition_oof,frangieh_melanoma_control,frangieh_melanoma_coculture,LGALS3,0.6997941778123795,0.9977173177115772,0.8417853489986249,0.7727514042664111,0.2979231398991977,0.9381555438785475,1,1,exact_perturbation_label_intersection
frangieh_condition_oof,frangieh_melanoma_control,frangieh_melanoma_coculture,LGALS3BP,0.644085731283121,0.8699445221663247,0.9110777250866354,0.724759591691658,0.2258587908832037,0.9680614786624819,1,1,exact_perturbation_label_intersection
frangieh_condition_oof,frangieh_melanoma_control,frangieh_melanoma_coculture,LINC00518,0.7167956626950327,0.7723645458963168,0.9812242428966185,0.9453061991684071,0.05556888320128406,0.8971443740769016,1,1,exact_perturbation_label_intersection
frangieh_condition_oof,frangieh_melanoma_control,frangieh_melanoma_coculture,LRPAP1,0.5553373968254265,0.8894066819944269,0.8817268850803189,0.7322528805976892,0.33406928516900036,0.8384991593048847,1,1,exact_perturbation_label_intersection
frangieh_condition_oof,frangieh_melanoma_control,frangieh_melanoma_coculture,LRRC75A-AS1,0.573166889784327,0.850286200699106,0.9800023353920458,0.9398863647836048,0.27711931091477904,0.8731364657265477,1,1,exact_perturbation_label_intersection
frangieh_condition_oof,frangieh_melanoma_control,frangieh_melanoma_coculture,LY96,0.685042764092002,0.8905883201903363,0.9778861865222513,0.9412060421585428,0.20554555609833425,0.8923878388718969,1,1,exact_perturbation_label_intersection
frangieh_condition_oof,frangieh_melanoma_control,frangieh_melanoma_coculture,MC1R,0.5318138262430387,0.8359804747849018,0.9737750811673823,0.9199887909573787,0.30416664854186304,0.917636997102914,1,1,exact_perturbation_label_intersection
frangieh_condition_oof,frangieh_melanoma_control,frangieh_melanoma_coculture,MDH2,0.743139310841074,0.9514410143007196,0.8921086489488573,0.7869734610703136,0.2083017034596456,0.6884598275009135,1,1,exact_perturbation_label_intersection
frangieh_condition_oof,frangieh_melanoma_control,frangieh_melanoma_coculture,MFGE8,0.6437340780084397,0.8323975710545216,0.9347276552957555,0.8526568791877441,0.18866349304608188,0.9270660690738094,1,1,exact_perturbation_label_intersection
frangieh_condition_oof,frangieh_melanoma_control,frangieh_melanoma_coculture,MIA,0.5206884769441682,0.637220864654345,0.972224228901322,0.9603283141138048,0.11653238771017682,0.7978415619647764,1,1,exact_perturbation_label_intersection
frangieh_condition_oof,frangieh_melanoma_control,frangieh_melanoma_coculture,MRPL47,0.8694466980838497,1.0553806915997093,0.8851275630976488,0.8240070584194538,0.1859339935158596,0.7364605247296587,1,1,exact_perturbation_label_intersection
frangieh_condition_oof,frangieh_melanoma_control,frangieh_melanoma_coculture,MT2A,0.6792192936312293,0.9070208575135932,0.8155146472709105,0.8772914412226142,0.22780156388236383,0.897110683830691,1,1,exact_perturbation_label_intersection
frangieh_condition_oof,frangieh_melanoma_control,frangieh_melanoma_coculture,MYC,1.1252798049083865,1.0458808828063586,0.7698693680026055,0.7717393224653574,0.07939892210202792,0.6936131458933091,1,1,exact_perturbation_label_intersection
frangieh_condition_oof,frangieh_melanoma_control,frangieh_melanoma_coculture,NACA,0.864431998460373,0.9647060510834705,0.7910435035362022,0.7636119466537408,0.10027405262309752,0.9263574480123723,1,1,exact_perturbation_label_intersection
frangieh_condition_oof,frangieh_melanoma_control,frangieh_melanoma_coculture,NCL,0.897373278120162,0.9387945121213959,0.8401228818748768,0.7239945732146725,0.041421234001233875,0.9635750288422774,1,1,exact_perturbation_label_intersection
frangieh_condition_oof,frangieh_melanoma_control,frangieh_melanoma_coculture,NDUFA13,0.5879172799217915,0.8262611403529833,0.8863598814640133,0.7743755724663348,0.2383438604311917,0.9459459246427049,1,1,exact_perturbation_label_intersection
frangieh_condition_oof,frangieh_melanoma_control,frangieh_melanoma_coculture,NEAT1,0.7150919434163051,0.8162912048370571,0.8421857845753773,0.6606929837094734,0.10119926142075197,0.8327989564672288,1,1,exact_perturbation_label_intersection
frangieh_condition_oof,frangieh_melanoma_control,frangieh_melanoma_coculture,NGFR,0.7050382452904344,0.7334273080736744,0.9786011699413589,0.9615336304446703,0.02838906278324005,0.9312394401959456,1,1,exact_perturbation_label_intersection
frangieh_condition_oof,frangieh_melanoma_control,frangieh_melanoma_coculture,NME1,0.872940228711165,1.0333192498105122,0.8461289954222079,0.8343320254159883,0.1603790210993472,0.9030423688059116,1,1,exact_perturbation_label_intersection
frangieh_condition_oof,frangieh_melanoma_control,frangieh_melanoma_coculture,NMRK1,0.4950013891831455,0.8627725153121226,0.9262882602718684,0.7718285504243562,0.3677711261289771,0.8256203112290443,1,1,exact_perturbation_label_intersection
frangieh_condition_oof,frangieh_melanoma_control,frangieh_melanoma_coculture,NOLC1,0.8511731492471577,0.885056359348158,0.8919149490913928,0.8122435506384477,0.03388321010100026,0.9496436979929358,1,1,exact_perturbation_label_intersection
frangieh_condition_oof,frangieh_melanoma_control,frangieh_melanoma_coculture,NONO,0.6567203460221837,0.8710877169753096,0.8869392629613135,0.8175967732696283,0.21436737095312597,0.7095666127072568,1,1,exact_perturbation_label_intersection
frangieh_condition_oof,frangieh_melanoma_control,frangieh_melanoma_coculture,NPC1,0.6424013808745841,0.690831782358635,0.9166645446447852,0.8951547744135452,0.04843040148405087,0.6531687491479272,1,1,exact_perturbation_label_intersection
frangieh_condition_oof,frangieh_melanoma_control,frangieh_melanoma_coculture,NPC2,0.6585468541518913,0.7705861060503922,0.7034546183021241,0.8287803908718764,0.11203925189850095,0.859751575183636,1,1,exact_perturbation_label_intersection
frangieh_condition_oof,frangieh_melanoma_control,frangieh_melanoma_coculture,NSG1,0.7733727872167753,0.7693520881022581,0.9098560815436952,0.952329442902569,0.00402069911451719,0.9421977485860975,1,1,exact_perturbation_label_intersection
frangieh_condition_oof,frangieh_melanoma_control,frangieh_melanoma_coculture,NT5E,0.6938708548962282,0.8987190890161605,0.9144684591237352,0.915813497630924,0.20484823411993225,0.9271926943611679,1,1,exact_perturbation_label_intersection
frangieh_condition_oof,frangieh_melanoma_control,frangieh_melanoma_coculture,NUP50-AS1,0.5540821100569053,0.7568950339983862,0.9798851340899012,0.9575219428605863,0.20281292394148087,0.8373062905704131,1,1,exact_perturbation_label_intersection
frangieh_condition_oof,frangieh_melanoma_control,frangieh_melanoma_coculture,P2RX4,0.8906699194627666,0.6987314602427818,0.969985560512815,0.9347156321444335,0.19193845921998487,0.9682999859770391,1,1,exact_perturbation_label_intersection
frangieh_condition_oof,frangieh_melanoma_control,frangieh_melanoma_coculture,PABPC1,0.9186336688023157,0.961244049441025,0.813151110192599,0.7211714553895116,0.042610380638709366,0.7557687790905834,1,1,exact_perturbation_label_intersection
frangieh_condition_oof,frangieh_melanoma_control,frangieh_melanoma_coculture,PAICS,0.9931596752096543,0.9039676040392215,0.7524690550019334,0.8771914899952679,0.08919207117043282,0.9011225744446225,1,1,exact_perturbation_label_intersection
frangieh_condition_oof,frangieh_melanoma_control,frangieh_melanoma_coculture,PET100,0.9604381741676659,1.1135912013890024,0.9651091098091454,0.8149000022683549,0.1531530272213365,0.8871956565687211,1,1,exact_perturbation_label_intersection
frangieh_condition_oof,frangieh_melanoma_control,frangieh_melanoma_coculture,PFDN4,0.5731697956916457,0.9356576984917208,0.9139756052773079,0.6853812944783207,0.36248790280007503,0.8494086398763265,1,1,exact_perturbation_label_intersection
frangieh_condition_oof,frangieh_melanoma_control,frangieh_melanoma_coculture,PFN1,0.7936040632355043,0.8902745370213778,0.8705096445079062,0.7974597173314769,0.09667047378587357,0.8405413308604556,1,1,exact_perturbation_label_intersection
frangieh_condition_oof,frangieh_melanoma_control,frangieh_melanoma_coculture,PIK3IP1,0.6289413211855763,0.6865363423798818,0.978661812643287,0.9614700924323843,0.057595021194305485,0.8928834330065191,1,1,exact_perturbation_label_intersection
frangieh_condition_oof,frangieh_melanoma_control,frangieh_melanoma_coculture,POLD2,0.9479116429056202,0.9296652183512045,0.9037309531463786,0.7015013555140229,0.01824642455441572,1.0159490747484734,1,1,exact_perturbation_label_intersection
frangieh_condition_oof,frangieh_melanoma_control,frangieh_melanoma_coculture,PPA1,0.93257296588664,0.8802144488563052,0.6877976387385644,0.7789199721007679,0.052358517030334784,0.953064334874853,1,1,exact_perturbation_label_intersection
frangieh_condition_oof,frangieh_melanoma_control,frangieh_melanoma_coculture,PPIA,0.7605508136271302,0.8927510371626728,0.8005471701921967,0.8081075984505707,0.13220022353554262,0.8733584429744612,1,1,exact_perturbation_label_intersection
frangieh_condition_oof,frangieh_melanoma_control,frangieh_melanoma_coculture,PRELID3B,0.9170016707983232,0.9592355489262361,0.7806337915173786,0.8091249741119664,0.042233878127912905,1.0280821890615428,1,1,exact_perturbation_label_intersection
frangieh_condition_oof,frangieh_melanoma_control,frangieh_melanoma_coculture,PROS1,0.5409718162159967,0.8805002189096891,0.9437124980526354,0.9493728763997954,0.33952840269369244,0.961236741319325,1,1,exact_perturbation_label_intersection
frangieh_condition_oof,frangieh_melanoma_control,frangieh_melanoma_coculture,PSAP,0.5311568781670635,0.7878040813853087,0.8950825531434288,0.8419825318581736,0.2566472032182452,0.789186564651915,1,1,exact_perturbation_label_intersection
frangieh_condition_oof,frangieh_melanoma_control,frangieh_melanoma_coculture,PSMB8-AS1,0.7142792804666931,0.8096996521455415,0.9775638168527618,0.8202515387323427,0.09542037167884843,0.9823879776272565,1,1,exact_perturbation_label_intersection
frangieh_condition_oof,frangieh_melanoma_control,frangieh_melanoma_coculture,PTMA,1.086515905493593,0.9505627806346716,0.8277994867300135,0.8497864791236145,0.1359531248589213,0.681265188173082,1,1,exact_perturbation_label_intersection
frangieh_condition_oof,frangieh_melanoma_control,frangieh_melanoma_coculture,PUF60,0.9394276433486558,0.9944665004741812,0.777660675511537,0.6970066221499766,0.055038857125525364,0.9131725306514789,1,1,exact_perturbation_label_intersection
frangieh_condition_oof,frangieh_melanoma_control,frangieh_melanoma_coculture,PYGB,0.8161066201310414,0.8914767721119614,0.9162413187574109,0.8301653612530191,0.07537015198092001,0.946237773630809,1,1,exact_perturbation_label_intersection
frangieh_condition_oof,frangieh_melanoma_control,frangieh_melanoma_coculture,RAB27A,0.6913636478372938,0.6854333906119753,0.9309529865793292,0.8241924645635278,0.00593025722531848,0.8369189233321983,1,1,exact_perturbation_label_intersection
frangieh_condition_oof,frangieh_melanoma_control,frangieh_melanoma_coculture,RB1,0.6674333543127229,0.6522426381797269,0.9198469217806196,0.8972662421287673,0.01519071613299594,0.8061657920693036,1,1,exact_perturbation_label_intersection
frangieh_condition_oof,frangieh_melanoma_control,frangieh_melanoma_coculture,RBP7,0.7131686135345106,0.7761248712018562,0.980490952943147,0.9447832209751995,0.0629562576673457,0.8849073001983392,1,1,exact_perturbation_label_intersection
frangieh_condition_oof,frangieh_melanoma_control,frangieh_melanoma_coculture,RNASEH2A,0.8212044546204018,1.3055948899428833,0.9801122081246373,0.9362133883550126,0.4843904353224815,0.9152835888816677,1,1,exact_perturbation_label_intersection
frangieh_condition_oof,frangieh_melanoma_control,frangieh_melanoma_coculture,RNF213,0.5475617338545486,0.9919065921717961,0.9235111228048839,0.7889772715981066,0.44434485831724746,0.98899390961769,1,1,exact_perturbation_label_intersection
frangieh_condition_oof,frangieh_melanoma_control,frangieh_melanoma_coculture,ROMO1,1.1980962125048173,1.1141285415052065,0.8872099715503777,0.7685738353112234,0.08396767099961089,0.8365971546882158,1,1,exact_perturbation_label_intersection
frangieh_condition_oof,frangieh_melanoma_control,frangieh_melanoma_coculture,RPSA,0.9648906079272984,0.936743313468833,0.8003359101364668,0.7394643750218167,0.02814729445846542,0.930611160136574,1,1,exact_perturbation_label_intersection
frangieh_condition_oof,frangieh_melanoma_control,frangieh_melanoma_coculture,RRS1,0.834418802155798,0.8045652271667056,0.8017317735910333,0.8325654569426145,0.029853574989092357,0.8337535485531234,1,1,exact_perturbation_label_intersection
frangieh_condition_oof,frangieh_melanoma_control,frangieh_melanoma_coculture,RTP4,0.6115900894676327,0.8184478211838018,0.9764519680467209,0.941024623459108,0.20685773171616906,0.9011960593937189,1,1,exact_perturbation_label_intersection
frangieh_condition_oof,frangieh_melanoma_control,frangieh_melanoma_coculture,RUVBL2,0.8624068293582832,0.9754943895439464,0.8716475228594881,0.7797753483277635,0.11308756018566324,0.9508838774875719,1,1,exact_perturbation_label_intersection
frangieh_condition_oof,frangieh_melanoma_control,frangieh_melanoma_coculture,S100A6,0.75998642282695,0.9341421262489853,0.8507880593885598,0.7487466792708068,0.17415570342203535,0.8371245279859055,1,1,exact_perturbation_label_intersection
frangieh_condition_oof,frangieh_melanoma_control,frangieh_melanoma_coculture,S100B,0.7031273851570541,0.7769051680244039,0.9805084092871407,0.9613984380561061,0.07377778286734982,0.8785010422538571,1,1,exact_perturbation_label_intersection
frangieh_condition_oof,frangieh_melanoma_control,frangieh_melanoma_coculture,SAE1,0.8027157103810405,0.889790093609945,0.8568150420948856,0.8400371351520396,0.08707438322890448,0.880379626779715,1,1,exact_perturbation_label_intersection
frangieh_condition_oof,frangieh_melanoma_control,frangieh_melanoma_coculture,SAT1,0.6375421027492716,0.8159658647037867,0.8610006170777523,0.8217527656380809,0.17842376195451515,0.8665062236143293,1,1,exact_perturbation_label_intersection
frangieh_condition_oof,frangieh_melanoma_control,frangieh_melanoma_coculture,SCARB2,0.5637693583038699,0.7220988569751208,0.8981972527402952,0.8050747372185539,0.1583294986712509,0.8192922054650853,1,1,exact_perturbation_label_intersection
frangieh_condition_oof,frangieh_melanoma_control,frangieh_melanoma_coculture,SDC3,0.6894000550888814,0.7745710845249031,0.9692626010660809,0.900880537656728,0.08517102943602173,0.9701978868200043,1,1,exact_perturbation_label_intersection
frangieh_condition_oof,frangieh_melanoma_control,frangieh_melanoma_coculture,SDCBP,0.6743078131451077,0.9037435575068683,0.8084598139383594,0.7336644625151002,0.22943574436176062,0.9590194186821501,1,1,exact_perturbation_label_intersection
frangieh_condition_oof,frangieh_melanoma_control,frangieh_melanoma_coculture,SEC11C,0.687574391923945,0.8055800732057998,0.8847541225109946,0.8288875764434543,0.11800568128185485,0.8018762366160854,1,1,exact_perturbation_label_intersection
frangieh_condition_oof,frangieh_melanoma_control,frangieh_melanoma_coculture,SERPINA3,0.6110888831304692,0.7476823903519271,0.9795747389739814,0.9567155074800766,0.1365935072214579,0.9348450932323702,1,1,exact_perturbation_label_intersection
frangieh_condition_oof,frangieh_melanoma_control,frangieh_melanoma_coculture,SERPINE2,0.8006805560495256,0.8189894805425761,0.7384327763134277,0.7478270083411599,0.01830892449305055,0.8533290200436294,1,1,exact_perturbation_label_intersection
frangieh_condition_oof,frangieh_melanoma_control,frangieh_melanoma_coculture,SERPINF1,0.5986267113307774,0.9320897229987961,0.9827590419958531,0.9458510818202613,0.3334630116680187,0.9401058109168996,1,1,exact_perturbation_label_intersection
frangieh_condition_oof,frangieh_melanoma_control,frangieh_melanoma_coculture,SET,0.7730989469746781,0.9811804084512037,0.792565625186743,0.7956641285586109,0.20808146147652562,0.691415662926022,1,1,exact_perturbation_label_intersection
frangieh_condition_oof,frangieh_melanoma_control,frangieh_melanoma_coculture,SGK1,0.6748980570471828,0.8570776481536359,0.8634455193212095,0.7537511963255165,0.1821795911064531,0.9336631948582668,1,1,exact_perturbation_label_intersection
frangieh_condition_oof,frangieh_melanoma_control,frangieh_melanoma_coculture,SHMT2,0.8015161030536828,0.8970635073992445,0.9016779199039732,0.7605840964565531,0.09554740434556164,0.8997539393294786,1,1,exact_perturbation_label_intersection
frangieh_condition_oof,frangieh_melanoma_control,frangieh_melanoma_coculture,SINHCAF,0.8841630048342644,0.9540236404590259,0.8508026156003773,0.7466240024896188,0.06986063562476152,0.6877070724849914,1,1,exact_perturbation_label_intersection
frangieh_condition_oof,frangieh_melanoma_control,frangieh_melanoma_coculture,SLC19A1,0.7623417164455786,0.7091819699263358,0.9133284789880305,0.8473323249553838,0.05315974651924282,0.9003843179969742,1,1,exact_perturbation_label_intersection
frangieh_condition_oof,frangieh_melanoma_control,frangieh_melanoma_coculture,SLC22A18,0.5822319493673638,0.7956318485529592,0.9517054807766656,0.9012333511262015,0.21339989918559543,0.8801707285426967,1,1,exact_perturbation_label_intersection
frangieh_condition_oof,frangieh_melanoma_control,frangieh_melanoma_coculture,SLC25A13,0.6757795865388707,0.739766473248758,0.8726555076310025,0.7966822705930413,0.06398688670988728,0.8650310134348271,1,1,exact_perturbation_label_intersection
frangieh_condition_oof,frangieh_melanoma_control,frangieh_melanoma_coculture,SLC26A2,0.6220471157472667,0.8264722767205553,0.8728126093693689,0.9146361749840516,0.20442516097328867,0.9194131362664016,1,1,exact_perturbation_label_intersection
frangieh_condition_oof,frangieh_melanoma_control,frangieh_melanoma_coculture,SLC5A3,0.6004471504603361,0.866001506595889,0.8833970266144194,0.9113368290225772,0.2655543561355529,0.9648301825065316,1,1,exact_perturbation_label_intersection
frangieh_condition_oof,frangieh_melanoma_control,frangieh_melanoma_coculture,SLC7A5P1,0.663335977838879,0.8551571142497965,0.9822771006295051,0.9575219428605863,0.19182113641091747,0.927584083854702,1,1,exact_perturbation_label_intersection
frangieh_condition_oof,frangieh_melanoma_control,frangieh_melanoma_coculture,SLIRP,0.7756235824447753,0.7487260791113641,0.7549486059946421,0.7635552230434847,0.02689750333341112,0.525294405524001,1,1,exact_perturbation_label_intersection
frangieh_condition_oof,frangieh_melanoma_control,frangieh_melanoma_coculture,SMAD3,0.5596295081511229,0.8004651092739238,0.9141088947898793,0.8278913080361588,0.2408356011228009,0.8365563954577782,1,1,exact_perturbation_label_intersection
frangieh_condition_oof,frangieh_melanoma_control,frangieh_melanoma_coculture,SMAD4,0.7894733429969986,1.0436197872635025,0.8933763357055712,0.8850295522733024,0.2541464442665039,0.8311967325871632,1,1,exact_perturbation_label_intersection
frangieh_condition_oof,frangieh_melanoma_control,frangieh_melanoma_coculture,SNHG6,0.6482969880591702,0.6959424204942036,0.9800023353920458,0.9478412669035569,0.047645432435033386,0.9201081351990704,1,1,exact_perturbation_label_intersection
frangieh_condition_oof,frangieh_melanoma_control,frangieh_melanoma_coculture,SNRPE,1.0081823623725346,0.9568652261490852,0.8160738474002919,0.8935916949899392,0.051317136223449356,0.994932803026611,1,1,exact_perturbation_label_intersection
frangieh_condition_oof,frangieh_melanoma_control,frangieh_melanoma_coculture,SNRPF,1.007128773646169,0.85124279136003,0.8205623896898543,0.8483632623829367,0.15588598228613892,1.0089245688630124,1,1,exact_perturbation_label_intersection
frangieh_condition_oof,frangieh_melanoma_control,frangieh_melanoma_coculture,SNRPG,0.9586244317052,0.9194666030455012,0.8198209640165263,0.7595003549068821,0.039157828659698746,0.974476131788464,1,1,exact_perturbation_label_intersection
frangieh_condition_oof,frangieh_melanoma_control,frangieh_melanoma_coculture,SOX4,0.7346524509784852,0.7634692017275451,0.8783921055808236,0.7703255275212905,0.028816750749059872,0.8586924543054341,1,1,exact_perturbation_label_intersection
frangieh_condition_oof,frangieh_melanoma_control,frangieh_melanoma_coculture,SP100,0.6667988138452757,0.7419749480301767,0.836232569456289,0.7802256615514094,0.07517613418490099,0.7758702770856976,1,1,exact_perturbation_label_intersection
frangieh_condition_oof,frangieh_melanoma_control,frangieh_melanoma_coculture,SPESP1,0.6301516388634472,0.7225683432640145,0.8257768620238018,0.8918334805964196,0.09241670440056737,0.8514338792198547,1,1,exact_perturbation_label_intersection
frangieh_condition_oof,frangieh_melanoma_control,frangieh_melanoma_coculture,SPINT1,0.720781870234784,0.835859992209668,0.9809791318515374,0.9551889318431307,0.11507812197488398,0.9843814913187096,1,1,exact_perturbation_label_intersection
frangieh_condition_oof,frangieh_melanoma_control,frangieh_melanoma_coculture,SSR2,0.8032319372659249,1.0203958137619946,0.8347041594331296,0.7431824522384809,0.21716387649606972,0.8359221010352121,1,1,exact_perturbation_label_intersection
frangieh_condition_oof,frangieh_melanoma_control,frangieh_melanoma_coculture,ST3GAL6-AS1,0.7091646207630968,0.7914495415281437,0.9782975137367985,0.9571615968487563,0.0822849207650469,0.9521337601183723,1,1,exact_perturbation_label_intersection
frangieh_condition_oof,frangieh_melanoma_control,frangieh_melanoma_coculture,ST6GALNAC2,0.633267166931373,0.9685035292559006,0.9803569206173618,0.9567968898077784,0.3352363623245276,0.9926067297671626,1,1,exact_perturbation_label_intersection
frangieh_condition_oof,frangieh_melanoma_control,frangieh_melanoma_coculture,STAT1,0.6870559413655978,0.7613261742713614,0.8958349917523304,0.7477836786340785,0.07427023290576362,0.8657063571990935,1,1,exact_perturbation_label_intersection
frangieh_condition_oof,frangieh_melanoma_control,frangieh_melanoma_coculture,STAT3,0.6159534418469406,0.9109603117439276,0.9071420406118441,0.9198997546437996,0.295006869896987,0.8150628757749389,1,1,exact_perturbation_label_intersection
frangieh_condition_oof,frangieh_melanoma_control,frangieh_melanoma_coculture,STOM,0.6969112704789161,0.7736607154492594,0.9418961203217409,0.8692204259384861,0.0767494449703433,0.9348728680015089,1,1,exact_perturbation_label_intersection
frangieh_condition_oof,frangieh_melanoma_control,frangieh_melanoma_coculture,STX7,0.651443004005871,0.8077897912937199,0.8827511941163295,0.8564006547156718,0.1563467872878489,0.9022320477737926,1,1,exact_perturbation_label_intersection
frangieh_condition_oof,frangieh_melanoma_control,frangieh_melanoma_coculture,TAPBP,0.5109880969487275,1.0056636879528733,0.8923989647645582,0.7875566599590563,0.4946755910041458,0.9498525839361962,1,1,exact_perturbation_label_intersection
frangieh_condition_oof,frangieh_melanoma_control,frangieh_melanoma_coculture,TAPBPL,0.5302889629370952,0.8515840234174684,0.9755341312779239,0.9067604304989875,0.32129506048037326,0.863753075031239,1,1,exact_perturbation_label_intersection
frangieh_condition_oof,frangieh_melanoma_control,frangieh_melanoma_coculture,TFAP2A,0.6857540588224241,0.8025400479838594,0.8476444074385814,0.8776116391137186,0.11678598916143523,0.868029959049035,1,1,exact_perturbation_label_intersection
frangieh_condition_oof,frangieh_melanoma_control,frangieh_melanoma_coculture,TGFB1,0.6277375772043745,0.8013061246059863,0.7567742933926982,0.8410352748523583,0.17356854740161176,0.9121677172800007,1,1,exact_perturbation_label_intersection
frangieh_condition_oof,frangieh_melanoma_control,frangieh_melanoma_coculture,TIMM50,0.6953503804872301,0.9165861074971968,0.7785046954459308,0.7933443897146345,0.22123572700996674,0.9408492120631171,1,1,exact_perturbation_label_intersection
frangieh_condition_oof,frangieh_melanoma_control,frangieh_melanoma_coculture,TIMP1,0.6310681666288052,0.7695551329666117,0.7896185736911896,0.7791048954826577,0.13848696633780655,0.8164805268594798,1,1,exact_perturbation_label_intersection
frangieh_condition_oof,frangieh_melanoma_control,frangieh_melanoma_coculture,TIMP2,0.85278569496618,0.9445194730583162,0.8155343843947372,0.6884805652954405,0.09173377809213623,0.9179776104946523,1,1,exact_perturbation_label_intersection
frangieh_condition_oof,frangieh_melanoma_control,frangieh_melanoma_coculture,TIMP3,0.8493377170976321,0.8635544160407852,0.6641454510212786,0.766123935252193,0.014216698943153139,0.9256778293583097,1,1,exact_perturbation_label_intersection
frangieh_condition_oof,frangieh_melanoma_control,frangieh_melanoma_coculture,TM4SF1,0.6488933552617275,0.835367688719542,0.8198146081728113,0.7779054556135924,0.1864743334578145,0.8339613900849314,1,1,exact_perturbation_label_intersection
frangieh_condition_oof,frangieh_melanoma_control,frangieh_melanoma_coculture,TMED10,1.1326636540688946,1.1477860786225327,0.8558019057293992,0.7764486593585002,0.015122424553638103,0.6866630739846391,1,1,exact_perturbation_label_intersection
frangieh_condition_oof,frangieh_melanoma_control,frangieh_melanoma_coculture,TMEM173,0.6524325879815048,0.6580795406379042,0.9619834641764001,0.8926976449789003,0.005646952656399362,0.8326536737359903,1,1,exact_perturbation_label_intersection
frangieh_condition_oof,frangieh_melanoma_control,frangieh_melanoma_coculture,TOP1MT,0.7155961235871492,0.908621101126879,0.9058336811556224,0.8401107418723242,0.1930249775397298,0.8544813138302033,1,1,exact_perturbation_label_intersection
frangieh_condition_oof,frangieh_melanoma_control,frangieh_melanoma_coculture,TP53,0.7459649407873444,0.6788123868410774,0.9645592634767132,0.8980421484885169,0.06715255394626707,0.8763278317931015,1,1,exact_perturbation_label_intersection
frangieh_condition_oof,frangieh_melanoma_control,frangieh_melanoma_coculture,TPP1,0.743377494890038,0.8519208111348437,0.9522319071304531,0.9424688184626572,0.10854331624480573,0.920095840987493,1,1,exact_perturbation_label_intersection
frangieh_condition_oof,frangieh_melanoma_control,frangieh_melanoma_coculture,TPRKB,1.2858583428768535,1.085829201958725,0.7809362603390211,0.7601512405854338,0.2000291409181285,0.6515906314617295,1,1,exact_perturbation_label_intersection
frangieh_condition_oof,frangieh_melanoma_control,frangieh_melanoma_coculture,TRIM22,0.7040932560578936,0.8167435118342965,0.9821776220918862,0.8976484933700655,0.11265025577640286,0.9085031426645416,1,1,exact_perturbation_label_intersection
frangieh_condition_oof,frangieh_melanoma_control,frangieh_melanoma_coculture,TSC22D3,0.6923978558298411,0.756908230651752,0.9381862893464011,0.9298334710511011,0.0645103748219108,0.9457950775233243,1,1,exact_perturbation_label_intersection
frangieh_condition_oof,frangieh_melanoma_control,frangieh_melanoma_coculture,TTLL1,0.6148898213376839,0.7221170654920446,0.9801696893208863,0.9356155616167521,0.10722724415436069,0.8975037645499178,1,1,exact_perturbation_label_intersection
frangieh_condition_oof,frangieh_melanoma_control,frangieh_melanoma_coculture,TXNDC17,0.5449423285426143,0.9524681076544091,0.8657972376914337,0.7857492359843349,0.4075257791117949,0.5863740020371363,1,1,exact_perturbation_label_intersection
frangieh_condition_oof,frangieh_melanoma_control,frangieh_melanoma_coculture,TYR,0.6874166365252246,0.7734409490209866,0.9808900016581732,0.9575219428605863,0.08602431249576203,0.9546746348251406,1,1,exact_perturbation_label_intersection
frangieh_condition_oof,frangieh_melanoma_control,frangieh_melanoma_coculture,UBA52,1.0048151805295022,1.0230674658492054,0.8507796502464139,0.7711112083272343,0.018252285319703132,1.0040965182039232,1,1,exact_perturbation_label_intersection
frangieh_condition_oof,frangieh_melanoma_control,frangieh_melanoma_coculture,UBC,0.8356113554714413,0.9400977732023557,0.8148818031599764,0.7121218418375861,0.10448641773091438,0.9612737245086993,1,1,exact_perturbation_label_intersection
frangieh_condition_oof,frangieh_melanoma_control,frangieh_melanoma_coculture,UCN2,0.7029871892039462,0.6835699233502701,0.9421942144588429,0.9508438107404453,0.01941726585367609,0.9125395156578043,1,1,exact_perturbation_label_intersection
frangieh_condition_oof,frangieh_melanoma_control,frangieh_melanoma_coculture,UQCRFS1,1.0408741767366567,1.0125953639857062,0.9176306713289613,0.7524358226144482,0.028278812750950566,0.937791484500195,1,1,exact_perturbation_label_intersection
frangieh_condition_oof,frangieh_melanoma_control,frangieh_melanoma_coculture,UQCRH,0.9741751550203386,0.8873733462800427,0.8153443168677272,0.8184186303673657,0.08680180874029586,0.945361372130145,1,1,exact_perturbation_label_intersection
frangieh_condition_oof,frangieh_melanoma_control,frangieh_melanoma_coculture,VAT1,0.6215059343261335,0.9414388344576861,0.7254706111419212,0.6863126913479899,0.3199329001315525,0.9279567324951343,1,1,exact_perturbation_label_intersection
frangieh_condition_oof,frangieh_melanoma_control,frangieh_melanoma_coculture,VDAC2,0.7083172838307544,0.7798406554600152,0.8275810803889049,0.7684489100215375,0.07152337162926081,0.9887178548105565,1,1,exact_perturbation_label_intersection
frangieh_condition_oof,frangieh_melanoma_control,frangieh_melanoma_coculture,WBP2,0.6881975865234662,0.8145419421418302,0.9058522254191964,0.7198961048274607,0.126344355618364,0.8616068320006625,1,1,exact_perturbation_label_intersection
frangieh_condition_oof,frangieh_melanoma_control,frangieh_melanoma_coculture,WNT7A,0.6126112761288932,0.85303660261894,0.9796141937948611,0.9614975928232087,0.24042532649004678,0.951977472896359,1,1,exact_perturbation_label_intersection
frangieh_condition_oof,frangieh_melanoma_control,frangieh_melanoma_coculture,XAGE1A,0.6788911079812865,0.770793451270864,0.9812374072635263,0.9538969125459341,0.09190234328957747,0.8774729740248777,1,1,exact_perturbation_label_intersection
frangieh_condition_oof,frangieh_melanoma_control,frangieh_melanoma_ifng,A2M,0.695474387616834,0.38462070828522366,0.9786820772059723,0.9808779757956154,0.31085367933161034,0.7330211200737582,1,1,exact_perturbation_label_intersection
frangieh_condition_oof,frangieh_melanoma_control,frangieh_melanoma_ifng,ACSL3,1.030402016404048,1.0532842410139898,0.7763405404302807,0.889563045614513,0.022882224609941826,0.7571701738302044,1,1,exact_perturbation_label_intersection
frangieh_condition_oof,frangieh_melanoma_control,frangieh_melanoma_ifng,ACTA2,0.5455296344333287,0.43504679845254113,0.974695503763345,0.9746669379224167,0.11048283598078756,0.5777818334120328,1,1,exact_perturbation_label_intersection
frangieh_condition_oof,frangieh_melanoma_control,frangieh_melanoma_ifng,AEBP1,0.6001235198370816,0.4919757571188843,0.9294010348102905,0.920288245449664,0.10814776271819726,0.5720614120610696,1,1,exact_perturbation_label_intersection
frangieh_condition_oof,frangieh_melanoma_control,frangieh_melanoma_ifng,AGA,0.7423953989789284,0.54763612342343,0.9328260722948486,0.8725351865765396,0.19475927555549832,0.8075899264947122,1,1,exact_perturbation_label_intersection
frangieh_condition_oof,frangieh_melanoma_control,frangieh_melanoma_ifng,AHCY,1.1956403617709297,0.9397513271410513,0.8116119858203805,0.8265582043842493,0.25588903462987844,0.627003268022339,1,1,exact_perturbation_label_intersection
frangieh_condition_oof,frangieh_melanoma_control,frangieh_melanoma_ifng,AHNAK,0.6592344835803465,0.6655410535093902,0.8459792046941564,0.7386861526672739,0.006306569929043659,0.7422485646395387,1,1,exact_perturbation_label_intersection
frangieh_condition_oof,frangieh_melanoma_control,frangieh_melanoma_ifng,APOC2,0.5210522517407854,0.45950239824007977,0.9808900016581732,0.9771442004541848,0.06154985350070563,0.7431475300211284,1,1,exact_perturbation_label_intersection
frangieh_condition_oof,frangieh_melanoma_control,frangieh_melanoma_ifng,APOD,0.87009430009594,0.5856537170781542,0.9826268525029626,0.984799784505423,0.28444058301778585,0.7784805978274986,1,1,exact_perturbation_label_intersection
frangieh_condition_oof,frangieh_melanoma_control,frangieh_melanoma_ifng,APOE,0.6695774343954559,0.42630290779643165,0.9221779676981349,0.962600747554145,0.24327452659902427,0.7413083146698078,1,1,exact_perturbation_label_intersection
frangieh_condition_oof,frangieh_melanoma_control,frangieh_melanoma_ifng,ARMC6,0.6323766219882373,0.5001331974263401,0.957219079016239,0.9410860132821538,0.1322434245618972,0.8164048938366022,1,1,exact_perturbation_label_intersection
frangieh_condition_oof,frangieh_melanoma_control,frangieh_melanoma_ifng,ATP1A1,0.9139230252967334,0.7892991726645219,0.7484055468134133,0.8783404111451616,0.12462385263221154,0.9346331855078909,1,1,exact_perturbation_label_intersection
frangieh_condition_oof,frangieh_melanoma_control,frangieh_melanoma_ifng,ATP1B1,0.5523731927520275,0.5052569648968132,0.8552546453465474,0.901375994739949,0.0471162278552143,0.6789576515362596,1,1,exact_perturbation_label_intersection
frangieh_condition_oof,frangieh_melanoma_control,frangieh_melanoma_ifng,ATP5MD,0.6118433790865927,0.701290152975443,0.8872786557542757,0.8441554349729321,0.08944677388885025,0.7827683023862474,1,1,exact_perturbation_label_intersection
frangieh_condition_oof,frangieh_melanoma_control,frangieh_melanoma_ifng,B2M,0.867038445706225,0.6241402554898199,0.8564150083309251,0.9113359304541543,0.24289819021640513,0.5717502445920633,1,1,exact_perturbation_label_intersection
frangieh_condition_oof,frangieh_melanoma_control,frangieh_melanoma_ifng,BOLA2,0.7843101522664123,0.5158989977991422,0.9812220998296377,0.9779761705994036,0.26841115446727015,0.807471466043808,1,1,exact_perturbation_label_intersection
frangieh_condition_oof,frangieh_melanoma_control,frangieh_melanoma_ifng,BOLA2B,0.8688239455774978,0.723949345426042,0.9741903329704208,0.9714355175348062,0.1448746001514558,0.8081688896628639,1,1,exact_perturbation_label_intersection
frangieh_condition_oof,frangieh_melanoma_control,frangieh_melanoma_ifng,BZW2,0.8188619834701767,0.7130665145293671,0.8115129127841322,0.804123290144862,0.1057954689408096,0.7832329312425407,1,1,exact_perturbation_label_intersection
frangieh_condition_oof,frangieh_melanoma_control,frangieh_melanoma_ifng,C19orf48,0.7430257411915655,0.6613632514015306,0.9029936275769432,0.8980686562384325,0.08166248979003488,0.7911916204230263,1,1,exact_perturbation_label_intersection
frangieh_condition_oof,frangieh_melanoma_control,frangieh_melanoma_ifng,C1QBP,0.6934158139050599,0.939218577879821,0.8484839753961189,0.8825616924203507,0.24580276397476108,0.6606947360782145,1,1,exact_perturbation_label_intersection
frangieh_condition_oof,frangieh_melanoma_control,frangieh_melanoma_ifng,C6orf226,0.5843625942901585,0.6529146431566706,0.9322975108920263,0.9455598914979279,0.06855204886651212,0.8282332396921818,1,1,exact_perturbation_label_intersection
frangieh_condition_oof,frangieh_melanoma_control,frangieh_melanoma_ifng,CCND1,0.9330833075381577,0.9040005805395204,0.7118491976130058,0.7768780257762119,0.029082726998637343,0.42144540662215313,1,1,exact_perturbation_label_intersection
frangieh_condition_oof,frangieh_melanoma_control,frangieh_melanoma_ifng,CCND2,0.6477828472966818,0.538456108512394,0.9811844225855828,0.9795792147407635,0.10932673878428778,0.7182977388675011,1,1,exact_perturbation_label_intersection
frangieh_condition_oof,frangieh_melanoma_control,frangieh_melanoma_ifng,CCR10,0.5972720742837361,0.4917389547106642,0.9795433790283057,0.9794153540281507,0.10553311957307188,0.7167148909668601,1,1,exact_perturbation_label_intersection
frangieh_condition_oof,frangieh_melanoma_control,frangieh_melanoma_ifng,CCT3,0.9238503686762962,0.8614634319163001,0.854799147716522,0.8574665471232317,0.06238693675999607,1.0369735567451472,1,1,exact_perturbation_label_intersection
frangieh_condition_oof,frangieh_melanoma_control,frangieh_melanoma_ifng,CCT6A,0.9514144798813612,0.9267785102323378,0.8757629298687779,0.8465119224419184,0.02463596964902337,0.9776104532471865,1,1,exact_perturbation_label_intersection
frangieh_condition_oof,frangieh_melanoma_control,frangieh_melanoma_ifng,CD151,0.6207658394178278,0.5842090321719433,0.7846584010854567,0.9536484080882013,0.036556807245884504,0.7962703973905576,1,1,exact_perturbation_label_intersection
frangieh_condition_oof,frangieh_melanoma_control,frangieh_melanoma_ifng,CD274,0.5959581777207955,0.585378068472197,0.9335011059776049,0.8783831358198363,0.010580109248598535,0.8152972047055014,1,1,exact_perturbation_label_intersection
frangieh_condition_oof,frangieh_melanoma_control,frangieh_melanoma_ifng,CD44,0.6232668688190447,0.7258869684647127,0.8580050533252201,0.8855821857797604,0.10262009964566798,0.7670192051580478,1,1,exact_perturbation_label_intersection
frangieh_condition_oof,frangieh_melanoma_control,frangieh_melanoma_ifng,CD47,0.7168060664965619,0.6147481645117654,0.8756076552690608,0.8412504268546219,0.10205790198479647,0.829021449870436,1,1,exact_perturbation_label_intersection
frangieh_condition_oof,frangieh_melanoma_control,frangieh_melanoma_ifng,CD58,0.46397352122136604,0.6135336556975245,0.9534348044784883,0.8903193081061569,0.14956013447615846,0.7086024825933928,1,1,exact_perturbation_label_intersection
frangieh_condition_oof,frangieh_melanoma_control,frangieh_melanoma_ifng,CD59,0.5841532836435785,0.7203453599727996,0.8437137226718052,0.8694130273792116,0.13619207632922103,0.7397435160264623,1,1,exact_perturbation_label_intersection
frangieh_condition_oof,frangieh_melanoma_control,frangieh_melanoma_ifng,CD63,0.7856890429393968,0.8513391455285606,0.7732667209344483,0.8705730181130572,0.06565010258916382,0.7045842371789317,1,1,exact_perturbation_label_intersection
frangieh_condition_oof,frangieh_melanoma_control,frangieh_melanoma_ifng,CDC123,0.8109927753550772,0.811169912931075,0.8524232372674193,0.9089740129906656,0.0001771375759977989,0.8897181891261357,1,1,exact_perturbation_label_intersection
frangieh_condition_oof,frangieh_melanoma_control,frangieh_melanoma_ifng,CDH19,0.5598205496736681,0.47117114334116206,0.9812102532542188,0.9794991809666782,0.08864940633250606,0.7176142728887932,1,1,exact_perturbation_label_intersection
frangieh_condition_oof,frangieh_melanoma_control,frangieh_melanoma_ifng,CDK4,0.8416111649206022,0.5831923482927128,0.9467327419755674,0.8756272040031381,0.25841881662788935,0.9610065196528855,1,1,exact_perturbation_label_intersection
frangieh_condition_oof,frangieh_melanoma_control,frangieh_melanoma_ifng,CDK6,0.9285080335484118,0.8245521952575248,0.7826020422441194,0.8019169362427007,0.10395583829088706,0.5697566699989383,1,1,exact_perturbation_label_intersection
frangieh_condition_oof,frangieh_melanoma_control,frangieh_melanoma_ifng,CDKN1A,0.4531160569886411,0.4180269260236258,0.928923130548115,0.9182840041111585,0.035089130965015314,0.4246222713757122,1,1,exact_perturbation_label_intersection
frangieh_condition_oof,frangieh_melanoma_control,frangieh_melanoma_ifng,CDKN2A,0.6298349042874163,0.7744791107615215,0.8647445184754363,0.8321054769382813,0.14464420647410525,0.7471363574620832,1,1,exact_perturbation_label_intersection
frangieh_condition_oof,frangieh_melanoma_control,frangieh_melanoma_ifng,CDKN2B,0.600933087165785,0.4389592941364351,0.9507790828149759,0.9287134812371103,0.1619737930293499,0.5798218717127424,1,1,exact_perturbation_label_intersection
frangieh_condition_oof,frangieh_melanoma_control,frangieh_melanoma_ifng,CGAS,0.6140914892091496,0.5717145424278405,0.9556943858537799,0.8324762812188342,0.0423769467813091,0.8188352515734441,1,1,exact_perturbation_label_intersection
frangieh_condition_oof,frangieh_melanoma_control,frangieh_melanoma_ifng,CHCHD2,0.5964650760891044,0.7478596768225214,0.9100200088141857,0.8057010288456118,0.15139460073341704,0.7290792837554694,1,1,exact_perturbation_label_intersection
frangieh_condition_oof,frangieh_melanoma_control,frangieh_melanoma_ifng,CITED1,0.4904152849102853,0.48437713594257026,0.978826267316676,0.9768315968014782,0.00603814896771504,0.6967896871124463,1,1,exact_perturbation_label_intersection
frangieh_condition_oof,frangieh_melanoma_control,frangieh_melanoma_ifng,CKS1B,0.8628711159242446,0.8259198001415957,0.7223123506989517,0.723460166565308,0.036951315782648875,0.8073037024865811,1,1,exact_perturbation_label_intersection
frangieh_condition_oof,frangieh_melanoma_control,frangieh_melanoma_ifng,CMSS1,0.6513597587370059,0.6051158633373478,0.90792570443394,0.8887204615785501,0.04624389539965812,0.7421688999538676,1,1,exact_perturbation_label_intersection
frangieh_condition_oof,frangieh_melanoma_control,frangieh_melanoma_ifng,CORO1A,0.6959086723141394,0.6054401548396251,0.9689606620130552,0.973140475305284,0.09046851747451434,0.8356901655941948,1,1,exact_perturbation_label_intersection
frangieh_condition_oof,frangieh_melanoma_control,frangieh_melanoma_ifng,CSPG4,0.5875653733020483,0.6323497231712943,0.980809768409213,0.9716397802422744,0.044784349869246065,0.7928312896595202,1,1,exact_perturbation_label_intersection
frangieh_condition_oof,frangieh_melanoma_control,frangieh_melanoma_ifng,CST3,0.7436370455629222,0.7765897365506802,0.8797324474952356,0.8712817895758546,0.03295269098775799,0.8794656978663493,1,1,exact_perturbation_label_intersection
frangieh_condition_oof,frangieh_melanoma_control,frangieh_melanoma_ifng,CTPS1,1.0978031882976662,1.1014005139465328,0.6897898336630476,0.8444422982659057,0.0035973256488666117,0.610036580598111,1,1,exact_perturbation_label_intersection
frangieh_condition_oof,frangieh_melanoma_control,frangieh_melanoma_ifng,CTSA,0.7252126974515134,0.779309443612265,0.7774341635600553,0.7762356553424575,0.05409674616075155,0.8395704018960795,1,1,exact_perturbation_label_intersection
frangieh_condition_oof,frangieh_melanoma_control,frangieh_melanoma_ifng,CTSB,0.7117471197705758,0.498847782162426,0.8373852351266305,0.8750128509187781,0.21289933760814983,0.7377513397679654,1,1,exact_perturbation_label_intersection
frangieh_condition_oof,frangieh_melanoma_control,frangieh_melanoma_ifng,CTSD,0.5900190955360901,0.5440037073158461,0.7374152562293271,0.897826061824194,0.04601538822024398,0.6377548956283026,1,1,exact_perturbation_label_intersection
frangieh_condition_oof,frangieh_melanoma_control,frangieh_melanoma_ifng,CTSL,0.8763338809316379,0.8241335545498334,0.769331245652164,0.8829478740483617,0.052200326381804496,0.7227763296343979,1,1,exact_perturbation_label_intersection
frangieh_condition_oof,frangieh_melanoma_control,frangieh_melanoma_ifng,CTSO,0.6245396917488092,0.4312116208023412,0.969576336786984,0.9586355320861458,0.19332807094646798,0.8550898011026572,1,1,exact_perturbation_label_intersection
frangieh_condition_oof,frangieh_melanoma_control,frangieh_melanoma_ifng,CXCR4,0.5270329470095498,0.5381572334085993,0.9786444500078081,0.9717564662407647,0.011124286399049499,0.7802053902514839,1,1,exact_perturbation_label_intersection
frangieh_condition_oof,frangieh_melanoma_control,frangieh_melanoma_ifng,CYP27A1,0.540919283532652,0.6144402795247568,0.978145220226608,0.970692835801832,0.07352099599210482,0.8315748262680451,1,1,exact_perturbation_label_intersection
frangieh_condition_oof,frangieh_melanoma_control,frangieh_melanoma_ifng,DAG1,0.706616838926321,0.7590285308313673,0.9507938354759449,0.8761067196177842,0.052411691905046354,0.8917748746131159,1,1,exact_perturbation_label_intersection
frangieh_condition_oof,frangieh_melanoma_control,frangieh_melanoma_ifng,DDR1,0.743604758555382,0.4734669996018356,0.9273597930519951,0.9328083461056594,0.2701377589535464,0.794730082923395,1,1,exact_perturbation_label_intersection
frangieh_condition_oof,frangieh_melanoma_control,frangieh_melanoma_ifng,DDX17,0.639873306306849,0.643365110155764,0.8529917190675067,0.8188071347753522,0.0034918038489150094,0.6600882694632957,1,1,exact_perturbation_label_intersection
frangieh_condition_oof,frangieh_melanoma_control,frangieh_melanoma_ifng,DDX39A,0.6883945182530076,0.8439768374743938,0.9005408327855577,0.7176295901358505,0.1555823192213862,0.8157144670791593,1,1,exact_perturbation_label_intersection
frangieh_condition_oof,frangieh_melanoma_control,frangieh_melanoma_ifng,DLL3,0.5924723150379051,0.5276430507408236,0.8609879643384467,0.9482095059583995,0.06482926429708147,0.8538972908219379,1,1,exact_perturbation_label_intersection
frangieh_condition_oof,frangieh_melanoma_control,frangieh_melanoma_ifng,DNAJC9,1.0081033775866548,0.9750044384807541,0.9100334691130278,0.9162122506262144,0.03309893910590067,0.9740525127633599,1,1,exact_perturbation_label_intersection
frangieh_condition_oof,frangieh_melanoma_control,frangieh_melanoma_ifng,DNMT1,0.9431738635989715,0.8593409537976264,0.8656146074489145,0.8343372927361717,0.08383290980134506,0.9386610033827429,1,1,exact_perturbation_label_intersection
frangieh_condition_oof,frangieh_melanoma_control,frangieh_melanoma_ifng,E2F1,0.839468646610809,0.5327411218484961,0.9656775379897157,0.9139220425736827,0.3067275247623129,0.858393145220896,1,1,exact_perturbation_label_intersection
frangieh_condition_oof,frangieh_melanoma_control,frangieh_melanoma_ifng,EEA1,0.637685323028276,0.6034375071940362,0.912654020814868,0.902760903282264,0.03424781583423975,0.8018800179304244,1,1,exact_perturbation_label_intersection
frangieh_condition_oof,frangieh_melanoma_control,frangieh_melanoma_ifng,EEF1G,1.1112183236412432,1.145517714603985,0.9729181720067204,0.9752196431723479,0.034299390962741816,0.8476559161652667,1,1,exact_perturbation_label_intersection
frangieh_condition_oof,frangieh_melanoma_control,frangieh_melanoma_ifng,EIF2S3,0.7583214577711943,1.0722912661475574,0.8762108689926467,0.873781308276369,0.3139698083763631,1.0287239962393289,1,1,exact_perturbation_label_intersection
frangieh_condition_oof,frangieh_melanoma_control,frangieh_melanoma_ifng,EIF3K,0.625060585354116,0.7763500536943115,0.8590773404594233,0.8616032043994517,0.15128946834019552,0.5282331264065512,1,1,exact_perturbation_label_intersection
frangieh_condition_oof,frangieh_melanoma_control,frangieh_melanoma_ifng,EIF4A1,0.8879834504668439,0.9948958600542066,0.7642458163692075,0.8550308315305887,0.1069124095873627,0.8043492158041284,1,1,exact_perturbation_label_intersection
frangieh_condition_oof,frangieh_melanoma_control,frangieh_melanoma_ifng,EMP1,0.47333086298249516,0.5285839111026494,0.9741973819594335,0.9481009685986201,0.05525304812015419,0.6730253959318184,1,1,exact_perturbation_label_intersection
frangieh_condition_oof,frangieh_melanoma_control,frangieh_melanoma_ifng,ENPP1,0.5012221512413217,0.5842192560763,0.9635675410348696,0.960299325256179,0.08299710483497824,0.8188696989992983,1,1,exact_perturbation_label_intersection
frangieh_condition_oof,frangieh_melanoma_control,frangieh_melanoma_ifng,EVA1A,0.6829554345864057,0.8430178851609693,0.8271143539931821,0.8139669491459446,0.1600624505745636,0.8466269259816885,1,1,exact_perturbation_label_intersection
frangieh_condition_oof,frangieh_melanoma_control,frangieh_melanoma_ifng,FARSA,0.8390807863180203,1.1833626255822964,0.8820343502065636,0.9576764596959656,0.34428183926427613,1.0193521404512802,1,1,exact_perturbation_label_intersection
frangieh_condition_oof,frangieh_melanoma_control,frangieh_melanoma_ifng,FBL,0.8496753844362952,0.8259972309920498,0.8509245507767428,0.8093869071781166,0.023678153444245398,0.9393729177872435,1,1,exact_perturbation_label_intersection
frangieh_condition_oof,frangieh_melanoma_control,frangieh_melanoma_ifng,FBXO32,0.6070781825755485,0.5027657466090409,0.7573499682337705,0.8739897684974428,0.10431243596650752,0.633659539788014,1,1,exact_perturbation_label_intersection
frangieh_condition_oof,frangieh_melanoma_control,frangieh_melanoma_ifng,FGFR1,0.724990352365402,0.5469372941379049,0.8205943016239883,0.9384004337778538,0.17805305822749706,0.8146313616705297,1,1,exact_perturbation_label_intersection
frangieh_condition_oof,frangieh_melanoma_control,frangieh_melanoma_ifng,FKBP4,0.8372979057970472,0.7327131365586763,0.800912822612109,0.7808998904313421,0.1045847692383709,0.8472041604318271,1,1,exact_perturbation_label_intersection
frangieh_condition_oof,frangieh_melanoma_control,frangieh_melanoma_ifng,FMN1,0.5063259152288233,0.7399153937534115,0.9315768783244162,0.9330108253063797,0.23358947852458822,0.8675441154139718,1,1,exact_perturbation_label_intersection
frangieh_condition_oof,frangieh_melanoma_control,frangieh_melanoma_ifng,FOS,0.6961284714188878,0.5382757954239199,0.9705581926960442,0.9790384149839843,0.15785267599496788,0.8527280300855922,1,1,exact_perturbation_label_intersection
frangieh_condition_oof,frangieh_melanoma_control,frangieh_melanoma_ifng,FOXM1,0.8871955220052052,0.8129470437851074,0.8894919864406533,0.8538556730229362,0.07424847822009784,0.8615804850229598,1,1,exact_perturbation_label_intersection
frangieh_condition_oof,frangieh_melanoma_control,frangieh_melanoma_ifng,FRZB,0.7274589161777023,0.5906699261571922,0.9740289109608025,0.984028432290558,0.13678899002051015,0.8572989218218956,1,1,exact_perturbation_label_intersection
frangieh_condition_oof,frangieh_melanoma_control,frangieh_melanoma_ifng,FSTL3,0.6209301116152239,0.5505420152564243,0.9101340017717193,0.9097633209569588,0.07038809635879961,0.8837792292547231,1,1,exact_perturbation_label_intersection
frangieh_condition_oof,frangieh_melanoma_control,frangieh_melanoma_ifng,FTH1,0.7710184509329463,0.8459295622020556,0.8092785056779461,0.8116809987865498,0.07491111126910932,0.8184521473742306,1,1,exact_perturbation_label_intersection
frangieh_condition_oof,frangieh_melanoma_control,frangieh_melanoma_ifng,GAA,0.56470114193037,0.5369353156669939,0.9643808135377631,0.9788753088718111,0.027765826263376092,0.6959960117964384,1,1,exact_perturbation_label_intersection
frangieh_condition_oof,frangieh_melanoma_control,frangieh_melanoma_ifng,GAS5,0.5021011978804526,0.48486208258149566,0.9800023353920458,0.9795606153113283,0.017239115298956942,0.7662790660720367,1,1,exact_perturbation_label_intersection
frangieh_condition_oof,frangieh_melanoma_control,frangieh_melanoma_ifng,GPATCH4,0.7130660586019035,0.6260170554000279,0.8218547983480061,0.8444073594043884,0.08704900320187559,0.7293541928690663,1,1,exact_perturbation_label_intersection
frangieh_condition_oof,frangieh_melanoma_control,frangieh_melanoma_ifng,GPI,1.078349971570326,0.9469853178775507,0.8866752731602331,0.8013685988932785,0.13136465369277528,0.7292667177888312,1,1,exact_perturbation_label_intersection
frangieh_condition_oof,frangieh_melanoma_control,frangieh_melanoma_ifng,GPNMB,0.5784597837287382,0.5980645521342249,0.9546182956974879,0.9777432211459333,0.01960476840548675,0.7652063270460161,1,1,exact_perturbation_label_intersection
frangieh_condition_oof,frangieh_melanoma_control,frangieh_melanoma_ifng,GRN,0.6385856609825162,0.7561764757119158,0.9077344358513395,0.8935219696623476,0.11759081472939958,0.8098129603432402,1,1,exact_perturbation_label_intersection
frangieh_condition_oof,frangieh_melanoma_control,frangieh_melanoma_ifng,GSEC,0.6713358528420199,0.6677701155673775,0.9518691061241519,0.9741130937144148,0.0035657372746423777,0.8627286358086926,1,1,exact_perturbation_label_intersection
frangieh_condition_oof,frangieh_melanoma_control,frangieh_melanoma_ifng,GSN,0.558957602551672,0.6951181320796567,0.9292572000887981,0.8936589032848978,0.13616052952798463,0.8557147982409603,1,1,exact_perturbation_label_intersection
frangieh_condition_oof,frangieh_melanoma_control,frangieh_melanoma_ifng,HASPIN,0.6345557045655664,0.6643241262217161,0.9702428016215485,0.9660737617110317,0.02976842165614968,0.8918112602129558,1,1,exact_perturbation_label_intersection
frangieh_condition_oof,frangieh_melanoma_control,frangieh_melanoma_ifng,HLA-A,0.6530773737294538,0.6319362667442305,0.8573991999163493,0.9232783784855042,0.021141106985223312,0.7790971845840018,1,1,exact_perturbation_label_intersection
frangieh_condition_oof,frangieh_melanoma_control,frangieh_melanoma_ifng,HLA-B,0.7215386419116794,0.7893336085418234,0.8539713092361404,0.8728627835845851,0.06779496663014406,0.881154421208509,1,1,exact_perturbation_label_intersection
frangieh_condition_oof,frangieh_melanoma_control,frangieh_melanoma_ifng,HLA-C,0.8918062824175834,0.5765230090528088,0.8220521292409719,0.886863581320736,0.3152832733647746,0.8369944451984008,1,1,exact_perturbation_label_intersection
frangieh_condition_oof,frangieh_melanoma_control,frangieh_melanoma_ifng,HLA-DRB5,0.4543412693172887,0.48332582382091327,0.9786369127361524,0.971632326712324,0.028984554503624582,0.6759247412828685,1,1,exact_perturbation_label_intersection
frangieh_condition_oof,frangieh_melanoma_control,frangieh_melanoma_ifng,HLA-E,0.6942477182462607,0.7271480855400375,0.8648946192536808,0.8711372162330041,0.03290036729377677,0.7031539949355808,1,1,exact_perturbation_label_intersection
frangieh_condition_oof,frangieh_melanoma_control,frangieh_melanoma_ifng,HLA-F,0.8380372878918213,0.5155810685774742,0.9671472680270082,0.9390926003618164,0.3224562193143471,0.9591609855328156,1,1,exact_perturbation_label_intersection
frangieh_condition_oof,frangieh_melanoma_control,frangieh_melanoma_ifng,HLA-H,0.6876101734937798,0.4989975526215692,0.9808900016581732,0.9795606153113283,0.18861262087221065,0.8109755495692742,1,1,exact_perturbation_label_intersection
frangieh_condition_oof,frangieh_melanoma_control,frangieh_melanoma_ifng,HNRNPA1,0.7520561438632429,0.9739602958520372,0.8532057520589014,0.852236360558377,0.22190415198879432,0.7409018475793248,1,1,exact_perturbation_label_intersection
frangieh_condition_oof,frangieh_melanoma_control,frangieh_melanoma_ifng,HNRNPC,0.8381239075171609,1.0135499687822782,0.8372274137907412,0.7357578322590985,0.17542606126511728,0.9670601319683727,1,1,exact_perturbation_label_intersection
frangieh_condition_oof,frangieh_melanoma_control,frangieh_melanoma_ifng,HSPA1A,0.619735177088685,0.6843885206946168,0.844607903198385,0.779462159104371,0.06465334360593178,0.7611886879432058,1,1,exact_perturbation_label_intersection
frangieh_condition_oof,frangieh_melanoma_control,frangieh_melanoma_ifng,IDH2,0.6586650061765027,0.6036763352639433,0.9319333927057954,0.9041795117304146,0.054988670912559434,0.8165296329716832,1,1,exact_perturbation_label_intersection
frangieh_condition_oof,frangieh_melanoma_control,frangieh_melanoma_ifng,IDI2-AS1,0.6318445613468877,0.458157232281897,0.9789653337669538,0.971456228285814,0.17368732906499074,0.8924382319381776,1,1,exact_perturbation_label_intersection
frangieh_condition_oof,frangieh_melanoma_control,frangieh_melanoma_ifng,IFNGR1,0.6006815389761178,0.7915654299619858,0.7562746369170924,0.9101556063051106,0.190883890985868,0.8765366957865,1,1,exact_perturbation_label_intersection
frangieh_condition_oof,frangieh_melanoma_control,frangieh_melanoma_ifng,IFNGR2,0.7656269664543118,0.8240804876668855,0.7479981030178925,0.9032057796739387,0.058453521212573634,0.8935038665015435,1,1,exact_perturbation_label_intersection
frangieh_condition_oof,frangieh_melanoma_control,frangieh_melanoma_ifng,ILF2,0.9668296763731271,0.8888057923089099,0.7515344837462782,0.7292421404823551,0.07802388406421723,0.904506423110338,1,1,exact_perturbation_label_intersection
frangieh_condition_oof,frangieh_melanoma_control,frangieh_melanoma_ifng,IRF3,0.550916205576966,0.5366750217098581,0.8876173868153048,0.8521831823994552,0.01424118386710782,0.7210017896168559,1,1,exact_perturbation_label_intersection
frangieh_condition_oof,frangieh_melanoma_control,frangieh_melanoma_ifng,IRF4,0.6987425345352041,0.6209132457321713,0.9795608309259004,0.9773906920031105,0.07782928880303275,0.881227588076847,1,1,exact_perturbation_label_intersection
frangieh_condition_oof,frangieh_melanoma_control,frangieh_melanoma_ifng,ISYNA1,0.8420824318813909,0.5494260204788788,0.9689296916769354,0.9295084123198637,0.2926564114025121,0.9176415947937876,1,1,exact_perturbation_label_intersection
frangieh_condition_oof,frangieh_melanoma_control,frangieh_melanoma_ifng,ITGA3,0.5523907509024744,0.6723245481316797,0.8825201947242522,0.8337727898257379,0.11993379722920539,0.7100235210440689,1,1,exact_perturbation_label_intersection
frangieh_condition_oof,frangieh_melanoma_control,frangieh_melanoma_ifng,JAK1,0.6428837620379331,0.8937672635860634,0.8478923428976662,0.8782244906605041,0.2508835015481303,0.7294110129149953,1,1,exact_perturbation_label_intersection
frangieh_condition_oof,frangieh_melanoma_control,frangieh_melanoma_ifng,JAK2,0.5779087070323351,0.7722690670626337,0.9589925000483971,0.9463874778538472,0.19436036003029855,0.8982062706667484,1,1,exact_perturbation_label_intersection
frangieh_condition_oof,frangieh_melanoma_control,frangieh_melanoma_ifng,JMJD7,0.6358783007719108,0.5638787940165325,0.9803188692676906,0.9804773009028883,0.07199950675537825,0.86361128599075,1,1,exact_perturbation_label_intersection
frangieh_condition_oof,frangieh_melanoma_control,frangieh_melanoma_ifng,JPT1,0.8674460800804003,0.9521146612669277,0.729531878741188,0.7729419424944522,0.08466858118652743,0.8864566623744852,1,1,exact_perturbation_label_intersection
frangieh_condition_oof,frangieh_melanoma_control,frangieh_melanoma_ifng,KCNN4,0.6254373272850142,0.6328670739469546,0.8975387295850913,0.8730106615924932,0.007429746661940406,0.8623444222868784,1,1,exact_perturbation_label_intersection
frangieh_condition_oof,frangieh_melanoma_control,frangieh_melanoma_ifng,KDR,0.5908960488243096,0.5724948068719975,0.978969326752923,0.9611948512989117,0.018401241952312075,0.8016744122641187,1,1,exact_perturbation_label_intersection
frangieh_condition_oof,frangieh_melanoma_control,frangieh_melanoma_ifng,KLF4,0.5000459187821285,0.5936776232782675,0.9728092073790116,0.9453452573704295,0.093631704496139,0.7166586767829075,1,1,exact_perturbation_label_intersection
frangieh_condition_oof,frangieh_melanoma_control,frangieh_melanoma_ifng,LAMP2,0.6270001914348298,0.5621652145190288,0.844767074461728,0.8478739200205995,0.06483497691580098,0.8591383004869297,1,1,exact_perturbation_label_intersection
frangieh_condition_oof,frangieh_melanoma_control,frangieh_melanoma_ifng,LCP1,0.5584925840220715,0.5448983132145326,0.9798850197559856,0.9550737506412662,0.013594270807538833,0.8330352988967885,1,1,exact_perturbation_label_intersection
frangieh_condition_oof,frangieh_melanoma_control,frangieh_melanoma_ifng,LEF1-AS1,0.49340433322139576,0.7482201524073848,0.9808900016581732,0.9795606153113283,0.25481581918598906,0.8802056444034178,1,1,exact_perturbation_label_intersection
frangieh_condition_oof,frangieh_melanoma_control,frangieh_melanoma_ifng,LGALS3,0.6997941778123795,0.8379425785427088,0.8417853489986249,0.9169161537650146,0.1381484007303293,0.8273164175728048,1,1,exact_perturbation_label_intersection
frangieh_condition_oof,frangieh_melanoma_control,frangieh_melanoma_ifng,LGALS3BP,0.644085731283121,0.764038180812493,0.9110777250866354,0.857518746592556,0.11995244952937201,0.8593737324881844,1,1,exact_perturbation_label_intersection
frangieh_condition_oof,frangieh_melanoma_control,frangieh_melanoma_ifng,LINC00518,0.7167956626950327,0.6066230383082278,0.9812242428966185,0.9774687909634295,0.11017262438680486,0.8659215888409203,1,1,exact_perturbation_label_intersection
frangieh_condition_oof,frangieh_melanoma_control,frangieh_melanoma_ifng,LRPAP1,0.5553373968254265,0.6462995845992621,0.8817268850803189,0.883573797944868,0.09096218777383558,0.813568231036814,1,1,exact_perturbation_label_intersection
frangieh_condition_oof,frangieh_melanoma_control,frangieh_melanoma_ifng,LRRC75A-AS1,0.573166889784327,0.7384470126088658,0.9800023353920458,0.9830966555694752,0.16528012282453886,0.8882023135590933,1,1,exact_perturbation_label_intersection
frangieh_condition_oof,frangieh_melanoma_control,frangieh_melanoma_ifng,LY96,0.685042764092002,0.512635910725582,0.9778861865222513,0.9680322546060225,0.17240685336642003,0.8755196131342493,1,1,exact_perturbation_label_intersection
frangieh_condition_oof,frangieh_melanoma_control,frangieh_melanoma_ifng,MC1R,0.5318138262430387,0.5047514767969294,0.9737750811673823,0.9667328285284125,0.0270623494461093,0.7472914585820974,1,1,exact_perturbation_label_intersection
frangieh_condition_oof,frangieh_melanoma_control,frangieh_melanoma_ifng,MDH2,0.743139310841074,0.9292327590766264,0.8921086489488573,0.8667179588901811,0.1860934482355524,0.6872965559155709,1,1,exact_perturbation_label_intersection
frangieh_condition_oof,frangieh_melanoma_control,frangieh_melanoma_ifng,MFGE8,0.6437340780084397,0.5797767115287791,0.9347276552957555,0.9482425492822765,0.06395736647966066,0.8204239818586272,1,1,exact_perturbation_label_intersection
frangieh_condition_oof,frangieh_melanoma_control,frangieh_melanoma_ifng,MIA,0.5206884769441682,0.6315864154295808,0.972224228901322,0.973984377191346,0.11089793848541263,0.7618704132944785,1,1,exact_perturbation_label_intersection
frangieh_condition_oof,frangieh_melanoma_control,frangieh_melanoma_ifng,MRPL47,0.8694466980838497,0.9614090390423239,0.8851275630976488,0.9268154482058856,0.09196234095847422,0.6040561678876086,1,1,exact_perturbation_label_intersection
frangieh_condition_oof,frangieh_melanoma_control,frangieh_melanoma_ifng,MT2A,0.6792192936312293,0.7703373076113508,0.8155146472709105,0.8813360789343948,0.09111801398012143,0.7846745791986127,1,1,exact_perturbation_label_intersection
frangieh_condition_oof,frangieh_melanoma_control,frangieh_melanoma_ifng,MYC,1.1252798049083865,1.0431153301814093,0.7698693680026055,0.8312869215718548,0.08216447472697719,0.7323541328604636,1,1,exact_perturbation_label_intersection
frangieh_condition_oof,frangieh_melanoma_control,frangieh_melanoma_ifng,NACA,0.864431998460373,1.0451360560694756,0.7910435035362022,0.7294761208609039,0.18070405760910258,0.9438484202025423,1,1,exact_perturbation_label_intersection
frangieh_condition_oof,frangieh_melanoma_control,frangieh_melanoma_ifng,NCL,0.897373278120162,0.8604923935538152,0.8401228818748768,0.8787176338683471,0.03688088456634675,0.8865768707497015,1,1,exact_perturbation_label_intersection
frangieh_condition_oof,frangieh_melanoma_control,frangieh_melanoma_ifng,NDUFA13,0.5879172799217915,0.8223156555805737,0.8863598814640133,0.8709987651674941,0.2343983756587822,0.8259030110895571,1,1,exact_perturbation_label_intersection
frangieh_condition_oof,frangieh_melanoma_control,frangieh_melanoma_ifng,NEAT1,0.7150919434163051,0.7032009414666165,0.8421857845753773,0.8369315070365725,0.011891001949688618,0.836692384428369,1,1,exact_perturbation_label_intersection
frangieh_condition_oof,frangieh_melanoma_control,frangieh_melanoma_ifng,NGFR,0.7050382452904344,0.871417875132435,0.9786011699413589,0.9723634534803466,0.1663796298420006,0.9496863788985047,1,1,exact_perturbation_label_intersection
frangieh_condition_oof,frangieh_melanoma_control,frangieh_melanoma_ifng,NME1,0.872940228711165,0.9225404830531428,0.8461289954222079,0.8137150179393373,0.0496002543419779,0.9077464431579131,1,1,exact_perturbation_label_intersection
frangieh_condition_oof,frangieh_melanoma_control,frangieh_melanoma_ifng,NMRK1,0.4950013891831455,0.5825818957513138,0.9262882602718684,0.8881643967568952,0.08758050656816829,0.7512928351101649,1,1,exact_perturbation_label_intersection
frangieh_condition_oof,frangieh_melanoma_control,frangieh_melanoma_ifng,NOLC1,0.8511731492471577,0.8027214151722573,0.8919149490913928,0.8095422182535083,0.04845173407490044,1.0230795144218405,1,1,exact_perturbation_label_intersection
frangieh_condition_oof,frangieh_melanoma_control,frangieh_melanoma_ifng,NONO,0.6567203460221837,0.7653424782277273,0.8869392629613135,0.8196556294384024,0.10862213220554362,0.7039717223660565,1,1,exact_perturbation_label_intersection
frangieh_condition_oof,frangieh_melanoma_control,frangieh_melanoma_ifng,NPC1,0.6424013808745841,0.4762061696976688,0.9166645446447852,0.937952775505206,0.16619521117691527,0.6014879821973618,1,1,exact_perturbation_label_intersection
frangieh_condition_oof,frangieh_melanoma_control,frangieh_melanoma_ifng,NPC2,0.6585468541518913,0.8613402722610682,0.7034546183021241,0.8004677485921441,0.20279341810917695,0.7544843101438152,1,1,exact_perturbation_label_intersection
frangieh_condition_oof,frangieh_melanoma_control,frangieh_melanoma_ifng,NSG1,0.7733727872167753,0.5639007513739991,0.9098560815436952,0.9781334163406509,0.20947203584277618,0.8855133981603613,1,1,exact_perturbation_label_intersection
frangieh_condition_oof,frangieh_melanoma_control,frangieh_melanoma_ifng,NT5E,0.6938708548962282,0.6567506975972683,0.9144684591237352,0.8930863135588892,0.0371201572989599,0.8649269534646222,1,1,exact_perturbation_label_intersection
frangieh_condition_oof,frangieh_melanoma_control,frangieh_melanoma_ifng,NUP50-AS1,0.5540821100569053,0.5951335138590561,0.9798851340899012,0.9792231149503273,0.04105140380215078,0.8029288178673099,1,1,exact_perturbation_label_intersection
frangieh_condition_oof,frangieh_melanoma_control,frangieh_melanoma_ifng,P2RX4,0.8906699194627666,0.9045990031825984,0.969985560512815,0.9668222696940815,0.013929083719831814,0.9569160168265173,1,1,exact_perturbation_label_intersection
frangieh_condition_oof,frangieh_melanoma_control,frangieh_melanoma_ifng,PABPC1,0.9186336688023157,0.9132702927308864,0.813151110192599,0.7841463724814429,0.005363376071429227,0.6517674959019616,1,1,exact_perturbation_label_intersection
frangieh_condition_oof,frangieh_melanoma_control,frangieh_melanoma_ifng,PAICS,0.9931596752096543,1.0074380409393628,0.7524690550019334,0.8419070595317212,0.014278365729708531,0.8432481135939854,1,1,exact_perturbation_label_intersection
frangieh_condition_oof,frangieh_melanoma_control,frangieh_melanoma_ifng,PET100,0.9604381741676659,0.9722648132407197,0.9651091098091454,0.892735025204447,0.011826639073053813,0.806569916927258,1,1,exact_perturbation_label_intersection
frangieh_condition_oof,frangieh_melanoma_control,frangieh_melanoma_ifng,PFDN4,0.5731697956916457,0.9129258253258201,0.9139756052773079,0.8900949035980245,0.3397560296341744,0.7932482369761318,1,1,exact_perturbation_label_intersection
frangieh_condition_oof,frangieh_melanoma_control,frangieh_melanoma_ifng,PFN1,0.7936040632355043,0.9110241049237956,0.8705096445079062,0.9034244965961076,0.11742004168829134,0.8820649571002787,1,1,exact_perturbation_label_intersection
frangieh_condition_oof,frangieh_melanoma_control,frangieh_melanoma_ifng,PIK3IP1,0.6289413211855763,0.4268540327651992,0.978661812643287,0.9766029999169309,0.20208728842037715,0.8405145418713418,1,1,exact_perturbation_label_intersection
frangieh_condition_oof,frangieh_melanoma_control,frangieh_melanoma_ifng,POLD2,0.9479116429056202,0.790403152682918,0.9037309531463786,0.8737608782702657,0.1575084902227022,0.9728668829132365,1,1,exact_perturbation_label_intersection
frangieh_condition_oof,frangieh_melanoma_control,frangieh_melanoma_ifng,PPA1,0.93257296588664,0.9371196693149354,0.6877976387385644,0.8761561550117665,0.00454670342829544,0.9387435960547145,1,1,exact_perturbation_label_intersection
frangieh_condition_oof,frangieh_melanoma_control,frangieh_melanoma_ifng,PPIA,0.7605508136271302,0.954230831039969,0.8005471701921967,0.8285721929488026,0.1936800174128388,0.8828799425510124,1,1,exact_perturbation_label_intersection
frangieh_condition_oof,frangieh_melanoma_control,frangieh_melanoma_ifng,PRELID3B,0.9170016707983232,0.94054547828261,0.7806337915173786,0.8823566009512703,0.02354380748428686,0.8760007891242674,1,1,exact_perturbation_label_intersection
frangieh_condition_oof,frangieh_melanoma_control,frangieh_melanoma_ifng,PROS1,0.5409718162159967,0.746026669804126,0.9437124980526354,0.9259624610453093,0.20505485358812936,0.9061820697400238,1,1,exact_perturbation_label_intersection
frangieh_condition_oof,frangieh_melanoma_control,frangieh_melanoma_ifng,PSAP,0.5311568781670635,0.5283261082332775,0.8950825531434288,0.8445538437521843,0.002830769933785948,0.7038978724512434,1,1,exact_perturbation_label_intersection
frangieh_condition_oof,frangieh_melanoma_control,frangieh_melanoma_ifng,PSMB8-AS1,0.7142792804666931,0.5986991546655787,0.9775638168527618,0.9458988728356945,0.11558012580111443,0.9178991044996467,1,1,exact_perturbation_label_intersection
frangieh_condition_oof,frangieh_melanoma_control,frangieh_melanoma_ifng,PTMA,1.086515905493593,0.9684679075136318,0.8277994867300135,0.7909526307131016,0.11804799797996113,0.7779801759894672,1,1,exact_perturbation_label_intersection
frangieh_condition_oof,frangieh_melanoma_control,frangieh_melanoma_ifng,PUF60,0.9394276433486558,0.9781595792843498,0.777660675511537,0.9293992597640869,0.03873193593569402,0.9442578828510841,1,1,exact_perturbation_label_intersection
frangieh_condition_oof,frangieh_melanoma_control,frangieh_melanoma_ifng,PYGB,0.8161066201310414,0.7123830870095604,0.9162413187574109,0.8976304380821,0.10372353312148097,0.8923657361866995,1,1,exact_perturbation_label_intersection
frangieh_condition_oof,frangieh_melanoma_control,frangieh_melanoma_ifng,RAB27A,0.6913636478372938,0.67165442595764,0.9309529865793292,0.941903766458902,0.019709221879653738,0.820960625216338,1,1,exact_perturbation_label_intersection
frangieh_condition_oof,frangieh_melanoma_control,frangieh_melanoma_ifng,RB1,0.6674333543127229,0.5345200719980612,0.9198469217806196,0.8625177978307507,0.1329132823146617,0.6861482779892504,1,1,exact_perturbation_label_intersection
frangieh_condition_oof,frangieh_melanoma_control,frangieh_melanoma_ifng,RBP7,0.7131686135345106,0.6076493433410113,0.980490952943147,0.9775431809647461,0.10551927019349927,0.8430565338673144,1,1,exact_perturbation_label_intersection
frangieh_condition_oof,frangieh_melanoma_control,frangieh_melanoma_ifng,RNASEH2A,0.8212044546204018,0.7850445152176717,0.9801122081246373,0.9821317355992716,0.0361599394027301,0.673410408259256,1,1,exact_perturbation_label_intersection
frangieh_condition_oof,frangieh_melanoma_control,frangieh_melanoma_ifng,RNF213,0.5475617338545486,0.8770748054310751,0.9235111228048839,0.825820939986397,0.32951307157652643,0.7809890458481561,1,1,exact_perturbation_label_intersection
frangieh_condition_oof,frangieh_melanoma_control,frangieh_melanoma_ifng,ROMO1,1.1980962125048173,0.9845483172217399,0.8872099715503777,0.8031932744133629,0.2135478952830775,0.8629746982774842,1,1,exact_perturbation_label_intersection
frangieh_condition_oof,frangieh_melanoma_control,frangieh_melanoma_ifng,RPSA,0.9648906079272984,0.9829853872636158,0.8003359101364668,0.8251126980654043,0.018094779336317424,0.9335990094203562,1,1,exact_perturbation_label_intersection
frangieh_condition_oof,frangieh_melanoma_control,frangieh_melanoma_ifng,RRS1,0.834418802155798,0.8679754564971505,0.8017317735910333,0.8848363831059665,0.033556654341352465,0.8509721179968578,1,1,exact_perturbation_label_intersection
frangieh_condition_oof,frangieh_melanoma_control,frangieh_melanoma_ifng,RTP4,0.6115900894676327,0.5908290573355157,0.9764519680467209,0.9202838896206401,0.020761032132116997,0.8154242326204962,1,1,exact_perturbation_label_intersection
frangieh_condition_oof,frangieh_melanoma_control,frangieh_melanoma_ifng,RUVBL2,0.8624068293582832,0.9013059434436481,0.8716475228594881,0.8877019521245072,0.03889911408536495,0.961789669754263,1,1,exact_perturbation_label_intersection
frangieh_condition_oof,frangieh_melanoma_control,frangieh_melanoma_ifng,S100A6,0.75998642282695,0.8144103117506138,0.8507880593885598,0.8470486920967278,0.0544238889236639,0.7995593317957342,1,1,exact_perturbation_label_intersection
frangieh_condition_oof,frangieh_melanoma_control,frangieh_melanoma_ifng,S100B,0.7031273851570541,0.63178854775956,0.9805084092871407,0.9718989703084521,0.07133883739749414,0.9323018884038322,1,1,exact_perturbation_label_intersection
frangieh_condition_oof,frangieh_melanoma_control,frangieh_melanoma_ifng,SAE1,0.8027157103810405,0.971140073870575,0.8568150420948856,0.9114927329140755,0.1684243634895345,0.9837837375016567,1,1,exact_perturbation_label_intersection
frangieh_condition_oof,frangieh_melanoma_control,frangieh_melanoma_ifng,SAT1,0.6375421027492716,0.6655299113072691,0.8610006170777523,0.8099056125443985,0.02798780855799754,0.7411185723210658,1,1,exact_perturbation_label_intersection
frangieh_condition_oof,frangieh_melanoma_control,frangieh_melanoma_ifng,SCARB2,0.5637693583038699,0.7026199603027026,0.8981972527402952,0.6825646918402143,0.1388506019988327,0.8390384447361584,1,1,exact_perturbation_label_intersection
frangieh_condition_oof,frangieh_melanoma_control,frangieh_melanoma_ifng,SDC3,0.6894000550888814,0.6701637309489648,0.9692626010660809,0.9640514169248012,0.019236324139916605,0.9950938913458613,1,1,exact_perturbation_label_intersection
frangieh_condition_oof,frangieh_melanoma_control,frangieh_melanoma_ifng,SDCBP,0.6743078131451077,0.8662304711979297,0.8084598139383594,0.7084327503703592,0.19192265805282205,0.7653603067694813,1,1,exact_perturbation_label_intersection
frangieh_condition_oof,frangieh_melanoma_control,frangieh_melanoma_ifng,SEC11C,0.687574391923945,0.683279120034973,0.8847541225109946,0.8632998731343345,0.004295271888971941,0.8881071249317692,1,1,exact_perturbation_label_intersection
frangieh_condition_oof,frangieh_melanoma_control,frangieh_melanoma_ifng,SERPINA3,0.6110888831304692,0.7753203431020669,0.9795747389739814,0.9804213441434997,0.16423145997159772,0.9093514946671126,1,1,exact_perturbation_label_intersection
frangieh_condition_oof,frangieh_melanoma_control,frangieh_melanoma_ifng,SERPINE2,0.8006805560495256,0.7353026206352544,0.7384327763134277,0.796119736819711,0.06537793541427117,0.8992246992106729,1,1,exact_perturbation_label_intersection
frangieh_condition_oof,frangieh_melanoma_control,frangieh_melanoma_ifng,SERPINF1,0.5986267113307774,0.708793708848028,0.9827590419958531,0.9803334596223251,0.11016699751725056,0.849189709236295,1,1,exact_perturbation_label_intersection
frangieh_condition_oof,frangieh_melanoma_control,frangieh_melanoma_ifng,SET,0.7730989469746781,0.8397849985072707,0.792565625186743,0.8199462155354974,0.06668605153259266,0.6450268140896693,1,1,exact_perturbation_label_intersection
frangieh_condition_oof,frangieh_melanoma_control,frangieh_melanoma_ifng,SGK1,0.6748980570471828,0.6627524611218698,0.8634455193212095,0.87418539161186,0.012145595925312946,0.8141433201329057,1,1,exact_perturbation_label_intersection
frangieh_condition_oof,frangieh_melanoma_control,frangieh_melanoma_ifng,SHMT2,0.8015161030536828,0.7020531709486068,0.9016779199039732,0.9048673078329839,0.09946293210507606,0.8436674943467044,1,1,exact_perturbation_label_intersection
frangieh_condition_oof,frangieh_melanoma_control,frangieh_melanoma_ifng,SINHCAF,0.8841630048342644,0.8449806917631217,0.8508026156003773,0.847020641632566,0.039182313071142616,0.6822652157504524,1,1,exact_perturbation_label_intersection
frangieh_condition_oof,frangieh_melanoma_control,frangieh_melanoma_ifng,SLC19A1,0.7623417164455786,0.7788159010785547,0.9133284789880305,0.9523895927036775,0.01647418463297612,0.9150741538692346,1,1,exact_perturbation_label_intersection
frangieh_condition_oof,frangieh_melanoma_control,frangieh_melanoma_ifng,SLC22A18,0.5822319493673638,0.5022991162934127,0.9517054807766656,0.9379481654928421,0.07993283307395105,0.764528047565794,1,1,exact_perturbation_label_intersection
frangieh_condition_oof,frangieh_melanoma_control,frangieh_melanoma_ifng,SLC25A13,0.6757795865388707,0.7437504486786082,0.8726555076310025,0.9185840577912531,0.06797086213973746,0.8061578838671785,1,1,exact_perturbation_label_intersection
frangieh_condition_oof,frangieh_melanoma_control,frangieh_melanoma_ifng,SLC26A2,0.6220471157472667,0.706528505887422,0.8728126093693689,0.885180751101347,0.08448139014015532,0.8770710877072251,1,1,exact_perturbation_label_intersection
frangieh_condition_oof,frangieh_melanoma_control,frangieh_melanoma_ifng,SLC5A3,0.6004471504603361,0.7612177124305917,0.8833970266144194,0.9166735118854032,0.16077056197025552,0.8781981252170084,1,1,exact_perturbation_label_intersection
frangieh_condition_oof,frangieh_melanoma_control,frangieh_melanoma_ifng,SLC7A5P1,0.663335977838879,0.6150640201733923,0.9822771006295051,0.9771442004541848,0.04827195766548664,0.9325963697357825,1,1,exact_perturbation_label_intersection
frangieh_condition_oof,frangieh_melanoma_control,frangieh_melanoma_ifng,SLIRP,0.7756235824447753,1.0872144150013034,0.7549486059946421,0.8927961759197682,0.3115908325565282,0.544780523847161,1,1,exact_perturbation_label_intersection
frangieh_condition_oof,frangieh_melanoma_control,frangieh_melanoma_ifng,SMAD3,0.5596295081511229,0.6676809904469376,0.9141088947898793,0.9020275999144339,0.10805148229581474,0.807498107695839,1,1,exact_perturbation_label_intersection
frangieh_condition_oof,frangieh_melanoma_control,frangieh_melanoma_ifng,SMAD4,0.7894733429969986,0.6539137670531914,0.8933763357055712,0.9479479251747875,0.1355595759438072,0.7266000736292297,1,1,exact_perturbation_label_intersection
frangieh_condition_oof,frangieh_melanoma_control,frangieh_melanoma_ifng,SNHG6,0.6482969880591702,0.7344966668158444,0.9800023353920458,0.9795606153113283,0.08619967875667411,0.9020954838613673,1,1,exact_perturbation_label_intersection
frangieh_condition_oof,frangieh_melanoma_control,frangieh_melanoma_ifng,SNRPE,1.0081823623725346,0.8704532288473276,0.8160738474002919,0.8361714565703006,0.137729133525207,0.9824101540913831,1,1,exact_perturbation_label_intersection
frangieh_condition_oof,frangieh_melanoma_control,frangieh_melanoma_ifng,SNRPF,1.007128773646169,0.9846434448106632,0.8205623896898543,0.8175611084987655,0.02248532883550569,0.9997177942717931,1,1,exact_perturbation_label_intersection
frangieh_condition_oof,frangieh_melanoma_control,frangieh_melanoma_ifng,SNRPG,0.9586244317052,0.9258231684587774,0.8198209640165263,0.7100260119265523,0.03280126324642252,0.9761358195060863,1,1,exact_perturbation_label_intersection
frangieh_condition_oof,frangieh_melanoma_control,frangieh_melanoma_ifng,SOX4,0.7346524509784852,0.5006810939553361,0.8783921055808236,0.9193671203955035,0.23397135702314908,0.8401766261297495,1,1,exact_perturbation_label_intersection
frangieh_condition_oof,frangieh_melanoma_control,frangieh_melanoma_ifng,SP100,0.6667988138452757,0.7621992728845945,0.836232569456289,0.9177393282143039,0.09540045903931882,0.8436565182412996,1,1,exact_perturbation_label_intersection
frangieh_condition_oof,frangieh_melanoma_control,frangieh_melanoma_ifng,SPESP1,0.6301516388634472,0.7958874776170614,0.8257768620238018,0.8806709016108485,0.1657358387536142,0.803951144577693,1,1,exact_perturbation_label_intersection
frangieh_condition_oof,frangieh_melanoma_control,frangieh_melanoma_ifng,SPINT1,0.720781870234784,0.5975141755065769,0.9809791318515374,0.9697573755002148,0.12326769472820709,0.9430321934798309,1,1,exact_perturbation_label_intersection
frangieh_condition_oof,frangieh_melanoma_control,frangieh_melanoma_ifng,SSR2,0.8032319372659249,0.7864306129902884,0.8347041594331296,0.7936952657572354,0.01680132427563652,0.739358031528454,1,1,exact_perturbation_label_intersection
frangieh_condition_oof,frangieh_melanoma_control,frangieh_melanoma_ifng,ST3GAL6-AS1,0.7091646207630968,0.5520575139424042,0.9782975137367985,0.973775707793403,0.15710710682069262,0.8716435069265259,1,1,exact_perturbation_label_intersection
frangieh_condition_oof,frangieh_melanoma_control,frangieh_melanoma_ifng,ST6GALNAC2,0.633267166931373,0.815795077825317,0.9803569206173618,0.9718819832550918,0.18252791089394405,0.8798946527804314,1,1,exact_perturbation_label_intersection
frangieh_condition_oof,frangieh_melanoma_control,frangieh_melanoma_ifng,STAT1,0.6870559413655978,0.5924374434563199,0.8958349917523304,0.8625477764420569,0.0946184979092779,0.8812459317950974,1,1,exact_perturbation_label_intersection
frangieh_condition_oof,frangieh_melanoma_control,frangieh_melanoma_ifng,STAT3,0.6159534418469406,0.6309598748360516,0.9071420406118441,0.8948278702929958,0.015006432989111085,0.66433509705942,1,1,exact_perturbation_label_intersection
frangieh_condition_oof,frangieh_melanoma_control,frangieh_melanoma_ifng,STOM,0.6969112704789161,0.8923940217068068,0.9418961203217409,0.8402396351991689,0.19548275122789072,0.8820173854882715,1,1,exact_perturbation_label_intersection
frangieh_condition_oof,frangieh_melanoma_control,frangieh_melanoma_ifng,STX7,0.651443004005871,0.6170521227221326,0.8827511941163295,0.8817742112540005,0.03439088128373835,0.8352983699332401,1,1,exact_perturbation_label_intersection
frangieh_condition_oof,frangieh_melanoma_control,frangieh_melanoma_ifng,TAPBP,0.5109880969487275,0.68400086308127,0.8923989647645582,0.9037866396013085,0.17301276613254246,0.7679791078220336,1,1,exact_perturbation_label_intersection
frangieh_condition_oof,frangieh_melanoma_control,frangieh_melanoma_ifng,TAPBPL,0.5302889629370952,0.5959843375145708,0.9755341312779239,0.971919615206891,0.06569537457747565,0.742842959310575,1,1,exact_perturbation_label_intersection
frangieh_condition_oof,frangieh_melanoma_control,frangieh_melanoma_ifng,TFAP2A,0.6857540588224241,0.7387687819315509,0.8476444074385814,0.8626908000890895,0.053014723109126805,0.7757041907117185,1,1,exact_perturbation_label_intersection
frangieh_condition_oof,frangieh_melanoma_control,frangieh_melanoma_ifng,TGFB1,0.6277375772043745,0.6696566994358146,0.7567742933926982,0.8366980236838426,0.04191912223144012,0.7793321262088971,1,1,exact_perturbation_label_intersection
frangieh_condition_oof,frangieh_melanoma_control,frangieh_melanoma_ifng,TIMM50,0.6953503804872301,0.8948495525254974,0.7785046954459308,0.905238032887843,0.19949917203826728,0.9094235525868521,1,1,exact_perturbation_label_intersection
frangieh_condition_oof,frangieh_melanoma_control,frangieh_melanoma_ifng,TIMP1,0.6310681666288052,0.6361256036860649,0.7896185736911896,0.8406683495004178,0.005057437057259695,0.7529916640056276,1,1,exact_perturbation_label_intersection
frangieh_condition_oof,frangieh_melanoma_control,frangieh_melanoma_ifng,TIMP2,0.85278569496618,0.8937274198413362,0.8155343843947372,0.769358187559246,0.04094172487515624,0.9372848791923971,1,1,exact_perturbation_label_intersection
frangieh_condition_oof,frangieh_melanoma_control,frangieh_melanoma_ifng,TIMP3,0.8493377170976321,0.7569298001691281,0.6641454510212786,0.8177295289209173,0.09240791692850392,0.9219958295419903,1,1,exact_perturbation_label_intersection
frangieh_condition_oof,frangieh_melanoma_control,frangieh_melanoma_ifng,TM4SF1,0.6488933552617275,0.8274156047133838,0.8198146081728113,0.6928841212664917,0.1785222494516563,0.7938634061289039,1,1,exact_perturbation_label_intersection
frangieh_condition_oof,frangieh_melanoma_control,frangieh_melanoma_ifng,TMED10,1.1326636540688946,1.1286858698318114,0.8558019057293992,0.9067618840320196,0.003977784237083171,0.6103149153707541,1,1,exact_perturbation_label_intersection
frangieh_condition_oof,frangieh_melanoma_control,frangieh_melanoma_ifng,TMEM173,0.6524325879815048,0.6832185864167437,0.9619834641764001,0.9612739190847625,0.03078599843523888,0.8319721969143938,1,1,exact_perturbation_label_intersection
frangieh_condition_oof,frangieh_melanoma_control,frangieh_melanoma_ifng,TOP1MT,0.7155961235871492,0.8810912133215212,0.9058336811556224,0.9559178483514313,0.165495089734372,0.8092935956950658,1,1,exact_perturbation_label_intersection
frangieh_condition_oof,frangieh_melanoma_control,frangieh_melanoma_ifng,TP53,0.7459649407873444,0.6891591112117805,0.9645592634767132,0.9688685152264661,0.056805829575563904,0.8923229694411686,1,1,exact_perturbation_label_intersection
frangieh_condition_oof,frangieh_melanoma_control,frangieh_melanoma_ifng,TPP1,0.743377494890038,0.9013836266278141,0.9522319071304531,0.9457425567704479,0.1580061317377761,0.932724557700783,1,1,exact_perturbation_label_intersection
frangieh_condition_oof,frangieh_melanoma_control,frangieh_melanoma_ifng,TPRKB,1.2858583428768535,1.010577481709952,0.7809362603390211,0.8253349484325486,0.27528086116690154,0.7162408659704332,1,1,exact_perturbation_label_intersection
frangieh_condition_oof,frangieh_melanoma_control,frangieh_melanoma_ifng,TRIM22,0.7040932560578936,0.7738936185855874,0.9821776220918862,0.93754429836501,0.06980036252769373,0.88513511212176,1,1,exact_perturbation_label_intersection
frangieh_condition_oof,frangieh_melanoma_control,frangieh_melanoma_ifng,TSC22D3,0.6923978558298411,0.6542548388889489,0.9381862893464011,0.9383606056338284,0.03814301694089228,0.8854586867914849,1,1,exact_perturbation_label_intersection
frangieh_condition_oof,frangieh_melanoma_control,frangieh_melanoma_ifng,TTLL1,0.6148898213376839,0.7245967988258757,0.9801696893208863,0.9530663485873525,0.1097069774881918,0.7925768260394074,1,1,exact_perturbation_label_intersection
frangieh_condition_oof,frangieh_melanoma_control,frangieh_melanoma_ifng,TXNDC17,0.5449423285426143,0.6859002892318131,0.8657972376914337,0.8238601104563533,0.14095796068919886,0.5491544270863713,1,1,exact_perturbation_label_intersection
frangieh_condition_oof,frangieh_melanoma_control,frangieh_melanoma_ifng,TYR,0.6874166365252246,0.7397656109543219,0.9808900016581732,0.9703880759640322,0.05234897442909736,0.8768141339176334,1,1,exact_perturbation_label_intersection
frangieh_condition_oof,frangieh_melanoma_control,frangieh_melanoma_ifng,UBA52,1.0048151805295022,0.9815417709009584,0.8507796502464139,0.8068206373616492,0.02327340962854385,0.9430332352536098,1,1,exact_perturbation_label_intersection
frangieh_condition_oof,frangieh_melanoma_control,frangieh_melanoma_ifng,UBC,0.8356113554714413,0.8778090164876932,0.8148818031599764,0.7570435173122204,0.042197661016251886,0.9033099796829328,1,1,exact_perturbation_label_intersection
frangieh_condition_oof,frangieh_melanoma_control,frangieh_melanoma_ifng,UCN2,0.7029871892039462,0.8386749496276209,0.9421942144588429,0.9514256163937419,0.1356877604236747,0.8940523634092318,1,1,exact_perturbation_label_intersection
frangieh_condition_oof,frangieh_melanoma_control,frangieh_melanoma_ifng,UQCRFS1,1.0408741767366567,0.9446445041630387,0.9176306713289613,0.7114894355446987,0.09622967257361803,0.8728522175486261,1,1,exact_perturbation_label_intersection
frangieh_condition_oof,frangieh_melanoma_control,frangieh_melanoma_ifng,UQCRH,0.9741751550203386,1.0266196064429278,0.8153443168677272,0.8488481066198168,0.052444451422589244,0.8903451896386446,1,1,exact_perturbation_label_intersection
frangieh_condition_oof,frangieh_melanoma_control,frangieh_melanoma_ifng,VAT1,0.6215059343261335,0.7619281121175513,0.7254706111419212,0.8711148351987906,0.14042217779141775,0.82952977926509,1,1,exact_perturbation_label_intersection
frangieh_condition_oof,frangieh_melanoma_control,frangieh_melanoma_ifng,VDAC2,0.7083172838307544,0.9725649721679089,0.8275810803889049,0.8681864263767644,0.2642476883371545,0.7803375674217837,1,1,exact_perturbation_label_intersection
frangieh_condition_oof,frangieh_melanoma_control,frangieh_melanoma_ifng,WBP2,0.6881975865234662,0.7210685117248652,0.9058522254191964,0.9599821112750399,0.032870925201399004,0.8347041868222795,1,1,exact_perturbation_label_intersection
frangieh_condition_oof,frangieh_melanoma_control,frangieh_melanoma_ifng,WNT7A,0.6126112761288932,0.7332386958549322,0.9796141937948611,0.980514886732442,0.12062741972603896,0.9324924815558877,1,1,exact_perturbation_label_intersection
frangieh_condition_oof,frangieh_melanoma_control,frangieh_melanoma_ifng,XAGE1A,0.6788911079812865,0.923033777082269,0.9812374072635263,0.9798496481695093,0.24414266910098248,0.9449613371239665,1,1,exact_perturbation_label_intersection
frangieh_condition_oof,frangieh_melanoma_coculture,frangieh_melanoma_ifng,A2M,0.5616057771478442,0.38462070828522366,0.8986508973832531,0.9808779757956154,0.17698506886262055,0.5989717563554746,1,1,exact_perturbation_label_intersection
frangieh_condition_oof,frangieh_melanoma_coculture,frangieh_melanoma_ifng,ACSL3,1.0260125464769105,1.0532842410139898,0.7453452314942949,0.889563045614513,0.027271694537079227,0.9650282119013313,1,1,exact_perturbation_label_intersection
frangieh_condition_oof,frangieh_melanoma_coculture,frangieh_melanoma_ifng,ACTA2,0.5596006734820116,0.43504679845254113,0.9460743916433776,0.9746669379224167,0.12455387502947046,0.7108329684744148,1,1,exact_perturbation_label_intersection
frangieh_condition_oof,frangieh_melanoma_coculture,frangieh_melanoma_ifng,AEBP1,0.6877349191216002,0.4919757571188843,0.8608643150522591,0.920288245449664,0.19575916200271593,0.747952414090979,1,1,exact_perturbation_label_intersection
frangieh_condition_oof,frangieh_melanoma_coculture,frangieh_melanoma_ifng,AGA,0.9075106611799606,0.54763612342343,0.841965078545952,0.8725351865765396,0.35987453775653055,0.8657229275388456,1,1,exact_perturbation_label_intersection
frangieh_condition_oof,frangieh_melanoma_coculture,frangieh_melanoma_ifng,AHCY,0.9485148961595162,0.9397513271410513,0.6774464412463456,0.8265582043842493,0.008763569018464978,0.8648210098010997,1,1,exact_perturbation_label_intersection
frangieh_condition_oof,frangieh_melanoma_coculture,frangieh_melanoma_ifng,AHNAK,0.9206818811949319,0.6655410535093902,0.8459877141006755,0.7386861526672739,0.2551408276855417,0.909135166133794,1,1,exact_perturbation_label_intersection
frangieh_condition_oof,frangieh_melanoma_coculture,frangieh_melanoma_ifng,APOC2,0.6201816741361939,0.45950239824007977,0.955226808444543,0.9771442004541848,0.16067927589611408,0.805743768285985,1,1,exact_perturbation_label_intersection
frangieh_condition_oof,frangieh_melanoma_coculture,frangieh_melanoma_ifng,APOD,0.7559791258878202,0.5856537170781542,0.9449433312560845,0.984799784505423,0.17032540880966607,0.8970220978282679,1,1,exact_perturbation_label_intersection
frangieh_condition_oof,frangieh_melanoma_coculture,frangieh_melanoma_ifng,APOE,0.7645634661878903,0.42630290779643165,0.9194869657705707,0.962600747554145,0.33826055839145863,0.8045508521892756,1,1,exact_perturbation_label_intersection
frangieh_condition_oof,frangieh_melanoma_coculture,frangieh_melanoma_ifng,ARMC6,0.7758930248956586,0.5001331974263401,0.9104788126983139,0.9410860132821538,0.2757598274693185,0.882185032249405,1,1,exact_perturbation_label_intersection
frangieh_condition_oof,frangieh_melanoma_coculture,frangieh_melanoma_ifng,ATP1A1,0.9946881934927256,0.7892991726645219,0.7468326829329954,0.8783404111451616,0.20538902082820376,1.0088994746249593,1,1,exact_perturbation_label_intersection
frangieh_condition_oof,frangieh_melanoma_coculture,frangieh_melanoma_ifng,ATP1B1,0.9346529777055322,0.5052569648968132,0.7590415043003583,0.901375994739949,0.4293960128087191,0.7977316367592542,1,1,exact_perturbation_label_intersection
frangieh_condition_oof,frangieh_melanoma_coculture,frangieh_melanoma_ifng,ATP5MD,0.813297738584221,0.701290152975443,0.7942559119926828,0.8441554349729321,0.1120075856087781,0.7999960366455214,1,1,exact_perturbation_label_intersection
frangieh_condition_oof,frangieh_melanoma_coculture,frangieh_melanoma_ifng,B2M,0.7475464947024018,0.6241402554898199,0.7003024555987545,0.9113359304541543,0.12340623921258187,0.5968927065702474,1,1,exact_perturbation_label_intersection
frangieh_condition_oof,frangieh_melanoma_coculture,frangieh_melanoma_ifng,BOLA2,0.886800587462636,0.5158989977991422,0.961930539178141,0.9779761705994036,0.37090158966349385,0.8654036545947706,1,1,exact_perturbation_label_intersection
frangieh_condition_oof,frangieh_melanoma_coculture,frangieh_melanoma_ifng,BOLA2B,1.0335936310087435,0.723949345426042,0.9175808144984537,0.9714355175348062,0.3096442855827015,0.9530902925868205,1,1,exact_perturbation_label_intersection
frangieh_condition_oof,frangieh_melanoma_coculture,frangieh_melanoma_ifng,BZW2,0.9264035056014018,0.7130665145293671,0.7016076784050274,0.804123290144862,0.21333699107203474,0.8057801709937987,1,1,exact_perturbation_label_intersection
frangieh_condition_oof,frangieh_melanoma_coculture,frangieh_melanoma_ifng,C19orf48,0.8312471541618547,0.6613632514015306,0.7214475728247315,0.8980686562384325,0.16988390276032406,0.7780292804762157,1,1,exact_perturbation_label_intersection
frangieh_condition_oof,frangieh_melanoma_coculture,frangieh_melanoma_ifng,C1QBP,0.7876374430540161,0.939218577879821,0.7832415687414835,0.8825616924203507,0.15158113482580493,0.6647152511646055,1,1,exact_perturbation_label_intersection
frangieh_condition_oof,frangieh_melanoma_coculture,frangieh_melanoma_ifng,C6orf226,0.7212612411363968,0.6529146431566706,0.8586361134376732,0.9455598914979279,0.0683465979797262,0.829640462425012,1,1,exact_perturbation_label_intersection
frangieh_condition_oof,frangieh_melanoma_coculture,frangieh_melanoma_ifng,CCND1,0.8400189152864354,0.9040005805395204,0.7644236753585426,0.7768780257762119,0.06398166525308502,0.6272637207452545,1,1,exact_perturbation_label_intersection
frangieh_condition_oof,frangieh_melanoma_coculture,frangieh_melanoma_ifng,CCND2,0.650121489988885,0.538456108512394,0.9583262068998443,0.9795792147407635,0.11166538147649097,0.7617320184118106,1,1,exact_perturbation_label_intersection
frangieh_condition_oof,frangieh_melanoma_coculture,frangieh_melanoma_ifng,CCR10,0.7139142773287721,0.4917389547106642,0.955244308735963,0.9794153540281507,0.2221753226181079,0.7497827216196427,1,1,exact_perturbation_label_intersection
frangieh_condition_oof,frangieh_melanoma_coculture,frangieh_melanoma_ifng,CCT3,0.9743920236766749,0.8614634319163001,0.8362701342211828,0.8574665471232317,0.11292859176037473,1.0083194946857457,1,1,exact_perturbation_label_intersection
frangieh_condition_oof,frangieh_melanoma_coculture,frangieh_melanoma_ifng,CCT6A,1.0061347021031912,0.9267785102323378,0.8602396409956539,0.8465119224419184,0.07935619187085341,0.9115487759345153,1,1,exact_perturbation_label_intersection
frangieh_condition_oof,frangieh_melanoma_coculture,frangieh_melanoma_ifng,CD151,0.6979529369527192,0.5842090321719433,0.8119866085524284,0.9536484080882013,0.1137439047807759,0.7807037335865773,1,1,exact_perturbation_label_intersection
frangieh_condition_oof,frangieh_melanoma_coculture,frangieh_melanoma_ifng,CD274,0.7821154939928118,0.585378068472197,0.9172936407225339,0.8783831358198363,0.1967374255206148,0.863420190045805,1,1,exact_perturbation_label_intersection
frangieh_condition_oof,frangieh_melanoma_coculture,frangieh_melanoma_ifng,CD44,0.8773786677299303,0.7258869684647127,0.941080283534586,0.8855821857797604,0.15149169926521766,0.8001201695845672,1,1,exact_perturbation_label_intersection
frangieh_condition_oof,frangieh_melanoma_coculture,frangieh_melanoma_ifng,CD47,0.9533987425111777,0.6147481645117654,0.7270041221387774,0.8412504268546219,0.33865057799941234,0.8164436042605094,1,1,exact_perturbation_label_intersection
frangieh_condition_oof,frangieh_melanoma_coculture,frangieh_melanoma_ifng,CD58,0.908973525902852,0.6135336556975245,0.8638435699322532,0.8903193081061569,0.29543987020532747,0.9729254228135696,1,1,exact_perturbation_label_intersection
frangieh_condition_oof,frangieh_melanoma_coculture,frangieh_melanoma_ifng,CD59,0.8532745417040337,0.7203453599727996,0.838002942705845,0.8694130273792116,0.13292918173123414,0.8239175253656265,1,1,exact_perturbation_label_intersection
frangieh_condition_oof,frangieh_melanoma_coculture,frangieh_melanoma_ifng,CD63,0.7898650032991534,0.8513391455285606,0.7875724494277015,0.8705730181130572,0.06147414222940717,0.7284148937586374,1,1,exact_perturbation_label_intersection
frangieh_condition_oof,frangieh_melanoma_coculture,frangieh_melanoma_ifng,CDC123,0.9138470222274692,0.811169912931075,0.7529951922201411,0.9089740129906656,0.10267710929639418,0.9395827820724572,1,1,exact_perturbation_label_intersection
frangieh_condition_oof,frangieh_melanoma_coculture,frangieh_melanoma_ifng,CDH19,0.5639286078639889,0.47117114334116206,0.9567872047651096,0.9794991809666782,0.09275746452282685,0.7366005508021554,1,1,exact_perturbation_label_intersection
frangieh_condition_oof,frangieh_melanoma_coculture,frangieh_melanoma_ifng,CDK4,0.7249337205515631,0.5831923482927128,0.8111623363631013,0.8756272040031381,0.1417413722588503,0.7568460536303259,1,1,exact_perturbation_label_intersection
frangieh_condition_oof,frangieh_melanoma_coculture,frangieh_melanoma_ifng,CDK6,0.8169944788067636,0.8245521952575248,0.8611513044212179,0.8019169362427007,0.007557716450761198,0.6954464733933238,1,1,exact_perturbation_label_intersection
frangieh_condition_oof,frangieh_melanoma_coculture,frangieh_melanoma_ifng,CDKN1A,0.6984658996897998,0.4180269260236258,0.8317495109718148,0.9182840041111585,0.280438973666174,0.7173268524955664,1,1,exact_perturbation_label_intersection
frangieh_condition_oof,frangieh_melanoma_coculture,frangieh_melanoma_ifng,CDKN2A,0.8407681650649681,0.7744791107615215,0.797141456699041,0.8321054769382813,0.06628905430344656,0.8322279572844437,1,1,exact_perturbation_label_intersection
frangieh_condition_oof,frangieh_melanoma_coculture,frangieh_melanoma_ifng,CDKN2B,0.7470505246281817,0.4389592941364351,0.8187604657228397,0.9287134812371103,0.3080912304917466,0.6136602942669193,1,1,exact_perturbation_label_intersection
frangieh_condition_oof,frangieh_melanoma_coculture,frangieh_melanoma_ifng,CGAS,0.8294557974536325,0.5717145424278405,0.8327681838211118,0.8324762812188342,0.25774125502579204,0.8190164246394713,1,1,exact_perturbation_label_intersection
frangieh_condition_oof,frangieh_melanoma_coculture,frangieh_melanoma_ifng,CHCHD2,0.8199095079074337,0.7478596768225214,0.8273761615082703,0.8057010288456118,0.07204983108491225,0.6462079626424644,1,1,exact_perturbation_label_intersection
frangieh_condition_oof,frangieh_melanoma_coculture,frangieh_melanoma_ifng,CITED1,0.7420082094767821,0.48437713594257026,0.9584134745656344,0.9768315968014782,0.2576310735342119,0.9278698532579466,1,1,exact_perturbation_label_intersection
frangieh_condition_oof,frangieh_melanoma_coculture,frangieh_melanoma_ifng,CKS1B,0.8806213458596187,0.8259198001415957,0.7861821146449062,0.723460166565308,0.05470154571802299,0.7073940227725326,1,1,exact_perturbation_label_intersection
frangieh_condition_oof,frangieh_melanoma_coculture,frangieh_melanoma_ifng,CMSS1,0.8911302865965687,0.6051158633373478,0.8104144254097578,0.8887204615785501,0.2860144232592209,0.775245399654727,1,1,exact_perturbation_label_intersection
frangieh_condition_oof,frangieh_melanoma_coculture,frangieh_melanoma_ifng,CORO1A,0.8406196394081441,0.6054401548396251,0.9256113164079031,0.973140475305284,0.235179484568519,0.856305746878102,1,1,exact_perturbation_label_intersection
frangieh_condition_oof,frangieh_melanoma_coculture,frangieh_melanoma_ifng,CSPG4,0.7888062806599528,0.6323497231712943,0.956658579890537,0.9716397802422744,0.1564565574886585,0.8151498482792017,1,1,exact_perturbation_label_intersection
frangieh_condition_oof,frangieh_melanoma_coculture,frangieh_melanoma_ifng,CST3,0.7937236876919224,0.7765897365506802,0.7573154456647085,0.8712817895758546,0.017133951141242165,0.8467154891413777,1,1,exact_perturbation_label_intersection
frangieh_condition_oof,frangieh_melanoma_coculture,frangieh_melanoma_ifng,CTPS1,1.1299971894422203,1.1014005139465328,0.8016595093984124,0.8444422982659057,0.02859667549568745,0.586090552687563,1,1,exact_perturbation_label_intersection
frangieh_condition_oof,frangieh_melanoma_coculture,frangieh_melanoma_ifng,CTSA,0.7702115450115352,0.779309443612265,0.7894151768656389,0.7762356553424575,0.009097898600729737,0.7936334413547063,1,1,exact_perturbation_label_intersection
frangieh_condition_oof,frangieh_melanoma_coculture,frangieh_melanoma_ifng,CTSB,0.8666693312786281,0.498847782162426,0.7157629347678484,0.8750128509187781,0.36782154911620213,0.8994466920388458,1,1,exact_perturbation_label_intersection
frangieh_condition_oof,frangieh_melanoma_coculture,frangieh_melanoma_ifng,CTSD,0.7369447947297125,0.5440037073158461,0.8556754231790867,0.897826061824194,0.1929410874138664,0.6915220856386746,1,1,exact_perturbation_label_intersection
frangieh_condition_oof,frangieh_melanoma_coculture,frangieh_melanoma_ifng,CTSL,0.8984616783313611,0.8241335545498334,0.7350613258304516,0.8829478740483617,0.07432812378152776,0.6999955659065753,1,1,exact_perturbation_label_intersection
frangieh_condition_oof,frangieh_melanoma_coculture,frangieh_melanoma_ifng,CTSO,0.8535772631787266,0.4312116208023412,0.8865922990511499,0.9586355320861458,0.4223656423763854,0.8654679787742489,1,1,exact_perturbation_label_intersection
frangieh_condition_oof,frangieh_melanoma_coculture,frangieh_melanoma_ifng,CXCR4,0.8146685900756288,0.5381572334085993,0.9443797558529731,0.9717564662407647,0.2765113566670294,0.814747096466252,1,1,exact_perturbation_label_intersection
frangieh_condition_oof,frangieh_melanoma_coculture,frangieh_melanoma_ifng,CYP27A1,0.6158009249486593,0.6144402795247568,0.9335350132509511,0.970692835801832,0.0013606454239025734,0.8183318080934471,1,1,exact_perturbation_label_intersection
frangieh_condition_oof,frangieh_melanoma_coculture,frangieh_melanoma_ifng,DAG1,0.7895921638872948,0.7590285308313673,0.8420195528987108,0.8761067196177842,0.030563633055927464,0.9295405286613542,1,1,exact_perturbation_label_intersection
frangieh_condition_oof,frangieh_melanoma_coculture,frangieh_melanoma_ifng,DDR1,0.7174666949321006,0.4734669996018356,0.926252168339239,0.9328083461056594,0.243999695330265,0.9019282805595914,1,1,exact_perturbation_label_intersection
frangieh_condition_oof,frangieh_melanoma_coculture,frangieh_melanoma_ifng,DDX17,0.7922400563119233,0.643365110155764,0.8297102542199021,0.8188071347753522,0.14887494615615926,0.7621469153828678,1,1,exact_perturbation_label_intersection
frangieh_condition_oof,frangieh_melanoma_coculture,frangieh_melanoma_ifng,DDX39A,0.9255977404456491,0.8439768374743938,0.8270563278333875,0.7176295901358505,0.08162090297125535,0.9001502336067448,1,1,exact_perturbation_label_intersection
frangieh_condition_oof,frangieh_melanoma_coculture,frangieh_melanoma_ifng,DLL3,0.5821641572862479,0.5276430507408236,0.9147779178983475,0.9482095059583995,0.0545211065454243,0.7257590640244296,1,1,exact_perturbation_label_intersection
frangieh_condition_oof,frangieh_melanoma_coculture,frangieh_melanoma_ifng,DNMT1,0.8699171429492585,0.8593409537976264,0.7434656672844686,0.8343372927361717,0.010576189151632054,0.8134630203958536,1,1,exact_perturbation_label_intersection
frangieh_condition_oof,frangieh_melanoma_coculture,frangieh_melanoma_ifng,E2F1,0.8569777206771896,0.5327411218484961,0.8271594944211378,0.9139220425736827,0.3242365988286935,0.8207945333100347,1,1,exact_perturbation_label_intersection
frangieh_condition_oof,frangieh_melanoma_coculture,frangieh_melanoma_ifng,EEA1,0.7251579998274319,0.6034375071940362,0.8008168988496248,0.902760903282264,0.12172049263339568,0.8276520208813409,1,1,exact_perturbation_label_intersection
frangieh_condition_oof,frangieh_melanoma_coculture,frangieh_melanoma_ifng,EEF1G,0.9211734436750506,1.145517714603985,0.9539097820552472,0.9752196431723479,0.2243442709289344,0.9068164942472788,1,1,exact_perturbation_label_intersection
frangieh_condition_oof,frangieh_melanoma_coculture,frangieh_melanoma_ifng,EIF2S3,0.8348862308160703,1.0722912661475574,0.7998621569103127,0.873781308276369,0.23740503533148716,1.0250578278793114,1,1,exact_perturbation_label_intersection
frangieh_condition_oof,frangieh_melanoma_coculture,frangieh_melanoma_ifng,EIF3K,0.8133996469963343,0.7763500536943115,0.7888002497855352,0.8616032043994517,0.03704959330202273,0.4875222802270738,1,1,exact_perturbation_label_intersection
frangieh_condition_oof,frangieh_melanoma_coculture,frangieh_melanoma_ifng,EIF4A1,0.9867870748189208,0.9948958600542066,0.8182597663488718,0.8550308315305887,0.008108785235285798,0.8181953810894597,1,1,exact_perturbation_label_intersection
frangieh_condition_oof,frangieh_melanoma_coculture,frangieh_melanoma_ifng,EMP1,0.6137302292443102,0.5285839111026494,0.9363629371528931,0.9481009685986201,0.08514631814166085,0.7814483808114031,1,1,exact_perturbation_label_intersection
frangieh_condition_oof,frangieh_melanoma_coculture,frangieh_melanoma_ifng,ENPP1,0.7782981154053916,0.5842192560763,0.9543186141092419,0.960299325256179,0.19407885932909164,0.9301409276608207,1,1,exact_perturbation_label_intersection
frangieh_condition_oof,frangieh_melanoma_coculture,frangieh_melanoma_ifng,EVA1A,0.8503383871010572,0.8430178851609693,0.8965871119206948,0.8139669491459446,0.007320501940087931,0.941963904497447,1,1,exact_perturbation_label_intersection
frangieh_condition_oof,frangieh_melanoma_coculture,frangieh_melanoma_ifng,FARSA,1.0109825774463506,1.1833626255822964,0.7460462634272776,0.9576764596959656,0.17238004813594587,0.8929428470554532,1,1,exact_perturbation_label_intersection
frangieh_condition_oof,frangieh_melanoma_coculture,frangieh_melanoma_ifng,FBL,0.8825339004217679,0.8259972309920498,0.7383327804158117,0.8093869071781166,0.056536669429718134,0.8558648240255092,1,1,exact_perturbation_label_intersection
frangieh_condition_oof,frangieh_melanoma_coculture,frangieh_melanoma_ifng,FBXO32,0.6521840131079019,0.5027657466090409,0.8883020920328377,0.8739897684974428,0.14941826649886092,0.8783435174411528,1,1,exact_perturbation_label_intersection
frangieh_condition_oof,frangieh_melanoma_coculture,frangieh_melanoma_ifng,FGFR1,0.7262125277693465,0.5469372941379049,0.7992641393057492,0.9384004337778538,0.1792752336314416,0.7485560206642434,1,1,exact_perturbation_label_intersection
frangieh_condition_oof,frangieh_melanoma_coculture,frangieh_melanoma_ifng,FKBP4,0.935041568375137,0.7327131365586763,0.7377833780884426,0.7808998904313421,0.20232843181646065,0.9078067486889958,1,1,exact_perturbation_label_intersection
frangieh_condition_oof,frangieh_melanoma_coculture,frangieh_melanoma_ifng,FMN1,0.7263481590348724,0.7399153937534115,0.8528225415037224,0.9330108253063797,0.013567234718539156,0.8503425685467342,1,1,exact_perturbation_label_intersection
frangieh_condition_oof,frangieh_melanoma_coculture,frangieh_melanoma_ifng,FOS,0.6941486038434322,0.5382757954239199,0.9362401324622328,0.9790384149839843,0.15587280841951234,0.8650668790021105,1,1,exact_perturbation_label_intersection
frangieh_condition_oof,frangieh_melanoma_coculture,frangieh_melanoma_ifng,FOXM1,0.8903228026451172,0.8129470437851074,0.8098073984161932,0.8538556730229362,0.0773757588600098,1.0037686918611137,1,1,exact_perturbation_label_intersection
frangieh_condition_oof,frangieh_melanoma_coculture,frangieh_melanoma_ifng,FRZB,0.9502672760315489,0.5906699261571922,0.9458819571309216,0.984028432290558,0.35959734987435676,0.9655282907054388,1,1,exact_perturbation_label_intersection
frangieh_condition_oof,frangieh_melanoma_coculture,frangieh_melanoma_ifng,FSTL3,0.7442648457899698,0.5505420152564243,0.8493116791782896,0.9097633209569588,0.19372283053354544,0.8518777008875096,1,1,exact_perturbation_label_intersection
frangieh_condition_oof,frangieh_melanoma_coculture,frangieh_melanoma_ifng,FTH1,0.9057046524605441,0.8459295622020556,0.7626972297228097,0.8116809987865498,0.059775090258488484,0.8499468556510238,1,1,exact_perturbation_label_intersection
frangieh_condition_oof,frangieh_melanoma_coculture,frangieh_melanoma_ifng,GAA,0.9070072177403661,0.5369353156669939,0.8914956038566665,0.9788753088718111,0.37007190207337215,0.9663807253809049,1,1,exact_perturbation_label_intersection
frangieh_condition_oof,frangieh_melanoma_coculture,frangieh_melanoma_ifng,GAS5,0.7975481474047197,0.48486208258149566,0.9478412669035569,0.9795606153113283,0.31268606482322403,0.8354133588647435,1,1,exact_perturbation_label_intersection
frangieh_condition_oof,frangieh_melanoma_coculture,frangieh_melanoma_ifng,GPATCH4,0.8128760723804301,0.6260170554000279,0.845088280335827,0.8444073594043884,0.1868590169804022,0.7623414099140535,1,1,exact_perturbation_label_intersection
frangieh_condition_oof,frangieh_melanoma_coculture,frangieh_melanoma_ifng,GPI,1.1810135885836797,0.9469853178775507,0.8575716378810418,0.8013685988932785,0.23402827070612897,0.7405456487300024,1,1,exact_perturbation_label_intersection
frangieh_condition_oof,frangieh_melanoma_coculture,frangieh_melanoma_ifng,GPNMB,0.7661589781258061,0.5980645521342249,0.948620144613704,0.9777432211459333,0.1680944259915812,0.7287882895023741,1,1,exact_perturbation_label_intersection
frangieh_condition_oof,frangieh_melanoma_coculture,frangieh_melanoma_ifng,GRN,0.6763221365171386,0.7561764757119158,0.8195981345441036,0.8935219696623476,0.07985433919477725,0.8146923360547098,1,1,exact_perturbation_label_intersection
frangieh_condition_oof,frangieh_melanoma_coculture,frangieh_melanoma_ifng,GSEC,1.0262731036870931,0.6677701155673775,0.9198318269795855,0.9741130937144148,0.3585029881197156,1.0463115500363047,1,1,exact_perturbation_label_intersection
frangieh_condition_oof,frangieh_melanoma_coculture,frangieh_melanoma_ifng,GSN,0.7545320786270391,0.6951181320796567,0.8764665350719626,0.8936589032848978,0.05941394654738241,0.9002187630599866,1,1,exact_perturbation_label_intersection
frangieh_condition_oof,frangieh_melanoma_coculture,frangieh_melanoma_ifng,HASPIN,1.0402314205865266,0.6643241262217161,0.9293220376111352,0.9660737617110317,0.3759072943648105,0.9942738558877188,1,1,exact_perturbation_label_intersection
frangieh_condition_oof,frangieh_melanoma_coculture,frangieh_melanoma_ifng,HLA-A,0.9277255326823064,0.6319362667442305,0.8542743590874413,0.9232783784855042,0.29578926593807586,0.9395585412902309,1,1,exact_perturbation_label_intersection
frangieh_condition_oof,frangieh_melanoma_coculture,frangieh_melanoma_ifng,HLA-B,0.8112692176979166,0.7893336085418234,0.8969464979073026,0.8728627835845851,0.02193560915609316,0.771377078918902,1,1,exact_perturbation_label_intersection
frangieh_condition_oof,frangieh_melanoma_coculture,frangieh_melanoma_ifng,HLA-C,0.8066566554239953,0.5765230090528088,0.8249648524858607,0.886863581320736,0.2301336463711865,0.6829308594549717,1,1,exact_perturbation_label_intersection
frangieh_condition_oof,frangieh_melanoma_coculture,frangieh_melanoma_ifng,HLA-DRB5,0.7519155829738225,0.48332582382091327,0.9496159351500966,0.971632326712324,0.2685897591529093,0.9027216948867363,1,1,exact_perturbation_label_intersection
frangieh_condition_oof,frangieh_melanoma_coculture,frangieh_melanoma_ifng,HLA-E,0.8331761964147361,0.7271480855400375,0.8834030713520495,0.8711372162330041,0.10602811087469854,0.7469956414269041,1,1,exact_perturbation_label_intersection
frangieh_condition_oof,frangieh_melanoma_coculture,frangieh_melanoma_ifng,HLA-F,0.7562252964928391,0.5155810685774742,0.8832612914263213,0.9390926003618164,0.24064422791536488,0.8370509663702207,1,1,exact_perturbation_label_intersection
frangieh_condition_oof,frangieh_melanoma_coculture,frangieh_melanoma_ifng,HLA-H,0.6764984121437225,0.4989975526215692,0.9478412669035569,0.9795606153113283,0.17750085952215333,0.7928198150398695,1,1,exact_perturbation_label_intersection
frangieh_condition_oof,frangieh_melanoma_coculture,frangieh_melanoma_ifng,HNRNPA1,0.9257731776052469,0.9739602958520372,0.8895438378926924,0.852236360558377,0.04818711824679034,0.7439938615887567,1,1,exact_perturbation_label_intersection
frangieh_condition_oof,frangieh_melanoma_coculture,frangieh_melanoma_ifng,HNRNPC,1.0448458359481165,1.0135499687822782,0.8655327617944648,0.7357578322590985,0.03129586716583832,1.0254895432156892,1,1,exact_perturbation_label_intersection
frangieh_condition_oof,frangieh_melanoma_coculture,frangieh_melanoma_ifng,HSPA1A,0.7699585675865496,0.6843885206946168,0.7651222682801925,0.779462159104371,0.08557004689193282,0.8402088582377539,1,1,exact_perturbation_label_intersection
frangieh_condition_oof,frangieh_melanoma_coculture,frangieh_melanoma_ifng,IDH2,0.8896040463273931,0.6036763352639433,0.8420747522606753,0.9041795117304146,0.28592771106344983,0.8456455307207936,1,1,exact_perturbation_label_intersection
frangieh_condition_oof,frangieh_melanoma_coculture,frangieh_melanoma_ifng,IDI2-AS1,0.5651280591931134,0.458157232281897,0.9606294702693395,0.971456228285814,0.1069708269112164,0.7951369517446718,1,1,exact_perturbation_label_intersection
frangieh_condition_oof,frangieh_melanoma_coculture,frangieh_melanoma_ifng,IFNGR1,1.1240627450528773,0.7915654299619858,0.8737288417140089,0.9101556063051106,0.33249731509089153,0.3398015596845321,1,1,exact_perturbation_label_intersection
frangieh_condition_oof,frangieh_melanoma_coculture,frangieh_melanoma_ifng,IFNGR2,0.9237021892755267,0.8240804876668855,0.7876115746873689,0.9032057796739387,0.09962170160864126,0.3061857577007481,1,1,exact_perturbation_label_intersection
frangieh_condition_oof,frangieh_melanoma_coculture,frangieh_melanoma_ifng,ILF2,0.9348507772970979,0.8888057923089099,0.8170779022388981,0.7292421404823551,0.04604498498818799,0.8445142482449784,1,1,exact_perturbation_label_intersection
frangieh_condition_oof,frangieh_melanoma_coculture,frangieh_melanoma_ifng,IRF3,0.7488047882451219,0.5366750217098581,0.8068743910845498,0.8521831823994552,0.21212976653526372,0.6729020159302819,1,1,exact_perturbation_label_intersection
frangieh_condition_oof,frangieh_melanoma_coculture,frangieh_melanoma_ifng,IRF4,0.8707569920482167,0.6209132457321713,0.9544932515986825,0.9773906920031105,0.24984374631604533,0.9672118650600171,1,1,exact_perturbation_label_intersection
frangieh_condition_oof,frangieh_melanoma_coculture,frangieh_melanoma_ifng,ISYNA1,0.7150620037759758,0.5494260204788788,0.8349407006621874,0.9295084123198637,0.16563598329709706,0.8353246818519029,1,1,exact_perturbation_label_intersection
frangieh_condition_oof,frangieh_melanoma_coculture,frangieh_melanoma_ifng,ITGA3,1.0577229291191959,0.6723245481316797,0.839264840297418,0.8337727898257379,0.3853983809875161,0.9517863184576355,1,1,exact_perturbation_label_intersection
frangieh_condition_oof,frangieh_melanoma_coculture,frangieh_melanoma_ifng,JAK1,0.8675026741623338,0.8937672635860634,0.8289636080553254,0.8782244906605041,0.026264589423729556,0.2798978320128006,1,1,exact_perturbation_label_intersection
frangieh_condition_oof,frangieh_melanoma_coculture,frangieh_melanoma_ifng,JAK2,0.781029497055115,0.7722690670626337,0.9527530396930661,0.9463874778538472,0.008760429992481389,0.3375892900494921,1,1,exact_perturbation_label_intersection
frangieh_condition_oof,frangieh_melanoma_coculture,frangieh_melanoma_ifng,JMJD7,0.6317824436813433,0.5638787940165325,0.9568006262227441,0.9804773009028883,0.06790364966481077,0.8958194514519021,1,1,exact_perturbation_label_intersection
frangieh_condition_oof,frangieh_melanoma_coculture,frangieh_melanoma_ifng,JPT1,0.9929879411595116,0.9521146612669277,0.7535223762106128,0.7729419424944522,0.040873279892583936,0.8770069733931403,1,1,exact_perturbation_label_intersection
frangieh_condition_oof,frangieh_melanoma_coculture,frangieh_melanoma_ifng,KCNN4,0.7829427795624695,0.6328670739469546,0.8471495702294597,0.8730106615924932,0.15007570561551486,0.8207203552793891,1,1,exact_perturbation_label_intersection
frangieh_condition_oof,frangieh_melanoma_coculture,frangieh_melanoma_ifng,KDR,0.7004968841188723,0.5724948068719975,0.9347081780634432,0.9611948512989117,0.12800207724687485,0.8437625900376923,1,1,exact_perturbation_label_intersection
frangieh_condition_oof,frangieh_melanoma_coculture,frangieh_melanoma_ifng,KLF4,0.7718534563367756,0.5936776232782675,0.8132187170346419,0.9453452573704295,0.17817583305850815,0.8660422269001232,1,1,exact_perturbation_label_intersection
frangieh_condition_oof,frangieh_melanoma_coculture,frangieh_melanoma_ifng,LAMP2,0.7052255940869698,0.5621652145190288,0.8094491154644036,0.8478739200205995,0.14306037956794104,0.8673572555149771,1,1,exact_perturbation_label_intersection
frangieh_condition_oof,frangieh_melanoma_coculture,frangieh_melanoma_ifng,LCP1,0.6845527311839703,0.5448983132145326,0.9403264383696343,0.9550737506412662,0.13965441796943767,0.8105630367373104,1,1,exact_perturbation_label_intersection
frangieh_condition_oof,frangieh_melanoma_coculture,frangieh_melanoma_ifng,LEF1-AS1,0.7151646229636015,0.7482201524073848,0.9608993312133004,0.9795606153113283,0.033055529443783316,0.9407488328394683,1,1,exact_perturbation_label_intersection
frangieh_condition_oof,frangieh_melanoma_coculture,frangieh_melanoma_ifng,LGALS3,0.9977173177115772,0.8379425785427088,0.7727514042664111,0.9169161537650146,0.15977473916886842,0.8867600878005523,1,1,exact_perturbation_label_intersection
frangieh_condition_oof,frangieh_melanoma_coculture,frangieh_melanoma_ifng,LGALS3BP,0.8699445221663247,0.764038180812493,0.724759591691658,0.857518746592556,0.1059063413538317,0.9341799613798869,1,1,exact_perturbation_label_intersection
frangieh_condition_oof,frangieh_melanoma_coculture,frangieh_melanoma_ifng,LINC00518,0.7723645458963168,0.6066230383082278,0.9453061991684071,0.9774687909634295,0.16574150758808892,0.8970151313204051,1,1,exact_perturbation_label_intersection
frangieh_condition_oof,frangieh_melanoma_coculture,frangieh_melanoma_ifng,LRPAP1,0.8894066819944269,0.6462995845992621,0.7322528805976892,0.883573797944868,0.24310709739516478,0.8950884063782162,1,1,exact_perturbation_label_intersection
frangieh_condition_oof,frangieh_melanoma_coculture,frangieh_melanoma_ifng,LRRC75A-AS1,0.850286200699106,0.7384470126088658,0.9398863647836048,0.9830966555694752,0.11183918809024018,0.9425484410144191,1,1,exact_perturbation_label_intersection
frangieh_condition_oof,frangieh_melanoma_coculture,frangieh_melanoma_ifng,LY96,0.8905883201903363,0.512635910725582,0.9412060421585428,0.9680322546060225,0.3779524094647543,0.931643082642147,1,1,exact_perturbation_label_intersection
frangieh_condition_oof,frangieh_melanoma_coculture,frangieh_melanoma_ifng,MC1R,0.8359804747849018,0.5047514767969294,0.9199887909573787,0.9667328285284125,0.33122899798797234,0.8509120860892423,1,1,exact_perturbation_label_intersection
frangieh_condition_oof,frangieh_melanoma_coculture,frangieh_melanoma_ifng,MDH2,0.9514410143007196,0.9292327590766264,0.7869734610703136,0.8667179588901811,0.0222082552240932,0.7399130273599144,1,1,exact_perturbation_label_intersection
frangieh_condition_oof,frangieh_melanoma_coculture,frangieh_melanoma_ifng,MFGE8,0.8323975710545216,0.5797767115287791,0.8526568791877441,0.9482425492822765,0.25262085952574254,0.8746642085494017,1,1,exact_perturbation_label_intersection
frangieh_condition_oof,frangieh_melanoma_coculture,frangieh_melanoma_ifng,MIA,0.637220864654345,0.6315864154295808,0.9603283141138048,0.973984377191346,0.005634449224764193,0.8809364672044634,1,1,exact_perturbation_label_intersection
frangieh_condition_oof,frangieh_melanoma_coculture,frangieh_melanoma_ifng,MRPL47,1.0553806915997093,0.9614090390423239,0.8240070584194538,0.9268154482058856,0.09397165255738538,0.7088940543821138,1,1,exact_perturbation_label_intersection
frangieh_condition_oof,frangieh_melanoma_coculture,frangieh_melanoma_ifng,MT2A,0.9070208575135932,0.7703373076113508,0.8772914412226142,0.8813360789343948,0.1366835499022424,0.8500955762251226,1,1,exact_perturbation_label_intersection
frangieh_condition_oof,frangieh_melanoma_coculture,frangieh_melanoma_ifng,MYC,1.0458808828063586,1.0431153301814093,0.7717393224653574,0.8312869215718548,0.0027655526249492635,0.578846911705714,1,1,exact_perturbation_label_intersection
frangieh_condition_oof,frangieh_melanoma_coculture,frangieh_melanoma_ifng,NACA,0.9647060510834705,1.0451360560694756,0.7636119466537408,0.7294761208609039,0.08043000498600505,0.9807804601119996,1,1,exact_perturbation_label_intersection
frangieh_condition_oof,frangieh_melanoma_coculture,frangieh_melanoma_ifng,NCL,0.9387945121213959,0.8604923935538152,0.7239945732146725,0.8787176338683471,0.07830211856758063,0.9366265695241773,1,1,exact_perturbation_label_intersection
frangieh_condition_oof,frangieh_melanoma_coculture,frangieh_melanoma_ifng,NDUFA13,0.8262611403529833,0.8223156555805737,0.7743755724663348,0.8709987651674941,0.003945484772409524,0.9669759125177207,1,1,exact_perturbation_label_intersection
frangieh_condition_oof,frangieh_melanoma_coculture,frangieh_melanoma_ifng,NEAT1,0.8162912048370571,0.7032009414666165,0.6606929837094734,0.8369315070365725,0.11309026337044059,0.7622272609235816,1,1,exact_perturbation_label_intersection
frangieh_condition_oof,frangieh_melanoma_coculture,frangieh_melanoma_ifng,NGFR,0.7334273080736744,0.871417875132435,0.9615336304446703,0.9723634534803466,0.13799056705876056,0.9659194968094653,1,1,exact_perturbation_label_intersection
frangieh_condition_oof,frangieh_melanoma_coculture,frangieh_melanoma_ifng,NME1,1.0333192498105122,0.9225404830531428,0.8343320254159883,0.8137150179393373,0.1107787667573693,0.8313450306313757,1,1,exact_perturbation_label_intersection
frangieh_condition_oof,frangieh_melanoma_coculture,frangieh_melanoma_ifng,NMRK1,0.8627725153121226,0.5825818957513138,0.7718285504243562,0.8881643967568952,0.2801906195608088,0.8538302673020264,1,1,exact_perturbation_label_intersection
frangieh_condition_oof,frangieh_melanoma_coculture,frangieh_melanoma_ifng,NOLC1,0.885056359348158,0.8027214151722573,0.8122435506384477,0.8095422182535083,0.0823349441759007,0.8778392043158492,1,1,exact_perturbation_label_intersection
frangieh_condition_oof,frangieh_melanoma_coculture,frangieh_melanoma_ifng,NONO,0.8710877169753096,0.7653424782277273,0.8175967732696283,0.8196556294384024,0.10574523874758235,0.6741326582760856,1,1,exact_perturbation_label_intersection
frangieh_condition_oof,frangieh_melanoma_coculture,frangieh_melanoma_ifng,NPC1,0.690831782358635,0.4762061696976688,0.8951547744135452,0.937952775505206,0.21462561266096614,0.6030646222328079,1,1,exact_perturbation_label_intersection
frangieh_condition_oof,frangieh_melanoma_coculture,frangieh_melanoma_ifng,NPC2,0.7705861060503922,0.8613402722610682,0.8287803908718764,0.8004677485921441,0.090754166210676,0.8945121596656291,1,1,exact_perturbation_label_intersection
frangieh_condition_oof,frangieh_melanoma_coculture,frangieh_melanoma_ifng,NSG1,0.7693520881022581,0.5639007513739991,0.952329442902569,0.9781334163406509,0.205451336728259,0.8864494283892088,1,1,exact_perturbation_label_intersection
frangieh_condition_oof,frangieh_melanoma_coculture,frangieh_melanoma_ifng,NT5E,0.8987190890161605,0.6567506975972683,0.915813497630924,0.8930863135588892,0.24196839141889215,0.956906729439329,1,1,exact_perturbation_label_intersection
frangieh_condition_oof,frangieh_melanoma_coculture,frangieh_melanoma_ifng,NUP50-AS1,0.7568950339983862,0.5951335138590561,0.9575219428605863,0.9792231149503273,0.1617615201393301,0.8663477760885018,1,1,exact_perturbation_label_intersection
frangieh_condition_oof,frangieh_melanoma_coculture,frangieh_melanoma_ifng,P2RX4,0.6987314602427818,0.9045990031825984,0.9347156321444335,0.9668222696940815,0.20586754293981668,0.9325616566695618,1,1,exact_perturbation_label_intersection
frangieh_condition_oof,frangieh_melanoma_coculture,frangieh_melanoma_ifng,PABPC1,0.961244049441025,0.9132702927308864,0.7211714553895116,0.7841463724814429,0.04797375671013859,0.7262442213792414,1,1,exact_perturbation_label_intersection
frangieh_condition_oof,frangieh_melanoma_coculture,frangieh_melanoma_ifng,PAICS,0.9039676040392215,1.0074380409393628,0.8771914899952679,0.8419070595317212,0.10347043690014135,0.934480810770856,1,1,exact_perturbation_label_intersection
frangieh_condition_oof,frangieh_melanoma_coculture,frangieh_melanoma_ifng,PET100,1.1135912013890024,0.9722648132407197,0.8149000022683549,0.892735025204447,0.1413263881482827,0.8534324380869903,1,1,exact_perturbation_label_intersection
frangieh_condition_oof,frangieh_melanoma_coculture,frangieh_melanoma_ifng,PFDN4,0.9356576984917208,0.9129258253258201,0.6853812944783207,0.8900949035980245,0.02273187316590064,0.895661350117878,1,1,exact_perturbation_label_intersection
frangieh_condition_oof,frangieh_melanoma_coculture,frangieh_melanoma_ifng,PFN1,0.8902745370213778,0.9110241049237956,0.7974597173314769,0.9034244965961076,0.020749567902417776,0.8588434411782577,1,1,exact_perturbation_label_intersection
frangieh_condition_oof,frangieh_melanoma_coculture,frangieh_melanoma_ifng,PIK3IP1,0.6865363423798818,0.4268540327651992,0.9614700924323843,0.9766029999169309,0.25968230961468264,0.804355512347785,1,1,exact_perturbation_label_intersection
frangieh_condition_oof,frangieh_melanoma_coculture,frangieh_melanoma_ifng,POLD2,0.9296652183512045,0.790403152682918,0.7015013555140229,0.8737608782702657,0.13926206566828647,0.9954843960832112,1,1,exact_perturbation_label_intersection
frangieh_condition_oof,frangieh_melanoma_coculture,frangieh_melanoma_ifng,PPA1,0.8802144488563052,0.9371196693149354,0.7789199721007679,0.8761561550117665,0.056905220458630223,0.8951616896589394,1,1,exact_perturbation_label_intersection
frangieh_condition_oof,frangieh_melanoma_coculture,frangieh_melanoma_ifng,PPIA,0.8927510371626728,0.954230831039969,0.8081075984505707,0.8285721929488026,0.061479793877296185,0.8180045817142512,1,1,exact_perturbation_label_intersection
frangieh_condition_oof,frangieh_melanoma_coculture,frangieh_melanoma_ifng,PRELID3B,0.9592355489262361,0.94054547828261,0.8091249741119664,0.8823566009512703,0.018690070643626044,0.9942838478929663,1,1,exact_perturbation_label_intersection
frangieh_condition_oof,frangieh_melanoma_coculture,frangieh_melanoma_ifng,PROS1,0.8805002189096891,0.746026669804126,0.9493728763997954,0.9259624610453093,0.13447354910556308,0.9467903607711288,1,1,exact_perturbation_label_intersection
frangieh_condition_oof,frangieh_melanoma_coculture,frangieh_melanoma_ifng,PSAP,0.7878040813853087,0.5283261082332775,0.8419825318581736,0.8445538437521843,0.25947797315203114,0.8487598197037158,1,1,exact_perturbation_label_intersection
frangieh_condition_oof,frangieh_melanoma_coculture,frangieh_melanoma_ifng,PSMA7,0.8745386497722365,0.9604452074376777,0.8258210377615022,0.8999812432233459,0.0859065576654412,1.0147796887599396,1,1,exact_perturbation_label_intersection
frangieh_condition_oof,frangieh_melanoma_coculture,frangieh_melanoma_ifng,PSMB8-AS1,0.8096996521455415,0.5986991546655787,0.8202515387323427,0.9458988728356945,0.21100049747996286,0.8773318954693411,1,1,exact_perturbation_label_intersection
frangieh_condition_oof,frangieh_melanoma_coculture,frangieh_melanoma_ifng,PTMA,0.9505627806346716,0.9684679075136318,0.8497864791236145,0.7909526307131016,0.017905126878960176,0.6146333794959571,1,1,exact_perturbation_label_intersection
frangieh_condition_oof,frangieh_melanoma_coculture,frangieh_melanoma_ifng,PUF60,0.9944665004741812,0.9781595792843498,0.6970066221499766,0.9293992597640869,0.016306921189831347,0.9497783114170674,1,1,exact_perturbation_label_intersection
frangieh_condition_oof,frangieh_melanoma_coculture,frangieh_melanoma_ifng,PYGB,0.8914767721119614,0.7123830870095604,0.8301653612530191,0.8976304380821,0.17909368510240098,0.907376669966857,1,1,exact_perturbation_label_intersection
frangieh_condition_oof,frangieh_melanoma_coculture,frangieh_melanoma_ifng,RAB27A,0.6854333906119753,0.67165442595764,0.8241924645635278,0.941903766458902,0.013778964654335257,0.8439643136548302,1,1,exact_perturbation_label_intersection
frangieh_condition_oof,frangieh_melanoma_coculture,frangieh_melanoma_ifng,RB1,0.6522426381797269,0.5345200719980612,0.8972662421287673,0.8625177978307507,0.11772256618166577,0.7149615575242083,1,1,exact_perturbation_label_intersection
frangieh_condition_oof,frangieh_melanoma_coculture,frangieh_melanoma_ifng,RBP7,0.7761248712018562,0.6076493433410113,0.9447832209751995,0.9775431809647461,0.16847552786084496,0.8581739226799437,1,1,exact_perturbation_label_intersection
frangieh_condition_oof,frangieh_melanoma_coculture,frangieh_melanoma_ifng,RNASEH2A,1.3055948899428833,0.7850445152176717,0.9362133883550126,0.9821317355992716,0.5205503747252116,0.8760944881932864,1,1,exact_perturbation_label_intersection
frangieh_condition_oof,frangieh_melanoma_coculture,frangieh_melanoma_ifng,RNF213,0.9919065921717961,0.8770748054310751,0.7889772715981066,0.825820939986397,0.11483178674072103,0.9216738620689958,1,1,exact_perturbation_label_intersection
frangieh_condition_oof,frangieh_melanoma_coculture,frangieh_melanoma_ifng,ROMO1,1.1141285415052065,0.9845483172217399,0.7685738353112234,0.8031932744133629,0.1295802242834666,0.9184463889242924,1,1,exact_perturbation_label_intersection
frangieh_condition_oof,frangieh_melanoma_coculture,frangieh_melanoma_ifng,RPSA,0.936743313468833,0.9829853872636158,0.7394643750218167,0.8251126980654043,0.046242073794782845,1.0289901184189458,1,1,exact_perturbation_label_intersection
frangieh_condition_oof,frangieh_melanoma_coculture,frangieh_melanoma_ifng,RRS1,0.8045652271667056,0.8679754564971505,0.8325654569426145,0.8848363831059665,0.06341022933044482,0.8260388388264152,1,1,exact_perturbation_label_intersection
frangieh_condition_oof,frangieh_melanoma_coculture,frangieh_melanoma_ifng,RTP4,0.8184478211838018,0.5908290573355157,0.941024623459108,0.9202838896206401,0.22761876384828605,0.9369702213788307,1,1,exact_perturbation_label_intersection
frangieh_condition_oof,frangieh_melanoma_coculture,frangieh_melanoma_ifng,RUVBL2,0.9754943895439464,0.9013059434436481,0.7797753483277635,0.8877019521245072,0.07418844610029829,0.9870195616825659,1,1,exact_perturbation_label_intersection
frangieh_condition_oof,frangieh_melanoma_coculture,frangieh_melanoma_ifng,S100A6,0.9341421262489853,0.8144103117506138,0.7487466792708068,0.8470486920967278,0.11973181449837145,0.8533895156951081,1,1,exact_perturbation_label_intersection
frangieh_condition_oof,frangieh_melanoma_coculture,frangieh_melanoma_ifng,S100B,0.7769051680244039,0.63178854775956,0.9613984380561061,0.9718989703084521,0.14511662026484395,0.8916149960555902,1,1,exact_perturbation_label_intersection
frangieh_condition_oof,frangieh_melanoma_coculture,frangieh_melanoma_ifng,SAE1,0.889790093609945,0.971140073870575,0.8400371351520396,0.9114927329140755,0.08134998026063,0.9426934281275471,1,1,exact_perturbation_label_intersection
frangieh_condition_oof,frangieh_melanoma_coculture,frangieh_melanoma_ifng,SAT1,0.8159658647037867,0.6655299113072691,0.8217527656380809,0.8099056125443985,0.1504359533965176,0.9076786697377279,1,1,exact_perturbation_label_intersection
frangieh_condition_oof,frangieh_melanoma_coculture,frangieh_melanoma_ifng,SCARB2,0.7220988569751208,0.7026199603027026,0.8050747372185539,0.6825646918402143,0.0194788966724182,0.7871463176317338,1,1,exact_perturbation_label_intersection
frangieh_condition_oof,frangieh_melanoma_coculture,frangieh_melanoma_ifng,SDC3,0.7745710845249031,0.6701637309489648,0.900880537656728,0.9640514169248012,0.10440735357593833,0.9222953943160407,1,1,exact_perturbation_label_intersection
frangieh_condition_oof,frangieh_melanoma_coculture,frangieh_melanoma_ifng,SDCBP,0.9037435575068683,0.8662304711979297,0.7336644625151002,0.7084327503703592,0.03751308630893857,0.948082608300854,1,1,exact_perturbation_label_intersection
frangieh_condition_oof,frangieh_melanoma_coculture,frangieh_melanoma_ifng,SEC11C,0.8055800732057998,0.683279120034973,0.8288875764434543,0.8632998731343345,0.12230095317082679,0.8447322390949479,1,1,exact_perturbation_label_intersection
frangieh_condition_oof,frangieh_melanoma_coculture,frangieh_melanoma_ifng,SERPINA3,0.7476823903519271,0.7753203431020669,0.9567155074800766,0.9804213441434997,0.027637952750139805,0.9578837360004172,1,1,exact_perturbation_label_intersection
frangieh_condition_oof,frangieh_melanoma_coculture,frangieh_melanoma_ifng,SERPINE2,0.8189894805425761,0.7353026206352544,0.7478270083411599,0.796119736819711,0.08368685990732172,0.824667913510755,1,1,exact_perturbation_label_intersection
frangieh_condition_oof,frangieh_melanoma_coculture,frangieh_melanoma_ifng,SERPINF1,0.9320897229987961,0.708793708848028,0.9458510818202613,0.9803334596223251,0.22329601415076816,0.9469814188933031,1,1,exact_perturbation_label_intersection
frangieh_condition_oof,frangieh_melanoma_coculture,frangieh_melanoma_ifng,SET,0.9811804084512037,0.8397849985072707,0.7956641285586109,0.8199462155354974,0.14139540994393296,0.6869614905302153,1,1,exact_perturbation_label_intersection
frangieh_condition_oof,frangieh_melanoma_coculture,frangieh_melanoma_ifng,SGK1,0.8570776481536359,0.6627524611218698,0.7537511963255165,0.87418539161186,0.19432518703176604,0.8545422840845547,1,1,exact_perturbation_label_intersection
frangieh_condition_oof,frangieh_melanoma_coculture,frangieh_melanoma_ifng,SHMT2,0.8970635073992445,0.7020531709486068,0.7605840964565531,0.9048673078329839,0.1950103364506377,0.8704304679950483,1,1,exact_perturbation_label_intersection
frangieh_condition_oof,frangieh_melanoma_coculture,frangieh_melanoma_ifng,SINHCAF,0.9540236404590259,0.8449806917631217,0.7466240024896188,0.847020641632566,0.10904294869590414,0.618969527259462,1,1,exact_perturbation_label_intersection
frangieh_condition_oof,frangieh_melanoma_coculture,frangieh_melanoma_ifng,SLC19A1,0.7091819699263358,0.7788159010785547,0.8473323249553838,0.9523895927036775,0.06963393115221894,0.9051698734781533,1,1,exact_perturbation_label_intersection
frangieh_condition_oof,frangieh_melanoma_coculture,frangieh_melanoma_ifng,SLC22A18,0.7956318485529592,0.5022991162934127,0.9012333511262015,0.9379481654928421,0.2933327322595465,0.8631429266562604,1,1,exact_perturbation_label_intersection
frangieh_condition_oof,frangieh_melanoma_coculture,frangieh_melanoma_ifng,SLC25A13,0.739766473248758,0.7437504486786082,0.7966822705930413,0.9185840577912531,0.003983975429850184,0.8772234728510425,1,1,exact_perturbation_label_intersection
frangieh_condition_oof,frangieh_melanoma_coculture,frangieh_melanoma_ifng,SLC26A2,0.8264722767205553,0.706528505887422,0.9146361749840516,0.885180751101347,0.11994377083313335,0.8778583717046945,1,1,exact_perturbation_label_intersection
frangieh_condition_oof,frangieh_melanoma_coculture,frangieh_melanoma_ifng,SLC5A3,0.866001506595889,0.7612177124305917,0.9113368290225772,0.9166735118854032,0.10478379416529737,0.9942574258608404,1,1,exact_perturbation_label_intersection
frangieh_condition_oof,frangieh_melanoma_coculture,frangieh_melanoma_ifng,SLC7A5P1,0.8551571142497965,0.6150640201733923,0.9575219428605863,0.9771442004541848,0.2400930940764041,0.9519217447324023,1,1,exact_perturbation_label_intersection
frangieh_condition_oof,frangieh_melanoma_coculture,frangieh_melanoma_ifng,SLIRP,0.7487260791113641,1.0872144150013034,0.7635552230434847,0.8927961759197682,0.3384883358899393,0.4893276236638976,1,1,exact_perturbation_label_intersection
frangieh_condition_oof,frangieh_melanoma_coculture,frangieh_melanoma_ifng,SMAD3,0.8004651092739238,0.6676809904469376,0.8278913080361588,0.9020275999144339,0.13278411882698615,0.8005310774708593,1,1,exact_perturbation_label_intersection
frangieh_condition_oof,frangieh_melanoma_coculture,frangieh_melanoma_ifng,SMAD4,1.0436197872635025,0.6539137670531914,0.8850295522733024,0.9479479251747875,0.3897060202103111,0.8447782073657064,1,1,exact_perturbation_label_intersection
frangieh_condition_oof,frangieh_melanoma_coculture,frangieh_melanoma_ifng,SNHG6,0.6959424204942036,0.7344966668158444,0.9478412669035569,0.9795606153113283,0.03855424632164073,0.856686597084076,1,1,exact_perturbation_label_intersection
frangieh_condition_oof,frangieh_melanoma_coculture,frangieh_melanoma_ifng,SNRPE,0.9568652261490852,0.8704532288473276,0.8935916949899392,0.8361714565703006,0.08641199730175764,0.9700107538032907,1,1,exact_perturbation_label_intersection
frangieh_condition_oof,frangieh_melanoma_coculture,frangieh_melanoma_ifng,SNRPF,0.85124279136003,0.9846434448106632,0.8483632623829367,0.8175611084987655,0.13340065345063323,0.9884552536474943,1,1,exact_perturbation_label_intersection
frangieh_condition_oof,frangieh_melanoma_coculture,frangieh_melanoma_ifng,SNRPG,0.9194666030455012,0.9258231684587774,0.7595003549068821,0.7100260119265523,0.006356565413276227,0.9958118762998828,1,1,exact_perturbation_label_intersection
frangieh_condition_oof,frangieh_melanoma_coculture,frangieh_melanoma_ifng,SOX4,0.7634692017275451,0.5006810939553361,0.7703255275212905,0.9193671203955035,0.26278810777220896,0.8275142534828118,1,1,exact_perturbation_label_intersection
frangieh_condition_oof,frangieh_melanoma_coculture,frangieh_melanoma_ifng,SP100,0.7419749480301767,0.7621992728845945,0.7802256615514094,0.9177393282143039,0.02022432485441783,0.831596453076784,1,1,exact_perturbation_label_intersection
frangieh_condition_oof,frangieh_melanoma_coculture,frangieh_melanoma_ifng,SPESP1,0.7225683432640145,0.7958874776170614,0.8918334805964196,0.8806709016108485,0.07331913435304682,0.8150765581152961,1,1,exact_perturbation_label_intersection
frangieh_condition_oof,frangieh_melanoma_coculture,frangieh_melanoma_ifng,SPINT1,0.835859992209668,0.5975141755065769,0.9551889318431307,0.9697573755002148,0.23834581670309107,0.8677178643111411,1,1,exact_perturbation_label_intersection
frangieh_condition_oof,frangieh_melanoma_coculture,frangieh_melanoma_ifng,SSR2,1.0203958137619946,0.7864306129902884,0.7431824522384809,0.7936952657572354,0.23396520077170624,0.88967441124102,1,1,exact_perturbation_label_intersection
frangieh_condition_oof,frangieh_melanoma_coculture,frangieh_melanoma_ifng,ST3GAL6-AS1,0.7914495415281437,0.5520575139424042,0.9571615968487563,0.973775707793403,0.23939202758573952,0.9192672713850528,1,1,exact_perturbation_label_intersection
frangieh_condition_oof,frangieh_melanoma_coculture,frangieh_melanoma_ifng,ST6GALNAC2,0.9685035292559006,0.815795077825317,0.9567968898077784,0.9718819832550918,0.15270845143058354,0.9319054123475656,1,1,exact_perturbation_label_intersection
frangieh_condition_oof,frangieh_melanoma_coculture,frangieh_melanoma_ifng,STAT1,0.7613261742713614,0.5924374434563199,0.7477836786340785,0.8625477764420569,0.16888873081504152,0.3498410255888753,1,1,exact_perturbation_label_intersection
frangieh_condition_oof,frangieh_melanoma_coculture,frangieh_melanoma_ifng,STAT3,0.9109603117439276,0.6309598748360516,0.9198997546437996,0.8948278702929958,0.2800004369078759,0.7751558677021444,1,1,exact_perturbation_label_intersection
frangieh_condition_oof,frangieh_melanoma_coculture,frangieh_melanoma_ifng,STOM,0.7736607154492594,0.8923940217068068,0.8692204259384861,0.8402396351991689,0.11873330625754741,0.9463343263206639,1,1,exact_perturbation_label_intersection
frangieh_condition_oof,frangieh_melanoma_coculture,frangieh_melanoma_ifng,STX7,0.8077897912937199,0.6170521227221326,0.8564006547156718,0.8817742112540005,0.19073766857158725,0.9113496818118983,1,1,exact_perturbation_label_intersection
frangieh_condition_oof,frangieh_melanoma_coculture,frangieh_melanoma_ifng,TAPBP,1.0056636879528733,0.68400086308127,0.7875566599590563,0.9037866396013085,0.32166282487160336,0.9414991911748319,1,1,exact_perturbation_label_intersection
frangieh_condition_oof,frangieh_melanoma_coculture,frangieh_melanoma_ifng,TAPBPL,0.8515840234174684,0.5959843375145708,0.9067604304989875,0.971919615206891,0.2555996859028976,0.8512157585662589,1,1,exact_perturbation_label_intersection
frangieh_condition_oof,frangieh_melanoma_coculture,frangieh_melanoma_ifng,TFAP2A,0.8025400479838594,0.7387687819315509,0.8776116391137186,0.8626908000890895,0.06377126605230843,0.8152901589191577,1,1,exact_perturbation_label_intersection
frangieh_condition_oof,frangieh_melanoma_coculture,frangieh_melanoma_ifng,TGFB1,0.8013061246059863,0.6696566994358146,0.8410352748523583,0.8366980236838426,0.13164942517017164,0.8530930402571739,1,1,exact_perturbation_label_intersection
frangieh_condition_oof,frangieh_melanoma_coculture,frangieh_melanoma_ifng,TIMM50,0.9165861074971968,0.8948495525254974,0.7933443897146345,0.905238032887843,0.021736554971699462,0.9265980473116803,1,1,exact_perturbation_label_intersection
frangieh_condition_oof,frangieh_melanoma_coculture,frangieh_melanoma_ifng,TIMP1,0.7695551329666117,0.6361256036860649,0.7791048954826577,0.8406683495004178,0.13342952928054685,0.8347883936260447,1,1,exact_perturbation_label_intersection
frangieh_condition_oof,frangieh_melanoma_coculture,frangieh_melanoma_ifng,TIMP2,0.9445194730583162,0.8937274198413362,0.6884805652954405,0.769358187559246,0.05079205321697999,0.9567748361266568,1,1,exact_perturbation_label_intersection
frangieh_condition_oof,frangieh_melanoma_coculture,frangieh_melanoma_ifng,TIMP3,0.8635544160407852,0.7569298001691281,0.766123935252193,0.8177295289209173,0.10662461587165706,0.9414709877439843,1,1,exact_perturbation_label_intersection
frangieh_condition_oof,frangieh_melanoma_coculture,frangieh_melanoma_ifng,TM4SF1,0.835367688719542,0.8274156047133838,0.7779054556135924,0.6928841212664917,0.007952084006158211,0.8330189225015701,1,1,exact_perturbation_label_intersection
frangieh_condition_oof,frangieh_melanoma_coculture,frangieh_melanoma_ifng,TMED10,1.1477860786225327,1.1286858698318114,0.7764486593585002,0.9067618840320196,0.019100208790721274,0.6799643327042366,1,1,exact_perturbation_label_intersection
frangieh_condition_oof,frangieh_melanoma_coculture,frangieh_melanoma_ifng,TMEM173,0.6580795406379042,0.6832185864167437,0.8926976449789003,0.9612739190847625,0.02513904577883952,0.8067824852489599,1,1,exact_perturbation_label_intersection
frangieh_condition_oof,frangieh_melanoma_coculture,frangieh_melanoma_ifng,TOP1MT,0.908621101126879,0.8810912133215212,0.8401107418723242,0.9559178483514313,0.02752988780535781,0.8745040723370334,1,1,exact_perturbation_label_intersection
frangieh_condition_oof,frangieh_melanoma_coculture,frangieh_melanoma_ifng,TP53,0.6788123868410774,0.6891591112117805,0.8980421484885169,0.9688685152264661,0.010346724370703164,0.811951315676146,1,1,exact_perturbation_label_intersection
frangieh_condition_oof,frangieh_melanoma_coculture,frangieh_melanoma_ifng,TPP1,0.8519208111348437,0.9013836266278141,0.9424688184626572,0.9457425567704479,0.04946281549297038,0.9261691486056335,1,1,exact_perturbation_label_intersection
frangieh_condition_oof,frangieh_melanoma_coculture,frangieh_melanoma_ifng,TPRKB,1.085829201958725,1.010577481709952,0.7601512405854338,0.8253349484325486,0.07525172024877302,0.694415643202009,1,1,exact_perturbation_label_intersection
frangieh_condition_oof,frangieh_melanoma_coculture,frangieh_melanoma_ifng,TRIM22,0.8167435118342965,0.7738936185855874,0.8976484933700655,0.93754429836501,0.04284989324870914,0.9372807905655468,1,1,exact_perturbation_label_intersection
frangieh_condition_oof,frangieh_melanoma_coculture,frangieh_melanoma_ifng,TSC22D3,0.756908230651752,0.6542548388889489,0.9298334710511011,0.9383606056338284,0.10265339176280308,0.8223098016680468,1,1,exact_perturbation_label_intersection
frangieh_condition_oof,frangieh_melanoma_coculture,frangieh_melanoma_ifng,TTLL1,0.7221170654920446,0.7245967988258757,0.9356155616167521,0.9530663485873525,0.0024797333338311134,0.87938404808627,1,1,exact_perturbation_label_intersection
frangieh_condition_oof,frangieh_melanoma_coculture,frangieh_melanoma_ifng,TXNDC17,0.9524681076544091,0.6859002892318131,0.7857492359843349,0.8238601104563533,0.266567818422596,0.5473301864568128,1,1,exact_perturbation_label_intersection
frangieh_condition_oof,frangieh_melanoma_coculture,frangieh_melanoma_ifng,TYR,0.7734409490209866,0.7397656109543219,0.9575219428605863,0.9703880759640322,0.03367533806666467,0.862411590671854,1,1,exact_perturbation_label_intersection
frangieh_condition_oof,frangieh_melanoma_coculture,frangieh_melanoma_ifng,UBA52,1.0230674658492054,0.9815417709009584,0.7711112083272343,0.8068206373616492,0.04152569494824698,1.0183183941688791,1,1,exact_perturbation_label_intersection
frangieh_condition_oof,frangieh_melanoma_coculture,frangieh_melanoma_ifng,UBC,0.9400977732023557,0.8778090164876932,0.7121218418375861,0.7570435173122204,0.062288756714662497,0.9353733252413565,1,1,exact_perturbation_label_intersection
frangieh_condition_oof,frangieh_melanoma_coculture,frangieh_melanoma_ifng,UCN2,0.6835699233502701,0.8386749496276209,0.9508438107404453,0.9514256163937419,0.1551050262773508,0.8687150253687052,1,1,exact_perturbation_label_intersection
frangieh_condition_oof,frangieh_melanoma_coculture,frangieh_melanoma_ifng,UQCRFS1,1.0125953639857062,0.9446445041630387,0.7524358226144482,0.7114894355446987,0.06795085982266746,0.9409166480690949,1,1,exact_perturbation_label_intersection
frangieh_condition_oof,frangieh_melanoma_coculture,frangieh_melanoma_ifng,UQCRH,0.8873733462800427,1.0266196064429278,0.8184186303673657,0.8488481066198168,0.1392462601628851,1.0246472714117971,1,1,exact_perturbation_label_intersection
frangieh_condition_oof,frangieh_melanoma_coculture,frangieh_melanoma_ifng,VAT1,0.9414388344576861,0.7619281121175513,0.6863126913479899,0.8711148351987906,0.17951072234013477,0.940093164034712,1,1,exact_perturbation_label_intersection
frangieh_condition_oof,frangieh_melanoma_coculture,frangieh_melanoma_ifng,VDAC2,0.7798406554600152,0.9725649721679089,0.7684489100215375,0.8681864263767644,0.1927243167078937,0.9191698544516548,1,1,exact_perturbation_label_intersection
frangieh_condition_oof,frangieh_melanoma_coculture,frangieh_melanoma_ifng,WBP2,0.8145419421418302,0.7210685117248652,0.7198961048274607,0.9599821112750399,0.09347343041696499,0.8384433535327254,1,1,exact_perturbation_label_intersection
frangieh_condition_oof,frangieh_melanoma_coculture,frangieh_melanoma_ifng,WNT7A,0.85303660261894,0.7332386958549322,0.9614975928232087,0.980514886732442,0.11979790676400781,0.9257261602841296,1,1,exact_perturbation_label_intersection
frangieh_condition_oof,frangieh_melanoma_coculture,frangieh_melanoma_ifng,XAGE1A,0.770793451270864,0.923033777082269,0.9538969125459341,0.9798496481695093,0.152240325811405,0.9478056565237915,1,1,exact_perturbation_label_intersection
