candidate_id,estimand,analysis_label,source_context_id,left_target_context_id,right_target_context_id,metric,split_seed,member_pair,n_perturbations,eligibility_min_cells,cross_d,measurement_left_d,measurement_right_d,measurement_floor_max_d,joint_left_d,joint_right_d,joint_floor_max_d,delta_meas,delta_joint,raw_split_contract,budget_contract,refit_per_metric
nadig_hepg2_vs_jurkat,matched_budget_source_frozen_replication,primary_min20,nadig_hepg2,nadig_hepg2,nadig_jurkat,delta_cosine,20260908,"0,1",2086,20,0.299393007166654,0.17861913728844347,0.1659840296506802,0.17861913728844347,0.19362439099535328,0.20059917550140138,0.20059917550140138,0.12077386987821054,0.09879383166525263,raw cells; independent full-size with-replacement pseudo-replicates within context×perturbation; controls resampled independently,"min(n_left,n_right) cells per full-size pseudo-replicate",0
nadig_hepg2_vs_jurkat,matched_budget_source_frozen_replication,primary_min20,nadig_hepg2,nadig_hepg2,nadig_jurkat,delta_cosine,20260908,"0,2",2086,20,0.299393007166654,0.17861913728844347,0.1659840296506802,0.17861913728844347,0.18790313865877573,0.19093396423800557,0.19093396423800557,0.12077386987821054,0.10845904292864844,raw cells; independent full-size with-replacement pseudo-replicates within context×perturbation; controls resampled independently,"min(n_left,n_right) cells per full-size pseudo-replicate",0
nadig_hepg2_vs_jurkat,matched_budget_source_frozen_replication,primary_min20,nadig_hepg2,nadig_hepg2,nadig_jurkat,delta_cosine,20260908,"1,2",2086,20,0.299393007166654,0.17861913728844347,0.1659840296506802,0.17861913728844347,0.19063035286056867,0.1955734357863661,0.1955734357863661,0.12077386987821054,0.10381957138028791,raw cells; independent full-size with-replacement pseudo-replicates within context×perturbation; controls resampled independently,"min(n_left,n_right) cells per full-size pseudo-replicate",0
nadig_hepg2_vs_jurkat,matched_budget_source_frozen_replication,primary_min20,nadig_hepg2,nadig_hepg2,nadig_jurkat,systema_centroid_accuracy,20260908,"0,1",2086,20,0.32887067143983756,0.2354630964451833,0.20717585088209395,0.2354630964451833,0.24816304195378117,0.2555040914535869,0.2555040914535869,0.09340757499465427,0.07336657998625068,raw cells; independent full-size with-replacement pseudo-replicates within context×perturbation; controls resampled independently,"min(n_left,n_right) cells per full-size pseudo-replicate",0
nadig_hepg2_vs_jurkat,matched_budget_source_frozen_replication,primary_min20,nadig_hepg2,nadig_hepg2,nadig_jurkat,systema_centroid_accuracy,20260908,"0,2",2086,20,0.32887067143983756,0.2354630964451833,0.20717585088209395,0.2354630964451833,0.24380752349223211,0.2374676672851556,0.24380752349223211,0.09340757499465427,0.08506314794760544,raw cells; independent full-size with-replacement pseudo-replicates within context×perturbation; controls resampled independently,"min(n_left,n_right) cells per full-size pseudo-replicate",0
nadig_hepg2_vs_jurkat,matched_budget_source_frozen_replication,primary_min20,nadig_hepg2,nadig_hepg2,nadig_jurkat,systema_centroid_accuracy,20260908,"1,2",2086,20,0.32887067143983756,0.2354630964451833,0.20717585088209395,0.2354630964451833,0.2411235345376623,0.22627186841131125,0.2411235345376623,0.09340757499465427,0.08774713690217525,raw cells; independent full-size with-replacement pseudo-replicates within context×perturbation; controls resampled independently,"min(n_left,n_right) cells per full-size pseudo-replicate",0
nadig_hepg2_vs_jurkat,matched_budget_source_frozen_replication,primary_min20,nadig_hepg2,nadig_hepg2,nadig_jurkat,absolute_effect_rank_agreement,20260908,"0,1",2086,20,0.3171490420319545,0.23758251308828296,0.18864601511504125,0.23758251308828296,0.26750335110626744,0.24209506795330754,0.26750335110626744,0.07956652894367153,0.04964569092568705,raw cells; independent full-size with-replacement pseudo-replicates within context×perturbation; controls resampled independently,"min(n_left,n_right) cells per full-size pseudo-replicate",0
nadig_hepg2_vs_jurkat,matched_budget_source_frozen_replication,primary_min20,nadig_hepg2,nadig_hepg2,nadig_jurkat,absolute_effect_rank_agreement,20260908,"0,2",2086,20,0.3171490420319545,0.23758251308828296,0.18864601511504125,0.23758251308828296,0.2703772552427856,0.26122511386863667,0.2703772552427856,0.07956652894367153,0.04677178678916888,raw cells; independent full-size with-replacement pseudo-replicates within context×perturbation; controls resampled independently,"min(n_left,n_right) cells per full-size pseudo-replicate",0
nadig_hepg2_vs_jurkat,matched_budget_source_frozen_replication,primary_min20,nadig_hepg2,nadig_hepg2,nadig_jurkat,absolute_effect_rank_agreement,20260908,"1,2",2086,20,0.3171490420319545,0.23758251308828296,0.18864601511504125,0.23758251308828296,0.2668088731316002,0.2491398635645654,0.2668088731316002,0.07956652894367153,0.05034016890035431,raw cells; independent full-size with-replacement pseudo-replicates within context×perturbation; controls resampled independently,"min(n_left,n_right) cells per full-size pseudo-replicate",0
nadig_hepg2_vs_jurkat,matched_budget_source_frozen_replication,primary_min20,nadig_jurkat,nadig_hepg2,nadig_jurkat,delta_cosine,20260908,"0,1",2086,20,0.2995982121302,0.18219901547601802,0.16659815005138745,0.18219901547601802,0.19737487095654255,0.20596186521540197,0.20596186521540197,0.11739919665418197,0.09363634691479802,raw cells; independent full-size with-replacement pseudo-replicates within context×perturbation; controls resampled independently,"min(n_left,n_right) cells per full-size pseudo-replicate",0
nadig_hepg2_vs_jurkat,matched_budget_source_frozen_replication,primary_min20,nadig_jurkat,nadig_hepg2,nadig_jurkat,delta_cosine,20260908,"0,2",2086,20,0.2995982121302,0.18219901547601802,0.16659815005138745,0.18219901547601802,0.19625354366554695,0.20347503397090572,0.20347503397090572,0.11739919665418197,0.09612317815929428,raw cells; independent full-size with-replacement pseudo-replicates within context×perturbation; controls resampled independently,"min(n_left,n_right) cells per full-size pseudo-replicate",0
nadig_hepg2_vs_jurkat,matched_budget_source_frozen_replication,primary_min20,nadig_jurkat,nadig_hepg2,nadig_jurkat,delta_cosine,20260908,"1,2",2086,20,0.2995982121302,0.18219901547601802,0.16659815005138745,0.18219901547601802,0.19291255394533846,0.19787667469092798,0.19787667469092798,0.11739919665418197,0.10172153743927201,raw cells; independent full-size with-replacement pseudo-replicates within context×perturbation; controls resampled independently,"min(n_left,n_right) cells per full-size pseudo-replicate",0
nadig_hepg2_vs_jurkat,matched_budget_source_frozen_replication,primary_min20,nadig_jurkat,nadig_hepg2,nadig_jurkat,systema_centroid_accuracy,20260908,"0,1",2086,20,0.33272588065693176,0.23536859869726465,0.20662449905847136,0.23536859869726465,0.24539467179851515,0.2362560957945053,0.24539467179851515,0.09735728195966711,0.08733120885841661,raw cells; independent full-size with-replacement pseudo-replicates within context×perturbation; controls resampled independently,"min(n_left,n_right) cells per full-size pseudo-replicate",0
nadig_hepg2_vs_jurkat,matched_budget_source_frozen_replication,primary_min20,nadig_jurkat,nadig_hepg2,nadig_jurkat,systema_centroid_accuracy,20260908,"0,2",2086,20,0.33272588065693176,0.23536859869726465,0.20662449905847136,0.23536859869726465,0.2551382863028848,0.27704084096098003,0.27704084096098003,0.09735728195966711,0.05568503969595173,raw cells; independent full-size with-replacement pseudo-replicates within context×perturbation; controls resampled independently,"min(n_left,n_right) cells per full-size pseudo-replicate",0
nadig_hepg2_vs_jurkat,matched_budget_source_frozen_replication,primary_min20,nadig_jurkat,nadig_hepg2,nadig_jurkat,systema_centroid_accuracy,20260908,"1,2",2086,20,0.33272588065693176,0.23536859869726465,0.20662449905847136,0.23536859869726465,0.24572104540720252,0.2425437598147752,0.24572104540720252,0.09735728195966711,0.08700483524972924,raw cells; independent full-size with-replacement pseudo-replicates within context×perturbation; controls resampled independently,"min(n_left,n_right) cells per full-size pseudo-replicate",0
nadig_hepg2_vs_jurkat,matched_budget_source_frozen_replication,primary_min20,nadig_jurkat,nadig_hepg2,nadig_jurkat,absolute_effect_rank_agreement,20260908,"0,1",2086,20,0.2781260705721137,0.22059820983098466,0.1597255656644387,0.22059820983098466,0.25148954661773937,0.2310336582124521,0.25148954661773937,0.05752786074112903,0.026636523954374325,raw cells; independent full-size with-replacement pseudo-replicates within context×perturbation; controls resampled independently,"min(n_left,n_right) cells per full-size pseudo-replicate",0
nadig_hepg2_vs_jurkat,matched_budget_source_frozen_replication,primary_min20,nadig_jurkat,nadig_hepg2,nadig_jurkat,absolute_effect_rank_agreement,20260908,"0,2",2086,20,0.2781260705721137,0.22059820983098466,0.1597255656644387,0.22059820983098466,0.2642811158551586,0.22863189793323535,0.2642811158551586,0.05752786074112903,0.013844954716955071,raw cells; independent full-size with-replacement pseudo-replicates within context×perturbation; controls resampled independently,"min(n_left,n_right) cells per full-size pseudo-replicate",0
nadig_hepg2_vs_jurkat,matched_budget_source_frozen_replication,primary_min20,nadig_jurkat,nadig_hepg2,nadig_jurkat,absolute_effect_rank_agreement,20260908,"1,2",2086,20,0.2781260705721137,0.22059820983098466,0.1597255656644387,0.22059820983098466,0.2691672932028299,0.23703426520528542,0.2691672932028299,0.05752786074112903,0.008958777369283799,raw cells; independent full-size with-replacement pseudo-replicates within context×perturbation; controls resampled independently,"min(n_left,n_right) cells per full-size pseudo-replicate",0
nadig_hepg2_vs_jurkat,matched_budget_source_frozen_replication,primary_min20,nadig_hepg2,nadig_hepg2,nadig_jurkat,delta_cosine,20260909,"0,1",2086,20,0.29613881282318344,0.19085119248800383,0.1556846948136601,0.19085119248800383,0.20173084926114718,0.19074784276126558,0.20173084926114718,0.1052876203351796,0.09440796356203626,raw cells; independent full-size with-replacement pseudo-replicates within context×perturbation; controls resampled independently,"min(n_left,n_right) cells per full-size pseudo-replicate",0
nadig_hepg2_vs_jurkat,matched_budget_source_frozen_replication,primary_min20,nadig_hepg2,nadig_hepg2,nadig_jurkat,delta_cosine,20260909,"0,2",2086,20,0.29613881282318344,0.19085119248800383,0.1556846948136601,0.19085119248800383,0.1967630497711131,0.18116747254162155,0.1967630497711131,0.1052876203351796,0.09937576305207033,raw cells; independent full-size with-replacement pseudo-replicates within context×perturbation; controls resampled independently,"min(n_left,n_right) cells per full-size pseudo-replicate",0
nadig_hepg2_vs_jurkat,matched_budget_source_frozen_replication,primary_min20,nadig_hepg2,nadig_hepg2,nadig_jurkat,delta_cosine,20260909,"1,2",2086,20,0.29613881282318344,0.19085119248800383,0.1556846948136601,0.19085119248800383,0.19988618884374762,0.18474378694551546,0.19988618884374762,0.1052876203351796,0.09625262397943582,raw cells; independent full-size with-replacement pseudo-replicates within context×perturbation; controls resampled independently,"min(n_left,n_right) cells per full-size pseudo-replicate",0
nadig_hepg2_vs_jurkat,matched_budget_source_frozen_replication,primary_min20,nadig_hepg2,nadig_hepg2,nadig_jurkat,systema_centroid_accuracy,20260909,"0,1",2086,20,0.3202666629879223,0.25142286937468245,0.18314008428923206,0.25142286937468245,0.25798609434599973,0.24001278363694473,0.25798609434599973,0.06884379361323983,0.06228056864192255,raw cells; independent full-size with-replacement pseudo-replicates within context×perturbation; controls resampled independently,"min(n_left,n_right) cells per full-size pseudo-replicate",0
nadig_hepg2_vs_jurkat,matched_budget_source_frozen_replication,primary_min20,nadig_hepg2,nadig_hepg2,nadig_jurkat,systema_centroid_accuracy,20260909,"0,2",2086,20,0.3202666629879223,0.25142286937468245,0.18314008428923206,0.25142286937468245,0.2544101248243974,0.22030701421604806,0.2544101248243974,0.06884379361323983,0.06585653816352488,raw cells; independent full-size with-replacement pseudo-replicates within context×perturbation; controls resampled independently,"min(n_left,n_right) cells per full-size pseudo-replicate",0
nadig_hepg2_vs_jurkat,matched_budget_source_frozen_replication,primary_min20,nadig_hepg2,nadig_hepg2,nadig_jurkat,systema_centroid_accuracy,20260909,"1,2",2086,20,0.3202666629879223,0.25142286937468245,0.18314008428923206,0.25142286937468245,0.25359620261604715,0.21016942917382297,0.25359620261604715,0.06884379361323983,0.06667046037187513,raw cells; independent full-size with-replacement pseudo-replicates within context×perturbation; controls resampled independently,"min(n_left,n_right) cells per full-size pseudo-replicate",0
nadig_hepg2_vs_jurkat,matched_budget_source_frozen_replication,primary_min20,nadig_hepg2,nadig_hepg2,nadig_jurkat,absolute_effect_rank_agreement,20260909,"0,1",2086,20,0.3152720776399015,0.23602916324658396,0.1889922769358818,0.23602916324658396,0.2639480745221656,0.24038698092341082,0.2639480745221656,0.07924291439331754,0.051324003117735884,raw cells; independent full-size with-replacement pseudo-replicates within context×perturbation; controls resampled independently,"min(n_left,n_right) cells per full-size pseudo-replicate",0
nadig_hepg2_vs_jurkat,matched_budget_source_frozen_replication,primary_min20,nadig_hepg2,nadig_hepg2,nadig_jurkat,absolute_effect_rank_agreement,20260909,"0,2",2086,20,0.3152720776399015,0.23602916324658396,0.1889922769358818,0.23602916324658396,0.26870365644205635,0.2624800255672739,0.26870365644205635,0.07924291439331754,0.046568421197845156,raw cells; independent full-size with-replacement pseudo-replicates within context×perturbation; controls resampled independently,"min(n_left,n_right) cells per full-size pseudo-replicate",0
nadig_hepg2_vs_jurkat,matched_budget_source_frozen_replication,primary_min20,nadig_hepg2,nadig_hepg2,nadig_jurkat,absolute_effect_rank_agreement,20260909,"1,2",2086,20,0.3152720776399015,0.23602916324658396,0.1889922769358818,0.23602916324658396,0.26562454734199215,0.2544680650493986,0.26562454734199215,0.07924291439331754,0.04964753029790936,raw cells; independent full-size with-replacement pseudo-replicates within context×perturbation; controls resampled independently,"min(n_left,n_right) cells per full-size pseudo-replicate",0
nadig_hepg2_vs_jurkat,matched_budget_source_frozen_replication,primary_min20,nadig_jurkat,nadig_hepg2,nadig_jurkat,delta_cosine,20260909,"0,1",2086,20,0.29847585019232936,0.19020971142549045,0.15615189535811427,0.19020971142549045,0.20296276880700614,0.19899098937532622,0.20296276880700614,0.10826613876683891,0.09551308138532322,raw cells; independent full-size with-replacement pseudo-replicates within context×perturbation; controls resampled independently,"min(n_left,n_right) cells per full-size pseudo-replicate",0
nadig_hepg2_vs_jurkat,matched_budget_source_frozen_replication,primary_min20,nadig_jurkat,nadig_hepg2,nadig_jurkat,delta_cosine,20260909,"0,2",2086,20,0.29847585019232936,0.19020971142549045,0.15615189535811427,0.19020971142549045,0.2009983192736319,0.19533385755441668,0.2009983192736319,0.10826613876683891,0.09747753091869746,raw cells; independent full-size with-replacement pseudo-replicates within context×perturbation; controls resampled independently,"min(n_left,n_right) cells per full-size pseudo-replicate",0
nadig_hepg2_vs_jurkat,matched_budget_source_frozen_replication,primary_min20,nadig_jurkat,nadig_hepg2,nadig_jurkat,delta_cosine,20260909,"1,2",2086,20,0.29847585019232936,0.19020971142549045,0.15615189535811427,0.19020971142549045,0.20011151194097454,0.19061517803973504,0.20011151194097454,0.10826613876683891,0.09836433825135482,raw cells; independent full-size with-replacement pseudo-replicates within context×perturbation; controls resampled independently,"min(n_left,n_right) cells per full-size pseudo-replicate",0
nadig_hepg2_vs_jurkat,matched_budget_source_frozen_replication,primary_min20,nadig_jurkat,nadig_hepg2,nadig_jurkat,systema_centroid_accuracy,20260909,"0,1",2086,20,0.3220960336237242,0.25061308575383223,0.18165249200447886,0.25061308575383223,0.2559346195143597,0.22175253086121705,0.2559346195143597,0.07148294786989196,0.06616141410936449,raw cells; independent full-size with-replacement pseudo-replicates within context×perturbation; controls resampled independently,"min(n_left,n_right) cells per full-size pseudo-replicate",0
nadig_hepg2_vs_jurkat,matched_budget_source_frozen_replication,primary_min20,nadig_jurkat,nadig_hepg2,nadig_jurkat,systema_centroid_accuracy,20260909,"0,2",2086,20,0.3220960336237242,0.25061308575383223,0.18165249200447886,0.25061308575383223,0.26229022534608937,0.26355295437667126,0.26355295437667126,0.07148294786989196,0.05854307924705293,raw cells; independent full-size with-replacement pseudo-replicates within context×perturbation; controls resampled independently,"min(n_left,n_right) cells per full-size pseudo-replicate",0
nadig_hepg2_vs_jurkat,matched_budget_source_frozen_replication,primary_min20,nadig_jurkat,nadig_hepg2,nadig_jurkat,systema_centroid_accuracy,20260909,"1,2",2086,20,0.3220960336237242,0.25061308575383223,0.18165249200447886,0.25061308575383223,0.2555046662574063,0.22549634309810063,0.2555046662574063,0.07148294786989196,0.06659136736631788,raw cells; independent full-size with-replacement pseudo-replicates within context×perturbation; controls resampled independently,"min(n_left,n_right) cells per full-size pseudo-replicate",0
nadig_hepg2_vs_jurkat,matched_budget_source_frozen_replication,primary_min20,nadig_jurkat,nadig_hepg2,nadig_jurkat,absolute_effect_rank_agreement,20260909,"0,1",2086,20,0.2765689270252063,0.22037702532125783,0.15655816669770609,0.22037702532125783,0.2512633038344013,0.22979162211937065,0.2512633038344013,0.05619190170394847,0.025305623190804982,raw cells; independent full-size with-replacement pseudo-replicates within context×perturbation; controls resampled independently,"min(n_left,n_right) cells per full-size pseudo-replicate",0
nadig_hepg2_vs_jurkat,matched_budget_source_frozen_replication,primary_min20,nadig_jurkat,nadig_hepg2,nadig_jurkat,absolute_effect_rank_agreement,20260909,"0,2",2086,20,0.2765689270252063,0.22037702532125783,0.15655816669770609,0.22037702532125783,0.26260843674054046,0.2297434535593002,0.26260843674054046,0.05619190170394847,0.013960490284665839,raw cells; independent full-size with-replacement pseudo-replicates within context×perturbation; controls resampled independently,"min(n_left,n_right) cells per full-size pseudo-replicate",0
nadig_hepg2_vs_jurkat,matched_budget_source_frozen_replication,primary_min20,nadig_jurkat,nadig_hepg2,nadig_jurkat,absolute_effect_rank_agreement,20260909,"1,2",2086,20,0.2765689270252063,0.22037702532125783,0.15655816669770609,0.22037702532125783,0.2641071802193911,0.2353361797618473,0.2641071802193911,0.05619190170394847,0.012461746805815188,raw cells; independent full-size with-replacement pseudo-replicates within context×perturbation; controls resampled independently,"min(n_left,n_right) cells per full-size pseudo-replicate",0
nadig_hepg2_vs_jurkat,matched_budget_source_frozen_replication,primary_min20,nadig_hepg2,nadig_hepg2,nadig_jurkat,delta_cosine,20260910,"0,1",2086,20,0.3039105053445259,0.19383028572348257,0.1593620597290145,0.19383028572348257,0.20412996544279438,0.1917278832734388,0.20412996544279438,0.11008021962104333,0.09978053990173152,raw cells; independent full-size with-replacement pseudo-replicates within context×perturbation; controls resampled independently,"min(n_left,n_right) cells per full-size pseudo-replicate",0
nadig_hepg2_vs_jurkat,matched_budget_source_frozen_replication,primary_min20,nadig_hepg2,nadig_hepg2,nadig_jurkat,delta_cosine,20260910,"0,2",2086,20,0.3039105053445259,0.19383028572348257,0.1593620597290145,0.19383028572348257,0.20045466982119003,0.18177320080656473,0.20045466982119003,0.11008021962104333,0.10345583552333587,raw cells; independent full-size with-replacement pseudo-replicates within context×perturbation; controls resampled independently,"min(n_left,n_right) cells per full-size pseudo-replicate",0
nadig_hepg2_vs_jurkat,matched_budget_source_frozen_replication,primary_min20,nadig_hepg2,nadig_hepg2,nadig_jurkat,delta_cosine,20260910,"1,2",2086,20,0.3039105053445259,0.19383028572348257,0.1593620597290145,0.19383028572348257,0.20348882926257267,0.1860458325573482,0.20348882926257267,0.11008021962104333,0.10042167608195324,raw cells; independent full-size with-replacement pseudo-replicates within context×perturbation; controls resampled independently,"min(n_left,n_right) cells per full-size pseudo-replicate",0
nadig_hepg2_vs_jurkat,matched_budget_source_frozen_replication,primary_min20,nadig_hepg2,nadig_hepg2,nadig_jurkat,systema_centroid_accuracy,20260910,"0,1",2086,20,0.31633718911735426,0.2442132200280044,0.198266851523575,0.2442132200280044,0.252683759033042,0.24648495968326012,0.252683759033042,0.07212396908934984,0.06365343008431223,raw cells; independent full-size with-replacement pseudo-replicates within context×perturbation; controls resampled independently,"min(n_left,n_right) cells per full-size pseudo-replicate",0
nadig_hepg2_vs_jurkat,matched_budget_source_frozen_replication,primary_min20,nadig_hepg2,nadig_hepg2,nadig_jurkat,systema_centroid_accuracy,20260910,"0,2",2086,20,0.31633718911735426,0.2442132200280044,0.198266851523575,0.2442132200280044,0.2488877546093518,0.2299792380860412,0.2488877546093518,0.07212396908934984,0.06744943450800245,raw cells; independent full-size with-replacement pseudo-replicates within context×perturbation; controls resampled independently,"min(n_left,n_right) cells per full-size pseudo-replicate",0
nadig_hepg2_vs_jurkat,matched_budget_source_frozen_replication,primary_min20,nadig_hepg2,nadig_hepg2,nadig_jurkat,systema_centroid_accuracy,20260910,"1,2",2086,20,0.31633718911735426,0.2442132200280044,0.198266851523575,0.2442132200280044,0.2476256003825894,0.2169577473208394,0.2476256003825894,0.07212396908934984,0.06871158873476485,raw cells; independent full-size with-replacement pseudo-replicates within context×perturbation; controls resampled independently,"min(n_left,n_right) cells per full-size pseudo-replicate",0
nadig_hepg2_vs_jurkat,matched_budget_source_frozen_replication,primary_min20,nadig_hepg2,nadig_hepg2,nadig_jurkat,absolute_effect_rank_agreement,20260910,"0,1",2086,20,0.3150575608544804,0.2489341987579639,0.1817157204246191,0.2489341987579639,0.27225111569421356,0.2406457576029301,0.27225111569421356,0.06612336209651648,0.042806445160266826,raw cells; independent full-size with-replacement pseudo-replicates within context×perturbation; controls resampled independently,"min(n_left,n_right) cells per full-size pseudo-replicate",0
nadig_hepg2_vs_jurkat,matched_budget_source_frozen_replication,primary_min20,nadig_hepg2,nadig_hepg2,nadig_jurkat,absolute_effect_rank_agreement,20260910,"0,2",2086,20,0.3150575608544804,0.2489341987579639,0.1817157204246191,0.2489341987579639,0.2743488047529378,0.26337465023187584,0.2743488047529378,0.06612336209651648,0.040708756101542565,raw cells; independent full-size with-replacement pseudo-replicates within context×perturbation; controls resampled independently,"min(n_left,n_right) cells per full-size pseudo-replicate",0
nadig_hepg2_vs_jurkat,matched_budget_source_frozen_replication,primary_min20,nadig_hepg2,nadig_hepg2,nadig_jurkat,absolute_effect_rank_agreement,20260910,"1,2",2086,20,0.3150575608544804,0.2489341987579639,0.1817157204246191,0.2489341987579639,0.2722396196178244,0.25288654982054626,0.2722396196178244,0.06612336209651648,0.042817941236656,raw cells; independent full-size with-replacement pseudo-replicates within context×perturbation; controls resampled independently,"min(n_left,n_right) cells per full-size pseudo-replicate",0
nadig_hepg2_vs_jurkat,matched_budget_source_frozen_replication,primary_min20,nadig_jurkat,nadig_hepg2,nadig_jurkat,delta_cosine,20260910,"0,1",2086,20,0.30320372656812233,0.19463501107072156,0.1592535367679011,0.19463501107072156,0.2065788596352065,0.19712184231521782,0.2065788596352065,0.10856871549740077,0.09662486693291583,raw cells; independent full-size with-replacement pseudo-replicates within context×perturbation; controls resampled independently,"min(n_left,n_right) cells per full-size pseudo-replicate",0
nadig_hepg2_vs_jurkat,matched_budget_source_frozen_replication,primary_min20,nadig_jurkat,nadig_hepg2,nadig_jurkat,delta_cosine,20260910,"0,2",2086,20,0.30320372656812233,0.19463501107072156,0.1592535367679011,0.19463501107072156,0.2048126024587808,0.1955956232137971,0.2048126024587808,0.10856871549740077,0.09839112410934153,raw cells; independent full-size with-replacement pseudo-replicates within context×perturbation; controls resampled independently,"min(n_left,n_right) cells per full-size pseudo-replicate",0
nadig_hepg2_vs_jurkat,matched_budget_source_frozen_replication,primary_min20,nadig_jurkat,nadig_hepg2,nadig_jurkat,delta_cosine,20260910,"1,2",2086,20,0.30320372656812233,0.19463501107072156,0.1592535367679011,0.19463501107072156,0.2029941530955485,0.19085786021230955,0.2029941530955485,0.10856871549740077,0.10020957347257384,raw cells; independent full-size with-replacement pseudo-replicates within context×perturbation; controls resampled independently,"min(n_left,n_right) cells per full-size pseudo-replicate",0
nadig_hepg2_vs_jurkat,matched_budget_source_frozen_replication,primary_min20,nadig_jurkat,nadig_hepg2,nadig_jurkat,systema_centroid_accuracy,20260910,"0,1",2086,20,0.3135135228346565,0.23987184174041398,0.20139585359516798,0.23987184174041398,0.24939139771595953,0.2355654115250465,0.24939139771595953,0.07364168109424252,0.06412212511869697,raw cells; independent full-size with-replacement pseudo-replicates within context×perturbation; controls resampled independently,"min(n_left,n_right) cells per full-size pseudo-replicate",0
nadig_hepg2_vs_jurkat,matched_budget_source_frozen_replication,primary_min20,nadig_jurkat,nadig_hepg2,nadig_jurkat,systema_centroid_accuracy,20260910,"0,2",2086,20,0.3135135228346565,0.23987184174041398,0.20139585359516798,0.23987184174041398,0.25637250506402165,0.2747651926397521,0.2747651926397521,0.07364168109424252,0.03874833019490442,raw cells; independent full-size with-replacement pseudo-replicates within context×perturbation; controls resampled independently,"min(n_left,n_right) cells per full-size pseudo-replicate",0
nadig_hepg2_vs_jurkat,matched_budget_source_frozen_replication,primary_min20,nadig_jurkat,nadig_hepg2,nadig_jurkat,systema_centroid_accuracy,20260910,"1,2",2086,20,0.3135135228346565,0.23987184174041398,0.20139585359516798,0.23987184174041398,0.2471297746079263,0.2392661134754708,0.2471297746079263,0.07364168109424252,0.06638374822673021,raw cells; independent full-size with-replacement pseudo-replicates within context×perturbation; controls resampled independently,"min(n_left,n_right) cells per full-size pseudo-replicate",0
nadig_hepg2_vs_jurkat,matched_budget_source_frozen_replication,primary_min20,nadig_jurkat,nadig_hepg2,nadig_jurkat,absolute_effect_rank_agreement,20260910,"0,1",2086,20,0.28477022792121054,0.22433558426509032,0.1674679431909889,0.22433558426509032,0.25486697890010135,0.23953903032894874,0.25486697890010135,0.060434643656120224,0.02990324902110919,raw cells; independent full-size with-replacement pseudo-replicates within context×perturbation; controls resampled independently,"min(n_left,n_right) cells per full-size pseudo-replicate",0
nadig_hepg2_vs_jurkat,matched_budget_source_frozen_replication,primary_min20,nadig_jurkat,nadig_hepg2,nadig_jurkat,absolute_effect_rank_agreement,20260910,"0,2",2086,20,0.28477022792121054,0.22433558426509032,0.1674679431909889,0.22433558426509032,0.2646139272666239,0.23834861161885448,0.2646139272666239,0.060434643656120224,0.020156300654586623,raw cells; independent full-size with-replacement pseudo-replicates within context×perturbation; controls resampled independently,"min(n_left,n_right) cells per full-size pseudo-replicate",0
nadig_hepg2_vs_jurkat,matched_budget_source_frozen_replication,primary_min20,nadig_jurkat,nadig_hepg2,nadig_jurkat,absolute_effect_rank_agreement,20260910,"1,2",2086,20,0.28477022792121054,0.22433558426509032,0.1674679431909889,0.22433558426509032,0.2681871377298928,0.24274505611234887,0.2681871377298928,0.060434643656120224,0.016583090191317762,raw cells; independent full-size with-replacement pseudo-replicates within context×perturbation; controls resampled independently,"min(n_left,n_right) cells per full-size pseudo-replicate",0
nadig_hepg2_vs_jurkat,matched_budget_source_frozen_replication,primary_min20,nadig_hepg2,nadig_hepg2,nadig_jurkat,delta_cosine,20260911,"0,1",2086,20,0.30144241270454386,0.18769459983307696,0.15953909930540705,0.18769459983307696,0.20132043933405527,0.19586543612664997,0.20132043933405527,0.1137478128714669,0.10012197337048859,raw cells; independent full-size with-replacement pseudo-replicates within context×perturbation; controls resampled independently,"min(n_left,n_right) cells per full-size pseudo-replicate",0
nadig_hepg2_vs_jurkat,matched_budget_source_frozen_replication,primary_min20,nadig_hepg2,nadig_hepg2,nadig_jurkat,delta_cosine,20260911,"0,2",2086,20,0.30144241270454386,0.18769459983307696,0.15953909930540705,0.18769459983307696,0.19650404317006606,0.18564887303963157,0.19650404317006606,0.1137478128714669,0.1049383695344778,raw cells; independent full-size with-replacement pseudo-replicates within context×perturbation; controls resampled independently,"min(n_left,n_right) cells per full-size pseudo-replicate",0
nadig_hepg2_vs_jurkat,matched_budget_source_frozen_replication,primary_min20,nadig_hepg2,nadig_hepg2,nadig_jurkat,delta_cosine,20260911,"1,2",2086,20,0.30144241270454386,0.18769459983307696,0.15953909930540705,0.18769459983307696,0.199104340688523,0.19174570219184192,0.199104340688523,0.1137478128714669,0.10233807201602085,raw cells; independent full-size with-replacement pseudo-replicates within context×perturbation; controls resampled independently,"min(n_left,n_right) cells per full-size pseudo-replicate",0
nadig_hepg2_vs_jurkat,matched_budget_source_frozen_replication,primary_min20,nadig_hepg2,nadig_hepg2,nadig_jurkat,systema_centroid_accuracy,20260911,"0,1",2086,20,0.3415970579241305,0.23721095989938637,0.18905596519907755,0.23721095989938637,0.24762065706974207,0.24069415608452838,0.24762065706974207,0.1043860980247441,0.09397640085438841,raw cells; independent full-size with-replacement pseudo-replicates within context×perturbation; controls resampled independently,"min(n_left,n_right) cells per full-size pseudo-replicate",0
nadig_hepg2_vs_jurkat,matched_budget_source_frozen_replication,primary_min20,nadig_hepg2,nadig_hepg2,nadig_jurkat,systema_centroid_accuracy,20260911,"0,2",2086,20,0.3415970579241305,0.23721095989938637,0.18905596519907755,0.23721095989938637,0.24320053065888614,0.2229945669542985,0.24320053065888614,0.1043860980247441,0.09839652726524434,raw cells; independent full-size with-replacement pseudo-replicates within context×perturbation; controls resampled independently,"min(n_left,n_right) cells per full-size pseudo-replicate",0
nadig_hepg2_vs_jurkat,matched_budget_source_frozen_replication,primary_min20,nadig_hepg2,nadig_hepg2,nadig_jurkat,systema_centroid_accuracy,20260911,"1,2",2086,20,0.3415970579241305,0.23721095989938637,0.18905596519907755,0.23721095989938637,0.2415494641678795,0.21253946028220566,0.2415494641678795,0.1043860980247441,0.10004759375625097,raw cells; independent full-size with-replacement pseudo-replicates within context×perturbation; controls resampled independently,"min(n_left,n_right) cells per full-size pseudo-replicate",0
nadig_hepg2_vs_jurkat,matched_budget_source_frozen_replication,primary_min20,nadig_hepg2,nadig_hepg2,nadig_jurkat,absolute_effect_rank_agreement,20260911,"0,1",2086,20,0.3171263947614679,0.23767379193481264,0.18061462622806834,0.23767379193481264,0.2644169994780782,0.23469952705141733,0.2644169994780782,0.07945260282665528,0.05270939528338975,raw cells; independent full-size with-replacement pseudo-replicates within context×perturbation; controls resampled independently,"min(n_left,n_right) cells per full-size pseudo-replicate",0
nadig_hepg2_vs_jurkat,matched_budget_source_frozen_replication,primary_min20,nadig_hepg2,nadig_hepg2,nadig_jurkat,absolute_effect_rank_agreement,20260911,"0,2",2086,20,0.3171263947614679,0.23767379193481264,0.18061462622806834,0.23767379193481264,0.2686584768618471,0.25373783427716123,0.2686584768618471,0.07945260282665528,0.04846791789962085,raw cells; independent full-size with-replacement pseudo-replicates within context×perturbation; controls resampled independently,"min(n_left,n_right) cells per full-size pseudo-replicate",0
nadig_hepg2_vs_jurkat,matched_budget_source_frozen_replication,primary_min20,nadig_hepg2,nadig_hepg2,nadig_jurkat,absolute_effect_rank_agreement,20260911,"1,2",2086,20,0.3171263947614679,0.23767379193481264,0.18061462622806834,0.23767379193481264,0.2678471987510663,0.24403123713876457,0.2678471987510663,0.07945260282665528,0.04927919601040165,raw cells; independent full-size with-replacement pseudo-replicates within context×perturbation; controls resampled independently,"min(n_left,n_right) cells per full-size pseudo-replicate",0
nadig_hepg2_vs_jurkat,matched_budget_source_frozen_replication,primary_min20,nadig_jurkat,nadig_hepg2,nadig_jurkat,delta_cosine,20260911,"0,1",2086,20,0.3030929043917311,0.18957581777339394,0.16051580595542742,0.18957581777339394,0.20445921307057902,0.2010632721052305,0.20445921307057902,0.11351708661833715,0.09863369132115207,raw cells; independent full-size with-replacement pseudo-replicates within context×perturbation; controls resampled independently,"min(n_left,n_right) cells per full-size pseudo-replicate",0
nadig_hepg2_vs_jurkat,matched_budget_source_frozen_replication,primary_min20,nadig_jurkat,nadig_hepg2,nadig_jurkat,delta_cosine,20260911,"0,2",2086,20,0.3030929043917311,0.18957581777339394,0.16051580595542742,0.18957581777339394,0.20197927947191624,0.1988879845308796,0.20197927947191624,0.11351708661833715,0.10111362491981485,raw cells; independent full-size with-replacement pseudo-replicates within context×perturbation; controls resampled independently,"min(n_left,n_right) cells per full-size pseudo-replicate",0
nadig_hepg2_vs_jurkat,matched_budget_source_frozen_replication,primary_min20,nadig_jurkat,nadig_hepg2,nadig_jurkat,delta_cosine,20260911,"1,2",2086,20,0.3030929043917311,0.18957581777339394,0.16051580595542742,0.18957581777339394,0.20100452715488204,0.1934485010265996,0.20100452715488204,0.11351708661833715,0.10208837723684905,raw cells; independent full-size with-replacement pseudo-replicates within context×perturbation; controls resampled independently,"min(n_left,n_right) cells per full-size pseudo-replicate",0
nadig_hepg2_vs_jurkat,matched_budget_source_frozen_replication,primary_min20,nadig_jurkat,nadig_hepg2,nadig_jurkat,systema_centroid_accuracy,20260911,"0,1",2086,20,0.3410838730741198,0.23690999261951898,0.18793601743724866,0.23690999261951898,0.24503472964677153,0.22210500056330776,0.24503472964677153,0.10417388045460083,0.09604914342734827,raw cells; independent full-size with-replacement pseudo-replicates within context×perturbation; controls resampled independently,"min(n_left,n_right) cells per full-size pseudo-replicate",0
nadig_hepg2_vs_jurkat,matched_budget_source_frozen_replication,primary_min20,nadig_jurkat,nadig_hepg2,nadig_jurkat,systema_centroid_accuracy,20260911,"0,2",2086,20,0.3410838730741198,0.23690999261951898,0.18793601743724866,0.23690999261951898,0.25356435848444925,0.2671687003225799,0.2671687003225799,0.10417388045460083,0.07391517275153991,raw cells; independent full-size with-replacement pseudo-replicates within context×perturbation; controls resampled independently,"min(n_left,n_right) cells per full-size pseudo-replicate",0
nadig_hepg2_vs_jurkat,matched_budget_source_frozen_replication,primary_min20,nadig_jurkat,nadig_hepg2,nadig_jurkat,systema_centroid_accuracy,20260911,"1,2",2086,20,0.3410838730741198,0.23690999261951898,0.18793601743724866,0.23690999261951898,0.245646550832201,0.22925050180373435,0.245646550832201,0.10417388045460083,0.09543732224191881,raw cells; independent full-size with-replacement pseudo-replicates within context×perturbation; controls resampled independently,"min(n_left,n_right) cells per full-size pseudo-replicate",0
nadig_hepg2_vs_jurkat,matched_budget_source_frozen_replication,primary_min20,nadig_jurkat,nadig_hepg2,nadig_jurkat,absolute_effect_rank_agreement,20260911,"0,1",2086,20,0.27628692827138096,0.22735307439570873,0.15652712729145543,0.22735307439570873,0.25745497561682196,0.22688472424361567,0.25745497561682196,0.04893385387567223,0.018831952654559003,raw cells; independent full-size with-replacement pseudo-replicates within context×perturbation; controls resampled independently,"min(n_left,n_right) cells per full-size pseudo-replicate",0
nadig_hepg2_vs_jurkat,matched_budget_source_frozen_replication,primary_min20,nadig_jurkat,nadig_hepg2,nadig_jurkat,absolute_effect_rank_agreement,20260911,"0,2",2086,20,0.27628692827138096,0.22735307439570873,0.15652712729145543,0.22735307439570873,0.2683175032361455,0.22729547905299924,0.2683175032361455,0.04893385387567223,0.007969425035235456,raw cells; independent full-size with-replacement pseudo-replicates within context×perturbation; controls resampled independently,"min(n_left,n_right) cells per full-size pseudo-replicate",0
nadig_hepg2_vs_jurkat,matched_budget_source_frozen_replication,primary_min20,nadig_jurkat,nadig_hepg2,nadig_jurkat,absolute_effect_rank_agreement,20260911,"1,2",2086,20,0.27628692827138096,0.22735307439570873,0.15652712729145543,0.22735307439570873,0.27152847233239297,0.23551298941671206,0.27152847233239297,0.04893385387567223,0.004758455938987993,raw cells; independent full-size with-replacement pseudo-replicates within context×perturbation; controls resampled independently,"min(n_left,n_right) cells per full-size pseudo-replicate",0
nadig_hepg2_vs_jurkat,matched_budget_source_frozen_replication,primary_min20,nadig_hepg2,nadig_hepg2,nadig_jurkat,delta_cosine,20260912,"0,1",2086,20,0.29821224516072664,0.18224775883990793,0.16387403979021958,0.18224775883990793,0.19507266669885567,0.19756076251175472,0.19756076251175472,0.11596448632081871,0.10065148264897192,raw cells; independent full-size with-replacement pseudo-replicates within context×perturbation; controls resampled independently,"min(n_left,n_right) cells per full-size pseudo-replicate",0
nadig_hepg2_vs_jurkat,matched_budget_source_frozen_replication,primary_min20,nadig_hepg2,nadig_hepg2,nadig_jurkat,delta_cosine,20260912,"0,2",2086,20,0.29821224516072664,0.18224775883990793,0.16387403979021958,0.18224775883990793,0.18966709661992365,0.18681285077403081,0.18966709661992365,0.11596448632081871,0.108545148540803,raw cells; independent full-size with-replacement pseudo-replicates within context×perturbation; controls resampled independently,"min(n_left,n_right) cells per full-size pseudo-replicate",0
nadig_hepg2_vs_jurkat,matched_budget_source_frozen_replication,primary_min20,nadig_hepg2,nadig_hepg2,nadig_jurkat,delta_cosine,20260912,"1,2",2086,20,0.29821224516072664,0.18224775883990793,0.16387403979021958,0.18224775883990793,0.19298888789256227,0.19350908534917033,0.19350908534917033,0.11596448632081871,0.10470315981155631,raw cells; independent full-size with-replacement pseudo-replicates within context×perturbation; controls resampled independently,"min(n_left,n_right) cells per full-size pseudo-replicate",0
nadig_hepg2_vs_jurkat,matched_budget_source_frozen_replication,primary_min20,nadig_hepg2,nadig_hepg2,nadig_jurkat,systema_centroid_accuracy,20260912,"0,1",2086,20,0.3329962683736041,0.23637542506742448,0.19081578457272536,0.23637542506742448,0.24635195007943786,0.24850815416698285,0.24850815416698285,0.0966208433061796,0.08448811420662122,raw cells; independent full-size with-replacement pseudo-replicates within context×perturbation; controls resampled independently,"min(n_left,n_right) cells per full-size pseudo-replicate",0
nadig_hepg2_vs_jurkat,matched_budget_source_frozen_replication,primary_min20,nadig_hepg2,nadig_hepg2,nadig_jurkat,systema_centroid_accuracy,20260912,"0,2",2086,20,0.3329962683736041,0.23637542506742448,0.19081578457272536,0.23637542506742448,0.24240891083873073,0.2262364604960327,0.24240891083873073,0.0966208433061796,0.09058735753487335,raw cells; independent full-size with-replacement pseudo-replicates within context×perturbation; controls resampled independently,"min(n_left,n_right) cells per full-size pseudo-replicate",0
nadig_hepg2_vs_jurkat,matched_budget_source_frozen_replication,primary_min20,nadig_hepg2,nadig_hepg2,nadig_jurkat,systema_centroid_accuracy,20260912,"1,2",2086,20,0.3329962683736041,0.23637542506742448,0.19081578457272536,0.23637542506742448,0.24084636413592042,0.21758773230696363,0.24084636413592042,0.0966208433061796,0.09214990423768366,raw cells; independent full-size with-replacement pseudo-replicates within context×perturbation; controls resampled independently,"min(n_left,n_right) cells per full-size pseudo-replicate",0
nadig_hepg2_vs_jurkat,matched_budget_source_frozen_replication,primary_min20,nadig_hepg2,nadig_hepg2,nadig_jurkat,absolute_effect_rank_agreement,20260912,"0,1",2086,20,0.3091693854887327,0.23100146919856254,0.16580584046664873,0.23100146919856254,0.25925135251338716,0.2272482301790399,0.25925135251338716,0.07816791629017014,0.04991803297534553,raw cells; independent full-size with-replacement pseudo-replicates within context×perturbation; controls resampled independently,"min(n_left,n_right) cells per full-size pseudo-replicate",0
nadig_hepg2_vs_jurkat,matched_budget_source_frozen_replication,primary_min20,nadig_hepg2,nadig_hepg2,nadig_jurkat,absolute_effect_rank_agreement,20260912,"0,2",2086,20,0.3091693854887327,0.23100146919856254,0.16580584046664873,0.23100146919856254,0.2634060345204182,0.24933414725554168,0.2634060345204182,0.07816791629017014,0.045763350968314465,raw cells; independent full-size with-replacement pseudo-replicates within context×perturbation; controls resampled independently,"min(n_left,n_right) cells per full-size pseudo-replicate",0
nadig_hepg2_vs_jurkat,matched_budget_source_frozen_replication,primary_min20,nadig_hepg2,nadig_hepg2,nadig_jurkat,absolute_effect_rank_agreement,20260912,"1,2",2086,20,0.3091693854887327,0.23100146919856254,0.16580584046664873,0.23100146919856254,0.26226780799713056,0.23737799788932037,0.26226780799713056,0.07816791629017014,0.04690157749160212,raw cells; independent full-size with-replacement pseudo-replicates within context×perturbation; controls resampled independently,"min(n_left,n_right) cells per full-size pseudo-replicate",0
nadig_hepg2_vs_jurkat,matched_budget_source_frozen_replication,primary_min20,nadig_jurkat,nadig_hepg2,nadig_jurkat,delta_cosine,20260912,"0,1",2086,20,0.2992029770239417,0.18438143061773016,0.16302562935270193,0.18438143061773016,0.19740625524508482,0.20321706201673367,0.20321706201673367,0.11482154640621156,0.09598591500720804,raw cells; independent full-size with-replacement pseudo-replicates within context×perturbation; controls resampled independently,"min(n_left,n_right) cells per full-size pseudo-replicate",0
nadig_hepg2_vs_jurkat,matched_budget_source_frozen_replication,primary_min20,nadig_jurkat,nadig_hepg2,nadig_jurkat,delta_cosine,20260912,"0,2",2086,20,0.2992029770239417,0.18438143061773016,0.16302562935270193,0.18438143061773016,0.19615318291866984,0.19988044080555306,0.19988044080555306,0.11482154640621156,0.09932253621838866,raw cells; independent full-size with-replacement pseudo-replicates within context×perturbation; controls resampled independently,"min(n_left,n_right) cells per full-size pseudo-replicate",0
nadig_hepg2_vs_jurkat,matched_budget_source_frozen_replication,primary_min20,nadig_jurkat,nadig_hepg2,nadig_jurkat,delta_cosine,20260912,"1,2",2086,20,0.2992029770239417,0.18438143061773016,0.16302562935270193,0.18438143061773016,0.19426989568460284,0.19681397738951695,0.19681397738951695,0.11482154640621156,0.10238899963442477,raw cells; independent full-size with-replacement pseudo-replicates within context×perturbation; controls resampled independently,"min(n_left,n_right) cells per full-size pseudo-replicate",0
nadig_hepg2_vs_jurkat,matched_budget_source_frozen_replication,primary_min20,nadig_jurkat,nadig_hepg2,nadig_jurkat,systema_centroid_accuracy,20260912,"0,1",2086,20,0.33788106619210867,0.23716819449521875,0.18251745679199688,0.23716819449521875,0.24514428725475995,0.22205085404351493,0.24514428725475995,0.10071287169688992,0.09273677893734872,raw cells; independent full-size with-replacement pseudo-replicates within context×perturbation; controls resampled independently,"min(n_left,n_right) cells per full-size pseudo-replicate",0
nadig_hepg2_vs_jurkat,matched_budget_source_frozen_replication,primary_min20,nadig_jurkat,nadig_hepg2,nadig_jurkat,systema_centroid_accuracy,20260912,"0,2",2086,20,0.33788106619210867,0.23716819449521875,0.18251745679199688,0.23716819449521875,0.25291092150249117,0.2618673996564973,0.2618673996564973,0.10071287169688992,0.07601366653561137,raw cells; independent full-size with-replacement pseudo-replicates within context×perturbation; controls resampled independently,"min(n_left,n_right) cells per full-size pseudo-replicate",0
nadig_hepg2_vs_jurkat,matched_budget_source_frozen_replication,primary_min20,nadig_jurkat,nadig_hepg2,nadig_jurkat,systema_centroid_accuracy,20260912,"1,2",2086,20,0.33788106619210867,0.23716819449521875,0.18251745679199688,0.23716819449521875,0.2438125817658433,0.22381078837792664,0.2438125817658433,0.10071287169688992,0.09406848442626536,raw cells; independent full-size with-replacement pseudo-replicates within context×perturbation; controls resampled independently,"min(n_left,n_right) cells per full-size pseudo-replicate",0
nadig_hepg2_vs_jurkat,matched_budget_source_frozen_replication,primary_min20,nadig_jurkat,nadig_hepg2,nadig_jurkat,absolute_effect_rank_agreement,20260912,"0,1",2086,20,0.272514950647344,0.2170302875628548,0.1475337467322403,0.2170302875628548,0.24929368106665198,0.2217932269716346,0.24929368106665198,0.05548466308448918,0.02322126958069201,raw cells; independent full-size with-replacement pseudo-replicates within context×perturbation; controls resampled independently,"min(n_left,n_right) cells per full-size pseudo-replicate",0
nadig_hepg2_vs_jurkat,matched_budget_source_frozen_replication,primary_min20,nadig_jurkat,nadig_hepg2,nadig_jurkat,absolute_effect_rank_agreement,20260912,"0,2",2086,20,0.272514950647344,0.2170302875628548,0.1475337467322403,0.2170302875628548,0.26088069142001835,0.22173931037336958,0.26088069142001835,0.05548466308448918,0.011634259227325638,raw cells; independent full-size with-replacement pseudo-replicates within context×perturbation; controls resampled independently,"min(n_left,n_right) cells per full-size pseudo-replicate",0
nadig_hepg2_vs_jurkat,matched_budget_source_frozen_replication,primary_min20,nadig_jurkat,nadig_hepg2,nadig_jurkat,absolute_effect_rank_agreement,20260912,"1,2",2086,20,0.272514950647344,0.2170302875628548,0.1475337467322403,0.2170302875628548,0.26545187627462746,0.2285937309596235,0.26545187627462746,0.05548466308448918,0.007063074372716527,raw cells; independent full-size with-replacement pseudo-replicates within context×perturbation; controls resampled independently,"min(n_left,n_right) cells per full-size pseudo-replicate",0
nadig_hepg2_vs_jurkat,matched_budget_source_frozen_replication,primary_min20,nadig_hepg2,nadig_hepg2,nadig_jurkat,delta_cosine,20260913,"0,1",2086,20,0.3000472488739594,0.19682110495687824,0.15933906757623625,0.19682110495687824,0.20985627605298313,0.19438646589918862,0.20985627605298313,0.10322614391708115,0.09019097282097627,raw cells; independent full-size with-replacement pseudo-replicates within context×perturbation; controls resampled independently,"min(n_left,n_right) cells per full-size pseudo-replicate",0
nadig_hepg2_vs_jurkat,matched_budget_source_frozen_replication,primary_min20,nadig_hepg2,nadig_hepg2,nadig_jurkat,delta_cosine,20260913,"0,2",2086,20,0.3000472488739594,0.19682110495687824,0.15933906757623625,0.19682110495687824,0.2050275790872575,0.18471665620523714,0.2050275790872575,0.10322614391708115,0.0950196697867019,raw cells; independent full-size with-replacement pseudo-replicates within context×perturbation; controls resampled independently,"min(n_left,n_right) cells per full-size pseudo-replicate",0
nadig_hepg2_vs_jurkat,matched_budget_source_frozen_replication,primary_min20,nadig_hepg2,nadig_hepg2,nadig_jurkat,delta_cosine,20260913,"1,2",2086,20,0.3000472488739594,0.19682110495687824,0.15933906757623625,0.19682110495687824,0.20719366980049708,0.18935394349908374,0.20719366980049708,0.10322614391708115,0.09285357907346231,raw cells; independent full-size with-replacement pseudo-replicates within context×perturbation; controls resampled independently,"min(n_left,n_right) cells per full-size pseudo-replicate",0
nadig_hepg2_vs_jurkat,matched_budget_source_frozen_replication,primary_min20,nadig_hepg2,nadig_hepg2,nadig_jurkat,systema_centroid_accuracy,20260913,"0,1",2086,20,0.3243736362779383,0.24910411076699518,0.17518985770156648,0.24910411076699518,0.2571048051300091,0.24134598361579193,0.2571048051300091,0.07526952551094312,0.0672688311479292,raw cells; independent full-size with-replacement pseudo-replicates within context×perturbation; controls resampled independently,"min(n_left,n_right) cells per full-size pseudo-replicate",0
nadig_hepg2_vs_jurkat,matched_budget_source_frozen_replication,primary_min20,nadig_hepg2,nadig_hepg2,nadig_jurkat,systema_centroid_accuracy,20260913,"0,2",2086,20,0.3243736362779383,0.24910411076699518,0.17518985770156648,0.24910411076699518,0.25324016913027586,0.22109610489939785,0.25324016913027586,0.07526952551094312,0.07113346714766244,raw cells; independent full-size with-replacement pseudo-replicates within context×perturbation; controls resampled independently,"min(n_left,n_right) cells per full-size pseudo-replicate",0
nadig_hepg2_vs_jurkat,matched_budget_source_frozen_replication,primary_min20,nadig_hepg2,nadig_hepg2,nadig_jurkat,systema_centroid_accuracy,20260913,"1,2",2086,20,0.3243736362779383,0.24910411076699518,0.17518985770156648,0.24910411076699518,0.2510065964486321,0.20565491997581226,0.2510065964486321,0.07526952551094312,0.0733670398293062,raw cells; independent full-size with-replacement pseudo-replicates within context×perturbation; controls resampled independently,"min(n_left,n_right) cells per full-size pseudo-replicate",0
nadig_hepg2_vs_jurkat,matched_budget_source_frozen_replication,primary_min20,nadig_hepg2,nadig_hepg2,nadig_jurkat,absolute_effect_rank_agreement,20260913,"0,1",2086,20,0.3103358923599375,0.25111868319342606,0.17239746074664716,0.25111868319342606,0.2735421250727127,0.23756825795356043,0.2735421250727127,0.059217209166511464,0.03679376728722483,raw cells; independent full-size with-replacement pseudo-replicates within context×perturbation; controls resampled independently,"min(n_left,n_right) cells per full-size pseudo-replicate",0
nadig_hepg2_vs_jurkat,matched_budget_source_frozen_replication,primary_min20,nadig_hepg2,nadig_hepg2,nadig_jurkat,absolute_effect_rank_agreement,20260913,"0,2",2086,20,0.3103358923599375,0.25111868319342606,0.17239746074664716,0.25111868319342606,0.2778770655575252,0.26369872462528543,0.2778770655575252,0.059217209166511464,0.0324588268024123,raw cells; independent full-size with-replacement pseudo-replicates within context×perturbation; controls resampled independently,"min(n_left,n_right) cells per full-size pseudo-replicate",0
nadig_hepg2_vs_jurkat,matched_budget_source_frozen_replication,primary_min20,nadig_hepg2,nadig_hepg2,nadig_jurkat,absolute_effect_rank_agreement,20260913,"1,2",2086,20,0.3103358923599375,0.25111868319342606,0.17239746074664716,0.25111868319342606,0.2749313109435749,0.25142080008093237,0.2749313109435749,0.059217209166511464,0.0354045814163626,raw cells; independent full-size with-replacement pseudo-replicates within context×perturbation; controls resampled independently,"min(n_left,n_right) cells per full-size pseudo-replicate",0
nadig_hepg2_vs_jurkat,matched_budget_source_frozen_replication,primary_min20,nadig_jurkat,nadig_hepg2,nadig_jurkat,delta_cosine,20260913,"0,1",2086,20,0.3003279830593818,0.1981659159728785,0.15918088156512183,0.1981659159728785,0.21213456847178058,0.20317958480770515,0.21213456847178058,0.1021620670865033,0.08819341458760122,raw cells; independent full-size with-replacement pseudo-replicates within context×perturbation; controls resampled independently,"min(n_left,n_right) cells per full-size pseudo-replicate",0
nadig_hepg2_vs_jurkat,matched_budget_source_frozen_replication,primary_min20,nadig_jurkat,nadig_hepg2,nadig_jurkat,delta_cosine,20260913,"0,2",2086,20,0.3003279830593818,0.1981659159728785,0.15918088156512183,0.1981659159728785,0.2112244241040533,0.20043754066737024,0.2112244241040533,0.1021620670865033,0.08910355895532851,raw cells; independent full-size with-replacement pseudo-replicates within context×perturbation; controls resampled independently,"min(n_left,n_right) cells per full-size pseudo-replicate",0
nadig_hepg2_vs_jurkat,matched_budget_source_frozen_replication,primary_min20,nadig_jurkat,nadig_hepg2,nadig_jurkat,delta_cosine,20260913,"1,2",2086,20,0.3003279830593818,0.1981659159728785,0.15918088156512183,0.1981659159728785,0.20812496694878035,0.19265469695193033,0.20812496694878035,0.1021620670865033,0.09220301611060144,raw cells; independent full-size with-replacement pseudo-replicates within context×perturbation; controls resampled independently,"min(n_left,n_right) cells per full-size pseudo-replicate",0
nadig_hepg2_vs_jurkat,matched_budget_source_frozen_replication,primary_min20,nadig_jurkat,nadig_hepg2,nadig_jurkat,systema_centroid_accuracy,20260913,"0,1",2086,20,0.3258145544925517,0.24902501776143804,0.1779776562259301,0.24902501776143804,0.2547719063483633,0.22807985634502947,0.2547719063483633,0.07678953673111366,0.07104264814418842,raw cells; independent full-size with-replacement pseudo-replicates within context×perturbation; controls resampled independently,"min(n_left,n_right) cells per full-size pseudo-replicate",0
nadig_hepg2_vs_jurkat,matched_budget_source_frozen_replication,primary_min20,nadig_jurkat,nadig_hepg2,nadig_jurkat,systema_centroid_accuracy,20260913,"0,2",2086,20,0.3258145544925517,0.24902501776143804,0.1779776562259301,0.24902501776143804,0.2621200834155303,0.277086365423481,0.277086365423481,0.07678953673111366,0.048728189069070726,raw cells; independent full-size with-replacement pseudo-replicates within context×perturbation; controls resampled independently,"min(n_left,n_right) cells per full-size pseudo-replicate",0
nadig_hepg2_vs_jurkat,matched_budget_source_frozen_replication,primary_min20,nadig_jurkat,nadig_hepg2,nadig_jurkat,systema_centroid_accuracy,20260913,"1,2",2086,20,0.3258145544925517,0.24902501776143804,0.1779776562259301,0.24902501776143804,0.2547553519983629,0.23152948398711518,0.2547553519983629,0.07678953673111366,0.07105920249418879,raw cells; independent full-size with-replacement pseudo-replicates within context×perturbation; controls resampled independently,"min(n_left,n_right) cells per full-size pseudo-replicate",0
nadig_hepg2_vs_jurkat,matched_budget_source_frozen_replication,primary_min20,nadig_jurkat,nadig_hepg2,nadig_jurkat,absolute_effect_rank_agreement,20260913,"0,1",2086,20,0.2758035182592181,0.2298582993624276,0.16154700400753225,0.2298582993624276,0.26009849838250204,0.2263221062651317,0.26009849838250204,0.04594521889679051,0.015705019876716075,raw cells; independent full-size with-replacement pseudo-replicates within context×perturbation; controls resampled independently,"min(n_left,n_right) cells per full-size pseudo-replicate",0
nadig_hepg2_vs_jurkat,matched_budget_source_frozen_replication,primary_min20,nadig_jurkat,nadig_hepg2,nadig_jurkat,absolute_effect_rank_agreement,20260913,"0,2",2086,20,0.2758035182592181,0.2298582993624276,0.16154700400753225,0.2298582993624276,0.26845844513267625,0.22973126771832772,0.26845844513267625,0.04594521889679051,0.007345073126541868,raw cells; independent full-size with-replacement pseudo-replicates within context×perturbation; controls resampled independently,"min(n_left,n_right) cells per full-size pseudo-replicate",0
nadig_hepg2_vs_jurkat,matched_budget_source_frozen_replication,primary_min20,nadig_jurkat,nadig_hepg2,nadig_jurkat,absolute_effect_rank_agreement,20260913,"1,2",2086,20,0.2758035182592181,0.2298582993624276,0.16154700400753225,0.2298582993624276,0.2746178129404434,0.2348402390264203,0.2746178129404434,0.04594521889679051,0.0011857053187747102,raw cells; independent full-size with-replacement pseudo-replicates within context×perturbation; controls resampled independently,"min(n_left,n_right) cells per full-size pseudo-replicate",0
nadig_hepg2_vs_jurkat,matched_budget_source_frozen_replication,primary_min20,nadig_hepg2,nadig_hepg2,nadig_jurkat,delta_cosine,20260914,"0,1",2086,20,0.29490378933669936,0.19099466352134017,0.14937449848366752,0.19099466352134017,0.20308773115735598,0.19111146365745374,0.20308773115735598,0.10390912581535919,0.09181605817934338,raw cells; independent full-size with-replacement pseudo-replicates within context×perturbation; controls resampled independently,"min(n_left,n_right) cells per full-size pseudo-replicate",0
nadig_hepg2_vs_jurkat,matched_budget_source_frozen_replication,primary_min20,nadig_hepg2,nadig_hepg2,nadig_jurkat,delta_cosine,20260914,"0,2",2086,20,0.29490378933669936,0.19099466352134017,0.14937449848366752,0.19099466352134017,0.1987137040128204,0.17967309757179872,0.1987137040128204,0.10390912581535919,0.09619008532387896,raw cells; independent full-size with-replacement pseudo-replicates within context×perturbation; controls resampled independently,"min(n_left,n_right) cells per full-size pseudo-replicate",0
nadig_hepg2_vs_jurkat,matched_budget_source_frozen_replication,primary_min20,nadig_hepg2,nadig_hepg2,nadig_jurkat,delta_cosine,20260914,"1,2",2086,20,0.29490378933669936,0.19099466352134017,0.14937449848366752,0.19099466352134017,0.20125996997224846,0.18474539639620996,0.20125996997224846,0.10390912581535919,0.0936438193644509,raw cells; independent full-size with-replacement pseudo-replicates within context×perturbation; controls resampled independently,"min(n_left,n_right) cells per full-size pseudo-replicate",0
nadig_hepg2_vs_jurkat,matched_budget_source_frozen_replication,primary_min20,nadig_hepg2,nadig_hepg2,nadig_jurkat,systema_centroid_accuracy,20260914,"0,1",2086,20,0.3296118234846447,0.2538303776920937,0.17179391673621794,0.2538303776920937,0.2612292524561367,0.23499118250940954,0.2612292524561367,0.07578144579255097,0.06838257102850798,raw cells; independent full-size with-replacement pseudo-replicates within context×perturbation; controls resampled independently,"min(n_left,n_right) cells per full-size pseudo-replicate",0
nadig_hepg2_vs_jurkat,matched_budget_source_frozen_replication,primary_min20,nadig_hepg2,nadig_hepg2,nadig_jurkat,systema_centroid_accuracy,20260914,"0,2",2086,20,0.3296118234846447,0.2538303776920937,0.17179391673621794,0.2538303776920937,0.2576961632994659,0.21536738011316736,0.2576961632994659,0.07578144579255097,0.07191566018517881,raw cells; independent full-size with-replacement pseudo-replicates within context×perturbation; controls resampled independently,"min(n_left,n_right) cells per full-size pseudo-replicate",0
nadig_hepg2_vs_jurkat,matched_budget_source_frozen_replication,primary_min20,nadig_hepg2,nadig_hepg2,nadig_jurkat,systema_centroid_accuracy,20260914,"1,2",2086,20,0.3296118234846447,0.2538303776920937,0.17179391673621794,0.2538303776920937,0.25520565331052514,0.20507310354975847,0.25520565331052514,0.07578144579255097,0.07440617017411955,raw cells; independent full-size with-replacement pseudo-replicates within context×perturbation; controls resampled independently,"min(n_left,n_right) cells per full-size pseudo-replicate",0
nadig_hepg2_vs_jurkat,matched_budget_source_frozen_replication,primary_min20,nadig_hepg2,nadig_hepg2,nadig_jurkat,absolute_effect_rank_agreement,20260914,"0,1",2086,20,0.3133142958308329,0.25190179591705353,0.1694307832736687,0.25190179591705353,0.27504926068732743,0.23582729214519085,0.27504926068732743,0.061412499913779395,0.03826503514350549,raw cells; independent full-size with-replacement pseudo-replicates within context×perturbation; controls resampled independently,"min(n_left,n_right) cells per full-size pseudo-replicate",0
nadig_hepg2_vs_jurkat,matched_budget_source_frozen_replication,primary_min20,nadig_hepg2,nadig_hepg2,nadig_jurkat,absolute_effect_rank_agreement,20260914,"0,2",2086,20,0.3133142958308329,0.25190179591705353,0.1694307832736687,0.25190179591705353,0.27766047947835404,0.25820877334565717,0.27766047947835404,0.061412499913779395,0.035653816352478884,raw cells; independent full-size with-replacement pseudo-replicates within context×perturbation; controls resampled independently,"min(n_left,n_right) cells per full-size pseudo-replicate",0
nadig_hepg2_vs_jurkat,matched_budget_source_frozen_replication,primary_min20,nadig_hepg2,nadig_hepg2,nadig_jurkat,absolute_effect_rank_agreement,20260914,"1,2",2086,20,0.3133142958308329,0.25190179591705353,0.1694307832736687,0.25190179591705353,0.2785684395915674,0.24533006384920825,0.2785684395915674,0.061412499913779395,0.034745856239265516,raw cells; independent full-size with-replacement pseudo-replicates within context×perturbation; controls resampled independently,"min(n_left,n_right) cells per full-size pseudo-replicate",0
nadig_hepg2_vs_jurkat,matched_budget_source_frozen_replication,primary_min20,nadig_jurkat,nadig_hepg2,nadig_jurkat,delta_cosine,20260914,"0,1",2086,20,0.29509542893010615,0.19162924693802005,0.14923332666560904,0.19162924693802005,0.20595255339352678,0.19964500116110373,0.20595255339352678,0.1034661819920861,0.08914287553657937,raw cells; independent full-size with-replacement pseudo-replicates within context×perturbation; controls resampled independently,"min(n_left,n_right) cells per full-size pseudo-replicate",0
nadig_hepg2_vs_jurkat,matched_budget_source_frozen_replication,primary_min20,nadig_jurkat,nadig_hepg2,nadig_jurkat,delta_cosine,20260914,"0,2",2086,20,0.29509542893010615,0.19162924693802005,0.14923332666560904,0.19162924693802005,0.20418146786501767,0.19648220062492672,0.20418146786501767,0.1034661819920861,0.09091396106508848,raw cells; independent full-size with-replacement pseudo-replicates within context×perturbation; controls resampled independently,"min(n_left,n_right) cells per full-size pseudo-replicate",0
nadig_hepg2_vs_jurkat,matched_budget_source_frozen_replication,primary_min20,nadig_jurkat,nadig_hepg2,nadig_jurkat,delta_cosine,20260914,"1,2",2086,20,0.29509542893010615,0.19162924693802005,0.14923332666560904,0.19162924693802005,0.20240118547539726,0.18882512398518386,0.20240118547539726,0.1034661819920861,0.09269424345470889,raw cells; independent full-size with-replacement pseudo-replicates within context×perturbation; controls resampled independently,"min(n_left,n_right) cells per full-size pseudo-replicate",0
nadig_hepg2_vs_jurkat,matched_budget_source_frozen_replication,primary_min20,nadig_jurkat,nadig_hepg2,nadig_jurkat,systema_centroid_accuracy,20260914,"0,1",2086,20,0.3288375627398369,0.2545757832851648,0.1745957404737763,0.2545757832851648,0.2585773375546926,0.2243954788230777,0.2585773375546926,0.0742617794546721,0.0702602251851443,raw cells; independent full-size with-replacement pseudo-replicates within context×perturbation; controls resampled independently,"min(n_left,n_right) cells per full-size pseudo-replicate",0
nadig_hepg2_vs_jurkat,matched_budget_source_frozen_replication,primary_min20,nadig_jurkat,nadig_hepg2,nadig_jurkat,systema_centroid_accuracy,20260914,"0,2",2086,20,0.3288375627398369,0.2545757832851648,0.1745957404737763,0.2545757832851648,0.26626131501318606,0.27002984381430617,0.27002984381430617,0.0742617794546721,0.058807718925530716,raw cells; independent full-size with-replacement pseudo-replicates within context×perturbation; controls resampled independently,"min(n_left,n_right) cells per full-size pseudo-replicate",0
nadig_hepg2_vs_jurkat,matched_budget_source_frozen_replication,primary_min20,nadig_jurkat,nadig_hepg2,nadig_jurkat,systema_centroid_accuracy,20260914,"1,2",2086,20,0.3288375627398369,0.2545757832851648,0.1745957404737763,0.2545757832851648,0.2600927503443075,0.22209971236816875,0.2600927503443075,0.0742617794546721,0.06874481239552938,raw cells; independent full-size with-replacement pseudo-replicates within context×perturbation; controls resampled independently,"min(n_left,n_right) cells per full-size pseudo-replicate",0
nadig_hepg2_vs_jurkat,matched_budget_source_frozen_replication,primary_min20,nadig_jurkat,nadig_hepg2,nadig_jurkat,absolute_effect_rank_agreement,20260914,"0,1",2086,20,0.27588157661790025,0.22105092531918857,0.14614777976276697,0.22105092531918857,0.2534323835275021,0.2338626126902888,0.2534323835275021,0.054830651298711675,0.022449193090398167,raw cells; independent full-size with-replacement pseudo-replicates within context×perturbation; controls resampled independently,"min(n_left,n_right) cells per full-size pseudo-replicate",0
nadig_hepg2_vs_jurkat,matched_budget_source_frozen_replication,primary_min20,nadig_jurkat,nadig_hepg2,nadig_jurkat,absolute_effect_rank_agreement,20260914,"0,2",2086,20,0.27588157661790025,0.22105092531918857,0.14614777976276697,0.22105092531918857,0.26362262059958935,0.23142958308329367,0.26362262059958935,0.054830651298711675,0.012258956018310896,raw cells; independent full-size with-replacement pseudo-replicates within context×perturbation; controls resampled independently,"min(n_left,n_right) cells per full-size pseudo-replicate",0
nadig_hepg2_vs_jurkat,matched_budget_source_frozen_replication,primary_min20,nadig_jurkat,nadig_hepg2,nadig_jurkat,absolute_effect_rank_agreement,20260914,"1,2",2086,20,0.27588157661790025,0.22105092531918857,0.14614777976276697,0.22105092531918857,0.26858547677677613,0.2341448413656419,0.26858547677677613,0.054830651298711675,0.007296099841124115,raw cells; independent full-size with-replacement pseudo-replicates within context×perturbation; controls resampled independently,"min(n_left,n_right) cells per full-size pseudo-replicate",0
nadig_hepg2_vs_jurkat,matched_budget_source_frozen_replication,primary_min20,nadig_hepg2,nadig_hepg2,nadig_jurkat,delta_cosine,20260915,"0,1",2086,20,0.2886186544532351,0.18294603051978361,0.15609395513311308,0.18294603051978361,0.19603994656623694,0.19523809523809524,0.19603994656623694,0.10567262393345148,0.09257870788699815,raw cells; independent full-size with-replacement pseudo-replicates within context×perturbation; controls resampled independently,"min(n_left,n_right) cells per full-size pseudo-replicate",0
nadig_hepg2_vs_jurkat,matched_budget_source_frozen_replication,primary_min20,nadig_hepg2,nadig_hepg2,nadig_jurkat,delta_cosine,20260915,"0,2",2086,20,0.2886186544532351,0.18294603051978361,0.15609395513311308,0.18294603051978361,0.1912895378807213,0.18516500318441315,0.1912895378807213,0.10567262393345148,0.09732911657251378,raw cells; independent full-size with-replacement pseudo-replicates within context×perturbation; controls resampled independently,"min(n_left,n_right) cells per full-size pseudo-replicate",0
nadig_hepg2_vs_jurkat,matched_budget_source_frozen_replication,primary_min20,nadig_hepg2,nadig_hepg2,nadig_jurkat,delta_cosine,20260915,"1,2",2086,20,0.2886186544532351,0.18294603051978361,0.15609395513311308,0.18294603051978361,0.19443348485162015,0.1909192492602275,0.19443348485162015,0.10567262393345148,0.09418516960161494,raw cells; independent full-size with-replacement pseudo-replicates within context×perturbation; controls resampled independently,"min(n_left,n_right) cells per full-size pseudo-replicate",0
nadig_hepg2_vs_jurkat,matched_budget_source_frozen_replication,primary_min20,nadig_hepg2,nadig_hepg2,nadig_jurkat,systema_centroid_accuracy,20260915,"0,1",2086,20,0.3273499704550836,0.24264584497311067,0.18423795958439382,0.24264584497311067,0.25213390169935,0.24544904823983577,0.25213390169935,0.08470412548197295,0.07521606875573361,raw cells; independent full-size with-replacement pseudo-replicates within context×perturbation; controls resampled independently,"min(n_left,n_right) cells per full-size pseudo-replicate",0
nadig_hepg2_vs_jurkat,matched_budget_source_frozen_replication,primary_min20,nadig_hepg2,nadig_hepg2,nadig_jurkat,systema_centroid_accuracy,20260915,"0,2",2086,20,0.3273499704550836,0.24264584497311067,0.18423795958439382,0.24264584497311067,0.24737877962251484,0.22573373707553612,0.24737877962251484,0.08470412548197295,0.07997119083256879,raw cells; independent full-size with-replacement pseudo-replicates within context×perturbation; controls resampled independently,"min(n_left,n_right) cells per full-size pseudo-replicate",0
nadig_hepg2_vs_jurkat,matched_budget_source_frozen_replication,primary_min20,nadig_hepg2,nadig_hepg2,nadig_jurkat,systema_centroid_accuracy,20260915,"1,2",2086,20,0.3273499704550836,0.24264584497311067,0.18423795958439382,0.24264584497311067,0.2460617891113763,0.21414350782078076,0.2460617891113763,0.08470412548197295,0.08128818134370733,raw cells; independent full-size with-replacement pseudo-replicates within context×perturbation; controls resampled independently,"min(n_left,n_right) cells per full-size pseudo-replicate",0
nadig_hepg2_vs_jurkat,matched_budget_source_frozen_replication,primary_min20,nadig_hepg2,nadig_hepg2,nadig_jurkat,absolute_effect_rank_agreement,20260915,"0,1",2086,20,0.3129115882749218,0.23879121055983593,0.18383030871563533,0.23879121055983593,0.26394163671938764,0.2393878569244317,0.26394163671938764,0.0741203777150859,0.048969951555534186,raw cells; independent full-size with-replacement pseudo-replicates within context×perturbation; controls resampled independently,"min(n_left,n_right) cells per full-size pseudo-replicate",0
nadig_hepg2_vs_jurkat,matched_budget_source_frozen_replication,primary_min20,nadig_hepg2,nadig_hepg2,nadig_jurkat,absolute_effect_rank_agreement,20260915,"0,2",2086,20,0.3129115882749218,0.23879121055983593,0.18383030871563533,0.23879121055983593,0.2717743734063564,0.26809919274551597,0.2717743734063564,0.0741203777150859,0.04113721486856542,raw cells; independent full-size with-replacement pseudo-replicates within context×perturbation; controls resampled independently,"min(n_left,n_right) cells per full-size pseudo-replicate",0
nadig_hepg2_vs_jurkat,matched_budget_source_frozen_replication,primary_min20,nadig_hepg2,nadig_hepg2,nadig_jurkat,absolute_effect_rank_agreement,20260915,"1,2",2086,20,0.3129115882749218,0.23879121055983593,0.18383030871563533,0.23879121055983593,0.2687902218972665,0.25605797241401507,0.2687902218972665,0.0741203777150859,0.04412136637765535,raw cells; independent full-size with-replacement pseudo-replicates within context×perturbation; controls resampled independently,"min(n_left,n_right) cells per full-size pseudo-replicate",0
nadig_hepg2_vs_jurkat,matched_budget_source_frozen_replication,primary_min20,nadig_jurkat,nadig_hepg2,nadig_jurkat,delta_cosine,20260915,"0,1",2086,20,0.2918119195918433,0.1855349469226153,0.15761097737342247,0.1855349469226153,0.1992917267336658,0.20373438545424447,0.20373438545424447,0.10627697266922803,0.08807753413759886,raw cells; independent full-size with-replacement pseudo-replicates within context×perturbation; controls resampled independently,"min(n_left,n_right) cells per full-size pseudo-replicate",0
nadig_hepg2_vs_jurkat,matched_budget_source_frozen_replication,primary_min20,nadig_jurkat,nadig_hepg2,nadig_jurkat,delta_cosine,20260915,"0,2",2086,20,0.2918119195918433,0.1855349469226153,0.15761097737342247,0.1855349469226153,0.19706033830653596,0.19969397444652143,0.19969397444652143,0.10627697266922803,0.0921179451453219,raw cells; independent full-size with-replacement pseudo-replicates within context×perturbation; controls resampled independently,"min(n_left,n_right) cells per full-size pseudo-replicate",0
nadig_hepg2_vs_jurkat,matched_budget_source_frozen_replication,primary_min20,nadig_jurkat,nadig_hepg2,nadig_jurkat,delta_cosine,20260915,"1,2",2086,20,0.2918119195918433,0.1855349469226153,0.15761097737342247,0.1855349469226153,0.19598545516415247,0.1935861090609775,0.19598545516415247,0.10627697266922803,0.09582646442769086,raw cells; independent full-size with-replacement pseudo-replicates within context×perturbation; controls resampled independently,"min(n_left,n_right) cells per full-size pseudo-replicate",0
nadig_hepg2_vs_jurkat,matched_budget_source_frozen_replication,primary_min20,nadig_jurkat,nadig_hepg2,nadig_jurkat,systema_centroid_accuracy,20260915,"0,1",2086,20,0.3277764748891203,0.24181375896406554,0.18040332834403616,0.24181375896406554,0.24767135476661814,0.2325371150826223,0.24767135476661814,0.08596271592505478,0.08010512012250218,raw cells; independent full-size with-replacement pseudo-replicates within context×perturbation; controls resampled independently,"min(n_left,n_right) cells per full-size pseudo-replicate",0
nadig_hepg2_vs_jurkat,matched_budget_source_frozen_replication,primary_min20,nadig_jurkat,nadig_hepg2,nadig_jurkat,systema_centroid_accuracy,20260915,"0,2",2086,20,0.3277764748891203,0.24181375896406554,0.18040332834403616,0.24181375896406554,0.2564373429348563,0.2787039783321952,0.2787039783321952,0.08596271592505478,0.04907249655692514,raw cells; independent full-size with-replacement pseudo-replicates within context×perturbation; controls resampled independently,"min(n_left,n_right) cells per full-size pseudo-replicate",0
nadig_hepg2_vs_jurkat,matched_budget_source_frozen_replication,primary_min20,nadig_jurkat,nadig_hepg2,nadig_jurkat,systema_centroid_accuracy,20260915,"1,2",2086,20,0.3277764748891203,0.24181375896406554,0.18040332834403616,0.24181375896406554,0.2489514428725476,0.23148522409301706,0.2489514428725476,0.08596271592505478,0.0788250320165727,raw cells; independent full-size with-replacement pseudo-replicates within context×perturbation; controls resampled independently,"min(n_left,n_right) cells per full-size pseudo-replicate",0
nadig_hepg2_vs_jurkat,matched_budget_source_frozen_replication,primary_min20,nadig_jurkat,nadig_hepg2,nadig_jurkat,absolute_effect_rank_agreement,20260915,"0,1",2086,20,0.2758888191460255,0.22272866270741795,0.15342249690180743,0.22272866270741795,0.2547097125750981,0.2298571497547887,0.2547097125750981,0.053160156438607525,0.021179106570927364,raw cells; independent full-size with-replacement pseudo-replicates within context×perturbation; controls resampled independently,"min(n_left,n_right) cells per full-size pseudo-replicate",0
nadig_hepg2_vs_jurkat,matched_budget_source_frozen_replication,primary_min20,nadig_jurkat,nadig_hepg2,nadig_jurkat,absolute_effect_rank_agreement,20260915,"0,2",2086,20,0.2758888191460255,0.22272866270741795,0.15342249690180743,0.22272866270741795,0.268229213369477,0.22111564822925936,0.268229213369477,0.053160156438607525,0.00765960577654845,raw cells; independent full-size with-replacement pseudo-replicates within context×perturbation; controls resampled independently,"min(n_left,n_right) cells per full-size pseudo-replicate",0
nadig_hepg2_vs_jurkat,matched_budget_source_frozen_replication,primary_min20,nadig_jurkat,nadig_hepg2,nadig_jurkat,absolute_effect_rank_agreement,20260915,"1,2",2086,20,0.2758888191460255,0.22272866270741795,0.15342249690180743,0.22272866270741795,0.27106012218029985,0.2335606107635464,0.27106012218029985,0.053160156438607525,0.004828696965725632,raw cells; independent full-size with-replacement pseudo-replicates within context×perturbation; controls resampled independently,"min(n_left,n_right) cells per full-size pseudo-replicate",0
nadig_hepg2_vs_jurkat,matched_budget_source_frozen_replication,primary_min20,nadig_hepg2,nadig_hepg2,nadig_jurkat,delta_cosine,20260916,"0,1",2086,20,0.30414525522439195,0.19600419376866673,0.1480910765155852,0.19600419376866673,0.2080561054512095,0.18890053824629655,0.2080561054512095,0.10814106145572522,0.09608914977318245,raw cells; independent full-size with-replacement pseudo-replicates within context×perturbation; controls resampled independently,"min(n_left,n_right) cells per full-size pseudo-replicate",0
nadig_hepg2_vs_jurkat,matched_budget_source_frozen_replication,primary_min20,nadig_hepg2,nadig_hepg2,nadig_jurkat,delta_cosine,20260916,"0,2",2086,20,0.30414525522439195,0.19600419376866673,0.1480910765155852,0.19600419376866673,0.20313658948200977,0.17731985073494416,0.20313658948200977,0.10814106145572522,0.10100866574238218,raw cells; independent full-size with-replacement pseudo-replicates within context×perturbation; controls resampled independently,"min(n_left,n_right) cells per full-size pseudo-replicate",0
nadig_hepg2_vs_jurkat,matched_budget_source_frozen_replication,primary_min20,nadig_hepg2,nadig_hepg2,nadig_jurkat,delta_cosine,20260916,"1,2",2086,20,0.30414525522439195,0.19600419376866673,0.1480910765155852,0.19600419376866673,0.20524405020566483,0.18376983935382854,0.20524405020566483,0.10814106145572522,0.09890120501872712,raw cells; independent full-size with-replacement pseudo-replicates within context×perturbation; controls resampled independently,"min(n_left,n_right) cells per full-size pseudo-replicate",0
nadig_hepg2_vs_jurkat,matched_budget_source_frozen_replication,primary_min20,nadig_hepg2,nadig_hepg2,nadig_jurkat,systema_centroid_accuracy,20260916,"0,1",2086,20,0.32462459562551305,0.2400723333126404,0.2040555858285567,0.2400723333126404,0.25018462698680943,0.25349377257542,0.25349377257542,0.08455226231287263,0.07113082305009305,raw cells; independent full-size with-replacement pseudo-replicates within context×perturbation; controls resampled independently,"min(n_left,n_right) cells per full-size pseudo-replicate",0
nadig_hepg2_vs_jurkat,matched_budget_source_frozen_replication,primary_min20,nadig_hepg2,nadig_hepg2,nadig_jurkat,systema_centroid_accuracy,20260916,"0,2",2086,20,0.32462459562551305,0.2400723333126404,0.2040555858285567,0.2400723333126404,0.24616318450512842,0.23488978711565742,0.24616318450512842,0.08455226231287263,0.07846141112038463,raw cells; independent full-size with-replacement pseudo-replicates within context×perturbation; controls resampled independently,"min(n_left,n_right) cells per full-size pseudo-replicate",0
nadig_hepg2_vs_jurkat,matched_budget_source_frozen_replication,primary_min20,nadig_hepg2,nadig_hepg2,nadig_jurkat,systema_centroid_accuracy,20260916,"1,2",2086,20,0.32462459562551305,0.2400723333126404,0.2040555858285567,0.2400723333126404,0.24476411200857146,0.2294823776645031,0.24476411200857146,0.08455226231287263,0.07986048361694159,raw cells; independent full-size with-replacement pseudo-replicates within context×perturbation; controls resampled independently,"min(n_left,n_right) cells per full-size pseudo-replicate",0
nadig_hepg2_vs_jurkat,matched_budget_source_frozen_replication,primary_min20,nadig_hepg2,nadig_hepg2,nadig_jurkat,absolute_effect_rank_agreement,20260916,"0,1",2086,20,0.3147191163655844,0.23899377142581235,0.19156210985190755,0.23899377142581235,0.2686761808194863,0.2407645120720298,0.2686761808194863,0.07572534493977207,0.04604293554609812,raw cells; independent full-size with-replacement pseudo-replicates within context×perturbation; controls resampled independently,"min(n_left,n_right) cells per full-size pseudo-replicate",0
nadig_hepg2_vs_jurkat,matched_budget_source_frozen_replication,primary_min20,nadig_hepg2,nadig_hepg2,nadig_jurkat,absolute_effect_rank_agreement,20260916,"0,2",2086,20,0.3147191163655844,0.23899377142581235,0.19156210985190755,0.23899377142581235,0.2743178803074511,0.26563420404615906,0.2743178803074511,0.07572534493977207,0.04040123605813334,raw cells; independent full-size with-replacement pseudo-replicates within context×perturbation; controls resampled independently,"min(n_left,n_right) cells per full-size pseudo-replicate",0
nadig_hepg2_vs_jurkat,matched_budget_source_frozen_replication,primary_min20,nadig_hepg2,nadig_hepg2,nadig_jurkat,absolute_effect_rank_agreement,20260916,"1,2",2086,20,0.3147191163655844,0.23899377142581235,0.19156210985190755,0.23899377142581235,0.27057487279591474,0.25602681804700056,0.27057487279591474,0.07572534493977207,0.04414424356966967,raw cells; independent full-size with-replacement pseudo-replicates within context×perturbation; controls resampled independently,"min(n_left,n_right) cells per full-size pseudo-replicate",0
nadig_hepg2_vs_jurkat,matched_budget_source_frozen_replication,primary_min20,nadig_jurkat,nadig_hepg2,nadig_jurkat,delta_cosine,20260916,"0,1",2086,20,0.3040137401105003,0.19954452545346274,0.14914319742671828,0.19954452545346274,0.21191177451135926,0.19731658584924966,0.21191177451135926,0.10446921465703757,0.09210196559914105,raw cells; independent full-size with-replacement pseudo-replicates within context×perturbation; controls resampled independently,"min(n_left,n_right) cells per full-size pseudo-replicate",0
nadig_hepg2_vs_jurkat,matched_budget_source_frozen_replication,primary_min20,nadig_jurkat,nadig_hepg2,nadig_jurkat,delta_cosine,20260916,"0,2",2086,20,0.3040137401105003,0.19954452545346274,0.14914319742671828,0.19954452545346274,0.2105501792238309,0.19443199036168957,0.2105501792238309,0.10446921465703757,0.0934635608866694,raw cells; independent full-size with-replacement pseudo-replicates within context×perturbation; controls resampled independently,"min(n_left,n_right) cells per full-size pseudo-replicate",0
nadig_hepg2_vs_jurkat,matched_budget_source_frozen_replication,primary_min20,nadig_jurkat,nadig_hepg2,nadig_jurkat,delta_cosine,20260916,"1,2",2086,20,0.3040137401105003,0.19954452545346274,0.14914319742671828,0.19954452545346274,0.209200769777275,0.18801396083516697,0.209200769777275,0.10446921465703757,0.0948129703332253,raw cells; independent full-size with-replacement pseudo-replicates within context×perturbation; controls resampled independently,"min(n_left,n_right) cells per full-size pseudo-replicate",0
nadig_hepg2_vs_jurkat,matched_budget_source_frozen_replication,primary_min20,nadig_jurkat,nadig_hepg2,nadig_jurkat,systema_centroid_accuracy,20260916,"0,1",2086,20,0.3256401590137286,0.2408241767084894,0.21038371603771633,0.2408241767084894,0.2499227463666651,0.24384419597591347,0.2499227463666651,0.08481598230523921,0.07571741264706353,raw cells; independent full-size with-replacement pseudo-replicates within context×perturbation; controls resampled independently,"min(n_left,n_right) cells per full-size pseudo-replicate",0
nadig_hepg2_vs_jurkat,matched_budget_source_frozen_replication,primary_min20,nadig_jurkat,nadig_hepg2,nadig_jurkat,systema_centroid_accuracy,20260916,"0,2",2086,20,0.3256401590137286,0.2408241767084894,0.21038371603771633,0.2408241767084894,0.2569507577063948,0.28529559861219367,0.28529559861219367,0.08481598230523921,0.040344560401534946,raw cells; independent full-size with-replacement pseudo-replicates within context×perturbation; controls resampled independently,"min(n_left,n_right) cells per full-size pseudo-replicate",0
nadig_hepg2_vs_jurkat,matched_budget_source_frozen_replication,primary_min20,nadig_jurkat,nadig_hepg2,nadig_jurkat,systema_centroid_accuracy,20260916,"1,2",2086,20,0.3256401590137286,0.2408241767084894,0.21038371603771633,0.2408241767084894,0.2487335922249736,0.24883395297185068,0.24883395297185068,0.08481598230523921,0.07680620604187793,raw cells; independent full-size with-replacement pseudo-replicates within context×perturbation; controls resampled independently,"min(n_left,n_right) cells per full-size pseudo-replicate",0
nadig_hepg2_vs_jurkat,matched_budget_source_frozen_replication,primary_min20,nadig_jurkat,nadig_hepg2,nadig_jurkat,absolute_effect_rank_agreement,20260916,"0,1",2086,20,0.26931846660734693,0.21757727087744952,0.16653883029721955,0.21757727087744952,0.24858851174094282,0.233982976610083,0.24858851174094282,0.05174119572989741,0.02072995486640411,raw cells; independent full-size with-replacement pseudo-replicates within context×perturbation; controls resampled independently,"min(n_left,n_right) cells per full-size pseudo-replicate",0
nadig_hepg2_vs_jurkat,matched_budget_source_frozen_replication,primary_min20,nadig_jurkat,nadig_hepg2,nadig_jurkat,absolute_effect_rank_agreement,20260916,"0,2",2086,20,0.26931846660734693,0.21757727087744952,0.16653883029721955,0.21757727087744952,0.26352616851868454,0.22930142942213821,0.26352616851868454,0.05174119572989741,0.005792298088662384,raw cells; independent full-size with-replacement pseudo-replicates within context×perturbation; controls resampled independently,"min(n_left,n_right) cells per full-size pseudo-replicate",0
nadig_hepg2_vs_jurkat,matched_budget_source_frozen_replication,primary_min20,nadig_jurkat,nadig_hepg2,nadig_jurkat,absolute_effect_rank_agreement,20260916,"1,2",2086,20,0.26931846660734693,0.21757727087744952,0.16653883029721955,0.21757727087744952,0.2670124686444517,0.23862141351156851,0.2670124686444517,0.05174119572989741,0.002305997962895212,raw cells; independent full-size with-replacement pseudo-replicates within context×perturbation; controls resampled independently,"min(n_left,n_right) cells per full-size pseudo-replicate",0
nadig_hepg2_vs_jurkat,matched_budget_source_frozen_replication,primary_min20,nadig_hepg2,nadig_hepg2,nadig_jurkat,delta_cosine,20260917,"0,1",2086,20,0.2968396136398648,0.1785437230273308,0.15802644557412554,0.1785437230273308,0.19358737362938028,0.19759180191800538,0.19759180191800538,0.11829589061253398,0.0992478117218594,raw cells; independent full-size with-replacement pseudo-replicates within context×perturbation; controls resampled independently,"min(n_left,n_right) cells per full-size pseudo-replicate",0
nadig_hepg2_vs_jurkat,matched_budget_source_frozen_replication,primary_min20,nadig_hepg2,nadig_hepg2,nadig_jurkat,delta_cosine,20260917,"0,2",2086,20,0.2968396136398648,0.1785437230273308,0.15802644557412554,0.1785437230273308,0.18786037325460822,0.18625460130457475,0.18786037325460822,0.11829589061253398,0.10897924038525655,raw cells; independent full-size with-replacement pseudo-replicates within context×perturbation; controls resampled independently,"min(n_left,n_right) cells per full-size pseudo-replicate",0
nadig_hepg2_vs_jurkat,matched_budget_source_frozen_replication,primary_min20,nadig_hepg2,nadig_hepg2,nadig_jurkat,delta_cosine,20260917,"1,2",2086,20,0.2968396136398648,0.1785437230273308,0.15802644557412554,0.1785437230273308,0.19059172604390123,0.19159257445433875,0.19159257445433875,0.11829589061253398,0.10524703918552603,raw cells; independent full-size with-replacement pseudo-replicates within context×perturbation; controls resampled independently,"min(n_left,n_right) cells per full-size pseudo-replicate",0
nadig_hepg2_vs_jurkat,matched_budget_source_frozen_replication,primary_min20,nadig_hepg2,nadig_hepg2,nadig_jurkat,systema_centroid_accuracy,20260917,"0,1",2086,20,0.33055611119924766,0.23555966348685192,0.1950233485311463,0.23555966348685192,0.2483198484357289,0.25394625814209604,0.25394625814209604,0.09499644771239574,0.07660985305715162,raw cells; independent full-size with-replacement pseudo-replicates within context×perturbation; controls resampled independently,"min(n_left,n_right) cells per full-size pseudo-replicate",0
nadig_hepg2_vs_jurkat,matched_budget_source_frozen_replication,primary_min20,nadig_hepg2,nadig_hepg2,nadig_jurkat,systema_centroid_accuracy,20260917,"0,2",2086,20,0.33055611119924766,0.23555966348685192,0.1950233485311463,0.23555966348685192,0.24375958485368945,0.23543044758823817,0.24375958485368945,0.09499644771239574,0.0867965263455582,raw cells; independent full-size with-replacement pseudo-replicates within context×perturbation; controls resampled independently,"min(n_left,n_right) cells per full-size pseudo-replicate",0
nadig_hepg2_vs_jurkat,matched_budget_source_frozen_replication,primary_min20,nadig_hepg2,nadig_hepg2,nadig_jurkat,systema_centroid_accuracy,20260917,"1,2",2086,20,0.33055611119924766,0.23555966348685192,0.1950233485311463,0.23555966348685192,0.24132793477586098,0.21931835164658303,0.24132793477586098,0.09499644771239574,0.08922817642338668,raw cells; independent full-size with-replacement pseudo-replicates within context×perturbation; controls resampled independently,"min(n_left,n_right) cells per full-size pseudo-replicate",0
nadig_hepg2_vs_jurkat,matched_budget_source_frozen_replication,primary_min20,nadig_hepg2,nadig_hepg2,nadig_jurkat,absolute_effect_rank_agreement,20260917,"0,1",2086,20,0.3158766562972058,0.2372118795854975,0.1858501693372052,0.2372118795854975,0.26731021702293006,0.24439520291724431,0.26731021702293006,0.0786647767117083,0.04856643927427573,raw cells; independent full-size with-replacement pseudo-replicates within context×perturbation; controls resampled independently,"min(n_left,n_right) cells per full-size pseudo-replicate",0
nadig_hepg2_vs_jurkat,matched_budget_source_frozen_replication,primary_min20,nadig_hepg2,nadig_hepg2,nadig_jurkat,absolute_effect_rank_agreement,20260917,"0,2",2086,20,0.3158766562972058,0.2372118795854975,0.1858501693372052,0.2372118795854975,0.2700643320434736,0.2638774886131363,0.2700643320434736,0.0786647767117083,0.04581232425373222,raw cells; independent full-size with-replacement pseudo-replicates within context×perturbation; controls resampled independently,"min(n_left,n_right) cells per full-size pseudo-replicate",0
nadig_hepg2_vs_jurkat,matched_budget_source_frozen_replication,primary_min20,nadig_hepg2,nadig_hepg2,nadig_jurkat,absolute_effect_rank_agreement,20260917,"1,2",2086,20,0.3158766562972058,0.2372118795854975,0.1858501693372052,0.2372118795854975,0.2665085956163161,0.25244418080109254,0.2665085956163161,0.0786647767117083,0.04936806068088967,raw cells; independent full-size with-replacement pseudo-replicates within context×perturbation; controls resampled independently,"min(n_left,n_right) cells per full-size pseudo-replicate",0
nadig_hepg2_vs_jurkat,matched_budget_source_frozen_replication,primary_min20,nadig_jurkat,nadig_hepg2,nadig_jurkat,delta_cosine,20260917,"0,1",2086,20,0.2974013119322375,0.1820081806079585,0.15676693544493264,0.1820081806079585,0.1972817527377906,0.20213068279796104,0.20213068279796104,0.115393131324279,0.09527062913427647,raw cells; independent full-size with-replacement pseudo-replicates within context×perturbation; controls resampled independently,"min(n_left,n_right) cells per full-size pseudo-replicate",0
nadig_hepg2_vs_jurkat,matched_budget_source_frozen_replication,primary_min20,nadig_jurkat,nadig_hepg2,nadig_jurkat,delta_cosine,20260917,"0,2",2086,20,0.2974013119322375,0.1820081806079585,0.15676693544493264,0.1820081806079585,0.19613237502040554,0.19919251559442763,0.19919251559442763,0.115393131324279,0.09820879633780988,raw cells; independent full-size with-replacement pseudo-replicates within context×perturbation; controls resampled independently,"min(n_left,n_right) cells per full-size pseudo-replicate",0
nadig_hepg2_vs_jurkat,matched_budget_source_frozen_replication,primary_min20,nadig_jurkat,nadig_hepg2,nadig_jurkat,delta_cosine,20260917,"1,2",2086,20,0.2974013119322375,0.1820081806079585,0.15676693544493264,0.1820081806079585,0.19280564043491957,0.1923937360178971,0.19280564043491957,0.115393131324279,0.10459567149731794,raw cells; independent full-size with-replacement pseudo-replicates within context×perturbation; controls resampled independently,"min(n_left,n_right) cells per full-size pseudo-replicate",0
nadig_hepg2_vs_jurkat,matched_budget_source_frozen_replication,primary_min20,nadig_jurkat,nadig_hepg2,nadig_jurkat,systema_centroid_accuracy,20260917,"0,1",2086,20,0.3315369564367681,0.2354217105701824,0.1972724409159154,0.2354217105701824,0.24539225762247344,0.23073682952008479,0.24539225762247344,0.09611524586658571,0.08614469881429468,raw cells; independent full-size with-replacement pseudo-replicates within context×perturbation; controls resampled independently,"min(n_left,n_right) cells per full-size pseudo-replicate",0
nadig_hepg2_vs_jurkat,matched_budget_source_frozen_replication,primary_min20,nadig_jurkat,nadig_hepg2,nadig_jurkat,systema_centroid_accuracy,20260917,"0,2",2086,20,0.3315369564367681,0.2354217105701824,0.1972724409159154,0.2354217105701824,0.2553457904817086,0.26740069114411247,0.26740069114411247,0.09611524586658571,0.06413626529265565,raw cells; independent full-size with-replacement pseudo-replicates within context×perturbation; controls resampled independently,"min(n_left,n_right) cells per full-size pseudo-replicate",0
nadig_hepg2_vs_jurkat,matched_budget_source_frozen_replication,primary_min20,nadig_jurkat,nadig_hepg2,nadig_jurkat,systema_centroid_accuracy,20260917,"1,2",2086,20,0.3315369564367681,0.2354217105701824,0.1972724409159154,0.2354217105701824,0.2459547606401935,0.23123127576558122,0.2459547606401935,0.09611524586658571,0.08558219579657461,raw cells; independent full-size with-replacement pseudo-replicates within context×perturbation; controls resampled independently,"min(n_left,n_right) cells per full-size pseudo-replicate",0
nadig_hepg2_vs_jurkat,matched_budget_source_frozen_replication,primary_min20,nadig_jurkat,nadig_hepg2,nadig_jurkat,absolute_effect_rank_agreement,20260917,"0,1",2086,20,0.27652823091478884,0.22035587254070185,0.15513541228378752,0.22035587254070185,0.25140332604482085,0.23378984252674562,0.25140332604482085,0.05617235837408699,0.02512490486996799,raw cells; independent full-size with-replacement pseudo-replicates within context×perturbation; controls resampled independently,"min(n_left,n_right) cells per full-size pseudo-replicate",0
nadig_hepg2_vs_jurkat,matched_budget_source_frozen_replication,primary_min20,nadig_jurkat,nadig_hepg2,nadig_jurkat,absolute_effect_rank_agreement,20260917,"0,2",2086,20,0.27652823091478884,0.22035587254070185,0.15513541228378752,0.22035587254070185,0.2641544290933504,0.2288792934971294,0.2641544290933504,0.05617235837408699,0.012373801821438435,raw cells; independent full-size with-replacement pseudo-replicates within context×perturbation; controls resampled independently,"min(n_left,n_right) cells per full-size pseudo-replicate",0
nadig_hepg2_vs_jurkat,matched_budget_source_frozen_replication,primary_min20,nadig_jurkat,nadig_hepg2,nadig_jurkat,absolute_effect_rank_agreement,20260917,"1,2",2086,20,0.27652823091478884,0.22035587254070185,0.15513541228378752,0.22035587254070185,0.2690578505556054,0.23732155215424977,0.2690578505556054,0.05617235837408699,0.0074703803591834594,raw cells; independent full-size with-replacement pseudo-replicates within context×perturbation; controls resampled independently,"min(n_left,n_right) cells per full-size pseudo-replicate",0
nadig_hepg2_vs_jurkat,matched_budget_source_frozen_replication,primary_min20,nadig_hepg2,nadig_hepg2,nadig_jurkat,delta_cosine,20260918,"0,1",2086,20,0.2948060726873918,0.19071921753105667,0.15177280993996747,0.19071921753105667,0.20163060347503398,0.19145784043905817,0.20163060347503398,0.10408685515633512,0.09317546921235781,raw cells; independent full-size with-replacement pseudo-replicates within context×perturbation; controls resampled independently,"min(n_left,n_right) cells per full-size pseudo-replicate",0
nadig_hepg2_vs_jurkat,matched_budget_source_frozen_replication,primary_min20,nadig_hepg2,nadig_hepg2,nadig_jurkat,delta_cosine,20260918,"0,2",2086,20,0.2948060726873918,0.19071921753105667,0.15177280993996747,0.19071921753105667,0.19667407013986127,0.17984082532631612,0.19667407013986127,0.10408685515633512,0.09813200254753052,raw cells; independent full-size with-replacement pseudo-replicates within context×perturbation; controls resampled independently,"min(n_left,n_right) cells per full-size pseudo-replicate",0
nadig_hepg2_vs_jurkat,matched_budget_source_frozen_replication,primary_min20,nadig_hepg2,nadig_hepg2,nadig_jurkat,delta_cosine,20260918,"1,2",2086,20,0.2948060726873918,0.19071921753105667,0.15177280993996747,0.19071921753105667,0.1997562831805505,0.18394963798855452,0.1997562831805505,0.10408685515633512,0.09504978950684129,raw cells; independent full-size with-replacement pseudo-replicates within context×perturbation; controls resampled independently,"min(n_left,n_right) cells per full-size pseudo-replicate",0
nadig_hepg2_vs_jurkat,matched_budget_source_frozen_replication,primary_min20,nadig_hepg2,nadig_hepg2,nadig_jurkat,systema_centroid_accuracy,20260918,"0,1",2086,20,0.32274372256748773,0.251728894928161,0.17586260809185825,0.251728894928161,0.25824843480919957,0.2373882293973067,0.25824843480919957,0.07101482763932676,0.06449528775828817,raw cells; independent full-size with-replacement pseudo-replicates within context×perturbation; controls resampled independently,"min(n_left,n_right) cells per full-size pseudo-replicate",0
nadig_hepg2_vs_jurkat,matched_budget_source_frozen_replication,primary_min20,nadig_hepg2,nadig_hepg2,nadig_jurkat,systema_centroid_accuracy,20260918,"0,2",2086,20,0.32274372256748773,0.251728894928161,0.17586260809185825,0.251728894928161,0.25467614403204186,0.21676714237430764,0.25467614403204186,0.07101482763932676,0.06806757853544587,raw cells; independent full-size with-replacement pseudo-replicates within context×perturbation; controls resampled independently,"min(n_left,n_right) cells per full-size pseudo-replicate",0
nadig_hepg2_vs_jurkat,matched_budget_source_frozen_replication,primary_min20,nadig_hepg2,nadig_hepg2,nadig_jurkat,systema_centroid_accuracy,20260918,"1,2",2086,20,0.32274372256748773,0.251728894928161,0.17586260809185825,0.251728894928161,0.25387268325320567,0.20419618284279575,0.25387268325320567,0.07101482763932676,0.06887103931428207,raw cells; independent full-size with-replacement pseudo-replicates within context×perturbation; controls resampled independently,"min(n_left,n_right) cells per full-size pseudo-replicate",0
nadig_hepg2_vs_jurkat,matched_budget_source_frozen_replication,primary_min20,nadig_hepg2,nadig_hepg2,nadig_jurkat,absolute_effect_rank_agreement,20260918,"0,1",2086,20,0.3140978683975159,0.23615791930214217,0.18426072181564432,0.23615791930214217,0.2640076241978613,0.23720912052716409,0.2640076241978613,0.07793994909537375,0.05009024419965463,raw cells; independent full-size with-replacement pseudo-replicates within context×perturbation; controls resampled independently,"min(n_left,n_right) cells per full-size pseudo-replicate",0
nadig_hepg2_vs_jurkat,matched_budget_source_frozen_replication,primary_min20,nadig_hepg2,nadig_hepg2,nadig_jurkat,absolute_effect_rank_agreement,20260918,"0,2",2086,20,0.3140978683975159,0.23615791930214217,0.18426072181564432,0.23615791930214217,0.268779070703169,0.262562452434984,0.268779070703169,0.07793994909537375,0.045318797694346935,raw cells; independent full-size with-replacement pseudo-replicates within context×perturbation; controls resampled independently,"min(n_left,n_right) cells per full-size pseudo-replicate",0
nadig_hepg2_vs_jurkat,matched_budget_source_frozen_replication,primary_min20,nadig_hepg2,nadig_hepg2,nadig_jurkat,absolute_effect_rank_agreement,20260918,"1,2",2086,20,0.3140978683975159,0.23615791930214217,0.18426072181564432,0.23615791930214217,0.2657990577815791,0.25372771772993885,0.2657990577815791,0.07793994909537375,0.04829881061593683,raw cells; independent full-size with-replacement pseudo-replicates within context×perturbation; controls resampled independently,"min(n_left,n_right) cells per full-size pseudo-replicate",0
nadig_hepg2_vs_jurkat,matched_budget_source_frozen_replication,primary_min20,nadig_jurkat,nadig_hepg2,nadig_jurkat,delta_cosine,20260918,"0,1",2086,20,0.29777229031731467,0.19012280108798865,0.1518921392128866,0.19012280108798865,0.20288643485978236,0.19927678183435993,0.20288643485978236,0.10764948922932602,0.09488585545753231,raw cells; independent full-size with-replacement pseudo-replicates within context×perturbation; controls resampled independently,"min(n_left,n_right) cells per full-size pseudo-replicate",0
nadig_hepg2_vs_jurkat,matched_budget_source_frozen_replication,primary_min20,nadig_jurkat,nadig_hepg2,nadig_jurkat,delta_cosine,20260918,"0,2",2086,20,0.29777229031731467,0.19012280108798865,0.1518921392128866,0.19012280108798865,0.20092888297224157,0.19566126580997906,0.20092888297224157,0.10764948922932602,0.0968434073450731,raw cells; independent full-size with-replacement pseudo-replicates within context×perturbation; controls resampled independently,"min(n_left,n_right) cells per full-size pseudo-replicate",0
nadig_hepg2_vs_jurkat,matched_budget_source_frozen_replication,primary_min20,nadig_jurkat,nadig_hepg2,nadig_jurkat,delta_cosine,20260918,"1,2",2086,20,0.29777229031731467,0.19012280108798865,0.1518921392128866,0.19012280108798865,0.20000620788125012,0.18992679298555404,0.20000620788125012,0.10764948922932602,0.09776608243606455,raw cells; independent full-size with-replacement pseudo-replicates within context×perturbation; controls resampled independently,"min(n_left,n_right) cells per full-size pseudo-replicate",0
nadig_hepg2_vs_jurkat,matched_budget_source_frozen_replication,primary_min20,nadig_jurkat,nadig_hepg2,nadig_jurkat,systema_centroid_accuracy,20260918,"0,1",2086,20,0.3229946819150624,0.2508255332455033,0.1734955659633367,0.2508255332455033,0.25613511108658615,0.2224061977647029,0.25613511108658615,0.07216914866955915,0.06685957082847627,raw cells; independent full-size with-replacement pseudo-replicates within context×perturbation; controls resampled independently,"min(n_left,n_right) cells per full-size pseudo-replicate",0
nadig_hepg2_vs_jurkat,matched_budget_source_frozen_replication,primary_min20,nadig_jurkat,nadig_hepg2,nadig_jurkat,systema_centroid_accuracy,20260918,"0,2",2086,20,0.3229946819150624,0.2508255332455033,0.1734955659633367,0.2508255332455033,0.2624886476245657,0.2725059837077606,0.2725059837077606,0.07216914866955915,0.05048869820730184,raw cells; independent full-size with-replacement pseudo-replicates within context×perturbation; controls resampled independently,"min(n_left,n_right) cells per full-size pseudo-replicate",0
nadig_hepg2_vs_jurkat,matched_budget_source_frozen_replication,primary_min20,nadig_jurkat,nadig_hepg2,nadig_jurkat,systema_centroid_accuracy,20260918,"1,2",2086,20,0.3229946819150624,0.2508255332455033,0.1734955659633367,0.2508255332455033,0.2557647075053284,0.22545760132066922,0.2557647075053284,0.07216914866955915,0.067229974409734,raw cells; independent full-size with-replacement pseudo-replicates within context×perturbation; controls resampled independently,"min(n_left,n_right) cells per full-size pseudo-replicate",0
nadig_hepg2_vs_jurkat,matched_budget_source_frozen_replication,primary_min20,nadig_jurkat,nadig_hepg2,nadig_jurkat,absolute_effect_rank_agreement,20260918,"0,1",2086,20,0.2756338361717146,0.22019952590180972,0.15178591546705109,0.22019952590180972,0.2511750139677328,0.23170020072149375,0.2511750139677328,0.05543431026990489,0.024458822203981823,raw cells; independent full-size with-replacement pseudo-replicates within context×perturbation; controls resampled independently,"min(n_left,n_right) cells per full-size pseudo-replicate",0
nadig_hepg2_vs_jurkat,matched_budget_source_frozen_replication,primary_min20,nadig_jurkat,nadig_hepg2,nadig_jurkat,absolute_effect_rank_agreement,20260918,"0,2",2086,20,0.2756338361717146,0.22019952590180972,0.15178591546705109,0.22019952590180972,0.2625304933426222,0.22916198201553808,0.2625304933426222,0.05543431026990489,0.013103342829092424,raw cells; independent full-size with-replacement pseudo-replicates within context×perturbation; controls resampled independently,"min(n_left,n_right) cells per full-size pseudo-replicate",0
nadig_hepg2_vs_jurkat,matched_budget_source_frozen_replication,primary_min20,nadig_jurkat,nadig_hepg2,nadig_jurkat,absolute_effect_rank_agreement,20260918,"1,2",2086,20,0.2756338361717146,0.22019952590180972,0.15178591546705109,0.22019952590180972,0.26401429192216697,0.23758895089106088,0.26401429192216697,0.05543431026990489,0.011619544249547642,raw cells; independent full-size with-replacement pseudo-replicates within context×perturbation; controls resampled independently,"min(n_left,n_right) cells per full-size pseudo-replicate",0
nadig_hepg2_vs_jurkat,matched_budget_source_frozen_replication,primary_min20,nadig_hepg2,nadig_hepg2,nadig_jurkat,delta_cosine,20260919,"0,1",2086,20,0.2950440414686467,0.19388293775334478,0.15496320105947842,0.19388293775334478,0.20647826896680163,0.19203137969011175,0.20647826896680163,0.10116110371530193,0.08856577250184508,raw cells; independent full-size with-replacement pseudo-replicates within context×perturbation; controls resampled independently,"min(n_left,n_right) cells per full-size pseudo-replicate",0
nadig_hepg2_vs_jurkat,matched_budget_source_frozen_replication,primary_min20,nadig_hepg2,nadig_hepg2,nadig_jurkat,delta_cosine,20260919,"0,2",2086,20,0.2950440414686467,0.19388293775334478,0.15496320105947842,0.19388293775334478,0.2009957901368263,0.18073096652112633,0.2009957901368263,0.10116110371530193,0.0940482513318204,raw cells; independent full-size with-replacement pseudo-replicates within context×perturbation; controls resampled independently,"min(n_left,n_right) cells per full-size pseudo-replicate",0
nadig_hepg2_vs_jurkat,matched_budget_source_frozen_replication,primary_min20,nadig_hepg2,nadig_hepg2,nadig_jurkat,delta_cosine,20260919,"1,2",2086,20,0.2950440414686467,0.19388293775334478,0.15496320105947842,0.19388293775334478,0.20477087170148828,0.1856312840427562,0.20477087170148828,0.10116110371530193,0.09027316976715843,raw cells; independent full-size with-replacement pseudo-replicates within context×perturbation; controls resampled independently,"min(n_left,n_right) cells per full-size pseudo-replicate",0
nadig_hepg2_vs_jurkat,matched_budget_source_frozen_replication,primary_min20,nadig_hepg2,nadig_hepg2,nadig_jurkat,systema_centroid_accuracy,20260919,"0,1",2086,20,0.333110539372912,0.250742301652446,0.19105191398175803,0.250742301652446,0.25682361110153107,0.2443018547769646,0.25682361110153107,0.08236823772046603,0.07628692827138095,raw cells; independent full-size with-replacement pseudo-replicates within context×perturbation; controls resampled independently,"min(n_left,n_right) cells per full-size pseudo-replicate",0
nadig_hepg2_vs_jurkat,matched_budget_source_frozen_replication,primary_min20,nadig_hepg2,nadig_hepg2,nadig_jurkat,systema_centroid_accuracy,20260919,"0,2",2086,20,0.333110539372912,0.250742301652446,0.19105191398175803,0.250742301652446,0.25344537409382173,0.22216592976817012,0.25344537409382173,0.08236823772046603,0.07966516527909029,raw cells; independent full-size with-replacement pseudo-replicates within context×perturbation; controls resampled independently,"min(n_left,n_right) cells per full-size pseudo-replicate",0
nadig_hepg2_vs_jurkat,matched_budget_source_frozen_replication,primary_min20,nadig_hepg2,nadig_hepg2,nadig_jurkat,systema_centroid_accuracy,20260919,"1,2",2086,20,0.333110539372912,0.250742301652446,0.19105191398175803,0.250742301652446,0.2517603941774672,0.21341672587146004,0.2517603941774672,0.08236823772046603,0.08135014519544481,raw cells; independent full-size with-replacement pseudo-replicates within context×perturbation; controls resampled independently,"min(n_left,n_right) cells per full-size pseudo-replicate",0
nadig_hepg2_vs_jurkat,matched_budget_source_frozen_replication,primary_min20,nadig_hepg2,nadig_hepg2,nadig_jurkat,absolute_effect_rank_agreement,20260919,"0,1",2086,20,0.31486661102565694,0.25016749783298964,0.18154327927878214,0.25016749783298964,0.2776492133234927,0.23598789233234696,0.2776492133234927,0.0646991131926673,0.03721739770216426,raw cells; independent full-size with-replacement pseudo-replicates within context×perturbation; controls resampled independently,"min(n_left,n_right) cells per full-size pseudo-replicate",0
nadig_hepg2_vs_jurkat,matched_budget_source_frozen_replication,primary_min20,nadig_hepg2,nadig_hepg2,nadig_jurkat,absolute_effect_rank_agreement,20260919,"0,2",2086,20,0.31486661102565694,0.25016749783298964,0.18154327927878214,0.25016749783298964,0.2812143765332892,0.2600111282019446,0.2812143765332892,0.0646991131926673,0.03365223449236776,raw cells; independent full-size with-replacement pseudo-replicates within context×perturbation; controls resampled independently,"min(n_left,n_right) cells per full-size pseudo-replicate",0
nadig_hepg2_vs_jurkat,matched_budget_source_frozen_replication,primary_min20,nadig_hepg2,nadig_hepg2,nadig_jurkat,absolute_effect_rank_agreement,20260919,"1,2",2086,20,0.31486661102565694,0.25016749783298964,0.18154327927878214,0.25016749783298964,0.2802612368398666,0.24377648408598146,0.2802612368398666,0.0646991131926673,0.03460537418579035,raw cells; independent full-size with-replacement pseudo-replicates within context×perturbation; controls resampled independently,"min(n_left,n_right) cells per full-size pseudo-replicate",0
nadig_hepg2_vs_jurkat,matched_budget_source_frozen_replication,primary_min20,nadig_jurkat,nadig_hepg2,nadig_jurkat,delta_cosine,20260919,"0,1",2086,20,0.2970426343488968,0.1936741690061182,0.15198065900108293,0.1936741690061182,0.20713251067410693,0.1977327438145361,0.20713251067410693,0.10336846534277858,0.08991012367478984,raw cells; independent full-size with-replacement pseudo-replicates within context×perturbation; controls resampled independently,"min(n_left,n_right) cells per full-size pseudo-replicate",0
nadig_hepg2_vs_jurkat,matched_budget_source_frozen_replication,primary_min20,nadig_jurkat,nadig_hepg2,nadig_jurkat,delta_cosine,20260919,"0,2",2086,20,0.2970426343488968,0.1936741690061182,0.15198065900108293,0.1936741690061182,0.20614925126054479,0.19541490489296,0.20614925126054479,0.10336846534277858,0.09089338308835199,raw cells; independent full-size with-replacement pseudo-replicates within context×perturbation; controls resampled independently,"min(n_left,n_right) cells per full-size pseudo-replicate",0
nadig_hepg2_vs_jurkat,matched_budget_source_frozen_replication,primary_min20,nadig_jurkat,nadig_hepg2,nadig_jurkat,delta_cosine,20260919,"1,2",2086,20,0.2970426343488968,0.1936741690061182,0.15198065900108293,0.1936741690061182,0.20396810068723545,0.1871929110594554,0.20396810068723545,0.10336846534277858,0.09307453366166132,raw cells; independent full-size with-replacement pseudo-replicates within context×perturbation; controls resampled independently,"min(n_left,n_right) cells per full-size pseudo-replicate",0
nadig_hepg2_vs_jurkat,matched_budget_source_frozen_replication,primary_min20,nadig_jurkat,nadig_hepg2,nadig_jurkat,systema_centroid_accuracy,20260919,"0,1",2086,20,0.3282043588523237,0.2528481529254066,0.18884719645185097,0.2528481529254066,0.2558627690369276,0.22759311247071373,0.2558627690369276,0.07535620592691711,0.07234158981539607,raw cells; independent full-size with-replacement pseudo-replicates within context×perturbation; controls resampled independently,"min(n_left,n_right) cells per full-size pseudo-replicate",0
nadig_hepg2_vs_jurkat,matched_budget_source_frozen_replication,primary_min20,nadig_jurkat,nadig_hepg2,nadig_jurkat,systema_centroid_accuracy,20260919,"0,2",2086,20,0.3282043588523237,0.2528481529254066,0.18884719645185097,0.2528481529254066,0.2613561691394727,0.2691184348781761,0.2691184348781761,0.07535620592691711,0.05908592397414758,raw cells; independent full-size with-replacement pseudo-replicates within context×perturbation; controls resampled independently,"min(n_left,n_right) cells per full-size pseudo-replicate",0
nadig_hepg2_vs_jurkat,matched_budget_source_frozen_replication,primary_min20,nadig_jurkat,nadig_hepg2,nadig_jurkat,systema_centroid_accuracy,20260919,"1,2",2086,20,0.3282043588523237,0.2528481529254066,0.18884719645185097,0.2528481529254066,0.2560342904966535,0.2343324573323125,0.2560342904966535,0.07535620592691711,0.07217006835567019,raw cells; independent full-size with-replacement pseudo-replicates within context×perturbation; controls resampled independently,"min(n_left,n_right) cells per full-size pseudo-replicate",0
nadig_hepg2_vs_jurkat,matched_budget_source_frozen_replication,primary_min20,nadig_jurkat,nadig_hepg2,nadig_jurkat,absolute_effect_rank_agreement,20260919,"0,1",2086,20,0.28196920890899935,0.22712200326028728,0.1472562314482067,0.22712200326028728,0.25351285606222596,0.229163131623177,0.25351285606222596,0.054847205648712066,0.02845635284677339,raw cells; independent full-size with-replacement pseudo-replicates within context×perturbation; controls resampled independently,"min(n_left,n_right) cells per full-size pseudo-replicate",0
nadig_hepg2_vs_jurkat,matched_budget_source_frozen_replication,primary_min20,nadig_jurkat,nadig_hepg2,nadig_jurkat,absolute_effect_rank_agreement,20260919,"0,2",2086,20,0.28196920890899935,0.22712200326028728,0.1472562314482067,0.22712200326028728,0.2681502353246837,0.2220632698060152,0.2681502353246837,0.054847205648712066,0.013818973584315664,raw cells; independent full-size with-replacement pseudo-replicates within context×perturbation; controls resampled independently,"min(n_left,n_right) cells per full-size pseudo-replicate",0
nadig_hepg2_vs_jurkat,matched_budget_source_frozen_replication,primary_min20,nadig_jurkat,nadig_hepg2,nadig_jurkat,absolute_effect_rank_agreement,20260919,"1,2",2086,20,0.28196920890899935,0.22712200326028728,0.1472562314482067,0.22712200326028728,0.26984291761221896,0.2294704217450584,0.26984291761221896,0.054847205648712066,0.01212629129678039,raw cells; independent full-size with-replacement pseudo-replicates within context×perturbation; controls resampled independently,"min(n_left,n_right) cells per full-size pseudo-replicate",0
nadig_hepg2_vs_jurkat,matched_budget_source_frozen_replication,primary_min20,nadig_hepg2,nadig_hepg2,nadig_jurkat,delta_cosine,20260920,"0,1",2086,20,0.30144241270454386,0.18769459983307696,0.15953909930540705,0.18769459983307696,0.20132043933405527,0.19586543612664997,0.20132043933405527,0.1137478128714669,0.10012197337048859,raw cells; independent full-size with-replacement pseudo-replicates within context×perturbation; controls resampled independently,"min(n_left,n_right) cells per full-size pseudo-replicate",0
nadig_hepg2_vs_jurkat,matched_budget_source_frozen_replication,primary_min20,nadig_hepg2,nadig_hepg2,nadig_jurkat,delta_cosine,20260920,"0,2",2086,20,0.30144241270454386,0.18769459983307696,0.15953909930540705,0.18769459983307696,0.19650404317006606,0.18564887303963157,0.19650404317006606,0.1137478128714669,0.1049383695344778,raw cells; independent full-size with-replacement pseudo-replicates within context×perturbation; controls resampled independently,"min(n_left,n_right) cells per full-size pseudo-replicate",0
nadig_hepg2_vs_jurkat,matched_budget_source_frozen_replication,primary_min20,nadig_hepg2,nadig_hepg2,nadig_jurkat,delta_cosine,20260920,"1,2",2086,20,0.30144241270454386,0.18769459983307696,0.15953909930540705,0.18769459983307696,0.199104340688523,0.19174570219184192,0.199104340688523,0.1137478128714669,0.10233807201602085,raw cells; independent full-size with-replacement pseudo-replicates within context×perturbation; controls resampled independently,"min(n_left,n_right) cells per full-size pseudo-replicate",0
nadig_hepg2_vs_jurkat,matched_budget_source_frozen_replication,primary_min20,nadig_hepg2,nadig_hepg2,nadig_jurkat,systema_centroid_accuracy,20260920,"0,1",2086,20,0.3415970579241305,0.23721095989938637,0.18905596519907755,0.23721095989938637,0.24762065706974207,0.24069415608452838,0.24762065706974207,0.1043860980247441,0.09397640085438841,raw cells; independent full-size with-replacement pseudo-replicates within context×perturbation; controls resampled independently,"min(n_left,n_right) cells per full-size pseudo-replicate",0
nadig_hepg2_vs_jurkat,matched_budget_source_frozen_replication,primary_min20,nadig_hepg2,nadig_hepg2,nadig_jurkat,systema_centroid_accuracy,20260920,"0,2",2086,20,0.3415970579241305,0.23721095989938637,0.18905596519907755,0.23721095989938637,0.24320053065888614,0.2229945669542985,0.24320053065888614,0.1043860980247441,0.09839652726524434,raw cells; independent full-size with-replacement pseudo-replicates within context×perturbation; controls resampled independently,"min(n_left,n_right) cells per full-size pseudo-replicate",0
nadig_hepg2_vs_jurkat,matched_budget_source_frozen_replication,primary_min20,nadig_hepg2,nadig_hepg2,nadig_jurkat,systema_centroid_accuracy,20260920,"1,2",2086,20,0.3415970579241305,0.23721095989938637,0.18905596519907755,0.23721095989938637,0.2415494641678795,0.21253946028220566,0.2415494641678795,0.1043860980247441,0.10004759375625097,raw cells; independent full-size with-replacement pseudo-replicates within context×perturbation; controls resampled independently,"min(n_left,n_right) cells per full-size pseudo-replicate",0
nadig_hepg2_vs_jurkat,matched_budget_source_frozen_replication,primary_min20,nadig_hepg2,nadig_hepg2,nadig_jurkat,absolute_effect_rank_agreement,20260920,"0,1",2086,20,0.3171268546045235,0.23767425177786816,0.18061462622806834,0.23767425177786816,0.26441699947807806,0.23469975697294512,0.26441699947807806,0.07945260282665534,0.05270985512644544,raw cells; independent full-size with-replacement pseudo-replicates within context×perturbation; controls resampled independently,"min(n_left,n_right) cells per full-size pseudo-replicate",0
nadig_hepg2_vs_jurkat,matched_budget_source_frozen_replication,primary_min20,nadig_hepg2,nadig_hepg2,nadig_jurkat,absolute_effect_rank_agreement,20260920,"0,2",2086,20,0.3171268546045235,0.23767425177786816,0.18061462622806834,0.23767425177786816,0.26865778709726373,0.25373783427716123,0.26865778709726373,0.07945260282665534,0.04846906750725977,raw cells; independent full-size with-replacement pseudo-replicates within context×perturbation; controls resampled independently,"min(n_left,n_right) cells per full-size pseudo-replicate",0
nadig_hepg2_vs_jurkat,matched_budget_source_frozen_replication,primary_min20,nadig_hepg2,nadig_hepg2,nadig_jurkat,absolute_effect_rank_agreement,20260920,"1,2",2086,20,0.3171268546045235,0.23767425177786816,0.18061462622806834,0.23767425177786816,0.26784719875106633,0.24403146706029233,0.26784719875106633,0.07945260282665534,0.04927965585345717,raw cells; independent full-size with-replacement pseudo-replicates within context×perturbation; controls resampled independently,"min(n_left,n_right) cells per full-size pseudo-replicate",0
nadig_hepg2_vs_jurkat,matched_budget_source_frozen_replication,primary_min20,nadig_jurkat,nadig_hepg2,nadig_jurkat,delta_cosine,20260920,"0,1",2086,20,0.3030929043917311,0.18957581777339394,0.16051580595542742,0.18957581777339394,0.20445921307057902,0.2010632721052305,0.20445921307057902,0.11351708661833715,0.09863369132115207,raw cells; independent full-size with-replacement pseudo-replicates within context×perturbation; controls resampled independently,"min(n_left,n_right) cells per full-size pseudo-replicate",0
nadig_hepg2_vs_jurkat,matched_budget_source_frozen_replication,primary_min20,nadig_jurkat,nadig_hepg2,nadig_jurkat,delta_cosine,20260920,"0,2",2086,20,0.3030929043917311,0.18957581777339394,0.16051580595542742,0.18957581777339394,0.20197927947191624,0.1988879845308796,0.20197927947191624,0.11351708661833715,0.10111362491981485,raw cells; independent full-size with-replacement pseudo-replicates within context×perturbation; controls resampled independently,"min(n_left,n_right) cells per full-size pseudo-replicate",0
nadig_hepg2_vs_jurkat,matched_budget_source_frozen_replication,primary_min20,nadig_jurkat,nadig_hepg2,nadig_jurkat,delta_cosine,20260920,"1,2",2086,20,0.3030929043917311,0.18957581777339394,0.16051580595542742,0.18957581777339394,0.20100452715488204,0.1934485010265996,0.20100452715488204,0.11351708661833715,0.10208837723684905,raw cells; independent full-size with-replacement pseudo-replicates within context×perturbation; controls resampled independently,"min(n_left,n_right) cells per full-size pseudo-replicate",0
nadig_hepg2_vs_jurkat,matched_budget_source_frozen_replication,primary_min20,nadig_jurkat,nadig_hepg2,nadig_jurkat,systema_centroid_accuracy,20260920,"0,1",2086,20,0.3410838730741198,0.23690999261951898,0.18793601743724866,0.23690999261951898,0.24503472964677153,0.22210500056330776,0.24503472964677153,0.10417388045460083,0.09604914342734827,raw cells; independent full-size with-replacement pseudo-replicates within context×perturbation; controls resampled independently,"min(n_left,n_right) cells per full-size pseudo-replicate",0
nadig_hepg2_vs_jurkat,matched_budget_source_frozen_replication,primary_min20,nadig_jurkat,nadig_hepg2,nadig_jurkat,systema_centroid_accuracy,20260920,"0,2",2086,20,0.3410838730741198,0.23690999261951898,0.18793601743724866,0.23690999261951898,0.25356435848444925,0.2671687003225799,0.2671687003225799,0.10417388045460083,0.07391517275153991,raw cells; independent full-size with-replacement pseudo-replicates within context×perturbation; controls resampled independently,"min(n_left,n_right) cells per full-size pseudo-replicate",0
nadig_hepg2_vs_jurkat,matched_budget_source_frozen_replication,primary_min20,nadig_jurkat,nadig_hepg2,nadig_jurkat,systema_centroid_accuracy,20260920,"1,2",2086,20,0.3410838730741198,0.23690999261951898,0.18793601743724866,0.23690999261951898,0.245646550832201,0.22925050180373435,0.245646550832201,0.10417388045460083,0.09543732224191881,raw cells; independent full-size with-replacement pseudo-replicates within context×perturbation; controls resampled independently,"min(n_left,n_right) cells per full-size pseudo-replicate",0
nadig_hepg2_vs_jurkat,matched_budget_source_frozen_replication,primary_min20,nadig_jurkat,nadig_hepg2,nadig_jurkat,absolute_effect_rank_agreement,20260920,"0,1",2086,20,0.276286928271381,0.227354913767931,0.15652712729145543,0.227354913767931,0.25745451577376643,0.22688495416514345,0.25745451577376643,0.04893201450345003,0.01883241249761458,raw cells; independent full-size with-replacement pseudo-replicates within context×perturbation; controls resampled independently,"min(n_left,n_right) cells per full-size pseudo-replicate",0
nadig_hepg2_vs_jurkat,matched_budget_source_frozen_replication,primary_min20,nadig_jurkat,nadig_hepg2,nadig_jurkat,absolute_effect_rank_agreement,20260920,"0,2",2086,20,0.276286928271381,0.227354913767931,0.15652712729145543,0.227354913767931,0.2683170433930899,0.2272954790529992,0.2683170433930899,0.04893201450345003,0.00796988487829109,raw cells; independent full-size with-replacement pseudo-replicates within context×perturbation; controls resampled independently,"min(n_left,n_right) cells per full-size pseudo-replicate",0
nadig_hepg2_vs_jurkat,matched_budget_source_frozen_replication,primary_min20,nadig_jurkat,nadig_hepg2,nadig_jurkat,absolute_effect_rank_agreement,20260920,"1,2",2086,20,0.276286928271381,0.227354913767931,0.15652712729145543,0.227354913767931,0.27152824241086515,0.2355125295736565,0.27152824241086515,0.04893201450345003,0.0047586858605158655,raw cells; independent full-size with-replacement pseudo-replicates within context×perturbation; controls resampled independently,"min(n_left,n_right) cells per full-size pseudo-replicate",0
nadig_hepg2_vs_jurkat,matched_budget_source_frozen_replication,primary_min20,nadig_hepg2,nadig_hepg2,nadig_jurkat,delta_cosine,20260921,"0,1",2086,20,0.29821224516072664,0.18224775883990793,0.16387403979021958,0.18224775883990793,0.19507266669885567,0.19756076251175472,0.19756076251175472,0.11596448632081871,0.10065148264897192,raw cells; independent full-size with-replacement pseudo-replicates within context×perturbation; controls resampled independently,"min(n_left,n_right) cells per full-size pseudo-replicate",0
nadig_hepg2_vs_jurkat,matched_budget_source_frozen_replication,primary_min20,nadig_hepg2,nadig_hepg2,nadig_jurkat,delta_cosine,20260921,"0,2",2086,20,0.29821224516072664,0.18224775883990793,0.16387403979021958,0.18224775883990793,0.18966709661992365,0.18681285077403081,0.18966709661992365,0.11596448632081871,0.108545148540803,raw cells; independent full-size with-replacement pseudo-replicates within context×perturbation; controls resampled independently,"min(n_left,n_right) cells per full-size pseudo-replicate",0
nadig_hepg2_vs_jurkat,matched_budget_source_frozen_replication,primary_min20,nadig_hepg2,nadig_hepg2,nadig_jurkat,delta_cosine,20260921,"1,2",2086,20,0.29821224516072664,0.18224775883990793,0.16387403979021958,0.18224775883990793,0.19298888789256227,0.19350908534917033,0.19350908534917033,0.11596448632081871,0.10470315981155631,raw cells; independent full-size with-replacement pseudo-replicates within context×perturbation; controls resampled independently,"min(n_left,n_right) cells per full-size pseudo-replicate",0
nadig_hepg2_vs_jurkat,matched_budget_source_frozen_replication,primary_min20,nadig_hepg2,nadig_hepg2,nadig_jurkat,systema_centroid_accuracy,20260921,"0,1",2086,20,0.3329962683736041,0.23637542506742448,0.19081578457272536,0.23637542506742448,0.24635195007943786,0.24850815416698285,0.24850815416698285,0.0966208433061796,0.08448811420662122,raw cells; independent full-size with-replacement pseudo-replicates within context×perturbation; controls resampled independently,"min(n_left,n_right) cells per full-size pseudo-replicate",0
nadig_hepg2_vs_jurkat,matched_budget_source_frozen_replication,primary_min20,nadig_hepg2,nadig_hepg2,nadig_jurkat,systema_centroid_accuracy,20260921,"0,2",2086,20,0.3329962683736041,0.23637542506742448,0.19081578457272536,0.23637542506742448,0.24240891083873073,0.2262364604960327,0.24240891083873073,0.0966208433061796,0.09058735753487335,raw cells; independent full-size with-replacement pseudo-replicates within context×perturbation; controls resampled independently,"min(n_left,n_right) cells per full-size pseudo-replicate",0
nadig_hepg2_vs_jurkat,matched_budget_source_frozen_replication,primary_min20,nadig_hepg2,nadig_hepg2,nadig_jurkat,systema_centroid_accuracy,20260921,"1,2",2086,20,0.3329962683736041,0.23637542506742448,0.19081578457272536,0.23637542506742448,0.24084636413592042,0.21758773230696363,0.24084636413592042,0.0966208433061796,0.09214990423768366,raw cells; independent full-size with-replacement pseudo-replicates within context×perturbation; controls resampled independently,"min(n_left,n_right) cells per full-size pseudo-replicate",0
nadig_hepg2_vs_jurkat,matched_budget_source_frozen_replication,primary_min20,nadig_hepg2,nadig_hepg2,nadig_jurkat,absolute_effect_rank_agreement,20260921,"0,1",2086,20,0.30916961541026045,0.2309941117096735,0.16580767983887099,0.2309941117096735,0.259250432827276,0.22724754041445655,0.259250432827276,0.07817550370058696,0.049919182582984445,raw cells; independent full-size with-replacement pseudo-replicates within context×perturbation; controls resampled independently,"min(n_left,n_right) cells per full-size pseudo-replicate",0
nadig_hepg2_vs_jurkat,matched_budget_source_frozen_replication,primary_min20,nadig_hepg2,nadig_hepg2,nadig_jurkat,absolute_effect_rank_agreement,20260921,"0,2",2086,20,0.30916961541026045,0.2309941117096735,0.16580767983887099,0.2309941117096735,0.26340534475583477,0.24933368741248613,0.26340534475583477,0.07817550370058696,0.045764270654425676,raw cells; independent full-size with-replacement pseudo-replicates within context×perturbation; controls resampled independently,"min(n_left,n_right) cells per full-size pseudo-replicate",0
nadig_hepg2_vs_jurkat,matched_budget_source_frozen_replication,primary_min20,nadig_hepg2,nadig_hepg2,nadig_jurkat,absolute_effect_rank_agreement,20260921,"1,2",2086,20,0.30916961541026045,0.2309941117096735,0.16580767983887099,0.2309941117096735,0.26226734815407504,0.23737776796779259,0.26226734815407504,0.07817550370058696,0.046902267256185404,raw cells; independent full-size with-replacement pseudo-replicates within context×perturbation; controls resampled independently,"min(n_left,n_right) cells per full-size pseudo-replicate",0
nadig_hepg2_vs_jurkat,matched_budget_source_frozen_replication,primary_min20,nadig_jurkat,nadig_hepg2,nadig_jurkat,delta_cosine,20260921,"0,1",2086,20,0.2992029770239417,0.18438143061773016,0.16302562935270193,0.18438143061773016,0.19740625524508482,0.20321706201673367,0.20321706201673367,0.11482154640621156,0.09598591500720804,raw cells; independent full-size with-replacement pseudo-replicates within context×perturbation; controls resampled independently,"min(n_left,n_right) cells per full-size pseudo-replicate",0
nadig_hepg2_vs_jurkat,matched_budget_source_frozen_replication,primary_min20,nadig_jurkat,nadig_hepg2,nadig_jurkat,delta_cosine,20260921,"0,2",2086,20,0.2992029770239417,0.18438143061773016,0.16302562935270193,0.18438143061773016,0.19615318291866984,0.19988044080555306,0.19988044080555306,0.11482154640621156,0.09932253621838866,raw cells; independent full-size with-replacement pseudo-replicates within context×perturbation; controls resampled independently,"min(n_left,n_right) cells per full-size pseudo-replicate",0
nadig_hepg2_vs_jurkat,matched_budget_source_frozen_replication,primary_min20,nadig_jurkat,nadig_hepg2,nadig_jurkat,delta_cosine,20260921,"1,2",2086,20,0.2992029770239417,0.18438143061773016,0.16302562935270193,0.18438143061773016,0.19426989568460284,0.19681397738951695,0.19681397738951695,0.11482154640621156,0.10238899963442477,raw cells; independent full-size with-replacement pseudo-replicates within context×perturbation; controls resampled independently,"min(n_left,n_right) cells per full-size pseudo-replicate",0
nadig_hepg2_vs_jurkat,matched_budget_source_frozen_replication,primary_min20,nadig_jurkat,nadig_hepg2,nadig_jurkat,systema_centroid_accuracy,20260921,"0,1",2086,20,0.33788106619210867,0.23716819449521875,0.18251745679199688,0.23716819449521875,0.24514428725475995,0.22205085404351493,0.24514428725475995,0.10071287169688992,0.09273677893734872,raw cells; independent full-size with-replacement pseudo-replicates within context×perturbation; controls resampled independently,"min(n_left,n_right) cells per full-size pseudo-replicate",0
nadig_hepg2_vs_jurkat,matched_budget_source_frozen_replication,primary_min20,nadig_jurkat,nadig_hepg2,nadig_jurkat,systema_centroid_accuracy,20260921,"0,2",2086,20,0.33788106619210867,0.23716819449521875,0.18251745679199688,0.23716819449521875,0.25291057662019956,0.261865560284275,0.261865560284275,0.10071287169688992,0.07601550590783368,raw cells; independent full-size with-replacement pseudo-replicates within context×perturbation; controls resampled independently,"min(n_left,n_right) cells per full-size pseudo-replicate",0
nadig_hepg2_vs_jurkat,matched_budget_source_frozen_replication,primary_min20,nadig_jurkat,nadig_hepg2,nadig_jurkat,systema_centroid_accuracy,20260921,"1,2",2086,20,0.33788106619210867,0.23716819449521875,0.18251745679199688,0.23716819449521875,0.24381223688355164,0.2238180309060518,0.24381223688355164,0.10071287169688992,0.09406882930855703,raw cells; independent full-size with-replacement pseudo-replicates within context×perturbation; controls resampled independently,"min(n_left,n_right) cells per full-size pseudo-replicate",0
nadig_hepg2_vs_jurkat,matched_budget_source_frozen_replication,primary_min20,nadig_jurkat,nadig_hepg2,nadig_jurkat,absolute_effect_rank_agreement,20260921,"0,1",2086,20,0.27251587033345515,0.21702936787674365,0.1475332868891847,0.21702936787674365,0.2492932212235964,0.22179391673621793,0.2492932212235964,0.055486502456711495,0.023222649109858745,raw cells; independent full-size with-replacement pseudo-replicates within context×perturbation; controls resampled independently,"min(n_left,n_right) cells per full-size pseudo-replicate",0
nadig_hepg2_vs_jurkat,matched_budget_source_frozen_replication,primary_min20,nadig_jurkat,nadig_hepg2,nadig_jurkat,absolute_effect_rank_agreement,20260921,"0,2",2086,20,0.27251587033345515,0.21702936787674365,0.1475332868891847,0.21702936787674365,0.260880001655435,0.2217390804518418,0.260880001655435,0.055486502456711495,0.011635868678020134,raw cells; independent full-size with-replacement pseudo-replicates within context×perturbation; controls resampled independently,"min(n_left,n_right) cells per full-size pseudo-replicate",0
nadig_hepg2_vs_jurkat,matched_budget_source_frozen_replication,primary_min20,nadig_jurkat,nadig_hepg2,nadig_jurkat,absolute_effect_rank_agreement,20260921,"1,2",2086,20,0.27251587033345515,0.21702936787674365,0.1475332868891847,0.21702936787674365,0.2654518762746274,0.22859304119504015,0.2654518762746274,0.055486502456711495,0.007063994058827738,raw cells; independent full-size with-replacement pseudo-replicates within context×perturbation; controls resampled independently,"min(n_left,n_right) cells per full-size pseudo-replicate",0
nadig_hepg2_vs_jurkat,matched_budget_source_frozen_replication,primary_min20,nadig_hepg2,nadig_hepg2,nadig_jurkat,delta_cosine,20260922,"0,1",2086,20,0.30004747879548715,0.19682110495687824,0.15933906757623623,0.19682110495687824,0.20985627605298313,0.19438646589918862,0.20985627605298313,0.10322637383860891,0.09019120274250403,raw cells; independent full-size with-replacement pseudo-replicates within context×perturbation; controls resampled independently,"min(n_left,n_right) cells per full-size pseudo-replicate",0
nadig_hepg2_vs_jurkat,matched_budget_source_frozen_replication,primary_min20,nadig_hepg2,nadig_hepg2,nadig_jurkat,delta_cosine,20260922,"0,2",2086,20,0.30004747879548715,0.19682110495687824,0.15933906757623623,0.19682110495687824,0.2050275790872575,0.18471665620523714,0.2050275790872575,0.10322637383860891,0.09501989970822966,raw cells; independent full-size with-replacement pseudo-replicates within context×perturbation; controls resampled independently,"min(n_left,n_right) cells per full-size pseudo-replicate",0
nadig_hepg2_vs_jurkat,matched_budget_source_frozen_replication,primary_min20,nadig_hepg2,nadig_hepg2,nadig_jurkat,delta_cosine,20260922,"1,2",2086,20,0.30004747879548715,0.19682110495687824,0.15933906757623623,0.19682110495687824,0.20719366980049708,0.18935394349908374,0.20719366980049708,0.10322637383860891,0.09285380899499007,raw cells; independent full-size with-replacement pseudo-replicates within context×perturbation; controls resampled independently,"min(n_left,n_right) cells per full-size pseudo-replicate",0
nadig_hepg2_vs_jurkat,matched_budget_source_frozen_replication,primary_min20,nadig_hepg2,nadig_hepg2,nadig_jurkat,systema_centroid_accuracy,20260922,"0,1",2086,20,0.3243736362779383,0.24910411076699518,0.17518985770156648,0.24910411076699518,0.2571048051300091,0.24134598361579193,0.2571048051300091,0.07526952551094312,0.0672688311479292,raw cells; independent full-size with-replacement pseudo-replicates within context×perturbation; controls resampled independently,"min(n_left,n_right) cells per full-size pseudo-replicate",0
nadig_hepg2_vs_jurkat,matched_budget_source_frozen_replication,primary_min20,nadig_hepg2,nadig_hepg2,nadig_jurkat,systema_centroid_accuracy,20260922,"0,2",2086,20,0.3243736362779383,0.24910411076699518,0.17518985770156648,0.24910411076699518,0.25324016913027586,0.22109610489939785,0.25324016913027586,0.07526952551094312,0.07113346714766244,raw cells; independent full-size with-replacement pseudo-replicates within context×perturbation; controls resampled independently,"min(n_left,n_right) cells per full-size pseudo-replicate",0
nadig_hepg2_vs_jurkat,matched_budget_source_frozen_replication,primary_min20,nadig_hepg2,nadig_hepg2,nadig_jurkat,systema_centroid_accuracy,20260922,"1,2",2086,20,0.3243736362779383,0.24910411076699518,0.17518985770156648,0.24910411076699518,0.2510065964486321,0.20565491997581226,0.2510065964486321,0.07526952551094312,0.0733670398293062,raw cells; independent full-size with-replacement pseudo-replicates within context×perturbation; controls resampled independently,"min(n_left,n_right) cells per full-size pseudo-replicate",0
nadig_hepg2_vs_jurkat,matched_budget_source_frozen_replication,primary_min20,nadig_hepg2,nadig_hepg2,nadig_jurkat,absolute_effect_rank_agreement,20260922,"0,1",2086,20,0.310337501810632,0.2511182233503705,0.17239792058970274,0.2511182233503705,0.2735425849157682,0.2375675681889771,0.2735425849157682,0.05921927846026154,0.036794916894863805,raw cells; independent full-size with-replacement pseudo-replicates within context×perturbation; controls resampled independently,"min(n_left,n_right) cells per full-size pseudo-replicate",0
nadig_hepg2_vs_jurkat,matched_budget_source_frozen_replication,primary_min20,nadig_hepg2,nadig_hepg2,nadig_jurkat,absolute_effect_rank_agreement,20260922,"0,2",2086,20,0.310337501810632,0.2511182233503705,0.17239792058970274,0.2511182233503705,0.27787775532210857,0.2636989545468132,0.27787775532210857,0.05921927846026154,0.032459746488523455,raw cells; independent full-size with-replacement pseudo-replicates within context×perturbation; controls resampled independently,"min(n_left,n_right) cells per full-size pseudo-replicate",0
nadig_hepg2_vs_jurkat,matched_budget_source_frozen_replication,primary_min20,nadig_hepg2,nadig_hepg2,nadig_jurkat,absolute_effect_rank_agreement,20260922,"1,2",2086,20,0.310337501810632,0.2511182233503705,0.17239792058970274,0.2511182233503705,0.2749310810220472,0.25142080008093237,0.2749310810220472,0.05921927846026154,0.0354064207885848,raw cells; independent full-size with-replacement pseudo-replicates within context×perturbation; controls resampled independently,"min(n_left,n_right) cells per full-size pseudo-replicate",0
nadig_hepg2_vs_jurkat,matched_budget_source_frozen_replication,primary_min20,nadig_jurkat,nadig_hepg2,nadig_jurkat,delta_cosine,20260922,"0,1",2086,20,0.3003279830593818,0.1981659159728785,0.15918088156512183,0.1981659159728785,0.21213456847178058,0.20317958480770515,0.21213456847178058,0.1021620670865033,0.08819341458760122,raw cells; independent full-size with-replacement pseudo-replicates within context×perturbation; controls resampled independently,"min(n_left,n_right) cells per full-size pseudo-replicate",0
nadig_hepg2_vs_jurkat,matched_budget_source_frozen_replication,primary_min20,nadig_jurkat,nadig_hepg2,nadig_jurkat,delta_cosine,20260922,"0,2",2086,20,0.3003279830593818,0.1981659159728785,0.15918088156512183,0.1981659159728785,0.2112244241040533,0.20043754066737024,0.2112244241040533,0.1021620670865033,0.08910355895532851,raw cells; independent full-size with-replacement pseudo-replicates within context×perturbation; controls resampled independently,"min(n_left,n_right) cells per full-size pseudo-replicate",0
nadig_hepg2_vs_jurkat,matched_budget_source_frozen_replication,primary_min20,nadig_jurkat,nadig_hepg2,nadig_jurkat,delta_cosine,20260922,"1,2",2086,20,0.3003279830593818,0.1981659159728785,0.15918088156512183,0.1981659159728785,0.20812496694878035,0.19265469695193033,0.20812496694878035,0.1021620670865033,0.09220301611060144,raw cells; independent full-size with-replacement pseudo-replicates within context×perturbation; controls resampled independently,"min(n_left,n_right) cells per full-size pseudo-replicate",0
nadig_hepg2_vs_jurkat,matched_budget_source_frozen_replication,primary_min20,nadig_jurkat,nadig_hepg2,nadig_jurkat,systema_centroid_accuracy,20260922,"0,1",2086,20,0.3258145544925517,0.24902501776143804,0.1779776562259301,0.24902501776143804,0.2547719063483633,0.22807985634502947,0.2547719063483633,0.07678953673111366,0.07104264814418842,raw cells; independent full-size with-replacement pseudo-replicates within context×perturbation; controls resampled independently,"min(n_left,n_right) cells per full-size pseudo-replicate",0
nadig_hepg2_vs_jurkat,matched_budget_source_frozen_replication,primary_min20,nadig_jurkat,nadig_hepg2,nadig_jurkat,systema_centroid_accuracy,20260922,"0,2",2086,20,0.3258145544925517,0.24902501776143804,0.1779776562259301,0.24902501776143804,0.2621211180624053,0.277086365423481,0.277086365423481,0.07678953673111366,0.048728189069070726,raw cells; independent full-size with-replacement pseudo-replicates within context×perturbation; controls resampled independently,"min(n_left,n_right) cells per full-size pseudo-replicate",0
nadig_hepg2_vs_jurkat,matched_budget_source_frozen_replication,primary_min20,nadig_jurkat,nadig_hepg2,nadig_jurkat,systema_centroid_accuracy,20260922,"1,2",2086,20,0.3258145544925517,0.24902501776143804,0.1779776562259301,0.24902501776143804,0.25474787954871,0.23152948398711518,0.25474787954871,0.07678953673111366,0.07106667494384172,raw cells; independent full-size with-replacement pseudo-replicates within context×perturbation; controls resampled independently,"min(n_left,n_right) cells per full-size pseudo-replicate",0
nadig_hepg2_vs_jurkat,matched_budget_source_frozen_replication,primary_min20,nadig_jurkat,nadig_hepg2,nadig_jurkat,absolute_effect_rank_agreement,20260922,"0,1",2086,20,0.2758035182592181,0.22985783951937205,0.16154930322281005,0.22985783951937205,0.2600989582255576,0.22632164642207614,0.2600989582255576,0.04594567873984606,0.015704560033660497,raw cells; independent full-size with-replacement pseudo-replicates within context×perturbation; controls resampled independently,"min(n_left,n_right) cells per full-size pseudo-replicate",0
nadig_hepg2_vs_jurkat,matched_budget_source_frozen_replication,primary_min20,nadig_jurkat,nadig_hepg2,nadig_jurkat,absolute_effect_rank_agreement,20260922,"0,2",2086,20,0.2758035182592181,0.22985783951937205,0.16154930322281005,0.22985783951937205,0.26845821521114843,0.22973103779679996,0.26845821521114843,0.04594567873984606,0.007345303048069685,raw cells; independent full-size with-replacement pseudo-replicates within context×perturbation; controls resampled independently,"min(n_left,n_right) cells per full-size pseudo-replicate",0
nadig_hepg2_vs_jurkat,matched_budget_source_frozen_replication,primary_min20,nadig_jurkat,nadig_hepg2,nadig_jurkat,absolute_effect_rank_agreement,20260922,"1,2",2086,20,0.2758035182592181,0.22985783951937205,0.16154930322281005,0.22985783951937205,0.2746173530973879,0.23484069886947584,0.2746173530973879,0.04594567873984606,0.0011861651618302327,raw cells; independent full-size with-replacement pseudo-replicates within context×perturbation; controls resampled independently,"min(n_left,n_right) cells per full-size pseudo-replicate",0
