source_environment_id,left_target_environment_id,right_target_environment_id,metric,cell_budget_label,model,feature,coefficient,n_labels
frangieh_melanoma_coculture,frangieh_melanoma_coculture,frangieh_melanoma_ifng,absolute_effect_rank_agreement,10,source_u_only,uq_cosine_disagreement,0.004365249888043106,243
frangieh_melanoma_coculture,frangieh_melanoma_coculture,frangieh_melanoma_ifng,absolute_effect_rank_agreement,10,ridge_source_features,uq_mean_gene_variance,-0.00047998878170928594,243
frangieh_melanoma_coculture,frangieh_melanoma_coculture,frangieh_melanoma_ifng,absolute_effect_rank_agreement,10,ridge_source_features,uq_cosine_disagreement,0.0059787881741967825,243
frangieh_melanoma_coculture,frangieh_melanoma_coculture,frangieh_melanoma_ifng,absolute_effect_rank_agreement,10,ridge_source_features,uq_effect_norm_variance,-0.01022352737665457,243
frangieh_melanoma_coculture,frangieh_melanoma_coculture,frangieh_melanoma_ifng,absolute_effect_rank_agreement,10,ridge_source_features,prediction_norm,0.003401027661256952,243
frangieh_melanoma_coculture,frangieh_melanoma_coculture,frangieh_melanoma_ifng,absolute_effect_rank_agreement,10,ridge_source_features,prediction_sparsity,-0.001797274421639813,243
frangieh_melanoma_coculture,frangieh_melanoma_coculture,frangieh_melanoma_ifng,absolute_effect_rank_agreement,10,ridge_source_features,prediction_concentration,0.008050998188423412,243
frangieh_melanoma_coculture,frangieh_melanoma_coculture,frangieh_melanoma_ifng,absolute_effect_rank_agreement,20,source_u_only,uq_cosine_disagreement,0.004107883473968378,237
frangieh_melanoma_coculture,frangieh_melanoma_coculture,frangieh_melanoma_ifng,absolute_effect_rank_agreement,20,ridge_source_features,uq_mean_gene_variance,-0.004347613025651676,237
frangieh_melanoma_coculture,frangieh_melanoma_coculture,frangieh_melanoma_ifng,absolute_effect_rank_agreement,20,ridge_source_features,uq_cosine_disagreement,0.003946844022846707,237
frangieh_melanoma_coculture,frangieh_melanoma_coculture,frangieh_melanoma_ifng,absolute_effect_rank_agreement,20,ridge_source_features,uq_effect_norm_variance,-0.004146710624315556,237
frangieh_melanoma_coculture,frangieh_melanoma_coculture,frangieh_melanoma_ifng,absolute_effect_rank_agreement,20,ridge_source_features,prediction_norm,0.0021219436347004418,237
frangieh_melanoma_coculture,frangieh_melanoma_coculture,frangieh_melanoma_ifng,absolute_effect_rank_agreement,20,ridge_source_features,prediction_sparsity,-0.0018217670380359066,237
frangieh_melanoma_coculture,frangieh_melanoma_coculture,frangieh_melanoma_ifng,absolute_effect_rank_agreement,20,ridge_source_features,prediction_concentration,0.008486330829752593,237
frangieh_melanoma_coculture,frangieh_melanoma_coculture,frangieh_melanoma_ifng,absolute_effect_rank_agreement,40,source_u_only,uq_cosine_disagreement,-0.0009568036646257142,225
frangieh_melanoma_coculture,frangieh_melanoma_coculture,frangieh_melanoma_ifng,absolute_effect_rank_agreement,40,ridge_source_features,uq_mean_gene_variance,-0.007173555612266073,225
frangieh_melanoma_coculture,frangieh_melanoma_coculture,frangieh_melanoma_ifng,absolute_effect_rank_agreement,40,ridge_source_features,uq_cosine_disagreement,0.0036036394634635202,225
frangieh_melanoma_coculture,frangieh_melanoma_coculture,frangieh_melanoma_ifng,absolute_effect_rank_agreement,40,ridge_source_features,uq_effect_norm_variance,-0.00851220673763899,225
frangieh_melanoma_coculture,frangieh_melanoma_coculture,frangieh_melanoma_ifng,absolute_effect_rank_agreement,40,ridge_source_features,prediction_norm,-0.0010526440673505764,225
frangieh_melanoma_coculture,frangieh_melanoma_coculture,frangieh_melanoma_ifng,absolute_effect_rank_agreement,40,ridge_source_features,prediction_sparsity,-0.0034561379014299105,225
frangieh_melanoma_coculture,frangieh_melanoma_coculture,frangieh_melanoma_ifng,absolute_effect_rank_agreement,40,ridge_source_features,prediction_concentration,0.00881387787860151,225
frangieh_melanoma_coculture,frangieh_melanoma_coculture,frangieh_melanoma_ifng,absolute_effect_rank_agreement,80,source_u_only,uq_cosine_disagreement,-0.0013403278385374548,209
frangieh_melanoma_coculture,frangieh_melanoma_coculture,frangieh_melanoma_ifng,absolute_effect_rank_agreement,80,ridge_source_features,uq_mean_gene_variance,0.00017483865218296434,209
frangieh_melanoma_coculture,frangieh_melanoma_coculture,frangieh_melanoma_ifng,absolute_effect_rank_agreement,80,ridge_source_features,uq_cosine_disagreement,0.0015726620293170569,209
frangieh_melanoma_coculture,frangieh_melanoma_coculture,frangieh_melanoma_ifng,absolute_effect_rank_agreement,80,ridge_source_features,uq_effect_norm_variance,0.0031836332806203893,209
frangieh_melanoma_coculture,frangieh_melanoma_coculture,frangieh_melanoma_ifng,absolute_effect_rank_agreement,80,ridge_source_features,prediction_norm,-0.004088817129442812,209
frangieh_melanoma_coculture,frangieh_melanoma_coculture,frangieh_melanoma_ifng,absolute_effect_rank_agreement,80,ridge_source_features,prediction_sparsity,-0.001592402395607722,209
frangieh_melanoma_coculture,frangieh_melanoma_coculture,frangieh_melanoma_ifng,absolute_effect_rank_agreement,80,ridge_source_features,prediction_concentration,-0.00759750583234538,209
frangieh_melanoma_coculture,frangieh_melanoma_coculture,frangieh_melanoma_ifng,absolute_effect_rank_agreement,160,source_u_only,uq_cosine_disagreement,0.00035884037129131624,186
frangieh_melanoma_coculture,frangieh_melanoma_coculture,frangieh_melanoma_ifng,absolute_effect_rank_agreement,160,ridge_source_features,uq_mean_gene_variance,-0.01005396027331413,186
frangieh_melanoma_coculture,frangieh_melanoma_coculture,frangieh_melanoma_ifng,absolute_effect_rank_agreement,160,ridge_source_features,uq_cosine_disagreement,0.004312881128325973,186
frangieh_melanoma_coculture,frangieh_melanoma_coculture,frangieh_melanoma_ifng,absolute_effect_rank_agreement,160,ridge_source_features,uq_effect_norm_variance,0.023543566916183735,186
frangieh_melanoma_coculture,frangieh_melanoma_coculture,frangieh_melanoma_ifng,absolute_effect_rank_agreement,160,ridge_source_features,prediction_norm,-0.009519322868225528,186
frangieh_melanoma_coculture,frangieh_melanoma_coculture,frangieh_melanoma_ifng,absolute_effect_rank_agreement,160,ridge_source_features,prediction_sparsity,0.0016461774205463096,186
frangieh_melanoma_coculture,frangieh_melanoma_coculture,frangieh_melanoma_ifng,absolute_effect_rank_agreement,160,ridge_source_features,prediction_concentration,-0.01921026994416057,186
frangieh_melanoma_coculture,frangieh_melanoma_coculture,frangieh_melanoma_ifng,absolute_effect_rank_agreement,full,source_u_only,uq_cosine_disagreement,0.0019415380709070346,243
frangieh_melanoma_coculture,frangieh_melanoma_coculture,frangieh_melanoma_ifng,absolute_effect_rank_agreement,full,ridge_source_features,uq_mean_gene_variance,-0.001842971588519987,243
frangieh_melanoma_coculture,frangieh_melanoma_coculture,frangieh_melanoma_ifng,absolute_effect_rank_agreement,full,ridge_source_features,uq_cosine_disagreement,6.613373040790245e-05,243
frangieh_melanoma_coculture,frangieh_melanoma_coculture,frangieh_melanoma_ifng,absolute_effect_rank_agreement,full,ridge_source_features,uq_effect_norm_variance,0.012233108597999923,243
frangieh_melanoma_coculture,frangieh_melanoma_coculture,frangieh_melanoma_ifng,absolute_effect_rank_agreement,full,ridge_source_features,prediction_norm,-0.007900292430098066,243
frangieh_melanoma_coculture,frangieh_melanoma_coculture,frangieh_melanoma_ifng,absolute_effect_rank_agreement,full,ridge_source_features,prediction_sparsity,0.001362147741772617,243
frangieh_melanoma_coculture,frangieh_melanoma_coculture,frangieh_melanoma_ifng,absolute_effect_rank_agreement,full,ridge_source_features,prediction_concentration,-0.006429731353098439,243
frangieh_melanoma_coculture,frangieh_melanoma_coculture,frangieh_melanoma_ifng,delta_cosine,10,source_u_only,uq_cosine_disagreement,-0.008795285266880204,243
frangieh_melanoma_coculture,frangieh_melanoma_coculture,frangieh_melanoma_ifng,delta_cosine,10,ridge_source_features,uq_mean_gene_variance,0.010565956160049732,243
frangieh_melanoma_coculture,frangieh_melanoma_coculture,frangieh_melanoma_ifng,delta_cosine,10,ridge_source_features,uq_cosine_disagreement,-0.01069041676644428,243
frangieh_melanoma_coculture,frangieh_melanoma_coculture,frangieh_melanoma_ifng,delta_cosine,10,ridge_source_features,uq_effect_norm_variance,0.0011536823719924727,243
frangieh_melanoma_coculture,frangieh_melanoma_coculture,frangieh_melanoma_ifng,delta_cosine,10,ridge_source_features,prediction_norm,0.008595993356283974,243
frangieh_melanoma_coculture,frangieh_melanoma_coculture,frangieh_melanoma_ifng,delta_cosine,10,ridge_source_features,prediction_sparsity,-0.0008494265889586987,243
frangieh_melanoma_coculture,frangieh_melanoma_coculture,frangieh_melanoma_ifng,delta_cosine,10,ridge_source_features,prediction_concentration,-0.010914889882289707,243
frangieh_melanoma_coculture,frangieh_melanoma_coculture,frangieh_melanoma_ifng,delta_cosine,20,source_u_only,uq_cosine_disagreement,-0.0007650230366264753,237
frangieh_melanoma_coculture,frangieh_melanoma_coculture,frangieh_melanoma_ifng,delta_cosine,20,ridge_source_features,uq_mean_gene_variance,-0.004951557809276707,237
frangieh_melanoma_coculture,frangieh_melanoma_coculture,frangieh_melanoma_ifng,delta_cosine,20,ridge_source_features,uq_cosine_disagreement,-0.003322268388172846,237
frangieh_melanoma_coculture,frangieh_melanoma_coculture,frangieh_melanoma_ifng,delta_cosine,20,ridge_source_features,uq_effect_norm_variance,0.013632049984521048,237
frangieh_melanoma_coculture,frangieh_melanoma_coculture,frangieh_melanoma_ifng,delta_cosine,20,ridge_source_features,prediction_norm,0.0010787425747431473,237
frangieh_melanoma_coculture,frangieh_melanoma_coculture,frangieh_melanoma_ifng,delta_cosine,20,ridge_source_features,prediction_sparsity,-0.0006127783916808115,237
frangieh_melanoma_coculture,frangieh_melanoma_coculture,frangieh_melanoma_ifng,delta_cosine,20,ridge_source_features,prediction_concentration,-0.006173266927427139,237
frangieh_melanoma_coculture,frangieh_melanoma_coculture,frangieh_melanoma_ifng,delta_cosine,40,source_u_only,uq_cosine_disagreement,0.005940425251364225,225
frangieh_melanoma_coculture,frangieh_melanoma_coculture,frangieh_melanoma_ifng,delta_cosine,40,ridge_source_features,uq_mean_gene_variance,0.010039195225336412,225
frangieh_melanoma_coculture,frangieh_melanoma_coculture,frangieh_melanoma_ifng,delta_cosine,40,ridge_source_features,uq_cosine_disagreement,0.007406596731131805,225
frangieh_melanoma_coculture,frangieh_melanoma_coculture,frangieh_melanoma_ifng,delta_cosine,40,ridge_source_features,uq_effect_norm_variance,-0.005278614686866662,225
frangieh_melanoma_coculture,frangieh_melanoma_coculture,frangieh_melanoma_ifng,delta_cosine,40,ridge_source_features,prediction_norm,0.0011690276795895396,225
frangieh_melanoma_coculture,frangieh_melanoma_coculture,frangieh_melanoma_ifng,delta_cosine,40,ridge_source_features,prediction_sparsity,-0.004854722393833427,225
frangieh_melanoma_coculture,frangieh_melanoma_coculture,frangieh_melanoma_ifng,delta_cosine,40,ridge_source_features,prediction_concentration,-0.00770695772404634,225
frangieh_melanoma_coculture,frangieh_melanoma_coculture,frangieh_melanoma_ifng,delta_cosine,80,source_u_only,uq_cosine_disagreement,-0.0042648771612910355,209
frangieh_melanoma_coculture,frangieh_melanoma_coculture,frangieh_melanoma_ifng,delta_cosine,80,ridge_source_features,uq_mean_gene_variance,0.021071307379358657,209
frangieh_melanoma_coculture,frangieh_melanoma_coculture,frangieh_melanoma_ifng,delta_cosine,80,ridge_source_features,uq_cosine_disagreement,-0.007706396005349217,209
frangieh_melanoma_coculture,frangieh_melanoma_coculture,frangieh_melanoma_ifng,delta_cosine,80,ridge_source_features,uq_effect_norm_variance,-0.00985837659133593,209
frangieh_melanoma_coculture,frangieh_melanoma_coculture,frangieh_melanoma_ifng,delta_cosine,80,ridge_source_features,prediction_norm,0.008020326237353879,209
frangieh_melanoma_coculture,frangieh_melanoma_coculture,frangieh_melanoma_ifng,delta_cosine,80,ridge_source_features,prediction_sparsity,-0.0009521810090676935,209
frangieh_melanoma_coculture,frangieh_melanoma_coculture,frangieh_melanoma_ifng,delta_cosine,80,ridge_source_features,prediction_concentration,-0.007092185244778861,209
frangieh_melanoma_coculture,frangieh_melanoma_coculture,frangieh_melanoma_ifng,delta_cosine,160,source_u_only,uq_cosine_disagreement,0.006788049524106862,186
frangieh_melanoma_coculture,frangieh_melanoma_coculture,frangieh_melanoma_ifng,delta_cosine,160,ridge_source_features,uq_mean_gene_variance,0.0190391563190621,186
frangieh_melanoma_coculture,frangieh_melanoma_coculture,frangieh_melanoma_ifng,delta_cosine,160,ridge_source_features,uq_cosine_disagreement,0.002073649254255699,186
frangieh_melanoma_coculture,frangieh_melanoma_coculture,frangieh_melanoma_ifng,delta_cosine,160,ridge_source_features,uq_effect_norm_variance,-0.014238190779478771,186
frangieh_melanoma_coculture,frangieh_melanoma_coculture,frangieh_melanoma_ifng,delta_cosine,160,ridge_source_features,prediction_norm,0.013443453402810964,186
frangieh_melanoma_coculture,frangieh_melanoma_coculture,frangieh_melanoma_ifng,delta_cosine,160,ridge_source_features,prediction_sparsity,-0.007797309490973004,186
frangieh_melanoma_coculture,frangieh_melanoma_coculture,frangieh_melanoma_ifng,delta_cosine,160,ridge_source_features,prediction_concentration,-0.0006378691457608448,186
frangieh_melanoma_coculture,frangieh_melanoma_coculture,frangieh_melanoma_ifng,delta_cosine,full,source_u_only,uq_cosine_disagreement,0.00946098079132172,243
frangieh_melanoma_coculture,frangieh_melanoma_coculture,frangieh_melanoma_ifng,delta_cosine,full,ridge_source_features,uq_mean_gene_variance,0.031100986738474563,243
frangieh_melanoma_coculture,frangieh_melanoma_coculture,frangieh_melanoma_ifng,delta_cosine,full,ridge_source_features,uq_cosine_disagreement,-0.00022460363435991456,243
frangieh_melanoma_coculture,frangieh_melanoma_coculture,frangieh_melanoma_ifng,delta_cosine,full,ridge_source_features,uq_effect_norm_variance,-0.013235412153868668,243
frangieh_melanoma_coculture,frangieh_melanoma_coculture,frangieh_melanoma_ifng,delta_cosine,full,ridge_source_features,prediction_norm,0.026379534376892607,243
frangieh_melanoma_coculture,frangieh_melanoma_coculture,frangieh_melanoma_ifng,delta_cosine,full,ridge_source_features,prediction_sparsity,0.0034274201732548536,243
frangieh_melanoma_coculture,frangieh_melanoma_coculture,frangieh_melanoma_ifng,delta_cosine,full,ridge_source_features,prediction_concentration,-0.005996679514739356,243
frangieh_melanoma_coculture,frangieh_melanoma_coculture,frangieh_melanoma_ifng,systema_centroid_accuracy,10,source_u_only,uq_cosine_disagreement,0.0006688529808868657,243
frangieh_melanoma_coculture,frangieh_melanoma_coculture,frangieh_melanoma_ifng,systema_centroid_accuracy,10,ridge_source_features,uq_mean_gene_variance,0.006828259615462637,243
frangieh_melanoma_coculture,frangieh_melanoma_coculture,frangieh_melanoma_ifng,systema_centroid_accuracy,10,ridge_source_features,uq_cosine_disagreement,-0.003193674688936103,243
frangieh_melanoma_coculture,frangieh_melanoma_coculture,frangieh_melanoma_ifng,systema_centroid_accuracy,10,ridge_source_features,uq_effect_norm_variance,0.006525558634352593,243
frangieh_melanoma_coculture,frangieh_melanoma_coculture,frangieh_melanoma_ifng,systema_centroid_accuracy,10,ridge_source_features,prediction_norm,0.004375327510215441,243
frangieh_melanoma_coculture,frangieh_melanoma_coculture,frangieh_melanoma_ifng,systema_centroid_accuracy,10,ridge_source_features,prediction_sparsity,2.0158951002843335e-07,243
frangieh_melanoma_coculture,frangieh_melanoma_coculture,frangieh_melanoma_ifng,systema_centroid_accuracy,10,ridge_source_features,prediction_concentration,-0.008579365317159741,243
frangieh_melanoma_coculture,frangieh_melanoma_coculture,frangieh_melanoma_ifng,systema_centroid_accuracy,20,source_u_only,uq_cosine_disagreement,0.005205371002256348,237
frangieh_melanoma_coculture,frangieh_melanoma_coculture,frangieh_melanoma_ifng,systema_centroid_accuracy,20,ridge_source_features,uq_mean_gene_variance,0.0020684102892185715,237
frangieh_melanoma_coculture,frangieh_melanoma_coculture,frangieh_melanoma_ifng,systema_centroid_accuracy,20,ridge_source_features,uq_cosine_disagreement,0.005367580654468218,237
frangieh_melanoma_coculture,frangieh_melanoma_coculture,frangieh_melanoma_ifng,systema_centroid_accuracy,20,ridge_source_features,uq_effect_norm_variance,0.007677092404639324,237
frangieh_melanoma_coculture,frangieh_melanoma_coculture,frangieh_melanoma_ifng,systema_centroid_accuracy,20,ridge_source_features,prediction_norm,-0.005275634891130059,237
frangieh_melanoma_coculture,frangieh_melanoma_coculture,frangieh_melanoma_ifng,systema_centroid_accuracy,20,ridge_source_features,prediction_sparsity,-0.0001930802341182564,237
frangieh_melanoma_coculture,frangieh_melanoma_coculture,frangieh_melanoma_ifng,systema_centroid_accuracy,20,ridge_source_features,prediction_concentration,-0.009465782740279812,237
frangieh_melanoma_coculture,frangieh_melanoma_coculture,frangieh_melanoma_ifng,systema_centroid_accuracy,40,source_u_only,uq_cosine_disagreement,0.00025606709435229406,225
frangieh_melanoma_coculture,frangieh_melanoma_coculture,frangieh_melanoma_ifng,systema_centroid_accuracy,40,ridge_source_features,uq_mean_gene_variance,-0.0008346211828428754,225
frangieh_melanoma_coculture,frangieh_melanoma_coculture,frangieh_melanoma_ifng,systema_centroid_accuracy,40,ridge_source_features,uq_cosine_disagreement,0.0017800610144754086,225
frangieh_melanoma_coculture,frangieh_melanoma_coculture,frangieh_melanoma_ifng,systema_centroid_accuracy,40,ridge_source_features,uq_effect_norm_variance,-0.0009544264102983695,225
frangieh_melanoma_coculture,frangieh_melanoma_coculture,frangieh_melanoma_ifng,systema_centroid_accuracy,40,ridge_source_features,prediction_norm,-0.0017935711759593275,225
frangieh_melanoma_coculture,frangieh_melanoma_coculture,frangieh_melanoma_ifng,systema_centroid_accuracy,40,ridge_source_features,prediction_sparsity,-0.0018657061928939315,225
frangieh_melanoma_coculture,frangieh_melanoma_coculture,frangieh_melanoma_ifng,systema_centroid_accuracy,40,ridge_source_features,prediction_concentration,-0.00039175413911431096,225
frangieh_melanoma_coculture,frangieh_melanoma_coculture,frangieh_melanoma_ifng,systema_centroid_accuracy,80,source_u_only,uq_cosine_disagreement,-0.0012319781883790388,209
frangieh_melanoma_coculture,frangieh_melanoma_coculture,frangieh_melanoma_ifng,systema_centroid_accuracy,80,ridge_source_features,uq_mean_gene_variance,-0.0030045537791897,209
frangieh_melanoma_coculture,frangieh_melanoma_coculture,frangieh_melanoma_ifng,systema_centroid_accuracy,80,ridge_source_features,uq_cosine_disagreement,-0.0015965412355393646,209
frangieh_melanoma_coculture,frangieh_melanoma_coculture,frangieh_melanoma_ifng,systema_centroid_accuracy,80,ridge_source_features,uq_effect_norm_variance,-0.007923149284112167,209
frangieh_melanoma_coculture,frangieh_melanoma_coculture,frangieh_melanoma_ifng,systema_centroid_accuracy,80,ridge_source_features,prediction_norm,0.007204661584844103,209
frangieh_melanoma_coculture,frangieh_melanoma_coculture,frangieh_melanoma_ifng,systema_centroid_accuracy,80,ridge_source_features,prediction_sparsity,-0.0005986317322600365,209
frangieh_melanoma_coculture,frangieh_melanoma_coculture,frangieh_melanoma_ifng,systema_centroid_accuracy,80,ridge_source_features,prediction_concentration,0.0101394772216901,209
frangieh_melanoma_coculture,frangieh_melanoma_coculture,frangieh_melanoma_ifng,systema_centroid_accuracy,160,source_u_only,uq_cosine_disagreement,-0.002978586368562996,186
frangieh_melanoma_coculture,frangieh_melanoma_coculture,frangieh_melanoma_ifng,systema_centroid_accuracy,160,ridge_source_features,uq_mean_gene_variance,0.0012443173073412872,186
frangieh_melanoma_coculture,frangieh_melanoma_coculture,frangieh_melanoma_ifng,systema_centroid_accuracy,160,ridge_source_features,uq_cosine_disagreement,-0.001782883419631007,186
frangieh_melanoma_coculture,frangieh_melanoma_coculture,frangieh_melanoma_ifng,systema_centroid_accuracy,160,ridge_source_features,uq_effect_norm_variance,-0.00666356117080888,186
frangieh_melanoma_coculture,frangieh_melanoma_coculture,frangieh_melanoma_ifng,systema_centroid_accuracy,160,ridge_source_features,prediction_norm,0.0010370235893309634,186
frangieh_melanoma_coculture,frangieh_melanoma_coculture,frangieh_melanoma_ifng,systema_centroid_accuracy,160,ridge_source_features,prediction_sparsity,0.004540080617656476,186
frangieh_melanoma_coculture,frangieh_melanoma_coculture,frangieh_melanoma_ifng,systema_centroid_accuracy,160,ridge_source_features,prediction_concentration,0.0043528470120091966,186
frangieh_melanoma_coculture,frangieh_melanoma_coculture,frangieh_melanoma_ifng,systema_centroid_accuracy,full,source_u_only,uq_cosine_disagreement,-0.0018329571239282445,243
frangieh_melanoma_coculture,frangieh_melanoma_coculture,frangieh_melanoma_ifng,systema_centroid_accuracy,full,ridge_source_features,uq_mean_gene_variance,-0.003207705826279715,243
frangieh_melanoma_coculture,frangieh_melanoma_coculture,frangieh_melanoma_ifng,systema_centroid_accuracy,full,ridge_source_features,uq_cosine_disagreement,-0.0007187478954935262,243
frangieh_melanoma_coculture,frangieh_melanoma_coculture,frangieh_melanoma_ifng,systema_centroid_accuracy,full,ridge_source_features,uq_effect_norm_variance,0.004149675041976568,243
frangieh_melanoma_coculture,frangieh_melanoma_coculture,frangieh_melanoma_ifng,systema_centroid_accuracy,full,ridge_source_features,prediction_norm,-0.009331876004298249,243
frangieh_melanoma_coculture,frangieh_melanoma_coculture,frangieh_melanoma_ifng,systema_centroid_accuracy,full,ridge_source_features,prediction_sparsity,0.003343636421689892,243
frangieh_melanoma_coculture,frangieh_melanoma_coculture,frangieh_melanoma_ifng,systema_centroid_accuracy,full,ridge_source_features,prediction_concentration,-0.0006145550256554822,243
frangieh_melanoma_coculture,frangieh_melanoma_control,frangieh_melanoma_coculture,absolute_effect_rank_agreement,10,source_u_only,uq_cosine_disagreement,-0.0005726400437548944,243
frangieh_melanoma_coculture,frangieh_melanoma_control,frangieh_melanoma_coculture,absolute_effect_rank_agreement,10,ridge_source_features,uq_mean_gene_variance,0.005711248993942208,243
frangieh_melanoma_coculture,frangieh_melanoma_control,frangieh_melanoma_coculture,absolute_effect_rank_agreement,10,ridge_source_features,uq_cosine_disagreement,0.001025574638855056,243
frangieh_melanoma_coculture,frangieh_melanoma_control,frangieh_melanoma_coculture,absolute_effect_rank_agreement,10,ridge_source_features,uq_effect_norm_variance,-0.00162644404913504,243
frangieh_melanoma_coculture,frangieh_melanoma_control,frangieh_melanoma_coculture,absolute_effect_rank_agreement,10,ridge_source_features,prediction_norm,-0.0004958491619861414,243
frangieh_melanoma_coculture,frangieh_melanoma_control,frangieh_melanoma_coculture,absolute_effect_rank_agreement,10,ridge_source_features,prediction_sparsity,0.0018072502010606903,243
frangieh_melanoma_coculture,frangieh_melanoma_control,frangieh_melanoma_coculture,absolute_effect_rank_agreement,10,ridge_source_features,prediction_concentration,-0.006389745779033872,243
frangieh_melanoma_coculture,frangieh_melanoma_control,frangieh_melanoma_coculture,absolute_effect_rank_agreement,20,source_u_only,uq_cosine_disagreement,0.0028988032611753376,234
frangieh_melanoma_coculture,frangieh_melanoma_control,frangieh_melanoma_coculture,absolute_effect_rank_agreement,20,ridge_source_features,uq_mean_gene_variance,0.004042719895100838,234
frangieh_melanoma_coculture,frangieh_melanoma_control,frangieh_melanoma_coculture,absolute_effect_rank_agreement,20,ridge_source_features,uq_cosine_disagreement,0.004206317857298299,234
frangieh_melanoma_coculture,frangieh_melanoma_control,frangieh_melanoma_coculture,absolute_effect_rank_agreement,20,ridge_source_features,uq_effect_norm_variance,0.002968836272436553,234
frangieh_melanoma_coculture,frangieh_melanoma_control,frangieh_melanoma_coculture,absolute_effect_rank_agreement,20,ridge_source_features,prediction_norm,-0.00048275258423807407,234
frangieh_melanoma_coculture,frangieh_melanoma_control,frangieh_melanoma_coculture,absolute_effect_rank_agreement,20,ridge_source_features,prediction_sparsity,4.9504118905050423e-05,234
frangieh_melanoma_coculture,frangieh_melanoma_control,frangieh_melanoma_coculture,absolute_effect_rank_agreement,20,ridge_source_features,prediction_concentration,-0.009520062971723944,234
frangieh_melanoma_coculture,frangieh_melanoma_control,frangieh_melanoma_coculture,absolute_effect_rank_agreement,40,source_u_only,uq_cosine_disagreement,-0.0014014602984880116,223
frangieh_melanoma_coculture,frangieh_melanoma_control,frangieh_melanoma_coculture,absolute_effect_rank_agreement,40,ridge_source_features,uq_mean_gene_variance,-0.002500801178493001,223
frangieh_melanoma_coculture,frangieh_melanoma_control,frangieh_melanoma_coculture,absolute_effect_rank_agreement,40,ridge_source_features,uq_cosine_disagreement,0.0004006504724431275,223
frangieh_melanoma_coculture,frangieh_melanoma_control,frangieh_melanoma_coculture,absolute_effect_rank_agreement,40,ridge_source_features,uq_effect_norm_variance,0.0016054092427039172,223
frangieh_melanoma_coculture,frangieh_melanoma_control,frangieh_melanoma_coculture,absolute_effect_rank_agreement,40,ridge_source_features,prediction_norm,-0.0026526988264676714,223
frangieh_melanoma_coculture,frangieh_melanoma_control,frangieh_melanoma_coculture,absolute_effect_rank_agreement,40,ridge_source_features,prediction_sparsity,-0.0012688641968186213,223
frangieh_melanoma_coculture,frangieh_melanoma_control,frangieh_melanoma_coculture,absolute_effect_rank_agreement,40,ridge_source_features,prediction_concentration,-0.001689176876026149,223
frangieh_melanoma_coculture,frangieh_melanoma_control,frangieh_melanoma_coculture,absolute_effect_rank_agreement,80,source_u_only,uq_cosine_disagreement,0.00196296788225785,207
frangieh_melanoma_coculture,frangieh_melanoma_control,frangieh_melanoma_coculture,absolute_effect_rank_agreement,80,ridge_source_features,uq_mean_gene_variance,-0.006528121685639281,207
frangieh_melanoma_coculture,frangieh_melanoma_control,frangieh_melanoma_coculture,absolute_effect_rank_agreement,80,ridge_source_features,uq_cosine_disagreement,0.0017282535434561827,207
frangieh_melanoma_coculture,frangieh_melanoma_control,frangieh_melanoma_coculture,absolute_effect_rank_agreement,80,ridge_source_features,uq_effect_norm_variance,0.01629625584755295,207
frangieh_melanoma_coculture,frangieh_melanoma_control,frangieh_melanoma_coculture,absolute_effect_rank_agreement,80,ridge_source_features,prediction_norm,-0.008487763883141736,207
frangieh_melanoma_coculture,frangieh_melanoma_control,frangieh_melanoma_coculture,absolute_effect_rank_agreement,80,ridge_source_features,prediction_sparsity,-0.003519244894118929,207
frangieh_melanoma_coculture,frangieh_melanoma_control,frangieh_melanoma_coculture,absolute_effect_rank_agreement,80,ridge_source_features,prediction_concentration,-0.008871034771562345,207
frangieh_melanoma_coculture,frangieh_melanoma_control,frangieh_melanoma_coculture,absolute_effect_rank_agreement,160,source_u_only,uq_cosine_disagreement,-0.004894150091949113,139
frangieh_melanoma_coculture,frangieh_melanoma_control,frangieh_melanoma_coculture,absolute_effect_rank_agreement,160,ridge_source_features,uq_mean_gene_variance,-0.0013040988328493941,139
frangieh_melanoma_coculture,frangieh_melanoma_control,frangieh_melanoma_coculture,absolute_effect_rank_agreement,160,ridge_source_features,uq_cosine_disagreement,-0.009640554161933563,139
frangieh_melanoma_coculture,frangieh_melanoma_control,frangieh_melanoma_coculture,absolute_effect_rank_agreement,160,ridge_source_features,uq_effect_norm_variance,0.00289618427916358,139
frangieh_melanoma_coculture,frangieh_melanoma_control,frangieh_melanoma_coculture,absolute_effect_rank_agreement,160,ridge_source_features,prediction_norm,-0.00551688875610532,139
frangieh_melanoma_coculture,frangieh_melanoma_control,frangieh_melanoma_coculture,absolute_effect_rank_agreement,160,ridge_source_features,prediction_sparsity,-0.00034748682678647206,139
frangieh_melanoma_coculture,frangieh_melanoma_control,frangieh_melanoma_coculture,absolute_effect_rank_agreement,160,ridge_source_features,prediction_concentration,0.005516746525255398,139
frangieh_melanoma_coculture,frangieh_melanoma_control,frangieh_melanoma_coculture,absolute_effect_rank_agreement,full,source_u_only,uq_cosine_disagreement,0.00020392534613297952,243
frangieh_melanoma_coculture,frangieh_melanoma_control,frangieh_melanoma_coculture,absolute_effect_rank_agreement,full,ridge_source_features,uq_mean_gene_variance,-0.003008336866441668,243
frangieh_melanoma_coculture,frangieh_melanoma_control,frangieh_melanoma_coculture,absolute_effect_rank_agreement,full,ridge_source_features,uq_cosine_disagreement,-0.004364495969327661,243
frangieh_melanoma_coculture,frangieh_melanoma_control,frangieh_melanoma_coculture,absolute_effect_rank_agreement,full,ridge_source_features,uq_effect_norm_variance,0.04727260697767515,243
frangieh_melanoma_coculture,frangieh_melanoma_control,frangieh_melanoma_coculture,absolute_effect_rank_agreement,full,ridge_source_features,prediction_norm,-0.01649561263994705,243
frangieh_melanoma_coculture,frangieh_melanoma_control,frangieh_melanoma_coculture,absolute_effect_rank_agreement,full,ridge_source_features,prediction_sparsity,0.003543170165664496,243
frangieh_melanoma_coculture,frangieh_melanoma_control,frangieh_melanoma_coculture,absolute_effect_rank_agreement,full,ridge_source_features,prediction_concentration,-0.03733101509183519,243
frangieh_melanoma_coculture,frangieh_melanoma_control,frangieh_melanoma_coculture,delta_cosine,10,source_u_only,uq_cosine_disagreement,-0.008898485086449316,243
frangieh_melanoma_coculture,frangieh_melanoma_control,frangieh_melanoma_coculture,delta_cosine,10,ridge_source_features,uq_mean_gene_variance,-0.009920385425823231,243
frangieh_melanoma_coculture,frangieh_melanoma_control,frangieh_melanoma_coculture,delta_cosine,10,ridge_source_features,uq_cosine_disagreement,-0.00830567522060048,243
frangieh_melanoma_coculture,frangieh_melanoma_control,frangieh_melanoma_coculture,delta_cosine,10,ridge_source_features,uq_effect_norm_variance,0.017875949797239797,243
frangieh_melanoma_coculture,frangieh_melanoma_control,frangieh_melanoma_coculture,delta_cosine,10,ridge_source_features,prediction_norm,-0.003846529118221799,243
frangieh_melanoma_coculture,frangieh_melanoma_control,frangieh_melanoma_coculture,delta_cosine,10,ridge_source_features,prediction_sparsity,-0.005073575632034695,243
frangieh_melanoma_coculture,frangieh_melanoma_control,frangieh_melanoma_coculture,delta_cosine,10,ridge_source_features,prediction_concentration,-0.010614066416115564,243
frangieh_melanoma_coculture,frangieh_melanoma_control,frangieh_melanoma_coculture,delta_cosine,20,source_u_only,uq_cosine_disagreement,-0.0014213539995584065,234
frangieh_melanoma_coculture,frangieh_melanoma_control,frangieh_melanoma_coculture,delta_cosine,20,ridge_source_features,uq_mean_gene_variance,0.00554701174827174,234
frangieh_melanoma_coculture,frangieh_melanoma_control,frangieh_melanoma_coculture,delta_cosine,20,ridge_source_features,uq_cosine_disagreement,0.0005220790945043654,234
frangieh_melanoma_coculture,frangieh_melanoma_control,frangieh_melanoma_coculture,delta_cosine,20,ridge_source_features,uq_effect_norm_variance,0.005663046004800784,234
frangieh_melanoma_coculture,frangieh_melanoma_control,frangieh_melanoma_coculture,delta_cosine,20,ridge_source_features,prediction_norm,-0.001252643831442841,234
frangieh_melanoma_coculture,frangieh_melanoma_control,frangieh_melanoma_coculture,delta_cosine,20,ridge_source_features,prediction_sparsity,-0.0035264295651347604,234
frangieh_melanoma_coculture,frangieh_melanoma_control,frangieh_melanoma_coculture,delta_cosine,20,ridge_source_features,prediction_concentration,-0.015353159105670953,234
frangieh_melanoma_coculture,frangieh_melanoma_control,frangieh_melanoma_coculture,delta_cosine,40,source_u_only,uq_cosine_disagreement,0.001201781148666852,223
frangieh_melanoma_coculture,frangieh_melanoma_control,frangieh_melanoma_coculture,delta_cosine,40,ridge_source_features,uq_mean_gene_variance,0.00583538309718208,223
frangieh_melanoma_coculture,frangieh_melanoma_control,frangieh_melanoma_coculture,delta_cosine,40,ridge_source_features,uq_cosine_disagreement,-0.0037054569383896856,223
frangieh_melanoma_coculture,frangieh_melanoma_control,frangieh_melanoma_coculture,delta_cosine,40,ridge_source_features,uq_effect_norm_variance,-0.015534650547629193,223
frangieh_melanoma_coculture,frangieh_melanoma_control,frangieh_melanoma_coculture,delta_cosine,40,ridge_source_features,prediction_norm,0.011846133669430844,223
frangieh_melanoma_coculture,frangieh_melanoma_control,frangieh_melanoma_coculture,delta_cosine,40,ridge_source_features,prediction_sparsity,-0.004736739461241543,223
frangieh_melanoma_coculture,frangieh_melanoma_control,frangieh_melanoma_coculture,delta_cosine,40,ridge_source_features,prediction_concentration,0.015618649201109197,223
frangieh_melanoma_coculture,frangieh_melanoma_control,frangieh_melanoma_coculture,delta_cosine,80,source_u_only,uq_cosine_disagreement,-0.009619042078554038,207
frangieh_melanoma_coculture,frangieh_melanoma_control,frangieh_melanoma_coculture,delta_cosine,80,ridge_source_features,uq_mean_gene_variance,-0.009691006298435232,207
frangieh_melanoma_coculture,frangieh_melanoma_control,frangieh_melanoma_coculture,delta_cosine,80,ridge_source_features,uq_cosine_disagreement,-0.016527894335762475,207
frangieh_melanoma_coculture,frangieh_melanoma_control,frangieh_melanoma_coculture,delta_cosine,80,ridge_source_features,uq_effect_norm_variance,-0.01109707058878371,207
frangieh_melanoma_coculture,frangieh_melanoma_control,frangieh_melanoma_coculture,delta_cosine,80,ridge_source_features,prediction_norm,0.010735771666515069,207
frangieh_melanoma_coculture,frangieh_melanoma_control,frangieh_melanoma_coculture,delta_cosine,80,ridge_source_features,prediction_sparsity,-0.003227448645666259,207
frangieh_melanoma_coculture,frangieh_melanoma_control,frangieh_melanoma_coculture,delta_cosine,80,ridge_source_features,prediction_concentration,0.030139137141254716,207
frangieh_melanoma_coculture,frangieh_melanoma_control,frangieh_melanoma_coculture,delta_cosine,160,source_u_only,uq_cosine_disagreement,0.005703499538204066,139
frangieh_melanoma_coculture,frangieh_melanoma_control,frangieh_melanoma_coculture,delta_cosine,160,ridge_source_features,uq_mean_gene_variance,-0.015407220301751276,139
frangieh_melanoma_coculture,frangieh_melanoma_control,frangieh_melanoma_coculture,delta_cosine,160,ridge_source_features,uq_cosine_disagreement,-0.012391619597476092,139
frangieh_melanoma_coculture,frangieh_melanoma_control,frangieh_melanoma_coculture,delta_cosine,160,ridge_source_features,uq_effect_norm_variance,0.02783775333186825,139
frangieh_melanoma_coculture,frangieh_melanoma_control,frangieh_melanoma_coculture,delta_cosine,160,ridge_source_features,prediction_norm,0.008689051805962597,139
frangieh_melanoma_coculture,frangieh_melanoma_control,frangieh_melanoma_coculture,delta_cosine,160,ridge_source_features,prediction_sparsity,-0.011319622196980851,139
frangieh_melanoma_coculture,frangieh_melanoma_control,frangieh_melanoma_coculture,delta_cosine,160,ridge_source_features,prediction_concentration,0.010971989693361932,139
frangieh_melanoma_coculture,frangieh_melanoma_control,frangieh_melanoma_coculture,delta_cosine,full,source_u_only,uq_cosine_disagreement,0.0020937221496080023,243
frangieh_melanoma_coculture,frangieh_melanoma_control,frangieh_melanoma_coculture,delta_cosine,full,ridge_source_features,uq_mean_gene_variance,0.010914122542566341,243
frangieh_melanoma_coculture,frangieh_melanoma_control,frangieh_melanoma_coculture,delta_cosine,full,ridge_source_features,uq_cosine_disagreement,-0.004851704601448176,243
frangieh_melanoma_coculture,frangieh_melanoma_control,frangieh_melanoma_coculture,delta_cosine,full,ridge_source_features,uq_effect_norm_variance,-0.023928353682928657,243
frangieh_melanoma_coculture,frangieh_melanoma_control,frangieh_melanoma_coculture,delta_cosine,full,ridge_source_features,prediction_norm,0.014278797820544652,243
frangieh_melanoma_coculture,frangieh_melanoma_control,frangieh_melanoma_coculture,delta_cosine,full,ridge_source_features,prediction_sparsity,-0.002138919828751462,243
frangieh_melanoma_coculture,frangieh_melanoma_control,frangieh_melanoma_coculture,delta_cosine,full,ridge_source_features,prediction_concentration,0.023941555345679783,243
frangieh_melanoma_coculture,frangieh_melanoma_control,frangieh_melanoma_coculture,systema_centroid_accuracy,10,source_u_only,uq_cosine_disagreement,-7.679149522205827e-06,243
frangieh_melanoma_coculture,frangieh_melanoma_control,frangieh_melanoma_coculture,systema_centroid_accuracy,10,ridge_source_features,uq_mean_gene_variance,0.007961043067391899,243
frangieh_melanoma_coculture,frangieh_melanoma_control,frangieh_melanoma_coculture,systema_centroid_accuracy,10,ridge_source_features,uq_cosine_disagreement,-0.0030012672373096305,243
frangieh_melanoma_coculture,frangieh_melanoma_control,frangieh_melanoma_coculture,systema_centroid_accuracy,10,ridge_source_features,uq_effect_norm_variance,0.009241166078653188,243
frangieh_melanoma_coculture,frangieh_melanoma_control,frangieh_melanoma_coculture,systema_centroid_accuracy,10,ridge_source_features,prediction_norm,0.004552867427238575,243
frangieh_melanoma_coculture,frangieh_melanoma_control,frangieh_melanoma_coculture,systema_centroid_accuracy,10,ridge_source_features,prediction_sparsity,0.001122273777630259,243
frangieh_melanoma_coculture,frangieh_melanoma_control,frangieh_melanoma_coculture,systema_centroid_accuracy,10,ridge_source_features,prediction_concentration,-0.014174957489145077,243
frangieh_melanoma_coculture,frangieh_melanoma_control,frangieh_melanoma_coculture,systema_centroid_accuracy,20,source_u_only,uq_cosine_disagreement,0.0009303868377092751,234
frangieh_melanoma_coculture,frangieh_melanoma_control,frangieh_melanoma_coculture,systema_centroid_accuracy,20,ridge_source_features,uq_mean_gene_variance,0.007471502111074858,234
frangieh_melanoma_coculture,frangieh_melanoma_control,frangieh_melanoma_coculture,systema_centroid_accuracy,20,ridge_source_features,uq_cosine_disagreement,0.0035691018574905893,234
frangieh_melanoma_coculture,frangieh_melanoma_control,frangieh_melanoma_coculture,systema_centroid_accuracy,20,ridge_source_features,uq_effect_norm_variance,0.011501424163236896,234
frangieh_melanoma_coculture,frangieh_melanoma_control,frangieh_melanoma_coculture,systema_centroid_accuracy,20,ridge_source_features,prediction_norm,-0.003590296180884409,234
frangieh_melanoma_coculture,frangieh_melanoma_control,frangieh_melanoma_coculture,systema_centroid_accuracy,20,ridge_source_features,prediction_sparsity,0.00207966301016058,234
frangieh_melanoma_coculture,frangieh_melanoma_control,frangieh_melanoma_coculture,systema_centroid_accuracy,20,ridge_source_features,prediction_concentration,-0.023676842808057007,234
frangieh_melanoma_coculture,frangieh_melanoma_control,frangieh_melanoma_coculture,systema_centroid_accuracy,40,source_u_only,uq_cosine_disagreement,0.0038766547200021454,223
frangieh_melanoma_coculture,frangieh_melanoma_control,frangieh_melanoma_coculture,systema_centroid_accuracy,40,ridge_source_features,uq_mean_gene_variance,-0.0013220608168612908,223
frangieh_melanoma_coculture,frangieh_melanoma_control,frangieh_melanoma_coculture,systema_centroid_accuracy,40,ridge_source_features,uq_cosine_disagreement,0.0021667747095458815,223
frangieh_melanoma_coculture,frangieh_melanoma_control,frangieh_melanoma_coculture,systema_centroid_accuracy,40,ridge_source_features,uq_effect_norm_variance,0.018864668555821692,223
frangieh_melanoma_coculture,frangieh_melanoma_control,frangieh_melanoma_coculture,systema_centroid_accuracy,40,ridge_source_features,prediction_norm,-0.00889109538175183,223
frangieh_melanoma_coculture,frangieh_melanoma_control,frangieh_melanoma_coculture,systema_centroid_accuracy,40,ridge_source_features,prediction_sparsity,0.0008769525899514,223
frangieh_melanoma_coculture,frangieh_melanoma_control,frangieh_melanoma_coculture,systema_centroid_accuracy,40,ridge_source_features,prediction_concentration,-0.013900836038556002,223
frangieh_melanoma_coculture,frangieh_melanoma_control,frangieh_melanoma_coculture,systema_centroid_accuracy,80,source_u_only,uq_cosine_disagreement,0.002500179592840625,207
frangieh_melanoma_coculture,frangieh_melanoma_control,frangieh_melanoma_coculture,systema_centroid_accuracy,80,ridge_source_features,uq_mean_gene_variance,-0.008039666762664257,207
frangieh_melanoma_coculture,frangieh_melanoma_control,frangieh_melanoma_coculture,systema_centroid_accuracy,80,ridge_source_features,uq_cosine_disagreement,0.005931364715950134,207
frangieh_melanoma_coculture,frangieh_melanoma_control,frangieh_melanoma_coculture,systema_centroid_accuracy,80,ridge_source_features,uq_effect_norm_variance,0.010658893367135705,207
frangieh_melanoma_coculture,frangieh_melanoma_control,frangieh_melanoma_coculture,systema_centroid_accuracy,80,ridge_source_features,prediction_norm,-0.006693909632909037,207
frangieh_melanoma_coculture,frangieh_melanoma_control,frangieh_melanoma_coculture,systema_centroid_accuracy,80,ridge_source_features,prediction_sparsity,-0.003497804377549301,207
frangieh_melanoma_coculture,frangieh_melanoma_control,frangieh_melanoma_coculture,systema_centroid_accuracy,80,ridge_source_features,prediction_concentration,-0.007871638287250992,207
frangieh_melanoma_coculture,frangieh_melanoma_control,frangieh_melanoma_coculture,systema_centroid_accuracy,160,source_u_only,uq_cosine_disagreement,0.0026097545606250366,139
frangieh_melanoma_coculture,frangieh_melanoma_control,frangieh_melanoma_coculture,systema_centroid_accuracy,160,ridge_source_features,uq_mean_gene_variance,-0.002616419395106951,139
frangieh_melanoma_coculture,frangieh_melanoma_control,frangieh_melanoma_coculture,systema_centroid_accuracy,160,ridge_source_features,uq_cosine_disagreement,0.005328158291368516,139
frangieh_melanoma_coculture,frangieh_melanoma_control,frangieh_melanoma_coculture,systema_centroid_accuracy,160,ridge_source_features,uq_effect_norm_variance,-0.01255566350360415,139
frangieh_melanoma_coculture,frangieh_melanoma_control,frangieh_melanoma_coculture,systema_centroid_accuracy,160,ridge_source_features,prediction_norm,-0.0036221412255728253,139
frangieh_melanoma_coculture,frangieh_melanoma_control,frangieh_melanoma_coculture,systema_centroid_accuracy,160,ridge_source_features,prediction_sparsity,0.006791979950266943,139
frangieh_melanoma_coculture,frangieh_melanoma_control,frangieh_melanoma_coculture,systema_centroid_accuracy,160,ridge_source_features,prediction_concentration,0.012584130704482836,139
frangieh_melanoma_coculture,frangieh_melanoma_control,frangieh_melanoma_coculture,systema_centroid_accuracy,full,source_u_only,uq_cosine_disagreement,0.0003851469991448431,243
frangieh_melanoma_coculture,frangieh_melanoma_control,frangieh_melanoma_coculture,systema_centroid_accuracy,full,ridge_source_features,uq_mean_gene_variance,-0.0015462198738069191,243
frangieh_melanoma_coculture,frangieh_melanoma_control,frangieh_melanoma_coculture,systema_centroid_accuracy,full,ridge_source_features,uq_cosine_disagreement,-0.00637076636383756,243
frangieh_melanoma_coculture,frangieh_melanoma_control,frangieh_melanoma_coculture,systema_centroid_accuracy,full,ridge_source_features,uq_effect_norm_variance,0.03181875235492221,243
frangieh_melanoma_coculture,frangieh_melanoma_control,frangieh_melanoma_coculture,systema_centroid_accuracy,full,ridge_source_features,prediction_norm,-0.01440821878315719,243
frangieh_melanoma_coculture,frangieh_melanoma_control,frangieh_melanoma_coculture,systema_centroid_accuracy,full,ridge_source_features,prediction_sparsity,0.004077252259398226,243
frangieh_melanoma_coculture,frangieh_melanoma_control,frangieh_melanoma_coculture,systema_centroid_accuracy,full,ridge_source_features,prediction_concentration,-0.01821001784917234,243
frangieh_melanoma_coculture,frangieh_melanoma_control,frangieh_melanoma_ifng,absolute_effect_rank_agreement,10,source_u_only,uq_cosine_disagreement,0.0014448946984339064,243
frangieh_melanoma_coculture,frangieh_melanoma_control,frangieh_melanoma_ifng,absolute_effect_rank_agreement,10,ridge_source_features,uq_mean_gene_variance,0.0015778342206820971,243
frangieh_melanoma_coculture,frangieh_melanoma_control,frangieh_melanoma_ifng,absolute_effect_rank_agreement,10,ridge_source_features,uq_cosine_disagreement,0.0045875984120698505,243
frangieh_melanoma_coculture,frangieh_melanoma_control,frangieh_melanoma_ifng,absolute_effect_rank_agreement,10,ridge_source_features,uq_effect_norm_variance,-0.005860532470649904,243
frangieh_melanoma_coculture,frangieh_melanoma_control,frangieh_melanoma_ifng,absolute_effect_rank_agreement,10,ridge_source_features,prediction_norm,0.00047516511416873056,243
frangieh_melanoma_coculture,frangieh_melanoma_control,frangieh_melanoma_ifng,absolute_effect_rank_agreement,10,ridge_source_features,prediction_sparsity,0.0008119897726010758,243
frangieh_melanoma_coculture,frangieh_melanoma_control,frangieh_melanoma_ifng,absolute_effect_rank_agreement,10,ridge_source_features,prediction_concentration,-0.0005186102220553026,243
frangieh_melanoma_coculture,frangieh_melanoma_control,frangieh_melanoma_ifng,absolute_effect_rank_agreement,20,source_u_only,uq_cosine_disagreement,0.0018361755126311391,235
frangieh_melanoma_coculture,frangieh_melanoma_control,frangieh_melanoma_ifng,absolute_effect_rank_agreement,20,ridge_source_features,uq_mean_gene_variance,-0.0020813405988486626,235
frangieh_melanoma_coculture,frangieh_melanoma_control,frangieh_melanoma_ifng,absolute_effect_rank_agreement,20,ridge_source_features,uq_cosine_disagreement,0.004614664693761511,235
frangieh_melanoma_coculture,frangieh_melanoma_control,frangieh_melanoma_ifng,absolute_effect_rank_agreement,20,ridge_source_features,uq_effect_norm_variance,0.0008442951281005667,235
frangieh_melanoma_coculture,frangieh_melanoma_control,frangieh_melanoma_ifng,absolute_effect_rank_agreement,20,ridge_source_features,prediction_norm,-0.0024807358606922926,235
frangieh_melanoma_coculture,frangieh_melanoma_control,frangieh_melanoma_ifng,absolute_effect_rank_agreement,20,ridge_source_features,prediction_sparsity,0.00011804820957727774,235
frangieh_melanoma_coculture,frangieh_melanoma_control,frangieh_melanoma_ifng,absolute_effect_rank_agreement,20,ridge_source_features,prediction_concentration,-0.0029211071283726684,235
frangieh_melanoma_coculture,frangieh_melanoma_control,frangieh_melanoma_ifng,absolute_effect_rank_agreement,40,source_u_only,uq_cosine_disagreement,0.0026437805394233286,226
frangieh_melanoma_coculture,frangieh_melanoma_control,frangieh_melanoma_ifng,absolute_effect_rank_agreement,40,ridge_source_features,uq_mean_gene_variance,0.0044229305253047505,226
frangieh_melanoma_coculture,frangieh_melanoma_control,frangieh_melanoma_ifng,absolute_effect_rank_agreement,40,ridge_source_features,uq_cosine_disagreement,0.002955743457762942,226
frangieh_melanoma_coculture,frangieh_melanoma_control,frangieh_melanoma_ifng,absolute_effect_rank_agreement,40,ridge_source_features,uq_effect_norm_variance,-0.00017621689157461831,226
frangieh_melanoma_coculture,frangieh_melanoma_control,frangieh_melanoma_ifng,absolute_effect_rank_agreement,40,ridge_source_features,prediction_norm,0.0006568326552118049,226
frangieh_melanoma_coculture,frangieh_melanoma_control,frangieh_melanoma_ifng,absolute_effect_rank_agreement,40,ridge_source_features,prediction_sparsity,-0.0014177750888065268,226
frangieh_melanoma_coculture,frangieh_melanoma_control,frangieh_melanoma_ifng,absolute_effect_rank_agreement,40,ridge_source_features,prediction_concentration,-0.005182606115416071,226
frangieh_melanoma_coculture,frangieh_melanoma_control,frangieh_melanoma_ifng,absolute_effect_rank_agreement,80,source_u_only,uq_cosine_disagreement,-0.0008067897151217544,208
frangieh_melanoma_coculture,frangieh_melanoma_control,frangieh_melanoma_ifng,absolute_effect_rank_agreement,80,ridge_source_features,uq_mean_gene_variance,-0.004920333140267543,208
frangieh_melanoma_coculture,frangieh_melanoma_control,frangieh_melanoma_ifng,absolute_effect_rank_agreement,80,ridge_source_features,uq_cosine_disagreement,0.0001257674677776005,208
frangieh_melanoma_coculture,frangieh_melanoma_control,frangieh_melanoma_ifng,absolute_effect_rank_agreement,80,ridge_source_features,uq_effect_norm_variance,0.014026069614376573,208
frangieh_melanoma_coculture,frangieh_melanoma_control,frangieh_melanoma_ifng,absolute_effect_rank_agreement,80,ridge_source_features,prediction_norm,-0.009543265822846146,208
frangieh_melanoma_coculture,frangieh_melanoma_control,frangieh_melanoma_ifng,absolute_effect_rank_agreement,80,ridge_source_features,prediction_sparsity,-0.002223939614537181,208
frangieh_melanoma_coculture,frangieh_melanoma_control,frangieh_melanoma_ifng,absolute_effect_rank_agreement,80,ridge_source_features,prediction_concentration,-0.009439826961315368,208
frangieh_melanoma_coculture,frangieh_melanoma_control,frangieh_melanoma_ifng,absolute_effect_rank_agreement,160,source_u_only,uq_cosine_disagreement,0.0002995792217979906,139
frangieh_melanoma_coculture,frangieh_melanoma_control,frangieh_melanoma_ifng,absolute_effect_rank_agreement,160,ridge_source_features,uq_mean_gene_variance,-0.0063723105808398545,139
frangieh_melanoma_coculture,frangieh_melanoma_control,frangieh_melanoma_ifng,absolute_effect_rank_agreement,160,ridge_source_features,uq_cosine_disagreement,0.0020927521615209366,139
frangieh_melanoma_coculture,frangieh_melanoma_control,frangieh_melanoma_ifng,absolute_effect_rank_agreement,160,ridge_source_features,uq_effect_norm_variance,0.007574911056006171,139
frangieh_melanoma_coculture,frangieh_melanoma_control,frangieh_melanoma_ifng,absolute_effect_rank_agreement,160,ridge_source_features,prediction_norm,-0.006026694304706692,139
frangieh_melanoma_coculture,frangieh_melanoma_control,frangieh_melanoma_ifng,absolute_effect_rank_agreement,160,ridge_source_features,prediction_sparsity,-0.0031797158218453843,139
frangieh_melanoma_coculture,frangieh_melanoma_control,frangieh_melanoma_ifng,absolute_effect_rank_agreement,160,ridge_source_features,prediction_concentration,-0.003700922320181065,139
frangieh_melanoma_coculture,frangieh_melanoma_control,frangieh_melanoma_ifng,absolute_effect_rank_agreement,full,source_u_only,uq_cosine_disagreement,0.0015422330869437745,243
frangieh_melanoma_coculture,frangieh_melanoma_control,frangieh_melanoma_ifng,absolute_effect_rank_agreement,full,ridge_source_features,uq_mean_gene_variance,-0.009928935485260101,243
frangieh_melanoma_coculture,frangieh_melanoma_control,frangieh_melanoma_ifng,absolute_effect_rank_agreement,full,ridge_source_features,uq_cosine_disagreement,0.003766370985195024,243
frangieh_melanoma_coculture,frangieh_melanoma_control,frangieh_melanoma_ifng,absolute_effect_rank_agreement,full,ridge_source_features,uq_effect_norm_variance,0.012599617095604036,243
frangieh_melanoma_coculture,frangieh_melanoma_control,frangieh_melanoma_ifng,absolute_effect_rank_agreement,full,ridge_source_features,prediction_norm,-0.011028289031688156,243
frangieh_melanoma_coculture,frangieh_melanoma_control,frangieh_melanoma_ifng,absolute_effect_rank_agreement,full,ridge_source_features,prediction_sparsity,-0.0028925800366060837,243
frangieh_melanoma_coculture,frangieh_melanoma_control,frangieh_melanoma_ifng,absolute_effect_rank_agreement,full,ridge_source_features,prediction_concentration,-0.005501235240284506,243
frangieh_melanoma_coculture,frangieh_melanoma_control,frangieh_melanoma_ifng,delta_cosine,10,source_u_only,uq_cosine_disagreement,-0.006217846888684058,243
frangieh_melanoma_coculture,frangieh_melanoma_control,frangieh_melanoma_ifng,delta_cosine,10,ridge_source_features,uq_mean_gene_variance,0.018287789277133506,243
frangieh_melanoma_coculture,frangieh_melanoma_control,frangieh_melanoma_ifng,delta_cosine,10,ridge_source_features,uq_cosine_disagreement,-0.010237416455783471,243
frangieh_melanoma_coculture,frangieh_melanoma_control,frangieh_melanoma_ifng,delta_cosine,10,ridge_source_features,uq_effect_norm_variance,-0.007459950530049674,243
frangieh_melanoma_coculture,frangieh_melanoma_control,frangieh_melanoma_ifng,delta_cosine,10,ridge_source_features,prediction_norm,0.015311675749525994,243
frangieh_melanoma_coculture,frangieh_melanoma_control,frangieh_melanoma_ifng,delta_cosine,10,ridge_source_features,prediction_sparsity,-0.0009757166505993145,243
frangieh_melanoma_coculture,frangieh_melanoma_control,frangieh_melanoma_ifng,delta_cosine,10,ridge_source_features,prediction_concentration,-0.007096167810341742,243
frangieh_melanoma_coculture,frangieh_melanoma_control,frangieh_melanoma_ifng,delta_cosine,20,source_u_only,uq_cosine_disagreement,0.002655245034943181,235
frangieh_melanoma_coculture,frangieh_melanoma_control,frangieh_melanoma_ifng,delta_cosine,20,ridge_source_features,uq_mean_gene_variance,0.009960057908331809,235
frangieh_melanoma_coculture,frangieh_melanoma_control,frangieh_melanoma_ifng,delta_cosine,20,ridge_source_features,uq_cosine_disagreement,-0.00328614149996131,235
frangieh_melanoma_coculture,frangieh_melanoma_control,frangieh_melanoma_ifng,delta_cosine,20,ridge_source_features,uq_effect_norm_variance,0.00162772798156914,235
frangieh_melanoma_coculture,frangieh_melanoma_control,frangieh_melanoma_ifng,delta_cosine,20,ridge_source_features,prediction_norm,0.002901792680046056,235
frangieh_melanoma_coculture,frangieh_melanoma_control,frangieh_melanoma_ifng,delta_cosine,20,ridge_source_features,prediction_sparsity,-0.0013466255322335057,235
frangieh_melanoma_coculture,frangieh_melanoma_control,frangieh_melanoma_ifng,delta_cosine,20,ridge_source_features,prediction_concentration,-0.0026106575755768923,235
frangieh_melanoma_coculture,frangieh_melanoma_control,frangieh_melanoma_ifng,delta_cosine,40,source_u_only,uq_cosine_disagreement,0.005593611470480982,226
frangieh_melanoma_coculture,frangieh_melanoma_control,frangieh_melanoma_ifng,delta_cosine,40,ridge_source_features,uq_mean_gene_variance,-0.0003652129725854098,226
frangieh_melanoma_coculture,frangieh_melanoma_control,frangieh_melanoma_ifng,delta_cosine,40,ridge_source_features,uq_cosine_disagreement,0.002860109966498669,226
frangieh_melanoma_coculture,frangieh_melanoma_control,frangieh_melanoma_ifng,delta_cosine,40,ridge_source_features,uq_effect_norm_variance,-0.005495691603828736,226
frangieh_melanoma_coculture,frangieh_melanoma_control,frangieh_melanoma_ifng,delta_cosine,40,ridge_source_features,prediction_norm,0.006244303735371302,226
frangieh_melanoma_coculture,frangieh_melanoma_control,frangieh_melanoma_ifng,delta_cosine,40,ridge_source_features,prediction_sparsity,-0.0026559092821203515,226
frangieh_melanoma_coculture,frangieh_melanoma_control,frangieh_melanoma_ifng,delta_cosine,40,ridge_source_features,prediction_concentration,0.00895588553046506,226
frangieh_melanoma_coculture,frangieh_melanoma_control,frangieh_melanoma_ifng,delta_cosine,80,source_u_only,uq_cosine_disagreement,-0.009265832324460672,208
frangieh_melanoma_coculture,frangieh_melanoma_control,frangieh_melanoma_ifng,delta_cosine,80,ridge_source_features,uq_mean_gene_variance,-0.0015490160936915422,208
frangieh_melanoma_coculture,frangieh_melanoma_control,frangieh_melanoma_ifng,delta_cosine,80,ridge_source_features,uq_cosine_disagreement,-0.014540788753922186,208
frangieh_melanoma_coculture,frangieh_melanoma_control,frangieh_melanoma_ifng,delta_cosine,80,ridge_source_features,uq_effect_norm_variance,0.0009851815301864949,208
frangieh_melanoma_coculture,frangieh_melanoma_control,frangieh_melanoma_ifng,delta_cosine,80,ridge_source_features,prediction_norm,-0.0006973172714685015,208
frangieh_melanoma_coculture,frangieh_melanoma_control,frangieh_melanoma_ifng,delta_cosine,80,ridge_source_features,prediction_sparsity,-0.003749021533009781,208
frangieh_melanoma_coculture,frangieh_melanoma_control,frangieh_melanoma_ifng,delta_cosine,80,ridge_source_features,prediction_concentration,0.009206490412344923,208
frangieh_melanoma_coculture,frangieh_melanoma_control,frangieh_melanoma_ifng,delta_cosine,160,source_u_only,uq_cosine_disagreement,-0.0081323888266251,139
frangieh_melanoma_coculture,frangieh_melanoma_control,frangieh_melanoma_ifng,delta_cosine,160,ridge_source_features,uq_mean_gene_variance,-0.02645590348199103,139
frangieh_melanoma_coculture,frangieh_melanoma_control,frangieh_melanoma_ifng,delta_cosine,160,ridge_source_features,uq_cosine_disagreement,-0.008576012147764451,139
frangieh_melanoma_coculture,frangieh_melanoma_control,frangieh_melanoma_ifng,delta_cosine,160,ridge_source_features,uq_effect_norm_variance,0.040336465492490856,139
frangieh_melanoma_coculture,frangieh_melanoma_control,frangieh_melanoma_ifng,delta_cosine,160,ridge_source_features,prediction_norm,0.005496955374975065,139
frangieh_melanoma_coculture,frangieh_melanoma_control,frangieh_melanoma_ifng,delta_cosine,160,ridge_source_features,prediction_sparsity,-0.007731187153742115,139
frangieh_melanoma_coculture,frangieh_melanoma_control,frangieh_melanoma_ifng,delta_cosine,160,ridge_source_features,prediction_concentration,-0.01497775166023878,139
frangieh_melanoma_coculture,frangieh_melanoma_control,frangieh_melanoma_ifng,delta_cosine,full,source_u_only,uq_cosine_disagreement,-0.008431943348885685,243
frangieh_melanoma_coculture,frangieh_melanoma_control,frangieh_melanoma_ifng,delta_cosine,full,ridge_source_features,uq_mean_gene_variance,0.01699901485493569,243
frangieh_melanoma_coculture,frangieh_melanoma_control,frangieh_melanoma_ifng,delta_cosine,full,ridge_source_features,uq_cosine_disagreement,-0.019127425202786444,243
frangieh_melanoma_coculture,frangieh_melanoma_control,frangieh_melanoma_ifng,delta_cosine,full,ridge_source_features,uq_effect_norm_variance,-0.012345598418456618,243
frangieh_melanoma_coculture,frangieh_melanoma_control,frangieh_melanoma_ifng,delta_cosine,full,ridge_source_features,prediction_norm,0.016743738650123755,243
frangieh_melanoma_coculture,frangieh_melanoma_control,frangieh_melanoma_ifng,delta_cosine,full,ridge_source_features,prediction_sparsity,-0.002604326286083648,243
frangieh_melanoma_coculture,frangieh_melanoma_control,frangieh_melanoma_ifng,delta_cosine,full,ridge_source_features,prediction_concentration,0.010688473816610613,243
frangieh_melanoma_coculture,frangieh_melanoma_control,frangieh_melanoma_ifng,systema_centroid_accuracy,10,source_u_only,uq_cosine_disagreement,-0.0011490519065190522,243
frangieh_melanoma_coculture,frangieh_melanoma_control,frangieh_melanoma_ifng,systema_centroid_accuracy,10,ridge_source_features,uq_mean_gene_variance,0.0037216652669466305,243
frangieh_melanoma_coculture,frangieh_melanoma_control,frangieh_melanoma_ifng,systema_centroid_accuracy,10,ridge_source_features,uq_cosine_disagreement,-0.0005729069367955113,243
frangieh_melanoma_coculture,frangieh_melanoma_control,frangieh_melanoma_ifng,systema_centroid_accuracy,10,ridge_source_features,uq_effect_norm_variance,0.010115471022360444,243
frangieh_melanoma_coculture,frangieh_melanoma_control,frangieh_melanoma_ifng,systema_centroid_accuracy,10,ridge_source_features,prediction_norm,0.0001599330359777379,243
frangieh_melanoma_coculture,frangieh_melanoma_control,frangieh_melanoma_ifng,systema_centroid_accuracy,10,ridge_source_features,prediction_sparsity,0.002095408319792856,243
frangieh_melanoma_coculture,frangieh_melanoma_control,frangieh_melanoma_ifng,systema_centroid_accuracy,10,ridge_source_features,prediction_concentration,-0.01585033540843805,243
frangieh_melanoma_coculture,frangieh_melanoma_control,frangieh_melanoma_ifng,systema_centroid_accuracy,20,source_u_only,uq_cosine_disagreement,0.002832916109546561,235
frangieh_melanoma_coculture,frangieh_melanoma_control,frangieh_melanoma_ifng,systema_centroid_accuracy,20,ridge_source_features,uq_mean_gene_variance,-0.012120523850781759,235
frangieh_melanoma_coculture,frangieh_melanoma_control,frangieh_melanoma_ifng,systema_centroid_accuracy,20,ridge_source_features,uq_cosine_disagreement,0.006331384851520113,235
frangieh_melanoma_coculture,frangieh_melanoma_control,frangieh_melanoma_ifng,systema_centroid_accuracy,20,ridge_source_features,uq_effect_norm_variance,0.020881712012635795,235
frangieh_melanoma_coculture,frangieh_melanoma_control,frangieh_melanoma_ifng,systema_centroid_accuracy,20,ridge_source_features,prediction_norm,-0.009477833941100916,235
frangieh_melanoma_coculture,frangieh_melanoma_control,frangieh_melanoma_ifng,systema_centroid_accuracy,20,ridge_source_features,prediction_sparsity,-0.0008500515755554388,235
frangieh_melanoma_coculture,frangieh_melanoma_control,frangieh_melanoma_ifng,systema_centroid_accuracy,20,ridge_source_features,prediction_concentration,-0.014480147395206392,235
frangieh_melanoma_coculture,frangieh_melanoma_control,frangieh_melanoma_ifng,systema_centroid_accuracy,40,source_u_only,uq_cosine_disagreement,0.004236871650983016,226
frangieh_melanoma_coculture,frangieh_melanoma_control,frangieh_melanoma_ifng,systema_centroid_accuracy,40,ridge_source_features,uq_mean_gene_variance,-0.016813946355147154,226
frangieh_melanoma_coculture,frangieh_melanoma_control,frangieh_melanoma_ifng,systema_centroid_accuracy,40,ridge_source_features,uq_cosine_disagreement,0.004595438715300045,226
frangieh_melanoma_coculture,frangieh_melanoma_control,frangieh_melanoma_ifng,systema_centroid_accuracy,40,ridge_source_features,uq_effect_norm_variance,0.027285727392913534,226
frangieh_melanoma_coculture,frangieh_melanoma_control,frangieh_melanoma_ifng,systema_centroid_accuracy,40,ridge_source_features,prediction_norm,-0.01102186174390185,226
frangieh_melanoma_coculture,frangieh_melanoma_control,frangieh_melanoma_ifng,systema_centroid_accuracy,40,ridge_source_features,prediction_sparsity,-0.0037174474093517084,226
frangieh_melanoma_coculture,frangieh_melanoma_control,frangieh_melanoma_ifng,systema_centroid_accuracy,40,ridge_source_features,prediction_concentration,-0.01105363325452987,226
frangieh_melanoma_coculture,frangieh_melanoma_control,frangieh_melanoma_ifng,systema_centroid_accuracy,80,source_u_only,uq_cosine_disagreement,0.004402159649201296,208
frangieh_melanoma_coculture,frangieh_melanoma_control,frangieh_melanoma_ifng,systema_centroid_accuracy,80,ridge_source_features,uq_mean_gene_variance,-0.00998202291027598,208
frangieh_melanoma_coculture,frangieh_melanoma_control,frangieh_melanoma_ifng,systema_centroid_accuracy,80,ridge_source_features,uq_cosine_disagreement,0.00964517823890964,208
frangieh_melanoma_coculture,frangieh_melanoma_control,frangieh_melanoma_ifng,systema_centroid_accuracy,80,ridge_source_features,uq_effect_norm_variance,0.016144574440926547,208
frangieh_melanoma_coculture,frangieh_melanoma_control,frangieh_melanoma_ifng,systema_centroid_accuracy,80,ridge_source_features,prediction_norm,-0.008034670326761573,208
frangieh_melanoma_coculture,frangieh_melanoma_control,frangieh_melanoma_ifng,systema_centroid_accuracy,80,ridge_source_features,prediction_sparsity,-0.003298954844570979,208
frangieh_melanoma_coculture,frangieh_melanoma_control,frangieh_melanoma_ifng,systema_centroid_accuracy,80,ridge_source_features,prediction_concentration,-0.01459002968030403,208
frangieh_melanoma_coculture,frangieh_melanoma_control,frangieh_melanoma_ifng,systema_centroid_accuracy,160,source_u_only,uq_cosine_disagreement,0.002652644527147255,139
frangieh_melanoma_coculture,frangieh_melanoma_control,frangieh_melanoma_ifng,systema_centroid_accuracy,160,ridge_source_features,uq_mean_gene_variance,-0.008091553238733952,139
frangieh_melanoma_coculture,frangieh_melanoma_control,frangieh_melanoma_ifng,systema_centroid_accuracy,160,ridge_source_features,uq_cosine_disagreement,-0.0009229605524463101,139
frangieh_melanoma_coculture,frangieh_melanoma_control,frangieh_melanoma_ifng,systema_centroid_accuracy,160,ridge_source_features,uq_effect_norm_variance,0.010873339713886236,139
frangieh_melanoma_coculture,frangieh_melanoma_control,frangieh_melanoma_ifng,systema_centroid_accuracy,160,ridge_source_features,prediction_norm,-0.00844340620780434,139
frangieh_melanoma_coculture,frangieh_melanoma_control,frangieh_melanoma_ifng,systema_centroid_accuracy,160,ridge_source_features,prediction_sparsity,-0.0020264728511274837,139
frangieh_melanoma_coculture,frangieh_melanoma_control,frangieh_melanoma_ifng,systema_centroid_accuracy,160,ridge_source_features,prediction_concentration,0.0026363019102689927,139
frangieh_melanoma_coculture,frangieh_melanoma_control,frangieh_melanoma_ifng,systema_centroid_accuracy,full,source_u_only,uq_cosine_disagreement,0.0018501314356711993,243
frangieh_melanoma_coculture,frangieh_melanoma_control,frangieh_melanoma_ifng,systema_centroid_accuracy,full,ridge_source_features,uq_mean_gene_variance,-0.004123371855842396,243
frangieh_melanoma_coculture,frangieh_melanoma_control,frangieh_melanoma_ifng,systema_centroid_accuracy,full,ridge_source_features,uq_cosine_disagreement,-0.001687357011270719,243
frangieh_melanoma_coculture,frangieh_melanoma_control,frangieh_melanoma_ifng,systema_centroid_accuracy,full,ridge_source_features,uq_effect_norm_variance,0.0323145876333222,243
frangieh_melanoma_coculture,frangieh_melanoma_control,frangieh_melanoma_ifng,systema_centroid_accuracy,full,ridge_source_features,prediction_norm,-0.015299405388092279,243
frangieh_melanoma_coculture,frangieh_melanoma_control,frangieh_melanoma_ifng,systema_centroid_accuracy,full,ridge_source_features,prediction_sparsity,0.0009655840937851444,243
frangieh_melanoma_coculture,frangieh_melanoma_control,frangieh_melanoma_ifng,systema_centroid_accuracy,full,ridge_source_features,prediction_concentration,-0.021885856733950666,243
frangieh_melanoma_control,frangieh_melanoma_coculture,frangieh_melanoma_ifng,absolute_effect_rank_agreement,10,source_u_only,uq_cosine_disagreement,-0.0010985642815929697,243
frangieh_melanoma_control,frangieh_melanoma_coculture,frangieh_melanoma_ifng,absolute_effect_rank_agreement,10,ridge_source_features,uq_mean_gene_variance,-0.002460944424389862,243
frangieh_melanoma_control,frangieh_melanoma_coculture,frangieh_melanoma_ifng,absolute_effect_rank_agreement,10,ridge_source_features,uq_cosine_disagreement,0.009491524253499044,243
frangieh_melanoma_control,frangieh_melanoma_coculture,frangieh_melanoma_ifng,absolute_effect_rank_agreement,10,ridge_source_features,uq_effect_norm_variance,-0.004849534844137299,243
frangieh_melanoma_control,frangieh_melanoma_coculture,frangieh_melanoma_ifng,absolute_effect_rank_agreement,10,ridge_source_features,prediction_norm,-0.0017077487060727754,243
frangieh_melanoma_control,frangieh_melanoma_coculture,frangieh_melanoma_ifng,absolute_effect_rank_agreement,10,ridge_source_features,prediction_sparsity,-6.776254982693873e-05,243
frangieh_melanoma_control,frangieh_melanoma_coculture,frangieh_melanoma_ifng,absolute_effect_rank_agreement,10,ridge_source_features,prediction_concentration,-0.0035955856604764423,243
frangieh_melanoma_control,frangieh_melanoma_coculture,frangieh_melanoma_ifng,absolute_effect_rank_agreement,20,source_u_only,uq_cosine_disagreement,-0.003113457320119455,237
frangieh_melanoma_control,frangieh_melanoma_coculture,frangieh_melanoma_ifng,absolute_effect_rank_agreement,20,ridge_source_features,uq_mean_gene_variance,0.003670701579824384,237
frangieh_melanoma_control,frangieh_melanoma_coculture,frangieh_melanoma_ifng,absolute_effect_rank_agreement,20,ridge_source_features,uq_cosine_disagreement,-0.005055145434898831,237
frangieh_melanoma_control,frangieh_melanoma_coculture,frangieh_melanoma_ifng,absolute_effect_rank_agreement,20,ridge_source_features,uq_effect_norm_variance,-0.004099955924900656,237
frangieh_melanoma_control,frangieh_melanoma_coculture,frangieh_melanoma_ifng,absolute_effect_rank_agreement,20,ridge_source_features,prediction_norm,-3.131468750732879e-05,237
frangieh_melanoma_control,frangieh_melanoma_coculture,frangieh_melanoma_ifng,absolute_effect_rank_agreement,20,ridge_source_features,prediction_sparsity,-0.0006384763538125718,237
frangieh_melanoma_control,frangieh_melanoma_coculture,frangieh_melanoma_ifng,absolute_effect_rank_agreement,20,ridge_source_features,prediction_concentration,0.002453254264702886,237
frangieh_melanoma_control,frangieh_melanoma_coculture,frangieh_melanoma_ifng,absolute_effect_rank_agreement,40,source_u_only,uq_cosine_disagreement,-0.0017092281679123487,225
frangieh_melanoma_control,frangieh_melanoma_coculture,frangieh_melanoma_ifng,absolute_effect_rank_agreement,40,ridge_source_features,uq_mean_gene_variance,-0.0003493452413953085,225
frangieh_melanoma_control,frangieh_melanoma_coculture,frangieh_melanoma_ifng,absolute_effect_rank_agreement,40,ridge_source_features,uq_cosine_disagreement,0.0035811771342917297,225
frangieh_melanoma_control,frangieh_melanoma_coculture,frangieh_melanoma_ifng,absolute_effect_rank_agreement,40,ridge_source_features,uq_effect_norm_variance,-0.003569815423724568,225
frangieh_melanoma_control,frangieh_melanoma_coculture,frangieh_melanoma_ifng,absolute_effect_rank_agreement,40,ridge_source_features,prediction_norm,-0.0007409659774130265,225
frangieh_melanoma_control,frangieh_melanoma_coculture,frangieh_melanoma_ifng,absolute_effect_rank_agreement,40,ridge_source_features,prediction_sparsity,0.0004585970523678492,225
frangieh_melanoma_control,frangieh_melanoma_coculture,frangieh_melanoma_ifng,absolute_effect_rank_agreement,40,ridge_source_features,prediction_concentration,-0.0014966472351129836,225
frangieh_melanoma_control,frangieh_melanoma_coculture,frangieh_melanoma_ifng,absolute_effect_rank_agreement,80,source_u_only,uq_cosine_disagreement,0.005918905008345176,209
frangieh_melanoma_control,frangieh_melanoma_coculture,frangieh_melanoma_ifng,absolute_effect_rank_agreement,80,ridge_source_features,uq_mean_gene_variance,-0.005461031817820024,209
frangieh_melanoma_control,frangieh_melanoma_coculture,frangieh_melanoma_ifng,absolute_effect_rank_agreement,80,ridge_source_features,uq_cosine_disagreement,0.00481272561806556,209
frangieh_melanoma_control,frangieh_melanoma_coculture,frangieh_melanoma_ifng,absolute_effect_rank_agreement,80,ridge_source_features,uq_effect_norm_variance,0.014292276603328038,209
frangieh_melanoma_control,frangieh_melanoma_coculture,frangieh_melanoma_ifng,absolute_effect_rank_agreement,80,ridge_source_features,prediction_norm,0.00036424701490262655,209
frangieh_melanoma_control,frangieh_melanoma_coculture,frangieh_melanoma_ifng,absolute_effect_rank_agreement,80,ridge_source_features,prediction_sparsity,-0.005101623605759807,209
frangieh_melanoma_control,frangieh_melanoma_coculture,frangieh_melanoma_ifng,absolute_effect_rank_agreement,80,ridge_source_features,prediction_concentration,-0.0081739471765299,209
frangieh_melanoma_control,frangieh_melanoma_coculture,frangieh_melanoma_ifng,absolute_effect_rank_agreement,160,source_u_only,uq_cosine_disagreement,0.006444553945592937,186
frangieh_melanoma_control,frangieh_melanoma_coculture,frangieh_melanoma_ifng,absolute_effect_rank_agreement,160,ridge_source_features,uq_mean_gene_variance,-0.0009156399466720111,186
frangieh_melanoma_control,frangieh_melanoma_coculture,frangieh_melanoma_ifng,absolute_effect_rank_agreement,160,ridge_source_features,uq_cosine_disagreement,0.01660704834657862,186
frangieh_melanoma_control,frangieh_melanoma_coculture,frangieh_melanoma_ifng,absolute_effect_rank_agreement,160,ridge_source_features,uq_effect_norm_variance,-0.010229811401917595,186
frangieh_melanoma_control,frangieh_melanoma_coculture,frangieh_melanoma_ifng,absolute_effect_rank_agreement,160,ridge_source_features,prediction_norm,-0.0037631851863087077,186
frangieh_melanoma_control,frangieh_melanoma_coculture,frangieh_melanoma_ifng,absolute_effect_rank_agreement,160,ridge_source_features,prediction_sparsity,0.005039906598176888,186
frangieh_melanoma_control,frangieh_melanoma_coculture,frangieh_melanoma_ifng,absolute_effect_rank_agreement,160,ridge_source_features,prediction_concentration,0.0011708534408838894,186
frangieh_melanoma_control,frangieh_melanoma_coculture,frangieh_melanoma_ifng,absolute_effect_rank_agreement,full,source_u_only,uq_cosine_disagreement,0.0014006454587553686,243
frangieh_melanoma_control,frangieh_melanoma_coculture,frangieh_melanoma_ifng,absolute_effect_rank_agreement,full,ridge_source_features,uq_mean_gene_variance,0.018601300748053027,243
frangieh_melanoma_control,frangieh_melanoma_coculture,frangieh_melanoma_ifng,absolute_effect_rank_agreement,full,ridge_source_features,uq_cosine_disagreement,-0.010162414350289367,243
frangieh_melanoma_control,frangieh_melanoma_coculture,frangieh_melanoma_ifng,absolute_effect_rank_agreement,full,ridge_source_features,uq_effect_norm_variance,-0.03369198937527858,243
frangieh_melanoma_control,frangieh_melanoma_coculture,frangieh_melanoma_ifng,absolute_effect_rank_agreement,full,ridge_source_features,prediction_norm,0.007462850960620322,243
frangieh_melanoma_control,frangieh_melanoma_coculture,frangieh_melanoma_ifng,absolute_effect_rank_agreement,full,ridge_source_features,prediction_sparsity,-0.003993329481941096,243
frangieh_melanoma_control,frangieh_melanoma_coculture,frangieh_melanoma_ifng,absolute_effect_rank_agreement,full,ridge_source_features,prediction_concentration,0.02706013151643834,243
frangieh_melanoma_control,frangieh_melanoma_coculture,frangieh_melanoma_ifng,delta_cosine,10,source_u_only,uq_cosine_disagreement,0.003459459611616835,243
frangieh_melanoma_control,frangieh_melanoma_coculture,frangieh_melanoma_ifng,delta_cosine,10,ridge_source_features,uq_mean_gene_variance,0.002623352592618189,243
frangieh_melanoma_control,frangieh_melanoma_coculture,frangieh_melanoma_ifng,delta_cosine,10,ridge_source_features,uq_cosine_disagreement,-0.0006899190523723267,243
frangieh_melanoma_control,frangieh_melanoma_coculture,frangieh_melanoma_ifng,delta_cosine,10,ridge_source_features,uq_effect_norm_variance,0.004634034968005752,243
frangieh_melanoma_control,frangieh_melanoma_coculture,frangieh_melanoma_ifng,delta_cosine,10,ridge_source_features,prediction_norm,0.0009071048517869157,243
frangieh_melanoma_control,frangieh_melanoma_coculture,frangieh_melanoma_ifng,delta_cosine,10,ridge_source_features,prediction_sparsity,-0.00572474883810252,243
frangieh_melanoma_control,frangieh_melanoma_coculture,frangieh_melanoma_ifng,delta_cosine,10,ridge_source_features,prediction_concentration,-0.003333832003032658,243
frangieh_melanoma_control,frangieh_melanoma_coculture,frangieh_melanoma_ifng,delta_cosine,20,source_u_only,uq_cosine_disagreement,0.004236927225535298,237
frangieh_melanoma_control,frangieh_melanoma_coculture,frangieh_melanoma_ifng,delta_cosine,20,ridge_source_features,uq_mean_gene_variance,0.015038462833994902,237
frangieh_melanoma_control,frangieh_melanoma_coculture,frangieh_melanoma_ifng,delta_cosine,20,ridge_source_features,uq_cosine_disagreement,-0.020312694432245537,237
frangieh_melanoma_control,frangieh_melanoma_coculture,frangieh_melanoma_ifng,delta_cosine,20,ridge_source_features,uq_effect_norm_variance,-0.0022758954341175613,237
frangieh_melanoma_control,frangieh_melanoma_coculture,frangieh_melanoma_ifng,delta_cosine,20,ridge_source_features,prediction_norm,0.0009574729677900447,237
frangieh_melanoma_control,frangieh_melanoma_coculture,frangieh_melanoma_ifng,delta_cosine,20,ridge_source_features,prediction_sparsity,0.0009738929192193817,237
frangieh_melanoma_control,frangieh_melanoma_coculture,frangieh_melanoma_ifng,delta_cosine,20,ridge_source_features,prediction_concentration,0.012790877782302585,237
frangieh_melanoma_control,frangieh_melanoma_coculture,frangieh_melanoma_ifng,delta_cosine,40,source_u_only,uq_cosine_disagreement,0.0017002554890553888,225
frangieh_melanoma_control,frangieh_melanoma_coculture,frangieh_melanoma_ifng,delta_cosine,40,ridge_source_features,uq_mean_gene_variance,0.004730759068630346,225
frangieh_melanoma_control,frangieh_melanoma_coculture,frangieh_melanoma_ifng,delta_cosine,40,ridge_source_features,uq_cosine_disagreement,-0.0003590914581135226,225
frangieh_melanoma_control,frangieh_melanoma_coculture,frangieh_melanoma_ifng,delta_cosine,40,ridge_source_features,uq_effect_norm_variance,-0.0001950758211390125,225
frangieh_melanoma_control,frangieh_melanoma_coculture,frangieh_melanoma_ifng,delta_cosine,40,ridge_source_features,prediction_norm,0.0024676466080648368,225
frangieh_melanoma_control,frangieh_melanoma_coculture,frangieh_melanoma_ifng,delta_cosine,40,ridge_source_features,prediction_sparsity,0.00116203928612792,225
frangieh_melanoma_control,frangieh_melanoma_coculture,frangieh_melanoma_ifng,delta_cosine,40,ridge_source_features,prediction_concentration,-0.002422751205291859,225
frangieh_melanoma_control,frangieh_melanoma_coculture,frangieh_melanoma_ifng,delta_cosine,80,source_u_only,uq_cosine_disagreement,0.006234994230486238,209
frangieh_melanoma_control,frangieh_melanoma_coculture,frangieh_melanoma_ifng,delta_cosine,80,ridge_source_features,uq_mean_gene_variance,-0.0032794378872359866,209
frangieh_melanoma_control,frangieh_melanoma_coculture,frangieh_melanoma_ifng,delta_cosine,80,ridge_source_features,uq_cosine_disagreement,0.012399652178180787,209
frangieh_melanoma_control,frangieh_melanoma_coculture,frangieh_melanoma_ifng,delta_cosine,80,ridge_source_features,uq_effect_norm_variance,0.004188277145471449,209
frangieh_melanoma_control,frangieh_melanoma_coculture,frangieh_melanoma_ifng,delta_cosine,80,ridge_source_features,prediction_norm,0.003895167001490827,209
frangieh_melanoma_control,frangieh_melanoma_coculture,frangieh_melanoma_ifng,delta_cosine,80,ridge_source_features,prediction_sparsity,-0.0010444131654599354,209
frangieh_melanoma_control,frangieh_melanoma_coculture,frangieh_melanoma_ifng,delta_cosine,80,ridge_source_features,prediction_concentration,-0.007546190839872624,209
frangieh_melanoma_control,frangieh_melanoma_coculture,frangieh_melanoma_ifng,delta_cosine,160,source_u_only,uq_cosine_disagreement,-0.0016852809398938218,186
frangieh_melanoma_control,frangieh_melanoma_coculture,frangieh_melanoma_ifng,delta_cosine,160,ridge_source_features,uq_mean_gene_variance,0.0022870271808630447,186
frangieh_melanoma_control,frangieh_melanoma_coculture,frangieh_melanoma_ifng,delta_cosine,160,ridge_source_features,uq_cosine_disagreement,0.01546307245208544,186
frangieh_melanoma_control,frangieh_melanoma_coculture,frangieh_melanoma_ifng,delta_cosine,160,ridge_source_features,uq_effect_norm_variance,-0.023616937349004635,186
frangieh_melanoma_control,frangieh_melanoma_coculture,frangieh_melanoma_ifng,delta_cosine,160,ridge_source_features,prediction_norm,-0.008660920102273584,186
frangieh_melanoma_control,frangieh_melanoma_coculture,frangieh_melanoma_ifng,delta_cosine,160,ridge_source_features,prediction_sparsity,-0.0036046287102316174,186
frangieh_melanoma_control,frangieh_melanoma_coculture,frangieh_melanoma_ifng,delta_cosine,160,ridge_source_features,prediction_concentration,0.00398585104983273,186
frangieh_melanoma_control,frangieh_melanoma_coculture,frangieh_melanoma_ifng,delta_cosine,full,source_u_only,uq_cosine_disagreement,0.0024964502679754967,243
frangieh_melanoma_control,frangieh_melanoma_coculture,frangieh_melanoma_ifng,delta_cosine,full,ridge_source_features,uq_mean_gene_variance,0.02265193387141691,243
frangieh_melanoma_control,frangieh_melanoma_coculture,frangieh_melanoma_ifng,delta_cosine,full,ridge_source_features,uq_cosine_disagreement,0.02623733296768225,243
frangieh_melanoma_control,frangieh_melanoma_coculture,frangieh_melanoma_ifng,delta_cosine,full,ridge_source_features,uq_effect_norm_variance,-0.058053225474953056,243
frangieh_melanoma_control,frangieh_melanoma_coculture,frangieh_melanoma_ifng,delta_cosine,full,ridge_source_features,prediction_norm,-0.004435234064178744,243
frangieh_melanoma_control,frangieh_melanoma_coculture,frangieh_melanoma_ifng,delta_cosine,full,ridge_source_features,prediction_sparsity,-0.0025285130454622776,243
frangieh_melanoma_control,frangieh_melanoma_coculture,frangieh_melanoma_ifng,delta_cosine,full,ridge_source_features,prediction_concentration,0.011300290676965342,243
frangieh_melanoma_control,frangieh_melanoma_coculture,frangieh_melanoma_ifng,systema_centroid_accuracy,10,source_u_only,uq_cosine_disagreement,-7.629839799642508e-05,243
frangieh_melanoma_control,frangieh_melanoma_coculture,frangieh_melanoma_ifng,systema_centroid_accuracy,10,ridge_source_features,uq_mean_gene_variance,0.0013034685677329248,243
frangieh_melanoma_control,frangieh_melanoma_coculture,frangieh_melanoma_ifng,systema_centroid_accuracy,10,ridge_source_features,uq_cosine_disagreement,0.003915248445885251,243
frangieh_melanoma_control,frangieh_melanoma_coculture,frangieh_melanoma_ifng,systema_centroid_accuracy,10,ridge_source_features,uq_effect_norm_variance,-0.011954247671546262,243
frangieh_melanoma_control,frangieh_melanoma_coculture,frangieh_melanoma_ifng,systema_centroid_accuracy,10,ridge_source_features,prediction_norm,0.0002171396043868567,243
frangieh_melanoma_control,frangieh_melanoma_coculture,frangieh_melanoma_ifng,systema_centroid_accuracy,10,ridge_source_features,prediction_sparsity,-0.0010029590953813913,243
frangieh_melanoma_control,frangieh_melanoma_coculture,frangieh_melanoma_ifng,systema_centroid_accuracy,10,ridge_source_features,prediction_concentration,0.006579556717829244,243
frangieh_melanoma_control,frangieh_melanoma_coculture,frangieh_melanoma_ifng,systema_centroid_accuracy,20,source_u_only,uq_cosine_disagreement,-0.0022734841653237405,237
frangieh_melanoma_control,frangieh_melanoma_coculture,frangieh_melanoma_ifng,systema_centroid_accuracy,20,ridge_source_features,uq_mean_gene_variance,-0.002665207185947733,237
frangieh_melanoma_control,frangieh_melanoma_coculture,frangieh_melanoma_ifng,systema_centroid_accuracy,20,ridge_source_features,uq_cosine_disagreement,0.0046057213350711975,237
frangieh_melanoma_control,frangieh_melanoma_coculture,frangieh_melanoma_ifng,systema_centroid_accuracy,20,ridge_source_features,uq_effect_norm_variance,-0.003386308162740961,237
frangieh_melanoma_control,frangieh_melanoma_coculture,frangieh_melanoma_ifng,systema_centroid_accuracy,20,ridge_source_features,prediction_norm,0.0004070174663669411,237
frangieh_melanoma_control,frangieh_melanoma_coculture,frangieh_melanoma_ifng,systema_centroid_accuracy,20,ridge_source_features,prediction_sparsity,0.0022843346381399084,237
frangieh_melanoma_control,frangieh_melanoma_coculture,frangieh_melanoma_ifng,systema_centroid_accuracy,20,ridge_source_features,prediction_concentration,-0.0009433182930846749,237
frangieh_melanoma_control,frangieh_melanoma_coculture,frangieh_melanoma_ifng,systema_centroid_accuracy,40,source_u_only,uq_cosine_disagreement,-0.002167997234018158,225
frangieh_melanoma_control,frangieh_melanoma_coculture,frangieh_melanoma_ifng,systema_centroid_accuracy,40,ridge_source_features,uq_mean_gene_variance,-0.009058601151580805,225
frangieh_melanoma_control,frangieh_melanoma_coculture,frangieh_melanoma_ifng,systema_centroid_accuracy,40,ridge_source_features,uq_cosine_disagreement,-0.001158618438137799,225
frangieh_melanoma_control,frangieh_melanoma_coculture,frangieh_melanoma_ifng,systema_centroid_accuracy,40,ridge_source_features,uq_effect_norm_variance,0.014230570233982156,225
frangieh_melanoma_control,frangieh_melanoma_coculture,frangieh_melanoma_ifng,systema_centroid_accuracy,40,ridge_source_features,prediction_norm,-0.005923510376651752,225
frangieh_melanoma_control,frangieh_melanoma_coculture,frangieh_melanoma_ifng,systema_centroid_accuracy,40,ridge_source_features,prediction_sparsity,0.002049957098611382,225
frangieh_melanoma_control,frangieh_melanoma_coculture,frangieh_melanoma_ifng,systema_centroid_accuracy,40,ridge_source_features,prediction_concentration,-0.006047620752129822,225
frangieh_melanoma_control,frangieh_melanoma_coculture,frangieh_melanoma_ifng,systema_centroid_accuracy,80,source_u_only,uq_cosine_disagreement,0.0021447937978448296,209
frangieh_melanoma_control,frangieh_melanoma_coculture,frangieh_melanoma_ifng,systema_centroid_accuracy,80,ridge_source_features,uq_mean_gene_variance,-0.010030222425384944,209
frangieh_melanoma_control,frangieh_melanoma_coculture,frangieh_melanoma_ifng,systema_centroid_accuracy,80,ridge_source_features,uq_cosine_disagreement,0.0026049598850693603,209
frangieh_melanoma_control,frangieh_melanoma_coculture,frangieh_melanoma_ifng,systema_centroid_accuracy,80,ridge_source_features,uq_effect_norm_variance,0.015201276450770115,209
frangieh_melanoma_control,frangieh_melanoma_coculture,frangieh_melanoma_ifng,systema_centroid_accuracy,80,ridge_source_features,prediction_norm,0.0014542748744235156,209
frangieh_melanoma_control,frangieh_melanoma_coculture,frangieh_melanoma_ifng,systema_centroid_accuracy,80,ridge_source_features,prediction_sparsity,-0.002309790916632192,209
frangieh_melanoma_control,frangieh_melanoma_coculture,frangieh_melanoma_ifng,systema_centroid_accuracy,80,ridge_source_features,prediction_concentration,-0.006020973042978583,209
frangieh_melanoma_control,frangieh_melanoma_coculture,frangieh_melanoma_ifng,systema_centroid_accuracy,160,source_u_only,uq_cosine_disagreement,0.004550717972081569,186
frangieh_melanoma_control,frangieh_melanoma_coculture,frangieh_melanoma_ifng,systema_centroid_accuracy,160,ridge_source_features,uq_mean_gene_variance,0.008517963246702853,186
frangieh_melanoma_control,frangieh_melanoma_coculture,frangieh_melanoma_ifng,systema_centroid_accuracy,160,ridge_source_features,uq_cosine_disagreement,-0.003992603410160008,186
frangieh_melanoma_control,frangieh_melanoma_coculture,frangieh_melanoma_ifng,systema_centroid_accuracy,160,ridge_source_features,uq_effect_norm_variance,0.0005872933436246819,186
frangieh_melanoma_control,frangieh_melanoma_coculture,frangieh_melanoma_ifng,systema_centroid_accuracy,160,ridge_source_features,prediction_norm,0.003139767836867812,186
frangieh_melanoma_control,frangieh_melanoma_coculture,frangieh_melanoma_ifng,systema_centroid_accuracy,160,ridge_source_features,prediction_sparsity,-0.002297945691045988,186
frangieh_melanoma_control,frangieh_melanoma_coculture,frangieh_melanoma_ifng,systema_centroid_accuracy,160,ridge_source_features,prediction_concentration,-0.0005083439265166945,186
frangieh_melanoma_control,frangieh_melanoma_coculture,frangieh_melanoma_ifng,systema_centroid_accuracy,full,source_u_only,uq_cosine_disagreement,4.754476835745165e-05,243
frangieh_melanoma_control,frangieh_melanoma_coculture,frangieh_melanoma_ifng,systema_centroid_accuracy,full,ridge_source_features,uq_mean_gene_variance,0.009656064869900751,243
frangieh_melanoma_control,frangieh_melanoma_coculture,frangieh_melanoma_ifng,systema_centroid_accuracy,full,ridge_source_features,uq_cosine_disagreement,-0.02848982600582986,243
frangieh_melanoma_control,frangieh_melanoma_coculture,frangieh_melanoma_ifng,systema_centroid_accuracy,full,ridge_source_features,uq_effect_norm_variance,0.0033562767873102557,243
frangieh_melanoma_control,frangieh_melanoma_coculture,frangieh_melanoma_ifng,systema_centroid_accuracy,full,ridge_source_features,prediction_norm,-0.0002014112382283206,243
frangieh_melanoma_control,frangieh_melanoma_coculture,frangieh_melanoma_ifng,systema_centroid_accuracy,full,ridge_source_features,prediction_sparsity,-0.00046691787010963063,243
frangieh_melanoma_control,frangieh_melanoma_coculture,frangieh_melanoma_ifng,systema_centroid_accuracy,full,ridge_source_features,prediction_concentration,0.01655332433145063,243
frangieh_melanoma_control,frangieh_melanoma_control,frangieh_melanoma_coculture,absolute_effect_rank_agreement,10,source_u_only,uq_cosine_disagreement,0.0005075580305095087,243
frangieh_melanoma_control,frangieh_melanoma_control,frangieh_melanoma_coculture,absolute_effect_rank_agreement,10,ridge_source_features,uq_mean_gene_variance,-0.0037628598066787853,243
frangieh_melanoma_control,frangieh_melanoma_control,frangieh_melanoma_coculture,absolute_effect_rank_agreement,10,ridge_source_features,uq_cosine_disagreement,0.006962944529815822,243
frangieh_melanoma_control,frangieh_melanoma_control,frangieh_melanoma_coculture,absolute_effect_rank_agreement,10,ridge_source_features,uq_effect_norm_variance,-0.002109899632163959,243
frangieh_melanoma_control,frangieh_melanoma_control,frangieh_melanoma_coculture,absolute_effect_rank_agreement,10,ridge_source_features,prediction_norm,0.00012439299703339955,243
frangieh_melanoma_control,frangieh_melanoma_control,frangieh_melanoma_coculture,absolute_effect_rank_agreement,10,ridge_source_features,prediction_sparsity,0.003977335488000279,243
frangieh_melanoma_control,frangieh_melanoma_control,frangieh_melanoma_coculture,absolute_effect_rank_agreement,10,ridge_source_features,prediction_concentration,-0.0005895007227348279,243
frangieh_melanoma_control,frangieh_melanoma_control,frangieh_melanoma_coculture,absolute_effect_rank_agreement,20,source_u_only,uq_cosine_disagreement,-0.0026172587990361965,234
frangieh_melanoma_control,frangieh_melanoma_control,frangieh_melanoma_coculture,absolute_effect_rank_agreement,20,ridge_source_features,uq_mean_gene_variance,-0.0014134434399510904,234
frangieh_melanoma_control,frangieh_melanoma_control,frangieh_melanoma_coculture,absolute_effect_rank_agreement,20,ridge_source_features,uq_cosine_disagreement,0.003164212344667704,234
frangieh_melanoma_control,frangieh_melanoma_control,frangieh_melanoma_coculture,absolute_effect_rank_agreement,20,ridge_source_features,uq_effect_norm_variance,-0.01312739266715582,234
frangieh_melanoma_control,frangieh_melanoma_control,frangieh_melanoma_coculture,absolute_effect_rank_agreement,20,ridge_source_features,prediction_norm,-0.0005420734220122681,234
frangieh_melanoma_control,frangieh_melanoma_control,frangieh_melanoma_coculture,absolute_effect_rank_agreement,20,ridge_source_features,prediction_sparsity,-0.0005799625997594123,234
frangieh_melanoma_control,frangieh_melanoma_control,frangieh_melanoma_coculture,absolute_effect_rank_agreement,20,ridge_source_features,prediction_concentration,0.008671001401093342,234
frangieh_melanoma_control,frangieh_melanoma_control,frangieh_melanoma_coculture,absolute_effect_rank_agreement,40,source_u_only,uq_cosine_disagreement,-0.004674452979270906,223
frangieh_melanoma_control,frangieh_melanoma_control,frangieh_melanoma_coculture,absolute_effect_rank_agreement,40,ridge_source_features,uq_mean_gene_variance,0.0022792221370389163,223
frangieh_melanoma_control,frangieh_melanoma_control,frangieh_melanoma_coculture,absolute_effect_rank_agreement,40,ridge_source_features,uq_cosine_disagreement,0.004048499405400747,223
frangieh_melanoma_control,frangieh_melanoma_control,frangieh_melanoma_coculture,absolute_effect_rank_agreement,40,ridge_source_features,uq_effect_norm_variance,-0.01085664372147084,223
frangieh_melanoma_control,frangieh_melanoma_control,frangieh_melanoma_coculture,absolute_effect_rank_agreement,40,ridge_source_features,prediction_norm,-0.001636283864990691,223
frangieh_melanoma_control,frangieh_melanoma_control,frangieh_melanoma_coculture,absolute_effect_rank_agreement,40,ridge_source_features,prediction_sparsity,-0.0028790855893726305,223
frangieh_melanoma_control,frangieh_melanoma_control,frangieh_melanoma_coculture,absolute_effect_rank_agreement,40,ridge_source_features,prediction_concentration,-0.00049125219849221,223
frangieh_melanoma_control,frangieh_melanoma_control,frangieh_melanoma_coculture,absolute_effect_rank_agreement,80,source_u_only,uq_cosine_disagreement,-0.006314582702059871,207
frangieh_melanoma_control,frangieh_melanoma_control,frangieh_melanoma_coculture,absolute_effect_rank_agreement,80,ridge_source_features,uq_mean_gene_variance,0.005043495842671357,207
frangieh_melanoma_control,frangieh_melanoma_control,frangieh_melanoma_coculture,absolute_effect_rank_agreement,80,ridge_source_features,uq_cosine_disagreement,-0.0008857928547493116,207
frangieh_melanoma_control,frangieh_melanoma_control,frangieh_melanoma_coculture,absolute_effect_rank_agreement,80,ridge_source_features,uq_effect_norm_variance,-0.007901337991854152,207
frangieh_melanoma_control,frangieh_melanoma_control,frangieh_melanoma_coculture,absolute_effect_rank_agreement,80,ridge_source_features,prediction_norm,-0.003609984518520599,207
frangieh_melanoma_control,frangieh_melanoma_control,frangieh_melanoma_coculture,absolute_effect_rank_agreement,80,ridge_source_features,prediction_sparsity,-0.0004054819244149716,207
frangieh_melanoma_control,frangieh_melanoma_control,frangieh_melanoma_coculture,absolute_effect_rank_agreement,80,ridge_source_features,prediction_concentration,-0.0025708541324569742,207
frangieh_melanoma_control,frangieh_melanoma_control,frangieh_melanoma_coculture,absolute_effect_rank_agreement,160,source_u_only,uq_cosine_disagreement,-0.00412748299664753,139
frangieh_melanoma_control,frangieh_melanoma_control,frangieh_melanoma_coculture,absolute_effect_rank_agreement,160,ridge_source_features,uq_mean_gene_variance,0.008810761303226245,139
frangieh_melanoma_control,frangieh_melanoma_control,frangieh_melanoma_coculture,absolute_effect_rank_agreement,160,ridge_source_features,uq_cosine_disagreement,0.00440335606213404,139
frangieh_melanoma_control,frangieh_melanoma_control,frangieh_melanoma_coculture,absolute_effect_rank_agreement,160,ridge_source_features,uq_effect_norm_variance,-0.03433037342502431,139
frangieh_melanoma_control,frangieh_melanoma_control,frangieh_melanoma_coculture,absolute_effect_rank_agreement,160,ridge_source_features,prediction_norm,-0.009076744873940903,139
frangieh_melanoma_control,frangieh_melanoma_control,frangieh_melanoma_coculture,absolute_effect_rank_agreement,160,ridge_source_features,prediction_sparsity,-0.0014680877223256744,139
frangieh_melanoma_control,frangieh_melanoma_control,frangieh_melanoma_coculture,absolute_effect_rank_agreement,160,ridge_source_features,prediction_concentration,0.017388430602422584,139
frangieh_melanoma_control,frangieh_melanoma_control,frangieh_melanoma_coculture,absolute_effect_rank_agreement,full,source_u_only,uq_cosine_disagreement,-0.003405550460831209,243
frangieh_melanoma_control,frangieh_melanoma_control,frangieh_melanoma_coculture,absolute_effect_rank_agreement,full,ridge_source_features,uq_mean_gene_variance,0.011421637634015309,243
frangieh_melanoma_control,frangieh_melanoma_control,frangieh_melanoma_coculture,absolute_effect_rank_agreement,full,ridge_source_features,uq_cosine_disagreement,0.004485159557100996,243
frangieh_melanoma_control,frangieh_melanoma_control,frangieh_melanoma_coculture,absolute_effect_rank_agreement,full,ridge_source_features,uq_effect_norm_variance,-0.03668940830581332,243
frangieh_melanoma_control,frangieh_melanoma_control,frangieh_melanoma_coculture,absolute_effect_rank_agreement,full,ridge_source_features,prediction_norm,0.006605542074988706,243
frangieh_melanoma_control,frangieh_melanoma_control,frangieh_melanoma_coculture,absolute_effect_rank_agreement,full,ridge_source_features,prediction_sparsity,-0.0035773275093296565,243
frangieh_melanoma_control,frangieh_melanoma_control,frangieh_melanoma_coculture,absolute_effect_rank_agreement,full,ridge_source_features,prediction_concentration,0.017120140274420048,243
frangieh_melanoma_control,frangieh_melanoma_control,frangieh_melanoma_coculture,delta_cosine,10,source_u_only,uq_cosine_disagreement,0.0018024488760556173,243
frangieh_melanoma_control,frangieh_melanoma_control,frangieh_melanoma_coculture,delta_cosine,10,ridge_source_features,uq_mean_gene_variance,-0.0032086986260479572,243
frangieh_melanoma_control,frangieh_melanoma_control,frangieh_melanoma_coculture,delta_cosine,10,ridge_source_features,uq_cosine_disagreement,0.0011385686087664363,243
frangieh_melanoma_control,frangieh_melanoma_control,frangieh_melanoma_coculture,delta_cosine,10,ridge_source_features,uq_effect_norm_variance,0.0056881011064292145,243
frangieh_melanoma_control,frangieh_melanoma_control,frangieh_melanoma_coculture,delta_cosine,10,ridge_source_features,prediction_norm,-0.0013461969642954085,243
frangieh_melanoma_control,frangieh_melanoma_control,frangieh_melanoma_coculture,delta_cosine,10,ridge_source_features,prediction_sparsity,0.00158440373305146,243
frangieh_melanoma_control,frangieh_melanoma_control,frangieh_melanoma_coculture,delta_cosine,10,ridge_source_features,prediction_concentration,-0.0017308693573311192,243
frangieh_melanoma_control,frangieh_melanoma_control,frangieh_melanoma_coculture,delta_cosine,20,source_u_only,uq_cosine_disagreement,0.004888921430322783,234
frangieh_melanoma_control,frangieh_melanoma_control,frangieh_melanoma_coculture,delta_cosine,20,ridge_source_features,uq_mean_gene_variance,0.0028500923691635155,234
frangieh_melanoma_control,frangieh_melanoma_control,frangieh_melanoma_coculture,delta_cosine,20,ridge_source_features,uq_cosine_disagreement,-0.0024017009010183317,234
frangieh_melanoma_control,frangieh_melanoma_control,frangieh_melanoma_coculture,delta_cosine,20,ridge_source_features,uq_effect_norm_variance,6.06587128438012e-05,234
frangieh_melanoma_control,frangieh_melanoma_control,frangieh_melanoma_coculture,delta_cosine,20,ridge_source_features,prediction_norm,0.004633576013424901,234
frangieh_melanoma_control,frangieh_melanoma_control,frangieh_melanoma_coculture,delta_cosine,20,ridge_source_features,prediction_sparsity,0.0015627020502404503,234
frangieh_melanoma_control,frangieh_melanoma_control,frangieh_melanoma_coculture,delta_cosine,20,ridge_source_features,prediction_concentration,0.0046171185531055075,234
frangieh_melanoma_control,frangieh_melanoma_control,frangieh_melanoma_coculture,delta_cosine,40,source_u_only,uq_cosine_disagreement,-0.005314250949910993,223
frangieh_melanoma_control,frangieh_melanoma_control,frangieh_melanoma_coculture,delta_cosine,40,ridge_source_features,uq_mean_gene_variance,-0.0004172060852835741,223
frangieh_melanoma_control,frangieh_melanoma_control,frangieh_melanoma_coculture,delta_cosine,40,ridge_source_features,uq_cosine_disagreement,-0.01383064800186515,223
frangieh_melanoma_control,frangieh_melanoma_control,frangieh_melanoma_coculture,delta_cosine,40,ridge_source_features,uq_effect_norm_variance,0.01274791056804332,223
frangieh_melanoma_control,frangieh_melanoma_control,frangieh_melanoma_coculture,delta_cosine,40,ridge_source_features,prediction_norm,0.0054807203166661435,223
frangieh_melanoma_control,frangieh_melanoma_control,frangieh_melanoma_coculture,delta_cosine,40,ridge_source_features,prediction_sparsity,0.0027170950446231894,223
frangieh_melanoma_control,frangieh_melanoma_control,frangieh_melanoma_coculture,delta_cosine,40,ridge_source_features,prediction_concentration,-0.003632539552967893,223
frangieh_melanoma_control,frangieh_melanoma_control,frangieh_melanoma_coculture,delta_cosine,80,source_u_only,uq_cosine_disagreement,-0.003290456472615579,207
frangieh_melanoma_control,frangieh_melanoma_control,frangieh_melanoma_coculture,delta_cosine,80,ridge_source_features,uq_mean_gene_variance,0.0031457940358708665,207
frangieh_melanoma_control,frangieh_melanoma_control,frangieh_melanoma_coculture,delta_cosine,80,ridge_source_features,uq_cosine_disagreement,-0.03208325478105157,207
frangieh_melanoma_control,frangieh_melanoma_control,frangieh_melanoma_coculture,delta_cosine,80,ridge_source_features,uq_effect_norm_variance,0.011235203256077606,207
frangieh_melanoma_control,frangieh_melanoma_control,frangieh_melanoma_coculture,delta_cosine,80,ridge_source_features,prediction_norm,0.004012270424614043,207
frangieh_melanoma_control,frangieh_melanoma_control,frangieh_melanoma_coculture,delta_cosine,80,ridge_source_features,prediction_sparsity,0.004792660859985939,207
frangieh_melanoma_control,frangieh_melanoma_control,frangieh_melanoma_coculture,delta_cosine,80,ridge_source_features,prediction_concentration,0.015433749456260509,207
frangieh_melanoma_control,frangieh_melanoma_control,frangieh_melanoma_coculture,delta_cosine,160,source_u_only,uq_cosine_disagreement,-0.01011063213432179,139
frangieh_melanoma_control,frangieh_melanoma_control,frangieh_melanoma_coculture,delta_cosine,160,ridge_source_features,uq_mean_gene_variance,0.03283382230350203,139
frangieh_melanoma_control,frangieh_melanoma_control,frangieh_melanoma_coculture,delta_cosine,160,ridge_source_features,uq_cosine_disagreement,-0.04981033462827941,139
frangieh_melanoma_control,frangieh_melanoma_control,frangieh_melanoma_coculture,delta_cosine,160,ridge_source_features,uq_effect_norm_variance,-0.02436047900739872,139
frangieh_melanoma_control,frangieh_melanoma_control,frangieh_melanoma_coculture,delta_cosine,160,ridge_source_features,prediction_norm,0.004641300997419532,139
frangieh_melanoma_control,frangieh_melanoma_control,frangieh_melanoma_coculture,delta_cosine,160,ridge_source_features,prediction_sparsity,0.006749871047802698,139
frangieh_melanoma_control,frangieh_melanoma_control,frangieh_melanoma_coculture,delta_cosine,160,ridge_source_features,prediction_concentration,0.032997269967248326,139
frangieh_melanoma_control,frangieh_melanoma_control,frangieh_melanoma_coculture,delta_cosine,full,source_u_only,uq_cosine_disagreement,-1.7014515675875943e-05,243
frangieh_melanoma_control,frangieh_melanoma_control,frangieh_melanoma_coculture,delta_cosine,full,ridge_source_features,uq_mean_gene_variance,1.0672614065222823e-05,243
frangieh_melanoma_control,frangieh_melanoma_control,frangieh_melanoma_coculture,delta_cosine,full,ridge_source_features,uq_cosine_disagreement,-0.021729639037689017,243
frangieh_melanoma_control,frangieh_melanoma_control,frangieh_melanoma_coculture,delta_cosine,full,ridge_source_features,uq_effect_norm_variance,-0.001031659816640084,243
frangieh_melanoma_control,frangieh_melanoma_control,frangieh_melanoma_coculture,delta_cosine,full,ridge_source_features,prediction_norm,0.003842703710756114,243
frangieh_melanoma_control,frangieh_melanoma_control,frangieh_melanoma_coculture,delta_cosine,full,ridge_source_features,prediction_sparsity,0.0027285589664558752,243
frangieh_melanoma_control,frangieh_melanoma_control,frangieh_melanoma_coculture,delta_cosine,full,ridge_source_features,prediction_concentration,0.023655655811725903,243
frangieh_melanoma_control,frangieh_melanoma_control,frangieh_melanoma_coculture,systema_centroid_accuracy,10,source_u_only,uq_cosine_disagreement,-0.001340869530857672,243
frangieh_melanoma_control,frangieh_melanoma_control,frangieh_melanoma_coculture,systema_centroid_accuracy,10,ridge_source_features,uq_mean_gene_variance,-0.008851065182474716,243
frangieh_melanoma_control,frangieh_melanoma_control,frangieh_melanoma_coculture,systema_centroid_accuracy,10,ridge_source_features,uq_cosine_disagreement,0.012553436639421219,243
frangieh_melanoma_control,frangieh_melanoma_control,frangieh_melanoma_coculture,systema_centroid_accuracy,10,ridge_source_features,uq_effect_norm_variance,0.020424278153226824,243
frangieh_melanoma_control,frangieh_melanoma_control,frangieh_melanoma_coculture,systema_centroid_accuracy,10,ridge_source_features,prediction_norm,-0.002771619924167112,243
frangieh_melanoma_control,frangieh_melanoma_control,frangieh_melanoma_coculture,systema_centroid_accuracy,10,ridge_source_features,prediction_sparsity,0.0012745201362374746,243
frangieh_melanoma_control,frangieh_melanoma_control,frangieh_melanoma_coculture,systema_centroid_accuracy,10,ridge_source_features,prediction_concentration,-0.026091731453762985,243
frangieh_melanoma_control,frangieh_melanoma_control,frangieh_melanoma_coculture,systema_centroid_accuracy,20,source_u_only,uq_cosine_disagreement,-0.0020821062268860813,234
frangieh_melanoma_control,frangieh_melanoma_control,frangieh_melanoma_coculture,systema_centroid_accuracy,20,ridge_source_features,uq_mean_gene_variance,-0.01590282214160947,234
frangieh_melanoma_control,frangieh_melanoma_control,frangieh_melanoma_coculture,systema_centroid_accuracy,20,ridge_source_features,uq_cosine_disagreement,0.015078328061501906,234
frangieh_melanoma_control,frangieh_melanoma_control,frangieh_melanoma_coculture,systema_centroid_accuracy,20,ridge_source_features,uq_effect_norm_variance,0.01737890388982831,234
frangieh_melanoma_control,frangieh_melanoma_control,frangieh_melanoma_coculture,systema_centroid_accuracy,20,ridge_source_features,prediction_norm,-0.0044559704818490885,234
frangieh_melanoma_control,frangieh_melanoma_control,frangieh_melanoma_coculture,systema_centroid_accuracy,20,ridge_source_features,prediction_sparsity,0.0024677471536326614,234
frangieh_melanoma_control,frangieh_melanoma_control,frangieh_melanoma_coculture,systema_centroid_accuracy,20,ridge_source_features,prediction_concentration,-0.019248711684635496,234
frangieh_melanoma_control,frangieh_melanoma_control,frangieh_melanoma_coculture,systema_centroid_accuracy,40,source_u_only,uq_cosine_disagreement,-0.006993714944002181,223
frangieh_melanoma_control,frangieh_melanoma_control,frangieh_melanoma_coculture,systema_centroid_accuracy,40,ridge_source_features,uq_mean_gene_variance,-0.0012646331202525386,223
frangieh_melanoma_control,frangieh_melanoma_control,frangieh_melanoma_coculture,systema_centroid_accuracy,40,ridge_source_features,uq_cosine_disagreement,0.007197792264576394,223
frangieh_melanoma_control,frangieh_melanoma_control,frangieh_melanoma_coculture,systema_centroid_accuracy,40,ridge_source_features,uq_effect_norm_variance,-0.01181262402013587,223
frangieh_melanoma_control,frangieh_melanoma_control,frangieh_melanoma_coculture,systema_centroid_accuracy,40,ridge_source_features,prediction_norm,-0.005579422066978338,223
frangieh_melanoma_control,frangieh_melanoma_control,frangieh_melanoma_coculture,systema_centroid_accuracy,40,ridge_source_features,prediction_sparsity,0.0015747809772160087,223
frangieh_melanoma_control,frangieh_melanoma_control,frangieh_melanoma_coculture,systema_centroid_accuracy,40,ridge_source_features,prediction_concentration,-0.0012932416274231953,223
frangieh_melanoma_control,frangieh_melanoma_control,frangieh_melanoma_coculture,systema_centroid_accuracy,80,source_u_only,uq_cosine_disagreement,0.00043963990845717746,207
frangieh_melanoma_control,frangieh_melanoma_control,frangieh_melanoma_coculture,systema_centroid_accuracy,80,ridge_source_features,uq_mean_gene_variance,-0.007387966288693381,207
frangieh_melanoma_control,frangieh_melanoma_control,frangieh_melanoma_coculture,systema_centroid_accuracy,80,ridge_source_features,uq_cosine_disagreement,0.021830599839766613,207
frangieh_melanoma_control,frangieh_melanoma_control,frangieh_melanoma_coculture,systema_centroid_accuracy,80,ridge_source_features,uq_effect_norm_variance,0.00664597482640816,207
frangieh_melanoma_control,frangieh_melanoma_control,frangieh_melanoma_coculture,systema_centroid_accuracy,80,ridge_source_features,prediction_norm,-0.004131786003402969,207
frangieh_melanoma_control,frangieh_melanoma_control,frangieh_melanoma_coculture,systema_centroid_accuracy,80,ridge_source_features,prediction_sparsity,-0.0015365191932528441,207
frangieh_melanoma_control,frangieh_melanoma_control,frangieh_melanoma_coculture,systema_centroid_accuracy,80,ridge_source_features,prediction_concentration,-0.021451781395934344,207
frangieh_melanoma_control,frangieh_melanoma_control,frangieh_melanoma_coculture,systema_centroid_accuracy,160,source_u_only,uq_cosine_disagreement,0.00080872122030077,139
frangieh_melanoma_control,frangieh_melanoma_control,frangieh_melanoma_coculture,systema_centroid_accuracy,160,ridge_source_features,uq_mean_gene_variance,-0.01714252810589564,139
frangieh_melanoma_control,frangieh_melanoma_control,frangieh_melanoma_coculture,systema_centroid_accuracy,160,ridge_source_features,uq_cosine_disagreement,0.03761767578475827,139
frangieh_melanoma_control,frangieh_melanoma_control,frangieh_melanoma_coculture,systema_centroid_accuracy,160,ridge_source_features,uq_effect_norm_variance,0.010044777409626162,139
frangieh_melanoma_control,frangieh_melanoma_control,frangieh_melanoma_coculture,systema_centroid_accuracy,160,ridge_source_features,prediction_norm,-0.006635621906173014,139
frangieh_melanoma_control,frangieh_melanoma_control,frangieh_melanoma_coculture,systema_centroid_accuracy,160,ridge_source_features,prediction_sparsity,-0.005534749890660853,139
frangieh_melanoma_control,frangieh_melanoma_control,frangieh_melanoma_coculture,systema_centroid_accuracy,160,ridge_source_features,prediction_concentration,-0.031085787704331416,139
frangieh_melanoma_control,frangieh_melanoma_control,frangieh_melanoma_coculture,systema_centroid_accuracy,full,source_u_only,uq_cosine_disagreement,-5.142376875302983e-05,243
frangieh_melanoma_control,frangieh_melanoma_control,frangieh_melanoma_coculture,systema_centroid_accuracy,full,ridge_source_features,uq_mean_gene_variance,0.0018198671095485577,243
frangieh_melanoma_control,frangieh_melanoma_control,frangieh_melanoma_coculture,systema_centroid_accuracy,full,ridge_source_features,uq_cosine_disagreement,-0.0008045664778870299,243
frangieh_melanoma_control,frangieh_melanoma_control,frangieh_melanoma_coculture,systema_centroid_accuracy,full,ridge_source_features,uq_effect_norm_variance,-0.013808533388969264,243
frangieh_melanoma_control,frangieh_melanoma_control,frangieh_melanoma_coculture,systema_centroid_accuracy,full,ridge_source_features,prediction_norm,-0.0006893919643365752,243
frangieh_melanoma_control,frangieh_melanoma_control,frangieh_melanoma_coculture,systema_centroid_accuracy,full,ridge_source_features,prediction_sparsity,0.005223269495125001,243
frangieh_melanoma_control,frangieh_melanoma_control,frangieh_melanoma_coculture,systema_centroid_accuracy,full,ridge_source_features,prediction_concentration,0.013220986218208584,243
frangieh_melanoma_control,frangieh_melanoma_control,frangieh_melanoma_ifng,absolute_effect_rank_agreement,10,source_u_only,uq_cosine_disagreement,-7.277421324437095e-05,243
frangieh_melanoma_control,frangieh_melanoma_control,frangieh_melanoma_ifng,absolute_effect_rank_agreement,10,ridge_source_features,uq_mean_gene_variance,4.1718943214068796e-05,243
frangieh_melanoma_control,frangieh_melanoma_control,frangieh_melanoma_ifng,absolute_effect_rank_agreement,10,ridge_source_features,uq_cosine_disagreement,0.00012260850376810925,243
frangieh_melanoma_control,frangieh_melanoma_control,frangieh_melanoma_ifng,absolute_effect_rank_agreement,10,ridge_source_features,uq_effect_norm_variance,0.001105876332873403,243
frangieh_melanoma_control,frangieh_melanoma_control,frangieh_melanoma_ifng,absolute_effect_rank_agreement,10,ridge_source_features,prediction_norm,-0.0021350774195070476,243
frangieh_melanoma_control,frangieh_melanoma_control,frangieh_melanoma_ifng,absolute_effect_rank_agreement,10,ridge_source_features,prediction_sparsity,0.0005871309321150618,243
frangieh_melanoma_control,frangieh_melanoma_control,frangieh_melanoma_ifng,absolute_effect_rank_agreement,10,ridge_source_features,prediction_concentration,-0.0012843289676191792,243
frangieh_melanoma_control,frangieh_melanoma_control,frangieh_melanoma_ifng,absolute_effect_rank_agreement,20,source_u_only,uq_cosine_disagreement,-0.00027386762879509364,235
frangieh_melanoma_control,frangieh_melanoma_control,frangieh_melanoma_ifng,absolute_effect_rank_agreement,20,ridge_source_features,uq_mean_gene_variance,-0.00303270395681341,235
frangieh_melanoma_control,frangieh_melanoma_control,frangieh_melanoma_ifng,absolute_effect_rank_agreement,20,ridge_source_features,uq_cosine_disagreement,0.0131832295721678,235
frangieh_melanoma_control,frangieh_melanoma_control,frangieh_melanoma_ifng,absolute_effect_rank_agreement,20,ridge_source_features,uq_effect_norm_variance,-0.011397383734058322,235
frangieh_melanoma_control,frangieh_melanoma_control,frangieh_melanoma_ifng,absolute_effect_rank_agreement,20,ridge_source_features,prediction_norm,0.002362446376500507,235
frangieh_melanoma_control,frangieh_melanoma_control,frangieh_melanoma_ifng,absolute_effect_rank_agreement,20,ridge_source_features,prediction_sparsity,-0.001021356889925797,235
frangieh_melanoma_control,frangieh_melanoma_control,frangieh_melanoma_ifng,absolute_effect_rank_agreement,20,ridge_source_features,prediction_concentration,0.00044537636214238985,235
frangieh_melanoma_control,frangieh_melanoma_control,frangieh_melanoma_ifng,absolute_effect_rank_agreement,40,source_u_only,uq_cosine_disagreement,-0.006004216992716066,226
frangieh_melanoma_control,frangieh_melanoma_control,frangieh_melanoma_ifng,absolute_effect_rank_agreement,40,ridge_source_features,uq_mean_gene_variance,0.0012579808782723554,226
frangieh_melanoma_control,frangieh_melanoma_control,frangieh_melanoma_ifng,absolute_effect_rank_agreement,40,ridge_source_features,uq_cosine_disagreement,-0.008827498206515566,226
frangieh_melanoma_control,frangieh_melanoma_control,frangieh_melanoma_ifng,absolute_effect_rank_agreement,40,ridge_source_features,uq_effect_norm_variance,0.003971467458405498,226
frangieh_melanoma_control,frangieh_melanoma_control,frangieh_melanoma_ifng,absolute_effect_rank_agreement,40,ridge_source_features,prediction_norm,-0.0008636120550723935,226
frangieh_melanoma_control,frangieh_melanoma_control,frangieh_melanoma_ifng,absolute_effect_rank_agreement,40,ridge_source_features,prediction_sparsity,-0.001410822833408664,226
frangieh_melanoma_control,frangieh_melanoma_control,frangieh_melanoma_ifng,absolute_effect_rank_agreement,40,ridge_source_features,prediction_concentration,-0.0023896166867418116,226
frangieh_melanoma_control,frangieh_melanoma_control,frangieh_melanoma_ifng,absolute_effect_rank_agreement,80,source_u_only,uq_cosine_disagreement,-0.003444597654708611,208
frangieh_melanoma_control,frangieh_melanoma_control,frangieh_melanoma_ifng,absolute_effect_rank_agreement,80,ridge_source_features,uq_mean_gene_variance,0.009499866631380388,208
frangieh_melanoma_control,frangieh_melanoma_control,frangieh_melanoma_ifng,absolute_effect_rank_agreement,80,ridge_source_features,uq_cosine_disagreement,0.00994528735908097,208
frangieh_melanoma_control,frangieh_melanoma_control,frangieh_melanoma_ifng,absolute_effect_rank_agreement,80,ridge_source_features,uq_effect_norm_variance,-0.03194530721313509,208
frangieh_melanoma_control,frangieh_melanoma_control,frangieh_melanoma_ifng,absolute_effect_rank_agreement,80,ridge_source_features,prediction_norm,-0.0006319995936985977,208
frangieh_melanoma_control,frangieh_melanoma_control,frangieh_melanoma_ifng,absolute_effect_rank_agreement,80,ridge_source_features,prediction_sparsity,-0.0012906283970625548,208
frangieh_melanoma_control,frangieh_melanoma_control,frangieh_melanoma_ifng,absolute_effect_rank_agreement,80,ridge_source_features,prediction_concentration,0.008936070522208,208
frangieh_melanoma_control,frangieh_melanoma_control,frangieh_melanoma_ifng,absolute_effect_rank_agreement,160,source_u_only,uq_cosine_disagreement,-0.003644935338525743,139
frangieh_melanoma_control,frangieh_melanoma_control,frangieh_melanoma_ifng,absolute_effect_rank_agreement,160,ridge_source_features,uq_mean_gene_variance,0.006164548739335929,139
frangieh_melanoma_control,frangieh_melanoma_control,frangieh_melanoma_ifng,absolute_effect_rank_agreement,160,ridge_source_features,uq_cosine_disagreement,-0.01614283750824938,139
frangieh_melanoma_control,frangieh_melanoma_control,frangieh_melanoma_ifng,absolute_effect_rank_agreement,160,ridge_source_features,uq_effect_norm_variance,-0.00320375654900139,139
frangieh_melanoma_control,frangieh_melanoma_control,frangieh_melanoma_ifng,absolute_effect_rank_agreement,160,ridge_source_features,prediction_norm,-0.00632500959933466,139
frangieh_melanoma_control,frangieh_melanoma_control,frangieh_melanoma_ifng,absolute_effect_rank_agreement,160,ridge_source_features,prediction_sparsity,0.005488503637902418,139
frangieh_melanoma_control,frangieh_melanoma_control,frangieh_melanoma_ifng,absolute_effect_rank_agreement,160,ridge_source_features,prediction_concentration,0.010597569028666732,139
frangieh_melanoma_control,frangieh_melanoma_control,frangieh_melanoma_ifng,absolute_effect_rank_agreement,full,source_u_only,uq_cosine_disagreement,-0.0034922723025507837,243
frangieh_melanoma_control,frangieh_melanoma_control,frangieh_melanoma_ifng,absolute_effect_rank_agreement,full,ridge_source_features,uq_mean_gene_variance,0.007994988529381672,243
frangieh_melanoma_control,frangieh_melanoma_control,frangieh_melanoma_ifng,absolute_effect_rank_agreement,full,ridge_source_features,uq_cosine_disagreement,0.008023876493108954,243
frangieh_melanoma_control,frangieh_melanoma_control,frangieh_melanoma_ifng,absolute_effect_rank_agreement,full,ridge_source_features,uq_effect_norm_variance,-0.023909594103537067,243
frangieh_melanoma_control,frangieh_melanoma_control,frangieh_melanoma_ifng,absolute_effect_rank_agreement,full,ridge_source_features,prediction_norm,-0.00013937625948519093,243
frangieh_melanoma_control,frangieh_melanoma_control,frangieh_melanoma_ifng,absolute_effect_rank_agreement,full,ridge_source_features,prediction_sparsity,-0.003039409265222803,243
frangieh_melanoma_control,frangieh_melanoma_control,frangieh_melanoma_ifng,absolute_effect_rank_agreement,full,ridge_source_features,prediction_concentration,0.004041570006245152,243
frangieh_melanoma_control,frangieh_melanoma_control,frangieh_melanoma_ifng,delta_cosine,10,source_u_only,uq_cosine_disagreement,0.0010245147934922478,243
frangieh_melanoma_control,frangieh_melanoma_control,frangieh_melanoma_ifng,delta_cosine,10,ridge_source_features,uq_mean_gene_variance,-0.00460190020694215,243
frangieh_melanoma_control,frangieh_melanoma_control,frangieh_melanoma_ifng,delta_cosine,10,ridge_source_features,uq_cosine_disagreement,0.010279004341234044,243
frangieh_melanoma_control,frangieh_melanoma_control,frangieh_melanoma_ifng,delta_cosine,10,ridge_source_features,uq_effect_norm_variance,0.007969239857285097,243
frangieh_melanoma_control,frangieh_melanoma_control,frangieh_melanoma_ifng,delta_cosine,10,ridge_source_features,prediction_norm,-0.0021847920690527605,243
frangieh_melanoma_control,frangieh_melanoma_control,frangieh_melanoma_ifng,delta_cosine,10,ridge_source_features,prediction_sparsity,-0.0024418855027008323,243
frangieh_melanoma_control,frangieh_melanoma_control,frangieh_melanoma_ifng,delta_cosine,10,ridge_source_features,prediction_concentration,-0.013144218167475429,243
frangieh_melanoma_control,frangieh_melanoma_control,frangieh_melanoma_ifng,delta_cosine,20,source_u_only,uq_cosine_disagreement,9.6749863863844e-05,235
frangieh_melanoma_control,frangieh_melanoma_control,frangieh_melanoma_ifng,delta_cosine,20,ridge_source_features,uq_mean_gene_variance,-0.005182691548618162,235
frangieh_melanoma_control,frangieh_melanoma_control,frangieh_melanoma_ifng,delta_cosine,20,ridge_source_features,uq_cosine_disagreement,0.001130115668700814,235
frangieh_melanoma_control,frangieh_melanoma_control,frangieh_melanoma_ifng,delta_cosine,20,ridge_source_features,uq_effect_norm_variance,0.01709780331928513,235
frangieh_melanoma_control,frangieh_melanoma_control,frangieh_melanoma_ifng,delta_cosine,20,ridge_source_features,prediction_norm,-0.004341661913378163,235
frangieh_melanoma_control,frangieh_melanoma_control,frangieh_melanoma_ifng,delta_cosine,20,ridge_source_features,prediction_sparsity,0.006877433566812546,235
frangieh_melanoma_control,frangieh_melanoma_control,frangieh_melanoma_ifng,delta_cosine,20,ridge_source_features,prediction_concentration,-0.012687679961278482,235
frangieh_melanoma_control,frangieh_melanoma_control,frangieh_melanoma_ifng,delta_cosine,40,source_u_only,uq_cosine_disagreement,-0.0012842011325791835,226
frangieh_melanoma_control,frangieh_melanoma_control,frangieh_melanoma_ifng,delta_cosine,40,ridge_source_features,uq_mean_gene_variance,-0.010185757723357622,226
frangieh_melanoma_control,frangieh_melanoma_control,frangieh_melanoma_ifng,delta_cosine,40,ridge_source_features,uq_cosine_disagreement,0.0239503682339701,226
frangieh_melanoma_control,frangieh_melanoma_control,frangieh_melanoma_ifng,delta_cosine,40,ridge_source_features,uq_effect_norm_variance,-0.012303258372632263,226
frangieh_melanoma_control,frangieh_melanoma_control,frangieh_melanoma_ifng,delta_cosine,40,ridge_source_features,prediction_norm,-0.003253072765962191,226
frangieh_melanoma_control,frangieh_melanoma_control,frangieh_melanoma_ifng,delta_cosine,40,ridge_source_features,prediction_sparsity,0.004367190620562081,226
frangieh_melanoma_control,frangieh_melanoma_control,frangieh_melanoma_ifng,delta_cosine,40,ridge_source_features,prediction_concentration,-0.0032677407773978023,226
frangieh_melanoma_control,frangieh_melanoma_control,frangieh_melanoma_ifng,delta_cosine,80,source_u_only,uq_cosine_disagreement,-0.009212782675450122,208
frangieh_melanoma_control,frangieh_melanoma_control,frangieh_melanoma_ifng,delta_cosine,80,ridge_source_features,uq_mean_gene_variance,-0.011192664555151347,208
frangieh_melanoma_control,frangieh_melanoma_control,frangieh_melanoma_ifng,delta_cosine,80,ridge_source_features,uq_cosine_disagreement,-0.026230266590035762,208
frangieh_melanoma_control,frangieh_melanoma_control,frangieh_melanoma_ifng,delta_cosine,80,ridge_source_features,uq_effect_norm_variance,0.04890039609603097,208
frangieh_melanoma_control,frangieh_melanoma_control,frangieh_melanoma_ifng,delta_cosine,80,ridge_source_features,prediction_norm,-0.0030702961472154028,208
frangieh_melanoma_control,frangieh_melanoma_control,frangieh_melanoma_ifng,delta_cosine,80,ridge_source_features,prediction_sparsity,0.005370996974839311,208
frangieh_melanoma_control,frangieh_melanoma_control,frangieh_melanoma_ifng,delta_cosine,80,ridge_source_features,prediction_concentration,-0.020313497937456716,208
frangieh_melanoma_control,frangieh_melanoma_control,frangieh_melanoma_ifng,delta_cosine,160,source_u_only,uq_cosine_disagreement,-0.0026418030612816823,139
frangieh_melanoma_control,frangieh_melanoma_control,frangieh_melanoma_ifng,delta_cosine,160,ridge_source_features,uq_mean_gene_variance,0.01019790041422075,139
frangieh_melanoma_control,frangieh_melanoma_control,frangieh_melanoma_ifng,delta_cosine,160,ridge_source_features,uq_cosine_disagreement,-0.02439375534275509,139
frangieh_melanoma_control,frangieh_melanoma_control,frangieh_melanoma_ifng,delta_cosine,160,ridge_source_features,uq_effect_norm_variance,-0.0029340300232755826,139
frangieh_melanoma_control,frangieh_melanoma_control,frangieh_melanoma_ifng,delta_cosine,160,ridge_source_features,prediction_norm,-0.004862831773428845,139
frangieh_melanoma_control,frangieh_melanoma_control,frangieh_melanoma_ifng,delta_cosine,160,ridge_source_features,prediction_sparsity,0.016238880728880228,139
frangieh_melanoma_control,frangieh_melanoma_control,frangieh_melanoma_ifng,delta_cosine,160,ridge_source_features,prediction_concentration,0.016476824419782675,139
frangieh_melanoma_control,frangieh_melanoma_control,frangieh_melanoma_ifng,delta_cosine,full,source_u_only,uq_cosine_disagreement,-0.011422131154635147,243
frangieh_melanoma_control,frangieh_melanoma_control,frangieh_melanoma_ifng,delta_cosine,full,ridge_source_features,uq_mean_gene_variance,0.007812589393029762,243
frangieh_melanoma_control,frangieh_melanoma_control,frangieh_melanoma_ifng,delta_cosine,full,ridge_source_features,uq_cosine_disagreement,-0.011633645496782917,243
frangieh_melanoma_control,frangieh_melanoma_control,frangieh_melanoma_ifng,delta_cosine,full,ridge_source_features,uq_effect_norm_variance,-0.020198595840806792,243
frangieh_melanoma_control,frangieh_melanoma_control,frangieh_melanoma_ifng,delta_cosine,full,ridge_source_features,prediction_norm,-0.008080646017077782,243
frangieh_melanoma_control,frangieh_melanoma_control,frangieh_melanoma_ifng,delta_cosine,full,ridge_source_features,prediction_sparsity,0.0093621996751225,243
frangieh_melanoma_control,frangieh_melanoma_control,frangieh_melanoma_ifng,delta_cosine,full,ridge_source_features,prediction_concentration,0.013498301227771877,243
frangieh_melanoma_control,frangieh_melanoma_control,frangieh_melanoma_ifng,systema_centroid_accuracy,10,source_u_only,uq_cosine_disagreement,0.0003072714963139426,243
frangieh_melanoma_control,frangieh_melanoma_control,frangieh_melanoma_ifng,systema_centroid_accuracy,10,ridge_source_features,uq_mean_gene_variance,-0.002662121538705134,243
frangieh_melanoma_control,frangieh_melanoma_control,frangieh_melanoma_ifng,systema_centroid_accuracy,10,ridge_source_features,uq_cosine_disagreement,0.005491247134773118,243
frangieh_melanoma_control,frangieh_melanoma_control,frangieh_melanoma_ifng,systema_centroid_accuracy,10,ridge_source_features,uq_effect_norm_variance,0.007376892727269479,243
frangieh_melanoma_control,frangieh_melanoma_control,frangieh_melanoma_ifng,systema_centroid_accuracy,10,ridge_source_features,prediction_norm,-0.004132440335408479,243
frangieh_melanoma_control,frangieh_melanoma_control,frangieh_melanoma_ifng,systema_centroid_accuracy,10,ridge_source_features,prediction_sparsity,-0.0010148091069168803,243
frangieh_melanoma_control,frangieh_melanoma_control,frangieh_melanoma_ifng,systema_centroid_accuracy,10,ridge_source_features,prediction_concentration,-0.010140851699753886,243
frangieh_melanoma_control,frangieh_melanoma_control,frangieh_melanoma_ifng,systema_centroid_accuracy,20,source_u_only,uq_cosine_disagreement,8.059628006351742e-05,235
frangieh_melanoma_control,frangieh_melanoma_control,frangieh_melanoma_ifng,systema_centroid_accuracy,20,ridge_source_features,uq_mean_gene_variance,-0.006499267807549104,235
frangieh_melanoma_control,frangieh_melanoma_control,frangieh_melanoma_ifng,systema_centroid_accuracy,20,ridge_source_features,uq_cosine_disagreement,0.017399504329007526,235
frangieh_melanoma_control,frangieh_melanoma_control,frangieh_melanoma_ifng,systema_centroid_accuracy,20,ridge_source_features,uq_effect_norm_variance,-0.00223544072684162,235
frangieh_melanoma_control,frangieh_melanoma_control,frangieh_melanoma_ifng,systema_centroid_accuracy,20,ridge_source_features,prediction_norm,-0.005972398469407951,235
frangieh_melanoma_control,frangieh_melanoma_control,frangieh_melanoma_ifng,systema_centroid_accuracy,20,ridge_source_features,prediction_sparsity,0.00046426626230655567,235
frangieh_melanoma_control,frangieh_melanoma_control,frangieh_melanoma_ifng,systema_centroid_accuracy,20,ridge_source_features,prediction_concentration,-0.009054299292819808,235
frangieh_melanoma_control,frangieh_melanoma_control,frangieh_melanoma_ifng,systema_centroid_accuracy,40,source_u_only,uq_cosine_disagreement,-0.0008191220955927924,226
frangieh_melanoma_control,frangieh_melanoma_control,frangieh_melanoma_ifng,systema_centroid_accuracy,40,ridge_source_features,uq_mean_gene_variance,-0.009533533277957565,226
frangieh_melanoma_control,frangieh_melanoma_control,frangieh_melanoma_ifng,systema_centroid_accuracy,40,ridge_source_features,uq_cosine_disagreement,0.022100840175484797,226
frangieh_melanoma_control,frangieh_melanoma_control,frangieh_melanoma_ifng,systema_centroid_accuracy,40,ridge_source_features,uq_effect_norm_variance,0.006991024290117833,226
frangieh_melanoma_control,frangieh_melanoma_control,frangieh_melanoma_ifng,systema_centroid_accuracy,40,ridge_source_features,prediction_norm,-0.007943169472971613,226
frangieh_melanoma_control,frangieh_melanoma_control,frangieh_melanoma_ifng,systema_centroid_accuracy,40,ridge_source_features,prediction_sparsity,-0.003571120187688123,226
frangieh_melanoma_control,frangieh_melanoma_control,frangieh_melanoma_ifng,systema_centroid_accuracy,40,ridge_source_features,prediction_concentration,-0.02131760534767104,226
frangieh_melanoma_control,frangieh_melanoma_control,frangieh_melanoma_ifng,systema_centroid_accuracy,80,source_u_only,uq_cosine_disagreement,0.00423397298550836,208
frangieh_melanoma_control,frangieh_melanoma_control,frangieh_melanoma_ifng,systema_centroid_accuracy,80,ridge_source_features,uq_mean_gene_variance,-0.009207189976869177,208
frangieh_melanoma_control,frangieh_melanoma_control,frangieh_melanoma_ifng,systema_centroid_accuracy,80,ridge_source_features,uq_cosine_disagreement,0.04889959933261815,208
frangieh_melanoma_control,frangieh_melanoma_control,frangieh_melanoma_ifng,systema_centroid_accuracy,80,ridge_source_features,uq_effect_norm_variance,-0.012268530273807211,208
frangieh_melanoma_control,frangieh_melanoma_control,frangieh_melanoma_ifng,systema_centroid_accuracy,80,ridge_source_features,prediction_norm,-0.008678784040640077,208
frangieh_melanoma_control,frangieh_melanoma_control,frangieh_melanoma_ifng,systema_centroid_accuracy,80,ridge_source_features,prediction_sparsity,0.0008554919976797593,208
frangieh_melanoma_control,frangieh_melanoma_control,frangieh_melanoma_ifng,systema_centroid_accuracy,80,ridge_source_features,prediction_concentration,-0.024287660574076376,208
frangieh_melanoma_control,frangieh_melanoma_control,frangieh_melanoma_ifng,systema_centroid_accuracy,160,source_u_only,uq_cosine_disagreement,-0.0051546661610881025,139
frangieh_melanoma_control,frangieh_melanoma_control,frangieh_melanoma_ifng,systema_centroid_accuracy,160,ridge_source_features,uq_mean_gene_variance,-0.0193666665596676,139
frangieh_melanoma_control,frangieh_melanoma_control,frangieh_melanoma_ifng,systema_centroid_accuracy,160,ridge_source_features,uq_cosine_disagreement,0.015605890789563983,139
frangieh_melanoma_control,frangieh_melanoma_control,frangieh_melanoma_ifng,systema_centroid_accuracy,160,ridge_source_features,uq_effect_norm_variance,0.02113972382163888,139
frangieh_melanoma_control,frangieh_melanoma_control,frangieh_melanoma_ifng,systema_centroid_accuracy,160,ridge_source_features,prediction_norm,-0.012149376532113558,139
frangieh_melanoma_control,frangieh_melanoma_control,frangieh_melanoma_ifng,systema_centroid_accuracy,160,ridge_source_features,prediction_sparsity,-0.007597867413966159,139
frangieh_melanoma_control,frangieh_melanoma_control,frangieh_melanoma_ifng,systema_centroid_accuracy,160,ridge_source_features,prediction_concentration,-0.02340794199751306,139
frangieh_melanoma_control,frangieh_melanoma_control,frangieh_melanoma_ifng,systema_centroid_accuracy,full,source_u_only,uq_cosine_disagreement,2.067187337058811e-07,243
frangieh_melanoma_control,frangieh_melanoma_control,frangieh_melanoma_ifng,systema_centroid_accuracy,full,ridge_source_features,uq_mean_gene_variance,0.00045112993499426174,243
frangieh_melanoma_control,frangieh_melanoma_control,frangieh_melanoma_ifng,systema_centroid_accuracy,full,ridge_source_features,uq_cosine_disagreement,0.010382188939354524,243
frangieh_melanoma_control,frangieh_melanoma_control,frangieh_melanoma_ifng,systema_centroid_accuracy,full,ridge_source_features,uq_effect_norm_variance,-0.010639350913896421,243
frangieh_melanoma_control,frangieh_melanoma_control,frangieh_melanoma_ifng,systema_centroid_accuracy,full,ridge_source_features,prediction_norm,-0.003211549175963997,243
frangieh_melanoma_control,frangieh_melanoma_control,frangieh_melanoma_ifng,systema_centroid_accuracy,full,ridge_source_features,prediction_sparsity,0.006550499431835151,243
frangieh_melanoma_control,frangieh_melanoma_control,frangieh_melanoma_ifng,systema_centroid_accuracy,full,ridge_source_features,prediction_concentration,-5.588709720620682e-05,243
frangieh_melanoma_ifng,frangieh_melanoma_coculture,frangieh_melanoma_ifng,absolute_effect_rank_agreement,10,source_u_only,uq_cosine_disagreement,0.0011750777012641662,243
frangieh_melanoma_ifng,frangieh_melanoma_coculture,frangieh_melanoma_ifng,absolute_effect_rank_agreement,10,ridge_source_features,uq_mean_gene_variance,0.00015055465957179655,243
frangieh_melanoma_ifng,frangieh_melanoma_coculture,frangieh_melanoma_ifng,absolute_effect_rank_agreement,10,ridge_source_features,uq_cosine_disagreement,0.007850639013610557,243
frangieh_melanoma_ifng,frangieh_melanoma_coculture,frangieh_melanoma_ifng,absolute_effect_rank_agreement,10,ridge_source_features,uq_effect_norm_variance,-0.003703872139636942,243
frangieh_melanoma_ifng,frangieh_melanoma_coculture,frangieh_melanoma_ifng,absolute_effect_rank_agreement,10,ridge_source_features,prediction_norm,-0.0006440286462568158,243
frangieh_melanoma_ifng,frangieh_melanoma_coculture,frangieh_melanoma_ifng,absolute_effect_rank_agreement,10,ridge_source_features,prediction_sparsity,2.4863149936941273e-05,243
frangieh_melanoma_ifng,frangieh_melanoma_coculture,frangieh_melanoma_ifng,absolute_effect_rank_agreement,10,ridge_source_features,prediction_concentration,-0.0038996399136757903,243
frangieh_melanoma_ifng,frangieh_melanoma_coculture,frangieh_melanoma_ifng,absolute_effect_rank_agreement,20,source_u_only,uq_cosine_disagreement,0.00017242822438288523,237
frangieh_melanoma_ifng,frangieh_melanoma_coculture,frangieh_melanoma_ifng,absolute_effect_rank_agreement,20,ridge_source_features,uq_mean_gene_variance,-0.001151538357152454,237
frangieh_melanoma_ifng,frangieh_melanoma_coculture,frangieh_melanoma_ifng,absolute_effect_rank_agreement,20,ridge_source_features,uq_cosine_disagreement,1.9697210384297255e-05,237
frangieh_melanoma_ifng,frangieh_melanoma_coculture,frangieh_melanoma_ifng,absolute_effect_rank_agreement,20,ridge_source_features,uq_effect_norm_variance,-0.0012912617513264272,237
frangieh_melanoma_ifng,frangieh_melanoma_coculture,frangieh_melanoma_ifng,absolute_effect_rank_agreement,20,ridge_source_features,prediction_norm,-0.001223938541425357,237
frangieh_melanoma_ifng,frangieh_melanoma_coculture,frangieh_melanoma_ifng,absolute_effect_rank_agreement,20,ridge_source_features,prediction_sparsity,0.000359113714098651,237
frangieh_melanoma_ifng,frangieh_melanoma_coculture,frangieh_melanoma_ifng,absolute_effect_rank_agreement,20,ridge_source_features,prediction_concentration,0.002642820233294289,237
frangieh_melanoma_ifng,frangieh_melanoma_coculture,frangieh_melanoma_ifng,absolute_effect_rank_agreement,40,source_u_only,uq_cosine_disagreement,-0.0003158434079205516,225
frangieh_melanoma_ifng,frangieh_melanoma_coculture,frangieh_melanoma_ifng,absolute_effect_rank_agreement,40,ridge_source_features,uq_mean_gene_variance,0.0026615536934937478,225
frangieh_melanoma_ifng,frangieh_melanoma_coculture,frangieh_melanoma_ifng,absolute_effect_rank_agreement,40,ridge_source_features,uq_cosine_disagreement,0.001054906059867813,225
frangieh_melanoma_ifng,frangieh_melanoma_coculture,frangieh_melanoma_ifng,absolute_effect_rank_agreement,40,ridge_source_features,uq_effect_norm_variance,-0.0060826767173122985,225
frangieh_melanoma_ifng,frangieh_melanoma_coculture,frangieh_melanoma_ifng,absolute_effect_rank_agreement,40,ridge_source_features,prediction_norm,0.00032988746098810983,225
frangieh_melanoma_ifng,frangieh_melanoma_coculture,frangieh_melanoma_ifng,absolute_effect_rank_agreement,40,ridge_source_features,prediction_sparsity,1.7029042274383452e-05,225
frangieh_melanoma_ifng,frangieh_melanoma_coculture,frangieh_melanoma_ifng,absolute_effect_rank_agreement,40,ridge_source_features,prediction_concentration,0.0019114377610207705,225
frangieh_melanoma_ifng,frangieh_melanoma_coculture,frangieh_melanoma_ifng,absolute_effect_rank_agreement,80,source_u_only,uq_cosine_disagreement,0.0007775991306622617,209
frangieh_melanoma_ifng,frangieh_melanoma_coculture,frangieh_melanoma_ifng,absolute_effect_rank_agreement,80,ridge_source_features,uq_mean_gene_variance,0.0022916489148529754,209
frangieh_melanoma_ifng,frangieh_melanoma_coculture,frangieh_melanoma_ifng,absolute_effect_rank_agreement,80,ridge_source_features,uq_cosine_disagreement,-0.0036149607029202966,209
frangieh_melanoma_ifng,frangieh_melanoma_coculture,frangieh_melanoma_ifng,absolute_effect_rank_agreement,80,ridge_source_features,uq_effect_norm_variance,0.003516414517813391,209
frangieh_melanoma_ifng,frangieh_melanoma_coculture,frangieh_melanoma_ifng,absolute_effect_rank_agreement,80,ridge_source_features,prediction_norm,-0.004193237595100568,209
frangieh_melanoma_ifng,frangieh_melanoma_coculture,frangieh_melanoma_ifng,absolute_effect_rank_agreement,80,ridge_source_features,prediction_sparsity,-0.0005061219934517138,209
frangieh_melanoma_ifng,frangieh_melanoma_coculture,frangieh_melanoma_ifng,absolute_effect_rank_agreement,80,ridge_source_features,prediction_concentration,-0.0010473276784036733,209
frangieh_melanoma_ifng,frangieh_melanoma_coculture,frangieh_melanoma_ifng,absolute_effect_rank_agreement,160,source_u_only,uq_cosine_disagreement,0.00011775414302217797,186
frangieh_melanoma_ifng,frangieh_melanoma_coculture,frangieh_melanoma_ifng,absolute_effect_rank_agreement,160,ridge_source_features,uq_mean_gene_variance,-0.0037946328341359067,186
frangieh_melanoma_ifng,frangieh_melanoma_coculture,frangieh_melanoma_ifng,absolute_effect_rank_agreement,160,ridge_source_features,uq_cosine_disagreement,-0.0003797498280863706,186
frangieh_melanoma_ifng,frangieh_melanoma_coculture,frangieh_melanoma_ifng,absolute_effect_rank_agreement,160,ridge_source_features,uq_effect_norm_variance,0.006406775198914828,186
frangieh_melanoma_ifng,frangieh_melanoma_coculture,frangieh_melanoma_ifng,absolute_effect_rank_agreement,160,ridge_source_features,prediction_norm,-0.003809992879883603,186
frangieh_melanoma_ifng,frangieh_melanoma_coculture,frangieh_melanoma_ifng,absolute_effect_rank_agreement,160,ridge_source_features,prediction_sparsity,6.701836973528933e-05,186
frangieh_melanoma_ifng,frangieh_melanoma_coculture,frangieh_melanoma_ifng,absolute_effect_rank_agreement,160,ridge_source_features,prediction_concentration,-0.0020678263310192186,186
frangieh_melanoma_ifng,frangieh_melanoma_coculture,frangieh_melanoma_ifng,absolute_effect_rank_agreement,full,source_u_only,uq_cosine_disagreement,0.00850916948231293,243
frangieh_melanoma_ifng,frangieh_melanoma_coculture,frangieh_melanoma_ifng,absolute_effect_rank_agreement,full,ridge_source_features,uq_mean_gene_variance,0.0025127774152001706,243
frangieh_melanoma_ifng,frangieh_melanoma_coculture,frangieh_melanoma_ifng,absolute_effect_rank_agreement,full,ridge_source_features,uq_cosine_disagreement,0.018669236335137722,243
frangieh_melanoma_ifng,frangieh_melanoma_coculture,frangieh_melanoma_ifng,absolute_effect_rank_agreement,full,ridge_source_features,uq_effect_norm_variance,-0.0038248935077403517,243
frangieh_melanoma_ifng,frangieh_melanoma_coculture,frangieh_melanoma_ifng,absolute_effect_rank_agreement,full,ridge_source_features,prediction_norm,-0.005817347629349231,243
frangieh_melanoma_ifng,frangieh_melanoma_coculture,frangieh_melanoma_ifng,absolute_effect_rank_agreement,full,ridge_source_features,prediction_sparsity,0.0028049048127070124,243
frangieh_melanoma_ifng,frangieh_melanoma_coculture,frangieh_melanoma_ifng,absolute_effect_rank_agreement,full,ridge_source_features,prediction_concentration,-0.0099165885769855,243
frangieh_melanoma_ifng,frangieh_melanoma_coculture,frangieh_melanoma_ifng,delta_cosine,10,source_u_only,uq_cosine_disagreement,-0.0033795511757802555,243
frangieh_melanoma_ifng,frangieh_melanoma_coculture,frangieh_melanoma_ifng,delta_cosine,10,ridge_source_features,uq_mean_gene_variance,0.00652495055707857,243
frangieh_melanoma_ifng,frangieh_melanoma_coculture,frangieh_melanoma_ifng,delta_cosine,10,ridge_source_features,uq_cosine_disagreement,0.007530365929221892,243
frangieh_melanoma_ifng,frangieh_melanoma_coculture,frangieh_melanoma_ifng,delta_cosine,10,ridge_source_features,uq_effect_norm_variance,0.0010823136942195311,243
frangieh_melanoma_ifng,frangieh_melanoma_coculture,frangieh_melanoma_ifng,delta_cosine,10,ridge_source_features,prediction_norm,-0.005490102231228102,243
frangieh_melanoma_ifng,frangieh_melanoma_coculture,frangieh_melanoma_ifng,delta_cosine,10,ridge_source_features,prediction_sparsity,0.002192029245171349,243
frangieh_melanoma_ifng,frangieh_melanoma_coculture,frangieh_melanoma_ifng,delta_cosine,10,ridge_source_features,prediction_concentration,-0.01976189003329108,243
frangieh_melanoma_ifng,frangieh_melanoma_coculture,frangieh_melanoma_ifng,delta_cosine,20,source_u_only,uq_cosine_disagreement,-0.0008859847558095345,237
frangieh_melanoma_ifng,frangieh_melanoma_coculture,frangieh_melanoma_ifng,delta_cosine,20,ridge_source_features,uq_mean_gene_variance,0.006781832571100759,237
frangieh_melanoma_ifng,frangieh_melanoma_coculture,frangieh_melanoma_ifng,delta_cosine,20,ridge_source_features,uq_cosine_disagreement,0.00241739036031882,237
frangieh_melanoma_ifng,frangieh_melanoma_coculture,frangieh_melanoma_ifng,delta_cosine,20,ridge_source_features,uq_effect_norm_variance,-0.018907166025090457,237
frangieh_melanoma_ifng,frangieh_melanoma_coculture,frangieh_melanoma_ifng,delta_cosine,20,ridge_source_features,prediction_norm,-0.0003569142906021338,237
frangieh_melanoma_ifng,frangieh_melanoma_coculture,frangieh_melanoma_ifng,delta_cosine,20,ridge_source_features,prediction_sparsity,0.0005779249769159978,237
frangieh_melanoma_ifng,frangieh_melanoma_coculture,frangieh_melanoma_ifng,delta_cosine,20,ridge_source_features,prediction_concentration,0.008571738010046969,237
frangieh_melanoma_ifng,frangieh_melanoma_coculture,frangieh_melanoma_ifng,delta_cosine,40,source_u_only,uq_cosine_disagreement,-0.004889855791662829,225
frangieh_melanoma_ifng,frangieh_melanoma_coculture,frangieh_melanoma_ifng,delta_cosine,40,ridge_source_features,uq_mean_gene_variance,-0.0018865216263631655,225
frangieh_melanoma_ifng,frangieh_melanoma_coculture,frangieh_melanoma_ifng,delta_cosine,40,ridge_source_features,uq_cosine_disagreement,0.00657884288230337,225
frangieh_melanoma_ifng,frangieh_melanoma_coculture,frangieh_melanoma_ifng,delta_cosine,40,ridge_source_features,uq_effect_norm_variance,-0.0034519746225093366,225
frangieh_melanoma_ifng,frangieh_melanoma_coculture,frangieh_melanoma_ifng,delta_cosine,40,ridge_source_features,prediction_norm,0.003221936855878045,225
frangieh_melanoma_ifng,frangieh_melanoma_coculture,frangieh_melanoma_ifng,delta_cosine,40,ridge_source_features,prediction_sparsity,-0.0008749808617285537,225
frangieh_melanoma_ifng,frangieh_melanoma_coculture,frangieh_melanoma_ifng,delta_cosine,40,ridge_source_features,prediction_concentration,-0.007436971166661379,225
frangieh_melanoma_ifng,frangieh_melanoma_coculture,frangieh_melanoma_ifng,delta_cosine,80,source_u_only,uq_cosine_disagreement,-3.074076966693429e-05,209
frangieh_melanoma_ifng,frangieh_melanoma_coculture,frangieh_melanoma_ifng,delta_cosine,80,ridge_source_features,uq_mean_gene_variance,0.002444195496797131,209
frangieh_melanoma_ifng,frangieh_melanoma_coculture,frangieh_melanoma_ifng,delta_cosine,80,ridge_source_features,uq_cosine_disagreement,0.005335760293334118,209
frangieh_melanoma_ifng,frangieh_melanoma_coculture,frangieh_melanoma_ifng,delta_cosine,80,ridge_source_features,uq_effect_norm_variance,0.011809265469263855,209
frangieh_melanoma_ifng,frangieh_melanoma_coculture,frangieh_melanoma_ifng,delta_cosine,80,ridge_source_features,prediction_norm,-0.00229160945287243,209
frangieh_melanoma_ifng,frangieh_melanoma_coculture,frangieh_melanoma_ifng,delta_cosine,80,ridge_source_features,prediction_sparsity,-0.004563195668184006,209
frangieh_melanoma_ifng,frangieh_melanoma_coculture,frangieh_melanoma_ifng,delta_cosine,80,ridge_source_features,prediction_concentration,-0.020491442168526077,209
frangieh_melanoma_ifng,frangieh_melanoma_coculture,frangieh_melanoma_ifng,delta_cosine,160,source_u_only,uq_cosine_disagreement,0.00047520471221184073,186
frangieh_melanoma_ifng,frangieh_melanoma_coculture,frangieh_melanoma_ifng,delta_cosine,160,ridge_source_features,uq_mean_gene_variance,-0.00956652722544097,186
frangieh_melanoma_ifng,frangieh_melanoma_coculture,frangieh_melanoma_ifng,delta_cosine,160,ridge_source_features,uq_cosine_disagreement,0.005128627619595991,186
frangieh_melanoma_ifng,frangieh_melanoma_coculture,frangieh_melanoma_ifng,delta_cosine,160,ridge_source_features,uq_effect_norm_variance,0.02306729038885115,186
frangieh_melanoma_ifng,frangieh_melanoma_coculture,frangieh_melanoma_ifng,delta_cosine,160,ridge_source_features,prediction_norm,-0.00140440381317674,186
frangieh_melanoma_ifng,frangieh_melanoma_coculture,frangieh_melanoma_ifng,delta_cosine,160,ridge_source_features,prediction_sparsity,-0.002678123987460111,186
frangieh_melanoma_ifng,frangieh_melanoma_coculture,frangieh_melanoma_ifng,delta_cosine,160,ridge_source_features,prediction_concentration,-0.01865723030569561,186
frangieh_melanoma_ifng,frangieh_melanoma_coculture,frangieh_melanoma_ifng,delta_cosine,full,source_u_only,uq_cosine_disagreement,-0.001629291138886439,243
frangieh_melanoma_ifng,frangieh_melanoma_coculture,frangieh_melanoma_ifng,delta_cosine,full,ridge_source_features,uq_mean_gene_variance,0.011372769253146302,243
frangieh_melanoma_ifng,frangieh_melanoma_coculture,frangieh_melanoma_ifng,delta_cosine,full,ridge_source_features,uq_cosine_disagreement,0.013386173456474255,243
frangieh_melanoma_ifng,frangieh_melanoma_coculture,frangieh_melanoma_ifng,delta_cosine,full,ridge_source_features,uq_effect_norm_variance,-0.02071267332372433,243
frangieh_melanoma_ifng,frangieh_melanoma_coculture,frangieh_melanoma_ifng,delta_cosine,full,ridge_source_features,prediction_norm,0.0004351864987087663,243
frangieh_melanoma_ifng,frangieh_melanoma_coculture,frangieh_melanoma_ifng,delta_cosine,full,ridge_source_features,prediction_sparsity,-0.005832463072642387,243
frangieh_melanoma_ifng,frangieh_melanoma_coculture,frangieh_melanoma_ifng,delta_cosine,full,ridge_source_features,prediction_concentration,-0.007674448013401458,243
frangieh_melanoma_ifng,frangieh_melanoma_coculture,frangieh_melanoma_ifng,systema_centroid_accuracy,10,source_u_only,uq_cosine_disagreement,-6.106410900258797e-05,243
frangieh_melanoma_ifng,frangieh_melanoma_coculture,frangieh_melanoma_ifng,systema_centroid_accuracy,10,ridge_source_features,uq_mean_gene_variance,0.004408029120588033,243
frangieh_melanoma_ifng,frangieh_melanoma_coculture,frangieh_melanoma_ifng,systema_centroid_accuracy,10,ridge_source_features,uq_cosine_disagreement,0.010349399052703837,243
frangieh_melanoma_ifng,frangieh_melanoma_coculture,frangieh_melanoma_ifng,systema_centroid_accuracy,10,ridge_source_features,uq_effect_norm_variance,-0.010965952891051465,243
frangieh_melanoma_ifng,frangieh_melanoma_coculture,frangieh_melanoma_ifng,systema_centroid_accuracy,10,ridge_source_features,prediction_norm,0.003033148137568386,243
frangieh_melanoma_ifng,frangieh_melanoma_coculture,frangieh_melanoma_ifng,systema_centroid_accuracy,10,ridge_source_features,prediction_sparsity,0.0021890346614963415,243
frangieh_melanoma_ifng,frangieh_melanoma_coculture,frangieh_melanoma_ifng,systema_centroid_accuracy,10,ridge_source_features,prediction_concentration,-0.004942575026317333,243
frangieh_melanoma_ifng,frangieh_melanoma_coculture,frangieh_melanoma_ifng,systema_centroid_accuracy,20,source_u_only,uq_cosine_disagreement,0.0016720485644256754,237
frangieh_melanoma_ifng,frangieh_melanoma_coculture,frangieh_melanoma_ifng,systema_centroid_accuracy,20,ridge_source_features,uq_mean_gene_variance,0.005289591637188933,237
frangieh_melanoma_ifng,frangieh_melanoma_coculture,frangieh_melanoma_ifng,systema_centroid_accuracy,20,ridge_source_features,uq_cosine_disagreement,0.0014610851339265445,237
frangieh_melanoma_ifng,frangieh_melanoma_coculture,frangieh_melanoma_ifng,systema_centroid_accuracy,20,ridge_source_features,uq_effect_norm_variance,0.00565771852243432,237
frangieh_melanoma_ifng,frangieh_melanoma_coculture,frangieh_melanoma_ifng,systema_centroid_accuracy,20,ridge_source_features,prediction_norm,0.000489837820088246,237
frangieh_melanoma_ifng,frangieh_melanoma_coculture,frangieh_melanoma_ifng,systema_centroid_accuracy,20,ridge_source_features,prediction_sparsity,-0.0018374808540040772,237
frangieh_melanoma_ifng,frangieh_melanoma_coculture,frangieh_melanoma_ifng,systema_centroid_accuracy,20,ridge_source_features,prediction_concentration,-0.0108680182124069,237
frangieh_melanoma_ifng,frangieh_melanoma_coculture,frangieh_melanoma_ifng,systema_centroid_accuracy,40,source_u_only,uq_cosine_disagreement,0.002991396804360057,225
frangieh_melanoma_ifng,frangieh_melanoma_coculture,frangieh_melanoma_ifng,systema_centroid_accuracy,40,ridge_source_features,uq_mean_gene_variance,-0.0042971297419697255,225
frangieh_melanoma_ifng,frangieh_melanoma_coculture,frangieh_melanoma_ifng,systema_centroid_accuracy,40,ridge_source_features,uq_cosine_disagreement,-0.0004090960892598479,225
frangieh_melanoma_ifng,frangieh_melanoma_coculture,frangieh_melanoma_ifng,systema_centroid_accuracy,40,ridge_source_features,uq_effect_norm_variance,0.0068113127205840646,225
frangieh_melanoma_ifng,frangieh_melanoma_coculture,frangieh_melanoma_ifng,systema_centroid_accuracy,40,ridge_source_features,prediction_norm,-0.0044926552316190554,225
frangieh_melanoma_ifng,frangieh_melanoma_coculture,frangieh_melanoma_ifng,systema_centroid_accuracy,40,ridge_source_features,prediction_sparsity,-0.003528066619688523,225
frangieh_melanoma_ifng,frangieh_melanoma_coculture,frangieh_melanoma_ifng,systema_centroid_accuracy,40,ridge_source_features,prediction_concentration,0.0010167677823146896,225
frangieh_melanoma_ifng,frangieh_melanoma_coculture,frangieh_melanoma_ifng,systema_centroid_accuracy,80,source_u_only,uq_cosine_disagreement,0.0014229087815765269,209
frangieh_melanoma_ifng,frangieh_melanoma_coculture,frangieh_melanoma_ifng,systema_centroid_accuracy,80,ridge_source_features,uq_mean_gene_variance,0.0036900028081449897,209
frangieh_melanoma_ifng,frangieh_melanoma_coculture,frangieh_melanoma_ifng,systema_centroid_accuracy,80,ridge_source_features,uq_cosine_disagreement,0.0010635121234096583,209
frangieh_melanoma_ifng,frangieh_melanoma_coculture,frangieh_melanoma_ifng,systema_centroid_accuracy,80,ridge_source_features,uq_effect_norm_variance,0.005620138476534285,209
frangieh_melanoma_ifng,frangieh_melanoma_coculture,frangieh_melanoma_ifng,systema_centroid_accuracy,80,ridge_source_features,prediction_norm,0.0009830001925660214,209
frangieh_melanoma_ifng,frangieh_melanoma_coculture,frangieh_melanoma_ifng,systema_centroid_accuracy,80,ridge_source_features,prediction_sparsity,0.004796785417460225,209
frangieh_melanoma_ifng,frangieh_melanoma_coculture,frangieh_melanoma_ifng,systema_centroid_accuracy,80,ridge_source_features,prediction_concentration,-0.008603457903351742,209
frangieh_melanoma_ifng,frangieh_melanoma_coculture,frangieh_melanoma_ifng,systema_centroid_accuracy,160,source_u_only,uq_cosine_disagreement,0.00020599395041796315,186
frangieh_melanoma_ifng,frangieh_melanoma_coculture,frangieh_melanoma_ifng,systema_centroid_accuracy,160,ridge_source_features,uq_mean_gene_variance,0.012484198362970475,186
frangieh_melanoma_ifng,frangieh_melanoma_coculture,frangieh_melanoma_ifng,systema_centroid_accuracy,160,ridge_source_features,uq_cosine_disagreement,4.3922919091925475e-05,186
frangieh_melanoma_ifng,frangieh_melanoma_coculture,frangieh_melanoma_ifng,systema_centroid_accuracy,160,ridge_source_features,uq_effect_norm_variance,-0.01087208027364503,186
frangieh_melanoma_ifng,frangieh_melanoma_coculture,frangieh_melanoma_ifng,systema_centroid_accuracy,160,ridge_source_features,prediction_norm,0.006289835883800759,186
frangieh_melanoma_ifng,frangieh_melanoma_coculture,frangieh_melanoma_ifng,systema_centroid_accuracy,160,ridge_source_features,prediction_sparsity,0.002310690021340622,186
frangieh_melanoma_ifng,frangieh_melanoma_coculture,frangieh_melanoma_ifng,systema_centroid_accuracy,160,ridge_source_features,prediction_concentration,-0.0012906592561564626,186
frangieh_melanoma_ifng,frangieh_melanoma_coculture,frangieh_melanoma_ifng,systema_centroid_accuracy,full,source_u_only,uq_cosine_disagreement,-0.0033705491752933033,243
frangieh_melanoma_ifng,frangieh_melanoma_coculture,frangieh_melanoma_ifng,systema_centroid_accuracy,full,ridge_source_features,uq_mean_gene_variance,-0.0006977465743192325,243
frangieh_melanoma_ifng,frangieh_melanoma_coculture,frangieh_melanoma_ifng,systema_centroid_accuracy,full,ridge_source_features,uq_cosine_disagreement,-0.012621869647830823,243
frangieh_melanoma_ifng,frangieh_melanoma_coculture,frangieh_melanoma_ifng,systema_centroid_accuracy,full,ridge_source_features,uq_effect_norm_variance,0.008128585397940494,243
frangieh_melanoma_ifng,frangieh_melanoma_coculture,frangieh_melanoma_ifng,systema_centroid_accuracy,full,ridge_source_features,prediction_norm,0.0007885711410385301,243
frangieh_melanoma_ifng,frangieh_melanoma_coculture,frangieh_melanoma_ifng,systema_centroid_accuracy,full,ridge_source_features,prediction_sparsity,-0.0011581441188841534,243
frangieh_melanoma_ifng,frangieh_melanoma_coculture,frangieh_melanoma_ifng,systema_centroid_accuracy,full,ridge_source_features,prediction_concentration,0.002822736773345492,243
frangieh_melanoma_ifng,frangieh_melanoma_control,frangieh_melanoma_coculture,absolute_effect_rank_agreement,10,source_u_only,uq_cosine_disagreement,-0.0009520381473713046,243
frangieh_melanoma_ifng,frangieh_melanoma_control,frangieh_melanoma_coculture,absolute_effect_rank_agreement,10,ridge_source_features,uq_mean_gene_variance,-0.0008785028916357311,243
frangieh_melanoma_ifng,frangieh_melanoma_control,frangieh_melanoma_coculture,absolute_effect_rank_agreement,10,ridge_source_features,uq_cosine_disagreement,0.0030709246534744807,243
frangieh_melanoma_ifng,frangieh_melanoma_control,frangieh_melanoma_coculture,absolute_effect_rank_agreement,10,ridge_source_features,uq_effect_norm_variance,-0.0029667269844221842,243
frangieh_melanoma_ifng,frangieh_melanoma_control,frangieh_melanoma_coculture,absolute_effect_rank_agreement,10,ridge_source_features,prediction_norm,-0.0003257040258162292,243
frangieh_melanoma_ifng,frangieh_melanoma_control,frangieh_melanoma_coculture,absolute_effect_rank_agreement,10,ridge_source_features,prediction_sparsity,0.0011522606286460898,243
frangieh_melanoma_ifng,frangieh_melanoma_control,frangieh_melanoma_coculture,absolute_effect_rank_agreement,10,ridge_source_features,prediction_concentration,-0.0005803739144726222,243
frangieh_melanoma_ifng,frangieh_melanoma_control,frangieh_melanoma_coculture,absolute_effect_rank_agreement,20,source_u_only,uq_cosine_disagreement,0.0006935737831179101,234
frangieh_melanoma_ifng,frangieh_melanoma_control,frangieh_melanoma_coculture,absolute_effect_rank_agreement,20,ridge_source_features,uq_mean_gene_variance,-0.0020892062649437077,234
frangieh_melanoma_ifng,frangieh_melanoma_control,frangieh_melanoma_coculture,absolute_effect_rank_agreement,20,ridge_source_features,uq_cosine_disagreement,0.00200556496862493,234
frangieh_melanoma_ifng,frangieh_melanoma_control,frangieh_melanoma_coculture,absolute_effect_rank_agreement,20,ridge_source_features,uq_effect_norm_variance,0.0030229947528744284,234
frangieh_melanoma_ifng,frangieh_melanoma_control,frangieh_melanoma_coculture,absolute_effect_rank_agreement,20,ridge_source_features,prediction_norm,-0.0017739926171428365,234
frangieh_melanoma_ifng,frangieh_melanoma_control,frangieh_melanoma_coculture,absolute_effect_rank_agreement,20,ridge_source_features,prediction_sparsity,-0.0012679454901157112,234
frangieh_melanoma_ifng,frangieh_melanoma_control,frangieh_melanoma_coculture,absolute_effect_rank_agreement,20,ridge_source_features,prediction_concentration,-0.002466511573468364,234
frangieh_melanoma_ifng,frangieh_melanoma_control,frangieh_melanoma_coculture,absolute_effect_rank_agreement,40,source_u_only,uq_cosine_disagreement,-0.0005056576655106326,223
frangieh_melanoma_ifng,frangieh_melanoma_control,frangieh_melanoma_coculture,absolute_effect_rank_agreement,40,ridge_source_features,uq_mean_gene_variance,0.005118163026446113,223
frangieh_melanoma_ifng,frangieh_melanoma_control,frangieh_melanoma_coculture,absolute_effect_rank_agreement,40,ridge_source_features,uq_cosine_disagreement,-0.012276330706262467,223
frangieh_melanoma_ifng,frangieh_melanoma_control,frangieh_melanoma_coculture,absolute_effect_rank_agreement,40,ridge_source_features,uq_effect_norm_variance,-0.001523767545020915,223
frangieh_melanoma_ifng,frangieh_melanoma_control,frangieh_melanoma_coculture,absolute_effect_rank_agreement,40,ridge_source_features,prediction_norm,0.00418528898052751,223
frangieh_melanoma_ifng,frangieh_melanoma_control,frangieh_melanoma_coculture,absolute_effect_rank_agreement,40,ridge_source_features,prediction_sparsity,-0.0008017096969896877,223
frangieh_melanoma_ifng,frangieh_melanoma_control,frangieh_melanoma_coculture,absolute_effect_rank_agreement,40,ridge_source_features,prediction_concentration,0.009433988642069834,223
frangieh_melanoma_ifng,frangieh_melanoma_control,frangieh_melanoma_coculture,absolute_effect_rank_agreement,80,source_u_only,uq_cosine_disagreement,-0.0007120467344784575,207
frangieh_melanoma_ifng,frangieh_melanoma_control,frangieh_melanoma_coculture,absolute_effect_rank_agreement,80,ridge_source_features,uq_mean_gene_variance,-0.002087110579972167,207
frangieh_melanoma_ifng,frangieh_melanoma_control,frangieh_melanoma_coculture,absolute_effect_rank_agreement,80,ridge_source_features,uq_cosine_disagreement,-0.0039663923888224725,207
frangieh_melanoma_ifng,frangieh_melanoma_control,frangieh_melanoma_coculture,absolute_effect_rank_agreement,80,ridge_source_features,uq_effect_norm_variance,0.003139478756326755,207
frangieh_melanoma_ifng,frangieh_melanoma_control,frangieh_melanoma_coculture,absolute_effect_rank_agreement,80,ridge_source_features,prediction_norm,-0.0013411404156387064,207
frangieh_melanoma_ifng,frangieh_melanoma_control,frangieh_melanoma_coculture,absolute_effect_rank_agreement,80,ridge_source_features,prediction_sparsity,-0.001826462705281094,207
frangieh_melanoma_ifng,frangieh_melanoma_control,frangieh_melanoma_coculture,absolute_effect_rank_agreement,80,ridge_source_features,prediction_concentration,0.0023936410042002558,207
frangieh_melanoma_ifng,frangieh_melanoma_control,frangieh_melanoma_coculture,absolute_effect_rank_agreement,160,source_u_only,uq_cosine_disagreement,0.0005048110343226407,139
frangieh_melanoma_ifng,frangieh_melanoma_control,frangieh_melanoma_coculture,absolute_effect_rank_agreement,160,ridge_source_features,uq_mean_gene_variance,-0.019125021899553653,139
frangieh_melanoma_ifng,frangieh_melanoma_control,frangieh_melanoma_coculture,absolute_effect_rank_agreement,160,ridge_source_features,uq_cosine_disagreement,-0.013735536999822162,139
frangieh_melanoma_ifng,frangieh_melanoma_control,frangieh_melanoma_coculture,absolute_effect_rank_agreement,160,ridge_source_features,uq_effect_norm_variance,0.04533045946684591,139
frangieh_melanoma_ifng,frangieh_melanoma_control,frangieh_melanoma_coculture,absolute_effect_rank_agreement,160,ridge_source_features,prediction_norm,-0.012514020781609262,139
frangieh_melanoma_ifng,frangieh_melanoma_control,frangieh_melanoma_coculture,absolute_effect_rank_agreement,160,ridge_source_features,prediction_sparsity,-0.0020890755577318634,139
frangieh_melanoma_ifng,frangieh_melanoma_control,frangieh_melanoma_coculture,absolute_effect_rank_agreement,160,ridge_source_features,prediction_concentration,-0.011038636375194784,139
frangieh_melanoma_ifng,frangieh_melanoma_control,frangieh_melanoma_coculture,absolute_effect_rank_agreement,full,source_u_only,uq_cosine_disagreement,0.005600535770159711,243
frangieh_melanoma_ifng,frangieh_melanoma_control,frangieh_melanoma_coculture,absolute_effect_rank_agreement,full,ridge_source_features,uq_mean_gene_variance,0.003849002186007649,243
frangieh_melanoma_ifng,frangieh_melanoma_control,frangieh_melanoma_coculture,absolute_effect_rank_agreement,full,ridge_source_features,uq_cosine_disagreement,-0.007292514233112497,243
frangieh_melanoma_ifng,frangieh_melanoma_control,frangieh_melanoma_coculture,absolute_effect_rank_agreement,full,ridge_source_features,uq_effect_norm_variance,-0.0007328263893477787,243
frangieh_melanoma_ifng,frangieh_melanoma_control,frangieh_melanoma_coculture,absolute_effect_rank_agreement,full,ridge_source_features,prediction_norm,0.00402797365173055,243
frangieh_melanoma_ifng,frangieh_melanoma_control,frangieh_melanoma_coculture,absolute_effect_rank_agreement,full,ridge_source_features,prediction_sparsity,-0.0028445906314081733,243
frangieh_melanoma_ifng,frangieh_melanoma_control,frangieh_melanoma_coculture,absolute_effect_rank_agreement,full,ridge_source_features,prediction_concentration,0.011178442619127133,243
frangieh_melanoma_ifng,frangieh_melanoma_control,frangieh_melanoma_coculture,delta_cosine,10,source_u_only,uq_cosine_disagreement,-0.004946899709775487,243
frangieh_melanoma_ifng,frangieh_melanoma_control,frangieh_melanoma_coculture,delta_cosine,10,ridge_source_features,uq_mean_gene_variance,-0.0031700300017090516,243
frangieh_melanoma_ifng,frangieh_melanoma_control,frangieh_melanoma_coculture,delta_cosine,10,ridge_source_features,uq_cosine_disagreement,-0.00333180729881268,243
frangieh_melanoma_ifng,frangieh_melanoma_control,frangieh_melanoma_coculture,delta_cosine,10,ridge_source_features,uq_effect_norm_variance,0.0013592478937485834,243
frangieh_melanoma_ifng,frangieh_melanoma_control,frangieh_melanoma_coculture,delta_cosine,10,ridge_source_features,prediction_norm,-0.003672925716963973,243
frangieh_melanoma_ifng,frangieh_melanoma_control,frangieh_melanoma_coculture,delta_cosine,10,ridge_source_features,prediction_sparsity,0.00639330717821371,243
frangieh_melanoma_ifng,frangieh_melanoma_control,frangieh_melanoma_coculture,delta_cosine,10,ridge_source_features,prediction_concentration,0.00032176210399281416,243
frangieh_melanoma_ifng,frangieh_melanoma_control,frangieh_melanoma_coculture,delta_cosine,20,source_u_only,uq_cosine_disagreement,-0.001757343957984916,234
frangieh_melanoma_ifng,frangieh_melanoma_control,frangieh_melanoma_coculture,delta_cosine,20,ridge_source_features,uq_mean_gene_variance,0.0009202846711391728,234
frangieh_melanoma_ifng,frangieh_melanoma_control,frangieh_melanoma_coculture,delta_cosine,20,ridge_source_features,uq_cosine_disagreement,0.007022435843769478,234
frangieh_melanoma_ifng,frangieh_melanoma_control,frangieh_melanoma_coculture,delta_cosine,20,ridge_source_features,uq_effect_norm_variance,-0.007824489555131828,234
frangieh_melanoma_ifng,frangieh_melanoma_control,frangieh_melanoma_coculture,delta_cosine,20,ridge_source_features,prediction_norm,0.000327214799977931,234
frangieh_melanoma_ifng,frangieh_melanoma_control,frangieh_melanoma_coculture,delta_cosine,20,ridge_source_features,prediction_sparsity,0.007760724342157943,234
frangieh_melanoma_ifng,frangieh_melanoma_control,frangieh_melanoma_coculture,delta_cosine,20,ridge_source_features,prediction_concentration,-0.002466438358113688,234
frangieh_melanoma_ifng,frangieh_melanoma_control,frangieh_melanoma_coculture,delta_cosine,40,source_u_only,uq_cosine_disagreement,0.00383077051266258,223
frangieh_melanoma_ifng,frangieh_melanoma_control,frangieh_melanoma_coculture,delta_cosine,40,ridge_source_features,uq_mean_gene_variance,-0.009763602864885961,223
frangieh_melanoma_ifng,frangieh_melanoma_control,frangieh_melanoma_coculture,delta_cosine,40,ridge_source_features,uq_cosine_disagreement,0.00873475381014501,223
frangieh_melanoma_ifng,frangieh_melanoma_control,frangieh_melanoma_coculture,delta_cosine,40,ridge_source_features,uq_effect_norm_variance,0.024049711328638274,223
frangieh_melanoma_ifng,frangieh_melanoma_control,frangieh_melanoma_coculture,delta_cosine,40,ridge_source_features,prediction_norm,-0.005246534966335389,223
frangieh_melanoma_ifng,frangieh_melanoma_control,frangieh_melanoma_coculture,delta_cosine,40,ridge_source_features,prediction_sparsity,0.0011451309382521516,223
frangieh_melanoma_ifng,frangieh_melanoma_control,frangieh_melanoma_coculture,delta_cosine,40,ridge_source_features,prediction_concentration,-0.01973586938840367,223
frangieh_melanoma_ifng,frangieh_melanoma_control,frangieh_melanoma_coculture,delta_cosine,80,source_u_only,uq_cosine_disagreement,-0.0006919620728756819,207
frangieh_melanoma_ifng,frangieh_melanoma_control,frangieh_melanoma_coculture,delta_cosine,80,ridge_source_features,uq_mean_gene_variance,-0.0001216650442657929,207
frangieh_melanoma_ifng,frangieh_melanoma_control,frangieh_melanoma_coculture,delta_cosine,80,ridge_source_features,uq_cosine_disagreement,-0.0013743301759436674,207
frangieh_melanoma_ifng,frangieh_melanoma_control,frangieh_melanoma_coculture,delta_cosine,80,ridge_source_features,uq_effect_norm_variance,0.013801929430185761,207
frangieh_melanoma_ifng,frangieh_melanoma_control,frangieh_melanoma_coculture,delta_cosine,80,ridge_source_features,prediction_norm,-0.0024367137091355134,207
frangieh_melanoma_ifng,frangieh_melanoma_control,frangieh_melanoma_coculture,delta_cosine,80,ridge_source_features,prediction_sparsity,-0.0013246619421378371,207
frangieh_melanoma_ifng,frangieh_melanoma_control,frangieh_melanoma_coculture,delta_cosine,80,ridge_source_features,prediction_concentration,-0.013051645005343443,207
frangieh_melanoma_ifng,frangieh_melanoma_control,frangieh_melanoma_coculture,delta_cosine,160,source_u_only,uq_cosine_disagreement,0.006693587430846944,139
frangieh_melanoma_ifng,frangieh_melanoma_control,frangieh_melanoma_coculture,delta_cosine,160,ridge_source_features,uq_mean_gene_variance,-0.010835300951167633,139
frangieh_melanoma_ifng,frangieh_melanoma_control,frangieh_melanoma_coculture,delta_cosine,160,ridge_source_features,uq_cosine_disagreement,-0.012036128568593967,139
frangieh_melanoma_ifng,frangieh_melanoma_control,frangieh_melanoma_coculture,delta_cosine,160,ridge_source_features,uq_effect_norm_variance,0.055581375951951756,139
frangieh_melanoma_ifng,frangieh_melanoma_control,frangieh_melanoma_coculture,delta_cosine,160,ridge_source_features,prediction_norm,-0.012158458392572295,139
frangieh_melanoma_ifng,frangieh_melanoma_control,frangieh_melanoma_coculture,delta_cosine,160,ridge_source_features,prediction_sparsity,-0.0040317633094047916,139
frangieh_melanoma_ifng,frangieh_melanoma_control,frangieh_melanoma_coculture,delta_cosine,160,ridge_source_features,prediction_concentration,-0.024842640698088263,139
frangieh_melanoma_ifng,frangieh_melanoma_control,frangieh_melanoma_coculture,delta_cosine,full,source_u_only,uq_cosine_disagreement,0.008198614350024901,243
frangieh_melanoma_ifng,frangieh_melanoma_control,frangieh_melanoma_coculture,delta_cosine,full,ridge_source_features,uq_mean_gene_variance,0.006227605804122123,243
frangieh_melanoma_ifng,frangieh_melanoma_control,frangieh_melanoma_coculture,delta_cosine,full,ridge_source_features,uq_cosine_disagreement,-0.0001378540690707108,243
frangieh_melanoma_ifng,frangieh_melanoma_control,frangieh_melanoma_coculture,delta_cosine,full,ridge_source_features,uq_effect_norm_variance,0.010749807205417862,243
frangieh_melanoma_ifng,frangieh_melanoma_control,frangieh_melanoma_coculture,delta_cosine,full,ridge_source_features,prediction_norm,-0.0014029111586192503,243
frangieh_melanoma_ifng,frangieh_melanoma_control,frangieh_melanoma_coculture,delta_cosine,full,ridge_source_features,prediction_sparsity,-0.008037428528504973,243
frangieh_melanoma_ifng,frangieh_melanoma_control,frangieh_melanoma_coculture,delta_cosine,full,ridge_source_features,prediction_concentration,-0.008137859206625644,243
frangieh_melanoma_ifng,frangieh_melanoma_control,frangieh_melanoma_coculture,systema_centroid_accuracy,10,source_u_only,uq_cosine_disagreement,-0.0023133416919861208,243
frangieh_melanoma_ifng,frangieh_melanoma_control,frangieh_melanoma_coculture,systema_centroid_accuracy,10,ridge_source_features,uq_mean_gene_variance,0.002372893010822236,243
frangieh_melanoma_ifng,frangieh_melanoma_control,frangieh_melanoma_coculture,systema_centroid_accuracy,10,ridge_source_features,uq_cosine_disagreement,0.013535563495901971,243
frangieh_melanoma_ifng,frangieh_melanoma_control,frangieh_melanoma_coculture,systema_centroid_accuracy,10,ridge_source_features,uq_effect_norm_variance,-0.016547639071692686,243
frangieh_melanoma_ifng,frangieh_melanoma_control,frangieh_melanoma_coculture,systema_centroid_accuracy,10,ridge_source_features,prediction_norm,0.002968227509139789,243
frangieh_melanoma_ifng,frangieh_melanoma_control,frangieh_melanoma_coculture,systema_centroid_accuracy,10,ridge_source_features,prediction_sparsity,0.00797886411023404,243
frangieh_melanoma_ifng,frangieh_melanoma_control,frangieh_melanoma_coculture,systema_centroid_accuracy,10,ridge_source_features,prediction_concentration,-0.003085122219877184,243
frangieh_melanoma_ifng,frangieh_melanoma_control,frangieh_melanoma_coculture,systema_centroid_accuracy,20,source_u_only,uq_cosine_disagreement,0.0018771693758110994,234
frangieh_melanoma_ifng,frangieh_melanoma_control,frangieh_melanoma_coculture,systema_centroid_accuracy,20,ridge_source_features,uq_mean_gene_variance,0.006415000986743878,234
frangieh_melanoma_ifng,frangieh_melanoma_control,frangieh_melanoma_coculture,systema_centroid_accuracy,20,ridge_source_features,uq_cosine_disagreement,0.010214062615570936,234
frangieh_melanoma_ifng,frangieh_melanoma_control,frangieh_melanoma_coculture,systema_centroid_accuracy,20,ridge_source_features,uq_effect_norm_variance,-0.012138458737555672,234
frangieh_melanoma_ifng,frangieh_melanoma_control,frangieh_melanoma_coculture,systema_centroid_accuracy,20,ridge_source_features,prediction_norm,0.004420252846647768,234
frangieh_melanoma_ifng,frangieh_melanoma_control,frangieh_melanoma_coculture,systema_centroid_accuracy,20,ridge_source_features,prediction_sparsity,0.00497899247899963,234
frangieh_melanoma_ifng,frangieh_melanoma_control,frangieh_melanoma_coculture,systema_centroid_accuracy,20,ridge_source_features,prediction_concentration,-0.003289683476565075,234
frangieh_melanoma_ifng,frangieh_melanoma_control,frangieh_melanoma_coculture,systema_centroid_accuracy,40,source_u_only,uq_cosine_disagreement,0.0006265462575205295,223
frangieh_melanoma_ifng,frangieh_melanoma_control,frangieh_melanoma_coculture,systema_centroid_accuracy,40,ridge_source_features,uq_mean_gene_variance,-0.0016347321019917712,223
frangieh_melanoma_ifng,frangieh_melanoma_control,frangieh_melanoma_coculture,systema_centroid_accuracy,40,ridge_source_features,uq_cosine_disagreement,-0.00921444730150716,223
frangieh_melanoma_ifng,frangieh_melanoma_control,frangieh_melanoma_coculture,systema_centroid_accuracy,40,ridge_source_features,uq_effect_norm_variance,0.010873291305506644,223
frangieh_melanoma_ifng,frangieh_melanoma_control,frangieh_melanoma_coculture,systema_centroid_accuracy,40,ridge_source_features,prediction_norm,-0.005027869847274435,223
frangieh_melanoma_ifng,frangieh_melanoma_control,frangieh_melanoma_coculture,systema_centroid_accuracy,40,ridge_source_features,prediction_sparsity,0.0021076464762345183,223
frangieh_melanoma_ifng,frangieh_melanoma_control,frangieh_melanoma_coculture,systema_centroid_accuracy,40,ridge_source_features,prediction_concentration,0.001778434645794521,223
frangieh_melanoma_ifng,frangieh_melanoma_control,frangieh_melanoma_coculture,systema_centroid_accuracy,80,source_u_only,uq_cosine_disagreement,-0.0019322328833889918,207
frangieh_melanoma_ifng,frangieh_melanoma_control,frangieh_melanoma_coculture,systema_centroid_accuracy,80,ridge_source_features,uq_mean_gene_variance,-0.013534955982966597,207
frangieh_melanoma_ifng,frangieh_melanoma_control,frangieh_melanoma_coculture,systema_centroid_accuracy,80,ridge_source_features,uq_cosine_disagreement,0.002775318505946281,207
frangieh_melanoma_ifng,frangieh_melanoma_control,frangieh_melanoma_coculture,systema_centroid_accuracy,80,ridge_source_features,uq_effect_norm_variance,0.02241886149440026,207
frangieh_melanoma_ifng,frangieh_melanoma_control,frangieh_melanoma_coculture,systema_centroid_accuracy,80,ridge_source_features,prediction_norm,-0.004367547035773479,207
frangieh_melanoma_ifng,frangieh_melanoma_control,frangieh_melanoma_coculture,systema_centroid_accuracy,80,ridge_source_features,prediction_sparsity,0.010804061625852174,207
frangieh_melanoma_ifng,frangieh_melanoma_control,frangieh_melanoma_coculture,systema_centroid_accuracy,80,ridge_source_features,prediction_concentration,-0.01337523773510835,207
frangieh_melanoma_ifng,frangieh_melanoma_control,frangieh_melanoma_coculture,systema_centroid_accuracy,160,source_u_only,uq_cosine_disagreement,0.002692954910645815,139
frangieh_melanoma_ifng,frangieh_melanoma_control,frangieh_melanoma_coculture,systema_centroid_accuracy,160,ridge_source_features,uq_mean_gene_variance,-0.002779970526315957,139
frangieh_melanoma_ifng,frangieh_melanoma_control,frangieh_melanoma_coculture,systema_centroid_accuracy,160,ridge_source_features,uq_cosine_disagreement,0.013171821969696993,139
frangieh_melanoma_ifng,frangieh_melanoma_control,frangieh_melanoma_coculture,systema_centroid_accuracy,160,ridge_source_features,uq_effect_norm_variance,0.0033006032131061994,139
frangieh_melanoma_ifng,frangieh_melanoma_control,frangieh_melanoma_coculture,systema_centroid_accuracy,160,ridge_source_features,prediction_norm,-0.0014038799268137273,139
frangieh_melanoma_ifng,frangieh_melanoma_control,frangieh_melanoma_coculture,systema_centroid_accuracy,160,ridge_source_features,prediction_sparsity,0.010998546389829094,139
frangieh_melanoma_ifng,frangieh_melanoma_control,frangieh_melanoma_coculture,systema_centroid_accuracy,160,ridge_source_features,prediction_concentration,-0.011747889722378254,139
frangieh_melanoma_ifng,frangieh_melanoma_control,frangieh_melanoma_coculture,systema_centroid_accuracy,full,source_u_only,uq_cosine_disagreement,-0.0018460194226556964,243
frangieh_melanoma_ifng,frangieh_melanoma_control,frangieh_melanoma_coculture,systema_centroid_accuracy,full,ridge_source_features,uq_mean_gene_variance,-0.016834967487562563,243
frangieh_melanoma_ifng,frangieh_melanoma_control,frangieh_melanoma_coculture,systema_centroid_accuracy,full,ridge_source_features,uq_cosine_disagreement,-0.01915945927173427,243
frangieh_melanoma_ifng,frangieh_melanoma_control,frangieh_melanoma_coculture,systema_centroid_accuracy,full,ridge_source_features,uq_effect_norm_variance,0.011710680585167367,243
frangieh_melanoma_ifng,frangieh_melanoma_control,frangieh_melanoma_coculture,systema_centroid_accuracy,full,ridge_source_features,prediction_norm,-0.0047503677415426495,243
frangieh_melanoma_ifng,frangieh_melanoma_control,frangieh_melanoma_coculture,systema_centroid_accuracy,full,ridge_source_features,prediction_sparsity,0.0027119408510066904,243
frangieh_melanoma_ifng,frangieh_melanoma_control,frangieh_melanoma_coculture,systema_centroid_accuracy,full,ridge_source_features,prediction_concentration,0.02465557387572313,243
frangieh_melanoma_ifng,frangieh_melanoma_control,frangieh_melanoma_ifng,absolute_effect_rank_agreement,10,source_u_only,uq_cosine_disagreement,-0.001268109461241334,243
frangieh_melanoma_ifng,frangieh_melanoma_control,frangieh_melanoma_ifng,absolute_effect_rank_agreement,10,ridge_source_features,uq_mean_gene_variance,-0.0028565127555131974,243
frangieh_melanoma_ifng,frangieh_melanoma_control,frangieh_melanoma_ifng,absolute_effect_rank_agreement,10,ridge_source_features,uq_cosine_disagreement,0.004445405457767854,243
frangieh_melanoma_ifng,frangieh_melanoma_control,frangieh_melanoma_ifng,absolute_effect_rank_agreement,10,ridge_source_features,uq_effect_norm_variance,-0.004442502221336652,243
frangieh_melanoma_ifng,frangieh_melanoma_control,frangieh_melanoma_ifng,absolute_effect_rank_agreement,10,ridge_source_features,prediction_norm,-6.140488307780143e-05,243
frangieh_melanoma_ifng,frangieh_melanoma_control,frangieh_melanoma_ifng,absolute_effect_rank_agreement,10,ridge_source_features,prediction_sparsity,0.0009113143774720257,243
frangieh_melanoma_ifng,frangieh_melanoma_control,frangieh_melanoma_ifng,absolute_effect_rank_agreement,10,ridge_source_features,prediction_concentration,0.0009870500820834064,243
frangieh_melanoma_ifng,frangieh_melanoma_control,frangieh_melanoma_ifng,absolute_effect_rank_agreement,20,source_u_only,uq_cosine_disagreement,0.0026969047485132357,235
frangieh_melanoma_ifng,frangieh_melanoma_control,frangieh_melanoma_ifng,absolute_effect_rank_agreement,20,ridge_source_features,uq_mean_gene_variance,-0.00457109924368989,235
frangieh_melanoma_ifng,frangieh_melanoma_control,frangieh_melanoma_ifng,absolute_effect_rank_agreement,20,ridge_source_features,uq_cosine_disagreement,0.006423933772668365,235
frangieh_melanoma_ifng,frangieh_melanoma_control,frangieh_melanoma_ifng,absolute_effect_rank_agreement,20,ridge_source_features,uq_effect_norm_variance,0.0027502254256440923,235
frangieh_melanoma_ifng,frangieh_melanoma_control,frangieh_melanoma_ifng,absolute_effect_rank_agreement,20,ridge_source_features,prediction_norm,-0.003445051423953706,235
frangieh_melanoma_ifng,frangieh_melanoma_control,frangieh_melanoma_ifng,absolute_effect_rank_agreement,20,ridge_source_features,prediction_sparsity,-0.0006485626062886236,235
frangieh_melanoma_ifng,frangieh_melanoma_control,frangieh_melanoma_ifng,absolute_effect_rank_agreement,20,ridge_source_features,prediction_concentration,-0.002353390754025688,235
frangieh_melanoma_ifng,frangieh_melanoma_control,frangieh_melanoma_ifng,absolute_effect_rank_agreement,40,source_u_only,uq_cosine_disagreement,7.704376050719295e-05,226
frangieh_melanoma_ifng,frangieh_melanoma_control,frangieh_melanoma_ifng,absolute_effect_rank_agreement,40,ridge_source_features,uq_mean_gene_variance,-0.0030152560875786037,226
frangieh_melanoma_ifng,frangieh_melanoma_control,frangieh_melanoma_ifng,absolute_effect_rank_agreement,40,ridge_source_features,uq_cosine_disagreement,0.0006196390848792148,226
frangieh_melanoma_ifng,frangieh_melanoma_control,frangieh_melanoma_ifng,absolute_effect_rank_agreement,40,ridge_source_features,uq_effect_norm_variance,-0.005631448536202355,226
frangieh_melanoma_ifng,frangieh_melanoma_control,frangieh_melanoma_ifng,absolute_effect_rank_agreement,40,ridge_source_features,prediction_norm,0.0029181418077579287,226
frangieh_melanoma_ifng,frangieh_melanoma_control,frangieh_melanoma_ifng,absolute_effect_rank_agreement,40,ridge_source_features,prediction_sparsity,0.0005064280489860502,226
frangieh_melanoma_ifng,frangieh_melanoma_control,frangieh_melanoma_ifng,absolute_effect_rank_agreement,40,ridge_source_features,prediction_concentration,0.008113814789877336,226
frangieh_melanoma_ifng,frangieh_melanoma_control,frangieh_melanoma_ifng,absolute_effect_rank_agreement,80,source_u_only,uq_cosine_disagreement,-0.00036611745540781666,208
frangieh_melanoma_ifng,frangieh_melanoma_control,frangieh_melanoma_ifng,absolute_effect_rank_agreement,80,ridge_source_features,uq_mean_gene_variance,0.002725109150689343,208
frangieh_melanoma_ifng,frangieh_melanoma_control,frangieh_melanoma_ifng,absolute_effect_rank_agreement,80,ridge_source_features,uq_cosine_disagreement,-0.008953910047513669,208
frangieh_melanoma_ifng,frangieh_melanoma_control,frangieh_melanoma_ifng,absolute_effect_rank_agreement,80,ridge_source_features,uq_effect_norm_variance,0.0029902970368353484,208
frangieh_melanoma_ifng,frangieh_melanoma_control,frangieh_melanoma_ifng,absolute_effect_rank_agreement,80,ridge_source_features,prediction_norm,0.0007022805256651512,208
frangieh_melanoma_ifng,frangieh_melanoma_control,frangieh_melanoma_ifng,absolute_effect_rank_agreement,80,ridge_source_features,prediction_sparsity,-0.002133011996277962,208
frangieh_melanoma_ifng,frangieh_melanoma_control,frangieh_melanoma_ifng,absolute_effect_rank_agreement,80,ridge_source_features,prediction_concentration,0.0035775214707148267,208
frangieh_melanoma_ifng,frangieh_melanoma_control,frangieh_melanoma_ifng,absolute_effect_rank_agreement,160,source_u_only,uq_cosine_disagreement,0.005532897005593887,139
frangieh_melanoma_ifng,frangieh_melanoma_control,frangieh_melanoma_ifng,absolute_effect_rank_agreement,160,ridge_source_features,uq_mean_gene_variance,-0.00834342613470152,139
frangieh_melanoma_ifng,frangieh_melanoma_control,frangieh_melanoma_ifng,absolute_effect_rank_agreement,160,ridge_source_features,uq_cosine_disagreement,0.002166659283673646,139
frangieh_melanoma_ifng,frangieh_melanoma_control,frangieh_melanoma_ifng,absolute_effect_rank_agreement,160,ridge_source_features,uq_effect_norm_variance,0.01900018818159448,139
frangieh_melanoma_ifng,frangieh_melanoma_control,frangieh_melanoma_ifng,absolute_effect_rank_agreement,160,ridge_source_features,prediction_norm,-0.00852669109577818,139
frangieh_melanoma_ifng,frangieh_melanoma_control,frangieh_melanoma_ifng,absolute_effect_rank_agreement,160,ridge_source_features,prediction_sparsity,-0.000638087736046844,139
frangieh_melanoma_ifng,frangieh_melanoma_control,frangieh_melanoma_ifng,absolute_effect_rank_agreement,160,ridge_source_features,prediction_concentration,-0.007121178790612096,139
frangieh_melanoma_ifng,frangieh_melanoma_control,frangieh_melanoma_ifng,absolute_effect_rank_agreement,160,source_u_only,uq_cosine_disagreement,0.004355327984846714,139
frangieh_melanoma_ifng,frangieh_melanoma_control,frangieh_melanoma_ifng,absolute_effect_rank_agreement,160,ridge_source_features,uq_mean_gene_variance,-0.006084624487972093,139
frangieh_melanoma_ifng,frangieh_melanoma_control,frangieh_melanoma_ifng,absolute_effect_rank_agreement,160,ridge_source_features,uq_cosine_disagreement,-0.00371789354979086,139
frangieh_melanoma_ifng,frangieh_melanoma_control,frangieh_melanoma_ifng,absolute_effect_rank_agreement,160,ridge_source_features,uq_effect_norm_variance,0.01944172489899028,139
frangieh_melanoma_ifng,frangieh_melanoma_control,frangieh_melanoma_ifng,absolute_effect_rank_agreement,160,ridge_source_features,prediction_norm,-0.008963487586737588,139
frangieh_melanoma_ifng,frangieh_melanoma_control,frangieh_melanoma_ifng,absolute_effect_rank_agreement,160,ridge_source_features,prediction_sparsity,-0.00042890130189589655,139
frangieh_melanoma_ifng,frangieh_melanoma_control,frangieh_melanoma_ifng,absolute_effect_rank_agreement,160,ridge_source_features,prediction_concentration,-0.004704685583015543,139
frangieh_melanoma_ifng,frangieh_melanoma_control,frangieh_melanoma_ifng,absolute_effect_rank_agreement,full,source_u_only,uq_cosine_disagreement,6.44377847463553e-05,243
frangieh_melanoma_ifng,frangieh_melanoma_control,frangieh_melanoma_ifng,absolute_effect_rank_agreement,full,ridge_source_features,uq_mean_gene_variance,0.005771393137796045,243
frangieh_melanoma_ifng,frangieh_melanoma_control,frangieh_melanoma_ifng,absolute_effect_rank_agreement,full,ridge_source_features,uq_cosine_disagreement,-0.011221582820398823,243
frangieh_melanoma_ifng,frangieh_melanoma_control,frangieh_melanoma_ifng,absolute_effect_rank_agreement,full,ridge_source_features,uq_effect_norm_variance,-0.005178266241539518,243
frangieh_melanoma_ifng,frangieh_melanoma_control,frangieh_melanoma_ifng,absolute_effect_rank_agreement,full,ridge_source_features,prediction_norm,0.0012716141932571732,243
frangieh_melanoma_ifng,frangieh_melanoma_control,frangieh_melanoma_ifng,absolute_effect_rank_agreement,full,ridge_source_features,prediction_sparsity,0.0016750337376255908,243
frangieh_melanoma_ifng,frangieh_melanoma_control,frangieh_melanoma_ifng,absolute_effect_rank_agreement,full,ridge_source_features,prediction_concentration,0.012148112831340095,243
frangieh_melanoma_ifng,frangieh_melanoma_control,frangieh_melanoma_ifng,delta_cosine,10,source_u_only,uq_cosine_disagreement,-0.0020525641970385294,243
frangieh_melanoma_ifng,frangieh_melanoma_control,frangieh_melanoma_ifng,delta_cosine,10,ridge_source_features,uq_mean_gene_variance,0.002585828521478495,243
frangieh_melanoma_ifng,frangieh_melanoma_control,frangieh_melanoma_ifng,delta_cosine,10,ridge_source_features,uq_cosine_disagreement,0.0008993282211996074,243
frangieh_melanoma_ifng,frangieh_melanoma_control,frangieh_melanoma_ifng,delta_cosine,10,ridge_source_features,uq_effect_norm_variance,0.005022641388297684,243
frangieh_melanoma_ifng,frangieh_melanoma_control,frangieh_melanoma_ifng,delta_cosine,10,ridge_source_features,prediction_norm,-0.0025262025817944247,243
frangieh_melanoma_ifng,frangieh_melanoma_control,frangieh_melanoma_ifng,delta_cosine,10,ridge_source_features,prediction_sparsity,-0.0001294259709551474,243
frangieh_melanoma_ifng,frangieh_melanoma_control,frangieh_melanoma_ifng,delta_cosine,10,ridge_source_features,prediction_concentration,-0.010971016629156229,243
frangieh_melanoma_ifng,frangieh_melanoma_control,frangieh_melanoma_ifng,delta_cosine,20,source_u_only,uq_cosine_disagreement,-0.007524265261495446,235
frangieh_melanoma_ifng,frangieh_melanoma_control,frangieh_melanoma_ifng,delta_cosine,20,ridge_source_features,uq_mean_gene_variance,0.00032743659837335863,235
frangieh_melanoma_ifng,frangieh_melanoma_control,frangieh_melanoma_ifng,delta_cosine,20,ridge_source_features,uq_cosine_disagreement,0.001221796633306991,235
frangieh_melanoma_ifng,frangieh_melanoma_control,frangieh_melanoma_ifng,delta_cosine,20,ridge_source_features,uq_effect_norm_variance,-0.020714110005286945,235
frangieh_melanoma_ifng,frangieh_melanoma_control,frangieh_melanoma_ifng,delta_cosine,20,ridge_source_features,prediction_norm,0.0035386746843347316,235
frangieh_melanoma_ifng,frangieh_melanoma_control,frangieh_melanoma_ifng,delta_cosine,20,ridge_source_features,prediction_sparsity,0.0009763985771412761,235
frangieh_melanoma_ifng,frangieh_melanoma_control,frangieh_melanoma_ifng,delta_cosine,20,ridge_source_features,prediction_concentration,0.010775435093855817,235
frangieh_melanoma_ifng,frangieh_melanoma_control,frangieh_melanoma_ifng,delta_cosine,40,source_u_only,uq_cosine_disagreement,-0.005341703949556565,226
frangieh_melanoma_ifng,frangieh_melanoma_control,frangieh_melanoma_ifng,delta_cosine,40,ridge_source_features,uq_mean_gene_variance,0.008915134727317451,226
frangieh_melanoma_ifng,frangieh_melanoma_control,frangieh_melanoma_ifng,delta_cosine,40,ridge_source_features,uq_cosine_disagreement,0.0024283550304386795,226
frangieh_melanoma_ifng,frangieh_melanoma_control,frangieh_melanoma_ifng,delta_cosine,40,ridge_source_features,uq_effect_norm_variance,-0.004718677526645415,226
frangieh_melanoma_ifng,frangieh_melanoma_control,frangieh_melanoma_ifng,delta_cosine,40,ridge_source_features,prediction_norm,0.00722432353532404,226
frangieh_melanoma_ifng,frangieh_melanoma_control,frangieh_melanoma_ifng,delta_cosine,40,ridge_source_features,prediction_sparsity,0.004862473364405387,226
frangieh_melanoma_ifng,frangieh_melanoma_control,frangieh_melanoma_ifng,delta_cosine,40,ridge_source_features,prediction_concentration,-0.012594750802852002,226
frangieh_melanoma_ifng,frangieh_melanoma_control,frangieh_melanoma_ifng,delta_cosine,80,source_u_only,uq_cosine_disagreement,-0.009789892724811409,208
frangieh_melanoma_ifng,frangieh_melanoma_control,frangieh_melanoma_ifng,delta_cosine,80,ridge_source_features,uq_mean_gene_variance,0.009780579366217804,208
frangieh_melanoma_ifng,frangieh_melanoma_control,frangieh_melanoma_ifng,delta_cosine,80,ridge_source_features,uq_cosine_disagreement,-0.024875511054650586,208
frangieh_melanoma_ifng,frangieh_melanoma_control,frangieh_melanoma_ifng,delta_cosine,80,ridge_source_features,uq_effect_norm_variance,0.014485855436221558,208
frangieh_melanoma_ifng,frangieh_melanoma_control,frangieh_melanoma_ifng,delta_cosine,80,ridge_source_features,prediction_norm,-0.004543005323111026,208
frangieh_melanoma_ifng,frangieh_melanoma_control,frangieh_melanoma_ifng,delta_cosine,80,ridge_source_features,prediction_sparsity,0.0012993260606868247,208
frangieh_melanoma_ifng,frangieh_melanoma_control,frangieh_melanoma_ifng,delta_cosine,80,ridge_source_features,prediction_concentration,-0.007693143165497695,208
frangieh_melanoma_ifng,frangieh_melanoma_control,frangieh_melanoma_ifng,delta_cosine,160,source_u_only,uq_cosine_disagreement,-0.0013615731094557672,139
frangieh_melanoma_ifng,frangieh_melanoma_control,frangieh_melanoma_ifng,delta_cosine,160,ridge_source_features,uq_mean_gene_variance,-0.016539360674177318,139
frangieh_melanoma_ifng,frangieh_melanoma_control,frangieh_melanoma_ifng,delta_cosine,160,ridge_source_features,uq_cosine_disagreement,-0.007815172632823239,139
frangieh_melanoma_ifng,frangieh_melanoma_control,frangieh_melanoma_ifng,delta_cosine,160,ridge_source_features,uq_effect_norm_variance,0.05662982758631233,139
frangieh_melanoma_ifng,frangieh_melanoma_control,frangieh_melanoma_ifng,delta_cosine,160,ridge_source_features,prediction_norm,-0.00993932314001825,139
frangieh_melanoma_ifng,frangieh_melanoma_control,frangieh_melanoma_ifng,delta_cosine,160,ridge_source_features,prediction_sparsity,0.00457564208428143,139
frangieh_melanoma_ifng,frangieh_melanoma_control,frangieh_melanoma_ifng,delta_cosine,160,ridge_source_features,prediction_concentration,-0.03339084779390551,139
frangieh_melanoma_ifng,frangieh_melanoma_control,frangieh_melanoma_ifng,delta_cosine,full,source_u_only,uq_cosine_disagreement,-0.00027443839284540795,243
frangieh_melanoma_ifng,frangieh_melanoma_control,frangieh_melanoma_ifng,delta_cosine,full,ridge_source_features,uq_mean_gene_variance,0.03604617401326951,243
frangieh_melanoma_ifng,frangieh_melanoma_control,frangieh_melanoma_ifng,delta_cosine,full,ridge_source_features,uq_cosine_disagreement,-0.005964316935427021,243
frangieh_melanoma_ifng,frangieh_melanoma_control,frangieh_melanoma_ifng,delta_cosine,full,ridge_source_features,uq_effect_norm_variance,-0.014208156083448293,243
frangieh_melanoma_ifng,frangieh_melanoma_control,frangieh_melanoma_ifng,delta_cosine,full,ridge_source_features,prediction_norm,0.010233166340405846,243
frangieh_melanoma_ifng,frangieh_melanoma_control,frangieh_melanoma_ifng,delta_cosine,full,ridge_source_features,prediction_sparsity,-0.0012238752245645134,243
frangieh_melanoma_ifng,frangieh_melanoma_control,frangieh_melanoma_ifng,delta_cosine,full,ridge_source_features,prediction_concentration,-0.015590987074804542,243
frangieh_melanoma_ifng,frangieh_melanoma_control,frangieh_melanoma_ifng,systema_centroid_accuracy,10,source_u_only,uq_cosine_disagreement,0.0005216650255021702,243
frangieh_melanoma_ifng,frangieh_melanoma_control,frangieh_melanoma_ifng,systema_centroid_accuracy,10,ridge_source_features,uq_mean_gene_variance,-0.006332691772333924,243
frangieh_melanoma_ifng,frangieh_melanoma_control,frangieh_melanoma_ifng,systema_centroid_accuracy,10,ridge_source_features,uq_cosine_disagreement,0.013110122531941534,243
frangieh_melanoma_ifng,frangieh_melanoma_control,frangieh_melanoma_ifng,systema_centroid_accuracy,10,ridge_source_features,uq_effect_norm_variance,-0.010504814989123165,243
frangieh_melanoma_ifng,frangieh_melanoma_control,frangieh_melanoma_ifng,systema_centroid_accuracy,10,ridge_source_features,prediction_norm,0.0015279984242135693,243
frangieh_melanoma_ifng,frangieh_melanoma_control,frangieh_melanoma_ifng,systema_centroid_accuracy,10,ridge_source_features,prediction_sparsity,0.0023600825630654956,243
frangieh_melanoma_ifng,frangieh_melanoma_control,frangieh_melanoma_ifng,systema_centroid_accuracy,10,ridge_source_features,prediction_concentration,0.0029523629337428574,243
frangieh_melanoma_ifng,frangieh_melanoma_control,frangieh_melanoma_ifng,systema_centroid_accuracy,20,source_u_only,uq_cosine_disagreement,0.0004263182551076814,235
frangieh_melanoma_ifng,frangieh_melanoma_control,frangieh_melanoma_ifng,systema_centroid_accuracy,20,ridge_source_features,uq_mean_gene_variance,0.0003515017853096399,235
frangieh_melanoma_ifng,frangieh_melanoma_control,frangieh_melanoma_ifng,systema_centroid_accuracy,20,ridge_source_features,uq_cosine_disagreement,0.007066524312906243,235
frangieh_melanoma_ifng,frangieh_melanoma_control,frangieh_melanoma_ifng,systema_centroid_accuracy,20,ridge_source_features,uq_effect_norm_variance,-0.005199575210767161,235
frangieh_melanoma_ifng,frangieh_melanoma_control,frangieh_melanoma_ifng,systema_centroid_accuracy,20,ridge_source_features,prediction_norm,0.00583080301528626,235
frangieh_melanoma_ifng,frangieh_melanoma_control,frangieh_melanoma_ifng,systema_centroid_accuracy,20,ridge_source_features,prediction_sparsity,0.00034767569122473894,235
frangieh_melanoma_ifng,frangieh_melanoma_control,frangieh_melanoma_ifng,systema_centroid_accuracy,20,ridge_source_features,prediction_concentration,-0.0025231022634637766,235
frangieh_melanoma_ifng,frangieh_melanoma_control,frangieh_melanoma_ifng,systema_centroid_accuracy,40,source_u_only,uq_cosine_disagreement,-0.0012570694437108354,226
frangieh_melanoma_ifng,frangieh_melanoma_control,frangieh_melanoma_ifng,systema_centroid_accuracy,40,ridge_source_features,uq_mean_gene_variance,-0.007627821788164153,226
frangieh_melanoma_ifng,frangieh_melanoma_control,frangieh_melanoma_ifng,systema_centroid_accuracy,40,ridge_source_features,uq_cosine_disagreement,-0.0008483872042942938,226
frangieh_melanoma_ifng,frangieh_melanoma_control,frangieh_melanoma_ifng,systema_centroid_accuracy,40,ridge_source_features,uq_effect_norm_variance,0.011953880244659347,226
frangieh_melanoma_ifng,frangieh_melanoma_control,frangieh_melanoma_ifng,systema_centroid_accuracy,40,ridge_source_features,prediction_norm,-0.005285041104117933,226
frangieh_melanoma_ifng,frangieh_melanoma_control,frangieh_melanoma_ifng,systema_centroid_accuracy,40,ridge_source_features,prediction_sparsity,0.0031572077872238243,226
frangieh_melanoma_ifng,frangieh_melanoma_control,frangieh_melanoma_ifng,systema_centroid_accuracy,40,ridge_source_features,prediction_concentration,-0.004660295370711655,226
frangieh_melanoma_ifng,frangieh_melanoma_control,frangieh_melanoma_ifng,systema_centroid_accuracy,80,source_u_only,uq_cosine_disagreement,0.0037439920027825652,208
frangieh_melanoma_ifng,frangieh_melanoma_control,frangieh_melanoma_ifng,systema_centroid_accuracy,80,ridge_source_features,uq_mean_gene_variance,-0.01635722812747751,208
frangieh_melanoma_ifng,frangieh_melanoma_control,frangieh_melanoma_ifng,systema_centroid_accuracy,80,ridge_source_features,uq_cosine_disagreement,0.01909698524052054,208
frangieh_melanoma_ifng,frangieh_melanoma_control,frangieh_melanoma_ifng,systema_centroid_accuracy,80,ridge_source_features,uq_effect_norm_variance,0.0012149511993970392,208
frangieh_melanoma_ifng,frangieh_melanoma_control,frangieh_melanoma_ifng,systema_centroid_accuracy,80,ridge_source_features,prediction_norm,-0.0017431016148102007,208
frangieh_melanoma_ifng,frangieh_melanoma_control,frangieh_melanoma_ifng,systema_centroid_accuracy,80,ridge_source_features,prediction_sparsity,0.0019752374508166535,208
frangieh_melanoma_ifng,frangieh_melanoma_control,frangieh_melanoma_ifng,systema_centroid_accuracy,80,ridge_source_features,prediction_concentration,-0.0015630070138368131,208
frangieh_melanoma_ifng,frangieh_melanoma_control,frangieh_melanoma_ifng,systema_centroid_accuracy,160,source_u_only,uq_cosine_disagreement,-0.0007424012782468195,139
frangieh_melanoma_ifng,frangieh_melanoma_control,frangieh_melanoma_ifng,systema_centroid_accuracy,160,ridge_source_features,uq_mean_gene_variance,-0.01199746990817092,139
frangieh_melanoma_ifng,frangieh_melanoma_control,frangieh_melanoma_ifng,systema_centroid_accuracy,160,ridge_source_features,uq_cosine_disagreement,-0.020963965541440314,139
frangieh_melanoma_ifng,frangieh_melanoma_control,frangieh_melanoma_ifng,systema_centroid_accuracy,160,ridge_source_features,uq_effect_norm_variance,0.040696982579205815,139
frangieh_melanoma_ifng,frangieh_melanoma_control,frangieh_melanoma_ifng,systema_centroid_accuracy,160,ridge_source_features,prediction_norm,-0.00901599585358305,139
frangieh_melanoma_ifng,frangieh_melanoma_control,frangieh_melanoma_ifng,systema_centroid_accuracy,160,ridge_source_features,prediction_sparsity,0.001550811565964815,139
frangieh_melanoma_ifng,frangieh_melanoma_control,frangieh_melanoma_ifng,systema_centroid_accuracy,160,ridge_source_features,prediction_concentration,-0.0069485764424600015,139
frangieh_melanoma_ifng,frangieh_melanoma_control,frangieh_melanoma_ifng,systema_centroid_accuracy,full,source_u_only,uq_cosine_disagreement,-0.0008307174818420826,243
frangieh_melanoma_ifng,frangieh_melanoma_control,frangieh_melanoma_ifng,systema_centroid_accuracy,full,ridge_source_features,uq_mean_gene_variance,-0.00866714434638838,243
frangieh_melanoma_ifng,frangieh_melanoma_control,frangieh_melanoma_ifng,systema_centroid_accuracy,full,ridge_source_features,uq_cosine_disagreement,-0.01168755048468046,243
frangieh_melanoma_ifng,frangieh_melanoma_control,frangieh_melanoma_ifng,systema_centroid_accuracy,full,ridge_source_features,uq_effect_norm_variance,0.012310876808100998,243
frangieh_melanoma_ifng,frangieh_melanoma_control,frangieh_melanoma_ifng,systema_centroid_accuracy,full,ridge_source_features,prediction_norm,-0.0074795093198510845,243
frangieh_melanoma_ifng,frangieh_melanoma_control,frangieh_melanoma_ifng,systema_centroid_accuracy,full,ridge_source_features,prediction_sparsity,0.0016507885904396753,243
frangieh_melanoma_ifng,frangieh_melanoma_control,frangieh_melanoma_ifng,systema_centroid_accuracy,full,ridge_source_features,prediction_concentration,0.00855822399063209,243
