source_environment_id,left_target_environment_id,right_target_environment_id,metric,cell_budget_label,model,status,n_labels,spearman,auroc_high_identifiable,calibration_brier,calibration_threshold,calibration_status,mean_absolute_error,source_only_features,target_outcome_used_only_for_evaluation,dataset,dataset_split,feature_set,source_dataset,target_dataset,reason
frangieh_melanoma_coculture,frangieh_melanoma_coculture,frangieh_melanoma_ifng,absolute_effect_rank_agreement,10,source_u_only,executed,186,-0.13954527081003223,0.39819632327436694,,,not_reported_train_fold_only_no_posthoc_target_calibration,0.022176537761662816,uq_cosine_disagreement,True,FrangiehIzar2021_RNA,within_dataset_leave_one_perturbation_label_out,fixed_source_only_v2,,,
frangieh_melanoma_coculture,frangieh_melanoma_coculture,frangieh_melanoma_ifng,absolute_effect_rank_agreement,10,linear_source_features,executed,186,-0.2179436193549075,0.3787721123829344,,,not_reported_train_fold_only_no_posthoc_target_calibration,0.022894550229269554,uq_cosine_disagreement;uq_mean_gene_variance;uq_effect_norm_variance;prediction_norm;prediction_sparsity;prediction_concentration,True,FrangiehIzar2021_RNA,within_dataset_leave_one_perturbation_label_out,fixed_source_only_v2,,,
frangieh_melanoma_coculture,frangieh_melanoma_coculture,frangieh_melanoma_ifng,absolute_effect_rank_agreement,160,source_u_only,executed,186,-0.3165546481773283,0.3135622615331252,,,not_reported_train_fold_only_no_posthoc_target_calibration,0.02494886341661748,uq_cosine_disagreement,True,FrangiehIzar2021_RNA,within_dataset_leave_one_perturbation_label_out,fixed_source_only_v2,,,
frangieh_melanoma_coculture,frangieh_melanoma_coculture,frangieh_melanoma_ifng,absolute_effect_rank_agreement,160,linear_source_features,executed,186,-0.15940535711982304,0.39125910509885536,,,not_reported_train_fold_only_no_posthoc_target_calibration,0.025564023364716002,uq_cosine_disagreement;uq_mean_gene_variance;uq_effect_norm_variance;prediction_norm;prediction_sparsity;prediction_concentration,True,FrangiehIzar2021_RNA,within_dataset_leave_one_perturbation_label_out,fixed_source_only_v2,,,
frangieh_melanoma_coculture,frangieh_melanoma_coculture,frangieh_melanoma_ifng,absolute_effect_rank_agreement,20,source_u_only,executed,186,-0.06043867153717522,0.48306162562145916,,,not_reported_train_fold_only_no_posthoc_target_calibration,0.02454413318450469,uq_cosine_disagreement,True,FrangiehIzar2021_RNA,within_dataset_leave_one_perturbation_label_out,fixed_source_only_v2,,,
frangieh_melanoma_coculture,frangieh_melanoma_coculture,frangieh_melanoma_ifng,absolute_effect_rank_agreement,20,linear_source_features,executed,186,-0.05446909532723454,0.4783211932015262,,,not_reported_train_fold_only_no_posthoc_target_calibration,0.024923847942908625,uq_cosine_disagreement;uq_mean_gene_variance;uq_effect_norm_variance;prediction_norm;prediction_sparsity;prediction_concentration,True,FrangiehIzar2021_RNA,within_dataset_leave_one_perturbation_label_out,fixed_source_only_v2,,,
frangieh_melanoma_coculture,frangieh_melanoma_coculture,frangieh_melanoma_ifng,absolute_effect_rank_agreement,40,source_u_only,executed,186,-0.06579839944816783,0.4184298762862758,,,not_reported_train_fold_only_no_posthoc_target_calibration,0.02035955493738829,uq_cosine_disagreement,True,FrangiehIzar2021_RNA,within_dataset_leave_one_perturbation_label_out,fixed_source_only_v2,,,
frangieh_melanoma_coculture,frangieh_melanoma_coculture,frangieh_melanoma_ifng,absolute_effect_rank_agreement,40,linear_source_features,executed,186,-0.0033596222453114158,0.482946005318534,,,not_reported_train_fold_only_no_posthoc_target_calibration,0.020625567940373853,uq_cosine_disagreement;uq_mean_gene_variance;uq_effect_norm_variance;prediction_norm;prediction_sparsity;prediction_concentration,True,FrangiehIzar2021_RNA,within_dataset_leave_one_perturbation_label_out,fixed_source_only_v2,,,
frangieh_melanoma_coculture,frangieh_melanoma_coculture,frangieh_melanoma_ifng,absolute_effect_rank_agreement,80,source_u_only,executed,186,-0.7503939607019762,0.15435310440513356,,,not_reported_train_fold_only_no_posthoc_target_calibration,0.022829524004328403,uq_cosine_disagreement,True,FrangiehIzar2021_RNA,within_dataset_leave_one_perturbation_label_out,fixed_source_only_v2,,,
frangieh_melanoma_coculture,frangieh_melanoma_coculture,frangieh_melanoma_ifng,absolute_effect_rank_agreement,80,linear_source_features,executed,186,-0.04685101851680239,0.46016880564227075,,,not_reported_train_fold_only_no_posthoc_target_calibration,0.02298805306018544,uq_cosine_disagreement;uq_mean_gene_variance;uq_effect_norm_variance;prediction_norm;prediction_sparsity;prediction_concentration,True,FrangiehIzar2021_RNA,within_dataset_leave_one_perturbation_label_out,fixed_source_only_v2,,,
frangieh_melanoma_coculture,frangieh_melanoma_coculture,frangieh_melanoma_ifng,absolute_effect_rank_agreement,full,source_u_only,executed,186,-0.17928762182615307,0.4438663429298185,,,not_reported_train_fold_only_no_posthoc_target_calibration,0.04978798668797886,uq_cosine_disagreement,True,FrangiehIzar2021_RNA,within_dataset_leave_one_perturbation_label_out,fixed_source_only_v2,,,
frangieh_melanoma_coculture,frangieh_melanoma_coculture,frangieh_melanoma_ifng,absolute_effect_rank_agreement,full,linear_source_features,executed,186,-0.27219420450679793,0.3947277141866112,,,not_reported_train_fold_only_no_posthoc_target_calibration,0.05061150849184466,uq_cosine_disagreement;uq_mean_gene_variance;uq_effect_norm_variance;prediction_norm;prediction_sparsity;prediction_concentration,True,FrangiehIzar2021_RNA,within_dataset_leave_one_perturbation_label_out,fixed_source_only_v2,,,
frangieh_melanoma_coculture,frangieh_melanoma_coculture,frangieh_melanoma_ifng,delta_cosine,10,source_u_only,executed,186,-0.16305653255561692,0.3999306278182449,,,not_reported_train_fold_only_no_posthoc_target_calibration,0.03456803623948234,uq_cosine_disagreement,True,FrangiehIzar2021_RNA,within_dataset_leave_one_perturbation_label_out,fixed_source_only_v2,,,
frangieh_melanoma_coculture,frangieh_melanoma_coculture,frangieh_melanoma_ifng,delta_cosine,10,linear_source_features,executed,186,-0.05431332545104949,0.48410220834778583,,,not_reported_train_fold_only_no_posthoc_target_calibration,0.03446372361240522,uq_cosine_disagreement;uq_mean_gene_variance;uq_effect_norm_variance;prediction_norm;prediction_sparsity;prediction_concentration,True,FrangiehIzar2021_RNA,within_dataset_leave_one_perturbation_label_out,fixed_source_only_v2,,,
frangieh_melanoma_coculture,frangieh_melanoma_coculture,frangieh_melanoma_ifng,delta_cosine,160,source_u_only,executed,186,-0.06839739528277344,0.43276679384899985,,,not_reported_train_fold_only_no_posthoc_target_calibration,0.05903980508642656,uq_cosine_disagreement,True,FrangiehIzar2021_RNA,within_dataset_leave_one_perturbation_label_out,fixed_source_only_v2,,,
frangieh_melanoma_coculture,frangieh_melanoma_coculture,frangieh_melanoma_ifng,delta_cosine,160,linear_source_features,executed,186,0.042007070802281374,0.5176320961960921,,,not_reported_train_fold_only_no_posthoc_target_calibration,0.05869473248292993,uq_cosine_disagreement;uq_mean_gene_variance;uq_effect_norm_variance;prediction_norm;prediction_sparsity;prediction_concentration,True,FrangiehIzar2021_RNA,within_dataset_leave_one_perturbation_label_out,fixed_source_only_v2,,,
frangieh_melanoma_coculture,frangieh_melanoma_coculture,frangieh_melanoma_ifng,delta_cosine,20,source_u_only,executed,186,-0.21197823664616833,0.36270089027633257,,,not_reported_train_fold_only_no_posthoc_target_calibration,0.03774944254163004,uq_cosine_disagreement,True,FrangiehIzar2021_RNA,within_dataset_leave_one_perturbation_label_out,fixed_source_only_v2,,,
frangieh_melanoma_coculture,frangieh_melanoma_coculture,frangieh_melanoma_ifng,delta_cosine,20,linear_source_features,executed,186,-0.13966683606152294,0.42594519597641345,,,not_reported_train_fold_only_no_posthoc_target_calibration,0.037646441552395826,uq_cosine_disagreement;uq_mean_gene_variance;uq_effect_norm_variance;prediction_norm;prediction_sparsity;prediction_concentration,True,FrangiehIzar2021_RNA,within_dataset_leave_one_perturbation_label_out,fixed_source_only_v2,,,
frangieh_melanoma_coculture,frangieh_melanoma_coculture,frangieh_melanoma_ifng,delta_cosine,40,source_u_only,executed,186,-0.18060235284904816,0.40663660538790614,,,not_reported_train_fold_only_no_posthoc_target_calibration,0.041364190675872256,uq_cosine_disagreement,True,FrangiehIzar2021_RNA,within_dataset_leave_one_perturbation_label_out,fixed_source_only_v2,,,
frangieh_melanoma_coculture,frangieh_melanoma_coculture,frangieh_melanoma_ifng,delta_cosine,40,linear_source_features,executed,186,-0.1873737988306358,0.41681119204532313,,,not_reported_train_fold_only_no_posthoc_target_calibration,0.04169343563263906,uq_cosine_disagreement;uq_mean_gene_variance;uq_effect_norm_variance;prediction_norm;prediction_sparsity;prediction_concentration,True,FrangiehIzar2021_RNA,within_dataset_leave_one_perturbation_label_out,fixed_source_only_v2,,,
frangieh_melanoma_coculture,frangieh_melanoma_coculture,frangieh_melanoma_ifng,delta_cosine,80,source_u_only,executed,186,-0.21914441180372662,0.402358654179674,,,not_reported_train_fold_only_no_posthoc_target_calibration,0.04875989855960136,uq_cosine_disagreement,True,FrangiehIzar2021_RNA,within_dataset_leave_one_perturbation_label_out,fixed_source_only_v2,,,
frangieh_melanoma_coculture,frangieh_melanoma_coculture,frangieh_melanoma_ifng,delta_cosine,80,linear_source_features,executed,186,-0.06506449990145705,0.4839865880448606,,,not_reported_train_fold_only_no_posthoc_target_calibration,0.048741369419340326,uq_cosine_disagreement;uq_mean_gene_variance;uq_effect_norm_variance;prediction_norm;prediction_sparsity;prediction_concentration,True,FrangiehIzar2021_RNA,within_dataset_leave_one_perturbation_label_out,fixed_source_only_v2,,,
frangieh_melanoma_coculture,frangieh_melanoma_coculture,frangieh_melanoma_ifng,delta_cosine,full,source_u_only,executed,186,-0.011181154566047855,0.49346745288472654,,,not_reported_train_fold_only_no_posthoc_target_calibration,0.07119571521929438,uq_cosine_disagreement,True,FrangiehIzar2021_RNA,within_dataset_leave_one_perturbation_label_out,fixed_source_only_v2,,,
frangieh_melanoma_coculture,frangieh_melanoma_coculture,frangieh_melanoma_ifng,delta_cosine,full,linear_source_features,executed,186,0.04492039344579662,0.5327783558792923,,,not_reported_train_fold_only_no_posthoc_target_calibration,0.07109699016709348,uq_cosine_disagreement;uq_mean_gene_variance;uq_effect_norm_variance;prediction_norm;prediction_sparsity;prediction_concentration,True,FrangiehIzar2021_RNA,within_dataset_leave_one_perturbation_label_out,fixed_source_only_v2,,,
frangieh_melanoma_coculture,frangieh_melanoma_coculture,frangieh_melanoma_ifng,systema_centroid_accuracy,10,source_u_only,executed,186,-0.09291296659175446,0.4831772459243844,,,not_reported_train_fold_only_no_posthoc_target_calibration,0.04046447813455052,uq_cosine_disagreement,True,FrangiehIzar2021_RNA,within_dataset_leave_one_perturbation_label_out,fixed_source_only_v2,,,
frangieh_melanoma_coculture,frangieh_melanoma_coculture,frangieh_melanoma_ifng,systema_centroid_accuracy,10,linear_source_features,executed,186,-0.031650122687004956,0.49127066712914785,,,not_reported_train_fold_only_no_posthoc_target_calibration,0.0412829629420408,uq_cosine_disagreement;uq_mean_gene_variance;uq_effect_norm_variance;prediction_norm;prediction_sparsity;prediction_concentration,True,FrangiehIzar2021_RNA,within_dataset_leave_one_perturbation_label_out,fixed_source_only_v2,,,
frangieh_melanoma_coculture,frangieh_melanoma_coculture,frangieh_melanoma_ifng,systema_centroid_accuracy,160,source_u_only,executed,186,-0.07983913379163594,0.4723089374494161,,,not_reported_train_fold_only_no_posthoc_target_calibration,0.03878993910741374,uq_cosine_disagreement,True,FrangiehIzar2021_RNA,within_dataset_leave_one_perturbation_label_out,fixed_source_only_v2,,,
frangieh_melanoma_coculture,frangieh_melanoma_coculture,frangieh_melanoma_ifng,systema_centroid_accuracy,160,linear_source_features,executed,186,-0.1374570606950704,0.4395883917215863,,,not_reported_train_fold_only_no_posthoc_target_calibration,0.039848877629002764,uq_cosine_disagreement;uq_mean_gene_variance;uq_effect_norm_variance;prediction_norm;prediction_sparsity;prediction_concentration,True,FrangiehIzar2021_RNA,within_dataset_leave_one_perturbation_label_out,fixed_source_only_v2,,,
frangieh_melanoma_coculture,frangieh_melanoma_coculture,frangieh_melanoma_ifng,systema_centroid_accuracy,20,source_u_only,executed,186,-0.020115735646811746,0.5005202913631633,,,not_reported_train_fold_only_no_posthoc_target_calibration,0.03935306723015378,uq_cosine_disagreement,True,FrangiehIzar2021_RNA,within_dataset_leave_one_perturbation_label_out,fixed_source_only_v2,,,
frangieh_melanoma_coculture,frangieh_melanoma_coculture,frangieh_melanoma_ifng,systema_centroid_accuracy,20,linear_source_features,executed,186,-0.07120092051429557,0.4799398774424789,,,not_reported_train_fold_only_no_posthoc_target_calibration,0.04005582766374794,uq_cosine_disagreement;uq_mean_gene_variance;uq_effect_norm_variance;prediction_norm;prediction_sparsity;prediction_concentration,True,FrangiehIzar2021_RNA,within_dataset_leave_one_perturbation_label_out,fixed_source_only_v2,,,
frangieh_melanoma_coculture,frangieh_melanoma_coculture,frangieh_melanoma_ifng,systema_centroid_accuracy,40,source_u_only,executed,186,-0.18012510682398553,0.41380506416926816,,,not_reported_train_fold_only_no_posthoc_target_calibration,0.03699652713845204,uq_cosine_disagreement,True,FrangiehIzar2021_RNA,within_dataset_leave_one_perturbation_label_out,fixed_source_only_v2,,,
frangieh_melanoma_coculture,frangieh_melanoma_coculture,frangieh_melanoma_ifng,systema_centroid_accuracy,40,linear_source_features,executed,186,-0.17382547425592337,0.400624349635796,,,not_reported_train_fold_only_no_posthoc_target_calibration,0.038158759248774106,uq_cosine_disagreement;uq_mean_gene_variance;uq_effect_norm_variance;prediction_norm;prediction_sparsity;prediction_concentration,True,FrangiehIzar2021_RNA,within_dataset_leave_one_perturbation_label_out,fixed_source_only_v2,,,
frangieh_melanoma_coculture,frangieh_melanoma_coculture,frangieh_melanoma_ifng,systema_centroid_accuracy,80,source_u_only,executed,186,-0.7472110431876615,0.14857208925887389,,,not_reported_train_fold_only_no_posthoc_target_calibration,0.04223057206003266,uq_cosine_disagreement,True,FrangiehIzar2021_RNA,within_dataset_leave_one_perturbation_label_out,fixed_source_only_v2,,,
frangieh_melanoma_coculture,frangieh_melanoma_coculture,frangieh_melanoma_ifng,systema_centroid_accuracy,80,linear_source_features,executed,186,0.08683250593974183,0.5630708752456932,,,not_reported_train_fold_only_no_posthoc_target_calibration,0.04194208571310651,uq_cosine_disagreement;uq_mean_gene_variance;uq_effect_norm_variance;prediction_norm;prediction_sparsity;prediction_concentration,True,FrangiehIzar2021_RNA,within_dataset_leave_one_perturbation_label_out,fixed_source_only_v2,,,
frangieh_melanoma_coculture,frangieh_melanoma_coculture,frangieh_melanoma_ifng,systema_centroid_accuracy,full,source_u_only,executed,186,-0.27869084817518275,0.3889466990403515,,,not_reported_train_fold_only_no_posthoc_target_calibration,0.03030114005390102,uq_cosine_disagreement,True,FrangiehIzar2021_RNA,within_dataset_leave_one_perturbation_label_out,fixed_source_only_v2,,,
frangieh_melanoma_coculture,frangieh_melanoma_coculture,frangieh_melanoma_ifng,systema_centroid_accuracy,full,linear_source_features,executed,186,-0.06841955578417758,0.4609781477627471,,,not_reported_train_fold_only_no_posthoc_target_calibration,0.030116215181841568,uq_cosine_disagreement;uq_mean_gene_variance;uq_effect_norm_variance;prediction_norm;prediction_sparsity;prediction_concentration,True,FrangiehIzar2021_RNA,within_dataset_leave_one_perturbation_label_out,fixed_source_only_v2,,,
frangieh_melanoma_coculture,frangieh_melanoma_control,frangieh_melanoma_coculture,absolute_effect_rank_agreement,10,source_u_only,executed,139,-0.24694941099971332,0.4043478260869566,,,not_reported_train_fold_only_no_posthoc_target_calibration,0.022286775692513024,uq_cosine_disagreement,True,FrangiehIzar2021_RNA,within_dataset_leave_one_perturbation_label_out,fixed_source_only_v2,,,
frangieh_melanoma_coculture,frangieh_melanoma_control,frangieh_melanoma_coculture,absolute_effect_rank_agreement,10,linear_source_features,executed,139,-0.19583467854208664,0.4260869565217391,,,not_reported_train_fold_only_no_posthoc_target_calibration,0.02282588878756006,uq_cosine_disagreement;uq_mean_gene_variance;uq_effect_norm_variance;prediction_norm;prediction_sparsity;prediction_concentration,True,FrangiehIzar2021_RNA,within_dataset_leave_one_perturbation_label_out,fixed_source_only_v2,,,
frangieh_melanoma_coculture,frangieh_melanoma_control,frangieh_melanoma_coculture,absolute_effect_rank_agreement,160,source_u_only,executed,139,-0.12139600716491504,0.48012422360248447,,,not_reported_train_fold_only_no_posthoc_target_calibration,0.03588960496068258,uq_cosine_disagreement,True,FrangiehIzar2021_RNA,within_dataset_leave_one_perturbation_label_out,fixed_source_only_v2,,,
frangieh_melanoma_coculture,frangieh_melanoma_control,frangieh_melanoma_coculture,absolute_effect_rank_agreement,160,linear_source_features,executed,139,-0.03892518932578403,0.5366459627329192,,,not_reported_train_fold_only_no_posthoc_target_calibration,0.03573479859097979,uq_cosine_disagreement;uq_mean_gene_variance;uq_effect_norm_variance;prediction_norm;prediction_sparsity;prediction_concentration,True,FrangiehIzar2021_RNA,within_dataset_leave_one_perturbation_label_out,fixed_source_only_v2,,,
frangieh_melanoma_coculture,frangieh_melanoma_control,frangieh_melanoma_coculture,absolute_effect_rank_agreement,20,source_u_only,executed,139,-0.916734066466681,0.05921325051759834,,,not_reported_train_fold_only_no_posthoc_target_calibration,0.026164715186883774,uq_cosine_disagreement,True,FrangiehIzar2021_RNA,within_dataset_leave_one_perturbation_label_out,fixed_source_only_v2,,,
frangieh_melanoma_coculture,frangieh_melanoma_control,frangieh_melanoma_coculture,absolute_effect_rank_agreement,20,linear_source_features,executed,139,-0.04900380381054384,0.46873706004140786,,,not_reported_train_fold_only_no_posthoc_target_calibration,0.02693233172982163,uq_cosine_disagreement;uq_mean_gene_variance;uq_effect_norm_variance;prediction_norm;prediction_sparsity;prediction_concentration,True,FrangiehIzar2021_RNA,within_dataset_leave_one_perturbation_label_out,fixed_source_only_v2,,,
frangieh_melanoma_coculture,frangieh_melanoma_control,frangieh_melanoma_coculture,absolute_effect_rank_agreement,40,source_u_only,executed,139,-0.13135616888398413,0.3751552795031056,,,not_reported_train_fold_only_no_posthoc_target_calibration,0.0284844140978527,uq_cosine_disagreement,True,FrangiehIzar2021_RNA,within_dataset_leave_one_perturbation_label_out,fixed_source_only_v2,,,
frangieh_melanoma_coculture,frangieh_melanoma_control,frangieh_melanoma_coculture,absolute_effect_rank_agreement,40,linear_source_features,executed,139,0.004758952360280012,0.4817805383022774,,,not_reported_train_fold_only_no_posthoc_target_calibration,0.028330776756432374,uq_cosine_disagreement;uq_mean_gene_variance;uq_effect_norm_variance;prediction_norm;prediction_sparsity;prediction_concentration,True,FrangiehIzar2021_RNA,within_dataset_leave_one_perturbation_label_out,fixed_source_only_v2,,,
frangieh_melanoma_coculture,frangieh_melanoma_control,frangieh_melanoma_coculture,absolute_effect_rank_agreement,80,source_u_only,executed,139,-0.22122798433404411,0.3898550724637681,,,not_reported_train_fold_only_no_posthoc_target_calibration,0.032004323648957306,uq_cosine_disagreement,True,FrangiehIzar2021_RNA,within_dataset_leave_one_perturbation_label_out,fixed_source_only_v2,,,
frangieh_melanoma_coculture,frangieh_melanoma_control,frangieh_melanoma_coculture,absolute_effect_rank_agreement,80,linear_source_features,executed,139,-0.2588861407713257,0.36894409937888195,,,not_reported_train_fold_only_no_posthoc_target_calibration,0.03335206343966814,uq_cosine_disagreement;uq_mean_gene_variance;uq_effect_norm_variance;prediction_norm;prediction_sparsity;prediction_concentration,True,FrangiehIzar2021_RNA,within_dataset_leave_one_perturbation_label_out,fixed_source_only_v2,,,
frangieh_melanoma_coculture,frangieh_melanoma_control,frangieh_melanoma_coculture,absolute_effect_rank_agreement,full,source_u_only,executed,139,-0.5438311525179484,0.2267080745341615,,,not_reported_train_fold_only_no_posthoc_target_calibration,0.05862142839194587,uq_cosine_disagreement,True,FrangiehIzar2021_RNA,within_dataset_leave_one_perturbation_label_out,fixed_source_only_v2,,,
frangieh_melanoma_coculture,frangieh_melanoma_control,frangieh_melanoma_coculture,absolute_effect_rank_agreement,full,linear_source_features,executed,139,-0.21073427835409075,0.37225672877846794,,,not_reported_train_fold_only_no_posthoc_target_calibration,0.061134954066390954,uq_cosine_disagreement;uq_mean_gene_variance;uq_effect_norm_variance;prediction_norm;prediction_sparsity;prediction_concentration,True,FrangiehIzar2021_RNA,within_dataset_leave_one_perturbation_label_out,fixed_source_only_v2,,,
frangieh_melanoma_coculture,frangieh_melanoma_control,frangieh_melanoma_coculture,delta_cosine,10,source_u_only,executed,139,-0.11512144769819026,0.47080745341614905,,,not_reported_train_fold_only_no_posthoc_target_calibration,0.04665830942025669,uq_cosine_disagreement,True,FrangiehIzar2021_RNA,within_dataset_leave_one_perturbation_label_out,fixed_source_only_v2,,,
frangieh_melanoma_coculture,frangieh_melanoma_control,frangieh_melanoma_coculture,delta_cosine,10,linear_source_features,executed,139,-0.18651211684192884,0.43975155279503103,,,not_reported_train_fold_only_no_posthoc_target_calibration,0.04763098213800867,uq_cosine_disagreement;uq_mean_gene_variance;uq_effect_norm_variance;prediction_norm;prediction_sparsity;prediction_concentration,True,FrangiehIzar2021_RNA,within_dataset_leave_one_perturbation_label_out,fixed_source_only_v2,,,
frangieh_melanoma_coculture,frangieh_melanoma_control,frangieh_melanoma_coculture,delta_cosine,160,source_u_only,executed,139,-0.713351162588057,0.14658385093167703,,,not_reported_train_fold_only_no_posthoc_target_calibration,0.07378245446745842,uq_cosine_disagreement,True,FrangiehIzar2021_RNA,within_dataset_leave_one_perturbation_label_out,fixed_source_only_v2,,,
frangieh_melanoma_coculture,frangieh_melanoma_control,frangieh_melanoma_coculture,delta_cosine,160,linear_source_features,executed,139,-0.031069375462208906,0.486335403726708,,,not_reported_train_fold_only_no_posthoc_target_calibration,0.07327485558533983,uq_cosine_disagreement;uq_mean_gene_variance;uq_effect_norm_variance;prediction_norm;prediction_sparsity;prediction_concentration,True,FrangiehIzar2021_RNA,within_dataset_leave_one_perturbation_label_out,fixed_source_only_v2,,,
frangieh_melanoma_coculture,frangieh_melanoma_control,frangieh_melanoma_coculture,delta_cosine,20,source_u_only,executed,139,-0.23588711254135952,0.39068322981366466,,,not_reported_train_fold_only_no_posthoc_target_calibration,0.043999229485312895,uq_cosine_disagreement,True,FrangiehIzar2021_RNA,within_dataset_leave_one_perturbation_label_out,fixed_source_only_v2,,,
frangieh_melanoma_coculture,frangieh_melanoma_control,frangieh_melanoma_coculture,delta_cosine,20,linear_source_features,executed,139,-0.15820241588994477,0.4238095238095238,,,not_reported_train_fold_only_no_posthoc_target_calibration,0.04465826387054272,uq_cosine_disagreement;uq_mean_gene_variance;uq_effect_norm_variance;prediction_norm;prediction_sparsity;prediction_concentration,True,FrangiehIzar2021_RNA,within_dataset_leave_one_perturbation_label_out,fixed_source_only_v2,,,
frangieh_melanoma_coculture,frangieh_melanoma_control,frangieh_melanoma_coculture,delta_cosine,40,source_u_only,executed,139,-0.35148208472781933,0.3188405797101449,,,not_reported_train_fold_only_no_posthoc_target_calibration,0.0491713117797663,uq_cosine_disagreement,True,FrangiehIzar2021_RNA,within_dataset_leave_one_perturbation_label_out,fixed_source_only_v2,,,
frangieh_melanoma_coculture,frangieh_melanoma_control,frangieh_melanoma_coculture,delta_cosine,40,linear_source_features,executed,139,-0.16869424168736347,0.3583850931677019,,,not_reported_train_fold_only_no_posthoc_target_calibration,0.050717166208334184,uq_cosine_disagreement;uq_mean_gene_variance;uq_effect_norm_variance;prediction_norm;prediction_sparsity;prediction_concentration,True,FrangiehIzar2021_RNA,within_dataset_leave_one_perturbation_label_out,fixed_source_only_v2,,,
frangieh_melanoma_coculture,frangieh_melanoma_control,frangieh_melanoma_coculture,delta_cosine,80,source_u_only,executed,139,-0.09994001052385491,0.4496894409937888,,,not_reported_train_fold_only_no_posthoc_target_calibration,0.059974855009238374,uq_cosine_disagreement,True,FrangiehIzar2021_RNA,within_dataset_leave_one_perturbation_label_out,fixed_source_only_v2,,,
frangieh_melanoma_coculture,frangieh_melanoma_control,frangieh_melanoma_coculture,delta_cosine,80,linear_source_features,executed,139,-0.05582484413380069,0.49813664596273294,,,not_reported_train_fold_only_no_posthoc_target_calibration,0.05983268249464858,uq_cosine_disagreement;uq_mean_gene_variance;uq_effect_norm_variance;prediction_norm;prediction_sparsity;prediction_concentration,True,FrangiehIzar2021_RNA,within_dataset_leave_one_perturbation_label_out,fixed_source_only_v2,,,
frangieh_melanoma_coculture,frangieh_melanoma_control,frangieh_melanoma_coculture,delta_cosine,full,source_u_only,executed,139,-0.1462451166955851,0.43768115942028984,,,not_reported_train_fold_only_no_posthoc_target_calibration,0.08152821431688868,uq_cosine_disagreement,True,FrangiehIzar2021_RNA,within_dataset_leave_one_perturbation_label_out,fixed_source_only_v2,,,
frangieh_melanoma_coculture,frangieh_melanoma_control,frangieh_melanoma_coculture,delta_cosine,full,linear_source_features,executed,139,-0.07469069257499969,0.49130434782608695,,,not_reported_train_fold_only_no_posthoc_target_calibration,0.08214641501767972,uq_cosine_disagreement;uq_mean_gene_variance;uq_effect_norm_variance;prediction_norm;prediction_sparsity;prediction_concentration,True,FrangiehIzar2021_RNA,within_dataset_leave_one_perturbation_label_out,fixed_source_only_v2,,,
frangieh_melanoma_coculture,frangieh_melanoma_control,frangieh_melanoma_coculture,systema_centroid_accuracy,10,source_u_only,executed,139,-0.4930587750335699,0.26190476190476186,,,not_reported_train_fold_only_no_posthoc_target_calibration,0.048584967405262275,uq_cosine_disagreement,True,FrangiehIzar2021_RNA,within_dataset_leave_one_perturbation_label_out,fixed_source_only_v2,,,
frangieh_melanoma_coculture,frangieh_melanoma_control,frangieh_melanoma_coculture,systema_centroid_accuracy,10,linear_source_features,executed,139,-0.13562506772548313,0.4118012422360249,,,not_reported_train_fold_only_no_posthoc_target_calibration,0.04995799975571036,uq_cosine_disagreement;uq_mean_gene_variance;uq_effect_norm_variance;prediction_norm;prediction_sparsity;prediction_concentration,True,FrangiehIzar2021_RNA,within_dataset_leave_one_perturbation_label_out,fixed_source_only_v2,,,
frangieh_melanoma_coculture,frangieh_melanoma_control,frangieh_melanoma_coculture,systema_centroid_accuracy,160,source_u_only,executed,139,-0.25914307865268366,0.3256728778467909,,,not_reported_train_fold_only_no_posthoc_target_calibration,0.06438527702922936,uq_cosine_disagreement,True,FrangiehIzar2021_RNA,within_dataset_leave_one_perturbation_label_out,fixed_source_only_v2,,,
frangieh_melanoma_coculture,frangieh_melanoma_control,frangieh_melanoma_coculture,systema_centroid_accuracy,160,linear_source_features,executed,139,-0.40287859796918546,0.2761904761904762,,,not_reported_train_fold_only_no_posthoc_target_calibration,0.06554786561720496,uq_cosine_disagreement;uq_mean_gene_variance;uq_effect_norm_variance;prediction_norm;prediction_sparsity;prediction_concentration,True,FrangiehIzar2021_RNA,within_dataset_leave_one_perturbation_label_out,fixed_source_only_v2,,,
frangieh_melanoma_coculture,frangieh_melanoma_control,frangieh_melanoma_coculture,systema_centroid_accuracy,20,source_u_only,executed,139,-0.5702709133737062,0.215527950310559,,,not_reported_train_fold_only_no_posthoc_target_calibration,0.059107805986967646,uq_cosine_disagreement,True,FrangiehIzar2021_RNA,within_dataset_leave_one_perturbation_label_out,fixed_source_only_v2,,,
frangieh_melanoma_coculture,frangieh_melanoma_control,frangieh_melanoma_coculture,systema_centroid_accuracy,20,linear_source_features,executed,139,-0.09455994870226714,0.4447204968944099,,,not_reported_train_fold_only_no_posthoc_target_calibration,0.05872098446418225,uq_cosine_disagreement;uq_mean_gene_variance;uq_effect_norm_variance;prediction_norm;prediction_sparsity;prediction_concentration,True,FrangiehIzar2021_RNA,within_dataset_leave_one_perturbation_label_out,fixed_source_only_v2,,,
frangieh_melanoma_coculture,frangieh_melanoma_control,frangieh_melanoma_coculture,systema_centroid_accuracy,40,source_u_only,executed,139,-0.13592206979757807,0.44824016563147,,,not_reported_train_fold_only_no_posthoc_target_calibration,0.05012900721148403,uq_cosine_disagreement,True,FrangiehIzar2021_RNA,within_dataset_leave_one_perturbation_label_out,fixed_source_only_v2,,,
frangieh_melanoma_coculture,frangieh_melanoma_control,frangieh_melanoma_coculture,systema_centroid_accuracy,40,linear_source_features,executed,139,-0.13888913713749496,0.46935817805383023,,,not_reported_train_fold_only_no_posthoc_target_calibration,0.05109843447545601,uq_cosine_disagreement;uq_mean_gene_variance;uq_effect_norm_variance;prediction_norm;prediction_sparsity;prediction_concentration,True,FrangiehIzar2021_RNA,within_dataset_leave_one_perturbation_label_out,fixed_source_only_v2,,,
frangieh_melanoma_coculture,frangieh_melanoma_control,frangieh_melanoma_coculture,systema_centroid_accuracy,80,source_u_only,executed,139,-0.2758079849503318,0.36335403726708076,,,not_reported_train_fold_only_no_posthoc_target_calibration,0.057519021679965296,uq_cosine_disagreement,True,FrangiehIzar2021_RNA,within_dataset_leave_one_perturbation_label_out,fixed_source_only_v2,,,
frangieh_melanoma_coculture,frangieh_melanoma_control,frangieh_melanoma_coculture,systema_centroid_accuracy,80,linear_source_features,executed,139,-0.19346283732846126,0.420703933747412,,,not_reported_train_fold_only_no_posthoc_target_calibration,0.05872939171877493,uq_cosine_disagreement;uq_mean_gene_variance;uq_effect_norm_variance;prediction_norm;prediction_sparsity;prediction_concentration,True,FrangiehIzar2021_RNA,within_dataset_leave_one_perturbation_label_out,fixed_source_only_v2,,,
frangieh_melanoma_coculture,frangieh_melanoma_control,frangieh_melanoma_coculture,systema_centroid_accuracy,full,source_u_only,executed,139,-0.2734271054522543,0.30000000000000004,,,not_reported_train_fold_only_no_posthoc_target_calibration,0.053521281744370354,uq_cosine_disagreement,True,FrangiehIzar2021_RNA,within_dataset_leave_one_perturbation_label_out,fixed_source_only_v2,,,
frangieh_melanoma_coculture,frangieh_melanoma_control,frangieh_melanoma_coculture,systema_centroid_accuracy,full,linear_source_features,executed,139,-0.20009629683273267,0.4126293995859213,,,not_reported_train_fold_only_no_posthoc_target_calibration,0.053849157091539555,uq_cosine_disagreement;uq_mean_gene_variance;uq_effect_norm_variance;prediction_norm;prediction_sparsity;prediction_concentration,True,FrangiehIzar2021_RNA,within_dataset_leave_one_perturbation_label_out,fixed_source_only_v2,,,
frangieh_melanoma_coculture,frangieh_melanoma_control,frangieh_melanoma_ifng,absolute_effect_rank_agreement,full,source_u_only,executed,139,-0.15861599767938794,0.4118012422360248,,,not_reported_train_fold_only_no_posthoc_target_calibration,0.04243703692828512,uq_cosine_disagreement,True,FrangiehIzar2021_RNA,within_dataset_leave_one_perturbation_label_out,fixed_source_only_v2,,,
frangieh_melanoma_coculture,frangieh_melanoma_control,frangieh_melanoma_ifng,absolute_effect_rank_agreement,full,linear_source_features,executed,139,-0.23809550410545305,0.37598343685300206,,,not_reported_train_fold_only_no_posthoc_target_calibration,0.04391215620124048,uq_cosine_disagreement;uq_mean_gene_variance;uq_effect_norm_variance;prediction_norm;prediction_sparsity;prediction_concentration,True,FrangiehIzar2021_RNA,within_dataset_leave_one_perturbation_label_out,fixed_source_only_v2,,,
frangieh_melanoma_coculture,frangieh_melanoma_control,frangieh_melanoma_ifng,delta_cosine,full,source_u_only,executed,139,-0.07748680104064384,0.4836438923395445,,,not_reported_train_fold_only_no_posthoc_target_calibration,0.07301470727876569,uq_cosine_disagreement,True,FrangiehIzar2021_RNA,within_dataset_leave_one_perturbation_label_out,fixed_source_only_v2,,,
frangieh_melanoma_coculture,frangieh_melanoma_control,frangieh_melanoma_ifng,delta_cosine,full,linear_source_features,executed,139,-0.1781832237533908,0.43416149068322984,,,not_reported_train_fold_only_no_posthoc_target_calibration,0.0771186765993208,uq_cosine_disagreement;uq_mean_gene_variance;uq_effect_norm_variance;prediction_norm;prediction_sparsity;prediction_concentration,True,FrangiehIzar2021_RNA,within_dataset_leave_one_perturbation_label_out,fixed_source_only_v2,,,
frangieh_melanoma_coculture,frangieh_melanoma_control,frangieh_melanoma_ifng,systema_centroid_accuracy,full,source_u_only,executed,139,-0.4543446715452939,0.2904761904761905,,,not_reported_train_fold_only_no_posthoc_target_calibration,0.051030076812279744,uq_cosine_disagreement,True,FrangiehIzar2021_RNA,within_dataset_leave_one_perturbation_label_out,fixed_source_only_v2,,,
frangieh_melanoma_coculture,frangieh_melanoma_control,frangieh_melanoma_ifng,systema_centroid_accuracy,full,linear_source_features,executed,139,-0.1789259661362732,0.3850931677018633,,,not_reported_train_fold_only_no_posthoc_target_calibration,0.05246101063435771,uq_cosine_disagreement;uq_mean_gene_variance;uq_effect_norm_variance;prediction_norm;prediction_sparsity;prediction_concentration,True,FrangiehIzar2021_RNA,within_dataset_leave_one_perturbation_label_out,fixed_source_only_v2,,,
frangieh_melanoma_control,frangieh_melanoma_coculture,frangieh_melanoma_ifng,absolute_effect_rank_agreement,full,source_u_only,executed,186,-0.458673310735913,0.27540756156781127,,,not_reported_train_fold_only_no_posthoc_target_calibration,0.05027347191771943,uq_cosine_disagreement,True,FrangiehIzar2021_RNA,within_dataset_leave_one_perturbation_label_out,fixed_source_only_v2,,,
frangieh_melanoma_control,frangieh_melanoma_coculture,frangieh_melanoma_ifng,absolute_effect_rank_agreement,full,linear_source_features,executed,186,-0.05186134563773387,0.4696496704821366,,,not_reported_train_fold_only_no_posthoc_target_calibration,0.05081384008037268,uq_cosine_disagreement;uq_mean_gene_variance;uq_effect_norm_variance;prediction_norm;prediction_sparsity;prediction_concentration,True,FrangiehIzar2021_RNA,within_dataset_leave_one_perturbation_label_out,fixed_source_only_v2,,,
frangieh_melanoma_control,frangieh_melanoma_coculture,frangieh_melanoma_ifng,delta_cosine,full,source_u_only,executed,186,-0.28370883431148686,0.39345589085443405,,,not_reported_train_fold_only_no_posthoc_target_calibration,0.08742757564528518,uq_cosine_disagreement,True,FrangiehIzar2021_RNA,within_dataset_leave_one_perturbation_label_out,fixed_source_only_v2,,,
frangieh_melanoma_control,frangieh_melanoma_coculture,frangieh_melanoma_ifng,delta_cosine,full,linear_source_features,executed,186,-0.1243592260092512,0.4667591629090068,,,not_reported_train_fold_only_no_posthoc_target_calibration,0.08812416346202212,uq_cosine_disagreement;uq_mean_gene_variance;uq_effect_norm_variance;prediction_norm;prediction_sparsity;prediction_concentration,True,FrangiehIzar2021_RNA,within_dataset_leave_one_perturbation_label_out,fixed_source_only_v2,,,
frangieh_melanoma_control,frangieh_melanoma_coculture,frangieh_melanoma_ifng,systema_centroid_accuracy,full,source_u_only,executed,186,-0.41120023431454955,0.2796855127760435,,,not_reported_train_fold_only_no_posthoc_target_calibration,0.02720806794244083,uq_cosine_disagreement,True,FrangiehIzar2021_RNA,within_dataset_leave_one_perturbation_label_out,fixed_source_only_v2,,,
frangieh_melanoma_control,frangieh_melanoma_coculture,frangieh_melanoma_ifng,systema_centroid_accuracy,full,linear_source_features,executed,186,0.06372013309390821,0.5520869464677997,,,not_reported_train_fold_only_no_posthoc_target_calibration,0.026600545057431015,uq_cosine_disagreement;uq_mean_gene_variance;uq_effect_norm_variance;prediction_norm;prediction_sparsity;prediction_concentration,True,FrangiehIzar2021_RNA,within_dataset_leave_one_perturbation_label_out,fixed_source_only_v2,,,
frangieh_melanoma_control,frangieh_melanoma_control,frangieh_melanoma_coculture,absolute_effect_rank_agreement,10,source_u_only,executed,139,-0.3473554389289668,0.34886128364389235,,,not_reported_train_fold_only_no_posthoc_target_calibration,0.025847110994503562,uq_cosine_disagreement,True,FrangiehIzar2021_RNA,within_dataset_leave_one_perturbation_label_out,fixed_source_only_v2,,,
frangieh_melanoma_control,frangieh_melanoma_control,frangieh_melanoma_coculture,absolute_effect_rank_agreement,10,linear_source_features,executed,139,-0.17235169657243196,0.4196687370600414,,,not_reported_train_fold_only_no_posthoc_target_calibration,0.02606056574623907,uq_cosine_disagreement;uq_mean_gene_variance;uq_effect_norm_variance;prediction_norm;prediction_sparsity;prediction_concentration,True,FrangiehIzar2021_RNA,within_dataset_leave_one_perturbation_label_out,fixed_source_only_v2,,,
frangieh_melanoma_control,frangieh_melanoma_control,frangieh_melanoma_coculture,absolute_effect_rank_agreement,160,source_u_only,executed,139,-0.24165369873800327,0.41262939958592126,,,not_reported_train_fold_only_no_posthoc_target_calibration,0.03876257106055207,uq_cosine_disagreement,True,FrangiehIzar2021_RNA,within_dataset_leave_one_perturbation_label_out,fixed_source_only_v2,,,
frangieh_melanoma_control,frangieh_melanoma_control,frangieh_melanoma_coculture,absolute_effect_rank_agreement,160,linear_source_features,executed,139,0.1392090996335836,0.5863354037267081,,,not_reported_train_fold_only_no_posthoc_target_calibration,0.03828285016219064,uq_cosine_disagreement;uq_mean_gene_variance;uq_effect_norm_variance;prediction_norm;prediction_sparsity;prediction_concentration,True,FrangiehIzar2021_RNA,within_dataset_leave_one_perturbation_label_out,fixed_source_only_v2,,,
frangieh_melanoma_control,frangieh_melanoma_control,frangieh_melanoma_coculture,absolute_effect_rank_agreement,20,source_u_only,executed,139,-0.15981607634352707,0.39420289855072466,,,not_reported_train_fold_only_no_posthoc_target_calibration,0.027597533446852774,uq_cosine_disagreement,True,FrangiehIzar2021_RNA,within_dataset_leave_one_perturbation_label_out,fixed_source_only_v2,,,
frangieh_melanoma_control,frangieh_melanoma_control,frangieh_melanoma_coculture,absolute_effect_rank_agreement,20,linear_source_features,executed,139,-0.103247039059286,0.42898550724637685,,,not_reported_train_fold_only_no_posthoc_target_calibration,0.02797414505543279,uq_cosine_disagreement;uq_mean_gene_variance;uq_effect_norm_variance;prediction_norm;prediction_sparsity;prediction_concentration,True,FrangiehIzar2021_RNA,within_dataset_leave_one_perturbation_label_out,fixed_source_only_v2,,,
frangieh_melanoma_control,frangieh_melanoma_control,frangieh_melanoma_coculture,absolute_effect_rank_agreement,40,source_u_only,executed,139,-0.47724088931905456,0.26211180124223604,,,not_reported_train_fold_only_no_posthoc_target_calibration,0.026637206249374053,uq_cosine_disagreement,True,FrangiehIzar2021_RNA,within_dataset_leave_one_perturbation_label_out,fixed_source_only_v2,,,
frangieh_melanoma_control,frangieh_melanoma_control,frangieh_melanoma_coculture,absolute_effect_rank_agreement,40,linear_source_features,executed,139,-0.05748258966587845,0.4648033126293996,,,not_reported_train_fold_only_no_posthoc_target_calibration,0.02706410067840158,uq_cosine_disagreement;uq_mean_gene_variance;uq_effect_norm_variance;prediction_norm;prediction_sparsity;prediction_concentration,True,FrangiehIzar2021_RNA,within_dataset_leave_one_perturbation_label_out,fixed_source_only_v2,,,
frangieh_melanoma_control,frangieh_melanoma_control,frangieh_melanoma_coculture,absolute_effect_rank_agreement,80,source_u_only,executed,139,-0.07354712150253354,0.48447204968944096,,,not_reported_train_fold_only_no_posthoc_target_calibration,0.03499855314758771,uq_cosine_disagreement,True,FrangiehIzar2021_RNA,within_dataset_leave_one_perturbation_label_out,fixed_source_only_v2,,,
frangieh_melanoma_control,frangieh_melanoma_control,frangieh_melanoma_coculture,absolute_effect_rank_agreement,80,linear_source_features,executed,139,-0.16264910842522132,0.4366459627329192,,,not_reported_train_fold_only_no_posthoc_target_calibration,0.035545136210462173,uq_cosine_disagreement;uq_mean_gene_variance;uq_effect_norm_variance;prediction_norm;prediction_sparsity;prediction_concentration,True,FrangiehIzar2021_RNA,within_dataset_leave_one_perturbation_label_out,fixed_source_only_v2,,,
frangieh_melanoma_control,frangieh_melanoma_control,frangieh_melanoma_coculture,absolute_effect_rank_agreement,full,source_u_only,executed,139,-0.2379238386424935,0.38488612836438924,,,not_reported_train_fold_only_no_posthoc_target_calibration,0.056970447142846936,uq_cosine_disagreement,True,FrangiehIzar2021_RNA,within_dataset_leave_one_perturbation_label_out,fixed_source_only_v2,,,
frangieh_melanoma_control,frangieh_melanoma_control,frangieh_melanoma_coculture,absolute_effect_rank_agreement,full,linear_source_features,executed,139,-0.04650159973017135,0.4708074534161491,,,not_reported_train_fold_only_no_posthoc_target_calibration,0.05724382808683635,uq_cosine_disagreement;uq_mean_gene_variance;uq_effect_norm_variance;prediction_norm;prediction_sparsity;prediction_concentration,True,FrangiehIzar2021_RNA,within_dataset_leave_one_perturbation_label_out,fixed_source_only_v2,,,
frangieh_melanoma_control,frangieh_melanoma_control,frangieh_melanoma_coculture,delta_cosine,10,source_u_only,executed,139,-0.21218377091024607,0.4026915113871636,,,not_reported_train_fold_only_no_posthoc_target_calibration,0.04526555557114532,uq_cosine_disagreement,True,FrangiehIzar2021_RNA,within_dataset_leave_one_perturbation_label_out,fixed_source_only_v2,,,
frangieh_melanoma_control,frangieh_melanoma_control,frangieh_melanoma_coculture,delta_cosine,10,linear_source_features,executed,139,-0.11816238027282781,0.48385093167701865,,,not_reported_train_fold_only_no_posthoc_target_calibration,0.04553122394814329,uq_cosine_disagreement;uq_mean_gene_variance;uq_effect_norm_variance;prediction_norm;prediction_sparsity;prediction_concentration,True,FrangiehIzar2021_RNA,within_dataset_leave_one_perturbation_label_out,fixed_source_only_v2,,,
frangieh_melanoma_control,frangieh_melanoma_control,frangieh_melanoma_coculture,delta_cosine,160,source_u_only,executed,139,-0.21072457518733284,0.3929606625258799,,,not_reported_train_fold_only_no_posthoc_target_calibration,0.06917706324027263,uq_cosine_disagreement,True,FrangiehIzar2021_RNA,within_dataset_leave_one_perturbation_label_out,fixed_source_only_v2,,,
frangieh_melanoma_control,frangieh_melanoma_control,frangieh_melanoma_coculture,delta_cosine,160,linear_source_features,executed,139,-0.1051545032782542,0.42857142857142855,,,not_reported_train_fold_only_no_posthoc_target_calibration,0.06924121153205602,uq_cosine_disagreement;uq_mean_gene_variance;uq_effect_norm_variance;prediction_norm;prediction_sparsity;prediction_concentration,True,FrangiehIzar2021_RNA,within_dataset_leave_one_perturbation_label_out,fixed_source_only_v2,,,
frangieh_melanoma_control,frangieh_melanoma_control,frangieh_melanoma_coculture,delta_cosine,20,source_u_only,executed,139,-0.9169432469544653,0.05838509316770187,,,not_reported_train_fold_only_no_posthoc_target_calibration,0.040648540655714764,uq_cosine_disagreement,True,FrangiehIzar2021_RNA,within_dataset_leave_one_perturbation_label_out,fixed_source_only_v2,,,
frangieh_melanoma_control,frangieh_melanoma_control,frangieh_melanoma_coculture,delta_cosine,20,linear_source_features,executed,139,-0.2859268576869134,0.34886128364389235,,,not_reported_train_fold_only_no_posthoc_target_calibration,0.04130753700555846,uq_cosine_disagreement;uq_mean_gene_variance;uq_effect_norm_variance;prediction_norm;prediction_sparsity;prediction_concentration,True,FrangiehIzar2021_RNA,within_dataset_leave_one_perturbation_label_out,fixed_source_only_v2,,,
frangieh_melanoma_control,frangieh_melanoma_control,frangieh_melanoma_coculture,delta_cosine,40,source_u_only,executed,139,-0.27435126050249536,0.3656314699792961,,,not_reported_train_fold_only_no_posthoc_target_calibration,0.049940395598745656,uq_cosine_disagreement,True,FrangiehIzar2021_RNA,within_dataset_leave_one_perturbation_label_out,fixed_source_only_v2,,,
frangieh_melanoma_control,frangieh_melanoma_control,frangieh_melanoma_coculture,delta_cosine,40,linear_source_features,executed,139,-0.21742729503934102,0.43561076604554866,,,not_reported_train_fold_only_no_posthoc_target_calibration,0.05016781776929498,uq_cosine_disagreement;uq_mean_gene_variance;uq_effect_norm_variance;prediction_norm;prediction_sparsity;prediction_concentration,True,FrangiehIzar2021_RNA,within_dataset_leave_one_perturbation_label_out,fixed_source_only_v2,,,
frangieh_melanoma_control,frangieh_melanoma_control,frangieh_melanoma_coculture,delta_cosine,80,source_u_only,executed,139,-0.9286862528077963,0.028778467908902684,,,not_reported_train_fold_only_no_posthoc_target_calibration,0.05113148905898602,uq_cosine_disagreement,True,FrangiehIzar2021_RNA,within_dataset_leave_one_perturbation_label_out,fixed_source_only_v2,,,
frangieh_melanoma_control,frangieh_melanoma_control,frangieh_melanoma_coculture,delta_cosine,80,linear_source_features,executed,139,-0.4085115795352699,0.30062111801242236,,,not_reported_train_fold_only_no_posthoc_target_calibration,0.05189220042777977,uq_cosine_disagreement;uq_mean_gene_variance;uq_effect_norm_variance;prediction_norm;prediction_sparsity;prediction_concentration,True,FrangiehIzar2021_RNA,within_dataset_leave_one_perturbation_label_out,fixed_source_only_v2,,,
frangieh_melanoma_control,frangieh_melanoma_control,frangieh_melanoma_coculture,delta_cosine,full,source_u_only,executed,139,-0.7035575242741842,0.18964803312629397,,,not_reported_train_fold_only_no_posthoc_target_calibration,0.07791264276204966,uq_cosine_disagreement,True,FrangiehIzar2021_RNA,within_dataset_leave_one_perturbation_label_out,fixed_source_only_v2,,,
frangieh_melanoma_control,frangieh_melanoma_control,frangieh_melanoma_coculture,delta_cosine,full,linear_source_features,executed,139,-0.1908917651655693,0.44679089026915114,,,not_reported_train_fold_only_no_posthoc_target_calibration,0.07821864806570397,uq_cosine_disagreement;uq_mean_gene_variance;uq_effect_norm_variance;prediction_norm;prediction_sparsity;prediction_concentration,True,FrangiehIzar2021_RNA,within_dataset_leave_one_perturbation_label_out,fixed_source_only_v2,,,
frangieh_melanoma_control,frangieh_melanoma_control,frangieh_melanoma_coculture,systema_centroid_accuracy,10,source_u_only,executed,139,-0.05939286695771327,0.47991718426501034,,,not_reported_train_fold_only_no_posthoc_target_calibration,0.047024074843604116,uq_cosine_disagreement,True,FrangiehIzar2021_RNA,within_dataset_leave_one_perturbation_label_out,fixed_source_only_v2,,,
frangieh_melanoma_control,frangieh_melanoma_control,frangieh_melanoma_coculture,systema_centroid_accuracy,10,linear_source_features,executed,139,-0.008213075233666402,0.5200828157349896,,,not_reported_train_fold_only_no_posthoc_target_calibration,0.04711884595789866,uq_cosine_disagreement;uq_mean_gene_variance;uq_effect_norm_variance;prediction_norm;prediction_sparsity;prediction_concentration,True,FrangiehIzar2021_RNA,within_dataset_leave_one_perturbation_label_out,fixed_source_only_v2,,,
frangieh_melanoma_control,frangieh_melanoma_control,frangieh_melanoma_coculture,systema_centroid_accuracy,160,source_u_only,executed,139,-0.27032516011138913,0.3650103519668737,,,not_reported_train_fold_only_no_posthoc_target_calibration,0.06273825221221813,uq_cosine_disagreement,True,FrangiehIzar2021_RNA,within_dataset_leave_one_perturbation_label_out,fixed_source_only_v2,,,
frangieh_melanoma_control,frangieh_melanoma_control,frangieh_melanoma_coculture,systema_centroid_accuracy,160,linear_source_features,executed,139,-0.03641587695596016,0.5376811594202899,,,not_reported_train_fold_only_no_posthoc_target_calibration,0.06303617695152558,uq_cosine_disagreement;uq_mean_gene_variance;uq_effect_norm_variance;prediction_norm;prediction_sparsity;prediction_concentration,True,FrangiehIzar2021_RNA,within_dataset_leave_one_perturbation_label_out,fixed_source_only_v2,,,
frangieh_melanoma_control,frangieh_melanoma_control,frangieh_melanoma_coculture,systema_centroid_accuracy,20,source_u_only,executed,139,-0.2632825416685285,0.3987577639751553,,,not_reported_train_fold_only_no_posthoc_target_calibration,0.05753423727575385,uq_cosine_disagreement,True,FrangiehIzar2021_RNA,within_dataset_leave_one_perturbation_label_out,fixed_source_only_v2,,,
frangieh_melanoma_control,frangieh_melanoma_control,frangieh_melanoma_coculture,systema_centroid_accuracy,20,linear_source_features,executed,139,0.023790160418249252,0.48405797101449277,,,not_reported_train_fold_only_no_posthoc_target_calibration,0.058279932029629465,uq_cosine_disagreement;uq_mean_gene_variance;uq_effect_norm_variance;prediction_norm;prediction_sparsity;prediction_concentration,True,FrangiehIzar2021_RNA,within_dataset_leave_one_perturbation_label_out,fixed_source_only_v2,,,
frangieh_melanoma_control,frangieh_melanoma_control,frangieh_melanoma_coculture,systema_centroid_accuracy,40,source_u_only,executed,139,-0.08759337726599288,0.5167701863354037,,,not_reported_train_fold_only_no_posthoc_target_calibration,0.0501879114878523,uq_cosine_disagreement,True,FrangiehIzar2021_RNA,within_dataset_leave_one_perturbation_label_out,fixed_source_only_v2,,,
frangieh_melanoma_control,frangieh_melanoma_control,frangieh_melanoma_coculture,systema_centroid_accuracy,40,linear_source_features,executed,139,-0.07700531413977071,0.4815734989648033,,,not_reported_train_fold_only_no_posthoc_target_calibration,0.05115224819030297,uq_cosine_disagreement;uq_mean_gene_variance;uq_effect_norm_variance;prediction_norm;prediction_sparsity;prediction_concentration,True,FrangiehIzar2021_RNA,within_dataset_leave_one_perturbation_label_out,fixed_source_only_v2,,,
frangieh_melanoma_control,frangieh_melanoma_control,frangieh_melanoma_coculture,systema_centroid_accuracy,80,source_u_only,executed,139,-0.5713526073551096,0.2490683229813664,,,not_reported_train_fold_only_no_posthoc_target_calibration,0.05522754764827319,uq_cosine_disagreement,True,FrangiehIzar2021_RNA,within_dataset_leave_one_perturbation_label_out,fixed_source_only_v2,,,
frangieh_melanoma_control,frangieh_melanoma_control,frangieh_melanoma_coculture,systema_centroid_accuracy,80,linear_source_features,executed,139,-0.32433531435720986,0.3490683229813665,,,not_reported_train_fold_only_no_posthoc_target_calibration,0.056043730956429304,uq_cosine_disagreement;uq_mean_gene_variance;uq_effect_norm_variance;prediction_norm;prediction_sparsity;prediction_concentration,True,FrangiehIzar2021_RNA,within_dataset_leave_one_perturbation_label_out,fixed_source_only_v2,,,
frangieh_melanoma_control,frangieh_melanoma_control,frangieh_melanoma_coculture,systema_centroid_accuracy,full,source_u_only,executed,139,-0.40001698036539457,0.27494824016563146,,,not_reported_train_fold_only_no_posthoc_target_calibration,0.05352413496179922,uq_cosine_disagreement,True,FrangiehIzar2021_RNA,within_dataset_leave_one_perturbation_label_out,fixed_source_only_v2,,,
frangieh_melanoma_control,frangieh_melanoma_control,frangieh_melanoma_coculture,systema_centroid_accuracy,full,linear_source_features,executed,139,-0.19515546504937292,0.3873706004140787,,,not_reported_train_fold_only_no_posthoc_target_calibration,0.05417287749925101,uq_cosine_disagreement;uq_mean_gene_variance;uq_effect_norm_variance;prediction_norm;prediction_sparsity;prediction_concentration,True,FrangiehIzar2021_RNA,within_dataset_leave_one_perturbation_label_out,fixed_source_only_v2,,,
frangieh_melanoma_control,frangieh_melanoma_control,frangieh_melanoma_ifng,absolute_effect_rank_agreement,10,source_u_only,executed,139,-0.34462111115897254,0.3314699792960663,,,not_reported_train_fold_only_no_posthoc_target_calibration,0.03111744778986145,uq_cosine_disagreement,True,FrangiehIzar2021_RNA,within_dataset_leave_one_perturbation_label_out,fixed_source_only_v2,,,
frangieh_melanoma_control,frangieh_melanoma_control,frangieh_melanoma_ifng,absolute_effect_rank_agreement,10,linear_source_features,executed,139,-0.5683583997029091,0.21304347826086953,,,not_reported_train_fold_only_no_posthoc_target_calibration,0.031688184750013136,uq_cosine_disagreement;uq_mean_gene_variance;uq_effect_norm_variance;prediction_norm;prediction_sparsity;prediction_concentration,True,FrangiehIzar2021_RNA,within_dataset_leave_one_perturbation_label_out,fixed_source_only_v2,,,
frangieh_melanoma_control,frangieh_melanoma_control,frangieh_melanoma_ifng,absolute_effect_rank_agreement,160,source_u_only,executed,139,-0.3632435427530622,0.3370600414078675,,,not_reported_train_fold_only_no_posthoc_target_calibration,0.035648172848908206,uq_cosine_disagreement,True,FrangiehIzar2021_RNA,within_dataset_leave_one_perturbation_label_out,fixed_source_only_v2,,,
frangieh_melanoma_control,frangieh_melanoma_control,frangieh_melanoma_ifng,absolute_effect_rank_agreement,160,linear_source_features,executed,139,0.11693131268475648,0.5838509316770186,,,not_reported_train_fold_only_no_posthoc_target_calibration,0.035179716474890065,uq_cosine_disagreement;uq_mean_gene_variance;uq_effect_norm_variance;prediction_norm;prediction_sparsity;prediction_concentration,True,FrangiehIzar2021_RNA,within_dataset_leave_one_perturbation_label_out,fixed_source_only_v2,,,
frangieh_melanoma_control,frangieh_melanoma_control,frangieh_melanoma_ifng,absolute_effect_rank_agreement,20,source_u_only,executed,139,-0.593343298056126,0.2124223602484472,,,not_reported_train_fold_only_no_posthoc_target_calibration,0.024312234934448833,uq_cosine_disagreement,True,FrangiehIzar2021_RNA,within_dataset_leave_one_perturbation_label_out,fixed_source_only_v2,,,
frangieh_melanoma_control,frangieh_melanoma_control,frangieh_melanoma_ifng,absolute_effect_rank_agreement,20,linear_source_features,executed,139,-0.31216835463761416,0.35942028985507246,,,not_reported_train_fold_only_no_posthoc_target_calibration,0.024662361633750407,uq_cosine_disagreement;uq_mean_gene_variance;uq_effect_norm_variance;prediction_norm;prediction_sparsity;prediction_concentration,True,FrangiehIzar2021_RNA,within_dataset_leave_one_perturbation_label_out,fixed_source_only_v2,,,
frangieh_melanoma_control,frangieh_melanoma_control,frangieh_melanoma_ifng,absolute_effect_rank_agreement,40,source_u_only,executed,139,-0.1540843581979135,0.384472049689441,,,not_reported_train_fold_only_no_posthoc_target_calibration,0.02769016789403672,uq_cosine_disagreement,True,FrangiehIzar2021_RNA,within_dataset_leave_one_perturbation_label_out,fixed_source_only_v2,,,
frangieh_melanoma_control,frangieh_melanoma_control,frangieh_melanoma_ifng,absolute_effect_rank_agreement,40,linear_source_features,executed,139,0.10105020448887453,0.5192546583850932,,,not_reported_train_fold_only_no_posthoc_target_calibration,0.027214050450743727,uq_cosine_disagreement;uq_mean_gene_variance;uq_effect_norm_variance;prediction_norm;prediction_sparsity;prediction_concentration,True,FrangiehIzar2021_RNA,within_dataset_leave_one_perturbation_label_out,fixed_source_only_v2,,,
frangieh_melanoma_control,frangieh_melanoma_control,frangieh_melanoma_ifng,absolute_effect_rank_agreement,80,source_u_only,executed,139,-0.3855819544312516,0.29958592132505174,,,not_reported_train_fold_only_no_posthoc_target_calibration,0.025148269487665745,uq_cosine_disagreement,True,FrangiehIzar2021_RNA,within_dataset_leave_one_perturbation_label_out,fixed_source_only_v2,,,
frangieh_melanoma_control,frangieh_melanoma_control,frangieh_melanoma_ifng,absolute_effect_rank_agreement,80,linear_source_features,executed,139,-0.2100123218620373,0.41076604554865426,,,not_reported_train_fold_only_no_posthoc_target_calibration,0.02528605372273463,uq_cosine_disagreement;uq_mean_gene_variance;uq_effect_norm_variance;prediction_norm;prediction_sparsity;prediction_concentration,True,FrangiehIzar2021_RNA,within_dataset_leave_one_perturbation_label_out,fixed_source_only_v2,,,
frangieh_melanoma_control,frangieh_melanoma_control,frangieh_melanoma_ifng,absolute_effect_rank_agreement,full,source_u_only,executed,139,-0.43909024695973636,0.2772256728778468,,,not_reported_train_fold_only_no_posthoc_target_calibration,0.053581773885842135,uq_cosine_disagreement,True,FrangiehIzar2021_RNA,within_dataset_leave_one_perturbation_label_out,fixed_source_only_v2,,,
frangieh_melanoma_control,frangieh_melanoma_control,frangieh_melanoma_ifng,absolute_effect_rank_agreement,full,linear_source_features,executed,139,-0.43496290539017735,0.27101449275362316,,,not_reported_train_fold_only_no_posthoc_target_calibration,0.05447957706474284,uq_cosine_disagreement;uq_mean_gene_variance;uq_effect_norm_variance;prediction_norm;prediction_sparsity;prediction_concentration,True,FrangiehIzar2021_RNA,within_dataset_leave_one_perturbation_label_out,fixed_source_only_v2,,,
frangieh_melanoma_control,frangieh_melanoma_control,frangieh_melanoma_ifng,delta_cosine,10,source_u_only,executed,139,-0.6894760478055721,0.1484472049689441,,,not_reported_train_fold_only_no_posthoc_target_calibration,0.04246926619030575,uq_cosine_disagreement,True,FrangiehIzar2021_RNA,within_dataset_leave_one_perturbation_label_out,fixed_source_only_v2,,,
frangieh_melanoma_control,frangieh_melanoma_control,frangieh_melanoma_ifng,delta_cosine,10,linear_source_features,executed,139,-0.1607492755472879,0.4643892339544513,,,not_reported_train_fold_only_no_posthoc_target_calibration,0.0421085602437529,uq_cosine_disagreement;uq_mean_gene_variance;uq_effect_norm_variance;prediction_norm;prediction_sparsity;prediction_concentration,True,FrangiehIzar2021_RNA,within_dataset_leave_one_perturbation_label_out,fixed_source_only_v2,,,
frangieh_melanoma_control,frangieh_melanoma_control,frangieh_melanoma_ifng,delta_cosine,160,source_u_only,executed,139,-0.5160647438056125,0.29461697722567287,,,not_reported_train_fold_only_no_posthoc_target_calibration,0.05596761056340767,uq_cosine_disagreement,True,FrangiehIzar2021_RNA,within_dataset_leave_one_perturbation_label_out,fixed_source_only_v2,,,
frangieh_melanoma_control,frangieh_melanoma_control,frangieh_melanoma_ifng,delta_cosine,160,linear_source_features,executed,139,0.06813985001551463,0.5405797101449274,,,not_reported_train_fold_only_no_posthoc_target_calibration,0.05542980211091996,uq_cosine_disagreement;uq_mean_gene_variance;uq_effect_norm_variance;prediction_norm;prediction_sparsity;prediction_concentration,True,FrangiehIzar2021_RNA,within_dataset_leave_one_perturbation_label_out,fixed_source_only_v2,,,
frangieh_melanoma_control,frangieh_melanoma_control,frangieh_melanoma_ifng,delta_cosine,20,source_u_only,executed,139,-0.055353356614277774,0.4383022774327122,,,not_reported_train_fold_only_no_posthoc_target_calibration,0.04171644051853751,uq_cosine_disagreement,True,FrangiehIzar2021_RNA,within_dataset_leave_one_perturbation_label_out,fixed_source_only_v2,,,
frangieh_melanoma_control,frangieh_melanoma_control,frangieh_melanoma_ifng,delta_cosine,20,linear_source_features,executed,139,-0.3808601386580368,0.32091097308488614,,,not_reported_train_fold_only_no_posthoc_target_calibration,0.042262985553672174,uq_cosine_disagreement;uq_mean_gene_variance;uq_effect_norm_variance;prediction_norm;prediction_sparsity;prediction_concentration,True,FrangiehIzar2021_RNA,within_dataset_leave_one_perturbation_label_out,fixed_source_only_v2,,,
frangieh_melanoma_control,frangieh_melanoma_control,frangieh_melanoma_ifng,delta_cosine,40,source_u_only,executed,139,-0.08743727350403886,0.47681159420289854,,,not_reported_train_fold_only_no_posthoc_target_calibration,0.044456142868591196,uq_cosine_disagreement,True,FrangiehIzar2021_RNA,within_dataset_leave_one_perturbation_label_out,fixed_source_only_v2,,,
frangieh_melanoma_control,frangieh_melanoma_control,frangieh_melanoma_ifng,delta_cosine,40,linear_source_features,executed,139,-0.036391422277597674,0.4937888198757764,,,not_reported_train_fold_only_no_posthoc_target_calibration,0.04439453051828509,uq_cosine_disagreement;uq_mean_gene_variance;uq_effect_norm_variance;prediction_norm;prediction_sparsity;prediction_concentration,True,FrangiehIzar2021_RNA,within_dataset_leave_one_perturbation_label_out,fixed_source_only_v2,,,
frangieh_melanoma_control,frangieh_melanoma_control,frangieh_melanoma_ifng,delta_cosine,80,source_u_only,executed,139,-0.5333958923398164,0.27039337474120084,,,not_reported_train_fold_only_no_posthoc_target_calibration,0.04609456227336009,uq_cosine_disagreement,True,FrangiehIzar2021_RNA,within_dataset_leave_one_perturbation_label_out,fixed_source_only_v2,,,
frangieh_melanoma_control,frangieh_melanoma_control,frangieh_melanoma_ifng,delta_cosine,80,linear_source_features,executed,139,-0.08944596187392018,0.48571428571428577,,,not_reported_train_fold_only_no_posthoc_target_calibration,0.04526622936206439,uq_cosine_disagreement;uq_mean_gene_variance;uq_effect_norm_variance;prediction_norm;prediction_sparsity;prediction_concentration,True,FrangiehIzar2021_RNA,within_dataset_leave_one_perturbation_label_out,fixed_source_only_v2,,,
frangieh_melanoma_control,frangieh_melanoma_control,frangieh_melanoma_ifng,delta_cosine,full,source_u_only,executed,139,-0.193757254368596,0.37287784679089025,,,not_reported_train_fold_only_no_posthoc_target_calibration,0.07051761170790115,uq_cosine_disagreement,True,FrangiehIzar2021_RNA,within_dataset_leave_one_perturbation_label_out,fixed_source_only_v2,,,
frangieh_melanoma_control,frangieh_melanoma_control,frangieh_melanoma_ifng,delta_cosine,full,linear_source_features,executed,139,-0.007936091229543628,0.4832298136645963,,,not_reported_train_fold_only_no_posthoc_target_calibration,0.06977119417878037,uq_cosine_disagreement;uq_mean_gene_variance;uq_effect_norm_variance;prediction_norm;prediction_sparsity;prediction_concentration,True,FrangiehIzar2021_RNA,within_dataset_leave_one_perturbation_label_out,fixed_source_only_v2,,,
frangieh_melanoma_control,frangieh_melanoma_control,frangieh_melanoma_ifng,systema_centroid_accuracy,10,source_u_only,executed,139,-0.6967186834968861,0.15921325051759833,,,not_reported_train_fold_only_no_posthoc_target_calibration,0.04686491056389115,uq_cosine_disagreement,True,FrangiehIzar2021_RNA,within_dataset_leave_one_perturbation_label_out,fixed_source_only_v2,,,
frangieh_melanoma_control,frangieh_melanoma_control,frangieh_melanoma_ifng,systema_centroid_accuracy,10,linear_source_features,executed,139,-0.25687280136840884,0.36997929606625257,,,not_reported_train_fold_only_no_posthoc_target_calibration,0.04753915496252902,uq_cosine_disagreement;uq_mean_gene_variance;uq_effect_norm_variance;prediction_norm;prediction_sparsity;prediction_concentration,True,FrangiehIzar2021_RNA,within_dataset_leave_one_perturbation_label_out,fixed_source_only_v2,,,
frangieh_melanoma_control,frangieh_melanoma_control,frangieh_melanoma_ifng,systema_centroid_accuracy,160,source_u_only,executed,139,-0.31570222083203003,0.3778467908902692,,,not_reported_train_fold_only_no_posthoc_target_calibration,0.05624174336288901,uq_cosine_disagreement,True,FrangiehIzar2021_RNA,within_dataset_leave_one_perturbation_label_out,fixed_source_only_v2,,,
frangieh_melanoma_control,frangieh_melanoma_control,frangieh_melanoma_ifng,systema_centroid_accuracy,160,linear_source_features,executed,139,0.12254345591849501,0.5523809523809524,,,not_reported_train_fold_only_no_posthoc_target_calibration,0.05601493772531916,uq_cosine_disagreement;uq_mean_gene_variance;uq_effect_norm_variance;prediction_norm;prediction_sparsity;prediction_concentration,True,FrangiehIzar2021_RNA,within_dataset_leave_one_perturbation_label_out,fixed_source_only_v2,,,
frangieh_melanoma_control,frangieh_melanoma_control,frangieh_melanoma_ifng,systema_centroid_accuracy,20,source_u_only,executed,139,-0.6705631854951842,0.15962732919254657,,,not_reported_train_fold_only_no_posthoc_target_calibration,0.04517487952930278,uq_cosine_disagreement,True,FrangiehIzar2021_RNA,within_dataset_leave_one_perturbation_label_out,fixed_source_only_v2,,,
frangieh_melanoma_control,frangieh_melanoma_control,frangieh_melanoma_ifng,systema_centroid_accuracy,20,linear_source_features,executed,139,-0.14130019504971825,0.4635610766045548,,,not_reported_train_fold_only_no_posthoc_target_calibration,0.04518563851985718,uq_cosine_disagreement;uq_mean_gene_variance;uq_effect_norm_variance;prediction_norm;prediction_sparsity;prediction_concentration,True,FrangiehIzar2021_RNA,within_dataset_leave_one_perturbation_label_out,fixed_source_only_v2,,,
frangieh_melanoma_control,frangieh_melanoma_control,frangieh_melanoma_ifng,systema_centroid_accuracy,40,source_u_only,executed,139,-0.6113765518261861,0.1867494824016563,,,not_reported_train_fold_only_no_posthoc_target_calibration,0.03808389485041551,uq_cosine_disagreement,True,FrangiehIzar2021_RNA,within_dataset_leave_one_perturbation_label_out,fixed_source_only_v2,,,
frangieh_melanoma_control,frangieh_melanoma_control,frangieh_melanoma_ifng,systema_centroid_accuracy,40,linear_source_features,executed,139,-0.11956561809894918,0.4279503105590062,,,not_reported_train_fold_only_no_posthoc_target_calibration,0.038590828378102994,uq_cosine_disagreement;uq_mean_gene_variance;uq_effect_norm_variance;prediction_norm;prediction_sparsity;prediction_concentration,True,FrangiehIzar2021_RNA,within_dataset_leave_one_perturbation_label_out,fixed_source_only_v2,,,
frangieh_melanoma_control,frangieh_melanoma_control,frangieh_melanoma_ifng,systema_centroid_accuracy,80,source_u_only,executed,139,-0.22360074981176511,0.3643892339544514,,,not_reported_train_fold_only_no_posthoc_target_calibration,0.047575884489291044,uq_cosine_disagreement,True,FrangiehIzar2021_RNA,within_dataset_leave_one_perturbation_label_out,fixed_source_only_v2,,,
frangieh_melanoma_control,frangieh_melanoma_control,frangieh_melanoma_ifng,systema_centroid_accuracy,80,linear_source_features,executed,139,-0.004493056540796115,0.45590062111801244,,,not_reported_train_fold_only_no_posthoc_target_calibration,0.04740203450449413,uq_cosine_disagreement;uq_mean_gene_variance;uq_effect_norm_variance;prediction_norm;prediction_sparsity;prediction_concentration,True,FrangiehIzar2021_RNA,within_dataset_leave_one_perturbation_label_out,fixed_source_only_v2,,,
frangieh_melanoma_control,frangieh_melanoma_control,frangieh_melanoma_ifng,systema_centroid_accuracy,full,source_u_only,executed,139,-0.9233948810567778,0.017391304347826084,,,not_reported_train_fold_only_no_posthoc_target_calibration,0.05442624669985689,uq_cosine_disagreement,True,FrangiehIzar2021_RNA,within_dataset_leave_one_perturbation_label_out,fixed_source_only_v2,,,
frangieh_melanoma_control,frangieh_melanoma_control,frangieh_melanoma_ifng,systema_centroid_accuracy,full,linear_source_features,executed,139,-0.15921361763288222,0.47287784679089023,,,not_reported_train_fold_only_no_posthoc_target_calibration,0.05552763558939115,uq_cosine_disagreement;uq_mean_gene_variance;uq_effect_norm_variance;prediction_norm;prediction_sparsity;prediction_concentration,True,FrangiehIzar2021_RNA,within_dataset_leave_one_perturbation_label_out,fixed_source_only_v2,,,
frangieh_melanoma_ifng,frangieh_melanoma_coculture,frangieh_melanoma_ifng,absolute_effect_rank_agreement,10,source_u_only,executed,186,-0.1451893390881951,0.4518441438316568,,,not_reported_train_fold_only_no_posthoc_target_calibration,0.016752898079359726,uq_cosine_disagreement,True,FrangiehIzar2021_RNA,within_dataset_leave_one_perturbation_label_out,fixed_source_only_v2,,,
frangieh_melanoma_ifng,frangieh_melanoma_coculture,frangieh_melanoma_ifng,absolute_effect_rank_agreement,10,linear_source_features,executed,186,-0.05454099572881571,0.48144294138050636,,,not_reported_train_fold_only_no_posthoc_target_calibration,0.01699588543244161,uq_cosine_disagreement;uq_mean_gene_variance;uq_effect_norm_variance;prediction_norm;prediction_sparsity;prediction_concentration,True,FrangiehIzar2021_RNA,within_dataset_leave_one_perturbation_label_out,fixed_source_only_v2,,,
frangieh_melanoma_ifng,frangieh_melanoma_coculture,frangieh_melanoma_ifng,absolute_effect_rank_agreement,160,source_u_only,executed,186,0.032122949306405295,0.506185686206498,,,not_reported_train_fold_only_no_posthoc_target_calibration,0.02263789662470004,uq_cosine_disagreement,True,FrangiehIzar2021_RNA,within_dataset_leave_one_perturbation_label_out,fixed_source_only_v2,,,
frangieh_melanoma_ifng,frangieh_melanoma_coculture,frangieh_melanoma_ifng,absolute_effect_rank_agreement,160,linear_source_features,executed,186,-0.06266722924556105,0.47439010290206957,,,not_reported_train_fold_only_no_posthoc_target_calibration,0.023746504232136475,uq_cosine_disagreement;uq_mean_gene_variance;uq_effect_norm_variance;prediction_norm;prediction_sparsity;prediction_concentration,True,FrangiehIzar2021_RNA,within_dataset_leave_one_perturbation_label_out,fixed_source_only_v2,,,
frangieh_melanoma_ifng,frangieh_melanoma_coculture,frangieh_melanoma_ifng,absolute_effect_rank_agreement,20,source_u_only,executed,186,0.018356237446905503,0.5146259683200369,,,not_reported_train_fold_only_no_posthoc_target_calibration,0.016661354602876443,uq_cosine_disagreement,True,FrangiehIzar2021_RNA,within_dataset_leave_one_perturbation_label_out,fixed_source_only_v2,,,
frangieh_melanoma_ifng,frangieh_melanoma_coculture,frangieh_melanoma_ifng,absolute_effect_rank_agreement,20,linear_source_features,executed,186,-0.1589671049812451,0.4397040120245114,,,not_reported_train_fold_only_no_posthoc_target_calibration,0.017059626738103795,uq_cosine_disagreement;uq_mean_gene_variance;uq_effect_norm_variance;prediction_norm;prediction_sparsity;prediction_concentration,True,FrangiehIzar2021_RNA,within_dataset_leave_one_perturbation_label_out,fixed_source_only_v2,,,
frangieh_melanoma_ifng,frangieh_melanoma_coculture,frangieh_melanoma_ifng,absolute_effect_rank_agreement,40,source_u_only,executed,186,-0.23683216730440843,0.35622615331252167,,,not_reported_train_fold_only_no_posthoc_target_calibration,0.018126533545727932,uq_cosine_disagreement,True,FrangiehIzar2021_RNA,within_dataset_leave_one_perturbation_label_out,fixed_source_only_v2,,,
frangieh_melanoma_ifng,frangieh_melanoma_coculture,frangieh_melanoma_ifng,absolute_effect_rank_agreement,40,linear_source_features,executed,186,-0.057506086570668316,0.405364782055729,,,not_reported_train_fold_only_no_posthoc_target_calibration,0.018487776659961146,uq_cosine_disagreement;uq_mean_gene_variance;uq_effect_norm_variance;prediction_norm;prediction_sparsity;prediction_concentration,True,FrangiehIzar2021_RNA,within_dataset_leave_one_perturbation_label_out,fixed_source_only_v2,,,
frangieh_melanoma_ifng,frangieh_melanoma_coculture,frangieh_melanoma_ifng,absolute_effect_rank_agreement,80,source_u_only,executed,186,-0.1662141944340781,0.43692912475430684,,,not_reported_train_fold_only_no_posthoc_target_calibration,0.01790182877972975,uq_cosine_disagreement,True,FrangiehIzar2021_RNA,within_dataset_leave_one_perturbation_label_out,fixed_source_only_v2,,,
frangieh_melanoma_ifng,frangieh_melanoma_coculture,frangieh_melanoma_ifng,absolute_effect_rank_agreement,80,linear_source_features,executed,186,-0.03456039327090219,0.5083824719620766,,,not_reported_train_fold_only_no_posthoc_target_calibration,0.018132680751602806,uq_cosine_disagreement;uq_mean_gene_variance;uq_effect_norm_variance;prediction_norm;prediction_sparsity;prediction_concentration,True,FrangiehIzar2021_RNA,within_dataset_leave_one_perturbation_label_out,fixed_source_only_v2,,,
frangieh_melanoma_ifng,frangieh_melanoma_coculture,frangieh_melanoma_ifng,absolute_effect_rank_agreement,full,source_u_only,executed,186,-0.017487527062285135,0.4834084865302347,,,not_reported_train_fold_only_no_posthoc_target_calibration,0.04625544044572124,uq_cosine_disagreement,True,FrangiehIzar2021_RNA,within_dataset_leave_one_perturbation_label_out,fixed_source_only_v2,,,
frangieh_melanoma_ifng,frangieh_melanoma_coculture,frangieh_melanoma_ifng,absolute_effect_rank_agreement,full,linear_source_features,executed,186,-0.017541610274912446,0.4765868886576483,,,not_reported_train_fold_only_no_posthoc_target_calibration,0.0471805536592065,uq_cosine_disagreement;uq_mean_gene_variance;uq_effect_norm_variance;prediction_norm;prediction_sparsity;prediction_concentration,True,FrangiehIzar2021_RNA,within_dataset_leave_one_perturbation_label_out,fixed_source_only_v2,,,
frangieh_melanoma_ifng,frangieh_melanoma_coculture,frangieh_melanoma_ifng,delta_cosine,10,source_u_only,executed,186,-0.05818315413196066,0.5068794080240491,,,not_reported_train_fold_only_no_posthoc_target_calibration,0.04298831544520346,uq_cosine_disagreement,True,FrangiehIzar2021_RNA,within_dataset_leave_one_perturbation_label_out,fixed_source_only_v2,,,
frangieh_melanoma_ifng,frangieh_melanoma_coculture,frangieh_melanoma_ifng,delta_cosine,10,linear_source_features,executed,186,-0.10188625761301555,0.5024858365128917,,,not_reported_train_fold_only_no_posthoc_target_calibration,0.043133314413858585,uq_cosine_disagreement;uq_mean_gene_variance;uq_effect_norm_variance;prediction_norm;prediction_sparsity;prediction_concentration,True,FrangiehIzar2021_RNA,within_dataset_leave_one_perturbation_label_out,fixed_source_only_v2,,,
frangieh_melanoma_ifng,frangieh_melanoma_coculture,frangieh_melanoma_ifng,delta_cosine,160,source_u_only,executed,186,-0.32232247633175254,0.3472077696843565,,,not_reported_train_fold_only_no_posthoc_target_calibration,0.0642387713248891,uq_cosine_disagreement,True,FrangiehIzar2021_RNA,within_dataset_leave_one_perturbation_label_out,fixed_source_only_v2,,,
frangieh_melanoma_ifng,frangieh_melanoma_coculture,frangieh_melanoma_ifng,delta_cosine,160,linear_source_features,executed,186,-0.039856719457533246,0.48132732107758114,,,not_reported_train_fold_only_no_posthoc_target_calibration,0.0647041104774451,uq_cosine_disagreement;uq_mean_gene_variance;uq_effect_norm_variance;prediction_norm;prediction_sparsity;prediction_concentration,True,FrangiehIzar2021_RNA,within_dataset_leave_one_perturbation_label_out,fixed_source_only_v2,,,
frangieh_melanoma_ifng,frangieh_melanoma_coculture,frangieh_melanoma_ifng,delta_cosine,20,source_u_only,executed,186,-0.17983418240683166,0.3814313793502139,,,not_reported_train_fold_only_no_posthoc_target_calibration,0.03856338413730812,uq_cosine_disagreement,True,FrangiehIzar2021_RNA,within_dataset_leave_one_perturbation_label_out,fixed_source_only_v2,,,
frangieh_melanoma_ifng,frangieh_melanoma_coculture,frangieh_melanoma_ifng,delta_cosine,20,linear_source_features,executed,186,-0.11771062997725633,0.43415423748410215,,,not_reported_train_fold_only_no_posthoc_target_calibration,0.03886539155144299,uq_cosine_disagreement;uq_mean_gene_variance;uq_effect_norm_variance;prediction_norm;prediction_sparsity;prediction_concentration,True,FrangiehIzar2021_RNA,within_dataset_leave_one_perturbation_label_out,fixed_source_only_v2,,,
frangieh_melanoma_ifng,frangieh_melanoma_coculture,frangieh_melanoma_ifng,delta_cosine,40,source_u_only,executed,186,-0.10040351813743424,0.4429413805064169,,,not_reported_train_fold_only_no_posthoc_target_calibration,0.050352498994330086,uq_cosine_disagreement,True,FrangiehIzar2021_RNA,within_dataset_leave_one_perturbation_label_out,fixed_source_only_v2,,,
frangieh_melanoma_ifng,frangieh_melanoma_coculture,frangieh_melanoma_ifng,delta_cosine,40,linear_source_features,executed,186,0.003876198490831971,0.48930512197941955,,,not_reported_train_fold_only_no_posthoc_target_calibration,0.05007961283037844,uq_cosine_disagreement;uq_mean_gene_variance;uq_effect_norm_variance;prediction_norm;prediction_sparsity;prediction_concentration,True,FrangiehIzar2021_RNA,within_dataset_leave_one_perturbation_label_out,fixed_source_only_v2,,,
frangieh_melanoma_ifng,frangieh_melanoma_coculture,frangieh_melanoma_ifng,delta_cosine,80,source_u_only,executed,186,-0.38836881535598833,0.3280147993987744,,,not_reported_train_fold_only_no_posthoc_target_calibration,0.05901112979378222,uq_cosine_disagreement,True,FrangiehIzar2021_RNA,within_dataset_leave_one_perturbation_label_out,fixed_source_only_v2,,,
frangieh_melanoma_ifng,frangieh_melanoma_coculture,frangieh_melanoma_ifng,delta_cosine,80,linear_source_features,executed,186,-0.2880783108123857,0.35715111573592323,,,not_reported_train_fold_only_no_posthoc_target_calibration,0.059536467117913064,uq_cosine_disagreement;uq_mean_gene_variance;uq_effect_norm_variance;prediction_norm;prediction_sparsity;prediction_concentration,True,FrangiehIzar2021_RNA,within_dataset_leave_one_perturbation_label_out,fixed_source_only_v2,,,
frangieh_melanoma_ifng,frangieh_melanoma_coculture,frangieh_melanoma_ifng,delta_cosine,full,source_u_only,executed,186,-0.6408962441584807,0.22259481961147085,,,not_reported_train_fold_only_no_posthoc_target_calibration,0.07483209001653823,uq_cosine_disagreement,True,FrangiehIzar2021_RNA,within_dataset_leave_one_perturbation_label_out,fixed_source_only_v2,,,
frangieh_melanoma_ifng,frangieh_melanoma_coculture,frangieh_melanoma_ifng,delta_cosine,full,linear_source_features,executed,186,0.0452419449612305,0.5719241443108233,,,not_reported_train_fold_only_no_posthoc_target_calibration,0.07405089857909579,uq_cosine_disagreement;uq_mean_gene_variance;uq_effect_norm_variance;prediction_norm;prediction_sparsity;prediction_concentration,True,FrangiehIzar2021_RNA,within_dataset_leave_one_perturbation_label_out,fixed_source_only_v2,,,
frangieh_melanoma_ifng,frangieh_melanoma_coculture,frangieh_melanoma_ifng,systema_centroid_accuracy,10,source_u_only,executed,186,-0.09739058757820228,0.5112729795352065,,,not_reported_train_fold_only_no_posthoc_target_calibration,0.04126621259810604,uq_cosine_disagreement,True,FrangiehIzar2021_RNA,within_dataset_leave_one_perturbation_label_out,fixed_source_only_v2,,,
frangieh_melanoma_ifng,frangieh_melanoma_coculture,frangieh_melanoma_ifng,systema_centroid_accuracy,10,linear_source_features,executed,186,-0.13261105819463426,0.48468030986241184,,,not_reported_train_fold_only_no_posthoc_target_calibration,0.04161385737750367,uq_cosine_disagreement;uq_mean_gene_variance;uq_effect_norm_variance;prediction_norm;prediction_sparsity;prediction_concentration,True,FrangiehIzar2021_RNA,within_dataset_leave_one_perturbation_label_out,fixed_source_only_v2,,,
frangieh_melanoma_ifng,frangieh_melanoma_coculture,frangieh_melanoma_ifng,systema_centroid_accuracy,160,source_u_only,executed,186,-0.3787506020125462,0.33657070181523874,,,not_reported_train_fold_only_no_posthoc_target_calibration,0.04042729347695835,uq_cosine_disagreement,True,FrangiehIzar2021_RNA,within_dataset_leave_one_perturbation_label_out,fixed_source_only_v2,,,
frangieh_melanoma_ifng,frangieh_melanoma_coculture,frangieh_melanoma_ifng,systema_centroid_accuracy,160,linear_source_features,executed,186,-0.31040860389515373,0.3714880332986472,,,not_reported_train_fold_only_no_posthoc_target_calibration,0.040868261484114016,uq_cosine_disagreement;uq_mean_gene_variance;uq_effect_norm_variance;prediction_norm;prediction_sparsity;prediction_concentration,True,FrangiehIzar2021_RNA,within_dataset_leave_one_perturbation_label_out,fixed_source_only_v2,,,
frangieh_melanoma_ifng,frangieh_melanoma_coculture,frangieh_melanoma_ifng,systema_centroid_accuracy,20,source_u_only,executed,186,-0.14978204010462073,0.4450225459590705,,,not_reported_train_fold_only_no_posthoc_target_calibration,0.040401852159444314,uq_cosine_disagreement,True,FrangiehIzar2021_RNA,within_dataset_leave_one_perturbation_label_out,fixed_source_only_v2,,,
frangieh_melanoma_ifng,frangieh_melanoma_coculture,frangieh_melanoma_ifng,systema_centroid_accuracy,20,linear_source_features,executed,186,-0.3158716764029857,0.3633946120938837,,,not_reported_train_fold_only_no_posthoc_target_calibration,0.04073537108072636,uq_cosine_disagreement;uq_mean_gene_variance;uq_effect_norm_variance;prediction_norm;prediction_sparsity;prediction_concentration,True,FrangiehIzar2021_RNA,within_dataset_leave_one_perturbation_label_out,fixed_source_only_v2,,,
frangieh_melanoma_ifng,frangieh_melanoma_coculture,frangieh_melanoma_ifng,systema_centroid_accuracy,40,source_u_only,executed,186,-0.3251702069431452,0.3833969244999422,,,not_reported_train_fold_only_no_posthoc_target_calibration,0.035738176342421595,uq_cosine_disagreement,True,FrangiehIzar2021_RNA,within_dataset_leave_one_perturbation_label_out,fixed_source_only_v2,,,
frangieh_melanoma_ifng,frangieh_melanoma_coculture,frangieh_melanoma_ifng,systema_centroid_accuracy,40,linear_source_features,executed,186,-0.08712711939872894,0.4713839750260146,,,not_reported_train_fold_only_no_posthoc_target_calibration,0.035780197948665014,uq_cosine_disagreement;uq_mean_gene_variance;uq_effect_norm_variance;prediction_norm;prediction_sparsity;prediction_concentration,True,FrangiehIzar2021_RNA,within_dataset_leave_one_perturbation_label_out,fixed_source_only_v2,,,
frangieh_melanoma_ifng,frangieh_melanoma_coculture,frangieh_melanoma_ifng,systema_centroid_accuracy,80,source_u_only,executed,186,-0.2664809227890404,0.3835125448028674,,,not_reported_train_fold_only_no_posthoc_target_calibration,0.043241957997000965,uq_cosine_disagreement,True,FrangiehIzar2021_RNA,within_dataset_leave_one_perturbation_label_out,fixed_source_only_v2,,,
frangieh_melanoma_ifng,frangieh_melanoma_coculture,frangieh_melanoma_ifng,systema_centroid_accuracy,80,linear_source_features,executed,186,-0.15416835090302386,0.42617643658226384,,,not_reported_train_fold_only_no_posthoc_target_calibration,0.044120095893709174,uq_cosine_disagreement;uq_mean_gene_variance;uq_effect_norm_variance;prediction_norm;prediction_sparsity;prediction_concentration,True,FrangiehIzar2021_RNA,within_dataset_leave_one_perturbation_label_out,fixed_source_only_v2,,,
frangieh_melanoma_ifng,frangieh_melanoma_coculture,frangieh_melanoma_ifng,systema_centroid_accuracy,full,source_u_only,executed,186,-0.06478425918050752,0.48294600531853393,,,not_reported_train_fold_only_no_posthoc_target_calibration,0.026267408434608928,uq_cosine_disagreement,True,FrangiehIzar2021_RNA,within_dataset_leave_one_perturbation_label_out,fixed_source_only_v2,,,
frangieh_melanoma_ifng,frangieh_melanoma_coculture,frangieh_melanoma_ifng,systema_centroid_accuracy,full,linear_source_features,executed,186,-0.2135457001285441,0.4079084287200832,,,not_reported_train_fold_only_no_posthoc_target_calibration,0.02682623691034854,uq_cosine_disagreement;uq_mean_gene_variance;uq_effect_norm_variance;prediction_norm;prediction_sparsity;prediction_concentration,True,FrangiehIzar2021_RNA,within_dataset_leave_one_perturbation_label_out,fixed_source_only_v2,,,
frangieh_melanoma_ifng,frangieh_melanoma_control,frangieh_melanoma_coculture,absolute_effect_rank_agreement,full,source_u_only,executed,139,-0.0322541725381921,0.5428571428571428,,,not_reported_train_fold_only_no_posthoc_target_calibration,0.0579267946805339,uq_cosine_disagreement,True,FrangiehIzar2021_RNA,within_dataset_leave_one_perturbation_label_out,fixed_source_only_v2,,,
frangieh_melanoma_ifng,frangieh_melanoma_control,frangieh_melanoma_coculture,absolute_effect_rank_agreement,full,linear_source_features,executed,139,-0.11870308702644142,0.4643892339544513,,,not_reported_train_fold_only_no_posthoc_target_calibration,0.0598644898027464,uq_cosine_disagreement;uq_mean_gene_variance;uq_effect_norm_variance;prediction_norm;prediction_sparsity;prediction_concentration,True,FrangiehIzar2021_RNA,within_dataset_leave_one_perturbation_label_out,fixed_source_only_v2,,,
frangieh_melanoma_ifng,frangieh_melanoma_control,frangieh_melanoma_coculture,delta_cosine,full,source_u_only,executed,139,-0.11291279348745674,0.40641821946169765,,,not_reported_train_fold_only_no_posthoc_target_calibration,0.08741797302400668,uq_cosine_disagreement,True,FrangiehIzar2021_RNA,within_dataset_leave_one_perturbation_label_out,fixed_source_only_v2,,,
frangieh_melanoma_ifng,frangieh_melanoma_control,frangieh_melanoma_coculture,delta_cosine,full,linear_source_features,executed,139,-0.011059586595225495,0.49958592132505175,,,not_reported_train_fold_only_no_posthoc_target_calibration,0.08964764779418324,uq_cosine_disagreement;uq_mean_gene_variance;uq_effect_norm_variance;prediction_norm;prediction_sparsity;prediction_concentration,True,FrangiehIzar2021_RNA,within_dataset_leave_one_perturbation_label_out,fixed_source_only_v2,,,
frangieh_melanoma_ifng,frangieh_melanoma_control,frangieh_melanoma_coculture,systema_centroid_accuracy,full,source_u_only,executed,139,-0.43023101236900524,0.29958592132505174,,,not_reported_train_fold_only_no_posthoc_target_calibration,0.05965804888468842,uq_cosine_disagreement,True,FrangiehIzar2021_RNA,within_dataset_leave_one_perturbation_label_out,fixed_source_only_v2,,,
frangieh_melanoma_ifng,frangieh_melanoma_control,frangieh_melanoma_coculture,systema_centroid_accuracy,full,linear_source_features,executed,139,-0.19205315770738193,0.39482401656314703,,,not_reported_train_fold_only_no_posthoc_target_calibration,0.06073954823557887,uq_cosine_disagreement;uq_mean_gene_variance;uq_effect_norm_variance;prediction_norm;prediction_sparsity;prediction_concentration,True,FrangiehIzar2021_RNA,within_dataset_leave_one_perturbation_label_out,fixed_source_only_v2,,,
frangieh_melanoma_ifng,frangieh_melanoma_control,frangieh_melanoma_ifng,absolute_effect_rank_agreement,10,source_u_only,executed,139,-0.21434771486326157,0.406832298136646,,,not_reported_train_fold_only_no_posthoc_target_calibration,0.018927983326046158,uq_cosine_disagreement,True,FrangiehIzar2021_RNA,within_dataset_leave_one_perturbation_label_out,fixed_source_only_v2,,,
frangieh_melanoma_ifng,frangieh_melanoma_control,frangieh_melanoma_ifng,absolute_effect_rank_agreement,10,linear_source_features,executed,139,-0.34902597766084753,0.33768115942028987,,,not_reported_train_fold_only_no_posthoc_target_calibration,0.019303271257010715,uq_cosine_disagreement;uq_mean_gene_variance;uq_effect_norm_variance;prediction_norm;prediction_sparsity;prediction_concentration,True,FrangiehIzar2021_RNA,within_dataset_leave_one_perturbation_label_out,fixed_source_only_v2,,,
frangieh_melanoma_ifng,frangieh_melanoma_control,frangieh_melanoma_ifng,absolute_effect_rank_agreement,160,source_u_only,executed,139,-0.6154712352471575,0.20455486542443063,,,not_reported_train_fold_only_no_posthoc_target_calibration,0.030832826072989192,uq_cosine_disagreement,True,FrangiehIzar2021_RNA,within_dataset_leave_one_perturbation_label_out,fixed_source_only_v2,,,
frangieh_melanoma_ifng,frangieh_melanoma_control,frangieh_melanoma_ifng,absolute_effect_rank_agreement,160,linear_source_features,executed,139,-0.049450543312544754,0.48985507246376814,,,not_reported_train_fold_only_no_posthoc_target_calibration,0.030558024269677162,uq_cosine_disagreement;uq_mean_gene_variance;uq_effect_norm_variance;prediction_norm;prediction_sparsity;prediction_concentration,True,FrangiehIzar2021_RNA,within_dataset_leave_one_perturbation_label_out,fixed_source_only_v2,,,
frangieh_melanoma_ifng,frangieh_melanoma_control,frangieh_melanoma_ifng,absolute_effect_rank_agreement,20,source_u_only,executed,139,0.05059951047680043,0.5250517598343685,,,not_reported_train_fold_only_no_posthoc_target_calibration,0.017768736992637955,uq_cosine_disagreement,True,FrangiehIzar2021_RNA,within_dataset_leave_one_perturbation_label_out,fixed_source_only_v2,,,
frangieh_melanoma_ifng,frangieh_melanoma_control,frangieh_melanoma_ifng,absolute_effect_rank_agreement,20,linear_source_features,executed,139,-0.0382216552182022,0.4780538302277433,,,not_reported_train_fold_only_no_posthoc_target_calibration,0.018010044962636928,uq_cosine_disagreement;uq_mean_gene_variance;uq_effect_norm_variance;prediction_norm;prediction_sparsity;prediction_concentration,True,FrangiehIzar2021_RNA,within_dataset_leave_one_perturbation_label_out,fixed_source_only_v2,,,
frangieh_melanoma_ifng,frangieh_melanoma_control,frangieh_melanoma_ifng,absolute_effect_rank_agreement,40,source_u_only,executed,139,-0.19765625873202763,0.38012422360248455,,,not_reported_train_fold_only_no_posthoc_target_calibration,0.019735163145024975,uq_cosine_disagreement,True,FrangiehIzar2021_RNA,within_dataset_leave_one_perturbation_label_out,fixed_source_only_v2,,,
frangieh_melanoma_ifng,frangieh_melanoma_control,frangieh_melanoma_ifng,absolute_effect_rank_agreement,40,linear_source_features,executed,139,-0.21888126263229551,0.35031055900621116,,,not_reported_train_fold_only_no_posthoc_target_calibration,0.02038190926251301,uq_cosine_disagreement;uq_mean_gene_variance;uq_effect_norm_variance;prediction_norm;prediction_sparsity;prediction_concentration,True,FrangiehIzar2021_RNA,within_dataset_leave_one_perturbation_label_out,fixed_source_only_v2,,,
frangieh_melanoma_ifng,frangieh_melanoma_control,frangieh_melanoma_ifng,absolute_effect_rank_agreement,80,source_u_only,executed,139,-0.9647310112913094,0.007039337474120081,,,not_reported_train_fold_only_no_posthoc_target_calibration,0.026259464606740293,uq_cosine_disagreement,True,FrangiehIzar2021_RNA,within_dataset_leave_one_perturbation_label_out,fixed_source_only_v2,,,
frangieh_melanoma_ifng,frangieh_melanoma_control,frangieh_melanoma_ifng,absolute_effect_rank_agreement,80,linear_source_features,executed,139,-0.04894375244567911,0.44430641821946165,,,not_reported_train_fold_only_no_posthoc_target_calibration,0.026217873670738103,uq_cosine_disagreement;uq_mean_gene_variance;uq_effect_norm_variance;prediction_norm;prediction_sparsity;prediction_concentration,True,FrangiehIzar2021_RNA,within_dataset_leave_one_perturbation_label_out,fixed_source_only_v2,,,
frangieh_melanoma_ifng,frangieh_melanoma_control,frangieh_melanoma_ifng,absolute_effect_rank_agreement,full,source_u_only,executed,139,-0.16648084887515696,0.39316770186335404,,,not_reported_train_fold_only_no_posthoc_target_calibration,0.05261891975913226,uq_cosine_disagreement,True,FrangiehIzar2021_RNA,within_dataset_leave_one_perturbation_label_out,fixed_source_only_v2,,,
frangieh_melanoma_ifng,frangieh_melanoma_control,frangieh_melanoma_ifng,absolute_effect_rank_agreement,full,linear_source_features,executed,139,-0.2152194847641772,0.3813664596273292,,,not_reported_train_fold_only_no_posthoc_target_calibration,0.05326531474475105,uq_cosine_disagreement;uq_mean_gene_variance;uq_effect_norm_variance;prediction_norm;prediction_sparsity;prediction_concentration,True,FrangiehIzar2021_RNA,within_dataset_leave_one_perturbation_label_out,fixed_source_only_v2,,,
frangieh_melanoma_ifng,frangieh_melanoma_control,frangieh_melanoma_ifng,delta_cosine,10,source_u_only,executed,139,-0.3493312897451639,0.3656314699792961,,,not_reported_train_fold_only_no_posthoc_target_calibration,0.04493143643216404,uq_cosine_disagreement,True,FrangiehIzar2021_RNA,within_dataset_leave_one_perturbation_label_out,fixed_source_only_v2,,,
frangieh_melanoma_ifng,frangieh_melanoma_control,frangieh_melanoma_ifng,delta_cosine,10,linear_source_features,executed,139,-0.24452274240711708,0.38674948240165635,,,not_reported_train_fold_only_no_posthoc_target_calibration,0.04528095570283963,uq_cosine_disagreement;uq_mean_gene_variance;uq_effect_norm_variance;prediction_norm;prediction_sparsity;prediction_concentration,True,FrangiehIzar2021_RNA,within_dataset_leave_one_perturbation_label_out,fixed_source_only_v2,,,
frangieh_melanoma_ifng,frangieh_melanoma_control,frangieh_melanoma_ifng,delta_cosine,160,source_u_only,executed,139,-0.3079348092027968,0.34202898550724636,,,not_reported_train_fold_only_no_posthoc_target_calibration,0.06088579153533212,uq_cosine_disagreement,True,FrangiehIzar2021_RNA,within_dataset_leave_one_perturbation_label_out,fixed_source_only_v2,,,
frangieh_melanoma_ifng,frangieh_melanoma_control,frangieh_melanoma_ifng,delta_cosine,160,linear_source_features,executed,139,-0.07658097964981,0.41863354037267075,,,not_reported_train_fold_only_no_posthoc_target_calibration,0.060526411048845076,uq_cosine_disagreement;uq_mean_gene_variance;uq_effect_norm_variance;prediction_norm;prediction_sparsity;prediction_concentration,True,FrangiehIzar2021_RNA,within_dataset_leave_one_perturbation_label_out,fixed_source_only_v2,,,
frangieh_melanoma_ifng,frangieh_melanoma_control,frangieh_melanoma_ifng,delta_cosine,20,source_u_only,executed,139,-0.26995204203962736,0.34265010351966874,,,not_reported_train_fold_only_no_posthoc_target_calibration,0.04339855956087374,uq_cosine_disagreement,True,FrangiehIzar2021_RNA,within_dataset_leave_one_perturbation_label_out,fixed_source_only_v2,,,
frangieh_melanoma_ifng,frangieh_melanoma_control,frangieh_melanoma_ifng,delta_cosine,20,linear_source_features,executed,139,-0.036858256466192695,0.44306418219461696,,,not_reported_train_fold_only_no_posthoc_target_calibration,0.043716780267057456,uq_cosine_disagreement;uq_mean_gene_variance;uq_effect_norm_variance;prediction_norm;prediction_sparsity;prediction_concentration,True,FrangiehIzar2021_RNA,within_dataset_leave_one_perturbation_label_out,fixed_source_only_v2,,,
frangieh_melanoma_ifng,frangieh_melanoma_control,frangieh_melanoma_ifng,delta_cosine,40,source_u_only,executed,139,-0.17060936864678466,0.4163561076604555,,,not_reported_train_fold_only_no_posthoc_target_calibration,0.04769194527494015,uq_cosine_disagreement,True,FrangiehIzar2021_RNA,within_dataset_leave_one_perturbation_label_out,fixed_source_only_v2,,,
frangieh_melanoma_ifng,frangieh_melanoma_control,frangieh_melanoma_ifng,delta_cosine,40,linear_source_features,executed,139,-0.2527266166731316,0.37060041407867494,,,not_reported_train_fold_only_no_posthoc_target_calibration,0.0488799943341035,uq_cosine_disagreement;uq_mean_gene_variance;uq_effect_norm_variance;prediction_norm;prediction_sparsity;prediction_concentration,True,FrangiehIzar2021_RNA,within_dataset_leave_one_perturbation_label_out,fixed_source_only_v2,,,
frangieh_melanoma_ifng,frangieh_melanoma_control,frangieh_melanoma_ifng,delta_cosine,80,source_u_only,executed,139,-0.07742775848302502,0.4573498964803313,,,not_reported_train_fold_only_no_posthoc_target_calibration,0.05565502108804141,uq_cosine_disagreement,True,FrangiehIzar2021_RNA,within_dataset_leave_one_perturbation_label_out,fixed_source_only_v2,,,
frangieh_melanoma_ifng,frangieh_melanoma_control,frangieh_melanoma_ifng,delta_cosine,80,linear_source_features,executed,139,-0.036755563549393876,0.47619047619047616,,,not_reported_train_fold_only_no_posthoc_target_calibration,0.05618614855945971,uq_cosine_disagreement;uq_mean_gene_variance;uq_effect_norm_variance;prediction_norm;prediction_sparsity;prediction_concentration,True,FrangiehIzar2021_RNA,within_dataset_leave_one_perturbation_label_out,fixed_source_only_v2,,,
frangieh_melanoma_ifng,frangieh_melanoma_control,frangieh_melanoma_ifng,delta_cosine,full,source_u_only,executed,139,-0.25671394355948723,0.3886128364389234,,,not_reported_train_fold_only_no_posthoc_target_calibration,0.07770470034809192,uq_cosine_disagreement,True,FrangiehIzar2021_RNA,within_dataset_leave_one_perturbation_label_out,fixed_source_only_v2,,,
frangieh_melanoma_ifng,frangieh_melanoma_control,frangieh_melanoma_ifng,delta_cosine,full,linear_source_features,executed,139,-0.13296944768507651,0.4556935817805383,,,not_reported_train_fold_only_no_posthoc_target_calibration,0.07867624747379583,uq_cosine_disagreement;uq_mean_gene_variance;uq_effect_norm_variance;prediction_norm;prediction_sparsity;prediction_concentration,True,FrangiehIzar2021_RNA,within_dataset_leave_one_perturbation_label_out,fixed_source_only_v2,,,
frangieh_melanoma_ifng,frangieh_melanoma_control,frangieh_melanoma_ifng,systema_centroid_accuracy,10,source_u_only,executed,139,-0.28041561424438016,0.35776397515527947,,,not_reported_train_fold_only_no_posthoc_target_calibration,0.047613520328596705,uq_cosine_disagreement,True,FrangiehIzar2021_RNA,within_dataset_leave_one_perturbation_label_out,fixed_source_only_v2,,,
frangieh_melanoma_ifng,frangieh_melanoma_control,frangieh_melanoma_ifng,systema_centroid_accuracy,10,linear_source_features,executed,139,-0.2564354632764344,0.36770186335403726,,,not_reported_train_fold_only_no_posthoc_target_calibration,0.04888408544203914,uq_cosine_disagreement;uq_mean_gene_variance;uq_effect_norm_variance;prediction_norm;prediction_sparsity;prediction_concentration,True,FrangiehIzar2021_RNA,within_dataset_leave_one_perturbation_label_out,fixed_source_only_v2,,,
frangieh_melanoma_ifng,frangieh_melanoma_control,frangieh_melanoma_ifng,systema_centroid_accuracy,160,source_u_only,executed,139,-0.16748775076620462,0.46066252587991713,,,not_reported_train_fold_only_no_posthoc_target_calibration,0.061689433457304134,uq_cosine_disagreement,True,FrangiehIzar2021_RNA,within_dataset_leave_one_perturbation_label_out,fixed_source_only_v2,,,
frangieh_melanoma_ifng,frangieh_melanoma_control,frangieh_melanoma_ifng,systema_centroid_accuracy,160,linear_source_features,executed,139,-0.03203009971432033,0.5393374741200828,,,not_reported_train_fold_only_no_posthoc_target_calibration,0.061176928766729845,uq_cosine_disagreement;uq_mean_gene_variance;uq_effect_norm_variance;prediction_norm;prediction_sparsity;prediction_concentration,True,FrangiehIzar2021_RNA,within_dataset_leave_one_perturbation_label_out,fixed_source_only_v2,,,
frangieh_melanoma_ifng,frangieh_melanoma_control,frangieh_melanoma_ifng,systema_centroid_accuracy,20,source_u_only,executed,139,-0.5589889617378725,0.2070393374741201,,,not_reported_train_fold_only_no_posthoc_target_calibration,0.044282782564611815,uq_cosine_disagreement,True,FrangiehIzar2021_RNA,within_dataset_leave_one_perturbation_label_out,fixed_source_only_v2,,,
frangieh_melanoma_ifng,frangieh_melanoma_control,frangieh_melanoma_ifng,systema_centroid_accuracy,20,linear_source_features,executed,139,-0.23084390594311058,0.3730848861283643,,,not_reported_train_fold_only_no_posthoc_target_calibration,0.043487060793406807,uq_cosine_disagreement;uq_mean_gene_variance;uq_effect_norm_variance;prediction_norm;prediction_sparsity;prediction_concentration,True,FrangiehIzar2021_RNA,within_dataset_leave_one_perturbation_label_out,fixed_source_only_v2,,,
frangieh_melanoma_ifng,frangieh_melanoma_control,frangieh_melanoma_ifng,systema_centroid_accuracy,40,source_u_only,executed,139,-0.3554437936605387,0.35797101449275365,,,not_reported_train_fold_only_no_posthoc_target_calibration,0.040874474331459146,uq_cosine_disagreement,True,FrangiehIzar2021_RNA,within_dataset_leave_one_perturbation_label_out,fixed_source_only_v2,,,
frangieh_melanoma_ifng,frangieh_melanoma_control,frangieh_melanoma_ifng,systema_centroid_accuracy,40,linear_source_features,executed,139,-0.097529260230876,0.4180124223602485,,,not_reported_train_fold_only_no_posthoc_target_calibration,0.04190009126203238,uq_cosine_disagreement;uq_mean_gene_variance;uq_effect_norm_variance;prediction_norm;prediction_sparsity;prediction_concentration,True,FrangiehIzar2021_RNA,within_dataset_leave_one_perturbation_label_out,fixed_source_only_v2,,,
frangieh_melanoma_ifng,frangieh_melanoma_control,frangieh_melanoma_ifng,systema_centroid_accuracy,80,source_u_only,executed,139,-0.5289607768008762,0.2623188405797101,,,not_reported_train_fold_only_no_posthoc_target_calibration,0.046503356467637175,uq_cosine_disagreement,True,FrangiehIzar2021_RNA,within_dataset_leave_one_perturbation_label_out,fixed_source_only_v2,,,
frangieh_melanoma_ifng,frangieh_melanoma_control,frangieh_melanoma_ifng,systema_centroid_accuracy,80,linear_source_features,executed,139,-0.05644360387376045,0.46190476190476193,,,not_reported_train_fold_only_no_posthoc_target_calibration,0.047028594575473974,uq_cosine_disagreement;uq_mean_gene_variance;uq_effect_norm_variance;prediction_norm;prediction_sparsity;prediction_concentration,True,FrangiehIzar2021_RNA,within_dataset_leave_one_perturbation_label_out,fixed_source_only_v2,,,
frangieh_melanoma_ifng,frangieh_melanoma_control,frangieh_melanoma_ifng,systema_centroid_accuracy,full,source_u_only,executed,139,-0.8464026258900939,0.10269151138716355,,,not_reported_train_fold_only_no_posthoc_target_calibration,0.058617045010242834,uq_cosine_disagreement,True,FrangiehIzar2021_RNA,within_dataset_leave_one_perturbation_label_out,fixed_source_only_v2,,,
frangieh_melanoma_ifng,frangieh_melanoma_control,frangieh_melanoma_ifng,systema_centroid_accuracy,full,linear_source_features,executed,139,-0.17835625899826343,0.39937888198757765,,,not_reported_train_fold_only_no_posthoc_target_calibration,0.059458101224047,uq_cosine_disagreement;uq_mean_gene_variance;uq_effect_norm_variance;prediction_norm;prediction_sparsity;prediction_concentration,True,FrangiehIzar2021_RNA,within_dataset_leave_one_perturbation_label_out,fixed_source_only_v2,,,
,,,,,source_u_only,blocked_missing_shared_per_label_target_outcomes,0,,,,,not_reported_no_target_labels,,fixed_source_only_v2,True,FrangiehIzar2021_RNA__to__NadigOConner2024,leave_dataset_out,fixed_source_only_v2,FrangiehIzar2021_RNA,NadigOConner2024,Nadig canonical output is aggregate-only; no shared per-label identifiable-divergence outcome exists
,,,,,linear_source_features,blocked_missing_shared_per_label_target_outcomes,0,,,,,not_reported_no_target_labels,,fixed_source_only_v2,True,FrangiehIzar2021_RNA__to__NadigOConner2024,leave_dataset_out,fixed_source_only_v2,FrangiehIzar2021_RNA,NadigOConner2024,Nadig canonical output is aggregate-only; no shared per-label identifiable-divergence outcome exists
,,,,,source_u_only,blocked_missing_shared_per_label_target_outcomes,0,,,,,not_reported_no_target_labels,,fixed_source_only_v2,True,NadigOConner2024__to__FrangiehIzar2021_RNA,leave_dataset_out,fixed_source_only_v2,NadigOConner2024,FrangiehIzar2021_RNA,Nadig canonical output is aggregate-only; no shared per-label identifiable-divergence outcome exists
,,,,,linear_source_features,blocked_missing_shared_per_label_target_outcomes,0,,,,,not_reported_no_target_labels,,fixed_source_only_v2,True,NadigOConner2024__to__FrangiehIzar2021_RNA,leave_dataset_out,fixed_source_only_v2,NadigOConner2024,FrangiehIzar2021_RNA,Nadig canonical output is aggregate-only; no shared per-label identifiable-divergence outcome exists
