source_environment_id,target_environment_id,transfer_id,source_context_id,unordered_context_pair_id,left_target_environment_id,right_target_environment_id,metric,cell_budget_label,universe_mode,budget_fraction,k,n_items,n_pairs_global,n_pairs_boundary,n_pairs_nonboundary,boundary_pair_fraction,global_d_adj,global_d_adj_ci_low,global_d_adj_ci_high,global_d_adj_seed_q05,global_d_adj_seed_q95,boundary_d_adj,boundary_d_adj_ci_low,boundary_d_adj_ci_high,boundary_d_adj_seed_q05,boundary_d_adj_seed_q95,nonboundary_d_adj,nonboundary_d_adj_ci_low,nonboundary_d_adj_ci_high,nonboundary_d_adj_seed_q05,nonboundary_d_adj_seed_q95,boundary_excess_d_adj,boundary_excess_d_adj_ci_low,boundary_excess_d_adj_ci_high,boundary_enrichment,boundary_enrichment_ci_low,boundary_enrichment_ci_high,boundary_to_nonboundary_ratio,boundary_to_nonboundary_ratio_ci_low,boundary_to_nonboundary_ratio_ci_high,boundary_contribution_fraction,deterministic_boundary_inversion,boundary_inversion,deterministic_boundary_inversion_ci_low,deterministic_boundary_inversion_ci_high,boundary_inversion_ci_low,boundary_inversion_ci_high,shortlist_retention,retention,shortlist_retention_ci_low,shortlist_retention_ci_high,retention_ci_low,retention_ci_high,normalized_regret,normalized_regret_ci_low,normalized_regret_ci_high,mis_selection_fraction,mis_selection_fraction_ci_low,mis_selection_fraction_ci_high,crossfit_split_count,crossfit_fit_seed_count,crossfit_eval_seed_count,measurement_replicate_count,uncertainty_draws,uncertainty_level,global_d_adj_interval_source,conditional_interval_source,source_shortlist_only,target_outcomes_used_for_pair_set,boundary_mechanism_supported,status,source_shortlist_sha256,boundary_pair_sha256,source_shortlist_split_audit
frangieh_melanoma_coculture,frangieh_melanoma_control,frangieh_melanoma_coculture->frangieh_melanoma_control,frangieh_melanoma_coculture,frangieh_melanoma_coculture<->frangieh_melanoma_control,frangieh_melanoma_control,frangieh_melanoma_coculture,delta_cosine,full,matched_fixed,0.05,6,139,9591,798,8793,0.08320300281513919,0.1469137733291627,0.1431589510999895,0.1503828241754422,0.14325748097174434,0.15052314670003128,0.047786131996658314,0.03974310776942355,0.05703842940685046,0.03974310776942355,0.05703842940685046,0.1559100041699837,0.15190492437165926,0.15982050115622276,0.15190492437165926,0.15982050115622276,-0.10812387217332539,-0.11741668369718794,-0.09754426403493092,0.3252665214009084,0.27076802949774903,0.38898876554298434,0.30649817663117124,0.2539607252730843,0.36855192767624745,0.027063151295790313,0.12769423558897244,0.12769423558897244,0.11347013366750211,0.1430263157894737,0.11347013366750211,0.1430263157894737,0.21666666666666667,0.21666666666666667,0.19166666666666662,0.24166666666666672,0.19166666666666662,0.24166666666666672,0.40589374415151036,0.37813612385012774,0.43548083961089334,0.7833333333333333,0.7583333333333332,0.8083333333333335,2,15,15,2,2000,0.9,canonical full-depth matched-fixed summary; existing per-seed 90% interval,paired 30-seed q05/q95 bootstrap conditional on cross-fit source shortlist,True,False,False,executed,2bf5b80b2cba4502e56952fbac0603bc2a38ed6857f9abc01a134a7a0e4229c4,5268ca8c45048297b57f63689badcff10cb8a51ad0b3d3824c47e6a562a8bbff,fit_first15_eval_last15;fit_last15_eval_first15
frangieh_melanoma_coculture,frangieh_melanoma_control,frangieh_melanoma_coculture->frangieh_melanoma_control,frangieh_melanoma_coculture,frangieh_melanoma_coculture<->frangieh_melanoma_control,frangieh_melanoma_control,frangieh_melanoma_coculture,delta_cosine,full,matched_fixed,0.1,13,139,9591,1638,7953,0.1707851110416015,0.1469137733291627,0.1431589510999895,0.1503828241754422,0.14331830188023492,0.15044920585270913,0.1368131868131868,0.13095187220187218,0.14226902726902727,0.13095187220187218,0.14226902726902727,0.1489940902803973,0.14511065006915624,0.15297120583427634,0.14511065006915624,0.15297120583427634,-0.012180903467210513,-0.018608599407354584,-0.006155273188468219,0.9312481989462935,0.89525196658955,0.9649157934925027,0.9182457274359886,0.8763457649593801,0.9579933873567035,0.15904332706433413,0.26047008547008543,0.26047008547008543,0.25478174603174597,0.2663817663817663,0.25478174603174597,0.2663817663817663,0.39358974358974375,0.39358974358974375,0.36923076923076936,0.417948717948718,0.36923076923076936,0.417948717948718,0.546757110937667,0.53598727082707,0.5578650778695056,0.6064102564102565,0.582051282051282,0.6307692307692306,2,15,15,2,2000,0.9,canonical full-depth matched-fixed summary; existing per-seed 90% interval,paired 30-seed q05/q95 bootstrap conditional on cross-fit source shortlist,True,False,False,executed,d643569747960760dc5f7a1e1c45aef266eaa09a416a9f7f9df88d88a7f4cbbc,c29d788ed2123536797448cbce449dd2a6ece8d86877e6cc4d9254f7ac9bfb31,fit_first15_eval_last15;fit_last15_eval_first15
frangieh_melanoma_coculture,frangieh_melanoma_control,frangieh_melanoma_coculture->frangieh_melanoma_control,frangieh_melanoma_coculture,frangieh_melanoma_coculture<->frangieh_melanoma_control,frangieh_melanoma_control,frangieh_melanoma_coculture,delta_cosine,full,matched_fixed,0.2,27,139,9591,3024,6567,0.3152955896152643,0.1469137733291627,0.1431589510999895,0.1503828241754422,0.14283338546554064,0.1506849303166163,0.14954805996472662,0.14284997795414459,0.1565919863315696,0.14284997795414459,0.1565919863315696,0.14570072585147964,0.14002195320034522,0.15072369422871934,0.14002195320034522,0.15072369422871934,0.003847334113246975,-0.004952817060490839,0.013962779138396761,1.01793083504609,0.9770894812789187,1.0659459328516656,1.026405730587566,0.9668888702836068,1.0993293396534642,0.3209491028234154,0.3151510141093475,0.3151510141093475,0.30828345458553785,0.3226526675485009,0.30828345458553785,0.3226526675485009,0.3709876543209877,0.3709876543209877,0.3611111111111111,0.3796296296296297,0.3611111111111111,0.3796296296296297,0.6205849556591382,0.6095398144496421,0.6325139890196303,0.6290123456790123,0.6203703703703702,0.6388888888888888,2,15,15,2,2000,0.9,canonical full-depth matched-fixed summary; existing per-seed 90% interval,paired 30-seed q05/q95 bootstrap conditional on cross-fit source shortlist,True,False,False,executed,4b98b2c20c0ccd1d45ba0789194189e12da0ce2fbae4742c8692615004f64e42,189df04ee30c2564e3ff67eb2387f58acbdf2ff596ba64b27824d146883b7b6f,fit_first15_eval_last15;fit_last15_eval_first15
frangieh_melanoma_coculture,frangieh_melanoma_control,frangieh_melanoma_coculture->frangieh_melanoma_control,frangieh_melanoma_coculture,frangieh_melanoma_coculture<->frangieh_melanoma_control,frangieh_melanoma_control,frangieh_melanoma_coculture,delta_cosine,full,matched_fixed,0.5,69,139,9591,4830,4761,0.5035971223021583,0.1469137733291627,0.1431589510999895,0.1503828241754422,0.1432756403572794,0.15059274319674695,0.14534506556245683,0.14223947550034505,0.14819634230503798,0.14223947550034505,0.14819634230503798,0.14850521599103825,0.14293478260869566,0.15453143597283484,0.14293478260869566,0.15453143597283484,-0.003160150428581421,-0.008734469549214294,0.0020338664346225693,0.9893222552851381,0.9711151119922453,1.0069039470470946,0.9787202731736229,0.943468183570989,1.0140060497932772,0.4982198407910767,0.306959972394755,0.306959972394755,0.3028604209799863,0.3113186680469289,0.3028604209799863,0.3113186680469289,0.6260869565217391,0.6260869565217391,0.6190821256038647,0.6333333333333332,0.6190821256038647,0.6333333333333332,0.5660865666043366,0.5573624920913683,0.575415414366425,0.37391304347826093,0.36666666666666675,0.3809178743961352,2,15,15,2,2000,0.9,canonical full-depth matched-fixed summary; existing per-seed 90% interval,paired 30-seed q05/q95 bootstrap conditional on cross-fit source shortlist,True,False,False,executed,b7185241f5921efa1fc2fb21a766d9dbd771268731acf8a2a5c229d24b9350c8,87d717a99786f809332e26602628a8441b6ea64bbbae84113365ea3062742cce,fit_first15_eval_last15;fit_last15_eval_first15
frangieh_melanoma_coculture,frangieh_melanoma_control,frangieh_melanoma_coculture->frangieh_melanoma_control,frangieh_melanoma_coculture,frangieh_melanoma_coculture<->frangieh_melanoma_control,frangieh_melanoma_control,frangieh_melanoma_coculture,systema_centroid_accuracy,full,matched_fixed,0.05,6,139,9591,798,8793,0.08320300281513919,0.0729207937997428,0.0675680759740034,0.0781616880408716,0.06754209675737671,0.07802501477079204,0.010484544695071011,0.006150271512113618,0.015007832080200503,0.006150271512113618,0.015007832080200503,0.07858713370484095,0.07306403768148909,0.08392348079912051,0.07306403768148909,0.08392348079912051,-0.06810258900976994,-0.07164244306604108,-0.06436589437171915,0.14377990349178,0.08877562736320548,0.19545082262849048,0.13341299269736778,0.08199487559312295,0.1821508823130654,0.011962919714987011,0.029030910609857977,0.029030910609857977,0.02211675020885547,0.0356516290726817,0.02211675020885547,0.0356516290726817,0.16666666666666666,0.16666666666666666,0.1361111111111111,0.19722222222222224,0.1361111111111111,0.19722222222222224,0.062343353245755975,0.04769872229122999,0.07620009610464416,0.8333333333333334,0.8027777777777777,0.863888888888889,2,15,15,2,2000,0.9,canonical full-depth matched-fixed summary; existing per-seed 90% interval,paired 30-seed q05/q95 bootstrap conditional on cross-fit source shortlist,True,False,False,executed,014968e6b616f449bafd6d3a25b765050ad020b47b3f1fcbb7acd9154dd20250,12390f5799b6d502b5fb8eff95f32b22d91160c90e80448421b27d8916319b47,fit_first15_eval_last15;fit_last15_eval_first15
frangieh_melanoma_coculture,frangieh_melanoma_control,frangieh_melanoma_coculture->frangieh_melanoma_control,frangieh_melanoma_coculture,frangieh_melanoma_coculture<->frangieh_melanoma_control,frangieh_melanoma_control,frangieh_melanoma_coculture,systema_centroid_accuracy,full,matched_fixed,0.1,13,139,9591,1638,7953,0.1707851110416015,0.0729207937997428,0.0675680759740034,0.0781616880408716,0.06776995794668614,0.0779873058075279,0.019129019129019133,0.014473951973951977,0.02386141636141636,0.014473951973951977,0.02386141636141636,0.0839997485225701,0.0782914204283499,0.08956876859885157,0.0782914204283499,0.08956876859885157,-0.06487072939355096,-0.07015773079310425,-0.059579536223727095,0.2623259859396456,0.20552020983315744,0.3165526934804447,0.2277270999672018,0.17661973408097867,0.2774921214450376,0.044801372637799965,0.07215099715099714,0.07215099715099714,0.06622659747659747,0.0780540293040293,0.06622659747659747,0.0780540293040293,0.5217948717948718,0.5217948717948718,0.5,0.5423076923076923,0.5,0.5423076923076923,0.16744796915012836,0.15636772310958466,0.1783816532678883,0.4782051282051282,0.45769230769230773,0.5,2,15,15,2,2000,0.9,canonical full-depth matched-fixed summary; existing per-seed 90% interval,paired 30-seed q05/q95 bootstrap conditional on cross-fit source shortlist,True,False,False,executed,fd61cb1a2b5ca91f9cc34304b8f745f86cbcf62fde431d3d9b0968e3b755d348,509bdb70ef3710fccd8535c9218e879ec60983f76b93287f4c836516eb661daa,fit_first15_eval_last15;fit_last15_eval_first15
frangieh_melanoma_coculture,frangieh_melanoma_control,frangieh_melanoma_coculture->frangieh_melanoma_control,frangieh_melanoma_coculture,frangieh_melanoma_coculture<->frangieh_melanoma_control,frangieh_melanoma_control,frangieh_melanoma_coculture,systema_centroid_accuracy,full,matched_fixed,0.2,27,139,9591,3024,6567,0.3152955896152643,0.0729207937997428,0.0675680759740034,0.0781616880408716,0.06752241684912942,0.07788503979425156,0.02218915343915344,0.017927414021164018,0.026129850088183415,0.017927414021164018,0.026129850088183415,0.09628191462362316,0.08956531394345466,0.10246326328612762,0.08956531394345466,0.10246326328612762,-0.07409276118446972,-0.07931392390393123,-0.06864090669144583,0.30429116693504366,0.25891426945815377,0.3459562429396221,0.23046024298429602,0.19303833580092156,0.2658794963675748,0.09594166289350141,0.08520723104056435,0.08520723104056435,0.08130291005291004,0.08916501322751322,0.08130291005291004,0.08916501322751322,0.6277777777777778,0.6277777777777778,0.6166666666666666,0.638888888888889,0.6166666666666666,0.638888888888889,0.18351154259252153,0.17542864325130927,0.19164403133972074,0.3722222222222222,0.361111111111111,0.38333333333333336,2,15,15,2,2000,0.9,canonical full-depth matched-fixed summary; existing per-seed 90% interval,paired 30-seed q05/q95 bootstrap conditional on cross-fit source shortlist,True,False,False,executed,39923fbf5e21da1af134c94cb512925d58b095358985840f67ea322e10a52148,7445a1c8552edb51a4489ec48e7e84fc4216d4af38f05d52a24c7ccb8badcfd8,fit_first15_eval_last15;fit_last15_eval_first15
frangieh_melanoma_coculture,frangieh_melanoma_control,frangieh_melanoma_coculture->frangieh_melanoma_control,frangieh_melanoma_coculture,frangieh_melanoma_coculture<->frangieh_melanoma_control,frangieh_melanoma_control,frangieh_melanoma_coculture,systema_centroid_accuracy,full,matched_fixed,0.5,69,139,9591,4830,4761,0.5035971223021583,0.0729207937997428,0.0675680759740034,0.0781616880408716,0.06771352483230808,0.07796706113370172,0.059625603864734304,0.05521385438233265,0.0639563492063492,0.05521385438233265,0.0639563492063492,0.08640866764685291,0.07873993558776166,0.09370055310508997,0.07873993558776166,0.09370055310508997,-0.02678306378211861,-0.033495912973464985,-0.0196224545163581,0.8176762862521745,0.7788869117155982,0.862149392966532,0.6900419308444913,0.636180431374689,0.7563719583886259,0.41177942473131085,0.15797101449275364,0.15797101449275364,0.1521559696342305,0.16466597653554177,0.1521559696342305,0.16466597653554177,0.7420289855072464,0.7420289855072464,0.733574879227053,0.7500000000000002,0.733574879227053,0.7500000000000002,0.347548754846293,0.3354320473393378,0.36204700382586114,0.25797101449275367,0.25,0.26642512077294694,2,15,15,2,2000,0.9,canonical full-depth matched-fixed summary; existing per-seed 90% interval,paired 30-seed q05/q95 bootstrap conditional on cross-fit source shortlist,True,False,False,executed,44d5507d28f25fc1b2ae9f1ebc4d091aad7f304268f17bd65e69797d61f5e097,57ba68a63aae6926d7f59d3dbeb6030db358dc8c33c0758827fe5eccd85b6052,fit_first15_eval_last15;fit_last15_eval_first15
frangieh_melanoma_coculture,frangieh_melanoma_control,frangieh_melanoma_coculture->frangieh_melanoma_control,frangieh_melanoma_coculture,frangieh_melanoma_coculture<->frangieh_melanoma_control,frangieh_melanoma_control,frangieh_melanoma_coculture,absolute_effect_rank_agreement,full,matched_fixed,0.05,6,139,9591,798,8793,0.08320300281513919,0.0724429152330309,0.0681500886247523,0.0768516491154902,0.06817598095436693,0.07678040176554408,0.13467000835421886,0.12090643274853803,0.14781328320802004,0.12090643274853803,0.14781328320802004,0.06679555707191326,0.06223264718147012,0.07143011486409642,0.06223264718147012,0.07143011486409642,0.0678744512823056,0.05355857872248005,0.0827131198717822,1.858981073870629,1.6727133394281715,2.064881755276232,2.0161521852303856,1.7814749363911808,2.2857852747062926,0.15467280752254844,0.24037176274018382,0.24037176274018382,0.2269830827067669,0.2531537176274018,0.2269830827067669,0.2531537176274018,0.2611111111111111,0.2611111111111111,0.2305555555555556,0.288888888888889,0.2305555555555556,0.288888888888889,0.5478819151424223,0.5225331746525649,0.5719357379487551,0.7388888888888888,0.7111111111111109,0.7694444444444443,2,15,15,2,2000,0.9,canonical full-depth matched-fixed summary; existing per-seed 90% interval,paired 30-seed q05/q95 bootstrap conditional on cross-fit source shortlist,True,False,True,executed,9470050f9aee4c45afb8aefa882a63d94c13122dcf285e0c9399ff35ea8d060f,73f766529825646ac0f95f86c048bd5e1e120a5957e7c4dffe43bad01c8d9086,fit_first15_eval_last15;fit_last15_eval_first15
frangieh_melanoma_coculture,frangieh_melanoma_control,frangieh_melanoma_coculture->frangieh_melanoma_control,frangieh_melanoma_coculture,frangieh_melanoma_coculture<->frangieh_melanoma_control,frangieh_melanoma_control,frangieh_melanoma_coculture,absolute_effect_rank_agreement,full,matched_fixed,0.1,13,139,9591,1638,7953,0.1707851110416015,0.0724429152330309,0.0681500886247523,0.0768516491154902,0.06812636847044103,0.07680003823028535,0.17166259666259673,0.16367470492470493,0.17943630443630448,0.16367470492470493,0.17943630443630448,0.05200762814870699,0.0474032859717507,0.056824468753929325,0.0474032859717507,0.056824468753929325,0.11965496851388974,0.11111996156601964,0.1275795424031939,2.3696257406317867,2.2418757772354874,2.4935684620185157,3.3007195823612,3.0123700056043283,3.6014209471461145,0.4046967952408368,0.3043243793243794,0.3043243793243794,0.29585775335775333,0.31320767195767196,0.29585775335775333,0.31320767195767196,0.3051282051282052,0.3051282051282052,0.28461538461538455,0.326923076923077,0.28461538461538455,0.326923076923077,0.6386586250853943,0.6219923820238553,0.6549116431587955,0.694871794871795,0.673076923076923,0.7153846153846156,2,15,15,2,2000,0.9,canonical full-depth matched-fixed summary; existing per-seed 90% interval,paired 30-seed q05/q95 bootstrap conditional on cross-fit source shortlist,True,False,True,executed,f03e2ec20338ac196bac4e2f494bb5538decd67a20fc630937fbf07c4c3c1097,49b769a5413ea73a96b22c4e2e5c271e916790bfcc53748a742f2fc57afc4915,fit_first15_eval_last15;fit_last15_eval_first15
frangieh_melanoma_coculture,frangieh_melanoma_control,frangieh_melanoma_coculture->frangieh_melanoma_control,frangieh_melanoma_coculture,frangieh_melanoma_coculture<->frangieh_melanoma_control,frangieh_melanoma_control,frangieh_melanoma_coculture,absolute_effect_rank_agreement,full,matched_fixed,0.2,27,139,9591,3024,6567,0.3152955896152643,0.0724429152330309,0.0681500886247523,0.0768516491154902,0.06822333437597747,0.07695678240016682,0.11214175485008822,0.10816798941798945,0.11619901895943564,0.10816798941798945,0.11619901895943564,0.05416222526775291,0.048837495558601084,0.060147454443936835,0.048837495558601084,0.060147454443936835,0.05797952958233531,0.051366820373311174,0.06422394976022489,1.5480016850420208,1.46367730525668,1.630468236984528,2.0704790893599996,1.8610391004786564,2.297471839105115,0.48807810401074664,0.24397597001763666,0.24397597001763666,0.23838707010582014,0.24997244268077592,0.23838707010582014,0.24997244268077592,0.4592592592592592,0.4592592592592592,0.4444444444444444,0.4728395061728395,0.4444444444444444,0.4728395061728395,0.48564117249565786,0.47462698209328796,0.49719338341641706,0.5407407407407407,0.5271604938271605,0.5555555555555555,2,15,15,2,2000,0.9,canonical full-depth matched-fixed summary; existing per-seed 90% interval,paired 30-seed q05/q95 bootstrap conditional on cross-fit source shortlist,True,False,True,executed,c6a84d4eb3a30429881b816e1993dd421045fdad98e225dd1e0ddb8d1f339c3b,30c2e65f23bbe0cdcdacd67c9bc425bb11b717c16f8a2c87dffaff54858c2dab,fit_first15_eval_last15;fit_last15_eval_first15
frangieh_melanoma_coculture,frangieh_melanoma_control,frangieh_melanoma_coculture->frangieh_melanoma_control,frangieh_melanoma_coculture,frangieh_melanoma_coculture<->frangieh_melanoma_control,frangieh_melanoma_control,frangieh_melanoma_coculture,absolute_effect_rank_agreement,full,matched_fixed,0.5,69,139,9591,4830,4761,0.5035971223021583,0.0724429152330309,0.0681500886247523,0.0768516491154902,0.06829605880512979,0.07672566294790255,0.06516218081435472,0.06163181504485852,0.06875138026224985,0.06163181504485852,0.06875138026224985,0.07982916754183296,0.07389046418819574,0.08575474340124623,0.07389046418819574,0.08575474340124623,-0.014666986727478237,-0.019517678358888176,-0.009553322631299942,0.8994969432793266,0.8695021504114274,0.9323946213141229,0.8162703285137944,0.767847496478806,0.8725505933945291,0.4529840721550566,0.19775017253278124,0.19775017253278124,0.1933090062111802,0.2025191511387164,0.1933090062111802,0.2025191511387164,0.7345410628019324,0.7345410628019324,0.7277777777777779,0.7403381642512078,0.7277777777777779,0.7403381642512078,0.37082727631916595,0.36375624297836107,0.3779264652274261,0.2654589371980676,0.25966183574879226,0.27222222222222214,2,15,15,2,2000,0.9,canonical full-depth matched-fixed summary; existing per-seed 90% interval,paired 30-seed q05/q95 bootstrap conditional on cross-fit source shortlist,True,False,False,executed,8bce68080c675bae7ba0dc62c314eddba0347086ab315277b9d0b4680e685868,c34c5b5992ea6a574fa883f8d0e8382ebe872a42b18ba5fff87af02a5585fc11,fit_first15_eval_last15;fit_last15_eval_first15
frangieh_melanoma_coculture,frangieh_melanoma_ifng,frangieh_melanoma_coculture->frangieh_melanoma_ifng,frangieh_melanoma_coculture,frangieh_melanoma_coculture<->frangieh_melanoma_ifng,frangieh_melanoma_coculture,frangieh_melanoma_ifng,delta_cosine,full,matched_fixed,0.05,9,186,17205,1593,15612,0.0925893635571055,0.134709871161484,0.1318657367044464,0.137682214472537,0.13186273370144336,0.1377034292356873,0.059583594894329364,0.053085896631094386,0.06645741786984725,0.053085896631094386,0.06645741786984725,0.14237552310188745,0.13954954522162433,0.1454176808437954,0.13954954522162433,0.1454176808437954,-0.08279192820755808,-0.08893083726137234,-0.07645705427794765,0.44231053285548205,0.3975174853772696,0.4873008552412091,0.41849605603689244,0.37449522482516945,0.46307542178416283,0.040953250731693286,0.15440468717304875,0.15440468717304875,0.14368016321406155,0.16551632140615197,0.14368016321406155,0.16551632140615197,0.20740740740740737,0.20740740740740737,0.1907407407407407,0.22407407407407412,0.1907407407407407,0.22407407407407412,0.4265478158081122,0.404368841728585,0.44917493606975006,0.7925925925925925,0.7759259259259259,0.8092592592592595,2,15,15,2,2000,0.9,canonical full-depth matched-fixed summary; existing per-seed 90% interval,paired 30-seed q05/q95 bootstrap conditional on cross-fit source shortlist,True,False,False,executed,8bdb9fa0c69e5e17debdb0df765f571c407cff7d24cfb29c476275cc9242f337,dfb8ea92a63d0552f218e98be3142a872134ed59b5ca87c0e227674784e0141c,fit_first15_eval_last15;fit_last15_eval_first15
frangieh_melanoma_coculture,frangieh_melanoma_ifng,frangieh_melanoma_coculture->frangieh_melanoma_ifng,frangieh_melanoma_coculture,frangieh_melanoma_coculture<->frangieh_melanoma_ifng,frangieh_melanoma_coculture,frangieh_melanoma_ifng,delta_cosine,full,matched_fixed,0.1,18,186,17205,3024,14181,0.17576285963382737,0.134709871161484,0.1318657367044464,0.137682214472537,0.13188859827569507,0.13764133488327035,0.07310956790123457,0.06945519179894181,0.07661678791887126,0.06945519179894181,0.07661678791887126,0.1478457090473168,0.1447735232588205,0.1510385374797264,0.1447735232588205,0.1510385374797264,-0.07473614114608224,-0.07833688896789388,-0.070923997146771,0.5427187129708865,0.520837247776768,0.5658077127133756,0.49449908537985676,0.4725526938788405,0.5178598477266564,0.09538979296855335,0.18510802469135804,0.18510802469135804,0.17906139770723106,0.1917664241622575,0.17906139770723106,0.1917664241622575,0.34259259259259256,0.34259259259259256,0.32685185185185184,0.35833333333333334,0.32685185185185184,0.35833333333333334,0.42823565341025727,0.41569419936188307,0.4416058053111949,0.6574074074074072,0.6416666666666668,0.673148148148148,2,15,15,2,2000,0.9,canonical full-depth matched-fixed summary; existing per-seed 90% interval,paired 30-seed q05/q95 bootstrap conditional on cross-fit source shortlist,True,False,False,executed,d008f881214e3e28065533ff07ec1d6a4abb2e30f97ed18fb55900b0caea82d6,e430b0387de1ca7c481f902788ab55cee891be989446f510a8f132dfdf974e17,fit_first15_eval_last15;fit_last15_eval_first15
frangieh_melanoma_coculture,frangieh_melanoma_ifng,frangieh_melanoma_coculture->frangieh_melanoma_ifng,frangieh_melanoma_coculture,frangieh_melanoma_coculture<->frangieh_melanoma_ifng,frangieh_melanoma_coculture,frangieh_melanoma_ifng,delta_cosine,full,matched_fixed,0.2,37,186,17205,5513,11692,0.3204301075268817,0.134709871161484,0.1318657367044464,0.137682214472537,0.1317347185895573,0.13761813426329553,0.1042535824415019,0.10184699800471612,0.10672047886812988,0.10184699800471612,0.10672047886812988,0.1490705895769187,0.14544838351009234,0.15259479416124982,0.14544838351009234,0.15259479416124982,-0.04481700713541681,-0.04788588403627481,-0.04147463063904956,0.7739119749919992,0.7605825979187567,0.788166888933433,0.6993571484314031,0.6834302579538373,0.7165913553787334,0.2479846973630277,0.24627849325835902,0.24627849325835902,0.24175252433641697,0.2506607110466171,0.24175252433641697,0.2506607110466171,0.4400900900900901,0.4400900900900901,0.4297297297297298,0.4490990990990992,0.4297297297297298,0.4490990990990992,0.4930251143899275,0.485543563920623,0.500234300524794,0.5599099099099099,0.5509009009009008,0.5702702702702702,2,15,15,2,2000,0.9,canonical full-depth matched-fixed summary; existing per-seed 90% interval,paired 30-seed q05/q95 bootstrap conditional on cross-fit source shortlist,True,False,False,executed,07c1cc96da04cf9e610d403bb4ac68b90758e2f70681052ae59b4556611304f7,c52e37e89f53dc5b4f58cc1099c6fbcff64cd684f1d204a98037693392770be2,fit_first15_eval_last15;fit_last15_eval_first15
frangieh_melanoma_coculture,frangieh_melanoma_ifng,frangieh_melanoma_coculture->frangieh_melanoma_ifng,frangieh_melanoma_coculture,frangieh_melanoma_coculture<->frangieh_melanoma_ifng,frangieh_melanoma_coculture,frangieh_melanoma_ifng,delta_cosine,full,matched_fixed,0.5,93,186,17205,8649,8556,0.5027027027027027,0.134709871161484,0.1318657367044464,0.137682214472537,0.13194357260486297,0.13769165940133685,0.13157012371372415,0.12918632211816397,0.1339230932285043,0.12918632211816397,0.1339230932285043,0.13788374629889358,0.13361315645940475,0.142196801464859,0.13361315645940475,0.142196801464859,-0.006313622585169432,-0.010170289645615404,-0.0025220170799673983,0.9766925213372363,0.9629583099852158,0.9906341026945007,0.9542105378288515,0.9282024048331687,0.9813430407175225,0.4909859701857458,0.2673584614791691,0.2673584614791691,0.2627257486414615,0.2721975565575982,0.2627257486414615,0.2721975565575982,0.6716845878136201,0.6716845878136201,0.6643369175627242,0.6790322580645162,0.6643369175627242,0.6790322580645162,0.502542054892176,0.49589807901984667,0.5093942036249027,0.32831541218637994,0.32096774193548394,0.335663082437276,2,15,15,2,2000,0.9,canonical full-depth matched-fixed summary; existing per-seed 90% interval,paired 30-seed q05/q95 bootstrap conditional on cross-fit source shortlist,True,False,False,executed,651d8d033cdb75e38fcd800c1d3fbd91af38bc7e169fdc4f11c632078e72be9d,dc2e60c94bfe9e80b73d1af7de0f7248a8d3ee72e8a7a65fd21fa8298d6835d2,fit_first15_eval_last15;fit_last15_eval_first15
frangieh_melanoma_coculture,frangieh_melanoma_ifng,frangieh_melanoma_coculture->frangieh_melanoma_ifng,frangieh_melanoma_coculture,frangieh_melanoma_coculture<->frangieh_melanoma_ifng,frangieh_melanoma_coculture,frangieh_melanoma_ifng,systema_centroid_accuracy,full,matched_fixed,0.05,9,186,17205,1593,15612,0.0925893635571055,0.050797733217088,0.0470278504310762,0.0545371742710452,0.047219703574542284,0.05441998450062965,0.03838146055660179,0.03328075957313246,0.043670747018204635,0.03328075957313246,0.043670747018204635,0.052064651123067726,0.048343101460415074,0.05573583888461867,0.048343101460415074,0.05573583888461867,-0.013683190566465935,-0.018201354399427803,-0.00894196918477732,0.755574277154763,0.6734639172975039,0.8397947336647461,0.7371884710391641,0.6517484868497445,0.8262875372306598,0.06995814144187953,0.08910860012554929,0.08910860012554929,0.07990112994350283,0.09858966310943715,0.07990112994350283,0.09858966310943715,0.3518518518518519,0.3518518518518519,0.3259259259259259,0.3777777777777779,0.3259259259259259,0.3777777777777779,0.20487411996278673,0.1861275842891596,0.22437421998233134,0.6481481481481483,0.6222222222222222,0.6740740740740742,2,15,15,2,2000,0.9,canonical full-depth matched-fixed summary; existing per-seed 90% interval,paired 30-seed q05/q95 bootstrap conditional on cross-fit source shortlist,True,False,False,executed,285e711d454eb0755767803ce9f8f98986037657a75907c412acaf889422270b,fb0615f2f4a491b4fd23aa415ad06c821d92952cf2064df1a673b4e39733cc35,fit_first15_eval_last15;fit_last15_eval_first15
frangieh_melanoma_coculture,frangieh_melanoma_ifng,frangieh_melanoma_coculture->frangieh_melanoma_ifng,frangieh_melanoma_coculture,frangieh_melanoma_coculture<->frangieh_melanoma_ifng,frangieh_melanoma_coculture,frangieh_melanoma_ifng,systema_centroid_accuracy,full,matched_fixed,0.1,18,186,17205,3024,14181,0.17576285963382737,0.050797733217088,0.0470278504310762,0.0545371742710452,0.04719408117795214,0.05449932190254771,0.03474426807760141,0.03070643187830688,0.038870976631393286,0.03070643187830688,0.038870976631393286,0.0542210234351127,0.0503143290318031,0.058045389370754284,0.0503143290318031,0.058045389370754284,-0.01947675535751129,-0.022992527267696263,-0.015679466892787066,0.6839728050288995,0.6273160292442646,0.7427689304990086,0.6407896029329014,0.5811321364574044,0.7041446639354348,0.12021701612364964,0.07869268077601412,0.07869268077601412,0.07190641534391534,0.08524029982363315,0.07190641534391534,0.08524029982363315,0.475,0.475,0.45555555555555566,0.49444444444444446,0.45555555555555566,0.49444444444444446,0.18465543897932374,0.1705595531795169,0.1983762613948403,0.525,0.5055555555555555,0.5444444444444443,2,15,15,2,2000,0.9,canonical full-depth matched-fixed summary; existing per-seed 90% interval,paired 30-seed q05/q95 bootstrap conditional on cross-fit source shortlist,True,False,False,executed,d4378ff45ab14e893607e3038a05050cbd69bc388c258c3dec78a5133ce98568,98c544a737257b2847c0e4ccdd679d7fa89719beac0710eff4426af883857a4e,fit_first15_eval_last15;fit_last15_eval_first15
frangieh_melanoma_coculture,frangieh_melanoma_ifng,frangieh_melanoma_coculture->frangieh_melanoma_ifng,frangieh_melanoma_coculture,frangieh_melanoma_coculture<->frangieh_melanoma_ifng,frangieh_melanoma_coculture,frangieh_melanoma_ifng,systema_centroid_accuracy,full,matched_fixed,0.2,37,186,17205,5513,11692,0.3204301075268817,0.050797733217088,0.0470278504310762,0.0545371742710452,0.047198367722561266,0.05444604281701055,0.032619868190337985,0.02984680149948606,0.03545589213374448,0.02984680149948606,0.03545589213374448,0.059368941726536666,0.055297354316341654,0.06357837267647394,0.055297354316341654,0.06357837267647394,-0.02674907353619868,-0.028716082278863693,-0.02467846305548604,0.6421520434963988,0.6213474547887857,0.6612013563158194,0.5494433156748959,0.5272171260358528,0.5701240441476494,0.2057648483461579,0.09432553358727856,0.09432553358727856,0.09087293669508437,0.09759432251042988,0.09087293669508437,0.09759432251042988,0.6306306306306306,0.6306306306306306,0.61981981981982,0.6414414414414416,0.61981981981982,0.6414414414414416,0.21620404330227885,0.2089007381752286,0.22300146041300029,0.3693693693693694,0.35855855855855856,0.3801801801801801,2,15,15,2,2000,0.9,canonical full-depth matched-fixed summary; existing per-seed 90% interval,paired 30-seed q05/q95 bootstrap conditional on cross-fit source shortlist,True,False,False,executed,602dc35be247614a902e00e831a1ae31aef2360f0b574d9c653cfd38a226afae,6d4ac0f2b835d16cc5d76b038c3171b4271f92148dcf3e6f6823dacd5651ee3f,fit_first15_eval_last15;fit_last15_eval_first15
frangieh_melanoma_coculture,frangieh_melanoma_ifng,frangieh_melanoma_coculture->frangieh_melanoma_ifng,frangieh_melanoma_coculture,frangieh_melanoma_coculture<->frangieh_melanoma_ifng,frangieh_melanoma_coculture,frangieh_melanoma_ifng,systema_centroid_accuracy,full,matched_fixed,0.5,93,186,17205,8649,8556,0.5027027027027027,0.050797733217088,0.0470278504310762,0.0545371742710452,0.047078102295844235,0.054474450256708315,0.033613712567926925,0.030990865996068907,0.03632028750915327,0.030990865996068907,0.03632028750915327,0.06816853669939224,0.06296146953405017,0.073183048932523,0.06296146953405017,0.073183048932523,-0.034554824131465316,-0.03787245342093667,-0.03112976954695272,0.6617167822090825,0.6398483741805813,0.6841549247244885,0.4930971705635367,0.46907424223692057,0.5185827662660294,0.3326468148402414,0.08649554861833737,0.08649554861833737,0.08405210621651829,0.08882924808262997,0.08405210621651829,0.08882924808262997,0.8089605734767024,0.8089605734767024,0.8048387096774192,0.8130824372759856,0.8048387096774192,0.8130824372759856,0.18912120942700966,0.18426211943835755,0.1940061411431018,0.1910394265232975,0.18691756272401433,0.19516129032258064,2,15,15,2,2000,0.9,canonical full-depth matched-fixed summary; existing per-seed 90% interval,paired 30-seed q05/q95 bootstrap conditional on cross-fit source shortlist,True,False,False,executed,93bca4d19a14fd2c8a858b3cd3eaee5e4a9305ebd0e963212a8de9f112da00fb,85931a4980ec92a256ae1d99115e7ff747c88ff14861136b7e333d3ba5f8f808,fit_first15_eval_last15;fit_last15_eval_first15
frangieh_melanoma_coculture,frangieh_melanoma_ifng,frangieh_melanoma_coculture->frangieh_melanoma_ifng,frangieh_melanoma_coculture,frangieh_melanoma_coculture<->frangieh_melanoma_ifng,frangieh_melanoma_coculture,frangieh_melanoma_ifng,absolute_effect_rank_agreement,full,matched_fixed,0.05,9,186,17205,1593,15612,0.0925893635571055,0.0669960282863508,0.0646010849559236,0.0694983531919015,0.06455943039814006,0.0693525138041267,0.0799644277045407,0.06958568738229755,0.09055555555555557,0.06958568738229755,0.09055555555555557,0.06567277308053635,0.06307856136305408,0.0682379473054915,0.06307856136305408,0.0682379473054915,0.014291654624004349,0.003277895972788984,0.0253684860656546,1.1935696749479088,1.0437432159313227,1.3404565429747368,1.2176191738770967,1.048422769106443,1.388698726786745,0.11051185656448816,0.19449675664364932,0.19449675664364932,0.18076741996233525,0.2084358652437749,0.18076741996233525,0.2084358652437749,0.2185185185185185,0.2185185185185185,0.20185185185185187,0.2333333333333334,0.20185185185185187,0.2333333333333334,0.496144481687283,0.47116753521852506,0.5220805001517976,0.7814814814814814,0.7666666666666664,0.798148148148148,2,15,15,2,2000,0.9,canonical full-depth matched-fixed summary; existing per-seed 90% interval,paired 30-seed q05/q95 bootstrap conditional on cross-fit source shortlist,True,False,True,executed,bc9aec37101e1938c768ecc72b2aee5471af6c22a6920dd66f4f1cae54979a1e,8b845841047c97825d1e8b5f5043b7c6a6a6ea63c2a14674e8f777e07ef5b052,fit_first15_eval_last15;fit_last15_eval_first15
frangieh_melanoma_coculture,frangieh_melanoma_ifng,frangieh_melanoma_coculture->frangieh_melanoma_ifng,frangieh_melanoma_coculture,frangieh_melanoma_coculture<->frangieh_melanoma_ifng,frangieh_melanoma_coculture,frangieh_melanoma_ifng,absolute_effect_rank_agreement,full,matched_fixed,0.1,18,186,17205,3024,14181,0.17576285963382737,0.0669960282863508,0.0646010849559236,0.0694983531919015,0.06456727695437371,0.06943625883948464,0.07684634038800704,0.07106426366843033,0.08242394179894179,0.07106426366843033,0.08242394179894179,0.06489551747643561,0.06257245610323672,0.0674053898408669,0.06257245610323672,0.0674053898408669,0.01195082291157143,0.006444201564598124,0.017341065566155462,1.147028299342679,1.080676878950946,1.2121965603452034,1.1841548288124972,1.099594059474191,1.2696474023554578,0.20160497397339502,0.19829695767195768,0.19829695767195768,0.1900738536155203,0.20719962522045848,0.1900738536155203,0.20719962522045848,0.30092592592592593,0.30092592592592593,0.28240740740740744,0.3194444444444444,0.28240740740740744,0.3194444444444444,0.4709038690791087,0.452195426702555,0.4895615046761062,0.6990740740740741,0.6805555555555556,0.7175925925925927,2,15,15,2,2000,0.9,canonical full-depth matched-fixed summary; existing per-seed 90% interval,paired 30-seed q05/q95 bootstrap conditional on cross-fit source shortlist,True,False,True,executed,b3ec3afc1ac63729df001c5d98a8b1be44a73f6ff578f1f582b74b02450ff59c,aac02a567d6809a67905dd015f89fd8c0044b1e254c2bdb2fe411b75510d964e,fit_first15_eval_last15;fit_last15_eval_first15
frangieh_melanoma_coculture,frangieh_melanoma_ifng,frangieh_melanoma_coculture->frangieh_melanoma_ifng,frangieh_melanoma_coculture,frangieh_melanoma_coculture<->frangieh_melanoma_ifng,frangieh_melanoma_coculture,frangieh_melanoma_ifng,absolute_effect_rank_agreement,full,matched_fixed,0.2,37,186,17205,5513,11692,0.3204301075268817,0.0669960282863508,0.0646010849559236,0.0694983531919015,0.0645634505473215,0.06945500339048727,0.06522462059374812,0.0610638490839833,0.06933384727008889,0.0610638490839833,0.06933384727008889,0.06783128064773634,0.06520348671456265,0.0705899332877181,0.06520348671456265,0.0705899332877181,-0.0026066600539882273,-0.007088370334483665,0.0017772352996101909,0.9735595118410381,0.9276055244240422,1.0177900725201845,0.9615714161800185,0.896986556612541,1.026399881948128,0.3119577790630423,0.1810599189793821,0.1810599189793821,0.17480485519076128,0.18747898905617036,0.17480485519076128,0.18747898905617036,0.5054054054054055,0.5054054054054055,0.495945945945946,0.5153153153153153,0.495945945945946,0.5153153153153153,0.3789961849919884,0.3678900140397263,0.3904150179069718,0.49459459459459454,0.4846846846846847,0.504054054054054,2,15,15,2,2000,0.9,canonical full-depth matched-fixed summary; existing per-seed 90% interval,paired 30-seed q05/q95 bootstrap conditional on cross-fit source shortlist,True,False,False,executed,64d6923c1403080106f7bc1979e97a2bcfe4b2810525a73b21696fa9d3ddf9a9,b735a76b1da9996f00dc7b53e6be455cacdbf2e0d787d74580368ce669bb461d,fit_first15_eval_last15;fit_last15_eval_first15
frangieh_melanoma_coculture,frangieh_melanoma_ifng,frangieh_melanoma_coculture->frangieh_melanoma_ifng,frangieh_melanoma_coculture,frangieh_melanoma_coculture<->frangieh_melanoma_ifng,frangieh_melanoma_coculture,frangieh_melanoma_ifng,absolute_effect_rank_agreement,full,matched_fixed,0.5,93,186,17205,8649,8556,0.5027027027027027,0.0669960282863508,0.0646010849559236,0.0694983531919015,0.06442986534922017,0.06943669475927539,0.04697460207345743,0.04398177053223879,0.04992513585385593,0.04398177053223879,0.04992513585385593,0.08723507869721053,0.08366984182639862,0.09097358578775129,0.08366984182639862,0.09097358578775129,-0.0402604766237531,-0.044818323220745936,-0.03588804770929369,0.701155027767931,0.667055537729481,0.73364804353436,0.5384829448770763,0.49908259226752305,0.5780183019329402,0.3524725274725275,0.1700832466181061,0.1700832466181061,0.16507447874513428,0.17492619570663273,0.16507447874513428,0.17492619570663273,0.7521505376344086,0.7521505376344086,0.7473118279569894,0.756989247311828,0.7473118279569894,0.756989247311828,0.3036389872610956,0.29457951678166533,0.3124735106189432,0.2478494623655914,0.24301075268817207,0.25268817204301075,2,15,15,2,2000,0.9,canonical full-depth matched-fixed summary; existing per-seed 90% interval,paired 30-seed q05/q95 bootstrap conditional on cross-fit source shortlist,True,False,False,executed,7afc47c8dda984815e0702e57a3cc0224fdaa6c5f0dfaceb075e3a8ac39eb41a,9b0039c688f29d8e456f1bc56968da0d11dd84183ccd3f4a5757c486035c7840,fit_first15_eval_last15;fit_last15_eval_first15
frangieh_melanoma_control,frangieh_melanoma_coculture,frangieh_melanoma_control->frangieh_melanoma_coculture,frangieh_melanoma_control,frangieh_melanoma_coculture<->frangieh_melanoma_control,frangieh_melanoma_control,frangieh_melanoma_coculture,delta_cosine,full,matched_fixed,0.05,6,139,9591,798,8793,0.08320300281513919,0.1636169325409238,0.1591505056824106,0.1676094776352831,0.15942176693427865,0.16785554165363364,0.17510442773600665,0.1529417293233083,0.19615914786967423,0.1529417293233083,0.19615914786967423,0.1625743963000872,0.15886661738504115,0.16580452253686642,0.15886661738504115,0.16580452253686642,0.012530031435919464,-0.00806482365073385,0.032417948516235445,1.0702096966168804,0.9541858804156591,1.1792312752984382,1.0770726001208146,0.9502349792525646,1.1987297618884265,0.08904466040040354,0.36163324979114453,0.36163324979114453,0.3406840016708438,0.37958124477861327,0.3406840016708438,0.37958124477861327,0.0861111111111111,0.0861111111111111,0.058333333333333334,0.11388888888888889,0.058333333333333334,0.11388888888888889,0.7660396097315963,0.7312311027586653,0.7963260952456039,0.9138888888888889,0.886111111111111,0.9416666666666667,2,15,15,2,2000,0.9,canonical full-depth matched-fixed summary; existing per-seed 90% interval,paired 30-seed q05/q95 bootstrap conditional on cross-fit source shortlist,True,False,False,executed,c884da772e0440c0a52bd53aec25c8a4260c36fa7f7f91fdb306d0d2ed90b245,6ef56f9b7b95dbd465b0396abfc6a02f6edbab0d28d9cef0d0a35bf2315d5e1b,fit_first15_eval_last15;fit_last15_eval_first15
frangieh_melanoma_control,frangieh_melanoma_coculture,frangieh_melanoma_control->frangieh_melanoma_coculture,frangieh_melanoma_control,frangieh_melanoma_coculture<->frangieh_melanoma_control,frangieh_melanoma_control,frangieh_melanoma_coculture,delta_cosine,full,matched_fixed,0.1,13,139,9591,1638,7953,0.1707851110416015,0.1636169325409238,0.1591505056824106,0.1676094776352831,0.15939422375143367,0.16767151496194352,0.17372812372812374,0.16615638990638995,0.18183760683760683,0.16615638990638995,0.18183760683760683,0.1615344314514439,0.15680801793872334,0.16593612473280522,0.15680801793872334,0.16593612473280522,0.012193692276679852,0.0038623793603047053,0.021075085011807087,1.0617979510444062,1.0192910313978294,1.1073545199314034,1.075486644965505,1.0233570142199424,1.1323925559590307,0.18133928097286386,0.3664631664631665,0.3664631664631665,0.3601526251526252,0.3727421652421653,0.3601526251526252,0.3727421652421653,0.19615384615384618,0.19615384615384618,0.18205128205128213,0.2115384615384616,0.18205128205128213,0.2115384615384616,0.7437402788820004,0.7335278816940953,0.7534603787365165,0.8038461538461539,0.7884615384615384,0.8179487179487179,2,15,15,2,2000,0.9,canonical full-depth matched-fixed summary; existing per-seed 90% interval,paired 30-seed q05/q95 bootstrap conditional on cross-fit source shortlist,True,False,True,executed,b229899788053f77abab71d6bea1bde8a66bec7f80838570a7c1a9371f9d77c6,ff1a4607d2eb0990989205cda13a5783851fdd72f357af802bc23a4e2c1636f7,fit_first15_eval_last15;fit_last15_eval_first15
frangieh_melanoma_control,frangieh_melanoma_coculture,frangieh_melanoma_control->frangieh_melanoma_coculture,frangieh_melanoma_control,frangieh_melanoma_coculture<->frangieh_melanoma_control,frangieh_melanoma_control,frangieh_melanoma_coculture,delta_cosine,full,matched_fixed,0.2,27,139,9591,3024,6567,0.3152955896152643,0.1636169325409238,0.1591505056824106,0.1676094776352831,0.1593965697007611,0.1677580544260244,0.2117504409171076,0.20274526014109354,0.22016148589065251,0.20274526014109354,0.22016148589065251,0.14145221054768795,0.13510215217501645,0.14774186589513222,0.13510215217501645,0.14774186589513222,0.07029823036941965,0.05723813043693697,0.08256006463292896,1.2941841509230387,1.2387363772196927,1.3474238020185343,1.4969751274810932,1.3917359494697026,1.604043875748066,0.40805055493600967,0.42067350088183425,0.42067350088183425,0.4105291005291005,0.43055638227513227,0.4105291005291005,0.43055638227513227,0.3024691358024691,0.3024691358024691,0.2907407407407407,0.3141975308641975,0.2907407407407407,0.3141975308641975,0.8301420927718522,0.8085560395621824,0.8516171340948896,0.697530864197531,0.6858024691358025,0.7092592592592591,2,15,15,2,2000,0.9,canonical full-depth matched-fixed summary; existing per-seed 90% interval,paired 30-seed q05/q95 bootstrap conditional on cross-fit source shortlist,True,False,True,executed,f4c42e27ccebed88d3998ce26485403f11a351581ef1681e7382eecabf7320eb,67bd7897f592cae18b7cb2f4a495c6c94759021da8766634c08e93e43d17b7c5,fit_first15_eval_last15;fit_last15_eval_first15
frangieh_melanoma_control,frangieh_melanoma_coculture,frangieh_melanoma_control->frangieh_melanoma_coculture,frangieh_melanoma_control,frangieh_melanoma_coculture<->frangieh_melanoma_control,frangieh_melanoma_control,frangieh_melanoma_coculture,delta_cosine,full,matched_fixed,0.5,69,139,9591,4830,4761,0.5035971223021583,0.1636169325409238,0.1591505056824106,0.1676094776352831,0.15922166614534458,0.16774615090536266,0.1678053830227743,0.16259023464458247,0.17345928226363014,0.16259023464458247,0.17345928226363014,0.15936777987817685,0.15377721767135757,0.16474515157879996,0.15377721767135757,0.16474515157879996,0.00843760314459746,0.0014972519778758016,0.015201878356887813,1.02559912606113,1.0044804197106785,1.0460317694166612,1.0529442221699223,1.0090669857964514,1.097273218740215,0.5164887685199935,0.35846445824706696,0.35846445824706696,0.3521796066252588,0.365152518978606,0.3521796066252588,0.365152518978606,0.6012077294685991,0.6012077294685991,0.5951690821256039,0.6074879227053139,0.5951690821256039,0.6074879227053139,0.6876745746781799,0.6739180951316593,0.7020964540133448,0.398792270531401,0.39251207729468607,0.4048309178743961,2,15,15,2,2000,0.9,canonical full-depth matched-fixed summary; existing per-seed 90% interval,paired 30-seed q05/q95 bootstrap conditional on cross-fit source shortlist,True,False,True,executed,f60e621e6c2abd4e7f3404a63396a7f6ef934943a7caaa4afeac45e1fb95bc56,3b6ee635d32f5ec089774a52bd5881ad437c80662dc338cee79a7b7a8eb199b6,fit_first15_eval_last15;fit_last15_eval_first15
frangieh_melanoma_control,frangieh_melanoma_coculture,frangieh_melanoma_control->frangieh_melanoma_coculture,frangieh_melanoma_control,frangieh_melanoma_coculture<->frangieh_melanoma_control,frangieh_melanoma_control,frangieh_melanoma_coculture,systema_centroid_accuracy,full,matched_fixed,0.05,6,139,9591,798,8793,0.08320300281513919,0.0699101588294581,0.0667848330031627,0.0729479025475271,0.06674964376325025,0.07325635144058665,0.008176691729323306,0.004959795321637427,0.01106986215538847,0.004959795321637427,0.01106986215538847,0.07551271845028243,0.07206163046362637,0.07924708101141063,0.07206163046362637,0.07924708101141063,-0.06733602672095912,-0.07259318010994735,-0.06248601876150629,0.11695999360078521,0.07043150048769718,0.1594712892871071,0.1082823118691832,0.06495201430227131,0.14816877508839157,0.009731422676824792,0.03289473684210526,0.03289473684210526,0.027672305764411025,0.03845133667502088,0.027672305764411025,0.03845133667502088,0.1472222222222222,0.1472222222222222,0.1277777777777778,0.16666666666666666,0.1277777777777778,0.16666666666666666,0.0750490460898301,0.06448183495034508,0.08586095326229697,0.8527777777777779,0.8333333333333334,0.8722222222222222,2,15,15,2,2000,0.9,canonical full-depth matched-fixed summary; existing per-seed 90% interval,paired 30-seed q05/q95 bootstrap conditional on cross-fit source shortlist,True,False,False,executed,92f222908716e99860c296049817fbeb408c4b4dd79bf4a870cf45e8d3af757d,3dfb57d1da8622d0585d5e76d791f0f989525a37f0db951601cd56f5cc9718ba,fit_first15_eval_last15;fit_last15_eval_first15
frangieh_melanoma_control,frangieh_melanoma_coculture,frangieh_melanoma_control->frangieh_melanoma_coculture,frangieh_melanoma_control,frangieh_melanoma_coculture<->frangieh_melanoma_control,frangieh_melanoma_control,frangieh_melanoma_coculture,systema_centroid_accuracy,full,matched_fixed,0.1,13,139,9591,1638,7953,0.1707851110416015,0.0699101588294581,0.0667848330031627,0.0729479025475271,0.0665921176102596,0.073023624578598,0.025931013431013433,0.022761497761497766,0.029151404151404155,0.022761497761497766,0.029151404151404155,0.0789681042793076,0.07499607066515779,0.08286406597091246,0.07499607066515779,0.08286406597091246,-0.053037090848294166,-0.05864610656363769,-0.04719142698395811,0.3709191033919784,0.32338403344665895,0.4245442143605032,0.3283732548434528,0.2838305857947441,0.3795585952199499,0.06334746026025029,0.08694546194546196,0.08694546194546196,0.08115588115588117,0.09304029304029306,0.08115588115588117,0.09304029304029306,0.4730769230769231,0.4730769230769231,0.45384615384615395,0.4935897435897436,0.45384615384615395,0.4935897435897436,0.1985616927516986,0.18851911218317205,0.20893386562510724,0.5269230769230769,0.5064102564102565,0.5461538461538461,2,15,15,2,2000,0.9,canonical full-depth matched-fixed summary; existing per-seed 90% interval,paired 30-seed q05/q95 bootstrap conditional on cross-fit source shortlist,True,False,False,executed,329cf93d7b4f6195b669256bbcfdc7174480498ecc023c296a3241cdf0c99e6b,b2de40ae8ec920238041e48b53657e7f868db499f5fda34aad339231c0cec474,fit_first15_eval_last15;fit_last15_eval_first15
frangieh_melanoma_control,frangieh_melanoma_coculture,frangieh_melanoma_control->frangieh_melanoma_coculture,frangieh_melanoma_control,frangieh_melanoma_coculture<->frangieh_melanoma_control,frangieh_melanoma_control,frangieh_melanoma_coculture,systema_centroid_accuracy,full,matched_fixed,0.2,27,139,9591,3024,6567,0.3152955896152643,0.0699101588294581,0.0667848330031627,0.0729479025475271,0.06664724741945574,0.07308444548708859,0.03607804232804233,0.031569113756613754,0.04066950507054674,0.031569113756613754,0.04066950507054674,0.08548931526318461,0.08098992436932134,0.0900223338916806,0.08098992436932134,0.0900223338916806,-0.04941127293514228,-0.056543929400791844,-0.042457452707662074,0.5160629432419491,0.45187468910376744,0.5801818169449935,0.4220181459750104,0.36080611829890563,0.4861914526265056,0.16271236996805905,0.09778439153439153,0.09778439153439153,0.09280175264550265,0.10319802689594357,0.09280175264550265,0.10319802689594357,0.624074074074074,0.624074074074074,0.6148148148148146,0.6339506172839505,0.6148148148148146,0.6339506172839505,0.21754803744454157,0.20565833499551603,0.2298439332096666,0.3759259259259259,0.3660493827160494,0.38518518518518513,2,15,15,2,2000,0.9,canonical full-depth matched-fixed summary; existing per-seed 90% interval,paired 30-seed q05/q95 bootstrap conditional on cross-fit source shortlist,True,False,False,executed,acf7809ac82032f85de289091151ec0cf49160a7ad99afa44dae7f9d440ed144,ec3f6e406b7839f4cdc15a6e9056eab9afd0f3ee94a3e6b8fd2d3ba0f9f299d3,fit_first15_eval_last15;fit_last15_eval_first15
frangieh_melanoma_control,frangieh_melanoma_coculture,frangieh_melanoma_control->frangieh_melanoma_coculture,frangieh_melanoma_control,frangieh_melanoma_coculture<->frangieh_melanoma_control,frangieh_melanoma_control,frangieh_melanoma_coculture,systema_centroid_accuracy,full,matched_fixed,0.5,69,139,9591,4830,4761,0.5035971223021583,0.0699101588294581,0.0667848330031627,0.0729479025475271,0.06676419733778194,0.07293230632884998,0.0650103519668737,0.061102139406487246,0.06881211180124225,0.061102139406487246,0.06881211180124225,0.07488097738570329,0.07151500035006651,0.07817746621858156,0.07151500035006651,0.07817746621858156,-0.00987062541882959,-0.01342547709064722,-0.006186656714775793,0.9299128060266995,0.9032485810639572,0.9560242902491294,0.868182470856555,0.8225156936544823,0.9151946769852355,0.468301413106971,0.14873706004140788,0.14873706004140788,0.14589354727398207,0.15159799861973777,0.14589354727398207,0.15159799861973777,0.7458937198067633,0.7458937198067633,0.7415458937198068,0.7500000000000001,0.7415458937198068,0.7500000000000001,0.3331669609512555,0.3279139762853988,0.3384073865760085,0.2541062801932367,0.24999999999999994,0.2584541062801933,2,15,15,2,2000,0.9,canonical full-depth matched-fixed summary; existing per-seed 90% interval,paired 30-seed q05/q95 bootstrap conditional on cross-fit source shortlist,True,False,False,executed,1ff31b0ccdb1d3d0647b856357fcd69398ce58d3b7abdde1c63ce57d12f37821,cd7203a0b3ab0a6aacd568623a4abca9022f08b66a632534f6270a1d704b6d2c,fit_first15_eval_last15;fit_last15_eval_first15
frangieh_melanoma_control,frangieh_melanoma_coculture,frangieh_melanoma_control->frangieh_melanoma_coculture,frangieh_melanoma_control,frangieh_melanoma_coculture<->frangieh_melanoma_control,frangieh_melanoma_control,frangieh_melanoma_coculture,absolute_effect_rank_agreement,full,matched_fixed,0.05,6,139,9591,798,8793,0.08320300281513919,0.0846366385152747,0.0795825947937302,0.0893844924060751,0.07951543113335419,0.08964063531783267,0.11038011695906434,0.10001984126984124,0.12076127819548872,0.10001984126984124,0.12076127819548872,0.08230031464422456,0.07615138936275069,0.08819809318018121,0.07615138936275069,0.08819809318018121,0.02807980231483978,0.013621686779783525,0.04329161247540554,1.3041647080435923,1.140671687509625,1.491711743599137,1.3411870590802204,1.1554224104804507,1.5613884076805167,0.1085104198747562,0.2679197994987469,0.2679197994987469,0.25628446115288217,0.2804730576441103,0.25628446115288217,0.2804730576441103,0.0638888888888889,0.0638888888888889,0.04444444444444444,0.08611111111111108,0.04444444444444444,0.08611111111111108,0.7552015665791171,0.7411240326942395,0.7705349488108545,0.9361111111111111,0.9138888888888891,0.9555555555555557,2,15,15,2,2000,0.9,canonical full-depth matched-fixed summary; existing per-seed 90% interval,paired 30-seed q05/q95 bootstrap conditional on cross-fit source shortlist,True,False,True,executed,14ee0b5386c067d8d78e092e55a0dc4ff2767dcff001c5a5af212d4e77953621,2a64ebc7ecf5af3604c0c44b60ac16672293adacc44cc072aa4fdeb24b46b791,fit_first15_eval_last15;fit_last15_eval_first15
frangieh_melanoma_control,frangieh_melanoma_coculture,frangieh_melanoma_control->frangieh_melanoma_coculture,frangieh_melanoma_control,frangieh_melanoma_coculture<->frangieh_melanoma_control,frangieh_melanoma_control,frangieh_melanoma_coculture,absolute_effect_rank_agreement,full,matched_fixed,0.1,13,139,9591,1638,7953,0.1707851110416015,0.0846366385152747,0.0795825947937302,0.0893844924060751,0.07956382719911025,0.08968477391999444,0.11932234432234433,0.11275946275946279,0.1253668091168091,0.11275946275946279,0.1253668091168091,0.07749277002389035,0.0717017687245903,0.08328094220210401,0.0717017687245903,0.08328094220210401,0.04182957429845398,0.033179632723201236,0.049485381492642935,1.4098190383684686,1.3178698789157577,1.5072361099644211,1.53978679927893,1.4101930857899083,1.6830666878644203,0.24077610101632277,0.30455840455840455,0.30455840455840455,0.2951963776963776,0.31367572242572234,0.2951963776963776,0.31367572242572234,0.18333333333333338,0.18333333333333338,0.16410256410256413,0.2025641025641026,0.16410256410256413,0.2025641025641026,0.7529959704072327,0.7375463564841542,0.7677545103342672,0.8166666666666665,0.7974358974358976,0.8358974358974359,2,15,15,2,2000,0.9,canonical full-depth matched-fixed summary; existing per-seed 90% interval,paired 30-seed q05/q95 bootstrap conditional on cross-fit source shortlist,True,False,True,executed,a7c1e5d25287ffe30641ce0f1cb96d96c5c37ab3391ad120d1e0978aeb8e2a2c,b46981c09c0cb21f6753c0510d6abf58e3bccf6007f386a8e7aec7191db191f3,fit_first15_eval_last15;fit_last15_eval_first15
frangieh_melanoma_control,frangieh_melanoma_coculture,frangieh_melanoma_control->frangieh_melanoma_coculture,frangieh_melanoma_control,frangieh_melanoma_coculture<->frangieh_melanoma_control,frangieh_melanoma_control,frangieh_melanoma_coculture,absolute_effect_rank_agreement,full,matched_fixed,0.2,27,139,9591,3024,6567,0.3152955896152643,0.0846366385152747,0.0795825947937302,0.0893844924060751,0.07960075417926527,0.08957225523928684,0.1181547619047619,0.11096753747795415,0.12612020502645505,0.11096753747795415,0.12612020502645505,0.06920207096086493,0.0629497233642962,0.07541774529211713,0.0629497233642962,0.07541774529211713,0.04895269094389697,0.03897194342624623,0.05879593889460933,1.3960238021910334,1.3085631909516646,1.4827719730122584,1.7073876585511527,1.5252892287702282,1.9066335554405676,0.44016014782876506,0.3177799823633158,0.3177799823633158,0.31054811507936514,0.32522652116402123,0.31054811507936514,0.32522652116402123,0.2876543209876543,0.2876543209876543,0.2740740740740741,0.3012345679012346,0.2740740740740741,0.3012345679012346,0.7305042490861577,0.7149400838471217,0.7461151777213241,0.7123456790123458,0.6987654320987653,0.7259259259259259,2,15,15,2,2000,0.9,canonical full-depth matched-fixed summary; existing per-seed 90% interval,paired 30-seed q05/q95 bootstrap conditional on cross-fit source shortlist,True,False,True,executed,3c4d2eeb28c179b3c46478afc5d669a87ada8fdd814f67088a5d4ade02970954,079f6184b8b8e1c7493747bd7b2b1e0c41c6cbb03626147ab47b841236dcfff8,fit_first15_eval_last15;fit_last15_eval_first15
frangieh_melanoma_control,frangieh_melanoma_coculture,frangieh_melanoma_control->frangieh_melanoma_coculture,frangieh_melanoma_control,frangieh_melanoma_coculture<->frangieh_melanoma_control,frangieh_melanoma_control,frangieh_melanoma_coculture,absolute_effect_rank_agreement,full,matched_fixed,0.5,69,139,9591,4830,4761,0.5035971223021583,0.0846366385152747,0.0795825947937302,0.0893844924060751,0.07948884370764259,0.08963516143606855,0.07857487922705313,0.07497912353347137,0.08238871635610767,0.07497912353347137,0.08238871635610767,0.09078624938738361,0.0833634390534201,0.09796366309598822,0.0833634390534201,0.09796366309598822,-0.012211370160330484,-0.017463365539452488,-0.006909580320260833,0.928379016528077,0.9011184295550931,0.9578850761313417,0.865493174982648,0.8189643224473483,0.918636087761331,0.4675290011292474,0.2334679089026915,0.2334679089026915,0.22979623878536917,0.23768478260869563,0.22979623878536917,0.23768478260869563,0.6915458937198068,0.6915458937198068,0.6859903381642513,0.6968599033816424,0.6859903381642513,0.6968599033816424,0.3968123338660367,0.38848514883009966,0.4059959732106646,0.3084541062801932,0.3031400966183575,0.31400966183574874,2,15,15,2,2000,0.9,canonical full-depth matched-fixed summary; existing per-seed 90% interval,paired 30-seed q05/q95 bootstrap conditional on cross-fit source shortlist,True,False,False,executed,43a866cfcc50885a6ade2837a988bb053aca3ed7c7c538d8084cbe511e6afb0b,cc259d2d718adc8def264c122de81e997da07d475dee083a636b9a0989132579,fit_first15_eval_last15;fit_last15_eval_first15
frangieh_melanoma_control,frangieh_melanoma_ifng,frangieh_melanoma_control->frangieh_melanoma_ifng,frangieh_melanoma_control,frangieh_melanoma_control<->frangieh_melanoma_ifng,frangieh_melanoma_control,frangieh_melanoma_ifng,delta_cosine,full,matched_fixed,0.05,6,139,9591,798,8793,0.08320300281513919,0.1342995169082125,0.1289464080909185,0.1392712786292705,0.12913816772668818,0.13956591248740138,0.17656641604010026,0.15933583959899747,0.1940507518796992,0.15933583959899747,0.1940507518796992,0.13046362636946057,0.1251197922589939,0.1362184881913643,0.1251197922589939,0.1362184881913643,0.04610278967063969,0.02750025795182825,0.06435455927718761,1.314721155406502,1.1869269327800274,1.4421283047602216,1.3533765767025436,1.2074098790519383,1.5024124795710665,0.10938874799441023,0.37890559732664997,0.37890559732664997,0.36342731829573927,0.3956370091896407,0.36342731829573927,0.3956370091896407,0.11944444444444444,0.11944444444444444,0.0972222222222222,0.14166666666666666,0.0972222222222222,0.14166666666666666,0.7977949964996253,0.7680488677567727,0.8312942647675019,0.8805555555555556,0.8583333333333333,0.9027777777777781,2,15,15,2,2000,0.9,canonical full-depth matched-fixed summary; existing per-seed 90% interval,paired 30-seed q05/q95 bootstrap conditional on cross-fit source shortlist,True,False,True,executed,c884da772e0440c0a52bd53aec25c8a4260c36fa7f7f91fdb306d0d2ed90b245,6ef56f9b7b95dbd465b0396abfc6a02f6edbab0d28d9cef0d0a35bf2315d5e1b,fit_first15_eval_last15;fit_last15_eval_first15
frangieh_melanoma_control,frangieh_melanoma_ifng,frangieh_melanoma_control->frangieh_melanoma_ifng,frangieh_melanoma_control,frangieh_melanoma_control<->frangieh_melanoma_ifng,frangieh_melanoma_control,frangieh_melanoma_ifng,delta_cosine,full,matched_fixed,0.1,13,139,9591,1638,7953,0.1707851110416015,0.1342995169082125,0.1289464080909185,0.1392712786292705,0.1292191464219928,0.13934791297396867,0.11831501831501831,0.11028591778591781,0.12683302808302804,0.11028591778591781,0.12683302808302804,0.13759168447965126,0.13168091705436105,0.1435558908587954,0.13168091705436105,0.1435558908587954,-0.019276666164632944,-0.02918212320183264,-0.008206638336306395,0.8809787334967191,0.8221193229966787,0.9490086217120783,0.859899482751926,0.7930643732136827,0.9391455415819524,0.1504580508255266,0.309025234025234,0.309025234025234,0.30200447700447697,0.31620014245014233,0.30200447700447697,0.31620014245014233,0.2128205128205128,0.2128205128205128,0.19743589743589746,0.22692307692307698,0.19743589743589746,0.22692307692307698,0.6511214047818956,0.6367780073469209,0.6664153798864361,0.7871794871794872,0.773076923076923,0.8025641025641026,2,15,15,2,2000,0.9,canonical full-depth matched-fixed summary; existing per-seed 90% interval,paired 30-seed q05/q95 bootstrap conditional on cross-fit source shortlist,True,False,False,executed,b229899788053f77abab71d6bea1bde8a66bec7f80838570a7c1a9371f9d77c6,ff1a4607d2eb0990989205cda13a5783851fdd72f357af802bc23a4e2c1636f7,fit_first15_eval_last15;fit_last15_eval_first15
frangieh_melanoma_control,frangieh_melanoma_ifng,frangieh_melanoma_control->frangieh_melanoma_ifng,frangieh_melanoma_control,frangieh_melanoma_control<->frangieh_melanoma_ifng,frangieh_melanoma_control,frangieh_melanoma_ifng,delta_cosine,full,matched_fixed,0.2,27,139,9591,3024,6567,0.3152955896152643,0.1342995169082125,0.1289464080909185,0.1392712786292705,0.12908090918569493,0.13908551419733778,0.14817019400352735,0.14077380952380952,0.1553753306878307,0.14077380952380952,0.1553753306878307,0.1279122887163088,0.12149345210902998,0.13424458149332522,0.12149345210902998,0.13424458149332522,0.020257905287218547,0.010804668056290727,0.03010351732608856,1.103281660385977,1.0544565363174059,1.1544676036947181,1.158373409549005,1.0815786127026827,1.2428730346681043,0.3478598416231044,0.3683311287477954,0.3683311287477954,0.36081872795414455,0.3766093474426808,0.36081872795414455,0.3766093474426808,0.2814814814814815,0.2814814814814815,0.26666666666666666,0.29567901234567906,0.26666666666666666,0.29567901234567906,0.731473515766879,0.7154036726410755,0.7496507445183107,0.7185185185185183,0.7043209876543207,0.7333333333333331,2,15,15,2,2000,0.9,canonical full-depth matched-fixed summary; existing per-seed 90% interval,paired 30-seed q05/q95 bootstrap conditional on cross-fit source shortlist,True,False,True,executed,f4c42e27ccebed88d3998ce26485403f11a351581ef1681e7382eecabf7320eb,67bd7897f592cae18b7cb2f4a495c6c94759021da8766634c08e93e43d17b7c5,fit_first15_eval_last15;fit_last15_eval_first15
frangieh_melanoma_control,frangieh_melanoma_ifng,frangieh_melanoma_control->frangieh_melanoma_ifng,frangieh_melanoma_control,frangieh_melanoma_control<->frangieh_melanoma_ifng,frangieh_melanoma_control,frangieh_melanoma_ifng,delta_cosine,full,matched_fixed,0.5,69,139,9591,4830,4761,0.5035971223021583,0.1342995169082125,0.1289464080909185,0.1392712786292705,0.128818510409064,0.1392022034546276,0.14640441683919944,0.14158661145617665,0.15109057971014492,0.14158661145617665,0.15109057971014492,0.12201918364489252,0.11556728278372888,0.128010221942169,0.11556728278372888,0.128010221942169,0.024385233194306924,0.019951275742391056,0.028776192476570504,1.0901336073997943,1.072246684230078,1.108737665964818,1.1998475359847864,1.1570512985521193,1.2462117388238771,0.5489881476114072,0.3489164941338855,0.3489164941338855,0.3453379917184265,0.35233350586611467,0.3453379917184265,0.35233350586611467,0.6077294685990339,0.6077294685990339,0.6026570048309179,0.6123188405797103,0.6026570048309179,0.6123188405797103,0.6617802959266432,0.6536065302947153,0.6697334274135587,0.3922705314009662,0.38768115942028974,0.3973429951690822,2,15,15,2,2000,0.9,canonical full-depth matched-fixed summary; existing per-seed 90% interval,paired 30-seed q05/q95 bootstrap conditional on cross-fit source shortlist,True,False,True,executed,48b93eb8d470635e8b682ffba3ba50e7bc6cc91096136f59feca7c4ea8ce7d4b,6606510e8d8923dfcf66dc5b8b0c9878bc7e59249a1a0cd9eb71ce895b25dd02,fit_first15_eval_last15;fit_last15_eval_first15
frangieh_melanoma_control,frangieh_melanoma_ifng,frangieh_melanoma_control->frangieh_melanoma_ifng,frangieh_melanoma_control,frangieh_melanoma_control<->frangieh_melanoma_ifng,frangieh_melanoma_control,frangieh_melanoma_ifng,systema_centroid_accuracy,full,matched_fixed,0.05,6,139,9591,798,8793,0.08320300281513919,0.0600815000173774,0.0562321447190074,0.0637367062871442,0.056313166857818106,0.06366876064365898,0.009325396825396823,0.005471491228070175,0.013127088554720131,0.005471491228070175,0.013127088554720131,0.0646878198567042,0.06075694681375337,0.06848795443345085,0.06075694681375337,0.06848795443345085,-0.05536242303130738,-0.05958714061680985,-0.05119502847018603,0.15521245013356247,0.09478893659157753,0.2130206616268574,0.1441600110508338,0.0875930345473497,0.19882059090353144,0.012914141925407449,0.03398078529657477,0.03398078529657477,0.028487886382623225,0.039619883040935666,0.028487886382623225,0.039619883040935666,0.08055555555555556,0.08055555555555556,0.061111111111111095,0.10000000000000003,0.061111111111111095,0.10000000000000003,0.07798084628136803,0.06678953965625817,0.0887006196232007,0.9194444444444446,0.9,0.9388888888888892,2,15,15,2,2000,0.9,canonical full-depth matched-fixed summary; existing per-seed 90% interval,paired 30-seed q05/q95 bootstrap conditional on cross-fit source shortlist,True,False,False,executed,92f222908716e99860c296049817fbeb408c4b4dd79bf4a870cf45e8d3af757d,3dfb57d1da8622d0585d5e76d791f0f989525a37f0db951601cd56f5cc9718ba,fit_first15_eval_last15;fit_last15_eval_first15
frangieh_melanoma_control,frangieh_melanoma_ifng,frangieh_melanoma_control->frangieh_melanoma_ifng,frangieh_melanoma_control,frangieh_melanoma_control<->frangieh_melanoma_ifng,frangieh_melanoma_control,frangieh_melanoma_ifng,systema_centroid_accuracy,full,matched_fixed,0.1,13,139,9591,1638,7953,0.1707851110416015,0.0600815000173774,0.0562321447190074,0.0637367062871442,0.05622849546449796,0.06367975185069336,0.015440577940577939,0.011736111111111114,0.01893136955636955,0.011736111111111114,0.01893136955636955,0.06927574500188609,0.06514831929251017,0.07304381994216019,0.06514831929251017,0.07304381994216019,-0.05383516706130815,-0.05714785579412136,-0.050550957514131786,0.2569938822451512,0.20378968508696857,0.3049202994148329,0.22288577250461264,0.17507893092114968,0.26673489802949496,0.0438907287162504,0.07062474562474565,0.07062474562474565,0.06295177045177046,0.07871438746438747,0.06295177045177046,0.07871438746438747,0.55,0.55,0.5282051282051282,0.5705128205128205,0.5282051282051282,0.5705128205128205,0.16500208722640677,0.15034419498883872,0.1804522302327553,0.45000000000000007,0.42948717948717957,0.47179487179487184,2,15,15,2,2000,0.9,canonical full-depth matched-fixed summary; existing per-seed 90% interval,paired 30-seed q05/q95 bootstrap conditional on cross-fit source shortlist,True,False,False,executed,daf0e8fbe5e0a89d91447d8ea2e59fbfc428a7b931bcb270b6b3da4717352324,b2de40ae8ec920238041e48b53657e7f868db499f5fda34aad339231c0cec474,fit_first15_eval_last15;fit_last15_eval_first15
frangieh_melanoma_control,frangieh_melanoma_ifng,frangieh_melanoma_control->frangieh_melanoma_ifng,frangieh_melanoma_control,frangieh_melanoma_control<->frangieh_melanoma_ifng,frangieh_melanoma_control,frangieh_melanoma_ifng,systema_centroid_accuracy,full,matched_fixed,0.2,27,139,9591,3024,6567,0.3152955896152643,0.0600815000173774,0.0562321447190074,0.0637367062871442,0.05646604455565981,0.06375686407395822,0.028519069664903,0.024079447751322754,0.03326375110229277,0.024079447751322754,0.03326375110229277,0.07461550175118013,0.07004295467235165,0.07905290340591846,0.07004295467235165,0.07905290340591846,-0.04609643208627713,-0.05174432946156145,-0.039779626736677606,0.47467306336650067,0.4095321974806261,0.5426589289180317,0.38221373569268985,0.32198430546429674,0.4482567956713632,0.14966232338862456,0.07636133156966492,0.07636133156966492,0.0715658068783069,0.08113453483245149,0.0715658068783069,0.08113453483245149,0.6617283950617284,0.6617283950617284,0.6481481481481483,0.6746913580246914,0.6481481481481483,0.6746913580246914,0.17507611791008315,0.16329299203144323,0.18708831203016388,0.33827160493827163,0.32530864197530857,0.3518518518518518,2,15,15,2,2000,0.9,canonical full-depth matched-fixed summary; existing per-seed 90% interval,paired 30-seed q05/q95 bootstrap conditional on cross-fit source shortlist,True,False,False,executed,eedae78cc1dcb3ad39a04502ebf70aeb2be8814f4241cd14a384cf9f8f654686,ec3f6e406b7839f4cdc15a6e9056eab9afd0f3ee94a3e6b8fd2d3ba0f9f299d3,fit_first15_eval_last15;fit_last15_eval_first15
frangieh_melanoma_control,frangieh_melanoma_ifng,frangieh_melanoma_control->frangieh_melanoma_ifng,frangieh_melanoma_control,frangieh_melanoma_control<->frangieh_melanoma_ifng,frangieh_melanoma_control,frangieh_melanoma_ifng,systema_centroid_accuracy,full,matched_fixed,0.5,69,139,9591,4830,4761,0.5035971223021583,0.0600815000173774,0.0562321447190074,0.0637367062871442,0.056340970701699515,0.0638108209084906,0.056835748792270525,0.054566856452726006,0.059180469289164934,0.054566856452726006,0.059180469289164934,0.0633742911153119,0.056545368620037804,0.07044012112301337,0.056545368620037804,0.07044012112301337,-0.006538542323041373,-0.013829292565587487,0.0003773729508606618,0.945977526789975,0.8911916003513377,1.0031659291321482,0.8968265804954844,0.802596697004219,1.00639830093902,0.47639156025394425,0.13633540372670805,0.13633540372670805,0.13189354727398203,0.1411361283643892,0.13189354727398203,0.1411361283643892,0.759903381642512,0.759903381642512,0.7526449275362317,0.7664251207729469,0.7526449275362317,0.7664251207729469,0.3113097847084828,0.3022052933556179,0.3211258067055427,0.24009661835748788,0.23357487922705314,0.24735507246376812,2,15,15,2,2000,0.9,canonical full-depth matched-fixed summary; existing per-seed 90% interval,paired 30-seed q05/q95 bootstrap conditional on cross-fit source shortlist,True,False,False,executed,8e32c019c34763f6a0480dae091d0f4fd3242809dbb40acf6077348b663d08d8,70ae9c068a3cc2595ccaa02ad38b8ebd5c2dbf77581a46960dbde5b6a59feac0,fit_first15_eval_last15;fit_last15_eval_first15
frangieh_melanoma_control,frangieh_melanoma_ifng,frangieh_melanoma_control->frangieh_melanoma_ifng,frangieh_melanoma_control,frangieh_melanoma_control<->frangieh_melanoma_ifng,frangieh_melanoma_control,frangieh_melanoma_ifng,absolute_effect_rank_agreement,full,matched_fixed,0.05,6,139,9591,798,8793,0.08320300281513919,0.0900688145136065,0.0857571334236958,0.0948114551836791,0.0854913460535919,0.09465384214367636,0.15388471177944865,0.13657059314954054,0.17005012531328323,0.13657059314954054,0.17005012531328323,0.08427726600705107,0.07939042420106904,0.08908876378937791,0.07939042420106904,0.08908876378937791,0.06960744577239758,0.05155043229021036,0.08654936699191397,1.7085237838475336,1.5213090142610786,1.887929981902118,1.8259338380361538,1.5968577669942357,2.0533994954123473,0.1421543091971986,0.34592731829573936,0.34592731829573936,0.3333959899749374,0.35868838763575606,0.3333959899749374,0.35868838763575606,0.05833333333333333,0.05833333333333333,0.03611111111111111,0.07777777777777778,0.03611111111111111,0.07777777777777778,0.7716443467605242,0.7527507863905649,0.7914278878567252,0.9416666666666668,0.9222222222222222,0.9638888888888888,2,15,15,2,2000,0.9,canonical full-depth matched-fixed summary; existing per-seed 90% interval,paired 30-seed q05/q95 bootstrap conditional on cross-fit source shortlist,True,False,True,executed,14ee0b5386c067d8d78e092e55a0dc4ff2767dcff001c5a5af212d4e77953621,2a64ebc7ecf5af3604c0c44b60ac16672293adacc44cc072aa4fdeb24b46b791,fit_first15_eval_last15;fit_last15_eval_first15
frangieh_melanoma_control,frangieh_melanoma_ifng,frangieh_melanoma_control->frangieh_melanoma_ifng,frangieh_melanoma_control,frangieh_melanoma_control<->frangieh_melanoma_ifng,frangieh_melanoma_control,frangieh_melanoma_ifng,absolute_effect_rank_agreement,full,matched_fixed,0.1,13,139,9591,1638,7953,0.1707851110416015,0.0900688145136065,0.0857571334236958,0.0948114551836791,0.08556806728530221,0.09478721370729504,0.13273300773300772,0.12155932030932032,0.14418091168091166,0.12155932030932032,0.14418091168091166,0.08128169663439372,0.07655790267823465,0.08642084747893879,0.07655790267823465,0.08642084747893879,0.051451311098614005,0.03923759044090995,0.06345385941858968,1.4736844095239647,1.3586778291232833,1.584293710174632,1.632999964678921,1.4670539313274182,1.8010319544071691,0.25168335552082727,0.35069190069190076,0.35069190069190076,0.34294668294668285,0.3587611925111925,0.34294668294668285,0.3587611925111925,0.1371794871794872,0.1371794871794872,0.12179487179487185,0.15384615384615383,0.12179487179487185,0.15384615384615383,0.7570795153140697,0.7434293671675916,0.7707209835514843,0.8628205128205129,0.8461538461538465,0.8782051282051282,2,15,15,2,2000,0.9,canonical full-depth matched-fixed summary; existing per-seed 90% interval,paired 30-seed q05/q95 bootstrap conditional on cross-fit source shortlist,True,False,True,executed,a7c1e5d25287ffe30641ce0f1cb96d96c5c37ab3391ad120d1e0978aeb8e2a2c,b46981c09c0cb21f6753c0510d6abf58e3bccf6007f386a8e7aec7191db191f3,fit_first15_eval_last15;fit_last15_eval_first15
frangieh_melanoma_control,frangieh_melanoma_ifng,frangieh_melanoma_control->frangieh_melanoma_ifng,frangieh_melanoma_control,frangieh_melanoma_control<->frangieh_melanoma_ifng,frangieh_melanoma_control,frangieh_melanoma_ifng,absolute_effect_rank_agreement,full,matched_fixed,0.2,27,139,9591,3024,6567,0.3152955896152643,0.0900688145136065,0.0857571334236958,0.0948114551836791,0.08554356514788171,0.09478425954888263,0.11237323633156965,0.10654706790123457,0.11853064373897702,0.10654706790123457,0.11853064373897702,0.07979797979797978,0.07434038881275061,0.08543995228668592,0.07434038881275061,0.08543995228668592,0.032575256533589864,0.0254278624413151,0.03942378778512571,1.2476375639938466,1.190389019471325,1.3054048647586756,1.4082215692184046,1.3047806283589123,1.5190327025786077,0.393374621365592,0.3296571869488536,0.3296571869488536,0.32322530864197535,0.3362050815696649,0.32322530864197535,0.3362050815696649,0.3024691358024691,0.3024691358024691,0.2925925925925925,0.31296296296296294,0.2925925925925925,0.31296296296296294,0.6822636086572978,0.6742503058434098,0.6905208334106898,0.6975308641975307,0.6870370370370369,0.7074074074074074,2,15,15,2,2000,0.9,canonical full-depth matched-fixed summary; existing per-seed 90% interval,paired 30-seed q05/q95 bootstrap conditional on cross-fit source shortlist,True,False,True,executed,44e1034aac9192d797f1576973561ea8e5ec2e51d5a50c69a319c34ceb2df993,079f6184b8b8e1c7493747bd7b2b1e0c41c6cbb03626147ab47b841236dcfff8,fit_first15_eval_last15;fit_last15_eval_first15
frangieh_melanoma_control,frangieh_melanoma_ifng,frangieh_melanoma_control->frangieh_melanoma_ifng,frangieh_melanoma_control,frangieh_melanoma_control<->frangieh_melanoma_ifng,frangieh_melanoma_control,frangieh_melanoma_ifng,absolute_effect_rank_agreement,full,matched_fixed,0.5,69,139,9591,4830,4761,0.5035971223021583,0.0900688145136065,0.0857571334236958,0.0948114551836791,0.0854546797344733,0.09471918117679771,0.07978260869565217,0.07678364389233952,0.08277449965493443,0.07678364389233952,0.08277449965493443,0.10050409577819787,0.09361426170972484,0.10763635090667226,0.09361426170972484,0.10763635090667226,-0.020721487082545703,-0.025951790840259687,-0.015364889328972507,0.8857961451640908,0.8627415922610141,0.9117852080732154,0.7938244514106582,0.757290642380195,0.8368892554271736,0.44608438965098096,0.2424810213940649,0.2424810213940649,0.23908885438233268,0.2461870255348516,0.23908885438233268,0.2461870255348516,0.6777777777777778,0.6777777777777778,0.6724637681159422,0.6828502415458936,0.6724637681159422,0.6828502415458936,0.44223558995381673,0.43568079251195263,0.4492772748261866,0.3222222222222222,0.3171497584541063,0.32753623188405795,2,15,15,2,2000,0.9,canonical full-depth matched-fixed summary; existing per-seed 90% interval,paired 30-seed q05/q95 bootstrap conditional on cross-fit source shortlist,True,False,False,executed,d8dc8cf2fe7487fab4825c1d0a04df4cbada60d302b0202ce2dfe61d480480e3,b5184881185beeea529742fe680b0f40248d89e2a63164bea2c691a880cbfccc,fit_first15_eval_last15;fit_last15_eval_first15
frangieh_melanoma_ifng,frangieh_melanoma_coculture,frangieh_melanoma_ifng->frangieh_melanoma_coculture,frangieh_melanoma_ifng,frangieh_melanoma_coculture<->frangieh_melanoma_ifng,frangieh_melanoma_coculture,frangieh_melanoma_ifng,delta_cosine,full,matched_fixed,0.05,9,186,17205,1593,15612,0.0925893635571055,0.1644541315509057,0.1596604669185314,0.1692737576285963,0.15977748716458393,0.16900426232684299,0.12435655994978027,0.11278248587570625,0.13605409081397785,0.11278248587570625,0.13605409081397785,0.16854556324195066,0.16369341959176703,0.17330669783926891,0.16369341959176703,0.17330669783926891,-0.04418900329217039,-0.056440767733192176,-0.03145417208083852,0.7561777790379592,0.6880468704343199,0.825643459873079,0.7378216166465553,0.6668214580473725,0.8112113611676531,0.07001401929715019,0.27744297970286674,0.27744297970286674,0.2616431261770245,0.292478028876334,0.2616431261770245,0.292478028876334,0.21666666666666667,0.21666666666666667,0.20000000000000007,0.23333333333333336,0.20000000000000007,0.23333333333333336,0.5940312116021633,0.5727317269710853,0.6154732988877447,0.7833333333333333,0.7666666666666667,0.7999999999999999,2,15,15,2,2000,0.9,canonical full-depth matched-fixed summary; existing per-seed 90% interval,paired 30-seed q05/q95 bootstrap conditional on cross-fit source shortlist,True,False,False,executed,3d19c61d23d1fbea3f6fd4be0332b2eca4e4082a11ed1be63d67bf7b872f236e,d9fdba4d71f6d8445f357197fe2bacb7c89a6ebff537d06422e2d1706665c8fd,fit_first15_eval_last15;fit_last15_eval_first15
frangieh_melanoma_ifng,frangieh_melanoma_coculture,frangieh_melanoma_ifng->frangieh_melanoma_coculture,frangieh_melanoma_ifng,frangieh_melanoma_coculture<->frangieh_melanoma_ifng,frangieh_melanoma_coculture,frangieh_melanoma_ifng,delta_cosine,full,matched_fixed,0.1,18,186,17205,3024,14181,0.17576285963382737,0.1644541315509057,0.1596604669185314,0.1692737576285963,0.15979061319383894,0.16903128935387002,0.1694003527336861,0.16303847001763666,0.17577821869488536,0.16303847001763666,0.17577821869488536,0.16339938415250452,0.15763991726018386,0.16923847636508946,0.15763991726018386,0.16923847636508946,0.0060009685811815705,-0.0035598497752414317,0.015579296766128991,1.0300766003026764,0.9824640206620764,1.0792061243288258,1.036725772329599,0.9788038560419996,1.0977472481781976,0.1810492089110894,0.33443011463844796,0.33443011463844796,0.32409556878306867,0.3446712411816578,0.32409556878306867,0.3446712411816578,0.2296296296296296,0.2296296296296296,0.21574074074074076,0.24351851851851855,0.21574074074074076,0.24351851851851855,0.68348183509116,0.6686385701736919,0.698361537482484,0.7703703703703705,0.7564814814814815,0.7842592592592595,2,15,15,2,2000,0.9,canonical full-depth matched-fixed summary; existing per-seed 90% interval,paired 30-seed q05/q95 bootstrap conditional on cross-fit source shortlist,True,False,False,executed,c77db4f59c69a8f64930f475276b765588a158baac534b3ca64998a228d672c8,2b726593f12516b5c88421b077241ce9fc54ef489dfd1f1331161e5a8986430f,fit_first15_eval_last15;fit_last15_eval_first15
frangieh_melanoma_ifng,frangieh_melanoma_coculture,frangieh_melanoma_ifng->frangieh_melanoma_coculture,frangieh_melanoma_ifng,frangieh_melanoma_coculture<->frangieh_melanoma_ifng,frangieh_melanoma_coculture,frangieh_melanoma_ifng,delta_cosine,full,matched_fixed,0.2,37,186,17205,5513,11692,0.3204301075268817,0.1644541315509057,0.1596604669185314,0.1692737576285963,0.15980504698246636,0.16904809648358038,0.1927232601729246,0.1858544954350324,0.19966140637281576,0.1858544954350324,0.19966140637281576,0.1511247006500171,0.14505409681833728,0.1577009208575664,0.14505409681833728,0.1577009208575664,0.0415985595229075,0.031957596773563954,0.05118210811270039,1.1718967371352924,1.131038107942311,1.2139004289202677,1.2752598307489371,1.2055237533519418,1.350065493506729,0.37551099749066363,0.3826742850232783,0.3826742850232783,0.37647318459399004,0.3888886873450632,0.37647318459399004,0.3888886873450632,0.3234234234234234,0.3234234234234234,0.3166666666666667,0.3301801801801803,0.3166666666666667,0.3301801801801803,0.7438014585373718,0.73378716985358,0.7537009762004728,0.6765765765765768,0.6698198198198199,0.6833333333333335,2,15,15,2,2000,0.9,canonical full-depth matched-fixed summary; existing per-seed 90% interval,paired 30-seed q05/q95 bootstrap conditional on cross-fit source shortlist,True,False,True,executed,2a140423eade2605b63df9fa7e708aa0420a02ea3a5876a01e566f50511e0fe3,02650db7b84452f0d548eaca21bc11d1018bb50f5cece7a96c10e54357b77159,fit_first15_eval_last15;fit_last15_eval_first15
frangieh_melanoma_ifng,frangieh_melanoma_coculture,frangieh_melanoma_ifng->frangieh_melanoma_coculture,frangieh_melanoma_ifng,frangieh_melanoma_coculture<->frangieh_melanoma_ifng,frangieh_melanoma_coculture,frangieh_melanoma_ifng,delta_cosine,full,matched_fixed,0.5,93,186,17205,8649,8556,0.5027027027027027,0.1644541315509057,0.1596604669185314,0.1692737576285963,0.15974440569601858,0.1692679453647196,0.19126103210390413,0.1857899757197364,0.1970155509307434,0.1857899757197364,0.1970155509307434,0.13735585164407044,0.13212365591397854,0.14295523609163163,0.13212365591397854,0.14295523609163163,0.053905180459833696,0.0484011324924888,0.05946697050509315,1.1630053334640638,1.145744423990864,1.1798415958781365,1.3924491007453976,1.3437115720862347,1.44199022095776,0.5846459243900428,0.38323891008594446,0.38323891008594446,0.37761533125216784,0.38902801865340897,0.37761533125216784,0.38902801865340897,0.5790322580645161,0.5790322580645161,0.5727598566308244,0.5847670250896057,0.5727598566308244,0.5847670250896057,0.7322684589456842,0.7208204789648941,0.7442506086311039,0.4209677419354839,0.4152329749103944,0.42724014336917554,2,15,15,2,2000,0.9,canonical full-depth matched-fixed summary; existing per-seed 90% interval,paired 30-seed q05/q95 bootstrap conditional on cross-fit source shortlist,True,False,True,executed,9a9b1051ed9aa662e9a8354071b798ef79ef83ddb3c327338dd43553d4a71b04,3bea7c8d571fcd330fea5f578b90632b0e0f3ccbdead389db1aba47aace8e9dd,fit_first15_eval_last15;fit_last15_eval_first15
frangieh_melanoma_ifng,frangieh_melanoma_coculture,frangieh_melanoma_ifng->frangieh_melanoma_coculture,frangieh_melanoma_ifng,frangieh_melanoma_coculture<->frangieh_melanoma_ifng,frangieh_melanoma_coculture,frangieh_melanoma_ifng,systema_centroid_accuracy,full,matched_fixed,0.05,9,186,17205,1593,15612,0.0925893635571055,0.0443679163034001,0.0418013416642448,0.0469196212341373,0.04173772159256031,0.0469713503826407,0.025141242937853105,0.01990479179744716,0.03079148357396944,0.01990479179744716,0.03079148357396944,0.046329746348962336,0.04351246904090872,0.04905476022717567,0.04351246904090872,0.04905476022717567,-0.02118850341110923,-0.026914149659773696,-0.0151456840465404,0.5666536775342407,0.45411946173739554,0.6898078270573338,0.5426587650293968,0.4301595918768653,0.6686445288508602,0.052466103360188636,0.06486712701401967,0.06486712701401967,0.05808641975308641,0.0718785310734463,0.05808641975308641,0.0718785310734463,0.4462962962962963,0.4462962962962963,0.42962962962962975,0.462962962962963,0.42962962962962975,0.462962962962963,0.15665377829503843,0.14274671404917255,0.17092598722189953,0.5537037037037038,0.5370370370370369,0.5703703703703703,2,15,15,2,2000,0.9,canonical full-depth matched-fixed summary; existing per-seed 90% interval,paired 30-seed q05/q95 bootstrap conditional on cross-fit source shortlist,True,False,False,executed,6cda7a0c06677aa938495fc9e4650d0afe7319ab266a64cd64f2c1a99dcfb3e2,47abf7ff71d4764f8549614d527d11f2b59976ad74f94c6260df0b22fea86611,fit_first15_eval_last15;fit_last15_eval_first15
frangieh_melanoma_ifng,frangieh_melanoma_coculture,frangieh_melanoma_ifng->frangieh_melanoma_coculture,frangieh_melanoma_ifng,frangieh_melanoma_coculture<->frangieh_melanoma_ifng,frangieh_melanoma_coculture,frangieh_melanoma_ifng,systema_centroid_accuracy,full,matched_fixed,0.1,18,186,17205,3024,14181,0.17576285963382737,0.0443679163034001,0.0418013416642448,0.0469196212341373,0.04165811779521457,0.046920226678291196,0.019392085537918876,0.017139963624338624,0.021668595679012352,0.017139963624338624,0.021668595679012352,0.049693839174482286,0.046656500481865405,0.05261714618151047,0.046656500481865405,0.05261714618151047,-0.03030175363656341,-0.03331146875462883,-0.027377190022774323,0.43707451585759377,0.39282234030892244,0.4811259931532354,0.39023118076730695,0.34779153441592875,0.4331946172667001,0.07682146678020131,0.05860339506172839,0.05860339506172839,0.05406690917107583,0.06311232363315697,0.05406690917107583,0.06311232363315697,0.537962962962963,0.537962962962963,0.526851851851852,0.5490740740740743,0.526851851851852,0.5490740740740743,0.146893379515054,0.13708752236208874,0.15703005451432603,0.46203703703703697,0.4509259259259258,0.47314814814814804,2,15,15,2,2000,0.9,canonical full-depth matched-fixed summary; existing per-seed 90% interval,paired 30-seed q05/q95 bootstrap conditional on cross-fit source shortlist,True,False,False,executed,a5cab6ace543aea11ba1afb18cf92322e14332bb40c1fb59e47866e67a334c49,bb3664fc62321d728d88043d2ce1a08fcb96caa6892863890ec09e59189cb99c,fit_first15_eval_last15;fit_last15_eval_first15
frangieh_melanoma_ifng,frangieh_melanoma_coculture,frangieh_melanoma_ifng->frangieh_melanoma_coculture,frangieh_melanoma_ifng,frangieh_melanoma_coculture<->frangieh_melanoma_ifng,frangieh_melanoma_coculture,frangieh_melanoma_ifng,systema_centroid_accuracy,full,matched_fixed,0.2,37,186,17205,5513,11692,0.3204301075268817,0.0443679163034001,0.0418013416642448,0.0469196212341373,0.041777075462559335,0.04694095708611839,0.03099340951689945,0.029105220992804888,0.032967531289678935,0.029105220992804888,0.032967531289678935,0.05067425019956665,0.0469500156802372,0.054517939616832024,0.0469500156802372,0.054517939616832024,-0.019680840682667202,-0.02419244721528938,-0.015280402870162664,0.6985545434443636,0.6443978777740055,0.7552147418084756,0.6116204856478468,0.551864943232994,0.6770670551857897,0.2238379074692692,0.09953745692000723,0.09953745692000723,0.09639941955378199,0.1025516959912933,0.09639941955378199,0.1025516959912933,0.6004504504504505,0.6004504504504505,0.591891891891892,0.6094594594594595,0.591891891891892,0.6094594594594595,0.23255377216827858,0.2256738727661248,0.2391943818270583,0.39954954954954947,0.3905405405405406,0.40810810810810805,2,15,15,2,2000,0.9,canonical full-depth matched-fixed summary; existing per-seed 90% interval,paired 30-seed q05/q95 bootstrap conditional on cross-fit source shortlist,True,False,False,executed,50080449f28da6d30722933af4e4dfe06dffbd89577ee5cecc34305de133e3ba,bdd50e27af47a35e76edd02a2e7b030f1935318907da897602b4ec38a4fd3e48,fit_first15_eval_last15;fit_last15_eval_first15
frangieh_melanoma_ifng,frangieh_melanoma_coculture,frangieh_melanoma_ifng->frangieh_melanoma_coculture,frangieh_melanoma_ifng,frangieh_melanoma_coculture<->frangieh_melanoma_ifng,frangieh_melanoma_coculture,frangieh_melanoma_ifng,systema_centroid_accuracy,full,matched_fixed,0.5,93,186,17205,8649,8556,0.5027027027027027,0.0443679163034001,0.0418013416642448,0.0469196212341373,0.041643780877651845,0.04698837547224645,0.030324314949705167,0.028386422322426483,0.032231857247465995,0.028386422322426483,0.032231857247465995,0.05856416549789622,0.05451608033348917,0.06259851760947484,0.05451608033348917,0.06259851760947484,-0.028239850548191052,-0.031568288869786416,-0.024992920874659194,0.6834739486600869,0.6571442944709337,0.7096881507306779,0.517796415126832,0.48800897412067795,0.5486710726944136,0.3435842012183139,0.08656877481018997,0.08656877481018997,0.08447180791613672,0.08859232281188574,0.08447180791613672,0.08859232281188574,0.8120071684587813,0.8120071684587813,0.8093189964157704,0.8148745519713259,0.8093189964157704,0.8148745519713259,0.19152803175527058,0.18673567617151834,0.1961598707517776,0.18799283154121862,0.18512544802867384,0.1906810035842294,2,15,15,2,2000,0.9,canonical full-depth matched-fixed summary; existing per-seed 90% interval,paired 30-seed q05/q95 bootstrap conditional on cross-fit source shortlist,True,False,False,executed,873d36f3573dae1f5b2306b99f6c685a3e2b2d0a8a729dfda3553f3cf2799a10,0d0265e7039b563869787aa67e7eef9f2238fffeb6777f3630b04e591cf035a3,fit_first15_eval_last15;fit_last15_eval_first15
frangieh_melanoma_ifng,frangieh_melanoma_coculture,frangieh_melanoma_ifng->frangieh_melanoma_coculture,frangieh_melanoma_ifng,frangieh_melanoma_coculture<->frangieh_melanoma_ifng,frangieh_melanoma_coculture,frangieh_melanoma_ifng,absolute_effect_rank_agreement,full,matched_fixed,0.05,9,186,17205,1593,15612,0.0925893635571055,0.0710035842293907,0.0662728857890148,0.0755528916012786,0.06635968226290809,0.07554446381865737,0.03406570412220129,0.027263025737602007,0.04108704749947687,0.027263025737602007,0.04108704749947687,0.07477261081219576,0.06995147963105305,0.07952557861474081,0.06995147963105305,0.07952557861474081,-0.040706906689994465,-0.047963136365237434,-0.033768483174611466,0.47977442958577277,0.3915768040623422,0.5697216176358093,0.455590673539047,0.3686880547814403,0.5457604058324672,0.044422009086320026,0.11445909186022181,0.11445909186022181,0.10425036618539445,0.12522755806654112,0.10425036618539445,0.12522755806654112,0.42962962962962964,0.42962962962962964,0.4129629629629631,0.44629629629629636,0.4129629629629631,0.44629629629629636,0.30364072991085467,0.2839146272872894,0.3242984599673878,0.5703703703703705,0.5537037037037037,0.5870370370370369,2,15,15,2,2000,0.9,canonical full-depth matched-fixed summary; existing per-seed 90% interval,paired 30-seed q05/q95 bootstrap conditional on cross-fit source shortlist,True,False,False,executed,c4a3bbe74428a29a1153ca05839250f20d5cce2bca7020f72e08fe21ac7590bd,6b473daccd7a55907dd44011e61fe75bbe5aede99cbdc1cc09804610c6d14f80,fit_first15_eval_last15;fit_last15_eval_first15
frangieh_melanoma_ifng,frangieh_melanoma_coculture,frangieh_melanoma_ifng->frangieh_melanoma_coculture,frangieh_melanoma_ifng,frangieh_melanoma_coculture<->frangieh_melanoma_ifng,frangieh_melanoma_coculture,frangieh_melanoma_ifng,absolute_effect_rank_agreement,full,matched_fixed,0.1,18,186,17205,3024,14181,0.17576285963382737,0.0710035842293907,0.0662728857890148,0.0755528916012786,0.06624009493364334,0.0754782040104621,0.03995260141093474,0.03534997795414461,0.044450507054673724,0.03534997795414461,0.044450507054673724,0.07762499118538892,0.07235831981759631,0.08264032860870178,0.07235831981759631,0.08264032860870178,-0.037672389774454175,-0.042280240260647584,-0.03318911067196627,0.5626842904417361,0.5149160302581511,0.6124360455361942,0.5146873552039112,0.46664581578157344,0.5656848366649282,0.0988989999590706,0.1361662257495591,0.1361662257495591,0.12903411596119932,0.14305638227513232,0.12903411596119932,0.14305638227513232,0.4490740740740741,0.4490740740740741,0.43425925925925923,0.46388888888888885,0.43425925925925923,0.46388888888888885,0.3085119656726276,0.29439123266162326,0.32211272818445724,0.5509259259259258,0.5361111111111112,0.5657407407407409,2,15,15,2,2000,0.9,canonical full-depth matched-fixed summary; existing per-seed 90% interval,paired 30-seed q05/q95 bootstrap conditional on cross-fit source shortlist,True,False,False,executed,fe7e2c5c0b7367d580f316c98a326a2850a8c77e1e3af1d1d3de99d5e3ecc396,4033e5cebe421ce93c545081672ddfe1833b3d21e47891f3e689c10e2af2f647,fit_first15_eval_last15;fit_last15_eval_first15
frangieh_melanoma_ifng,frangieh_melanoma_coculture,frangieh_melanoma_ifng->frangieh_melanoma_coculture,frangieh_melanoma_ifng,frangieh_melanoma_coculture<->frangieh_melanoma_ifng,frangieh_melanoma_coculture,frangieh_melanoma_ifng,absolute_effect_rank_agreement,full,matched_fixed,0.2,37,186,17205,5513,11692,0.3204301075268817,0.0710035842293907,0.0662728857890148,0.0755528916012786,0.06640986147437761,0.07539368400658723,0.053818247777979306,0.050182598706088634,0.057382550335570465,0.050182598706088634,0.057382550335570465,0.07910679667008781,0.07365834188618996,0.0842323811152925,0.07365834188618996,0.0842323811152925,-0.025288548892108506,-0.02930765151567334,-0.021513669072181524,0.7579652261512481,0.7283073633699263,0.7882922971583054,0.6803239423589159,0.645600607771951,0.7167439086879364,0.24287487891728163,0.16517020376080785,0.16517020376080785,0.1612335993711833,0.16904301952959672,0.1612335993711833,0.16904301952959672,0.4837837837837837,0.4837837837837837,0.4725225225225225,0.49551801801801815,0.4725225225225225,0.49551801801801815,0.3232731247211346,0.31376675868558107,0.3316761373077546,0.5162162162162163,0.5044819819819818,0.5274774774774775,2,15,15,2,2000,0.9,canonical full-depth matched-fixed summary; existing per-seed 90% interval,paired 30-seed q05/q95 bootstrap conditional on cross-fit source shortlist,True,False,False,executed,987e89f87a98f95af4ce8b89ff6f748660029724366163bab38fa10093ab6dd9,8b1ccdaec935eb5d02a03878b96d1c04068a3f9ccdba9f3e995f2e79d2495b65,fit_first15_eval_last15;fit_last15_eval_first15
frangieh_melanoma_ifng,frangieh_melanoma_coculture,frangieh_melanoma_ifng->frangieh_melanoma_coculture,frangieh_melanoma_ifng,frangieh_melanoma_coculture<->frangieh_melanoma_ifng,frangieh_melanoma_coculture,frangieh_melanoma_ifng,absolute_effect_rank_agreement,full,matched_fixed,0.5,93,186,17205,8649,8556,0.5027027027027027,0.0710035842293907,0.0662728857890148,0.0755528916012786,0.06625971132422745,0.07558669960282864,0.050861371256792694,0.04724197402397194,0.0544036882876633,0.04724197402397194,0.0544036882876633,0.0913647342995169,0.08499357176250584,0.09755639317438054,0.08499357176250584,0.09755639317438054,-0.04050336304272421,-0.04458262432114963,-0.036313245562442524,0.7163211802445815,0.6951907839438615,0.7383546066381524,0.5566849358972156,0.5314417102917617,0.5839152365126048,0.36009659331214094,0.14433653216171424,0.14433653216171424,0.14035312367518402,0.1482222414922727,0.14035312367518402,0.1482222414922727,0.7770609318996416,0.7770609318996416,0.7743727598566306,0.7797491039426525,0.7743727598566306,0.7797491039426525,0.24294500477075698,0.23620283690470215,0.2495978353411042,0.22293906810035843,0.2202508960573476,0.22562724014336924,2,15,15,2,2000,0.9,canonical full-depth matched-fixed summary; existing per-seed 90% interval,paired 30-seed q05/q95 bootstrap conditional on cross-fit source shortlist,True,False,False,executed,ca4e27538516ee369a4b167bd57fe4c0ee1428e9e6d31276b6cb1ebcf7822913,b82ff419f0e17101f6014f680292a254bff2023768d8066f39434d1234738709,fit_first15_eval_last15;fit_last15_eval_first15
frangieh_melanoma_ifng,frangieh_melanoma_control,frangieh_melanoma_ifng->frangieh_melanoma_control,frangieh_melanoma_ifng,frangieh_melanoma_control<->frangieh_melanoma_ifng,frangieh_melanoma_control,frangieh_melanoma_ifng,delta_cosine,full,matched_fixed,0.05,6,139,9591,798,8793,0.08320300281513919,0.1273624578597991,0.1212624682862405,0.1330077676988844,0.12143137663782021,0.13272208320300286,0.12794486215538847,0.11434628237259815,0.1414160401002506,0.11434628237259815,0.1414160401002506,0.12730960233519087,0.12113129762310929,0.13302845066151103,0.12113129762310929,0.13302845066151103,0.0006352598201976034,-0.014703065023527785,0.014821861460201133,1.0045728098010676,0.8956719531120526,1.1080584057707537,1.004989881427208,0.8872711034588869,1.1190324590213285,0.08358347432189052,0.29609440267335,0.29609440267335,0.2756474519632414,0.31514515455304926,0.2756474519632414,0.31514515455304926,0.08611111111111111,0.08611111111111111,0.06944444444444443,0.10277777777777777,0.06944444444444443,0.10277777777777777,0.6689121029591897,0.6401831073201356,0.6963865560995377,0.9138888888888891,0.8972222222222225,0.9305555555555557,2,15,15,2,2000,0.9,canonical full-depth matched-fixed summary; existing per-seed 90% interval,paired 30-seed q05/q95 bootstrap conditional on cross-fit source shortlist,True,False,False,executed,24778d3828e939f8859632a6e6160fb53052e030737dd4b7ae7729caafa9b240,f6cb66b7851e5b7ee8f3d8d89e1bd17e7636245823695af324f43e8ee14bb235,fit_first15_eval_last15;fit_last15_eval_first15
frangieh_melanoma_ifng,frangieh_melanoma_control,frangieh_melanoma_ifng->frangieh_melanoma_control,frangieh_melanoma_ifng,frangieh_melanoma_control<->frangieh_melanoma_ifng,frangieh_melanoma_control,frangieh_melanoma_ifng,delta_cosine,full,matched_fixed,0.1,13,139,9591,1638,7953,0.1707851110416015,0.1273624578597991,0.1212624682862405,0.1330077676988844,0.12158143050776772,0.13277699579466867,0.16343101343101343,0.1525330687830688,0.17435999185999185,0.1525330687830688,0.17435999185999185,0.11993377761012616,0.11333239029297121,0.1258858292468251,0.11333239029297121,0.1258858292468251,0.04349723582088727,0.03098844006001681,0.05657604804907712,1.283196133125184,1.1987721010916805,1.3728811968707488,1.3626771097153763,1.249943676430366,1.4870874568968488,0.21915079408393817,0.36837606837606846,0.36837606837606846,0.35154253154253157,0.38564916564916557,0.35154253154253157,0.38564916564916557,0.19615384615384618,0.19615384615384618,0.16923076923076924,0.22307692307692312,0.16923076923076924,0.22307692307692312,0.7616709548725865,0.7303152331267194,0.7943639896143097,0.8038461538461537,0.776923076923077,0.8307692307692307,2,15,15,2,2000,0.9,canonical full-depth matched-fixed summary; existing per-seed 90% interval,paired 30-seed q05/q95 bootstrap conditional on cross-fit source shortlist,True,False,True,executed,363995b22bd78b5cc0aa95a452dd01a8b12613276d86ed172d568ab5f7adc7b7,00c3aacd64096f5d7bf5c871feb5c5a8832866867ce1e96e1132645bf193d9d3,fit_first15_eval_last15;fit_last15_eval_first15
frangieh_melanoma_ifng,frangieh_melanoma_control,frangieh_melanoma_ifng->frangieh_melanoma_control,frangieh_melanoma_ifng,frangieh_melanoma_control<->frangieh_melanoma_ifng,frangieh_melanoma_control,frangieh_melanoma_ifng,delta_cosine,full,matched_fixed,0.2,27,139,9591,3024,6567,0.3152955896152643,0.1273624578597991,0.1212624682862405,0.1330077676988844,0.12154780523407366,0.13298248357835474,0.15347773368606704,0.14784226190476188,0.15887924382716045,0.14784226190476188,0.15887924382716045,0.11533678493477487,0.10783944977412312,0.12263095781939999,0.10783944977412312,0.12263095781939999,0.038140948751292175,0.029967950044635566,0.04605687367412662,1.2050468895238788,1.1575669585123343,1.2548028045515636,1.3306919711075837,1.248127471130568,1.421603326749405,0.3799459695464717,0.3277006172839508,0.3277006172839508,0.31957506613756614,0.3363153108465609,0.31957506613756614,0.3363153108465609,0.39814814814814814,0.39814814814814814,0.38271604938271603,0.41358024691358014,0.38271604938271603,0.41358024691358014,0.6501029787800732,0.634554234447565,0.6657137410424141,0.6018518518518519,0.5864197530864198,0.6172839506172838,2,15,15,2,2000,0.9,canonical full-depth matched-fixed summary; existing per-seed 90% interval,paired 30-seed q05/q95 bootstrap conditional on cross-fit source shortlist,True,False,True,executed,cca4d0946321ed212f3d9690a582d0896759e3e4ae702da33b5af4726a1a2eb9,3f3575614e5ea1ffa123b629e17584dc3e804193675b2dfaf8eb68fbcdb7bea0,fit_first15_eval_last15;fit_last15_eval_first15
frangieh_melanoma_ifng,frangieh_melanoma_control,frangieh_melanoma_ifng->frangieh_melanoma_control,frangieh_melanoma_ifng,frangieh_melanoma_control<->frangieh_melanoma_ifng,frangieh_melanoma_control,frangieh_melanoma_ifng,delta_cosine,full,matched_fixed,0.5,69,139,9591,4830,4761,0.5035971223021583,0.1273624578597991,0.1212624682862405,0.1330077676988844,0.121868939630904,0.132906109894693,0.15157694962042792,0.14469720496894412,0.15896859903381647,0.14469720496894412,0.15896859903381647,0.10279703143597282,0.0966939718546524,0.10871718126444027,0.0966939718546524,0.10871718126444027,0.048779918184455096,0.04155508296576349,0.05602356947820083,1.1901226795362583,1.1626464999920498,1.216972917565317,1.4745265257473674,1.392397182873543,1.5604566631734582,0.5993423566009933,0.3467425810904071,0.3467425810904071,0.34091649413388536,0.3533176328502416,0.34091649413388536,0.3533176328502416,0.6178743961352657,0.6178743961352657,0.6123188405797103,0.6229468599033815,0.6123188405797103,0.6229468599033815,0.6717239380849065,0.6583041877559209,0.6864831677490669,0.3821256038647343,0.37705314009661844,0.38768115942028986,2,15,15,2,2000,0.9,canonical full-depth matched-fixed summary; existing per-seed 90% interval,paired 30-seed q05/q95 bootstrap conditional on cross-fit source shortlist,True,False,True,executed,035a4ee395043519be355c5cbd2be5ef9f8a2ccc976cea5109ea8dbcb62e4605,a45c6a72a3e4ca66cef734b09e53c83261bf82f6d9607d62e091ee20c78ba12a,fit_first15_eval_last15;fit_last15_eval_first15
frangieh_melanoma_ifng,frangieh_melanoma_control,frangieh_melanoma_ifng->frangieh_melanoma_control,frangieh_melanoma_ifng,frangieh_melanoma_control<->frangieh_melanoma_ifng,frangieh_melanoma_control,frangieh_melanoma_ifng,systema_centroid_accuracy,full,matched_fixed,0.05,6,139,9591,798,8793,0.08320300281513919,0.0633336808813818,0.0594153807388871,0.067100580405241,0.05935416883884197,0.06724051193827546,0.031735588972431075,0.02486267752715121,0.03857873851294903,0.02486267752715121,0.03857873851294903,0.06620133439478373,0.06192828575761022,0.07042078926418742,0.06192828575761022,0.07042078926418742,-0.03446574542235266,-0.04280162228897617,-0.026566123172140545,0.5010854971759641,0.3908629494630834,0.6097598926275829,0.47937989864644853,0.370387334234282,0.5889033778403542,0.041691818032157164,0.07539682539682539,0.07539682539682539,0.06374164578111945,0.08665622389306599,0.06374164578111945,0.08665622389306599,0.26388888888888895,0.26388888888888895,0.23333333333333334,0.2972222222222222,0.23333333333333334,0.2972222222222222,0.1615997793410898,0.13971376414909423,0.18258563246386458,0.7361111111111109,0.7027777777777777,0.7666666666666667,2,15,15,2,2000,0.9,canonical full-depth matched-fixed summary; existing per-seed 90% interval,paired 30-seed q05/q95 bootstrap conditional on cross-fit source shortlist,True,False,False,executed,fa85f7f36c7495c3ae8194c61a9206eb5ebaf70a1a9f86c1eb8b2a971e85dcd3,5d53be675d032370cb389705be02c2745b8f24021d6ead16310d067cfac5251e,fit_first15_eval_last15;fit_last15_eval_first15
frangieh_melanoma_ifng,frangieh_melanoma_control,frangieh_melanoma_ifng->frangieh_melanoma_control,frangieh_melanoma_ifng,frangieh_melanoma_control<->frangieh_melanoma_ifng,frangieh_melanoma_control,frangieh_melanoma_ifng,systema_centroid_accuracy,full,matched_fixed,0.1,13,139,9591,1638,7953,0.1707851110416015,0.0633336808813818,0.0594153807388871,0.067100580405241,0.059434756542592,0.06739256420950195,0.024109686609686612,0.020716066341066344,0.027696632071632078,0.020716066341066344,0.027696632071632078,0.07141225533341715,0.06696100004191291,0.07607758078712436,0.06696100004191291,0.07607758078712436,-0.04730256872373054,-0.05222289841325113,-0.04239754751165539,0.38067717325386213,0.33162423319081524,0.43206730374472846,0.33761273183602364,0.29149712326643323,0.38682037286161125,0.06501399330516382,0.06593406593406592,0.06593406593406592,0.06168040293040293,0.06999491249491248,0.06168040293040293,0.06999491249491248,0.5217948717948718,0.5217948717948718,0.5051282051282051,0.5384615384615384,0.5051282051282051,0.5384615384615384,0.15112563099866103,0.14229825604426577,0.1595985800512874,0.47820512820512817,0.4615384615384616,0.4948717948717949,2,15,15,2,2000,0.9,canonical full-depth matched-fixed summary; existing per-seed 90% interval,paired 30-seed q05/q95 bootstrap conditional on cross-fit source shortlist,True,False,False,executed,3677ddf8f18372dc647b05f5c989ec39e05c27786a73501e6403e534e5539fee,59574980c70f2a2234362c8947e21745fb3776463bcca27f3e8442c5c720c22e,fit_first15_eval_last15;fit_last15_eval_first15
frangieh_melanoma_ifng,frangieh_melanoma_control,frangieh_melanoma_ifng->frangieh_melanoma_control,frangieh_melanoma_ifng,frangieh_melanoma_control<->frangieh_melanoma_ifng,frangieh_melanoma_control,frangieh_melanoma_ifng,systema_centroid_accuracy,full,matched_fixed,0.2,27,139,9591,3024,6567,0.3152955896152643,0.0633336808813818,0.0594153807388871,0.067100580405241,0.05957911931324504,0.0671169586070274,0.03894951499118166,0.03607197971781304,0.041813547178130524,0.03607197971781304,0.041813547178130524,0.07456220496421502,0.06983389168062534,0.07903095020557332,0.06983389168062534,0.07903095020557332,-0.03561268997303336,-0.03932309524162015,-0.03168499776016526,0.614988967152099,0.5856183759482104,0.6459746618066634,0.5223761154847135,0.49177897691228184,0.5554272036469275,0.19390330900510347,0.10633267195767195,0.10633267195767195,0.10338955026455027,0.10926559744268079,0.10338955026455027,0.10926559744268079,0.5882716049382716,0.5882716049382716,0.5777777777777776,0.5993827160493826,0.5777777777777776,0.5993827160493826,0.22847309654497966,0.2219815297608188,0.23501936033399307,0.41172839506172837,0.40061728395061724,0.4222222222222223,2,15,15,2,2000,0.9,canonical full-depth matched-fixed summary; existing per-seed 90% interval,paired 30-seed q05/q95 bootstrap conditional on cross-fit source shortlist,True,False,False,executed,96a4b58b46f47a467548eaea88372ece4d8fc5b9aaf13db829fd1be2db2f6146,49eda13d04dd06b4a63b21c3d3656d35ad3e3bc43aaaf170c0dc1677e7f15fa8,fit_first15_eval_last15;fit_last15_eval_first15
frangieh_melanoma_ifng,frangieh_melanoma_control,frangieh_melanoma_ifng->frangieh_melanoma_control,frangieh_melanoma_ifng,frangieh_melanoma_control<->frangieh_melanoma_ifng,frangieh_melanoma_control,frangieh_melanoma_ifng,systema_centroid_accuracy,full,matched_fixed,0.5,69,139,9591,4830,4761,0.5035971223021583,0.0633336808813818,0.0594153807388871,0.067100580405241,0.05953341674486497,0.06716770062211101,0.04462732919254659,0.04092624223602484,0.04849568668046929,0.04092624223602484,0.04849568668046929,0.08231113911643212,0.07739891829447593,0.08710424980746344,0.07739891829447593,0.08710424980746344,-0.03768380992388553,-0.041546702623498466,-0.033603897240475675,0.7046381731093361,0.6720738484418234,0.7362783944843829,0.5421784909259924,0.5043029849522086,0.5808702450324514,0.3548537562421117,0.12608350586611458,0.12608350586611458,0.12281884057971011,0.1292657004830918,0.12281884057971011,0.1292657004830918,0.7712560386473429,0.7712560386473429,0.7681038647342993,0.7741666666666669,0.7681038647342993,0.7741666666666669,0.28391873752922964,0.2756211398934048,0.2916626079974705,0.228743961352657,0.22583333333333325,0.2318961352657005,2,15,15,2,2000,0.9,canonical full-depth matched-fixed summary; existing per-seed 90% interval,paired 30-seed q05/q95 bootstrap conditional on cross-fit source shortlist,True,False,False,executed,590f96068eda99e75bba3f2bb7b9debf2c168d402bb65bcc12cd783e43f530bb,a45e41eff7ced7c33f9db48db15a93d0921d976b29458bf112eb863cb012033e,fit_first15_eval_last15;fit_last15_eval_first15
frangieh_melanoma_ifng,frangieh_melanoma_control,frangieh_melanoma_ifng->frangieh_melanoma_control,frangieh_melanoma_ifng,frangieh_melanoma_control<->frangieh_melanoma_ifng,frangieh_melanoma_control,frangieh_melanoma_ifng,absolute_effect_rank_agreement,full,matched_fixed,0.05,6,139,9591,798,8793,0.08320300281513919,0.078714419768533,0.0753180933514058,0.0821466305216695,0.07526144301949746,0.08241615403329508,0.11660401002506263,0.10321010860484543,0.13091687552213865,0.10321010860484543,0.13091687552213865,0.07527578755828501,0.07240219492778345,0.07840204329201256,0.07240219492778345,0.07840204329201256,0.041328222466777614,0.029545973072679442,0.05398570205794256,1.481355136300915,1.3538103328287134,1.6105907972314788,1.549024112630874,1.3987229166919593,1.7050750845764766,0.12325319557586593,0.2503341687552214,0.2503341687552214,0.2355012531328321,0.2662103174603175,0.2355012531328321,0.2662103174603175,0.14444444444444443,0.14444444444444443,0.1305555555555556,0.1583333333333333,0.1305555555555556,0.1583333333333333,0.6091376698530664,0.5894496334037485,0.630257354222823,0.8555555555555556,0.8416666666666666,0.8694444444444441,2,15,15,2,2000,0.9,canonical full-depth matched-fixed summary; existing per-seed 90% interval,paired 30-seed q05/q95 bootstrap conditional on cross-fit source shortlist,True,False,True,executed,a0508ebc02b5efd7a89b4c1df3affc7a29f0ea8f147956e89d53b4ae79bec0c0,ee731ce650d18c68f35018da95d5f7d301f10bdcd7fa2d0a45471266b4316fa1,fit_first15_eval_last15;fit_last15_eval_first15
frangieh_melanoma_ifng,frangieh_melanoma_control,frangieh_melanoma_ifng->frangieh_melanoma_control,frangieh_melanoma_ifng,frangieh_melanoma_control<->frangieh_melanoma_ifng,frangieh_melanoma_control,frangieh_melanoma_ifng,absolute_effect_rank_agreement,full,matched_fixed,0.1,13,139,9591,1638,7953,0.1707851110416015,0.078714419768533,0.0753180933514058,0.0821466305216695,0.07517976922809581,0.082468460014597,0.10734635734635735,0.09754578754578752,0.11736925111925113,0.09754578754578752,0.11736925111925113,0.07281738547298713,0.07007125193847186,0.07567584559285806,0.07007125193847186,0.07567584559285806,0.034528971873370215,0.026059561308523913,0.043022372778596794,1.3637445040186944,1.2827879714498591,1.4407897468819328,1.4741858231943707,1.3621220686335258,1.5846525268445912,0.23290725655120648,0.26947496947496946,0.26947496947496946,0.258266687016687,0.2804685592185592,0.258266687016687,0.2804685592185592,0.15,0.15,0.1346153846153846,0.16666666666666669,0.1346153846153846,0.16666666666666669,0.6131657167774048,0.5959851753169628,0.6291973925000124,0.85,0.8333333333333334,0.8653846153846154,2,15,15,2,2000,0.9,canonical full-depth matched-fixed summary; existing per-seed 90% interval,paired 30-seed q05/q95 bootstrap conditional on cross-fit source shortlist,True,False,True,executed,b9daf051bae2b282be15bbc2c02d24b6b34f7f8dabbb93943b5caa3dd245c949,8939671ff228494bcee2cf1768477749ac967804df026782f856a62722fd6e16,fit_first15_eval_last15;fit_last15_eval_first15
frangieh_melanoma_ifng,frangieh_melanoma_control,frangieh_melanoma_ifng->frangieh_melanoma_control,frangieh_melanoma_ifng,frangieh_melanoma_control<->frangieh_melanoma_ifng,frangieh_melanoma_control,frangieh_melanoma_ifng,absolute_effect_rank_agreement,full,matched_fixed,0.2,27,139,9591,3024,6567,0.3152955896152643,0.078714419768533,0.0753180933514058,0.0821466305216695,0.07535363013936677,0.08230111562923574,0.09028880070546737,0.08307319223985891,0.09767113095238093,0.08307319223985891,0.09767113095238093,0.07338459976650931,0.07084411958783819,0.07592279579716765,0.07084411958783819,0.07592279579716765,0.01690420093895806,0.010612170928596837,0.02316691104431892,1.147042701591016,1.096088740637723,1.195837323413879,1.230350795572134,1.146833070734888,1.3143669366972999,0.3616575049120251,0.24210207231040567,0.24210207231040567,0.23169615299823637,0.25192570546737214,0.23169615299823637,0.25192570546737214,0.3617283950617284,0.3617283950617284,0.34259259259259256,0.3808950617283951,0.34259259259259256,0.3808950617283951,0.4987335173070562,0.47891783221037804,0.5184059306454255,0.6382716049382715,0.6191049382716048,0.6574074074074073,2,15,15,2,2000,0.9,canonical full-depth matched-fixed summary; existing per-seed 90% interval,paired 30-seed q05/q95 bootstrap conditional on cross-fit source shortlist,True,False,True,executed,5df955f922fa315506c806b57b8bd113210d74d8ceab633a4f2f08fdb15c239f,3d7d4c4fff7d3aeec45b932c7b14b618c60cb987c4a188882e1c625cd8547f20,fit_first15_eval_last15;fit_last15_eval_first15
frangieh_melanoma_ifng,frangieh_melanoma_control,frangieh_melanoma_ifng->frangieh_melanoma_control,frangieh_melanoma_ifng,frangieh_melanoma_control<->frangieh_melanoma_ifng,frangieh_melanoma_control,frangieh_melanoma_ifng,absolute_effect_rank_agreement,full,matched_fixed,0.5,69,139,9591,4830,4761,0.5035971223021583,0.078714419768533,0.0753180933514058,0.0821466305216695,0.07507029159281271,0.08218512146804295,0.0611904761904762,0.057097653554175294,0.06511059351276743,0.057097653554175294,0.06511059351276743,0.09649233354337322,0.09182927256178673,0.10119792760624517,0.09182927256178673,0.10119792760624517,-0.03530185735289702,-0.040229041017793385,-0.030329392584591074,0.7773731467552252,0.7460992492310603,0.8085973120647026,0.6341485788917224,0.5932815178337089,0.6771170076885833,0.3914828796609048,0.16442374051069705,0.16442374051069705,0.159826259489303,0.16897860593512767,0.159826259489303,0.16897860593512767,0.7538647342995168,0.7538647342995168,0.7468599033816427,0.7606280193236716,0.7468599033816427,0.7606280193236716,0.30119790237269456,0.2930921900036371,0.30935493246309265,0.2461352657004831,0.23937198067632853,0.2531400966183575,2,15,15,2,2000,0.9,canonical full-depth matched-fixed summary; existing per-seed 90% interval,paired 30-seed q05/q95 bootstrap conditional on cross-fit source shortlist,True,False,False,executed,6bd2bae36d6936fce527f4701cbc295144393ceccdd3bbd82d0a1d8df0ee92df,f3dae5f033be834644b654da0270556dedb050f0a041313faff1478f09865693,fit_first15_eval_last15;fit_last15_eval_first15
